1.2513860410540077e-09,1.2513860410540077e-09,1.2513860410540077e-09,1.7649616841419085e-09,3.1222424404548499e-09,4.3049056243891309e-09,7.8839864264153994e-09,1.1091448792146903e-08,1.5746673761956684e-08,2.0665520466084978e-08,9.0042305291266264e-13,9.0042305291266264e-13,9.0042305291266264e-13,9.0042305291266264e-13,3.8470481642788503e-12,1.4530658791249329e-11,4.1095421879704519e-11,1.3963061676759877e-10,4.6287112621505793e-10,9.8936033559754507e-10,1.6936471631246537e-09,3.0350045663926032e-09,3.7494262986795323e-09,3.9404919590891231e-09,3.8068856013746837e-09,3.5407249494172662e-09,3.0378528194258944e-09,1.2162129904977246e-14,1.2162129904977246e-14,1.2162129904977246e-14,1.4989430787135997e-13,1.7970411710611449e-12,9.4182422097955614e-12,5.3515976400438513e-11,1.8068262964780133e-10,3.3978264786629361e-10,5.4909391576779058e-10,6.4003089973035276e-10,5.9737760202240016e-10,5.1383926296900337e-10,4.8124821442663880e-10,4.3528517937679255e-10,3.5969317179059444e-10,4.1514347714108559e-16,4.1514347714108559e-16,4.1514347714108559e-16,1.4802532342550096e-14,7.1658690905637806e-13,9.6130165722415548e-12,4.7065716220992443e-11,9.6194059115633197e-11,1.1660740298800757e-10,1.2041835172685717e-10,1.1587219995003789e-10,1.0055743011395119e-10,8.6092090683710996e-11,8.9228807315714420e-11,7.3099352943880584e-11,6.4507592954689119e-11,6.8052849699788695e-11,5.0536244132630660e-11,5.2417153760397536e-11,4.5039627838078005e-11,5.1765874133363788e-15,5.1765874133363788e-15,2.4373794094667815e-12,1.9566176632948142e-11,2.8982389277140430e-11,2.6410816439698238e-11,2.7568400288033988e-11,2.3217098453530690e-11,2.1901141715246021e-11,2.3853110487048180e-11,1.8211232100260289e-11,1.7231206856352494e-11,1.8142948529996384e-11,1.6213256415105420e-11,1.6795004306980937e-11,1.0529419959038364e-11,1.9220202716950659e-11,6.7670729211156954e-12,1.4229650439570298e-11,8.0236750087907621e-12,1.0071183304408619e-11,2.5215212428595538e-14,2.5215212428595538e-14,1.1240796877776593e-11,2.1409127845374009e-12,1.0948424874030261e-11,9.0533929729204368e-13,8.5613384592608470e-12,1.7475699256829077e-15,4.5764223489186695e-12,4.5764223489186695e-12,1.5999627033496656e-12,1.5999627033496656e-12,4.8395894262840215e-13,4.8395894262840215e-13,8.2125970186194252e-21,8.2125970186194252e-21,8.2125970186194252e-21
1.2513860410540077e-09,1.2513860410540077e-09,1.2513860410540077e-09,1.7649616841419085e-09,3.1222424404548499e-09,4.3049056243891309e-09,7.8839864264153994e-09,1.1091448792146903e-08,1.5746673761956684e-08,2.0665520466084978e-08,9.0042305291266264e-13,9.0042305291266264e-13,9.0042305291266264e-13,9.0042305291266264e-13,3.8470481642788503e-12,1.4530658791249329e-11,4.1095421879704519e-11,1.3963061676759877e-10,4.6287112621505793e-10,9.8936033559754507e-10,1.6936471631246537e-09,3.0350045663926032e-09,3.7494262986795323e-09,3.9404919590891231e-09,3.8068856013746837e-09,3.5407249494172662e-09,3.0378528194258944e-09,1.2162129904977246e-14,1.2162129904977246e-14,1.2162129904977246e-14,1.4989430787135997e-13,1.7970411710611449e-12,9.4182422097955614e-12,5.3515976400438513e-11,1.8068262964780133e-10,3.3978264786629361e-10,5.4909391576779058e-10,6.4003089973035276e-10,5.9737760202240016e-10,5.1383926296900337e-10,4.8124821442663880e-10,4.3528517937679255e-10,3.5969317179059444e-10,4.1514347714108559e-16,4.1514347714108559e-16,4.1514347714108559e-16,1.4802532342550096e-14,7.1658690905637806e-13,9.6130165722415548e-12,4.7065716220992443e-11,9.6194059115633197e-11,1.1660740298800757e-10,1.2041835172685717e-10,1.1587219995003789e-10,1.0055743011395119e-10,8.6092090683710996e-11,8.9228807315714420e-11,7.3099352943880584e-11,6.4507592954689119e-11,6.8052849699788695e-11,5.0536244132630660e-11,5.2417153760397536e-11,4.5039627838078005e-11,5.1765874133363788e-15,5.1765874133363788e-15,2.4373794094667815e-12,1.9566176632948142e-11,2.8982389277140430e-11,2.6410816439698238e-11,2.7568400288033988e-11,2.3217098453530690e-11,2.1901141715246021e-11,2.3853110487048180e-11,1.8211232100260289e-11,1.7231206856352494e-11,1.8142948529996384e-11,1.6213256415105420e-11,1.6795004306980937e-11,1.0529419959038364e-11,1.9220202716950659e-11,6.7670729211156954e-12,1.4229650439570298e-11,8.0236750087907621e-12,1.0071183304408619e-11,2.5215212428595538e-14,2.5215212428595538e-14,1.1240796877776593e-11,2.1409127845374009e-12,1.0948424874030261e-11,9.0533929729204368e-13,8.5613384592608470e-12,1.7475699256829077e-15,4.5764223489186695e-12,4.5764223489186695e-12,1.5999627033496656e-12,1.5999627033496656e-12,4.8395894262840215e-13,4.8395894262840215e-13,8.2125970186194252e-21,8.2125970186194252e-21,8.2125970186194252e-21
1.2513860410540077e-09,1.2513860410540077e-09,1.2513860410540077e-09,1.7649616841419085e-09,3.1222424404548499e-09,4.3049056243891309e-09,7.8839864264153994e-09,1.1091448792146903e-08,1.5746673761956684e-08,2.0665520466084978e-08,2.4664021415685054e-08,9.0042305291266264e-13,9.0042305291266264e-13,9.0042305291266264e-13,3.8470481642788503e-12,1.4530658791249329e-11,4.1095421879704519e-11,1.3963061676759877e-10,4.6287112621505793e-10,9.8936033559754507e-10,1.6936471631246537e-09,3.0350045663926032e-09,3.7494262986795323e-09,3.9404919590891231e-09,3.8068856013746837e-09,3.5407249494172662e-09,3.0378528194258944e-09,1.2162129904977246e-14,1.2162129904977246e-14,1.2162129904977246e-14,1.4989430787135997e-13,1.7970411710611449e-12,9.4182422097955614e-12,5.3515976400438513e-11,1.8068262964780133e-10,3.3978264786629361e-10,5.4909391576779058e-10,6.4003089973035276e-10,5.9737760202240016e-10,5.1383926296900337e-10,4.8124821442663880e-10,4.3528517937679255e-10,3.5969317179059444e-10,3.1873061173016827e-10,4.1514347714108559e-16,4.1514347714108559e-16,1.4802532342550096e-14,7.1658690905637806e-13,9.6130165722415548e-12,4.7065716220992443e-11,9.6194059115633197e-11,1.1660740298800757e-10,1.2041835172685717e-10,1.1587219995003789e-10,1.0055743011395119e-10,8.6092090683710996e-11,8.9228807315714420e-11,7.3099352943880584e-11,6.4507592954689119e-11,6.8052849699788695e-11,5.0536244132630660e-11,5.2417153760397536e-11,4.5039627838078005e-11,5.1765874133363788e-15,5.1765874133363788e-15,2.4373794094667815e-12,1.9566176632948142e-11,2.8982389277140430e-11,2.6410816439698238e-11,2.7568400288033988e-11,2.3217098453530690e-11,2.1901141715246021e-11,2.3853110487048180e-11,1.8211232100260289e-11,1.7231206856352494e-11,1.8142948529996384e-11,1.6213256415105420e-11,1.6795004306980937e-11,1.0529419959038364e-11,1.9220202716950659e-11,6.7670729211156954e-12,1.4229650439570298e-11,8.0236750087907621e-12,1.0071183304408619e-11,9.2314597268064899e-12,2.5215212428595538e-14,1.1240796877776593e-11,2.1409127845374009e-12,1.0948424874030261e-11,9.0533929729204368e-13,8.5613384592608470e-12,1.7475699256829077e-15,4.5764223489186695e-12,4.5764223489186695e-12,1.5999627033496656e-12,1.5999627033496656e-12,4.8395894262840215e-13,4.8395894262840215e-13,8.2125970186194252e-21,8.2125970186194252e-21,8.2125970186194252e-21
1.2513860410540077e-09,1.2513860410540077e-09,1.2513860410540077e-09,1.7649616841419085e-09,3.1222424404548499e-09,4.3049056243891309e-09,7.8839864264153994e-09,1.1091448792146903e-08,1.5746673761956684e-08,2.0665520466084978e-08,2.4664021415685054e-08,9.0042305291266264e-13,9.0042305291266264e-13,9.0042305291266264e-13,3.8470481642788503e-12,1.4530658791249329e-11,4.1095421879704519e-11,1.3963061676759877e-10,4.6287112621505793e-10,9.8936033559754507e-10,1.6936471631246537e-09,3.0350045663926032e-09,3.7494262986795323e-09,3.9404919590891231e-09,3.8068856013746837e-09,3.5407249494172662e-09,3.0378528194258944e-09,2.7817092136529436e-09,1.2162129904977246e-14,1.2162129904977246e-14,1.4989430787135997e-13,1.7970411710611449e-12,9.4182422097955614e-12,5.3515976400438513e-11,1.8068262964780133e-10,3.3978264786629361e-10,5.4909391576779058e-10,6.4003089973035276e-10,5.9737760202240016e-10,5.1383926296900337e-10,4.8124821442663880e-10,4.3528517937679255e-10,3.5969317179059444e-10,3.1873061173016827e-10,4.1514347714108559e-16,4.1514347714108559e-16,1.4802532342550096e-14,7.1658690905637806e-13,9.6130165722415548e-12,4.7065716220992443e-11,9.6194059115633197e-11,1.1660740298800757e-10,1.2041835172685717e-10,1.1587219995003789e-10,1.0055743011395119e-10,8.6092090683710996e-11,8.9228807315714420e-11,7.3099352943880584e-11,6.4507592954689119e-11,6.8052849699788695e-11,5.0536244132630660e-11,5.2417153760397536e-11,4.5039627838078005e-11,4.2225715457469809e-11,7.1642051311170366e-11,1.4702569609838655e-10,1.9566176632948142e-11,2.8982389277140430e-11,2.6410816439698238e-11,2.7568400288033988e-11,2.3217098453530690e-11,2.1901141715246021e-11,2.3853110487048180e-11,1.8211232100260289e-11,1.7231206856352494e-11,1.8142948529996384e-11,1.6213256415105420e-11,1.6795004306980937e-11,1.0529419959038364e-11,1.9220202716950659e-11,6.7670729211156954e-12,1.4229650439570298e-11,8.0236750087907621e-12,1.0071183304408619e-11,9.2314597268064899e-12,9.2314597268064899e-12,1.1240796877776593e-11,2.1409127845374009e-12,1.0948424874030261e-11,9.0533929729204368e-13,8.5613384592608470e-12,1.7475699256829077e-15,4.5764223489186695e-12,4.5764223489186695e-12,1.5999627033496656e-12,1.5999627033496656e-12,4.8395894262840215e-13,4.8395894262840215e-13,8.2125970186194252e-21,8.2125970186194252e-21,8.2125970186194252e-21
1.2513860410540077e-09,1.2513860410540077e-09,1.2513860410540077e-09,1.7649616841419085e-09,3.1222424404548499e-09,4.3049056243891309e-09,7.8839864264153994e-09,1.1091448792146903e-08,1.5746673761956684e-08,2.0665520466084978e-08,2.4664021415685054e-08,2.3245125253021626e-08,9.0042305291266264e-13,9.0042305291266264e-13,3.8470481642788503e-12,1.4530658791249329e-11,4.1095421879704519e-11,1.3963061676759877e-10,4.6287112621505793e-10,9.8936033559754507e-10,1.6936471631246537e-09,3.0350045663926032e-09,3.7494262986795323e-09,3.9404919590891231e-09,3.8068856013746837e-09,3.5407249494172662e-09,3.0378528194258944e-09,2.7817092136529436e-09,1.2162129904977246e-14,1.2162129904977246e-14,1.4989430787135997e-13,1.7970411710611449e-12,9.4182422097955614e-12,5.3515976400438513e-11,1.8068262964780133e-10,3.3978264786629361e-10,5.4909391576779058e-10,6.4003089973035276e-10,5.9737760202240016e-10,5.1383926296900337e-10,4.8124821442663880e-10,4.3528517937679255e-10,3.5969317179059444e-10,3.1873061173016827e-10,2.9774061094890544e-10,3.1506585730920664e-10,3.7672143837663501e-10,4.3418224952856535e-10,6.2340827977708817e-10,7.9475360103788934e-10,9.6194059115633197e-11,1.1660740298800757e-10,1.2041835172685717e-10,1.1587219995003789e-10,1.0055743011395119e-10,8.6092090683710996e-11,8.9228807315714420e-11,7.3099352943880584e-11,6.4507592954689119e-11,6.8052849699788695e-11,5.0536244132630660e-11,5.2417153760397536e-11,4.5039627838078005e-11,4.2225715457469809e-11,7.1642051311170366e-11,1.4702569609838655e-10,1.4702569609838655e-10,2.8982389277140430e-11,2.6410816439698238e-11,2.7568400288033988e-11,2.3217098453530690e-11,2.1901141715246021e-11,2.3853110487048180e-11,1.8211232100260289e-11,1.7231206856352494e-11,1.8142948529996384e-11,1.6213256415105420e-11,1.6795004306980937e-11,1.0529419959038364e-11,1.9220202716950659e-11,6.7670729211156954e-12,1.4229650439570298e-11,8.0236750087907621e-12,1.0071183304408619e-11,9.2314597268064899e-12,9.2314597268064899e-12,9.2314597268064899e-12,2.1409127845374009e-12,1.0948424874030261e-11,9.0533929729204368e-13,8.5613384592608470e-12,1.7475699256829077e-15,4.5764223489186695e-12,4.5764223489186695e-12,1.5999627033496656e-12,1.5999627033496656e-12,4.8395894262840215e-13,4.8395894262840215e-13,8.2125970186194252e-21,8.2125970186194252e-21,8.2125970186194252e-21
1.2513860410540077e-09,1.2513860410540077e-09,1.2513860410540077e-09,1.7649616841419085e-09,3.1222424404548499e-09,4.3049056243891309e-09,7.8839864264153994e-09,1.1091448792146903e-08,1.5746673761956684e-08,2.0665520466084978e-08,2.4664021415685054e-08,2.3245125253021626e-08,9.0042305291266264e-13,9.0042305291266264e-13,3.8470481642788503e-12,1.4530658791249329e-11,4.1095421879704519e-11,1.3963061676759877e-10,4.6287112621505793e-10,9.8936033559754507e-10,1.6936471631246537e-09,3.0350045663926032e-09,3.7494262986795323e-09,3.9404919590891231e-09,3.8068856013746837e-09,3.5407249494172662e-09,3.0378528194258944e-09,2.7817092136529436e-09,2.5472532569812824e-09,2.4778233360352398e-09,2.5589256961260169e-09,2.5933453397220279e-09,2.8268741549559615e-09,3.1472446585271988e-09,3.5766661185066444e-09,3.8470655665512668e-09,5.4909391576779058e-10,6.4003089973035276e-10,5.9737760202240016e-10,5.1383926296900337e-10,4.8124821442663880e-10,4.3528517937679255e-10,3.5969317179059444e-10,3.1873061173016827e-10,2.9774061094890544e-10,3.1506585730920664e-10,3.7672143837663501e-10,4.3418224952856535e-10,6.2340827977708817e-10,7.9475360103788934e-10,7.9475360103788934e-10,1.1660740298800757e-10,1.2041835172685717e-10,1.1587219995003789e-10,1.0055743011395119e-10,8.6092090683710996e-11,8.9228807315714420e-11,7.3099352943880584e-11,6.4507592954689119e-11,6.8052849699788695e-11,5.0536244132630660e-11,5.2417153760397536e-11,4.5039627838078005e-11,4.2225715457469809e-11,7.1642051311170366e-11,1.4702569609838655e-10,1.4702569609838655e-10,1.4702569609838655e-10,2.6410816439698238e-11,2.7568400288033988e-11,2.3217098453530690e-11,2.1901141715246021e-11,2.3853110487048180e-11,1.8211232100260289e-11,1.7231206856352494e-11,1.8142948529996384e-11,1.6213256415105420e-11,1.6795004306980937e-11,1.0529419959038364e-11,1.9220202716950659e-11,6.7670729211156954e-12,1.4229650439570298e-11,8.0236750087907621e-12,1.0071183304408619e-11,9.2314597268064899e-12,9.2314597268064899e-12,9.2314597268064899e-12,2.1409127845374009e-12,1.0948424874030261e-11,9.0533929729204368e-13,8.5613384592608470e-12,1.7475699256829077e-15,4.5764223489186695e-12,4.5764223489186695e-12,1.5999627033496656e-12,1.5999627033496656e-12,4.8395894262840215e-13,4.8395894262840215e-13,8.2125970186194252e-21,8.2125970186194252e-21,8.2125970186194252e-21
1.2513860410540077e-09,1.2513860410540077e-09,1.2513860410540077e-09,1.7649616841419085e-09,3.1222424404548499e-09,4.3049056243891309e-09,7.8839864264153994e-09,1.1091448792146903e-08,1.5746673761956684e-08,2.0665520466084978e-08,2.4664021415685054e-08,2.3245125253021626e-08,2.5501365438311557e-08,2.4832181875294941e-08,2.3817787248702661e-08,2.3702797318356429e-08,2.1095988110780513e-08,2.1554811922405250e-08,2.0356126071690984e-08,2.1342009312077917e-08,2.0914132565448355e-08,2.0404345674477208e-08,1.8776156737752895e-08,3.9404919590891231e-09,3.8068856013746837e-09,3.5407249494172662e-09,3.0378528194258944e-09,2.7817092136529436e-09,2.5472532569812824e-09,2.4778233360352398e-09,2.5589256961260169e-09,2.5933453397220279e-09,2.8268741549559615e-09,3.1472446585271988e-09,3.5766661185066444e-09,3.8470655665512668e-09,3.8470655665512668e-09,6.4003089973035276e-10,5.9737760202240016e-10,5.1383926296900337e-10,4.8124821442663880e-10,4.3528517937679255e-10,3.5969317179059444e-10,3.1873061173016827e-10,2.9774061094890544e-10,3.1506585730920664e-10,3.7672143837663501e-10,4.3418224952856535e-10,6.2340827977708817e-10,7.9475360103788934e-10,7.9475360103788934e-10,7.9475360103788934e-10,1.2041835172685717e-10,1.1587219995003789e-10,1.0055743011395119e-10,8.6092090683710996e-11,8.9228807315714420e-11,7.3099352943880584e-11,6.4507592954689119e-11,6.8052849699788695e-11,5.0536244132630660e-11,5.2417153760397536e-11,4.5039627838078005e-11,4.2225715457469809e-11,7.1642051311170366e-11,1.4702569609838655e-10,1.4702569609838655e-10,1.4702569609838655e-10,2.6410816439698238e-11,2.7568400288033988e-11,2.3217098453530690e-11,2.1901141715246021e-11,2.3853110487048180e-11,1.8211232100260289e-11,1.7231206856352494e-11,1.8142948529996384e-11,1.6213256415105420e-11,1.6795004306980937e-11,1.0529419959038364e-11,1.9220202716950659e-11,6.7670729211156954e-12,1.4229650439570298e-11,8.0236750087907621e-12,1.0071183304408619e-11,9.2314597268064899e-12,9.2314597268064899e-12,9.2314597268064899e-12,2.1409127845374009e-12,1.0948424874030261e-11,9.0533929729204368e-13,8.5613384592608470e-12,1.7475699256829077e-15,4.5764223489186695e-12,4.5764223489186695e-12,1.5999627033496656e-12,1.5999627033496656e-12,4.8395894262840215e-13,4.8395894262840215e-13,8.2125970186194252e-21,8.2125970186194252e-21,8.2125970186194252e-21
1.2727010305413586e-07,1.2727010305413586e-07,1.4515596902558341e-07,1.6402420379749760e-07,1.5423229166420925e-07,1.4887728818766259e-07,1.3479943559500616e-07,1.2196305930799843e-07,1.1005816045132812e-07,9.5646537391070834e-08,8.1085125619894304e-08,6.6712052308011738e-08,5.2787904533669732e-08,4.2440411373465856e-08,3.2289564601394484e-08,2.3702797318356429e-08,2.1095988110780513e-08,2.1554811922405250e-08,2.0356126071690984e-08,2.1342009312077917e-08,2.0914132565448355e-08,2.0404345674477208e-08,1.8776156737752895e-08,1.8776156737752895e-08,3.8068856013746837e-09,3.5407249494172662e-09,3.0378528194258944e-09,2.7817092136529436e-09,2.5472532569812824e-09,2.4778233360352398e-09,2.5589256961260169e-09,2.5933453397220279e-09,2.8268741549559615e-09,3.1472446585271988e-09,3.5766661185066444e-09,3.8470655665512668e-09,3.8470655665512668e-09,3.8470655665512668e-09,5.9737760202240016e-10,5.1383926296900337e-10,4.8124821442663880e-10,4.3528517937679255e-10,3.5969317179059444e-10,3.1873061173016827e-10,2.9774061094890544e-10,3.1506585730920664e-10,3.7672143837663501e-10,4.3418224952856535e-10,6.2340827977708817e-10,7.9475360103788934e-10,7.9475360103788934e-10,7.9475360103788934e-10,1.2041835172685717e-10,1.1587219995003789e-10,1.0055743011395119e-10,8.6092090683710996e-11,8.9228807315714420e-11,7.3099352943880584e-11,6.4507592954689119e-11,6.8052849699788695e-11,5.0536244132630660e-11,5.2417153760397536e-11,4.5039627838078005e-11,4.2225715457469809e-11,7.1642051311170366e-11,1.4702569609838655e-10,1.4702569609838655e-10,1.4702569609838655e-10,2.6410816439698238e-11,2.7568400288033988e-11,2.3217098453530690e-11,2.1901141715246021e-11,2.3853110487048180e-11,1.8211232100260289e-11,1.7231206856352494e-11,1.8142948529996384e-11,1.6213256415105420e-11,1.6795004306980937e-11,1.0529419959038364e-11,1.9220202716950659e-11,6.7670729211156954e-12,1.4229650439570298e-11,8.0236750087907621e-12,1.0071183304408619e-11,9.2314597268064899e-12,9.2314597268064899e-12,9.2314597268064899e-12,9.2314597268064899e-12,1.0948424874030261e-11,9.0533929729204368e-13,8.5613384592608470e-12,1.7475699256829077e-15,4.5764223489186695e-12,4.5764223489186695e-12,1.5999627033496656e-12,1.5999627033496656e-12,4.8395894262840215e-13,4.8395894262840215e-13,8.2125970186194252e-21,8.2125970186194252e-21,8.2125970186194252e-21
2.4221146849433777e-07,2.4221146849433777e-07,2.6000293071727532e-07,2.4454355979530775e-07,2.0467795818242494e-07,1.6256016175678600e-07,1.2438184715269141e-07,9.6917828671393062e-08,7.3975669581037646e-08,5.8358143745378235e-08,4.6330968012798353e-08,3.4504242484653565e-08,5.2787904533669732e-08,2.3463433865352647e-08,3.2289564601394484e-08,3.2289564601394484e-08,2.1095988110780513e-08,2.1554811922405250e-08,2.0356126071690984e-08,2.1342009312077917e-08,2.0914132565448355e-08,2.0404345674477208e-08,1.8776156737752895e-08,1.8776156737752895e-08,1.8776156737752895e-08,3.5407249494172662e-09,3.0378528194258944e-09,2.7817092136529436e-09,2.5472532569812824e-09,2.4778233360352398e-09,2.5589256961260169e-09,2.5933453397220279e-09,2.8268741549559615e-09,3.1472446585271988e-09,3.5766661185066444e-09,3.8470655665512668e-09,3.8470655665512668e-09,3.8470655665512668e-09,5.9737760202240016e-10,5.1383926296900337e-10,4.8124821442663880e-10,4.3528517937679255e-10,3.5969317179059444e-10,3.1873061173016827e-10,2.9774061094890544e-10,3.1506585730920664e-10,3.7672143837663501e-10,4.3418224952856535e-10,6.2340827977708817e-10,7.9475360103788934e-10,7.9475360103788934e-10,7.9475360103788934e-10,1.2041835172685717e-10,1.1587219995003789e-10,1.0055743011395119e-10,8.6092090683710996e-11,8.9228807315714420e-11,7.3099352943880584e-11,6.4507592954689119e-11,6.8052849699788695e-11,5.0536244132630660e-11,5.2417153760397536e-11,4.5039627838078005e-11,4.2225715457469809e-11,7.1642051311170366e-11,1.4702569609838655e-10,1.4702569609838655e-10,1.4702569609838655e-10,1.4702569609838655e-10,2.7568400288033988e-11,2.3217098453530690e-11,2.1901141715246021e-11,2.3853110487048180e-11,1.8211232100260289e-11,1.7231206856352494e-11,1.8142948529996384e-11,1.6213256415105420e-11,1.6795004306980937e-11,1.0529419959038364e-11,1.9220202716950659e-11,6.7670729211156954e-12,1.4229650439570298e-11,8.0236750087907621e-12,1.0071183304408619e-11,9.2314597268064899e-12,9.2314597268064899e-12,9.2314597268064899e-12,9.2314597268064899e-12,1.0948424874030261e-11,9.0533929729204368e-13,8.5613384592608470e-12,1.7475699256829077e-15,4.5764223489186695e-12,4.5764223489186695e-12,1.5999627033496656e-12,1.5999627033496656e-12,4.8395894262840215e-13,4.8395894262840215e-13,8.2125970186194252e-21,8.2125970186194252e-21,8.2125970186194252e-21
1.8646893639729239e-07,1.8646893639729239e-07,1.9616528635660065e-07,2.0457515674436260e-07,1.8556406233044652e-07,1.4631412474551025e-07,1.0950202611289551e-07,8.1682998664894960e-08,6.1901233516731514e-08,4.7375272568125386e-08,3.6099493537380081e-08,2.7716906400578612e-08,2.7716906400578612e-08,1.9359627570595536e-08,1.9359627570595536e-08,1.5747871355496428e-08,1.5747871355496428e-08,2.1554811922405250e-08,2.0356126071690984e-08,2.1342009312077917e-08,2.0914132565448355e-08,2.0404345674477208e-08,1.8776156737752895e-08,1.8776156737752895e-08,1.8776156737752895e-08,3.5407249494172662e-09,3.0378528194258944e-09,2.7817092136529436e-09,2.5472532569812824e-09,2.4778233360352398e-09,2.5589256961260169e-09,2.5933453397220279e-09,2.8268741549559615e-09,3.1472446585271988e-09,3.5766661185066444e-09,3.8470655665512668e-09,3.8470655665512668e-09,3.8470655665512668e-09,5.9737760202240016e-10,5.1383926296900337e-10,4.8124821442663880e-10,4.3528517937679255e-10,3.5969317179059444e-10,3.1873061173016827e-10,2.9774061094890544e-10,3.1506585730920664e-10,3.7672143837663501e-10,4.3418224952856535e-10,6.2340827977708817e-10,7.9475360103788934e-10,7.9475360103788934e-10,7.9475360103788934e-10,7.9475360103788934e-10,1.1587219995003789e-10,1.0055743011395119e-10,8.6092090683710996e-11,8.9228807315714420e-11,7.3099352943880584e-11,6.4507592954689119e-11,6.8052849699788695e-11,5.0536244132630660e-11,5.2417153760397536e-11,4.5039627838078005e-11,4.2225715457469809e-11,7.1642051311170366e-11,1.4702569609838655e-10,1.4702569609838655e-10,1.4702569609838655e-10,1.4702569609838655e-10,2.7568400288033988e-11,2.3217098453530690e-11,2.1901141715246021e-11,2.3853110487048180e-11,1.8211232100260289e-11,1.7231206856352494e-11,1.8142948529996384e-11,1.6213256415105420e-11,1.6795004306980937e-11,1.0529419959038364e-11,1.9220202716950659e-11,6.7670729211156954e-12,1.4229650439570298e-11,8.0236750087907621e-12,1.0071183304408619e-11,9.2314597268064899e-12,9.2314597268064899e-12,9.2314597268064899e-12,9.2314597268064899e-12,1.0948424874030261e-11,9.0533929729204368e-13,8.5613384592608470e-12,1.7475699256829077e-15,4.5764223489186695e-12,4.5764223489186695e-12,1.5999627033496656e-12,1.5999627033496656e-12,4.8395894262840215e-13,4.8395894262840215e-13,8.2125970186194252e-21,8.2125970186194252e-21,8.2125970186194252e-21
1.8646893639729239e-07,1.8646893639729239e-07,1.3571499190269772e-07,1.4526832351187054e-07,1.5676749637624631e-07,1.4540460965933289e-07,1.1549206184976454e-07,8.5270648814475135e-08,6.2749735165618401e-08,4.7738569717126502e-08,3.6763024033380534e-08,2.9445329105726890e-08,2.3259073853782715e-08,1.6953224881246985e-08,1.5747871355496428e-08,1.5747871355496428e-08,1.5747871355496428e-08,1.3385574474587711e-08,1.3385574474587711e-08,2.1342009312077917e-08,2.0914132565448355e-08,2.0404345674477208e-08,1.8776156737752895e-08,1.8776156737752895e-08,1.8776156737752895e-08,3.5407249494172662e-09,3.0378528194258944e-09,2.7817092136529436e-09,2.5472532569812824e-09,2.4778233360352398e-09,2.5589256961260169e-09,2.5933453397220279e-09,2.8268741549559615e-09,3.1472446585271988e-09,3.5766661185066444e-09,3.8470655665512668e-09,3.8470655665512668e-09,3.8470655665512668e-09,3.8470655665512668e-09,5.1383926296900337e-10,4.8124821442663880e-10,4.3528517937679255e-10,3.5969317179059444e-10,3.1873061173016827e-10,2.9774061094890544e-10,3.1506585730920664e-10,3.7672143837663501e-10,4.3418224952856535e-10,6.2340827977708817e-10,7.9475360103788934e-10,7.9475360103788934e-10,7.9475360103788934e-10,7.9475360103788934e-10,1.1587219995003789e-10,1.0055743011395119e-10,8.6092090683710996e-11,8.9228807315714420e-11,7.3099352943880584e-11,6.4507592954689119e-11,6.8052849699788695e-11,5.0536244132630660e-11,5.2417153760397536e-11,4.5039627838078005e-11,4.2225715457469809e-11,7.1642051311170366e-11,1.4702569609838655e-10,1.4702569609838655e-10,1.4702569609838655e-10,1.4702569609838655e-10,2.7568400288033988e-11,2.3217098453530690e-11,2.1901141715246021e-11,2.3853110487048180e-11,1.8211232100260289e-11,1.7231206856352494e-11,1.8142948529996384e-11,1.6213256415105420e-11,1.6795004306980937e-11,1.0529419959038364e-11,1.9220202716950659e-11,6.7670729211156954e-12,1.4229650439570298e-11,8.0236750087907621e-12,1.0071183304408619e-11,9.2314597268064899e-12,9.2314597268064899e-12,9.2314597268064899e-12,9.2314597268064899e-12,9.2314597268064899e-12,9.0533929729204368e-13,8.5613384592608470e-12,1.7475699256829077e-15,4.5764223489186695e-12,4.5764223489186695e-12,1.5999627033496656e-12,1.5999627033496656e-12,4.8395894262840215e-13,4.8395894262840215e-13,8.2125970186194252e-21,8.2125970186194252e-21,8.2125970186194252e-21
1.3571499190269772e-07,1.3571499190269772e-07,1.3571499190269772e-07,9.9824011529698454e-08,1.0997615573024537e-07,1.2375105615594692e-07,1.1991061346491113e-07,9.6811876306501711e-08,7.1556540377042207e-08,5.2838125642170270e-08,4.0171231247794189e-08,3.0802261408301698e-08,2.4342514004505460e-08,2.0110386818325009e-08,1.4677299121759091e-08,1.4677299121759091e-08,1.3385574474587711e-08,1.3385574474587711e-08,1.2478509046581180e-08,1.2478509046581180e-08,1.1860697535076045e-08,2.0404345674477208e-08,1.8776156737752895e-08,1.8776156737752895e-08,1.8776156737752895e-08,1.8776156737752895e-08,3.0378528194258944e-09,2.7817092136529436e-09,2.5472532569812824e-09,2.4778233360352398e-09,2.5589256961260169e-09,2.5933453397220279e-09,2.8268741549559615e-09,3.1472446585271988e-09,3.5766661185066444e-09,3.8470655665512668e-09,3.8470655665512668e-09,3.8470655665512668e-09,3.8470655665512668e-09,5.1383926296900337e-10,4.8124821442663880e-10,4.3528517937679255e-10,3.5969317179059444e-10,3.1873061173016827e-10,2.9774061094890544e-10,3.1506585730920664e-10,3.7672143837663501e-10,4.3418224952856535e-10,6.2340827977708817e-10,7.9475360103788934e-10,7.9475360103788934e-10,7.9475360103788934e-10,7.9475360103788934e-10,1.1587219995003789e-10,1.0055743011395119e-10,8.6092090683710996e-11,8.9228807315714420e-11,7.3099352943880584e-11,6.4507592954689119e-11,6.8052849699788695e-11,5.0536244132630660e-11,5.2417153760397536e-11,4.5039627838078005e-11,4.2225715457469809e-11,7.1642051311170366e-11,1.4702569609838655e-10,1.4702569609838655e-10,1.4702569609838655e-10,1.4702569609838655e-10,1.4702569609838655e-10,2.3217098453530690e-11,2.1901141715246021e-11,2.3853110487048180e-11,1.8211232100260289e-11,1.7231206856352494e-11,1.8142948529996384e-11,1.6213256415105420e-11,1.6795004306980937e-11,1.0529419959038364e-11,1.9220202716950659e-11,6.7670729211156954e-12,1.4229650439570298e-11,8.0236750087907621e-12,1.0071183304408619e-11,9.2314597268064899e-12,9.2314597268064899e-12,9.2314597268064899e-12,9.2314597268064899e-12,9.2314597268064899e-12,9.0533929729204368e-13,8.5613384592608470e-12,1.7475699256829077e-15,4.5764223489186695e-12,4.5764223489186695e-12,1.5999627033496656e-12,1.5999627033496656e-12,4.8395894262840215e-13,4.8395894262840215e-13,8.2125970186194252e-21,8.2125970186194252e-21,8.2125970186194252e-21
1.3571499190269772e-07,1.3571499190269772e-07,9.9824011529698454e-08,9.9824011529698454e-08,7.8177694172453157e-08,8.7708194017195546e-08,1.0084572546107166e-07,1.0132886364533432e-07,8.3860966766693032e-08,6.2563740630233634e-08,4.6339982785681932e-08,3.5368379977433737e-08,2.7468891133193305e-08,2.1411675018573096e-08,1.8255595027853406e-08,1.3385574474587711e-08,1.3385574474587711e-08,1.2478509046581180e-08,1.2478509046581180e-08,1.1860697535076045e-08,1.1860697535076045e-08,1.1400203950716389e-08,1.1400203950716389e-08,1.1030646429901172e-08,1.8776156737752895e-08,1.8776156737752895e-08,3.0378528194258944e-09,2.7817092136529436e-09,2.5472532569812824e-09,2.4778233360352398e-09,2.5589256961260169e-09,2.5933453397220279e-09,2.8268741549559615e-09,3.1472446585271988e-09,3.5766661185066444e-09,3.8470655665512668e-09,3.8470655665512668e-09,3.8470655665512668e-09,3.8470655665512668e-09,5.1383926296900337e-10,4.8124821442663880e-10,4.3528517937679255e-10,3.5969317179059444e-10,3.1873061173016827e-10,2.9774061094890544e-10,3.1506585730920664e-10,3.7672143837663501e-10,4.3418224952856535e-10,6.2340827977708817e-10,7.9475360103788934e-10,7.9475360103788934e-10,7.9475360103788934e-10,7.9475360103788934e-10,7.9475360103788934e-10,1.0055743011395119e-10,8.6092090683710996e-11,8.9228807315714420e-11,7.3099352943880584e-11,6.4507592954689119e-11,6.8052849699788695e-11,5.0536244132630660e-11,5.2417153760397536e-11,4.5039627838078005e-11,4.2225715457469809e-11,7.1642051311170366e-11,1.4702569609838655e-10,1.4702569609838655e-10,1.4702569609838655e-10,1.4702569609838655e-10,1.4702569609838655e-10,2.3217098453530690e-11,2.1901141715246021e-11,2.3853110487048180e-11,1.8211232100260289e-11,1.7231206856352494e-11,1.8142948529996384e-11,1.6213256415105420e-11,1.6795004306980937e-11,1.0529419959038364e-11,1.9220202716950659e-11,6.7670729211156954e-12,1.4229650439570298e-11,8.0236750087907621e-12,1.0071183304408619e-11,9.2314597268064899e-12,9.2314597268064899e-12,9.2314597268064899e-12,9.2314597268064899e-12,9.2314597268064899e-12,9.0533929729204368e-13,8.5613384592608470e-12,1.7475699256829077e-15,4.5764223489186695e-12,4.5764223489186695e-12,1.5999627033496656e-12,1.5999627033496656e-12,4.8395894262840215e-13,4.8395894262840215e-13,8.2125970186194252e-21,8.2125970186194252e-21,8.2125970186194252e-21
9.9824011529698454e-08,9.9824011529698454e-08,9.9824011529698454e-08,7.8177694172453157e-08,7.8177694172453157e-08,6.2630210923880362e-08,7.1786603710719719e-08,8.4575924558476011e-08,8.7549448794946849e-08,7.4488637315963518e-08,5.6529946231937910e-08,4.2095784544288952e-08,3.2034503378570013e-08,2.4817854007814670e-08,1.9523666161738390e-08,1.7036948944875710e-08,1.2478509046581180e-08,1.2478509046581180e-08,1.1860697535076045e-08,1.1860697535076045e-08,1.1400203950716389e-08,1.1400203950716389e-08,1.1030646429901172e-08,1.1030646429901172e-08,1.0746214630827014e-08,1.0746214630827014e-08,1.0488777340232549e-08,1.0488777340232549e-08,2.5472532569812824e-09,2.4778233360352398e-09,2.5589256961260169e-09,2.5933453397220279e-09,2.8268741549559615e-09,3.1472446585271988e-09,3.5766661185066444e-09,3.8470655665512668e-09,3.8470655665512668e-09,3.8470655665512668e-09,3.8470655665512668e-09,3.8470655665512668e-09,4.8124821442663880e-10,4.3528517937679255e-10,3.5969317179059444e-10,3.1873061173016827e-10,2.9774061094890544e-10,3.1506585730920664e-10,3.7672143837663501e-10,4.3418224952856535e-10,6.2340827977708817e-10,7.9475360103788934e-10,7.9475360103788934e-10,7.9475360103788934e-10,7.9475360103788934e-10,7.9475360103788934e-10,1.0055743011395119e-10,8.6092090683710996e-11,8.9228807315714420e-11,7.3099352943880584e-11,6.4507592954689119e-11,6.8052849699788695e-11,5.0536244132630660e-11,5.2417153760397536e-11,4.5039627838078005e-11,4.2225715457469809e-11,7.1642051311170366e-11,1.4702569609838655e-10,1.4702569609838655e-10,1.4702569609838655e-10,1.4702569609838655e-10,1.4702569609838655e-10,2.3217098453530690e-11,2.1901141715246021e-11,2.3853110487048180e-11,1.8211232100260289e-11,1.7231206856352494e-11,1.8142948529996384e-11,1.6213256415105420e-11,1.6795004306980937e-11,1.0529419959038364e-11,1.9220202716950659e-11,6.7670729211156954e-12,1.4229650439570298e-11,8.0236750087907621e-12,1.0071183304408619e-11,9.2314597268064899e-12,9.2314597268064899e-12,9.2314597268064899e-12,9.2314597268064899e-12,9.2314597268064899e-12,9.0533929729204368e-13,8.5613384592608470e-12,1.7475699256829077e-15,4.5764223489186695e-12,4.5764223489186695e-12,1.5999627033496656e-12,1.5999627033496656e-12,4.8395894262840215e-13,4.8395894262840215e-13,8.2125970186194252e-21,8.2125970186194252e-21,8.2125970186194252e-21
9.9824011529698454e-08,9.9824011529698454e-08,7.8177694172453157e-08,7.8177694172453157e-08,6.2630210923880362e-08,6.2630210923880362e-08,5.1493592424410715e-08,5.9300974407873755e-08,7.1689826296659492e-08,7.7060839805388681e-08,6.7935272942381858e-08,5.2272473592031788e-08,3.9137377168594357e-08,2.9801839413957951e-08,2.3138461155796186e-08,1.8262256744183100e-08,1.6134116942418765e-08,1.1860697535076045e-08,1.1860697535076045e-08,1.1400203950716389e-08,1.1400203950716389e-08,1.1030646429901172e-08,1.1030646429901172e-08,1.0746214630827014e-08,1.0746214630827014e-08,1.0488777340232549e-08,1.0488777340232549e-08,1.0272976116029418e-08,1.0272976116029418e-08,1.0272976116029418e-08,2.5589256961260169e-09,2.5933453397220279e-09,2.8268741549559615e-09,3.1472446585271988e-09,3.5766661185066444e-09,3.8470655665512668e-09,3.8470655665512668e-09,3.8470655665512668e-09,3.8470655665512668e-09,3.8470655665512668e-09,4.8124821442663880e-10,4.3528517937679255e-10,3.5969317179059444e-10,3.1873061173016827e-10,2.9774061094890544e-10,3.1506585730920664e-10,3.7672143837663501e-10,4.3418224952856535e-10,6.2340827977708817e-10,7.9475360103788934e-10,7.9475360103788934e-10,7.9475360103788934e-10,7.9475360103788934e-10,7.9475360103788934e-10,1.0055743011395119e-10,8.6092090683710996e-11,8.9228807315714420e-11,7.3099352943880584e-11,6.4507592954689119e-11,6.8052849699788695e-11,5.0536244132630660e-11,5.2417153760397536e-11,4.5039627838078005e-11,4.2225715457469809e-11,7.1642051311170366e-11,1.4702569609838655e-10,1.4702569609838655e-10,1.4702569609838655e-10,1.4702569609838655e-10,1.4702569609838655e-10,2.3217098453530690e-11,2.1901141715246021e-11,2.3853110487048180e-11,1.8211232100260289e-11,1.7231206856352494e-11,1.8142948529996384e-11,1.6213256415105420e-11,1.6795004306980937e-11,1.0529419959038364e-11,1.9220202716950659e-11,6.7670729211156954e-12,1.4229650439570298e-11,8.0236750087907621e-12,1.0071183304408619e-11,9.2314597268064899e-12,9.2314597268064899e-12,9.2314597268064899e-12,9.2314597268064899e-12,9.2314597268064899e-12,9.0533929729204368e-13,8.5613384592608470e-12,1.7475699256829077e-15,4.5764223489186695e-12,4.5764223489186695e-12,1.5999627033496656e-12,1.5999627033496656e-12,4.8395894262840215e-13,4.8395894262840215e-13,8.2125970186194252e-21,8.2125970186194252e-21,8.2125970186194252e-21
7.8177694172453157e-08,7.8177694172453157e-08,7.8177694172453157e-08,6.2630210923880362e-08,6.2630210923880362e-08,5.1493592424410715e-08,5.1493592424410715e-08,4.2298463487287167e-08,4.9904743664269307e-08,6.2266399861447491e-08,6.9616685600561543e-08,6.2963563522624474e-08,4.9182327042175125e-08,3.6888136202318521e-08,2.8156306934355535e-08,2.1643130941941572e-08,1.7283718979981059e-08,1.1860697535076045e-08,1.1400203950716389e-08,1.1400203950716389e-08,1.1030646429901172e-08,1.1030646429901172e-08,1.0746214630827014e-08,1.0746214630827014e-08,1.0488777340232549e-08,1.0488777340232549e-08,1.0272976116029418e-08,1.0272976116029418e-08,1.0272976116029418e-08,1.0272976116029418e-08,1.0272976116029418e-08,1.0272976116029418e-08,2.8268741549559615e-09,3.1472446585271988e-09,3.5766661185066444e-09,3.8470655665512668e-09,3.8470655665512668e-09,3.8470655665512668e-09,3.8470655665512668e-09,3.8470655665512668e-09,4.8124821442663880e-10,4.3528517937679255e-10,3.5969317179059444e-10,3.1873061173016827e-10,2.9774061094890544e-10,3.1506585730920664e-10,3.7672143837663501e-10,4.3418224952856535e-10,6.2340827977708817e-10,7.9475360103788934e-10,7.9475360103788934e-10,7.9475360103788934e-10,7.9475360103788934e-10,7.9475360103788934e-10,1.0055743011395119e-10,8.6092090683710996e-11,8.9228807315714420e-11,7.3099352943880584e-11,6.4507592954689119e-11,6.8052849699788695e-11,5.0536244132630660e-11,5.2417153760397536e-11,4.5039627838078005e-11,4.2225715457469809e-11,7.1642051311170366e-11,1.4702569609838655e-10,1.4702569609838655e-10,1.4702569609838655e-10,1.4702569609838655e-10,1.4702569609838655e-10,2.3217098453530690e-11,2.1901141715246021e-11,2.3853110487048180e-11,1.8211232100260289e-11,1.7231206856352494e-11,1.8142948529996384e-11,1.6213256415105420e-11,1.6795004306980937e-11,1.0529419959038364e-11,1.9220202716950659e-11,6.7670729211156954e-12,1.4229650439570298e-11,8.0236750087907621e-12,1.0071183304408619e-11,9.2314597268064899e-12,9.2314597268064899e-12,9.2314597268064899e-12,9.2314597268064899e-12,9.2314597268064899e-12,9.2314597268064899e-12,8.5613384592608470e-12,1.7475699256829077e-15,4.5764223489186695e-12,4.5764223489186695e-12,1.5999627033496656e-12,1.5999627033496656e-12,4.8395894262840215e-13,4.8395894262840215e-13,8.2125970186194252e-21,8.2125970186194252e-21,8.2125970186194252e-21
7.8177694172453157e-08,7.8177694172453157e-08,6.2630210923880362e-08,6.2630210923880362e-08,5.1493592424410715e-08,5.1493592424410715e-08,4.2298463487287167e-08,4.2298463487287167e-08,3.6371455789803118e-08,4.3823612394946825e-08,5.6136251732438711e-08,6.4356404584333190e-08,5.8787043767832282e-08,4.5926693142215061e-08,3.4601509406912583e-08,2.6528388796872641e-08,2.0603868355482997e-08,1.6385766392034919e-08,1.3722004279458996e-08,1.1030646429901172e-08,1.1030646429901172e-08,1.0746214630827014e-08,1.0746214630827014e-08,1.0488777340232549e-08,1.0488777340232549e-08,1.0272976116029418e-08,1.0272976116029418e-08,1.0272976116029418e-08,1.0272976116029418e-08,1.0272976116029418e-08,9.7995950746133671e-09,9.7995950746133671e-09,9.6416216754115366e-09,9.6416216754115366e-09,3.5766661185066444e-09,3.8470655665512668e-09,3.8470655665512668e-09,3.8470655665512668e-09,3.8470655665512668e-09,3.8470655665512668e-09,4.8124821442663880e-10,4.3528517937679255e-10,3.5969317179059444e-10,3.1873061173016827e-10,2.9774061094890544e-10,3.1506585730920664e-10,3.7672143837663501e-10,4.3418224952856535e-10,6.2340827977708817e-10,7.9475360103788934e-10,7.9475360103788934e-10,7.9475360103788934e-10,7.9475360103788934e-10,7.9475360103788934e-10,1.0055743011395119e-10,8.6092090683710996e-11,8.9228807315714420e-11,7.3099352943880584e-11,6.4507592954689119e-11,6.8052849699788695e-11,5.0536244132630660e-11,5.2417153760397536e-11,4.5039627838078005e-11,4.2225715457469809e-11,7.1642051311170366e-11,1.4702569609838655e-10,1.4702569609838655e-10,1.4702569609838655e-10,1.4702569609838655e-10,1.4702569609838655e-10,1.4702569609838655e-10,2.1901141715246021e-11,2.3853110487048180e-11,1.8211232100260289e-11,1.7231206856352494e-11,1.8142948529996384e-11,1.6213256415105420e-11,1.6795004306980937e-11,1.0529419959038364e-11,1.9220202716950659e-11,6.7670729211156954e-12,1.4229650439570298e-11,8.0236750087907621e-12,1.0071183304408619e-11,9.2314597268064899e-12,9.2314597268064899e-12,9.2314597268064899e-12,9.2314597268064899e-12,9.2314597268064899e-12,9.2314597268064899e-12,8.5613384592608470e-12,1.7475699256829077e-15,4.5764223489186695e-12,4.5764223489186695e-12,1.5999627033496656e-12,1.5999627033496656e-12,4.8395894262840215e-13,4.8395894262840215e-13,8.2125970186194252e-21,8.2125970186194252e-21,8.2125970186194252e-21
6.2630210923880362e-08,6.2630210923880362e-08,6.2630210923880362e-08,5.1493592424410715e-08,5.1493592424410715e-08,4.2298463487287167e-08,4.2298463487287167e-08,3.6371455789803118e-08,3.6371455789803118e-08,3.1932468320749448e-08,3.9456057575142274e-08,5.1897134728156222e-08,6.0408413137600247e-08,5.5626440907721362e-08,4.3761990632752003e-08,3.2651397402734020e-08,2.5109235799786623e-08,1.9655245344688998e-08,1.5326458910700901e-08,1.1030646429901172e-08,1.0746214630827014e-08,1.0746214630827014e-08,1.0488777340232549e-08,1.0488777340232549e-08,1.0272976116029418e-08,1.0272976116029418e-08,1.0272976116029418e-08,1.0272976116029418e-08,1.0272976116029418e-08,9.7995950746133671e-09,9.7995950746133671e-09,9.6416216754115366e-09,9.6416216754115366e-09,9.4778800062260581e-09,9.4778800062260581e-09,9.3190034384258879e-09,3.8470655665512668e-09,3.8470655665512668e-09,3.8470655665512668e-09,3.8470655665512668e-09,4.8124821442663880e-10,4.3528517937679255e-10,3.5969317179059444e-10,3.1873061173016827e-10,2.9774061094890544e-10,3.1506585730920664e-10,3.7672143837663501e-10,4.3418224952856535e-10,6.2340827977708817e-10,7.9475360103788934e-10,7.9475360103788934e-10,7.9475360103788934e-10,7.9475360103788934e-10,7.9475360103788934e-10,7.9475360103788934e-10,8.6092090683710996e-11,8.9228807315714420e-11,7.3099352943880584e-11,6.4507592954689119e-11,6.8052849699788695e-11,5.0536244132630660e-11,5.2417153760397536e-11,4.5039627838078005e-11,4.2225715457469809e-11,7.1642051311170366e-11,1.4702569609838655e-10,1.4702569609838655e-10,1.4702569609838655e-10,1.4702569609838655e-10,1.4702569609838655e-10,1.4702569609838655e-10,2.1901141715246021e-11,2.3853110487048180e-11,1.8211232100260289e-11,1.7231206856352494e-11,1.8142948529996384e-11,1.6213256415105420e-11,1.6795004306980937e-11,1.0529419959038364e-11,1.9220202716950659e-11,6.7670729211156954e-12,1.4229650439570298e-11,8.0236750087907621e-12,1.0071183304408619e-11,9.2314597268064899e-12,9.2314597268064899e-12,9.2314597268064899e-12,9.2314597268064899e-12,9.2314597268064899e-12,9.2314597268064899e-12,8.5613384592608470e-12,1.7475699256829077e-15,4.5764223489186695e-12,4.5764223489186695e-12,1.5999627033496656e-12,1.5999627033496656e-12,4.8395894262840215e-13,4.8395894262840215e-13,8.2125970186194252e-21,8.2125970186194252e-21,8.2125970186194252e-21
6.2630210923880362e-08,6.2630210923880362e-08,5.1493592424410715e-08,5.1493592424410715e-08,4.2298463487287167e-08,4.2298463487287167e-08,3.6371455789803118e-08,3.6371455789803118e-08,3.1932468320749448e-08,3.1932468320749448e-08,2.8731371352526996e-08,3.6153413676963821e-08,4.8487096730131052e-08,5.7259135064482550e-08,5.3205848568229033e-08,4.2014639768847793e-08,3.1350190149284389e-08,2.4268694710973180e-08,1.9070624213705686e-08,1.4858768714048101e-08,1.1208373572223108e-08,1.0488777340232549e-08,1.0488777340232549e-08,1.0272976116029418e-08,1.0272976116029418e-08,1.0272976116029418e-08,1.0272976116029418e-08,9.9722974976580751e-09,9.7995950746133671e-09,9.7995950746133671e-09,9.6416216754115366e-09,9.6416216754115366e-09,9.4778800062260581e-09,9.4778800062260581e-09,9.3190034384258879e-09,9.3190034384258879e-09,9.3190034384258879e-09,9.3190034384258879e-09,9.3190034384258879e-09,3.8470655665512668e-09,3.8470655665512668e-09,4.3528517937679255e-10,3.5969317179059444e-10,3.1873061173016827e-10,2.9774061094890544e-10,3.1506585730920664e-10,3.7672143837663501e-10,4.3418224952856535e-10,6.2340827977708817e-10,7.9475360103788934e-10,7.9475360103788934e-10,7.9475360103788934e-10,7.9475360103788934e-10,7.9475360103788934e-10,7.9475360103788934e-10,8.6092090683710996e-11,8.9228807315714420e-11,7.3099352943880584e-11,6.4507592954689119e-11,6.8052849699788695e-11,5.0536244132630660e-11,5.2417153760397536e-11,4.5039627838078005e-11,4.2225715457469809e-11,7.1642051311170366e-11,1.4702569609838655e-10,1.4702569609838655e-10,1.4702569609838655e-10,1.4702569609838655e-10,1.4702569609838655e-10,1.4702569609838655e-10,2.1901141715246021e-11,2.3853110487048180e-11,1.8211232100260289e-11,1.7231206856352494e-11,1.8142948529996384e-11,1.6213256415105420e-11,1.6795004306980937e-11,1.0529419959038364e-11,1.9220202716950659e-11,6.7670729211156954e-12,1.4229650439570298e-11,8.0236750087907621e-12,1.0071183304408619e-11,9.2314597268064899e-12,9.2314597268064899e-12,9.2314597268064899e-12,9.2314597268064899e-12,9.2314597268064899e-12,9.2314597268064899e-12,8.5613384592608470e-12,1.7475699256829077e-15,4.5764223489186695e-12,4.5764223489186695e-12,1.5999627033496656e-12,1.5999627033496656e-12,4.8395894262840215e-13,4.8395894262840215e-13,8.2125970186194252e-21,8.2125970186194252e-21,8.2125970186194252e-21
5.1493592424410715e-08,5.1493592424410715e-08,5.1493592424410715e-08,4.2298463487287167e-08,4.2298463487287167e-08,3.6371455789803118e-08,3.6371455789803118e-08,3.1932468320749448e-08,3.1932468320749448e-08,2.8731371352526996e-08,2.8731371352526996e-08,2.6310437153504015e-08,3.3791929034693553e-08,4.6257587258259506e-08,5.5074550157818805e-08,5.1111541990491288e-08,4.0338602327499817e-08,3.0112788732935682e-08,2.3386795291533488e-08,1.8289414298352895e-08,1.4060274336459461e-08,1.0368268963664873e-08,1.0272976116029418e-08,1.0272976116029418e-08,1.0272976116029418e-08,9.9722974976580751e-09,9.9722974976580751e-09,9.7995950746133671e-09,9.7995950746133671e-09,9.6416216754115366e-09,9.6416216754115366e-09,9.4778800062260581e-09,9.4778800062260581e-09,9.3190034384258879e-09,9.3190034384258879e-09,9.3190034384258879e-09,9.3190034384258879e-09,9.3190034384258879e-09,9.3190034384258879e-09,9.3190034384258879e-09,8.7938359704335654e-09,8.7938359704335654e-09,3.5969317179059444e-10,3.1873061173016827e-10,2.9774061094890544e-10,3.1506585730920664e-10,3.7672143837663501e-10,4.3418224952856535e-10,6.2340827977708817e-10,7.9475360103788934e-10,7.9475360103788934e-10,7.9475360103788934e-10,7.9475360103788934e-10,7.9475360103788934e-10,7.9475360103788934e-10,8.6092090683710996e-11,8.9228807315714420e-11,7.3099352943880584e-11,6.4507592954689119e-11,6.8052849699788695e-11,5.0536244132630660e-11,5.2417153760397536e-11,4.5039627838078005e-11,4.2225715457469809e-11,7.1642051311170366e-11,1.4702569609838655e-10,1.4702569609838655e-10,1.4702569609838655e-10,1.4702569609838655e-10,1.4702569609838655e-10,1.4702569609838655e-10,2.1901141715246021e-11,2.3853110487048180e-11,1.8211232100260289e-11,1.7231206856352494e-11,1.8142948529996384e-11,1.6213256415105420e-11,1.6795004306980937e-11,1.0529419959038364e-11,1.9220202716950659e-11,6.7670729211156954e-12,1.4229650439570298e-11,8.0236750087907621e-12,1.0071183304408619e-11,9.2314597268064899e-12,9.2314597268064899e-12,9.2314597268064899e-12,9.2314597268064899e-12,9.2314597268064899e-12,9.2314597268064899e-12,8.5613384592608470e-12,1.7475699256829077e-15,4.5764223489186695e-12,4.5764223489186695e-12,1.5999627033496656e-12,1.5999627033496656e-12,4.8395894262840215e-13,4.8395894262840215e-13,8.2125970186194252e-21,8.2125970186194252e-21,8.2125970186194252e-21
5.1493592424410715e-08,5.1493592424410715e-08,4.2298463487287167e-08,4.2298463487287167e-08,3.6371455789803118e-08,3.6371455789803118e-08,3.1932468320749448e-08,3.1932468320749448e-08,2.8731371352526996e-08,2.8731371352526996e-08,2.6310437153504015e-08,2.6310437153504015e-08,2.5046420618350826e-08,3.2346816799771737e-08,4.5280851895908928e-08,5.3501911475801673e-08,4.8983791283369142e-08,3.8325922866700513e-08,2.8581043930376341e-08,2.2218808876789440e-08,1.7598270643620940e-08,1.3795905224293763e-08,1.0164899031553367e-08,1.0164899031553367e-08,9.9722974976580751e-09,9.9722974976580751e-09,9.7995950746133671e-09,9.7995950746133671e-09,9.6416216754115366e-09,9.6416216754115366e-09,9.4778800062260581e-09,9.4778800062260581e-09,9.3190034384258879e-09,9.3190034384258879e-09,9.3190034384258879e-09,9.3190034384258879e-09,9.3190034384258879e-09,9.3190034384258879e-09,8.9326871822129310e-09,8.7938359704335654e-09,8.7938359704335654e-09,8.6396495682447256e-09,8.6396495682447256e-09,8.6396495682447256e-09,2.9774061094890544e-10,3.1506585730920664e-10,3.7672143837663501e-10,4.3418224952856535e-10,6.2340827977708817e-10,7.9475360103788934e-10,7.9475360103788934e-10,7.9475360103788934e-10,7.9475360103788934e-10,7.9475360103788934e-10,7.9475360103788934e-10,8.6092090683710996e-11,8.9228807315714420e-11,7.3099352943880584e-11,6.4507592954689119e-11,6.8052849699788695e-11,5.0536244132630660e-11,5.2417153760397536e-11,4.5039627838078005e-11,4.2225715457469809e-11,7.1642051311170366e-11,1.4702569609838655e-10,1.4702569609838655e-10,1.4702569609838655e-10,1.4702569609838655e-10,1.4702569609838655e-10,1.4702569609838655e-10,2.1901141715246021e-11,2.3853110487048180e-11,1.8211232100260289e-11,1.7231206856352494e-11,1.8142948529996384e-11,1.6213256415105420e-11,1.6795004306980937e-11,1.0529419959038364e-11,1.9220202716950659e-11,6.7670729211156954e-12,1.4229650439570298e-11,8.0236750087907621e-12,1.0071183304408619e-11,9.2314597268064899e-12,9.2314597268064899e-12,9.2314597268064899e-12,9.2314597268064899e-12,9.2314597268064899e-12,9.2314597268064899e-12,9.2314597268064899e-12,1.7475699256829077e-15,4.5764223489186695e-12,4.5764223489186695e-12,1.5999627033496656e-12,1.5999627033496656e-12,4.8395894262840215e-13,4.8395894262840215e-13,8.2125970186194252e-21,8.2125970186194252e-21,8.2125970186194252e-21
4.2298463487287167e-08,4.2298463487287167e-08,4.2298463487287167e-08,3.6371455789803118e-08,3.6371455789803118e-08,3.1932468320749448e-08,3.1932468320749448e-08,2.8731371352526996e-08,2.8731371352526996e-08,2.6310437153504015e-08,2.6310437153504015e-08,2.5046420618350826e-08,2.5046420618350826e-08,2.3943715292809461e-08,3.1803965215873411e-08,4.4795250967104816e-08,5.2258450193121250e-08,4.6945923036396835e-08,3.6425088977065156e-08,2.7260578692766691e-08,2.0997394573242000e-08,1.6572101716242163e-08,1.3536373204867114e-08,9.9722974976580751e-09,9.9722974976580751e-09,9.7995950746133671e-09,9.7995950746133671e-09,9.6416216754115366e-09,9.6416216754115366e-09,9.4778800062260581e-09,9.4778800062260581e-09,9.3190034384258879e-09,9.3190034384258879e-09,9.3190034384258879e-09,9.3190034384258879e-09,9.3190034384258879e-09,9.3190034384258879e-09,8.9326871822129310e-09,8.7938359704335654e-09,8.7938359704335654e-09,8.6396495682447256e-09,8.6396495682447256e-09,8.6396495682447256e-09,8.6396495682447256e-09,8.6396495682447256e-09,8.6396495682447256e-09,3.7672143837663501e-10,4.3418224952856535e-10,6.2340827977708817e-10,7.9475360103788934e-10,7.9475360103788934e-10,7.9475360103788934e-10,7.9475360103788934e-10,7.9475360103788934e-10,7.9475360103788934e-10,8.6092090683710996e-11,8.9228807315714420e-11,7.3099352943880584e-11,6.4507592954689119e-11,6.8052849699788695e-11,5.0536244132630660e-11,5.2417153760397536e-11,4.5039627838078005e-11,4.2225715457469809e-11,7.1642051311170366e-11,1.4702569609838655e-10,1.4702569609838655e-10,1.4702569609838655e-10,1.4702569609838655e-10,1.4702569609838655e-10,1.4702569609838655e-10,1.4702569609838655e-10,2.3853110487048180e-11,1.8211232100260289e-11,1.7231206856352494e-11,1.8142948529996384e-11,1.6213256415105420e-11,1.6795004306980937e-11,1.0529419959038364e-11,1.9220202716950659e-11,6.7670729211156954e-12,1.4229650439570298e-11,8.0236750087907621e-12,1.0071183304408619e-11,9.2314597268064899e-12,9.2314597268064899e-12,9.2314597268064899e-12,9.2314597268064899e-12,9.2314597268064899e-12,9.2314597268064899e-12,9.2314597268064899e-12,1.7475699256829077e-15,4.5764223489186695e-12,4.5764223489186695e-12,1.5999627033496656e-12,1.5999627033496656e-12,4.8395894262840215e-13,4.8395894262840215e-13,8.2125970186194252e-21,8.2125970186194252e-21,8.2125970186194252e-21
4.2298463487287167e-08,4.2298463487287167e-08,3.6371455789803118e-08,3.6371455789803118e-08,3.1932468320749448e-08,3.1932468320749448e-08,2.8731371352526996e-08,2.8731371352526996e-08,2.6310437153504015e-08,2.6310437153504015e-08,2.5046420618350826e-08,2.0214253514137984e-08,2.0214253514137984e-08,2.0214253514137984e-08,2.3580806763707658e-08,3.1287084080683026e-08,4.3988515623706052e-08,5.0898714851332010e-08,4.5313855891702316e-08,3.5024999641640581e-08,2.6358605518244107e-08,1.9882811858055267e-08,1.5398583176849793e-08,1.3277975717979777e-08,9.7995950746133671e-09,9.7995950746133671e-09,9.6416216754115366e-09,9.6416216754115366e-09,9.4778800062260581e-09,9.4778800062260581e-09,9.3190034384258879e-09,9.3190034384258879e-09,9.3190034384258879e-09,9.3190034384258879e-09,9.3190034384258879e-09,8.9326871822129310e-09,8.9326871822129310e-09,8.7938359704335654e-09,8.7938359704335654e-09,8.6396495682447256e-09,8.6396495682447256e-09,8.6396495682447256e-09,8.6396495682447256e-09,8.6396495682447256e-09,8.6396495682447256e-09,8.6396495682447256e-09,8.1277524942988038e-09,8.1277524942988038e-09,6.2340827977708817e-10,7.9475360103788934e-10,7.9475360103788934e-10,7.9475360103788934e-10,7.9475360103788934e-10,7.9475360103788934e-10,7.9475360103788934e-10,7.9475360103788934e-10,8.9228807315714420e-11,7.3099352943880584e-11,6.4507592954689119e-11,6.8052849699788695e-11,5.0536244132630660e-11,5.2417153760397536e-11,4.5039627838078005e-11,4.2225715457469809e-11,7.1642051311170366e-11,1.4702569609838655e-10,1.4702569609838655e-10,1.4702569609838655e-10,1.4702569609838655e-10,1.4702569609838655e-10,1.4702569609838655e-10,1.4702569609838655e-10,2.3853110487048180e-11,1.8211232100260289e-11,1.7231206856352494e-11,1.8142948529996384e-11,1.6213256415105420e-11,1.6795004306980937e-11,1.0529419959038364e-11,1.9220202716950659e-11,6.7670729211156954e-12,1.4229650439570298e-11,8.0236750087907621e-12,1.0071183304408619e-11,9.2314597268064899e-12,9.2314597268064899e-12,9.2314597268064899e-12,9.2314597268064899e-12,9.2314597268064899e-12,9.2314597268064899e-12,9.2314597268064899e-12,1.7475699256829077e-15,4.5764223489186695e-12,4.5764223489186695e-12,1.5999627033496656e-12,1.5999627033496656e-12,4.8395894262840215e-13,4.8395894262840215e-13,8.2125970186194252e-21,8.2125970186194252e-21,8.2125970186194252e-21
3.6371455789803118e-08,3.6371455789803118e-08,3.6371455789803118e-08,3.1932468320749448e-08,3.1932468320749448e-08,2.8731371352526996e-08,2.8731371352526996e-08,2.6310437153504015e-08,2.6310437153504015e-08,2.0214253514137984e-08,2.0214253514137984e-08,2.0214253514137984e-08,2.0214253514137984e-08,2.0214253514137984e-08,1.9513241736266440e-08,2.2989129366628917e-08,3.0887891241311177e-08,4.3880620855277588e-08,4.9985631058837264e-08,4.3598922092123741e-08,3.3774162762635326e-08,2.5402476418345795e-08,1.9146767590730109e-08,1.4807535622283099e-08,1.3051969000237725e-08,9.6416216754115366e-09,9.6416216754115366e-09,9.4778800062260581e-09,9.4778800062260581e-09,9.3190034384258879e-09,9.3190034384258879e-09,9.3190034384258879e-09,9.3190034384258879e-09,9.3190034384258879e-09,8.9326871822129310e-09,8.9326871822129310e-09,8.7938359704335654e-09,8.7938359704335654e-09,8.6396495682447256e-09,8.6396495682447256e-09,8.6396495682447256e-09,8.6396495682447256e-09,8.6396495682447256e-09,8.6396495682447256e-09,8.6396495682447256e-09,8.1277524942988038e-09,8.1277524942988038e-09,7.9763155085056693e-09,7.9763155085056693e-09,7.8305463229949693e-09,7.9475360103788934e-10,7.9475360103788934e-10,7.9475360103788934e-10,7.9475360103788934e-10,7.9475360103788934e-10,7.9475360103788934e-10,8.9228807315714420e-11,7.3099352943880584e-11,6.4507592954689119e-11,6.8052849699788695e-11,5.0536244132630660e-11,5.2417153760397536e-11,4.5039627838078005e-11,4.2225715457469809e-11,7.1642051311170366e-11,1.4702569609838655e-10,1.4702569609838655e-10,1.4702569609838655e-10,1.4702569609838655e-10,1.4702569609838655e-10,1.4702569609838655e-10,1.4702569609838655e-10,2.3853110487048180e-11,1.8211232100260289e-11,1.7231206856352494e-11,1.8142948529996384e-11,1.6213256415105420e-11,1.6795004306980937e-11,1.0529419959038364e-11,1.9220202716950659e-11,6.7670729211156954e-12,1.4229650439570298e-11,8.0236750087907621e-12,1.0071183304408619e-11,9.2314597268064899e-12,9.2314597268064899e-12,9.2314597268064899e-12,9.2314597268064899e-12,9.2314597268064899e-12,9.2314597268064899e-12,9.2314597268064899e-12,1.7475699256829077e-15,4.5764223489186695e-12,4.5764223489186695e-12,1.5999627033496656e-12,1.5999627033496656e-12,4.8395894262840215e-13,4.8395894262840215e-13,8.2125970186194252e-21,8.2125970186194252e-21,8.2125970186194252e-21
3.6371455789803118e-08,3.6371455789803118e-08,3.1932468320749448e-08,3.1932468320749448e-08,2.8731371352526996e-08,2.8731371352526996e-08,2.6310437153504015e-08,2.0214253514137984e-08,2.0214253514137984e-08,2.0214253514137984e-08,2.0214253514137984e-08,2.0214253514137984e-08,2.0214253514137984e-08,1.9513241736266440e-08,1.9513241736266440e-08,1.9067854423873034e-08,2.2837597135626594e-08,3.1167681362868464e-08,4.4129979471296843e-08,4.8959034920504922e-08,4.1491837880702774e-08,3.1594301941775341e-08,2.3769632265411771e-08,1.8203699974137492e-08,1.4094517594202068e-08,1.1425662705667429e-08,9.4778800062260581e-09,9.4778800062260581e-09,9.3190034384258879e-09,9.3190034384258879e-09,9.3190034384258879e-09,9.3190034384258879e-09,9.0842610226442257e-09,8.9326871822129310e-09,8.9326871822129310e-09,8.7938359704335654e-09,8.7938359704335654e-09,8.6396495682447256e-09,8.6396495682447256e-09,8.6396495682447256e-09,8.6396495682447256e-09,8.6396495682447256e-09,8.6396495682447256e-09,8.6396495682447256e-09,8.1277524942988038e-09,8.1277524942988038e-09,7.9763155085056693e-09,7.9763155085056693e-09,7.8305463229949693e-09,7.8305463229949693e-09,7.8305463229949693e-09,7.8305463229949693e-09,7.8305463229949693e-09,7.9475360103788934e-10,7.9475360103788934e-10,7.9475360103788934e-10,8.9228807315714420e-11,7.3099352943880584e-11,6.4507592954689119e-11,6.8052849699788695e-11,5.0536244132630660e-11,5.2417153760397536e-11,4.5039627838078005e-11,4.2225715457469809e-11,7.1642051311170366e-11,1.4702569609838655e-10,1.4702569609838655e-10,1.4702569609838655e-10,1.4702569609838655e-10,1.4702569609838655e-10,1.4702569609838655e-10,1.4702569609838655e-10,2.3853110487048180e-11,1.8211232100260289e-11,1.7231206856352494e-11,1.8142948529996384e-11,1.6213256415105420e-11,1.6795004306980937e-11,1.0529419959038364e-11,1.9220202716950659e-11,6.7670729211156954e-12,1.4229650439570298e-11,8.0236750087907621e-12,1.0071183304408619e-11,9.2314597268064899e-12,9.2314597268064899e-12,9.2314597268064899e-12,9.2314597268064899e-12,9.2314597268064899e-12,9.2314597268064899e-12,9.2314597268064899e-12,1.7475699256829077e-15,4.5764223489186695e-12,4.5764223489186695e-12,1.5999627033496656e-12,1.5999627033496656e-12,4.8395894262840215e-13,4.8395894262840215e-13,8.2125970186194252e-21,8.2125970186194252e-21,8.2125970186194252e-21
3.1932468320749448e-08,3.1932468320749448e-08,3.1932468320749448e-08,2.8731371352526996e-08,2.8731371352526996e-08,2.6310437153504015e-08,2.0214253514137984e-08,2.0214253514137984e-08,2.0214253514137984e-08,2.0214253514137984e-08,2.0214253514137984e-08,2.0214253514137984e-08,1.9513241736266440e-08,1.9513241736266440e-08,1.9067854423873034e-08,1.9067854423873034e-08,1.8784220592979029e-08,2.2823628014142688e-08,3.1630470409496520e-08,4.4441262717762741e-08,4.7893755904281677e-08,3.9910318997571752e-08,2.9982581773695518e-08,2.2426751456197079e-08,1.7053096137881500e-08,1.3350561307239578e-08,9.8494759369008635e-09,9.3190034384258879e-09,9.3190034384258879e-09,9.3190034384258879e-09,9.0842610226442257e-09,9.0842610226442257e-09,8.9326871822129310e-09,8.9326871822129310e-09,8.7938359704335654e-09,8.7938359704335654e-09,8.6396495682447256e-09,8.6396495682447256e-09,8.6396495682447256e-09,8.6396495682447256e-09,8.6396495682447256e-09,8.6396495682447256e-09,8.2632532276704064e-09,8.1277524942988038e-09,8.1277524942988038e-09,7.9763155085056693e-09,7.9763155085056693e-09,7.8305463229949693e-09,7.8305463229949693e-09,7.8305463229949693e-09,7.8305463229949693e-09,7.8305463229949693e-09,7.8305463229949693e-09,7.8305463229949693e-09,7.8305463229949693e-09,7.9475360103788934e-10,8.9228807315714420e-11,7.3099352943880584e-11,6.4507592954689119e-11,6.8052849699788695e-11,5.0536244132630660e-11,5.2417153760397536e-11,4.5039627838078005e-11,4.2225715457469809e-11,7.1642051311170366e-11,1.4702569609838655e-10,1.4702569609838655e-10,1.4702569609838655e-10,1.4702569609838655e-10,1.4702569609838655e-10,1.4702569609838655e-10,1.4702569609838655e-10,2.3853110487048180e-11,1.8211232100260289e-11,1.7231206856352494e-11,1.8142948529996384e-11,1.6213256415105420e-11,1.6795004306980937e-11,1.0529419959038364e-11,1.9220202716950659e-11,6.7670729211156954e-12,1.4229650439570298e-11,8.0236750087907621e-12,1.0071183304408619e-11,9.2314597268064899e-12,9.2314597268064899e-12,9.2314597268064899e-12,9.2314597268064899e-12,9.2314597268064899e-12,9.2314597268064899e-12,9.2314597268064899e-12,1.7475699256829077e-15,4.5764223489186695e-12,4.5764223489186695e-12,1.5999627033496656e-12,1.5999627033496656e-12,4.8395894262840215e-13,4.8395894262840215e-13,8.2125970186194252e-21,8.2125970186194252e-21,8.2125970186194252e-21
3.1932468320749448e-08,3.1932468320749448e-08,2.8731371352526996e-08,2.8731371352526996e-08,2.0214253514137984e-08,2.0214253514137984e-08,2.0214253514137984e-08,2.0214253514137984e-08,2.0214253514137984e-08,2.0214253514137984e-08,2.0214253514137984e-08,1.9513241736266440e-08,1.9513241736266440e-08,1.9067854423873034e-08,1.9067854423873034e-08,1.8784220592979029e-08,1.8784220592979029e-08,1.8518467722554402e-08,2.3214716365087445e-08,3.2428975559481991e-08,4.4535632420335280e-08,4.6572192002664187e-08,3.7815087670121867e-08,2.8258960118840379e-08,2.1310375447089838e-08,1.6364963982455572e-08,1.2515008637476692e-08,9.2323620387926821e-09,9.2323620387926821e-09,9.0842610226442257e-09,9.0842610226442257e-09,8.9326871822129310e-09,8.9326871822129310e-09,8.7938359704335654e-09,8.7938359704335654e-09,8.6396495682447256e-09,8.6396495682447256e-09,8.6396495682447256e-09,8.6396495682447256e-09,8.6396495682447256e-09,8.6396495682447256e-09,8.2632532276704064e-09,8.1277524942988038e-09,8.1277524942988038e-09,7.9763155085056693e-09,7.9763155085056693e-09,7.8305463229949693e-09,7.8305463229949693e-09,7.8305463229949693e-09,7.8305463229949693e-09,7.8305463229949693e-09,7.8305463229949693e-09,7.8305463229949693e-09,7.8305463229949693e-09,7.3235804494741499e-09,7.1780582200005210e-09,7.1780582200005210e-09,7.1780582200005210e-09,6.4507592954689119e-11,6.8052849699788695e-11,5.0536244132630660e-11,5.2417153760397536e-11,4.5039627838078005e-11,4.2225715457469809e-11,7.1642051311170366e-11,1.4702569609838655e-10,1.4702569609838655e-10,1.4702569609838655e-10,1.4702569609838655e-10,1.4702569609838655e-10,1.4702569609838655e-10,1.4702569609838655e-10,2.3853110487048180e-11,1.8211232100260289e-11,1.7231206856352494e-11,1.8142948529996384e-11,1.6213256415105420e-11,1.6795004306980937e-11,1.0529419959038364e-11,1.9220202716950659e-11,6.7670729211156954e-12,1.4229650439570298e-11,8.0236750087907621e-12,1.0071183304408619e-11,9.2314597268064899e-12,9.2314597268064899e-12,9.2314597268064899e-12,9.2314597268064899e-12,9.2314597268064899e-12,9.2314597268064899e-12,9.2314597268064899e-12,1.7475699256829077e-15,4.5764223489186695e-12,4.5764223489186695e-12,1.5999627033496656e-12,1.5999627033496656e-12,4.8395894262840215e-13,4.8395894262840215e-13,8.2125970186194252e-21,8.2125970186194252e-21,8.2125970186194252e-21
2.8731371352526996e-08,2.8731371352526996e-08,2.8731371352526996e-08,2.0214253514137984e-08,2.0214253514137984e-08,2.0214253514137984e-08,2.0214253514137984e-08,2.0214253514137984e-08,2.0214253514137984e-08,2.0214253514137984e-08,1.9513241736266440e-08,1.9513241736266440e-08,1.9067854423873034e-08,1.9067854423873034e-08,1.8784220592979029e-08,1.8784220592979029e-08,1.8518467722554402e-08,1.8518467722554402e-08,1.8438544792790841e-08,2.3376215793908254e-08,3.2828151347938159e-08,4.4336092780158839e-08,4.5294692594488596e-08,3.6268640333836572e-08,2.6865549976204339e-08,2.0427091435622835e-08,1.5744884264501260e-08,1.2312435186458586e-08,9.0842610226442257e-09,9.0842610226442257e-09,8.9326871822129310e-09,8.9326871822129310e-09,8.7938359704335654e-09,8.7938359704335654e-09,8.6396495682447256e-09,8.6396495682447256e-09,8.6396495682447256e-09,8.6396495682447256e-09,8.6396495682447256e-09,8.2632532276704064e-09,8.2632532276704064e-09,8.1277524942988038e-09,8.1277524942988038e-09,7.9763155085056693e-09,7.9763155085056693e-09,7.8305463229949693e-09,7.8305463229949693e-09,7.8305463229949693e-09,7.8305463229949693e-09,7.8305463229949693e-09,7.8305463229949693e-09,7.8305463229949693e-09,7.8305463229949693e-09,7.3235804494741499e-09,7.1780582200005210e-09,7.1780582200005210e-09,7.1780582200005210e-09,7.1780582200005210e-09,7.1780582200005210e-09,7.1780582200005210e-09,5.0536244132630660e-11,5.2417153760397536e-11,4.5039627838078005e-11,4.2225715457469809e-11,7.1642051311170366e-11,1.4702569609838655e-10,1.4702569609838655e-10,1.4702569609838655e-10,1.4702569609838655e-10,1.4702569609838655e-10,1.4702569609838655e-10,1.4702569609838655e-10,2.3853110487048180e-11,1.8211232100260289e-11,1.7231206856352494e-11,1.8142948529996384e-11,1.6213256415105420e-11,1.6795004306980937e-11,1.0529419959038364e-11,1.9220202716950659e-11,6.7670729211156954e-12,1.4229650439570298e-11,8.0236750087907621e-12,1.0071183304408619e-11,9.2314597268064899e-12,9.2314597268064899e-12,9.2314597268064899e-12,9.2314597268064899e-12,9.2314597268064899e-12,9.2314597268064899e-12,9.2314597268064899e-12,9.2314597268064899e-12,4.5764223489186695e-12,4.5764223489186695e-12,1.5999627033496656e-12,1.5999627033496656e-12,4.8395894262840215e-13,4.8395894262840215e-13,8.2125970186194252e-21,8.2125970186194252e-21,8.2125970186194252e-21
2.0214253514137984e-08,2.0214253514137984e-08,2.0214253514137984e-08,2.0214253514137984e-08,2.0214253514137984e-08,2.0214253514137984e-08,2.0214253514137984e-08,2.0214253514137984e-08,2.0214253514137984e-08,1.9513241736266440e-08,1.9513241736266440e-08,1.9067854423873034e-08,1.9067854423873034e-08,1.8784220592979029e-08,1.8784220592979029e-08,1.8518467722554402e-08,1.8518467722554402e-08,1.8438544792790841e-08,1.8438544792790841e-08,1.8257604886307751e-08,2.3607988233671447e-08,3.3351118436811195e-08,4.4192825675302878e-08,4.3946470863967385e-08,3.4709889213989135e-08,2.5422101879386678e-08,1.9179755910882557e-08,1.4655885962350538e-08,1.2105497209969596e-08,8.9326871822129310e-09,8.9326871822129310e-09,8.7938359704335654e-09,8.7938359704335654e-09,8.6396495682447256e-09,8.6396495682447256e-09,8.6396495682447256e-09,8.6396495682447256e-09,8.6396495682447256e-09,8.2632532276704064e-09,8.2632532276704064e-09,8.1277524942988038e-09,8.1277524942988038e-09,7.9763155085056693e-09,7.9763155085056693e-09,7.8305463229949693e-09,7.8305463229949693e-09,7.8305463229949693e-09,7.8305463229949693e-09,7.8305463229949693e-09,7.8305463229949693e-09,7.8305463229949693e-09,7.3235804494741499e-09,7.3235804494741499e-09,7.1780582200005210e-09,7.1780582200005210e-09,7.1780582200005210e-09,7.1780582200005210e-09,7.1780582200005210e-09,7.1780582200005210e-09,7.1780582200005210e-09,7.1780582200005210e-09,7.1780582200005210e-09,4.5039627838078005e-11,4.2225715457469809e-11,7.1642051311170366e-11,1.4702569609838655e-10,1.4702569609838655e-10,1.4702569609838655e-10,1.4702569609838655e-10,1.4702569609838655e-10,1.4702569609838655e-10,1.4702569609838655e-10,1.4702569609838655e-10,1.8211232100260289e-11,1.7231206856352494e-11,1.8142948529996384e-11,1.6213256415105420e-11,1.6795004306980937e-11,1.0529419959038364e-11,1.9220202716950659e-11,6.7670729211156954e-12,1.4229650439570298e-11,8.0236750087907621e-12,1.0071183304408619e-11,9.2314597268064899e-12,9.2314597268064899e-12,9.2314597268064899e-12,9.2314597268064899e-12,9.2314597268064899e-12,9.2314597268064899e-12,9.2314597268064899e-12,9.2314597268064899e-12,4.5764223489186695e-12,4.5764223489186695e-12,1.5999627033496656e-12,1.5999627033496656e-12,4.8395894262840215e-13,4.8395894262840215e-13,8.2125970186194252e-21,8.2125970186194252e-21,8.2125970186194252e-21
2.0214253514137984e-08,2.0214253514137984e-08,2.0214253514137984e-08,2.0214253514137984e-08,2.0214253514137984e-08,2.0214253514137984e-08,2.0214253514137984e-08,2.0214253514137984e-08,1.9513241736266440e-08,1.9513241736266440e-08,1.9067854423873034e-08,1.9067854423873034e-08,1.8784220592979029e-08,1.8784220592979029e-08,1.8518467722554402e-08,1.8518467722554402e-08,1.8438544792790841e-08,1.8438544792790841e-08,1.8257604886307751e-08,1.8257604886307751e-08,1.8103473731966845e-08,2.3934894142831756e-08,3.4377640038098671e-08,4.4062264869971763e-08,4.2271763132198533e-08,3.2866285600611005e-08,2.4109414733831620e-08,1.7803497154250292e-08,1.3591335088576791e-08,1.1465835961992534e-08,8.7938359704335654e-09,8.7938359704335654e-09,8.6396495682447256e-09,8.6396495682447256e-09,8.6396495682447256e-09,8.6396495682447256e-09,8.4046185642680779e-09,8.2632532276704064e-09,8.2632532276704064e-09,8.1277524942988038e-09,8.1277524942988038e-09,7.9763155085056693e-09,7.9763155085056693e-09,7.8305463229949693e-09,7.8305463229949693e-09,7.8305463229949693e-09,7.8305463229949693e-09,7.8305463229949693e-09,7.8305463229949693e-09,7.8305463229949693e-09,7.3235804494741499e-09,7.3235804494741499e-09,7.1780582200005210e-09,7.1780582200005210e-09,7.1780582200005210e-09,7.1780582200005210e-09,7.1780582200005210e-09,7.1780582200005210e-09,7.1780582200005210e-09,7.1780582200005210e-09,7.1780582200005210e-09,6.5302840575853744e-09,6.5302840575853744e-09,6.3843397698758624e-09,7.1642051311170366e-11,1.4702569609838655e-10,1.4702569609838655e-10,1.4702569609838655e-10,1.4702569609838655e-10,1.4702569609838655e-10,1.4702569609838655e-10,1.4702569609838655e-10,1.4702569609838655e-10,1.8211232100260289e-11,1.7231206856352494e-11,1.8142948529996384e-11,1.6213256415105420e-11,1.6795004306980937e-11,1.0529419959038364e-11,1.9220202716950659e-11,6.7670729211156954e-12,1.4229650439570298e-11,8.0236750087907621e-12,1.0071183304408619e-11,9.2314597268064899e-12,9.2314597268064899e-12,9.2314597268064899e-12,9.2314597268064899e-12,9.2314597268064899e-12,9.2314597268064899e-12,9.2314597268064899e-12,9.2314597268064899e-12,4.5764223489186695e-12,4.5764223489186695e-12,1.5999627033496656e-12,1.5999627033496656e-12,4.8395894262840215e-13,4.8395894262840215e-13,8.2125970186194252e-21,8.2125970186194252e-21,8.2125970186194252e-21
2.0214253514137984e-08,2.0214253514137984e-08,2.0214253514137984e-08,2.0214253514137984e-08,2.0214253514137984e-08,2.0214253514137984e-08,2.0214253514137984e-08,1.9513241736266440e-08,1.9513241736266440e-08,1.9067854423873034e-08,1.9067854423873034e-08,1.8784220592979029e-08,1.8784220592979029e-08,1.8518467722554402e-08,1.8518467722554402e-08,1.8438544792790841e-08,1.8438544792790841e-08,1.8257604886307751e-08,1.8257604886307751e-08,1.8103473731966845e-08,1.8103473731966845e-08,1.8278707535848739e-08,2.4505765764071426e-08,3.5510838267983100e-08,4.3889042391520410e-08,4.0454440620695679e-08,3.0998462005968544e-08,2.2727247160750103e-08,1.6921454052576039e-08,1.2770210524783220e-08,9.8259809075512312e-09,8.6396495682447256e-09,8.6396495682447256e-09,8.6396495682447256e-09,8.4046185642680779e-09,8.4046185642680779e-09,8.2632532276704064e-09,8.2632532276704064e-09,8.1277524942988038e-09,8.1277524942988038e-09,7.9763155085056693e-09,7.9763155085056693e-09,7.8305463229949693e-09,7.8305463229949693e-09,7.8305463229949693e-09,7.8305463229949693e-09,7.8305463229949693e-09,7.8305463229949693e-09,7.8305463229949693e-09,7.3235804494741499e-09,7.3235804494741499e-09,7.1780582200005210e-09,7.1780582200005210e-09,7.1780582200005210e-09,7.1780582200005210e-09,7.1780582200005210e-09,7.1780582200005210e-09,7.1780582200005210e-09,7.1780582200005210e-09,6.6761153721738982e-09,6.5302840575853744e-09,6.5302840575853744e-09,6.3843397698758624e-09,6.3843397698758624e-09,6.3843397698758624e-09,6.3843397698758624e-09,1.4702569609838655e-10,1.4702569609838655e-10,1.4702569609838655e-10,1.4702569609838655e-10,1.4702569609838655e-10,1.4702569609838655e-10,1.4702569609838655e-10,1.8211232100260289e-11,1.7231206856352494e-11,1.8142948529996384e-11,1.6213256415105420e-11,1.6795004306980937e-11,1.0529419959038364e-11,1.9220202716950659e-11,6.7670729211156954e-12,1.4229650439570298e-11,8.0236750087907621e-12,1.0071183304408619e-11,9.2314597268064899e-12,9.2314597268064899e-12,9.2314597268064899e-12,9.2314597268064899e-12,9.2314597268064899e-12,9.2314597268064899e-12,9.2314597268064899e-12,9.2314597268064899e-12,4.5764223489186695e-12,4.5764223489186695e-12,1.5999627033496656e-12,1.5999627033496656e-12,4.8395894262840215e-13,4.8395894262840215e-13,8.2125970186194252e-21,8.2125970186194252e-21,8.2125970186194252e-21
2.0214253514137984e-08,2.0214253514137984e-08,2.0214253514137984e-08,2.0214253514137984e-08,2.0214253514137984e-08,2.0214253514137984e-08,1.9513241736266440e-08,1.9513241736266440e-08,1.9067854423873034e-08,1.9067854423873034e-08,1.8784220592979029e-08,1.8784220592979029e-08,1.8518467722554402e-08,1.8518467722554402e-08,1.8438544792790841e-08,1.8438544792790841e-08,1.8257604886307751e-08,1.8257604886307751e-08,1.8103473731966845e-08,1.8103473731966845e-08,1.8278707535848739e-08,1.8278707535848739e-08,1.8476078118116138e-08,2.4842883384001803e-08,3.5925168035800271e-08,4.3264250363391252e-08,3.8982942497850927e-08,2.9521635320005825e-08,2.1447858977401054e-08,1.6081193951528115e-08,1.2261589004886970e-08,8.8825927718448665e-09,8.8825927718448665e-09,8.4046185642680779e-09,8.4046185642680779e-09,8.2632532276704064e-09,8.2632532276704064e-09,8.1277524942988038e-09,8.1277524942988038e-09,7.9763155085056693e-09,7.9763155085056693e-09,7.8305463229949693e-09,7.8305463229949693e-09,7.8305463229949693e-09,7.8305463229949693e-09,7.8305463229949693e-09,7.8305463229949693e-09,7.4690873410004895e-09,7.3235804494741499e-09,7.3235804494741499e-09,7.1780582200005210e-09,7.1780582200005210e-09,7.1780582200005210e-09,7.1780582200005210e-09,7.1780582200005210e-09,7.1780582200005210e-09,7.1780582200005210e-09,7.1780582200005210e-09,6.6761153721738982e-09,6.5302840575853744e-09,6.5302840575853744e-09,6.3843397698758624e-09,6.3843397698758624e-09,6.3843397698758624e-09,6.3843397698758624e-09,6.3843397698758624e-09,6.3843397698758624e-09,6.3843397698758624e-09,6.3843397698758624e-09,1.4702569609838655e-10,1.4702569609838655e-10,1.4702569609838655e-10,1.4702569609838655e-10,1.8211232100260289e-11,1.7231206856352494e-11,1.8142948529996384e-11,1.6213256415105420e-11,1.6795004306980937e-11,1.0529419959038364e-11,1.9220202716950659e-11,6.7670729211156954e-12,1.4229650439570298e-11,8.0236750087907621e-12,1.0071183304408619e-11,9.2314597268064899e-12,9.2314597268064899e-12,9.2314597268064899e-12,9.2314597268064899e-12,9.2314597268064899e-12,9.2314597268064899e-12,9.2314597268064899e-12,9.2314597268064899e-12,4.5764223489186695e-12,4.5764223489186695e-12,1.5999627033496656e-12,1.5999627033496656e-12,4.8395894262840215e-13,4.8395894262840215e-13,8.2125970186194252e-21,8.2125970186194252e-21,8.2125970186194252e-21
2.0214253514137984e-08,2.0214253514137984e-08,2.0214253514137984e-08,2.0214253514137984e-08,2.0214253514137984e-08,1.9513241736266440e-08,1.9513241736266440e-08,1.9067854423873034e-08,1.9067854423873034e-08,1.8784220592979029e-08,1.8784220592979029e-08,1.8518467722554402e-08,1.8518467722554402e-08,1.8438544792790841e-08,1.8438544792790841e-08,1.8257604886307751e-08,1.8257604886307751e-08,1.8103473731966845e-08,1.8103473731966845e-08,1.8278707535848739e-08,1.8278707535848739e-08,1.8476078118116138e-08,1.8476078118116138e-08,1.8460238165192863e-08,2.5011467688523243e-08,3.6377518315536173e-08,4.2748054160982877e-08,3.7329536016098101e-08,2.7760951515614668e-08,2.0224373585433485e-08,1.5145871168731339e-08,1.1596902202939328e-08,8.4046185642680779e-09,8.4046185642680779e-09,8.2632532276704064e-09,8.2632532276704064e-09,8.1277524942988038e-09,8.1277524942988038e-09,7.9763155085056693e-09,7.9763155085056693e-09,7.8305463229949693e-09,7.8305463229949693e-09,7.8305463229949693e-09,7.8305463229949693e-09,7.8305463229949693e-09,7.8305463229949693e-09,7.4690873410004895e-09,7.3235804494741499e-09,7.3235804494741499e-09,7.1780582200005210e-09,7.1780582200005210e-09,7.1780582200005210e-09,7.1780582200005210e-09,7.1780582200005210e-09,7.1780582200005210e-09,7.1780582200005210e-09,7.1780582200005210e-09,6.6761153721738982e-09,6.5302840575853744e-09,6.5302840575853744e-09,6.3843397698758624e-09,6.3843397698758624e-09,6.3843397698758624e-09,6.3843397698758624e-09,6.3843397698758624e-09,6.3843397698758624e-09,6.3843397698758624e-09,6.3843397698758624e-09,6.3843397698758624e-09,5.7397994309243327e-09,5.7397994309243327e-09,1.4702569609838655e-10,1.4702569609838655e-10,1.8211232100260289e-11,1.7231206856352494e-11,1.8142948529996384e-11,1.6213256415105420e-11,1.6795004306980937e-11,1.0529419959038364e-11,1.9220202716950659e-11,6.7670729211156954e-12,1.4229650439570298e-11,8.0236750087907621e-12,1.0071183304408619e-11,9.2314597268064899e-12,9.2314597268064899e-12,9.2314597268064899e-12,9.2314597268064899e-12,9.2314597268064899e-12,9.2314597268064899e-12,9.2314597268064899e-12,9.2314597268064899e-12,4.5764223489186695e-12,4.5764223489186695e-12,1.5999627033496656e-12,1.5999627033496656e-12,4.8395894262840215e-13,4.8395894262840215e-13,8.2125970186194252e-21,8.2125970186194252e-21,8.2125970186194252e-21
2.0214253514137984e-08,2.0214253514137984e-08,2.0214253514137984e-08,2.0214253514137984e-08,1.9513241736266440e-08,1.9513241736266440e-08,1.9067854423873034e-08,1.9067854423873034e-08,1.8784220592979029e-08,1.8784220592979029e-08,1.8518467722554402e-08,1.8518467722554402e-08,1.8438544792790841e-08,1.8438544792790841e-08,1.8257604886307751e-08,1.8257604886307751e-08,1.8103473731966845e-08,1.8103473731966845e-08,1.8278707535848739e-08,1.8278707535848739e-08,1.8476078118116138e-08,1.5876309154765445e-08,1.5876309154765445e-08,1.5876309154765445e-08,1.8722431608806012e-08,2.5681067032747070e-08,3.7237157842153169e-08,4.2083910894610913e-08,3.5385041341889806e-08,2.6047780458602165e-08,1.9152215170601085e-08,1.4354001995681731e-08,1.1208616847802361e-08,8.2632532276704064e-09,8.2632532276704064e-09,8.1277524942988038e-09,8.1277524942988038e-09,7.9763155085056693e-09,7.9763155085056693e-09,7.8305463229949693e-09,7.8305463229949693e-09,7.8305463229949693e-09,7.8305463229949693e-09,7.8305463229949693e-09,7.4690873410004895e-09,7.4690873410004895e-09,7.3235804494741499e-09,7.3235804494741499e-09,7.1780582200005210e-09,7.1780582200005210e-09,7.1780582200005210e-09,7.1780582200005210e-09,7.1780582200005210e-09,7.1780582200005210e-09,7.1780582200005210e-09,6.6761153721738982e-09,6.6761153721738982e-09,6.5302840575853744e-09,6.5302840575853744e-09,6.3843397698758624e-09,6.3843397698758624e-09,6.3843397698758624e-09,6.3843397698758624e-09,6.3843397698758624e-09,6.3843397698758624e-09,6.3843397698758624e-09,6.3843397698758624e-09,6.3843397698758624e-09,5.7397994309243327e-09,5.7397994309243327e-09,5.5988031971411550e-09,5.5988031971411550e-09,5.4577549867021556e-09,5.4577549867021556e-09,1.7231206856352494e-11,1.8142948529996384e-11,1.6213256415105420e-11,1.6795004306980937e-11,1.0529419959038364e-11,1.9220202716950659e-11,6.7670729211156954e-12,1.4229650439570298e-11,8.0236750087907621e-12,1.0071183304408619e-11,9.2314597268064899e-12,9.2314597268064899e-12,9.2314597268064899e-12,9.2314597268064899e-12,9.2314597268064899e-12,9.2314597268064899e-12,9.2314597268064899e-12,9.2314597268064899e-12,4.5764223489186695e-12,4.5764223489186695e-12,1.5999627033496656e-12,1.5999627033496656e-12,4.8395894262840215e-13,4.8395894262840215e-13,8.2125970186194252e-21,8.2125970186194252e-21,8.2125970186194252e-21
2.0214253514137984e-08,2.0214253514137984e-08,2.0214253514137984e-08,1.9513241736266440e-08,1.9513241736266440e-08,1.9067854423873034e-08,1.9067854423873034e-08,1.8784220592979029e-08,1.8784220592979029e-08,1.8518467722554402e-08,1.8518467722554402e-08,1.8438544792790841e-08,1.8438544792790841e-08,1.8257604886307751e-08,1.8257604886307751e-08,1.8103473731966845e-08,1.8103473731966845e-08,1.8278707535848739e-08,1.8278707535848739e-08,1.5876309154765445e-08,1.5876309154765445e-08,1.5876309154765445e-08,1.5876309154765445e-08,1.5876309154765445e-08,1.5787613572734944e-08,1.9066657366936236e-08,2.6350708973608216e-08,3.7808982919242822e-08,4.1165051016453163e-08,3.3366274659643177e-08,2.4076461591308375e-08,1.7694521217389881e-08,1.3342479164718684e-08,1.0695729358021054e-08,8.1277524942988038e-09,8.1277524942988038e-09,7.9763155085056693e-09,7.9763155085056693e-09,7.8305463229949693e-09,7.8305463229949693e-09,7.8305463229949693e-09,7.8305463229949693e-09,7.8305463229949693e-09,7.4690873410004895e-09,7.4690873410004895e-09,7.3235804494741499e-09,7.3235804494741499e-09,7.1780582200005210e-09,7.1780582200005210e-09,7.1780582200005210e-09,7.1780582200005210e-09,7.1780582200005210e-09,7.1780582200005210e-09,7.1780582200005210e-09,6.6761153721738982e-09,6.6761153721738982e-09,6.5302840575853744e-09,6.5302840575853744e-09,6.3843397698758624e-09,6.3843397698758624e-09,6.3843397698758624e-09,6.3843397698758624e-09,6.3843397698758624e-09,6.3843397698758624e-09,6.3843397698758624e-09,6.3843397698758624e-09,6.3843397698758624e-09,5.7397994309243327e-09,5.7397994309243327e-09,5.5988031971411550e-09,5.5988031971411550e-09,5.4577549867021556e-09,5.4577549867021556e-09,5.4577549867021556e-09,5.4577549867021556e-09,5.4577549867021556e-09,1.6213256415105420e-11,1.6795004306980937e-11,1.0529419959038364e-11,1.9220202716950659e-11,6.7670729211156954e-12,1.4229650439570298e-11,8.0236750087907621e-12,1.0071183304408619e-11,9.2314597268064899e-12,9.2314597268064899e-12,9.2314597268064899e-12,9.2314597268064899e-12,9.2314597268064899e-12,9.2314597268064899e-12,9.2314597268064899e-12,9.2314597268064899e-12,9.2314597268064899e-12,4.5764223489186695e-12,1.5999627033496656e-12,1.5999627033496656e-12,4.8395894262840215e-13,4.8395894262840215e-13,8.2125970186194252e-21,8.2125970186194252e-21,8.2125970186194252e-21
2.0214253514137984e-08,2.0214253514137984e-08,1.9513241736266440e-08,1.9513241736266440e-08,1.9067854423873034e-08,1.9067854423873034e-08,1.8784220592979029e-08,1.8784220592979029e-08,1.8518467722554402e-08,1.8518467722554402e-08,1.8438544792790841e-08,1.8438544792790841e-08,1.8257604886307751e-08,1.8257604886307751e-08,1.8103473731966845e-08,1.8103473731966845e-08,1.8278707535848739e-08,1.5876309154765445e-08,1.5876309154765445e-08,1.5876309154765445e-08,1.5876309154765445e-08,1.5876309154765445e-08,1.5876309154765445e-08,1.5787613572734944e-08,1.5787613572734944e-08,1.5802799172886781e-08,1.9357703217787988e-08,2.6846121704278120e-08,3.7907924045424815e-08,4.0078191442685611e-08,3.1980919421687932e-08,2.2918642390513347e-08,1.6659065915578567e-08,1.2325880455272767e-08,9.6990745103069602e-09,7.9763155085056693e-09,7.9763155085056693e-09,7.8305463229949693e-09,7.8305463229949693e-09,7.8305463229949693e-09,7.8305463229949693e-09,7.6038878703301651e-09,7.4690873410004895e-09,7.4690873410004895e-09,7.3235804494741499e-09,7.3235804494741499e-09,7.1780582200005210e-09,7.1780582200005210e-09,7.1780582200005210e-09,7.1780582200005210e-09,7.1780582200005210e-09,7.1780582200005210e-09,7.1780582200005210e-09,6.6761153721738982e-09,6.6761153721738982e-09,6.5302840575853744e-09,6.5302840575853744e-09,6.3843397698758624e-09,6.3843397698758624e-09,6.3843397698758624e-09,6.3843397698758624e-09,6.3843397698758624e-09,6.3843397698758624e-09,6.3843397698758624e-09,6.3843397698758624e-09,6.3843397698758624e-09,5.7397994309243327e-09,5.7397994309243327e-09,5.5988031971411550e-09,5.5988031971411550e-09,5.4577549867021556e-09,5.4577549867021556e-09,5.4577549867021556e-09,5.4577549867021556e-09,5.4577549867021556e-09,5.4577549867021556e-09,5.4577549867021556e-09,5.4577549867021556e-09,1.0529419959038364e-11,1.9220202716950659e-11,6.7670729211156954e-12,1.4229650439570298e-11,8.0236750087907621e-12,1.0071183304408619e-11,9.2314597268064899e-12,9.2314597268064899e-12,9.2314597268064899e-12,9.2314597268064899e-12,9.2314597268064899e-12,9.2314597268064899e-12,9.2314597268064899e-12,9.2314597268064899e-12,9.2314597268064899e-12,4.5764223489186695e-12,1.5999627033496656e-12,1.5999627033496656e-12,4.8395894262840215e-13,4.8395894262840215e-13,8.2125970186194252e-21,8.2125970186194252e-21,8.2125970186194252e-21
1.9513241736266440e-08,1.9513241736266440e-08,1.9513241736266440e-08,1.9067854423873034e-08,1.9067854423873034e-08,1.8784220592979029e-08,1.8784220592979029e-08,1.8518467722554402e-08,1.8518467722554402e-08,1.8438544792790841e-08,1.8438544792790841e-08,1.8257604886307751e-08,1.8257604886307751e-08,1.8103473731966845e-08,1.8103473731966845e-08,1.8278707535848739e-08,1.5876309154765445e-08,1.5876309154765445e-08,1.5876309154765445e-08,1.5876309154765445e-08,1.5876309154765445e-08,1.5876309154765445e-08,1.5787613572734944e-08,1.5787613572734944e-08,1.5802799172886781e-08,1.5802799172886781e-08,1.5467811483303324e-08,1.9266215625226558e-08,2.7226435151912439e-08,3.7890742902666636e-08,3.8948475477714302e-08,3.0455226775996757e-08,2.1670470905944750e-08,1.5574391530508292e-08,1.1691402292856152e-08,8.7967516852862680e-09,7.8305463229949693e-09,7.8305463229949693e-09,7.8305463229949693e-09,7.6038878703301651e-09,7.6038878703301651e-09,7.4690873410004895e-09,7.4690873410004895e-09,7.3235804494741499e-09,7.3235804494741499e-09,7.1780582200005210e-09,7.1780582200005210e-09,7.1780582200005210e-09,7.1780582200005210e-09,7.1780582200005210e-09,7.1780582200005210e-09,6.8110917948696878e-09,6.6761153721738982e-09,6.6761153721738982e-09,6.5302840575853744e-09,6.5302840575853744e-09,6.3843397698758624e-09,6.3843397698758624e-09,6.3843397698758624e-09,6.3843397698758624e-09,6.3843397698758624e-09,6.3843397698758624e-09,6.3843397698758624e-09,6.3843397698758624e-09,5.8861361892593105e-09,5.7397994309243327e-09,5.7397994309243327e-09,5.5988031971411550e-09,5.5988031971411550e-09,5.4577549867021556e-09,5.4577549867021556e-09,5.4577549867021556e-09,5.4577549867021556e-09,5.4577549867021556e-09,5.4577549867021556e-09,5.4577549867021556e-09,5.4577549867021556e-09,5.4577549867021556e-09,5.4577549867021556e-09,5.0571423326123021e-09,4.8145816556023390e-09,1.4229650439570298e-11,8.0236750087907621e-12,1.0071183304408619e-11,9.2314597268064899e-12,9.2314597268064899e-12,9.2314597268064899e-12,9.2314597268064899e-12,9.2314597268064899e-12,9.2314597268064899e-12,9.2314597268064899e-12,9.2314597268064899e-12,9.2314597268064899e-12,4.5764223489186695e-12,1.5999627033496656e-12,1.5999627033496656e-12,4.8395894262840215e-13,4.8395894262840215e-13,8.2125970186194252e-21,8.2125970186194252e-21,8.2125970186194252e-21
1.9513241736266440e-08,1.9513241736266440e-08,1.9067854423873034e-08,1.9067854423873034e-08,1.8784220592979029e-08,1.8784220592979029e-08,1.8518467722554402e-08,1.8518467722554402e-08,1.8438544792790841e-08,1.8438544792790841e-08,1.8257604886307751e-08,1.8257604886307751e-08,1.8103473731966845e-08,1.8103473731966845e-08,1.5876309154765445e-08,1.5876309154765445e-08,1.5876309154765445e-08,1.5876309154765445e-08,1.5876309154765445e-08,1.5876309154765445e-08,1.5876309154765445e-08,1.5787613572734944e-08,1.5787613572734944e-08,1.5802799172886781e-08,1.5802799172886781e-08,1.5467811483303324e-08,1.5467811483303324e-08,1.5357379211366611e-08,1.9843445559405143e-08,2.8120577074050173e-08,3.8024185068672302e-08,3.7299576071800164e-08,2.8731189684017187e-08,2.0236972427312176e-08,1.4844374061323821e-08,1.1109155497144115e-08,7.7495783552538198e-09,7.7495783552538198e-09,7.6038878703301651e-09,7.6038878703301651e-09,7.4690873410004895e-09,7.4690873410004895e-09,7.3235804494741499e-09,7.3235804494741499e-09,7.1780582200005210e-09,7.1780582200005210e-09,7.1780582200005210e-09,7.1780582200005210e-09,7.1780582200005210e-09,7.1780582200005210e-09,6.8110917948696878e-09,6.6761153721738982e-09,6.6761153721738982e-09,6.5302840575853744e-09,6.5302840575853744e-09,6.3843397698758624e-09,6.3843397698758624e-09,6.3843397698758624e-09,6.3843397698758624e-09,6.3843397698758624e-09,6.3843397698758624e-09,6.3843397698758624e-09,6.3843397698758624e-09,5.8861361892593105e-09,5.7397994309243327e-09,5.7397994309243327e-09,5.5988031971411550e-09,5.5988031971411550e-09,5.4577549867021556e-09,5.4577549867021556e-09,5.4577549867021556e-09,5.4577549867021556e-09,5.4577549867021556e-09,5.4577549867021556e-09,5.4577549867021556e-09,5.4577549867021556e-09,5.4577549867021556e-09,5.4577549867021556e-09,5.0571423326123021e-09,4.8145816556023390e-09,4.8145816556023390e-09,4.6745288757668920e-09,4.6745288757668920e-09,1.0071183304408619e-11,9.2314597268064899e-12,9.2314597268064899e-12,9.2314597268064899e-12,9.2314597268064899e-12,9.2314597268064899e-12,9.2314597268064899e-12,9.2314597268064899e-12,9.2314597268064899e-12,9.2314597268064899e-12,4.5764223489186695e-12,1.5999627033496656e-12,1.5999627033496656e-12,4.8395894262840215e-13,4.8395894262840215e-13,8.2125970186194252e-21,8.2125970186194252e-21,8.2125970186194252e-21
1.9067854423873034e-08,1.9067854423873034e-08,1.9067854423873034e-08,1.8784220592979029e-08,1.8784220592979029e-08,1.8518467722554402e-08,1.8518467722554402e-08,1.8438544792790841e-08,1.8438544792790841e-08,1.8257604886307751e-08,1.8257604886307751e-08,1.8103473731966845e-08,1.8103473731966845e-08,1.5876309154765445e-08,1.5876309154765445e-08,1.5876309154765445e-08,1.5876309154765445e-08,1.5876309154765445e-08,1.5876309154765445e-08,1.5876309154765445e-08,1.5787613572734944e-08,1.5787613572734944e-08,1.5802799172886781e-08,1.5802799172886781e-08,1.5467811483303324e-08,1.5467811483303324e-08,1.5357379211366611e-08,1.5357379211366611e-08,1.5289475608511703e-08,2.0161231671064528e-08,2.9195807970089639e-08,3.7938064460461886e-08,3.5718735522088850e-08,2.6849682313116410e-08,1.8974655921690635e-08,1.3907526641702755e-08,1.0503393365294289e-08,7.6038878703301651e-09,7.6038878703301651e-09,7.4690873410004895e-09,7.4690873410004895e-09,7.3235804494741499e-09,7.3235804494741499e-09,7.1780582200005210e-09,7.1780582200005210e-09,7.1780582200005210e-09,7.1780582200005210e-09,7.1780582200005210e-09,6.8110917948696878e-09,6.8110917948696878e-09,6.6761153721738982e-09,6.6761153721738982e-09,6.5302840575853744e-09,6.5302840575853744e-09,6.3843397698758624e-09,6.3843397698758624e-09,6.3843397698758624e-09,6.3843397698758624e-09,6.3843397698758624e-09,6.3843397698758624e-09,6.3843397698758624e-09,6.3843397698758624e-09,5.8861361892593105e-09,5.7397994309243327e-09,5.7397994309243327e-09,5.5988031971411550e-09,5.5988031971411550e-09,5.4577549867021556e-09,5.4577549867021556e-09,5.4577549867021556e-09,5.4577549867021556e-09,5.4577549867021556e-09,5.4577549867021556e-09,5.4577549867021556e-09,5.4577549867021556e-09,5.4577549867021556e-09,5.4577549867021556e-09,5.0571423326123021e-09,4.8145816556023390e-09,4.8145816556023390e-09,4.6745288757668920e-09,4.6745288757668920e-09,4.4101636121245648e-09,4.4101636121245648e-09,4.2748087243053478e-09,9.2314597268064899e-12,9.2314597268064899e-12,9.2314597268064899e-12,9.2314597268064899e-12,9.2314597268064899e-12,9.2314597268064899e-12,9.2314597268064899e-12,9.2314597268064899e-12,4.5764223489186695e-12,1.5999627033496656e-12,1.5999627033496656e-12,4.8395894262840215e-13,4.8395894262840215e-13,8.2125970186194252e-21,8.2125970186194252e-21,8.2125970186194252e-21
1.9067854423873034e-08,1.9067854423873034e-08,1.8784220592979029e-08,1.8784220592979029e-08,1.8518467722554402e-08,1.8518467722554402e-08,1.8438544792790841e-08,1.8438544792790841e-08,1.8257604886307751e-08,1.8257604886307751e-08,1.8103473731966845e-08,1.5876309154765445e-08,1.5876309154765445e-08,1.5876309154765445e-08,1.5876309154765445e-08,1.5876309154765445e-08,1.5876309154765445e-08,1.5876309154765445e-08,1.5876309154765445e-08,1.5787613572734944e-08,1.5787613572734944e-08,1.5802799172886781e-08,1.5802799172886781e-08,1.5467811483303324e-08,1.5467811483303324e-08,1.5357379211366611e-08,1.5357379211366611e-08,1.5289475608511703e-08,1.5289475608511703e-08,1.5335122820289633e-08,2.0429357267510563e-08,2.9644585153944647e-08,3.7461038060523355e-08,3.4300133784612842e-08,2.5362906166062070e-08,1.7986611624518960e-08,1.3000459744099467e-08,1.0122171773847565e-08,7.4690873410004895e-09,7.4690873410004895e-09,7.3235804494741499e-09,7.3235804494741499e-09,7.1780582200005210e-09,7.1780582200005210e-09,7.1780582200005210e-09,7.1780582200005210e-09,7.1780582200005210e-09,6.8110917948696878e-09,6.8110917948696878e-09,6.6761153721738982e-09,6.6761153721738982e-09,6.5302840575853744e-09,6.5302840575853744e-09,6.3843397698758624e-09,6.3843397698758624e-09,6.3843397698758624e-09,6.3843397698758624e-09,6.3843397698758624e-09,6.3843397698758624e-09,6.3843397698758624e-09,5.8861361892593105e-09,5.8861361892593105e-09,5.7397994309243327e-09,5.7397994309243327e-09,5.5988031971411550e-09,5.5988031971411550e-09,5.4577549867021556e-09,5.4577549867021556e-09,5.4577549867021556e-09,5.4577549867021556e-09,5.4577549867021556e-09,5.4577549867021556e-09,5.4577549867021556e-09,5.4577549867021556e-09,5.4577549867021556e-09,5.0571423326123021e-09,5.0571423326123021e-09,4.8145816556023390e-09,4.8145816556023390e-09,4.6745288757668920e-09,4.6745288757668920e-09,4.4101636121245648e-09,4.4101636121245648e-09,4.2748087243053478e-09,4.2748087243053478e-09,4.1396595542916364e-09,4.1396595542916364e-09,3.9990888357567027e-09,9.2314597268064899e-12,9.2314597268064899e-12,9.2314597268064899e-12,9.2314597268064899e-12,9.2314597268064899e-12,4.5764223489186695e-12,1.5999627033496656e-12,1.5999627033496656e-12,4.8395894262840215e-13,4.8395894262840215e-13,8.2125970186194252e-21,8.2125970186194252e-21,8.2125970186194252e-21
1.8784220592979029e-08,1.8784220592979029e-08,1.8784220592979029e-08,1.8518467722554402e-08,1.8518467722554402e-08,1.8438544792790841e-08,1.8438544792790841e-08,1.8257604886307751e-08,1.8257604886307751e-08,1.8103473731966845e-08,1.5876309154765445e-08,1.5876309154765445e-08,1.5876309154765445e-08,1.5876309154765445e-08,1.5876309154765445e-08,1.5876309154765445e-08,1.5876309154765445e-08,1.5876309154765445e-08,1.5787613572734944e-08,1.5787613572734944e-08,1.5802799172886781e-08,1.5802799172886781e-08,1.5467811483303324e-08,1.5467811483303324e-08,1.5357379211366611e-08,1.5357379211366611e-08,1.5289475608511703e-08,1.5289475608511703e-08,1.5335122820289633e-08,1.5335122820289633e-08,1.5229813094133440e-08,2.0459371815008816e-08,2.9907287650330039e-08,3.7006845211253930e-08,3.2784861252601025e-08,2.3672886576008099e-08,1.6753876086610008e-08,1.2192737648999924e-08,9.4157756112509726e-09,7.3235804494741499e-09,7.3235804494741499e-09,7.1780582200005210e-09,7.1780582200005210e-09,7.1780582200005210e-09,7.1780582200005210e-09,6.9514525943378486e-09,6.8110917948696878e-09,6.8110917948696878e-09,6.6761153721738982e-09,6.6761153721738982e-09,6.5302840575853744e-09,6.5302840575853744e-09,6.3843397698758624e-09,6.3843397698758624e-09,6.3843397698758624e-09,6.3843397698758624e-09,6.3843397698758624e-09,6.3843397698758624e-09,6.3843397698758624e-09,5.8861361892593105e-09,5.8861361892593105e-09,5.7397994309243327e-09,5.7397994309243327e-09,5.5988031971411550e-09,5.5988031971411550e-09,5.4577549867021556e-09,5.4577549867021556e-09,5.4577549867021556e-09,5.4577549867021556e-09,5.4577549867021556e-09,5.4577549867021556e-09,5.4577549867021556e-09,5.4577549867021556e-09,5.4577549867021556e-09,5.0571423326123021e-09,5.0571423326123021e-09,4.8145816556023390e-09,4.8145816556023390e-09,4.6745288757668920e-09,4.6745288757668920e-09,4.4101636121245648e-09,4.4101636121245648e-09,4.2748087243053478e-09,4.2748087243053478e-09,4.1396595542916364e-09,4.1396595542916364e-09,3.9990888357567027e-09,3.9990888357567027e-09,3.8639374003603412e-09,3.8639374003603412e-09,3.7287839758229869e-09,9.2314597268064899e-12,9.2314597268064899e-12,4.5764223489186695e-12,1.5999627033496656e-12,1.5999627033496656e-12,4.8395894262840215e-13,4.8395894262840215e-13,8.2125970186194252e-21,8.2125970186194252e-21,8.2125970186194252e-21
1.8784220592979029e-08,1.8784220592979029e-08,1.8518467722554402e-08,1.8518467722554402e-08,1.8438544792790841e-08,1.8438544792790841e-08,1.8257604886307751e-08,1.8257604886307751e-08,1.8103473731966845e-08,1.5876309154765445e-08,1.5876309154765445e-08,1.5876309154765445e-08,1.5876309154765445e-08,1.5876309154765445e-08,1.5876309154765445e-08,1.5876309154765445e-08,1.5876309154765445e-08,1.5787613572734944e-08,1.5787613572734944e-08,1.5802799172886781e-08,1.5802799172886781e-08,1.5467811483303324e-08,1.5467811483303324e-08,1.5357379211366611e-08,1.5357379211366611e-08,1.5289475608511703e-08,1.5289475608511703e-08,1.5335122820289633e-08,1.5335122820289633e-08,1.5229813094133440e-08,1.5229813094133440e-08,1.5353355348252884e-08,2.0843043382328326e-08,3.0695213694224534e-08,3.6503896795149294e-08,3.1151701674381058e-08,2.1956698639587110e-08,1.5491393505591666e-08,1.1289686523360634e-08,8.4824987111612618e-09,7.1780582200005210e-09,7.1780582200005210e-09,7.1780582200005210e-09,6.9514525943378486e-09,6.9514525943378486e-09,6.8110917948696878e-09,6.8110917948696878e-09,6.6761153721738982e-09,6.6761153721738982e-09,6.5302840575853744e-09,6.5302840575853744e-09,6.3843397698758624e-09,6.3843397698758624e-09,6.3843397698758624e-09,6.3843397698758624e-09,6.3843397698758624e-09,6.3843397698758624e-09,6.3843397698758624e-09,5.8861361892593105e-09,5.8861361892593105e-09,5.7397994309243327e-09,5.7397994309243327e-09,5.5988031971411550e-09,5.5988031971411550e-09,5.4577549867021556e-09,5.4577549867021556e-09,5.4577549867021556e-09,5.4577549867021556e-09,5.4577549867021556e-09,5.4577549867021556e-09,5.4577549867021556e-09,5.4577549867021556e-09,5.4577549867021556e-09,5.0571423326123021e-09,5.0571423326123021e-09,4.8145816556023390e-09,4.8145816556023390e-09,4.6745288757668920e-09,4.6745288757668920e-09,4.4101636121245648e-09,4.4101636121245648e-09,4.2748087243053478e-09,4.2748087243053478e-09,4.1396595542916364e-09,4.1396595542916364e-09,3.9990888357567027e-09,3.9990888357567027e-09,3.8639374003603412e-09,3.8639374003603412e-09,3.7287839758229869e-09,3.7287839758229869e-09,3.5995972422670299e-09,3.5995972422670299e-09,3.4603091846376639e-09,1.5999627033496656e-12,1.5999627033496656e-12,4.8395894262840215e-13,4.8395894262840215e-13,8.2125970186194252e-21,8.2125970186194252e-21,8.2125970186194252e-21
1.8518467722554402e-08,1.8518467722554402e-08,1.8518467722554402e-08,1.8438544792790841e-08,1.8438544792790841e-08,1.8257604886307751e-08,1.8257604886307751e-08,1.5876309154765445e-08,1.5876309154765445e-08,1.5876309154765445e-08,1.5876309154765445e-08,1.5876309154765445e-08,1.5876309154765445e-08,1.5876309154765445e-08,1.5876309154765445e-08,1.5876309154765445e-08,1.5787613572734944e-08,1.5787613572734944e-08,1.5802799172886781e-08,1.5802799172886781e-08,1.5467811483303324e-08,1.5467811483303324e-08,1.5357379211366611e-08,1.5357379211366611e-08,1.5289475608511703e-08,1.5289475608511703e-08,1.5335122820289633e-08,1.5335122820289633e-08,1.5229813094133440e-08,1.3494185281273805e-08,1.3494185281273805e-08,1.3494185281273805e-08,1.5597632303264517e-08,2.1196982110837201e-08,3.1253739114956396e-08,3.5756670377149838e-08,2.9491481170502032e-08,2.0603524749847981e-08,1.4493841589690424e-08,1.0519030489610538e-08,7.7604125947891216e-09,7.7604125947891216e-09,6.9514525943378486e-09,6.9514525943378486e-09,6.8110917948696878e-09,6.8110917948696878e-09,6.6761153721738982e-09,6.6761153721738982e-09,6.5302840575853744e-09,6.5302840575853744e-09,6.3843397698758624e-09,6.3843397698758624e-09,6.3843397698758624e-09,6.3843397698758624e-09,6.3843397698758624e-09,6.3843397698758624e-09,6.1745572636175553e-09,5.8861361892593105e-09,5.8861361892593105e-09,5.7397994309243327e-09,5.7397994309243327e-09,5.5988031971411550e-09,5.5988031971411550e-09,5.4577549867021556e-09,5.4577549867021556e-09,5.4577549867021556e-09,5.4577549867021556e-09,5.4577549867021556e-09,5.4577549867021556e-09,5.4577549867021556e-09,5.4577549867021556e-09,5.4577549867021556e-09,5.0571423326123021e-09,5.0571423326123021e-09,4.8145816556023390e-09,4.8145816556023390e-09,4.6745288757668920e-09,4.6745288757668920e-09,4.4101636121245648e-09,4.4101636121245648e-09,4.2748087243053478e-09,4.2748087243053478e-09,4.1396595542916364e-09,4.1396595542916364e-09,3.9990888357567027e-09,3.9990888357567027e-09,3.8639374003603412e-09,3.8639374003603412e-09,3.7287839758229869e-09,3.7287839758229869e-09,3.5995972422670299e-09,3.5995972422670299e-09,3.4603091846376639e-09,3.4603091846376639e-09,3.3317355825008888e-09,3.3317355825008888e-09,4.8395894262840215e-13,4.8395894262840215e-13,8.2125970186194252e-21,8.2125970186194252e-21,8.2125970186194252e-21
1.8518467722554402e-08,1.8518467722554402e-08,1.8438544792790841e-08,1.8438544792790841e-08,1.8257604886307751e-08,1.8257604886307751e-08,1.5876309154765445e-08,1.5876309154765445e-08,1.5876309154765445e-08,1.5876309154765445e-08,1.5876309154765445e-08,1.5876309154765445e-08,1.5876309154765445e-08,1.5876309154765445e-08,1.5876309154765445e-08,1.5787613572734944e-08,1.5787613572734944e-08,1.5802799172886781e-08,1.5802799172886781e-08,1.5467811483303324e-08,1.5467811483303324e-08,1.5357379211366611e-08,1.5357379211366611e-08,1.5289475608511703e-08,1.5289475608511703e-08,1.5335122820289633e-08,1.5335122820289633e-08,1.3494185281273805e-08,1.3494185281273805e-08,1.3494185281273805e-08,1.3494185281273805e-08,1.3494185281273805e-08,1.3387393770536971e-08,1.5667765870059458e-08,2.1626118082042601e-08,3.1720871719310204e-08,3.4883048385625220e-08,2.7712170171233628e-08,1.9203714107123412e-08,1.3574070207617927e-08,9.9757378130012049e-09,6.9514525943378486e-09,6.9514525943378486e-09,6.8110917948696878e-09,6.8110917948696878e-09,6.6761153721738982e-09,6.6761153721738982e-09,6.5302840575853744e-09,6.5302840575853744e-09,6.3843397698758624e-09,6.3843397698758624e-09,6.3843397698758624e-09,6.3843397698758624e-09,6.3843397698758624e-09,6.3843397698758624e-09,6.1745572636175553e-09,5.8861361892593105e-09,5.8861361892593105e-09,5.7397994309243327e-09,5.7397994309243327e-09,5.5988031971411550e-09,5.5988031971411550e-09,5.4577549867021556e-09,5.4577549867021556e-09,5.4577549867021556e-09,5.4577549867021556e-09,5.4577549867021556e-09,5.4577549867021556e-09,5.4577549867021556e-09,5.4577549867021556e-09,5.3206516991729401e-09,5.0571423326123021e-09,5.0571423326123021e-09,4.8145816556023390e-09,4.8145816556023390e-09,4.6745288757668920e-09,4.6745288757668920e-09,4.4101636121245648e-09,4.4101636121245648e-09,4.2748087243053478e-09,4.2748087243053478e-09,4.1396595542916364e-09,4.1396595542916364e-09,3.9990888357567027e-09,3.9990888357567027e-09,3.8639374003603412e-09,3.8639374003603412e-09,3.7287839758229869e-09,3.7287839758229869e-09,3.5995972422670299e-09,3.5995972422670299e-09,3.4603091846376639e-09,3.4603091846376639e-09,3.3317355825008888e-09,3.3317355825008888e-09,3.2031619706811173e-09,3.2031619706811173e-09,3.0745883495269446e-09,3.0745883495269446e-09,8.2125970186194252e-21,8.2125970186194252e-21
1.8438544792790841e-08,1.8438544792790841e-08,1.8438544792790841e-08,1.8257604886307751e-08,1.8257604886307751e-08,1.5876309154765445e-08,1.5876309154765445e-08,1.5876309154765445e-08,1.5876309154765445e-08,1.5876309154765445e-08,1.5876309154765445e-08,1.5876309154765445e-08,1.5876309154765445e-08,1.5876309154765445e-08,1.5787613572734944e-08,1.5787613572734944e-08,1.5802799172886781e-08,1.5802799172886781e-08,1.5467811483303324e-08,1.5467811483303324e-08,1.5357379211366611e-08,1.5357379211366611e-08,1.5289475608511703e-08,1.5289475608511703e-08,1.5335122820289633e-08,1.3494185281273805e-08,1.3494185281273805e-08,1.3494185281273805e-08,1.3494185281273805e-08,1.3494185281273805e-08,1.3494185281273805e-08,1.3387393770536971e-08,1.3387393770536971e-08,1.3156973720998597e-08,1.5801370284855068e-08,2.1685615590489037e-08,3.1545733465006756e-08,3.3886533706677011e-08,2.6525558055665397e-08,1.8099718247871337e-08,1.3010025567334166e-08,9.6438324666523043e-09,6.8110917948696878e-09,6.8110917948696878e-09,6.6761153721738982e-09,6.6761153721738982e-09,6.5302840575853744e-09,6.5302840575853744e-09,6.3843397698758624e-09,6.3843397698758624e-09,6.3843397698758624e-09,6.3843397698758624e-09,6.3843397698758624e-09,6.1745572636175553e-09,6.1745572636175553e-09,5.8861361892593105e-09,5.8861361892593105e-09,5.7397994309243327e-09,5.7397994309243327e-09,5.5988031971411550e-09,5.5988031971411550e-09,5.4577549867021556e-09,5.4577549867021556e-09,5.4577549867021556e-09,5.4577549867021556e-09,5.4577549867021556e-09,5.4577549867021556e-09,5.4577549867021556e-09,5.4577549867021556e-09,5.3206516991729401e-09,5.0571423326123021e-09,5.0571423326123021e-09,4.8145816556023390e-09,4.8145816556023390e-09,4.6745288757668920e-09,4.6745288757668920e-09,4.4101636121245648e-09,4.4101636121245648e-09,4.2748087243053478e-09,4.2748087243053478e-09,4.1396595542916364e-09,4.1396595542916364e-09,3.9990888357567027e-09,3.9990888357567027e-09,3.8639374003603412e-09,3.8639374003603412e-09,3.7287839758229869e-09,3.7287839758229869e-09,3.5995972422670299e-09,3.5995972422670299e-09,3.4603091846376639e-09,3.4603091846376639e-09,3.3317355825008888e-09,3.3317355825008888e-09,3.2031619706811173e-09,3.2031619706811173e-09,3.0745883495269446e-09,3.0745883495269446e-09,2.9359073542569130e-09,2.9359073542569130e-09,2.9359073542569130e-09
1.8438544792790841e-08,1.8438544792790841e-08,1.8257604886307751e-08,1.5876309154765445e-08,1.5876309154765445e-08,1.5876309154765445e-08,1.5876309154765445e-08,1.5876309154765445e-08,1.5876309154765445e-08,1.5876309154765445e-08,1.5876309154765445e-08,1.5876309154765445e-08,1.5876309154765445e-08,1.5787613572734944e-08,1.5787613572734944e-08,1.5802799172886781e-08,1.5802799172886781e-08,1.5467811483303324e-08,1.5467811483303324e-08,1.5357379211366611e-08,1.5357379211366611e-08,1.5289475608511703e-08,1.5289475608511703e-08,1.5335122820289633e-08,1.3494185281273805e-08,1.3494185281273805e-08,1.3494185281273805e-08,1.3494185281273805e-08,1.3494185281273805e-08,1.3494185281273805e-08,1.3387393770536971e-08,1.3387393770536971e-08,1.3156973720998597e-08,1.3156973720998597e-08,1.2898536782443776e-08,1.5596023125803822e-08,2.1664479719956603e-08,3.1352976751974041e-08,3.2941059427915128e-08,2.5131259839658184e-08,1.7182200071155878e-08,1.2205906849435181e-08,9.2269834555130093e-09,6.6761153721738982e-09,6.6761153721738982e-09,6.5302840575853744e-09,6.5302840575853744e-09,6.3843397698758624e-09,6.3843397698758624e-09,6.3843397698758624e-09,6.3843397698758624e-09,6.3843397698758624e-09,6.1745572636175553e-09,6.1745572636175553e-09,5.8861361892593105e-09,5.8861361892593105e-09,5.7397994309243327e-09,5.7397994309243327e-09,5.5988031971411550e-09,5.5988031971411550e-09,5.4577549867021556e-09,5.4577549867021556e-09,5.4577549867021556e-09,5.4577549867021556e-09,5.4577549867021556e-09,5.4577549867021556e-09,5.4577549867021556e-09,5.4577549867021556e-09,5.3206516991729401e-09,5.0571423326123021e-09,5.0571423326123021e-09,4.8145816556023390e-09,4.8145816556023390e-09,4.6745288757668920e-09,4.6745288757668920e-09,4.4101636121245648e-09,4.4101636121245648e-09,4.2748087243053478e-09,4.2748087243053478e-09,4.1396595542916364e-09,4.1396595542916364e-09,3.9990888357567027e-09,3.9990888357567027e-09,3.8639374003603412e-09,3.8639374003603412e-09,3.7287839758229869e-09,3.7287839758229869e-09,3.5995972422670299e-09,3.5995972422670299e-09,3.4603091846376639e-09,3.4603091846376639e-09,3.3317355825008888e-09,3.3317355825008888e-09,3.2031619706811173e-09,3.2031619706811173e-09,3.0745883495269446e-09,3.0745883495269446e-09,2.9359073542569130e-09,2.9359073542569130e-09,2.8146770349189299e-09,2.8146770349189299e-09
1.8257604886307751e-08,1.8257604886307751e-08,1.5876309154765445e-08,1.5876309154765445e-08,1.5876309154765445e-08,1.5876309154765445e-08,1.5876309154765445e-08,1.5876309154765445e-08,1.5876309154765445e-08,1.5876309154765445e-08,1.5876309154765445e-08,1.5876309154765445e-08,1.5787613572734944e-08,1.5787613572734944e-08,1.5802799172886781e-08,1.5802799172886781e-08,1.5467811483303324e-08,1.5467811483303324e-08,1.5357379211366611e-08,1.5357379211366611e-08,1.5289475608511703e-08,1.5289475608511703e-08,1.3494185281273805e-08,1.3494185281273805e-08,1.3494185281273805e-08,1.3494185281273805e-08,1.3494185281273805e-08,1.3494185281273805e-08,1.3494185281273805e-08,1.3387393770536971e-08,1.3387393770536971e-08,1.3156973720998597e-08,1.3156973720998597e-08,1.2898536782443776e-08,1.2898536782443776e-08,1.2753662027991738e-08,1.5775031578226089e-08,2.1976944245710270e-08,3.1456957195166606e-08,3.1670099462579569e-08,2.3619293085075518e-08,1.6094070701455490e-08,1.1097620151080640e-08,8.2368170453404122e-09,6.5302840575853744e-09,6.5302840575853744e-09,6.3843397698758624e-09,6.3843397698758624e-09,6.3843397698758624e-09,6.3843397698758624e-09,6.6439449971859180e-09,6.1745572636175553e-09,6.1745572636175553e-09,5.8861361892593105e-09,5.8861361892593105e-09,5.7397994309243327e-09,5.7397994309243327e-09,5.5988031971411550e-09,5.5988031971411550e-09,5.4577549867021556e-09,5.4577549867021556e-09,5.4577549867021556e-09,5.4577549867021556e-09,5.4577549867021556e-09,5.4577549867021556e-09,5.4577549867021556e-09,5.3206516991729401e-09,5.3206516991729401e-09,5.0571423326123021e-09,5.0571423326123021e-09,4.8145816556023390e-09,4.8145816556023390e-09,4.6745288757668920e-09,4.6745288757668920e-09,4.4101636121245648e-09,4.4101636121245648e-09,4.2748087243053478e-09,4.2748087243053478e-09,4.1396595542916364e-09,4.1396595542916364e-09,3.9990888357567027e-09,3.9990888357567027e-09,3.8639374003603412e-09,3.8639374003603412e-09,3.7287839758229869e-09,3.7287839758229869e-09,3.5995972422670299e-09,3.5995972422670299e-09,3.4603091846376639e-09,3.4603091846376639e-09,3.3317355825008888e-09,3.3317355825008888e-09,3.2031619706811173e-09,3.2031619706811173e-09,3.0745883495269446e-09,3.0745883495269446e-09,2.9359073542569130e-09,2.9359073542569130e-09,2.8146770349189299e-09,2.8146770349189299e-09,2.8146770349189299e-09
1.5876309154765445e-08,1.5876309154765445e-08,1.5876309154765445e-08,1.5876309154765445e-08,1.5876309154765445e-08,1.5876309154765445e-08,1.5876309154765445e-08,1.5876309154765445e-08,1.5876309154765445e-08,1.5876309154765445e-08,1.5876309154765445e-08,1.5787613572734944e-08,1.5787613572734944e-08,1.5802799172886781e-08,1.5802799172886781e-08,1.5467811483303324e-08,1.5467811483303324e-08,1.5357379211366611e-08,1.5357379211366611e-08,1.5289475608511703e-08,1.5289475608511703e-08,1.3494185281273805e-08,1.3494185281273805e-08,1.3494185281273805e-08,1.3494185281273805e-08,1.3494185281273805e-08,1.3494185281273805e-08,1.3494185281273805e-08,1.3387393770536971e-08,1.3387393770536971e-08,1.3156973720998597e-08,1.3156973720998597e-08,1.2898536782443776e-08,1.2898536782443776e-08,1.2753662027991738e-08,1.2753662027991738e-08,1.2588784929374516e-08,1.5808738459749571e-08,2.2538533297499783e-08,3.1343374215502624e-08,3.0419939901284939e-08,2.2177486513111318e-08,1.4987706607612044e-08,1.0449129354137247e-08,7.5541995209090994e-09,6.3843397698758624e-09,6.3843397698758624e-09,6.3843397698758624e-09,6.6439449971859180e-09,6.6439449971859180e-09,6.1745572636175553e-09,6.1745572636175553e-09,5.8861361892593105e-09,5.8861361892593105e-09,5.7397994309243327e-09,5.7397994309243327e-09,5.5988031971411550e-09,5.5988031971411550e-09,5.4577549867021556e-09,5.4577549867021556e-09,5.4577549867021556e-09,5.4577549867021556e-09,5.4577549867021556e-09,5.4577549867021556e-09,5.4577549867021556e-09,5.3206516991729401e-09,5.3206516991729401e-09,5.0571423326123021e-09,5.0571423326123021e-09,4.8145816556023390e-09,4.8145816556023390e-09,4.6745288757668920e-09,4.6745288757668920e-09,4.4101636121245648e-09,4.4101636121245648e-09,4.2748087243053478e-09,4.2748087243053478e-09,4.1396595542916364e-09,4.1396595542916364e-09,3.9990888357567027e-09,3.9990888357567027e-09,3.8639374003603412e-09,3.8639374003603412e-09,3.7287839758229869e-09,3.7287839758229869e-09,3.5995972422670299e-09,3.5995972422670299e-09,3.4603091846376639e-09,3.4603091846376639e-09,3.3317355825008888e-09,3.3317355825008888e-09,3.2031619706811173e-09,3.2031619706811173e-09,3.0745883495269446e-09,3.0745883495269446e-09,2.9359073542569130e-09,2.9359073542569130e-09,2.8146770349189299e-09,2.8146770349189299e-09,2.6881896146505878e-09,2.6881896146505878e-09
1.5876309154765445e-08,1.5876309154765445e-08,1.5876309154765445e-08,1.5876309154765445e-08,1.5876309154765445e-08,1.5876309154765445e-08,1.5876309154765445e-08,1.5876309154765445e-08,1.5876309154765445e-08,1.5876309154765445e-08,1.5787613572734944e-08,1.5787613572734944e-08,1.5802799172886781e-08,1.5802799172886781e-08,1.5467811483303324e-08,1.5467811483303324e-08,1.5357379211366611e-08,1.5357379211366611e-08,1.5289475608511703e-08,1.3494185281273805e-08,1.3494185281273805e-08,1.3494185281273805e-08,1.3494185281273805e-08,1.3494185281273805e-08,1.3494185281273805e-08,1.3494185281273805e-08,1.3494185281273805e-08,1.3387393770536971e-08,1.3387393770536971e-08,1.3156973720998597e-08,1.3156973720998597e-08,1.2898536782443776e-08,1.2898536782443776e-08,1.2753662027991738e-08,1.2753662027991738e-08,1.2588784929374516e-08,1.2588784929374516e-08,1.2426653777077670e-08,1.5806759167839525e-08,2.2534973341442608e-08,3.0831237528896292e-08,2.9319768115386887e-08,2.1064899746871749e-08,1.4088710796430013e-08,9.9059969688327942e-09,7.1363283992309609e-09,7.1363283992309609e-09,6.6439449971859180e-09,6.6439449971859180e-09,6.1745572636175553e-09,6.1745572636175553e-09,5.8861361892593105e-09,5.8861361892593105e-09,5.7397994309243327e-09,5.7397994309243327e-09,5.5988031971411550e-09,5.5988031971411550e-09,5.4577549867021556e-09,5.4577549867021556e-09,5.4577549867021556e-09,5.4577549867021556e-09,5.4577549867021556e-09,5.4577549867021556e-09,5.4577549867021556e-09,5.3206516991729401e-09,5.3206516991729401e-09,5.0571423326123021e-09,5.0571423326123021e-09,4.8145816556023390e-09,4.8145816556023390e-09,4.6745288757668920e-09,4.6745288757668920e-09,4.4101636121245648e-09,4.4101636121245648e-09,4.2748087243053478e-09,4.2748087243053478e-09,4.1396595542916364e-09,4.1396595542916364e-09,3.9990888357567027e-09,3.9990888357567027e-09,3.8639374003603412e-09,3.8639374003603412e-09,3.7287839758229869e-09,3.7287839758229869e-09,3.5995972422670299e-09,3.5995972422670299e-09,3.4603091846376639e-09,3.4603091846376639e-09,3.3317355825008888e-09,3.3317355825008888e-09,3.2031619706811173e-09,3.2031619706811173e-09,3.0745883495269446e-09,3.0745883495269446e-09,2.9359073542569130e-09,2.9359073542569130e-09,2.8146770349189299e-09,2.8146770349189299e-09,2.6881896146505878e-09,2.6881896146505878e-09,2.6881896146505878e-09
1.5876309154765445e-08,1.5876309154765445e-08,1.5876309154765445e-08,1.5876309154765445e-08,1.5876309154765445e-08,1.5876309154765445e-08,1.5876309154765445e-08,1.5876309154765445e-08,1.5876309154765445e-08,1.5787613572734944e-08,1.5787613572734944e-08,1.5802799172886781e-08,1.5802799172886781e-08,1.5467811483303324e-08,1.5467811483303324e-08,1.5357379211366611e-08,1.5357379211366611e-08,1.5289475608511703e-08,1.3494185281273805e-08,1.3494185281273805e-08,1.3494185281273805e-08,1.3494185281273805e-08,1.3494185281273805e-08,1.3494185281273805e-08,1.3494185281273805e-08,1.3494185281273805e-08,1.3387393770536971e-08,1.3387393770536971e-08,1.3156973720998597e-08,1.3156973720998597e-08,1.2898536782443776e-08,1.2898536782443776e-08,1.2753662027991738e-08,1.2753662027991738e-08,1.2588784929374516e-08,1.2588784929374516e-08,1.2426653777077670e-08,1.2426653777077670e-08,1.2126896546879563e-08,1.5545293070988616e-08,2.2355879634139454e-08,3.0389217639890962e-08,2.8270907307967011e-08,1.9911288545928264e-08,1.3396614191779062e-08,9.3851643633201006e-09,6.6439449971859180e-09,6.6439449971859180e-09,6.1745572636175553e-09,6.1745572636175553e-09,5.8861361892593105e-09,5.8861361892593105e-09,5.7397994309243327e-09,5.7397994309243327e-09,5.5988031971411550e-09,5.5988031971411550e-09,5.4577549867021556e-09,5.4577549867021556e-09,5.4577549867021556e-09,5.4577549867021556e-09,5.4577549867021556e-09,5.4577549867021556e-09,5.7218301971131144e-09,5.3206516991729401e-09,5.3206516991729401e-09,5.0571423326123021e-09,5.0571423326123021e-09,4.8145816556023390e-09,4.8145816556023390e-09,4.6745288757668920e-09,4.6745288757668920e-09,4.4101636121245648e-09,4.4101636121245648e-09,4.2748087243053478e-09,4.2748087243053478e-09,4.1396595542916364e-09,4.1396595542916364e-09,3.9990888357567027e-09,3.9990888357567027e-09,3.8639374003603412e-09,3.8639374003603412e-09,3.7287839758229869e-09,3.7287839758229869e-09,3.5995972422670299e-09,3.5995972422670299e-09,3.4603091846376639e-09,3.4603091846376639e-09,3.3317355825008888e-09,3.3317355825008888e-09,3.2031619706811173e-09,3.2031619706811173e-09,3.0745883495269446e-09,3.0745883495269446e-09,2.9359073542569130e-09,2.9359073542569130e-09,2.8146770349189299e-09,2.8146770349189299e-09,2.6881896146505878e-09,2.6881896146505878e-09,2.6704530682002240e-09,2.6704530682002240e-09
1.5876309154765445e-08,1.5876309154765445e-08,1.5876309154765445e-08,1.5876309154765445e-08,1.5876309154765445e-08,1.5876309154765445e-08,1.5876309154765445e-08,1.5876309154765445e-08,1.5787613572734944e-08,1.5787613572734944e-08,1.5802799172886781e-08,1.5802799172886781e-08,1.5467811483303324e-08,1.5467811483303324e-08,1.5357379211366611e-08,1.5357379211366611e-08,1.5289475608511703e-08,1.3494185281273805e-08,1.3494185281273805e-08,1.3494185281273805e-08,1.3494185281273805e-08,1.3494185281273805e-08,1.3494185281273805e-08,1.3494185281273805e-08,1.3494185281273805e-08,1.3387393770536971e-08,1.3387393770536971e-08,1.3156973720998597e-08,1.3156973720998597e-08,1.2898536782443776e-08,1.2898536782443776e-08,1.2753662027991738e-08,1.2753662027991738e-08,1.2588784929374516e-08,1.2588784929374516e-08,1.2426653777077670e-08,1.2426653777077670e-08,1.2126896546879563e-08,1.2126896546879563e-08,1.1932946811127648e-08,1.5542210364934261e-08,2.2633827099799762e-08,3.0005747913502878e-08,2.6979957083989531e-08,1.8592735874779108e-08,1.2358909218531447e-08,8.7642437787974533e-09,6.1745572636175553e-09,6.1745572636175553e-09,5.8861361892593105e-09,5.8861361892593105e-09,5.7397994309243327e-09,5.7397994309243327e-09,5.5988031971411550e-09,5.5988031971411550e-09,5.4577549867021556e-09,5.4577549867021556e-09,5.4577549867021556e-09,5.4577549867021556e-09,5.4577549867021556e-09,5.4577549867021556e-09,5.7218301971131144e-09,5.3206516991729401e-09,5.3206516991729401e-09,5.0571423326123021e-09,5.0571423326123021e-09,4.8145816556023390e-09,4.8145816556023390e-09,4.6745288757668920e-09,4.6745288757668920e-09,4.4101636121245648e-09,4.4101636121245648e-09,4.2748087243053478e-09,4.2748087243053478e-09,4.1396595542916364e-09,4.1396595542916364e-09,3.9990888357567027e-09,3.9990888357567027e-09,3.8639374003603412e-09,3.8639374003603412e-09,3.7287839758229869e-09,3.7287839758229869e-09,3.5995972422670299e-09,3.5995972422670299e-09,3.4603091846376639e-09,3.4603091846376639e-09,3.3317355825008888e-09,3.3317355825008888e-09,3.2031619706811173e-09,3.2031619706811173e-09,3.0745883495269446e-09,3.0745883495269446e-09,2.9359073542569130e-09,2.9359073542569130e-09,2.8146770349189299e-09,2.8146770349189299e-09,2.6881896146505878e-09,2.6881896146505878e-09,2.6704530682002240e-09,2.6704530682002240e-09,2.6704530682002240e-09
1.5876309154765445e-08,1.5876309154765445e-08,1.5876309154765445e-08,1.5876309154765445e-08,1.5876309154765445e-08,1.5876309154765445e-08,1.5876309154765445e-08,1.5787613572734944e-08,1.5787613572734944e-08,1.5802799172886781e-08,1.5802799172886781e-08,1.5467811483303324e-08,1.5467811483303324e-08,1.5357379211366611e-08,1.5357379211366611e-08,1.3494185281273805e-08,1.3494185281273805e-08,1.3494185281273805e-08,1.3494185281273805e-08,1.3494185281273805e-08,1.3494185281273805e-08,1.3494185281273805e-08,1.3494185281273805e-08,1.3494185281273805e-08,1.3387393770536971e-08,1.3387393770536971e-08,1.3156973720998597e-08,1.3156973720998597e-08,1.2898536782443776e-08,1.2898536782443776e-08,1.2753662027991738e-08,1.2753662027991738e-08,1.2588784929374516e-08,1.2588784929374516e-08,1.2426653777077670e-08,1.2426653777077670e-08,1.2126896546879563e-08,1.2126896546879563e-08,1.1932946811127648e-08,1.1932946811127648e-08,1.1768189068239726e-08,1.5562755767253316e-08,2.2971839831026057e-08,2.9444207387887944e-08,2.5716310209696234e-08,1.7490839962451803e-08,1.1848810570599718e-08,8.4507769415542360e-09,5.8861361892593105e-09,5.8861361892593105e-09,5.7397994309243327e-09,5.7397994309243327e-09,5.5988031971411550e-09,5.5988031971411550e-09,5.4577549867021556e-09,5.4577549867021556e-09,5.4577549867021556e-09,5.4577549867021556e-09,5.4577549867021556e-09,5.7218301971131144e-09,5.7218301971131144e-09,5.3206516991729401e-09,5.3206516991729401e-09,5.0571423326123021e-09,5.0571423326123021e-09,4.8145816556023390e-09,4.8145816556023390e-09,4.6745288757668920e-09,4.6745288757668920e-09,4.4101636121245648e-09,4.4101636121245648e-09,4.2748087243053478e-09,4.2748087243053478e-09,4.1396595542916364e-09,4.1396595542916364e-09,3.9990888357567027e-09,3.9990888357567027e-09,3.8639374003603412e-09,3.8639374003603412e-09,3.7287839758229869e-09,3.7287839758229869e-09,3.5995972422670299e-09,3.5995972422670299e-09,3.4603091846376639e-09,3.4603091846376639e-09,3.3317355825008888e-09,3.3317355825008888e-09,3.2031619706811173e-09,3.2031619706811173e-09,3.0745883495269446e-09,3.0745883495269446e-09,2.9359073542569130e-09,2.9359073542569130e-09,2.8146770349189299e-09,2.8146770349189299e-09,2.6881896146505878e-09,2.6881896146505878e-09,2.6704530682002240e-09,2.6704530682002240e-09,2.5384608302143168e-09,2.5384608302143168e-09
1.5876309154765445e-08,1.5876309154765445e-08,1.5876309154765445e-08,1.5876309154765445e-08,1.5876309154765445e-08,1.5876309154765445e-08,1.5787613572734944e-08,1.5787613572734944e-08,1.5802799172886781e-08,1.5802799172886781e-08,1.5467811483303324e-08,1.5467811483303324e-08,1.5357379211366611e-08,1.5357379211366611e-08,1.3494185281273805e-08,1.3494185281273805e-08,1.3494185281273805e-08,1.3494185281273805e-08,1.3494185281273805e-08,1.3494185281273805e-08,1.3494185281273805e-08,1.3494185281273805e-08,1.3494185281273805e-08,1.3387393770536971e-08,1.3387393770536971e-08,1.3156973720998597e-08,1.3156973720998597e-08,1.2898536782443776e-08,1.2898536782443776e-08,1.2753662027991738e-08,1.2753662027991738e-08,1.2588784929374516e-08,1.2588784929374516e-08,1.2426653777077670e-08,1.2426653777077670e-08,1.2126896546879563e-08,1.2126896546879563e-08,1.1932946811127648e-08,1.1932946811127648e-08,1.1768189068239726e-08,1.1768189068239726e-08,1.1611111529204688e-08,1.5289823271558031e-08,2.2703556457582475e-08,2.8745296089555234e-08,2.4846519567807669e-08,1.6666209164865721e-08,1.1110662059413453e-08,7.8789959599435466e-09,5.7397994309243327e-09,5.7397994309243327e-09,5.5988031971411550e-09,5.5988031971411550e-09,5.4577549867021556e-09,5.4577549867021556e-09,5.4577549867021556e-09,5.4577549867021556e-09,5.4577549867021556e-09,5.7218301971131144e-09,5.7218301971131144e-09,5.3206516991729401e-09,5.3206516991729401e-09,5.0571423326123021e-09,5.0571423326123021e-09,4.8145816556023390e-09,4.8145816556023390e-09,4.6745288757668920e-09,4.6745288757668920e-09,4.4101636121245648e-09,4.4101636121245648e-09,4.2748087243053478e-09,4.2748087243053478e-09,4.1396595542916364e-09,4.1396595542916364e-09,3.9990888357567027e-09,3.9990888357567027e-09,3.8639374003603412e-09,3.8639374003603412e-09,3.7287839758229869e-09,3.7287839758229869e-09,3.5995972422670299e-09,3.5995972422670299e-09,3.4603091846376639e-09,3.4603091846376639e-09,3.3317355825008888e-09,3.3317355825008888e-09,3.2031619706811173e-09,3.2031619706811173e-09,3.0745883495269446e-09,3.0745883495269446e-09,2.9359073542569130e-09,2.9359073542569130e-09,2.8146770349189299e-09,2.8146770349189299e-09,2.6881896146505878e-09,2.6881896146505878e-09,2.6704530682002240e-09,2.6704530682002240e-09,2.5384608302143168e-09,2.5384608302143168e-09,2.5384608302143168e-09
1.5876309154765445e-08,1.5876309154765445e-08,1.5876309154765445e-08,1.5876309154765445e-08,1.5876309154765445e-08,1.5787613572734944e-08,1.5787613572734944e-08,1.5802799172886781e-08,1.5802799172886781e-08,1.5467811483303324e-08,1.5467811483303324e-08,1.5357379211366611e-08,1.5357379211366611e-08,1.3494185281273805e-08,1.3494185281273805e-08,1.3494185281273805e-08,1.3494185281273805e-08,1.3494185281273805e-08,1.3494185281273805e-08,1.3494185281273805e-08,1.3494185281273805e-08,1.3494185281273805e-08,1.3387393770536971e-08,1.3387393770536971e-08,1.3156973720998597e-08,1.3156973720998597e-08,1.2898536782443776e-08,1.2898536782443776e-08,1.2753662027991738e-08,1.2753662027991738e-08,1.2588784929374516e-08,1.2588784929374516e-08,1.2426653777077670e-08,1.2426653777077670e-08,1.2126896546879563e-08,1.2126896546879563e-08,1.1932946811127648e-08,1.1932946811127648e-08,1.1768189068239726e-08,1.1768189068239726e-08,1.1611111529204688e-08,1.1611111529204688e-08,1.1319016297995497e-08,1.4993866276786050e-08,2.2380359087667084e-08,2.8147148750611582e-08,2.3837534955002806e-08,1.5838896554895221e-08,1.0439320437690370e-08,7.3127819141765016e-09,5.5988031971411550e-09,5.5988031971411550e-09,5.4577549867021556e-09,5.4577549867021556e-09,5.4577549867021556e-09,5.4577549867021556e-09,5.9550859375422384e-09,5.7218301971131144e-09,5.7218301971131144e-09,5.3206516991729401e-09,5.3206516991729401e-09,5.0571423326123021e-09,5.0571423326123021e-09,4.8145816556023390e-09,4.8145816556023390e-09,4.6745288757668920e-09,4.6745288757668920e-09,4.4101636121245648e-09,4.4101636121245648e-09,4.2748087243053478e-09,4.2748087243053478e-09,4.1396595542916364e-09,4.1396595542916364e-09,3.9990888357567027e-09,3.9990888357567027e-09,3.8639374003603412e-09,3.8639374003603412e-09,3.7287839758229869e-09,3.7287839758229869e-09,3.5995972422670299e-09,3.5995972422670299e-09,3.4603091846376639e-09,3.4603091846376639e-09,3.3317355825008888e-09,3.3317355825008888e-09,3.2031619706811173e-09,3.2031619706811173e-09,3.0745883495269446e-09,3.0745883495269446e-09,2.9359073542569130e-09,2.9359073542569130e-09,2.8146770349189299e-09,2.8146770349189299e-09,2.6881896146505878e-09,2.6881896146505878e-09,2.6704530682002240e-09,2.6704530682002240e-09,2.5384608302143168e-09,2.5384608302143168e-09,2.5183951578432695e-09,2.5183951578432695e-09
1.5876309154765445e-08,1.5876309154765445e-08,1.5876309154765445e-08,1.5876309154765445e-08,1.5787613572734944e-08,1.5787613572734944e-08,1.5802799172886781e-08,1.5802799172886781e-08,1.5467811483303324e-08,1.5467811483303324e-08,1.5357379211366611e-08,1.3494185281273805e-08,1.3494185281273805e-08,1.3494185281273805e-08,1.3494185281273805e-08,1.3494185281273805e-08,1.3494185281273805e-08,1.3494185281273805e-08,1.3494185281273805e-08,1.3494185281273805e-08,1.3494185281273805e-08,1.3387393770536971e-08,1.3387393770536971e-08,1.3156973720998597e-08,1.3156973720998597e-08,1.2898536782443776e-08,1.2898536782443776e-08,1.2753662027991738e-08,1.2753662027991738e-08,1.2588784929374516e-08,1.2588784929374516e-08,1.2426653777077670e-08,1.2426653777077670e-08,1.2126896546879563e-08,1.2126896546879563e-08,1.1932946811127648e-08,1.1932946811127648e-08,1.1768189068239726e-08,1.1768189068239726e-08,1.1611111529204688e-08,1.1611111529204688e-08,1.1319016297995497e-08,1.1319016297995497e-08,1.1071328734959759e-08,1.4899915639682746e-08,2.2390059055095913e-08,2.7467249015515444e-08,2.2641889548592091e-08,1.4816563150250237e-08,9.7951372238117903e-09,6.6846436888131008e-09,5.4577549867021556e-09,5.4577549867021556e-09,5.4577549867021556e-09,5.9550859375422384e-09,5.9550859375422384e-09,5.7218301971131144e-09,5.7218301971131144e-09,5.3206516991729401e-09,5.3206516991729401e-09,5.0571423326123021e-09,5.0571423326123021e-09,4.8145816556023390e-09,4.8145816556023390e-09,4.6745288757668920e-09,4.6745288757668920e-09,4.4101636121245648e-09,4.4101636121245648e-09,4.2748087243053478e-09,4.2748087243053478e-09,4.1396595542916364e-09,4.1396595542916364e-09,3.9990888357567027e-09,3.9990888357567027e-09,3.8639374003603412e-09,3.8639374003603412e-09,3.7287839758229869e-09,3.7287839758229869e-09,3.5995972422670299e-09,3.5995972422670299e-09,3.4603091846376639e-09,3.4603091846376639e-09,3.3317355825008888e-09,3.3317355825008888e-09,3.2031619706811173e-09,3.2031619706811173e-09,3.0745883495269446e-09,3.0745883495269446e-09,2.9359073542569130e-09,2.9359073542569130e-09,2.8146770349189299e-09,2.8146770349189299e-09,2.6881896146505878e-09,2.6881896146505878e-09,2.6704530682002240e-09,2.6704530682002240e-09,2.5384608302143168e-09,2.5384608302143168e-09,2.5183951578432695e-09,2.5183951578432695e-09,2.5183951578432695e-09
1.5876309154765445e-08,1.5876309154765445e-08,1.5876309154765445e-08,1.5787613572734944e-08,1.5787613572734944e-08,1.5802799172886781e-08,1.5802799172886781e-08,1.5467811483303324e-08,1.5467811483303324e-08,1.5357379211366611e-08,1.3494185281273805e-08,1.3494185281273805e-08,1.3494185281273805e-08,1.3494185281273805e-08,1.3494185281273805e-08,1.3494185281273805e-08,1.3494185281273805e-08,1.3494185281273805e-08,1.3494185281273805e-08,1.3494185281273805e-08,1.3387393770536971e-08,1.3387393770536971e-08,1.3156973720998597e-08,1.3156973720998597e-08,1.2898536782443776e-08,1.2898536782443776e-08,1.2753662027991738e-08,1.2753662027991738e-08,1.2588784929374516e-08,1.2588784929374516e-08,1.2426653777077670e-08,1.2426653777077670e-08,1.2126896546879563e-08,1.2126896546879563e-08,1.1932946811127648e-08,1.1932946811127648e-08,1.1768189068239726e-08,1.1768189068239726e-08,1.1611111529204688e-08,1.1611111529204688e-08,1.1319016297995497e-08,1.1319016297995497e-08,1.1071328734959759e-08,1.1071328734959759e-08,1.1007984774546604e-08,1.4751269419503773e-08,2.2335190301234740e-08,2.6791059280524045e-08,2.1652128476423014e-08,1.3999398080739648e-08,9.1212964211836798e-09,6.2294887818278496e-09,6.2294887818278496e-09,5.9550859375422384e-09,5.9550859375422384e-09,5.7218301971131144e-09,5.7218301971131144e-09,5.3206516991729401e-09,5.3206516991729401e-09,5.0571423326123021e-09,5.0571423326123021e-09,4.8145816556023390e-09,4.8145816556023390e-09,4.6745288757668920e-09,4.6745288757668920e-09,4.4101636121245648e-09,4.4101636121245648e-09,4.2748087243053478e-09,4.2748087243053478e-09,4.1396595542916364e-09,4.1396595542916364e-09,3.9990888357567027e-09,3.9990888357567027e-09,3.8639374003603412e-09,3.8639374003603412e-09,3.7287839758229869e-09,3.7287839758229869e-09,3.5995972422670299e-09,3.5995972422670299e-09,3.4603091846376639e-09,3.4603091846376639e-09,3.3317355825008888e-09,3.3317355825008888e-09,3.2031619706811173e-09,3.2031619706811173e-09,3.0745883495269446e-09,3.0745883495269446e-09,2.9359073542569130e-09,2.9359073542569130e-09,2.8146770349189299e-09,2.8146770349189299e-09,2.6881896146505878e-09,2.6881896146505878e-09,2.6704530682002240e-09,2.6704530682002240e-09,2.5384608302143168e-09,2.5384608302143168e-09,2.5183951578432695e-09,2.5183951578432695e-09,2.3697465411617246e-09,2.3697465411617246e-09
1.5876309154765445e-08,1.5876309154765445e-08,1.5787613572734944e-08,1.5787613572734944e-08,1.5802799172886781e-08,1.5802799172886781e-08,1.5467811483303324e-08,1.5467811483303324e-08,1.5357379211366611e-08,1.3494185281273805e-08,1.3494185281273805e-08,1.3494185281273805e-08,1.3494185281273805e-08,1.3494185281273805e-08,1.3494185281273805e-08,1.3494185281273805e-08,1.3494185281273805e-08,1.3494185281273805e-08,1.3494185281273805e-08,1.3387393770536971e-08,1.3387393770536971e-08,1.3156973720998597e-08,1.3156973720998597e-08,1.2898536782443776e-08,1.2898536782443776e-08,1.2753662027991738e-08,1.2753662027991738e-08,1.2588784929374516e-08,1.2588784929374516e-08,1.2426653777077670e-08,1.2426653777077670e-08,1.2126896546879563e-08,1.2126896546879563e-08,1.1932946811127648e-08,1.1932946811127648e-08,1.1768189068239726e-08,1.1768189068239726e-08,1.1611111529204688e-08,1.1611111529204688e-08,1.1319016297995497e-08,1.1319016297995497e-08,1.1071328734959759e-08,1.1071328734959759e-08,1.1007984774546604e-08,1.1007984774546604e-08,1.0779936638989348e-08,1.4445284995122129e-08,2.1701664401195683e-08,2.6007569202959208e-08,2.0946839620189660e-08,1.3338565559395689e-08,8.8123559039337226e-09,5.9550859375422384e-09,5.9550859375422384e-09,5.7218301971131144e-09,5.7218301971131144e-09,5.3206516991729401e-09,5.3206516991729401e-09,5.0571423326123021e-09,5.0571423326123021e-09,4.8145816556023390e-09,4.8145816556023390e-09,4.6745288757668920e-09,4.6745288757668920e-09,4.4101636121245648e-09,4.4101636121245648e-09,4.2748087243053478e-09,4.2748087243053478e-09,4.1396595542916364e-09,4.1396595542916364e-09,3.9990888357567027e-09,3.9990888357567027e-09,3.8639374003603412e-09,3.8639374003603412e-09,3.7287839758229869e-09,3.7287839758229869e-09,3.5995972422670299e-09,3.5995972422670299e-09,3.4603091846376639e-09,3.4603091846376639e-09,3.3317355825008888e-09,3.3317355825008888e-09,3.2031619706811173e-09,3.2031619706811173e-09,3.0745883495269446e-09,3.0745883495269446e-09,2.9359073542569130e-09,2.9359073542569130e-09,2.8146770349189299e-09,2.8146770349189299e-09,2.6881896146505878e-09,2.6881896146505878e-09,2.6704530682002240e-09,2.6704530682002240e-09,2.5384608302143168e-09,2.5384608302143168e-09,2.5183951578432695e-09,2.5183951578432695e-09,2.3697465411617246e-09,2.3697465411617246e-09,2.3697465411617246e-09
1.5787613572734944e-08,1.5787613572734944e-08,1.5787613572734944e-08,1.5802799172886781e-08,1.5802799172886781e-08,1.5467811483303324e-08,1.5467811483303324e-08,1.5357379211366611e-08,1.3494185281273805e-08,1.3494185281273805e-08,1.3494185281273805e-08,1.3494185281273805e-08,1.3494185281273805e-08,1.3494185281273805e-08,1.3494185281273805e-08,1.3494185281273805e-08,1.3494185281273805e-08,1.3494185281273805e-08,1.3387393770536971e-08,1.3387393770536971e-08,1.3156973720998597e-08,1.3156973720998597e-08,1.2898536782443776e-08,1.2898536782443776e-08,1.2753662027991738e-08,1.2753662027991738e-08,1.2588784929374516e-08,1.2588784929374516e-08,1.2426653777077670e-08,1.2426653777077670e-08,1.2126896546879563e-08,1.2126896546879563e-08,1.1932946811127648e-08,1.1932946811127648e-08,1.1768189068239726e-08,1.1768189068239726e-08,1.1611111529204688e-08,1.1611111529204688e-08,1.1319016297995497e-08,1.1319016297995497e-08,1.1071328734959759e-08,1.1071328734959759e-08,1.1007984774546604e-08,1.1007984774546604e-08,1.0779936638989348e-08,1.0779936638989348e-08,1.0304307503943866e-08,1.3912005353284483e-08,2.1111907267365613e-08,2.5383167691154152e-08,2.0141770781280773e-08,1.2717524857739271e-08,8.2968644537152706e-09,5.7218301971131144e-09,5.7218301971131144e-09,5.3206516991729401e-09,5.3206516991729401e-09,5.0571423326123021e-09,5.0571423326123021e-09,4.8145816556023390e-09,4.8145816556023390e-09,4.6745288757668920e-09,4.6745288757668920e-09,4.4101636121245648e-09,4.4101636121245648e-09,4.2748087243053478e-09,4.2748087243053478e-09,4.1396595542916364e-09,4.1396595542916364e-09,3.9990888357567027e-09,3.9990888357567027e-09,3.8639374003603412e-09,3.8639374003603412e-09,3.7287839758229869e-09,3.7287839758229869e-09,3.5995972422670299e-09,3.5995972422670299e-09,3.4603091846376639e-09,3.4603091846376639e-09,3.3317355825008888e-09,3.3317355825008888e-09,3.2031619706811173e-09,3.2031619706811173e-09,3.0745883495269446e-09,3.0745883495269446e-09,2.9359073542569130e-09,2.9359073542569130e-09,2.8146770349189299e-09,2.8146770349189299e-09,2.6881896146505878e-09,2.6881896146505878e-09,2.6704530682002240e-09,2.6704530682002240e-09,2.5384608302143168e-09,2.5384608302143168e-09,2.5183951578432695e-09,2.5183951578432695e-09,2.3697465411617246e-09,2.3697465411617246e-09,2.3419771642564460e-09,2.3419771642564460e-09
1.5787613572734944e-08,1.5787613572734944e-08,1.5802799172886781e-08,1.5802799172886781e-08,1.5467811483303324e-08,1.5467811483303324e-08,1.3494185281273805e-08,1.3494185281273805e-08,1.3494185281273805e-08,1.3494185281273805e-08,1.3494185281273805e-08,1.3494185281273805e-08,1.3494185281273805e-08,1.3494185281273805e-08,1.3494185281273805e-08,1.3494185281273805e-08,1.3494185281273805e-08,1.3387393770536971e-08,1.3387393770536971e-08,1.3156973720998597e-08,1.3156973720998597e-08,1.2898536782443776e-08,1.2898536782443776e-08,1.2753662027991738e-08,1.2753662027991738e-08,1.2588784929374516e-08,1.2588784929374516e-08,1.2426653777077670e-08,1.2426653777077670e-08,1.2126896546879563e-08,1.2126896546879563e-08,1.1932946811127648e-08,1.1932946811127648e-08,1.1768189068239726e-08,1.1768189068239726e-08,1.1611111529204688e-08,1.1611111529204688e-08,1.1319016297995497e-08,1.1319016297995497e-08,1.1071328734959759e-08,1.1071328734959759e-08,1.1007984774546604e-08,1.1007984774546604e-08,1.0779936638989348e-08,1.0779936638989348e-08,1.0304307503943866e-08,1.0304307503943866e-08,1.0156517220434545e-08,1.3710310079667435e-08,2.0771270193293893e-08,2.4604275942532896e-08,1.9337219112062399e-08,1.2082030924808376e-08,7.8523799611372318e-09,5.3206516991729401e-09,5.3206516991729401e-09,5.0571423326123021e-09,5.0571423326123021e-09,4.8145816556023390e-09,4.8145816556023390e-09,4.6745288757668920e-09,4.6745288757668920e-09,4.4101636121245648e-09,4.4101636121245648e-09,4.2748087243053478e-09,4.2748087243053478e-09,4.1396595542916364e-09,4.1396595542916364e-09,3.9990888357567027e-09,3.9990888357567027e-09,3.8639374003603412e-09,3.8639374003603412e-09,3.7287839758229869e-09,3.7287839758229869e-09,3.5995972422670299e-09,3.5995972422670299e-09,3.4603091846376639e-09,3.4603091846376639e-09,3.3317355825008888e-09,3.3317355825008888e-09,3.2031619706811173e-09,3.2031619706811173e-09,3.0745883495269446e-09,3.0745883495269446e-09,2.9359073542569130e-09,2.9359073542569130e-09,2.8146770349189299e-09,2.8146770349189299e-09,2.6881896146505878e-09,2.6881896146505878e-09,2.6704530682002240e-09,2.6704530682002240e-09,2.5384608302143168e-09,2.5384608302143168e-09,2.5183951578432695e-09,2.5183951578432695e-09,2.3697465411617246e-09,2.3697465411617246e-09,2.3419771642564460e-09,2.3419771642564460e-09,2.3419771642564460e-09
1.5802799172886781e-08,1.5802799172886781e-08,1.5802799172886781e-08,1.5467811483303324e-08,1.5467811483303324e-08,1.3494185281273805e-08,1.3494185281273805e-08,1.3494185281273805e-08,1.3494185281273805e-08,1.3494185281273805e-08,1.3494185281273805e-08,1.3494185281273805e-08,1.3494185281273805e-08,1.3494185281273805e-08,1.3494185281273805e-08,1.3494185281273805e-08,1.3387393770536971e-08,1.3387393770536971e-08,1.3156973720998597e-08,1.3156973720998597e-08,1.2898536782443776e-08,1.2898536782443776e-08,1.2753662027991738e-08,1.2753662027991738e-08,1.2588784929374516e-08,1.2588784929374516e-08,1.2426653777077670e-08,1.2426653777077670e-08,1.2126896546879563e-08,1.2126896546879563e-08,1.1932946811127648e-08,1.1932946811127648e-08,1.1768189068239726e-08,1.1768189068239726e-08,1.1611111529204688e-08,1.1611111529204688e-08,1.1319016297995497e-08,1.1319016297995497e-08,1.1071328734959759e-08,1.1071328734959759e-08,1.1007984774546604e-08,1.1007984774546604e-08,1.0779936638989348e-08,1.0779936638989348e-08,1.0304307503943866e-08,1.0304307503943866e-08,1.0156517220434545e-08,1.0156517220434545e-08,9.9627478598508520e-09,1.3406674191167586e-08,2.0434187286155876e-08,2.3907700873226136e-08,1.8379789256884875e-08,1.1484619748628958e-08,7.4663999790960613e-09,5.0571423326123021e-09,5.0571423326123021e-09,4.8145816556023390e-09,4.8145816556023390e-09,4.6745288757668920e-09,4.6745288757668920e-09,4.4101636121245648e-09,4.4101636121245648e-09,4.2748087243053478e-09,4.2748087243053478e-09,4.1396595542916364e-09,4.1396595542916364e-09,3.9990888357567027e-09,3.9990888357567027e-09,3.8639374003603412e-09,3.8639374003603412e-09,3.7287839758229869e-09,3.7287839758229869e-09,3.5995972422670299e-09,3.5995972422670299e-09,3.4603091846376639e-09,3.4603091846376639e-09,3.3317355825008888e-09,3.3317355825008888e-09,3.2031619706811173e-09,3.2031619706811173e-09,3.0745883495269446e-09,3.0745883495269446e-09,2.9359073542569130e-09,2.9359073542569130e-09,2.8146770349189299e-09,2.8146770349189299e-09,2.6881896146505878e-09,2.6881896146505878e-09,2.6704530682002240e-09,2.6704530682002240e-09,2.5384608302143168e-09,2.5384608302143168e-09,2.5183951578432695e-09,2.5183951578432695e-09,2.3697465411617246e-09,2.3697465411617246e-09,2.3419771642564460e-09,2.3419771642564460e-09,1.5062494574124507e-09,1.5062494574124507e-09
1.5802799172886781e-08,1.5802799172886781e-08,1.5467811483303324e-08,1.5467811483303324e-08,1.3494185281273805e-08,1.3494185281273805e-08,1.3494185281273805e-08,1.3494185281273805e-08,1.3494185281273805e-08,1.3494185281273805e-08,1.3494185281273805e-08,1.3494185281273805e-08,1.3494185281273805e-08,1.3494185281273805e-08,1.3494185281273805e-08,1.3387393770536971e-08,1.3387393770536971e-08,1.3156973720998597e-08,1.3156973720998597e-08,1.2898536782443776e-08,1.2898536782443776e-08,1.2753662027991738e-08,1.2753662027991738e-08,1.2588784929374516e-08,1.2588784929374516e-08,1.2426653777077670e-08,1.2426653777077670e-08,1.2126896546879563e-08,1.2126896546879563e-08,1.1932946811127648e-08,1.1932946811127648e-08,1.1768189068239726e-08,1.1768189068239726e-08,1.1611111529204688e-08,1.1611111529204688e-08,1.1319016297995497e-08,1.1319016297995497e-08,1.1071328734959759e-08,1.1071328734959759e-08,1.1007984774546604e-08,1.1007984774546604e-08,1.0779936638989348e-08,1.0779936638989348e-08,1.0304307503943866e-08,1.0304307503943866e-08,1.0156517220434545e-08,1.0156517220434545e-08,9.9627478598508520e-09,9.9627478598508520e-09,9.6842037212502216e-09,1.3135851673619470e-08,1.9985447072198862e-08,2.3205363446158341e-08,1.7510295796008500e-08,1.0854170593263943e-08,7.1825896189008466e-09,4.8145816556023390e-09,4.8145816556023390e-09,4.6745288757668920e-09,4.6745288757668920e-09,4.4101636121245648e-09,4.4101636121245648e-09,4.2748087243053478e-09,4.2748087243053478e-09,4.1396595542916364e-09,4.1396595542916364e-09,3.9990888357567027e-09,3.9990888357567027e-09,3.8639374003603412e-09,3.8639374003603412e-09,3.7287839758229869e-09,3.7287839758229869e-09,3.5995972422670299e-09,3.5995972422670299e-09,3.4603091846376639e-09,3.4603091846376639e-09,3.3317355825008888e-09,3.3317355825008888e-09,3.2031619706811173e-09,3.2031619706811173e-09,3.0745883495269446e-09,3.0745883495269446e-09,2.9359073542569130e-09,2.9359073542569130e-09,2.8146770349189299e-09,2.8146770349189299e-09,2.6881896146505878e-09,2.6881896146505878e-09,2.6704530682002240e-09,2.6704530682002240e-09,2.5384608302143168e-09,2.5384608302143168e-09,2.5183951578432695e-09,2.5183951578432695e-09,2.3697465411617246e-09,2.3697465411617246e-09,2.3419771642564460e-09,2.3419771642564460e-09,1.5062494574124507e-09,1.5062494574124507e-09,1.5062494574124507e-09
1.5467811483303324e-08,1.5467811483303324e-08,1.5467811483303324e-08,1.3494185281273805e-08,1.3494185281273805e-08,1.3494185281273805e-08,1.3494185281273805e-08,1.3494185281273805e-08,1.3494185281273805e-08,1.3494185281273805e-08,1.3494185281273805e-08,1.3494185281273805e-08,1.3494185281273805e-08,1.3494185281273805e-08,1.3387393770536971e-08,1.3387393770536971e-08,1.3156973720998597e-08,1.3156973720998597e-08,1.2898536782443776e-08,1.2898536782443776e-08,1.2753662027991738e-08,1.2753662027991738e-08,1.2588784929374516e-08,1.2588784929374516e-08,1.2426653777077670e-08,1.2426653777077670e-08,1.2126896546879563e-08,1.2126896546879563e-08,1.1932946811127648e-08,1.1932946811127648e-08,1.1768189068239726e-08,1.1768189068239726e-08,1.1611111529204688e-08,1.1611111529204688e-08,1.1319016297995497e-08,1.1319016297995497e-08,1.1071328734959759e-08,1.1071328734959759e-08,1.1007984774546604e-08,1.1007984774546604e-08,1.0779936638989348e-08,1.0779936638989348e-08,1.0304307503943866e-08,1.0304307503943866e-08,1.0156517220434545e-08,1.0156517220434545e-08,9.9627478598508520e-09,9.9627478598508520e-09,9.6842037212502216e-09,9.6842037212502216e-09,9.3958712983486850e-09,1.2586919526154488e-08,1.9210759240380292e-08,2.2411777244504508e-08,1.7307640223764750e-08,1.0665963850107211e-08,6.7307518744406993e-09,4.6745288757668920e-09,4.6745288757668920e-09,4.4101636121245648e-09,4.4101636121245648e-09,4.2748087243053478e-09,4.2748087243053478e-09,4.1396595542916364e-09,4.1396595542916364e-09,3.9990888357567027e-09,3.9990888357567027e-09,3.8639374003603412e-09,3.8639374003603412e-09,3.7287839758229869e-09,3.7287839758229869e-09,3.5995972422670299e-09,3.5995972422670299e-09,3.4603091846376639e-09,3.4603091846376639e-09,3.3317355825008888e-09,3.3317355825008888e-09,3.2031619706811173e-09,3.2031619706811173e-09,3.0745883495269446e-09,3.0745883495269446e-09,2.9359073542569130e-09,2.9359073542569130e-09,2.8146770349189299e-09,2.8146770349189299e-09,2.6881896146505878e-09,2.6881896146505878e-09,2.6704530682002240e-09,2.6704530682002240e-09,2.5384608302143168e-09,2.5384608302143168e-09,2.5183951578432695e-09,2.5183951578432695e-09,2.3697465411617246e-09,2.3697465411617246e-09,2.3419771642564460e-09,2.3419771642564460e-09,2.2904735754966795e-09,1.5062494574124507e-09,1.5062494574124507e-09,1.5062494574124507e-09
1.3494185281273805e-08,1.3494185281273805e-08,1.3494185281273805e-08,1.3494185281273805e-08,1.3494185281273805e-08,1.3494185281273805e-08,1.3494185281273805e-08,1.3494185281273805e-08,1.3494185281273805e-08,1.3494185281273805e-08,1.3494185281273805e-08,1.3494185281273805e-08,1.3494185281273805e-08,1.3387393770536971e-08,1.3387393770536971e-08,1.3156973720998597e-08,1.3156973720998597e-08,1.2898536782443776e-08,1.2898536782443776e-08,1.2753662027991738e-08,1.2753662027991738e-08,1.2588784929374516e-08,1.2588784929374516e-08,1.2426653777077670e-08,1.2426653777077670e-08,1.2126896546879563e-08,1.2126896546879563e-08,1.1932946811127648e-08,1.1932946811127648e-08,1.1768189068239726e-08,1.1768189068239726e-08,1.1611111529204688e-08,1.1611111529204688e-08,1.1319016297995497e-08,1.1319016297995497e-08,1.1071328734959759e-08,1.1071328734959759e-08,1.1007984774546604e-08,1.1007984774546604e-08,1.0779936638989348e-08,1.0779936638989348e-08,1.0304307503943866e-08,1.0304307503943866e-08,1.0156517220434545e-08,1.0156517220434545e-08,9.9627478598508520e-09,9.9627478598508520e-09,9.6842037212502216e-09,9.6842037212502216e-09,9.3958712983486850e-09,9.3958712983486850e-09,8.8897116313591578e-09,1.1954335926987476e-08,1.8313152640536504e-08,2.1846210127584080e-08,1.6763867428872148e-08,1.0123627037624997e-08,6.3806946972187496e-09,4.4101636121245648e-09,4.4101636121245648e-09,4.2748087243053478e-09,4.2748087243053478e-09,4.1396595542916364e-09,4.1396595542916364e-09,3.9990888357567027e-09,3.9990888357567027e-09,3.8639374003603412e-09,3.8639374003603412e-09,3.7287839758229869e-09,3.7287839758229869e-09,3.5995972422670299e-09,3.5995972422670299e-09,3.4603091846376639e-09,3.4603091846376639e-09,3.3317355825008888e-09,3.3317355825008888e-09,3.2031619706811173e-09,3.2031619706811173e-09,3.0745883495269446e-09,3.0745883495269446e-09,2.9359073542569130e-09,2.9359073542569130e-09,2.8146770349189299e-09,2.8146770349189299e-09,2.6881896146505878e-09,2.6881896146505878e-09,2.6704530682002240e-09,2.6704530682002240e-09,2.5384608302143168e-09,2.5384608302143168e-09,2.5183951578432695e-09,2.5183951578432695e-09,2.3697465411617246e-09,2.3697465411617246e-09,2.3419771642564460e-09,2.3419771642564460e-09,2.2904735754966795e-09,1.5062494574124507e-09,1.5062494574124507e-09,1.5062494574124507e-09,1.5062494574124507e-09
1.3494185281273805e-08,1.3494185281273805e-08,1.3494185281273805e-08,1.3494185281273805e-08,1.3494185281273805e-08,1.3494185281273805e-08,1.3494185281273805e-08,1.3494185281273805e-08,1.3494185281273805e-08,1.3494185281273805e-08,1.3494185281273805e-08,1.3494185281273805e-08,1.3387393770536971e-08,1.3387393770536971e-08,1.3156973720998597e-08,1.3156973720998597e-08,1.2898536782443776e-08,1.2898536782443776e-08,1.2753662027991738e-08,1.2753662027991738e-08,1.2588784929374516e-08,1.2588784929374516e-08,1.2426653777077670e-08,1.2426653777077670e-08,1.2126896546879563e-08,1.2126896546879563e-08,1.1932946811127648e-08,1.1932946811127648e-08,1.1768189068239726e-08,1.1768189068239726e-08,1.1611111529204688e-08,1.1611111529204688e-08,1.1319016297995497e-08,1.1319016297995497e-08,1.1071328734959759e-08,1.1071328734959759e-08,1.1007984774546604e-08,1.1007984774546604e-08,1.0779936638989348e-08,1.0779936638989348e-08,1.0304307503943866e-08,1.0304307503943866e-08,1.0156517220434545e-08,1.0156517220434545e-08,9.9627478598508520e-09,9.9627478598508520e-09,9.6842037212502216e-09,9.6842037212502216e-09,9.3958712983486850e-09,9.3958712983486850e-09,8.8897116313591578e-09,8.8897116313591578e-09,8.5917882433805777e-09,1.1525725999897698e-08,1.7644018542519783e-08,2.1164078400792421e-08,1.6109395823528292e-08,9.6630950881527842e-09,5.9352125909392751e-09,4.2748087243053478e-09,4.2748087243053478e-09,4.1396595542916364e-09,4.1396595542916364e-09,3.9990888357567027e-09,3.9990888357567027e-09,3.8639374003603412e-09,3.8639374003603412e-09,3.7287839758229869e-09,3.7287839758229869e-09,3.5995972422670299e-09,3.5995972422670299e-09,3.4603091846376639e-09,3.4603091846376639e-09,3.3317355825008888e-09,3.3317355825008888e-09,3.2031619706811173e-09,3.2031619706811173e-09,3.0745883495269446e-09,3.0745883495269446e-09,2.9359073542569130e-09,2.9359073542569130e-09,2.8146770349189299e-09,2.8146770349189299e-09,2.6881896146505878e-09,2.6881896146505878e-09,2.6704530682002240e-09,2.6704530682002240e-09,2.5384608302143168e-09,2.5384608302143168e-09,2.5183951578432695e-09,2.5183951578432695e-09,2.3697465411617246e-09,2.3697465411617246e-09,2.3419771642564460e-09,2.3419771642564460e-09,2.2904735754966795e-09,1.5062494574124507e-09,1.5062494574124507e-09,1.5062494574124507e-09,1.5062494574124507e-09,1.5062494574124507e-09
1.3494185281273805e-08,1.3494185281273805e-08,1.3494185281273805e-08,1.3494185281273805e-08,1.3494185281273805e-08,1.3494185281273805e-08,1.3494185281273805e-08,1.3494185281273805e-08,1.3494185281273805e-08,1.3494185281273805e-08,1.3494185281273805e-08,1.3387393770536971e-08,1.3387393770536971e-08,1.3156973720998597e-08,1.3156973720998597e-08,1.2898536782443776e-08,1.2898536782443776e-08,1.2753662027991738e-08,1.2753662027991738e-08,1.2588784929374516e-08,1.2588784929374516e-08,1.2426653777077670e-08,1.2426653777077670e-08,1.2126896546879563e-08,1.2126896546879563e-08,1.1932946811127648e-08,1.1932946811127648e-08,1.1768189068239726e-08,1.1768189068239726e-08,1.1611111529204688e-08,1.1611111529204688e-08,1.1319016297995497e-08,1.1319016297995497e-08,1.1071328734959759e-08,1.1071328734959759e-08,1.1007984774546604e-08,1.1007984774546604e-08,1.0779936638989348e-08,1.0779936638989348e-08,1.0304307503943866e-08,1.0304307503943866e-08,1.0156517220434545e-08,1.0156517220434545e-08,9.9627478598508520e-09,9.9627478598508520e-09,9.6842037212502216e-09,9.6842037212502216e-09,9.3958712983486850e-09,9.3958712983486850e-09,8.8897116313591578e-09,8.8897116313591578e-09,8.5917882433805777e-09,8.5917882433805777e-09,8.3366008338333222e-09,1.1036852839274313e-08,1.7022597799176635e-08,2.0475116055384308e-08,1.5566553036525357e-08,9.2454451437195814e-09,5.6776311344099296e-09,4.1396595542916364e-09,4.1396595542916364e-09,3.9990888357567027e-09,3.9990888357567027e-09,3.8639374003603412e-09,3.8639374003603412e-09,3.7287839758229869e-09,3.7287839758229869e-09,3.5995972422670299e-09,3.5995972422670299e-09,3.4603091846376639e-09,3.4603091846376639e-09,3.3317355825008888e-09,3.3317355825008888e-09,3.2031619706811173e-09,3.2031619706811173e-09,3.0745883495269446e-09,3.0745883495269446e-09,2.9359073542569130e-09,2.9359073542569130e-09,2.8146770349189299e-09,2.8146770349189299e-09,2.6881896146505878e-09,2.6881896146505878e-09,2.6704530682002240e-09,2.6704530682002240e-09,2.5384608302143168e-09,2.5384608302143168e-09,2.5183951578432695e-09,2.5183951578432695e-09,2.3697465411617246e-09,2.3697465411617246e-09,2.3419771642564460e-09,2.3419771642564460e-09,2.2904735754966795e-09,1.5062494574124507e-09,1.5062494574124507e-09,1.5062494574124507e-09,1.5062494574124507e-09,1.5062494574124507e-09,1.5062494574124507e-09
1.3494185281273805e-08,1.3494185281273805e-08,1.3494185281273805e-08,1.3494185281273805e-08,1.3494185281273805e-08,1.3494185281273805e-08,1.3494185281273805e-08,1.3494185281273805e-08,1.3494185281273805e-08,1.3494185281273805e-08,1.3387393770536971e-08,1.3387393770536971e-08,1.3156973720998597e-08,1.3156973720998597e-08,1.2898536782443776e-08,1.2898536782443776e-08,1.2753662027991738e-08,1.2753662027991738e-08,1.2588784929374516e-08,1.2588784929374516e-08,1.2426653777077670e-08,1.2426653777077670e-08,1.2126896546879563e-08,1.2126896546879563e-08,1.1932946811127648e-08,1.1932946811127648e-08,1.1768189068239726e-08,1.1768189068239726e-08,1.1611111529204688e-08,1.1611111529204688e-08,1.1319016297995497e-08,1.1319016297995497e-08,1.1071328734959759e-08,1.1071328734959759e-08,1.1007984774546604e-08,1.1007984774546604e-08,1.0779936638989348e-08,1.0779936638989348e-08,1.0304307503943866e-08,1.0304307503943866e-08,1.0156517220434545e-08,1.0156517220434545e-08,9.9627478598508520e-09,9.9627478598508520e-09,9.6842037212502216e-09,9.6842037212502216e-09,9.3958712983486850e-09,9.3958712983486850e-09,8.8897116313591578e-09,8.8897116313591578e-09,8.5917882433805777e-09,8.5917882433805777e-09,8.3366008338333222e-09,8.3366008338333222e-09,7.9692204641891138e-09,1.0524271428389837e-08,1.5965633001573312e-08,1.9770715283731454e-08,1.5460988068696604e-08,9.0985733519960246e-09,5.5319777600787713e-09,3.9990888357567027e-09,3.9990888357567027e-09,3.8639374003603412e-09,3.8639374003603412e-09,3.7287839758229869e-09,3.7287839758229869e-09,3.5995972422670299e-09,3.5995972422670299e-09,3.4603091846376639e-09,3.4603091846376639e-09,3.3317355825008888e-09,3.3317355825008888e-09,3.2031619706811173e-09,3.2031619706811173e-09,3.0745883495269446e-09,3.0745883495269446e-09,2.9359073542569130e-09,2.9359073542569130e-09,2.8146770349189299e-09,2.8146770349189299e-09,2.6881896146505878e-09,2.6881896146505878e-09,2.6704530682002240e-09,2.6704530682002240e-09,2.5384608302143168e-09,2.5384608302143168e-09,2.5183951578432695e-09,2.5183951578432695e-09,2.3697465411617246e-09,2.3697465411617246e-09,2.3419771642564460e-09,2.3419771642564460e-09,2.2904735754966795e-09,1.5062494574124507e-09,1.5062494574124507e-09,1.5062494574124507e-09,1.5062494574124507e-09,1.5062494574124507e-09,1.5062494574124507e-09,1.5062494574124507e-09
1.3494185281273805e-08,1.3494185281273805e-08,1.3494185281273805e-08,1.3494185281273805e-08,1.3494185281273805e-08,1.3494185281273805e-08,1.3494185281273805e-08,1.3494185281273805e-08,1.3494185281273805e-08,1.3387393770536971e-08,1.3387393770536971e-08,1.3156973720998597e-08,1.3156973720998597e-08,1.2898536782443776e-08,1.2898536782443776e-08,1.2753662027991738e-08,1.2753662027991738e-08,1.2588784929374516e-08,1.2588784929374516e-08,1.2426653777077670e-08,1.2426653777077670e-08,1.2126896546879563e-08,1.2126896546879563e-08,1.1932946811127648e-08,1.1932946811127648e-08,1.1768189068239726e-08,1.1768189068239726e-08,1.1611111529204688e-08,1.1611111529204688e-08,1.1319016297995497e-08,1.1319016297995497e-08,1.1071328734959759e-08,1.1071328734959759e-08,1.1007984774546604e-08,1.1007984774546604e-08,1.0779936638989348e-08,1.0779936638989348e-08,1.0304307503943866e-08,1.0304307503943866e-08,1.0156517220434545e-08,1.0156517220434545e-08,9.9627478598508520e-09,9.9627478598508520e-09,9.6842037212502216e-09,9.6842037212502216e-09,9.3958712983486850e-09,9.3958712983486850e-09,8.8897116313591578e-09,8.8897116313591578e-09,8.5917882433805777e-09,8.5917882433805777e-09,8.3366008338333222e-09,8.3366008338333222e-09,7.9692204641891138e-09,7.9692204641891138e-09,7.5875258182586216e-09,9.8393563133897288e-09,1.4835806275240713e-08,1.9171307469075367e-08,1.5167257773297851e-08,8.9183220145133612e-09,5.2415430499492647e-09,3.8639374003603412e-09,3.8639374003603412e-09,3.7287839758229869e-09,3.7287839758229869e-09,3.5995972422670299e-09,3.5995972422670299e-09,3.4603091846376639e-09,3.4603091846376639e-09,3.3317355825008888e-09,3.3317355825008888e-09,3.2031619706811173e-09,3.2031619706811173e-09,3.0745883495269446e-09,3.0745883495269446e-09,2.9359073542569130e-09,2.9359073542569130e-09,2.8146770349189299e-09,2.8146770349189299e-09,2.6881896146505878e-09,2.6881896146505878e-09,2.6704530682002240e-09,2.6704530682002240e-09,2.5384608302143168e-09,2.5384608302143168e-09,2.5183951578432695e-09,2.5183951578432695e-09,2.3697465411617246e-09,2.3697465411617246e-09,2.3419771642564460e-09,2.3419771642564460e-09,2.2904735754966795e-09,2.2904735754966795e-09,1.5062494574124507e-09,1.5062494574124507e-09,1.5062494574124507e-09,1.5062494574124507e-09,1.5062494574124507e-09,1.5062494574124507e-09,1.5062494574124507e-09
1.3494185281273805e-08,1.3494185281273805e-08,1.3494185281273805e-08,1.3494185281273805e-08,1.3494185281273805e-08,1.3494185281273805e-08,1.3494185281273805e-08,1.3494185281273805e-08,1.3387393770536971e-08,1.3387393770536971e-08,1.3156973720998597e-08,1.3156973720998597e-08,1.2898536782443776e-08,1.2898536782443776e-08,1.2753662027991738e-08,1.2753662027991738e-08,1.2588784929374516e-08,1.2588784929374516e-08,1.2426653777077670e-08,1.2426653777077670e-08,1.2126896546879563e-08,1.2126896546879563e-08,1.1932946811127648e-08,1.1932946811127648e-08,1.1768189068239726e-08,1.1768189068239726e-08,1.1611111529204688e-08,1.1611111529204688e-08,1.1319016297995497e-08,1.1319016297995497e-08,1.1071328734959759e-08,1.1071328734959759e-08,1.1007984774546604e-08,1.1007984774546604e-08,1.0779936638989348e-08,1.0779936638989348e-08,1.0304307503943866e-08,1.0304307503943866e-08,1.0156517220434545e-08,1.0156517220434545e-08,9.9627478598508520e-09,9.9627478598508520e-09,9.6842037212502216e-09,9.6842037212502216e-09,9.3958712983486850e-09,9.3958712983486850e-09,8.8897116313591578e-09,8.8897116313591578e-09,8.5917882433805777e-09,8.5917882433805777e-09,8.3366008338333222e-09,8.3366008338333222e-09,7.9692204641891138e-09,7.9692204641891138e-09,7.5875258182586216e-09,7.5875258182586216e-09,7.2949873489419634e-09,9.2759458314693840e-09,1.3985475788780663e-08,1.8480776160151931e-08,1.4752549099137143e-08,8.4982259539506538e-09,4.9346568708836914e-09,3.7287839758229869e-09,3.7287839758229869e-09,3.5995972422670299e-09,3.5995972422670299e-09,3.4603091846376639e-09,3.4603091846376639e-09,3.3317355825008888e-09,3.3317355825008888e-09,3.2031619706811173e-09,3.2031619706811173e-09,3.0745883495269446e-09,3.0745883495269446e-09,2.9359073542569130e-09,2.9359073542569130e-09,2.8146770349189299e-09,2.8146770349189299e-09,2.6881896146505878e-09,2.6881896146505878e-09,2.6704530682002240e-09,2.6704530682002240e-09,2.5384608302143168e-09,2.5384608302143168e-09,2.5183951578432695e-09,2.5183951578432695e-09,2.3697465411617246e-09,2.3697465411617246e-09,2.3419771642564460e-09,2.3419771642564460e-09,2.2904735754966795e-09,2.2904735754966795e-09,1.5062494574124507e-09,1.5062494574124507e-09,1.5062494574124507e-09,1.5062494574124507e-09,1.5062494574124507e-09,1.5062494574124507e-09,1.5062494574124507e-09,1.5062494574124507e-09
1.3494185281273805e-08,1.3494185281273805e-08,1.3494185281273805e-08,1.3494185281273805e-08,1.3494185281273805e-08,1.3494185281273805e-08,1.3494185281273805e-08,1.3387393770536971e-08,1.3387393770536971e-08,1.3156973720998597e-08,1.3156973720998597e-08,1.2898536782443776e-08,1.2898536782443776e-08,1.2753662027991738e-08,1.2753662027991738e-08,1.2588784929374516e-08,1.2588784929374516e-08,1.2426653777077670e-08,1.2426653777077670e-08,1.2126896546879563e-08,1.2126896546879563e-08,1.1932946811127648e-08,1.1932946811127648e-08,1.1768189068239726e-08,1.1768189068239726e-08,1.1611111529204688e-08,1.1611111529204688e-08,1.1319016297995497e-08,1.1319016297995497e-08,1.1071328734959759e-08,1.1071328734959759e-08,1.1007984774546604e-08,1.1007984774546604e-08,1.0779936638989348e-08,1.0779936638989348e-08,1.0304307503943866e-08,1.0304307503943866e-08,1.0156517220434545e-08,1.0156517220434545e-08,9.9627478598508520e-09,9.9627478598508520e-09,9.6842037212502216e-09,9.6842037212502216e-09,9.3958712983486850e-09,9.3958712983486850e-09,8.8897116313591578e-09,8.8897116313591578e-09,8.5917882433805777e-09,8.5917882433805777e-09,8.3366008338333222e-09,8.3366008338333222e-09,7.9692204641891138e-09,7.9692204641891138e-09,7.5875258182586216e-09,7.5875258182586216e-09,7.2949873489419634e-09,7.2949873489419634e-09,7.0114121129933329e-09,8.8159920792199476e-09,1.3304891527687101e-08,1.7807031124929659e-08,1.4324091932478824e-08,8.2061428408733350e-09,4.7646465666013584e-09,3.5995972422670299e-09,3.5995972422670299e-09,3.4603091846376639e-09,3.4603091846376639e-09,3.3317355825008888e-09,3.3317355825008888e-09,3.2031619706811173e-09,3.2031619706811173e-09,3.0745883495269446e-09,3.0745883495269446e-09,2.9359073542569130e-09,2.9359073542569130e-09,2.8146770349189299e-09,2.8146770349189299e-09,2.6881896146505878e-09,2.6881896146505878e-09,2.6704530682002240e-09,2.6704530682002240e-09,2.5384608302143168e-09,2.5384608302143168e-09,2.5183951578432695e-09,2.5183951578432695e-09,2.3697465411617246e-09,2.3697465411617246e-09,2.3419771642564460e-09,2.3419771642564460e-09,2.2904735754966795e-09,2.2904735754966795e-09,1.5062494574124507e-09,1.5062494574124507e-09,1.5062494574124507e-09,1.5062494574124507e-09,1.5062494574124507e-09,1.5062494574124507e-09,1.5062494574124507e-09,1.5062494574124507e-09,1.5062494574124507e-09
1.3494185281273805e-08,1.3494185281273805e-08,1.3494185281273805e-08,1.3494185281273805e-08,1.3494185281273805e-08,1.3494185281273805e-08,1.3387393770536971e-08,1.3387393770536971e-08,1.3156973720998597e-08,1.3156973720998597e-08,1.2898536782443776e-08,1.2898536782443776e-08,1.2753662027991738e-08,1.2753662027991738e-08,1.2588784929374516e-08,1.2588784929374516e-08,1.2426653777077670e-08,1.2426653777077670e-08,1.2126896546879563e-08,1.2126896546879563e-08,1.1932946811127648e-08,1.1932946811127648e-08,1.1768189068239726e-08,1.1768189068239726e-08,1.1611111529204688e-08,1.1611111529204688e-08,1.1319016297995497e-08,1.1319016297995497e-08,1.1071328734959759e-08,1.1071328734959759e-08,1.1007984774546604e-08,1.1007984774546604e-08,1.0779936638989348e-08,1.0779936638989348e-08,1.0304307503943866e-08,1.0304307503943866e-08,1.0156517220434545e-08,1.0156517220434545e-08,9.9627478598508520e-09,9.9627478598508520e-09,9.6842037212502216e-09,9.6842037212502216e-09,9.3958712983486850e-09,9.3958712983486850e-09,8.8897116313591578e-09,8.8897116313591578e-09,8.5917882433805777e-09,8.5917882433805777e-09,8.3366008338333222e-09,8.3366008338333222e-09,7.9692204641891138e-09,7.9692204641891138e-09,7.5875258182586216e-09,7.5875258182586216e-09,7.2949873489419634e-09,7.2949873489419634e-09,7.0114121129933329e-09,7.0114121129933329e-09,6.7440964951968650e-09,8.2279047321490498e-09,1.2126843314645724e-08,1.6939009675880391e-08,1.4264380919312394e-08,8.0458215794187826e-09,4.6904451231001499e-09,3.4603091846376639e-09,3.4603091846376639e-09,3.3317355825008888e-09,3.3317355825008888e-09,3.2031619706811173e-09,3.2031619706811173e-09,3.0745883495269446e-09,3.0745883495269446e-09,2.9359073542569130e-09,2.9359073542569130e-09,2.8146770349189299e-09,2.8146770349189299e-09,2.6881896146505878e-09,2.6881896146505878e-09,2.6704530682002240e-09,2.6704530682002240e-09,2.5384608302143168e-09,2.5384608302143168e-09,2.5183951578432695e-09,2.5183951578432695e-09,2.3697465411617246e-09,2.3697465411617246e-09,2.3419771642564460e-09,2.3419771642564460e-09,2.2904735754966795e-09,2.2904735754966795e-09,1.5062494574124507e-09,1.5062494574124507e-09,1.5062494574124507e-09,1.5062494574124507e-09,1.5062494574124507e-09,1.5062494574124507e-09,1.5062494574124507e-09,1.5062494574124507e-09,1.5062494574124507e-09,1.5062494574124507e-09
1.3494185281273805e-08,1.3494185281273805e-08,1.3494185281273805e-08,1.3494185281273805e-08,1.3494185281273805e-08,1.3387393770536971e-08,1.3387393770536971e-08,1.3156973720998597e-08,1.3156973720998597e-08,1.2898536782443776e-08,1.2898536782443776e-08,1.2753662027991738e-08,1.2753662027991738e-08,1.2588784929374516e-08,1.2588784929374516e-08,1.2426653777077670e-08,1.2426653777077670e-08,1.2126896546879563e-08,1.2126896546879563e-08,1.1932946811127648e-08,1.1932946811127648e-08,1.1768189068239726e-08,1.1768189068239726e-08,1.1611111529204688e-08,1.1611111529204688e-08,1.1319016297995497e-08,1.1319016297995497e-08,1.1071328734959759e-08,1.1071328734959759e-08,1.1007984774546604e-08,1.1007984774546604e-08,1.0779936638989348e-08,1.0779936638989348e-08,1.0304307503943866e-08,1.0304307503943866e-08,1.0156517220434545e-08,1.0156517220434545e-08,9.9627478598508520e-09,9.9627478598508520e-09,9.6842037212502216e-09,9.6842037212502216e-09,9.3958712983486850e-09,9.3958712983486850e-09,8.8897116313591578e-09,8.8897116313591578e-09,8.5917882433805777e-09,8.5917882433805777e-09,8.3366008338333222e-09,8.3366008338333222e-09,7.9692204641891138e-09,7.9692204641891138e-09,7.5875258182586216e-09,7.5875258182586216e-09,7.2949873489419634e-09,7.2949873489419634e-09,7.0114121129933329e-09,7.0114121129933329e-09,6.7440964951968650e-09,6.7440964951968650e-09,8.2279047321490498e-09,7.6127434552503505e-09,1.0936162436006328e-08,1.6136219515646024e-08,1.4211975695593433e-08,8.0724071263328665e-09,4.5664677088003054e-09,3.3317355825008888e-09,3.3317355825008888e-09,3.2031619706811173e-09,3.2031619706811173e-09,3.0745883495269446e-09,3.0745883495269446e-09,2.9359073542569130e-09,2.9359073542569130e-09,2.8146770349189299e-09,2.8146770349189299e-09,2.6881896146505878e-09,2.6881896146505878e-09,2.6704530682002240e-09,2.6704530682002240e-09,2.5384608302143168e-09,2.5384608302143168e-09,2.5183951578432695e-09,2.5183951578432695e-09,2.3697465411617246e-09,2.3697465411617246e-09,2.3419771642564460e-09,2.3419771642564460e-09,2.2904735754966795e-09,2.2904735754966795e-09,2.4165089417742948e-09,1.5062494574124507e-09,1.5062494574124507e-09,1.5062494574124507e-09,1.5062494574124507e-09,1.5062494574124507e-09,1.5062494574124507e-09,1.5062494574124507e-09,1.5062494574124507e-09,1.5044603253748310e-09,1.5044603253748310e-09
1.3494185281273805e-08,1.3494185281273805e-08,1.3494185281273805e-08,1.3494185281273805e-08,1.3387393770536971e-08,1.3387393770536971e-08,1.3156973720998597e-08,1.3156973720998597e-08,1.2898536782443776e-08,1.2898536782443776e-08,1.2753662027991738e-08,1.2753662027991738e-08,1.2588784929374516e-08,1.2588784929374516e-08,1.2426653777077670e-08,1.2426653777077670e-08,1.2126896546879563e-08,1.2126896546879563e-08,1.1932946811127648e-08,1.1932946811127648e-08,1.1768189068239726e-08,1.1768189068239726e-08,1.1611111529204688e-08,1.1611111529204688e-08,1.1319016297995497e-08,1.1319016297995497e-08,1.1071328734959759e-08,1.1071328734959759e-08,1.1007984774546604e-08,1.1007984774546604e-08,1.0779936638989348e-08,1.0779936638989348e-08,1.0304307503943866e-08,1.0304307503943866e-08,1.0156517220434545e-08,1.0156517220434545e-08,9.9627478598508520e-09,9.9627478598508520e-09,9.6842037212502216e-09,9.6842037212502216e-09,9.3958712983486850e-09,9.3958712983486850e-09,8.8897116313591578e-09,8.8897116313591578e-09,8.5917882433805777e-09,8.5917882433805777e-09,8.3366008338333222e-09,8.3366008338333222e-09,7.9692204641891138e-09,7.9692204641891138e-09,7.5875258182586216e-09,7.5875258182586216e-09,7.2949873489419634e-09,7.2949873489419634e-09,7.0114121129933329e-09,7.0114121129933329e-09,6.7440964951968650e-09,6.7440964951968650e-09,6.7440964951968650e-09,7.6127434552503505e-09,7.6127434552503505e-09,7.1406034904069311e-09,1.0150335389684587e-08,1.5274109196071696e-08,1.3940381627516689e-08,7.8799315450977279e-09,4.3921168954598717e-09,3.2031619706811173e-09,3.2031619706811173e-09,3.0745883495269446e-09,3.0745883495269446e-09,2.9359073542569130e-09,2.9359073542569130e-09,2.8146770349189299e-09,2.8146770349189299e-09,2.6881896146505878e-09,2.6881896146505878e-09,2.6704530682002240e-09,2.6704530682002240e-09,2.5384608302143168e-09,2.5384608302143168e-09,2.5183951578432695e-09,2.5183951578432695e-09,2.3697465411617246e-09,2.3697465411617246e-09,2.3419771642564460e-09,2.3419771642564460e-09,2.2904735754966795e-09,2.2904735754966795e-09,2.4165089417742948e-09,1.5062494574124507e-09,1.5062494574124507e-09,1.5062494574124507e-09,1.5062494574124507e-09,1.5062494574124507e-09,1.5062494574124507e-09,1.5062494574124507e-09,1.5062494574124507e-09,1.5044603253748310e-09,1.5044603253748310e-09,1.5044603253748310e-09
1.3494185281273805e-08,1.3494185281273805e-08,1.3494185281273805e-08,1.3387393770536971e-08,1.3387393770536971e-08,1.3156973720998597e-08,1.3156973720998597e-08,1.2898536782443776e-08,1.2898536782443776e-08,1.2753662027991738e-08,1.2753662027991738e-08,1.2588784929374516e-08,1.2588784929374516e-08,1.2426653777077670e-08,1.2426653777077670e-08,1.2126896546879563e-08,1.2126896546879563e-08,1.1932946811127648e-08,1.1932946811127648e-08,1.1768189068239726e-08,1.1768189068239726e-08,1.1611111529204688e-08,1.1611111529204688e-08,1.1319016297995497e-08,1.1319016297995497e-08,1.1071328734959759e-08,1.1071328734959759e-08,1.1007984774546604e-08,1.1007984774546604e-08,1.0779936638989348e-08,1.0779936638989348e-08,1.0304307503943866e-08,1.0304307503943866e-08,1.0156517220434545e-08,1.0156517220434545e-08,9.9627478598508520e-09,9.9627478598508520e-09,9.6842037212502216e-09,9.6842037212502216e-09,9.3958712983486850e-09,9.3958712983486850e-09,8.8897116313591578e-09,8.8897116313591578e-09,8.5917882433805777e-09,8.5917882433805777e-09,8.3366008338333222e-09,8.3366008338333222e-09,7.9692204641891138e-09,7.9692204641891138e-09,7.5875258182586216e-09,7.5875258182586216e-09,7.2949873489419634e-09,7.2949873489419634e-09,7.0114121129933329e-09,7.0114121129933329e-09,6.7440964951968650e-09,6.7440964951968650e-09,6.7440964951968650e-09,7.6127434552503505e-09,7.6127434552503505e-09,7.1406034904069311e-09,7.1406034904069311e-09,6.7020879678440371e-09,9.3924430959198121e-09,1.4413944485102760e-08,1.3732160035901827e-08,7.9031372627915553e-09,4.3001833370614586e-09,3.0745883495269446e-09,3.0745883495269446e-09,2.9359073542569130e-09,2.9359073542569130e-09,2.8146770349189299e-09,2.8146770349189299e-09,2.6881896146505878e-09,2.6881896146505878e-09,2.6704530682002240e-09,2.6704530682002240e-09,2.5384608302143168e-09,2.5384608302143168e-09,2.5183951578432695e-09,2.5183951578432695e-09,2.3697465411617246e-09,2.3697465411617246e-09,2.3419771642564460e-09,2.3419771642564460e-09,2.2904735754966795e-09,2.2904735754966795e-09,2.4165089417742948e-09,1.5062494574124507e-09,1.5062494574124507e-09,1.5062494574124507e-09,1.5062494574124507e-09,1.5062494574124507e-09,1.5062494574124507e-09,1.5062494574124507e-09,1.5062494574124507e-09,1.5044603253748310e-09,1.5044603253748310e-09,1.5191575752440400e-09,1.5191575752440400e-09
1.3494185281273805e-08,1.3494185281273805e-08,1.3387393770536971e-08,1.3387393770536971e-08,1.3156973720998597e-08,1.3156973720998597e-08,1.2898536782443776e-08,1.2898536782443776e-08,1.2753662027991738e-08,1.2753662027991738e-08,1.2588784929374516e-08,1.2588784929374516e-08,1.2426653777077670e-08,1.2426653777077670e-08,1.2126896546879563e-08,1.2126896546879563e-08,1.1932946811127648e-08,1.1932946811127648e-08,1.1768189068239726e-08,1.1768189068239726e-08,1.1611111529204688e-08,1.1611111529204688e-08,1.1319016297995497e-08,1.1319016297995497e-08,1.1071328734959759e-08,1.1071328734959759e-08,1.1007984774546604e-08,1.1007984774546604e-08,1.0779936638989348e-08,1.0779936638989348e-08,1.0304307503943866e-08,1.0304307503943866e-08,1.0156517220434545e-08,1.0156517220434545e-08,9.9627478598508520e-09,9.9627478598508520e-09,9.6842037212502216e-09,9.6842037212502216e-09,9.3958712983486850e-09,9.3958712983486850e-09,8.8897116313591578e-09,8.8897116313591578e-09,8.5917882433805777e-09,8.5917882433805777e-09,8.3366008338333222e-09,8.3366008338333222e-09,7.9692204641891138e-09,7.9692204641891138e-09,7.5875258182586216e-09,7.5875258182586216e-09,7.2949873489419634e-09,7.2949873489419634e-09,7.0114121129933329e-09,7.0114121129933329e-09,6.7440964951968650e-09,6.7440964951968650e-09,6.7440964951968650e-09,6.7440964951968650e-09,7.6127434552503505e-09,7.1406034904069311e-09,7.1406034904069311e-09,6.7020879678440371e-09,6.7020879678440371e-09,6.2062987244380366e-09,8.5071112331338928e-09,1.3269109333667260e-08,1.3499776954620233e-08,8.1744147518754897e-09,4.2818766941852539e-09,2.9359073542569130e-09,2.9359073542569130e-09,2.8146770349189299e-09,2.8146770349189299e-09,2.6881896146505878e-09,2.6881896146505878e-09,2.6704530682002240e-09,2.6704530682002240e-09,2.5384608302143168e-09,2.5384608302143168e-09,2.5183951578432695e-09,2.5183951578432695e-09,2.3697465411617246e-09,2.3697465411617246e-09,2.3419771642564460e-09,2.3419771642564460e-09,2.2904735754966795e-09,2.2904735754966795e-09,2.4165089417742948e-09,1.5062494574124507e-09,1.5062494574124507e-09,1.5062494574124507e-09,1.5062494574124507e-09,1.5062494574124507e-09,1.5062494574124507e-09,1.5062494574124507e-09,1.5062494574124507e-09,1.5044603253748310e-09,1.5044603253748310e-09,1.5191575752440400e-09,1.5191575752440400e-09,1.5191575752440400e-09
1.3387393770536971e-08,1.3387393770536971e-08,1.3387393770536971e-08,1.3156973720998597e-08,1.3156973720998597e-08,1.2898536782443776e-08,1.2898536782443776e-08,1.2753662027991738e-08,1.2753662027991738e-08,1.2588784929374516e-08,1.2588784929374516e-08,1.2426653777077670e-08,1.2426653777077670e-08,1.2126896546879563e-08,1.2126896546879563e-08,1.1932946811127648e-08,1.1932946811127648e-08,1.1768189068239726e-08,1.1768189068239726e-08,1.1611111529204688e-08,1.1611111529204688e-08,1.1319016297995497e-08,1.1319016297995497e-08,1.1071328734959759e-08,1.1071328734959759e-08,1.1007984774546604e-08,1.1007984774546604e-08,1.0779936638989348e-08,1.0779936638989348e-08,1.0304307503943866e-08,1.0304307503943866e-08,1.0156517220434545e-08,1.0156517220434545e-08,9.9627478598508520e-09,9.9627478598508520e-09,9.6842037212502216e-09,9.6842037212502216e-09,9.3958712983486850e-09,9.3958712983486850e-09,8.8897116313591578e-09,8.8897116313591578e-09,8.5917882433805777e-09,8.5917882433805777e-09,8.3366008338333222e-09,8.3366008338333222e-09,7.9692204641891138e-09,7.9692204641891138e-09,7.5875258182586216e-09,7.5875258182586216e-09,7.2949873489419634e-09,7.2949873489419634e-09,7.0114121129933329e-09,7.0114121129933329e-09,6.7440964951968650e-09,6.7440964951968650e-09,6.7440964951968650e-09,6.7440964951968650e-09,7.6127434552503505e-09,7.1406034904069311e-09,7.1406034904069311e-09,6.7020879678440371e-09,6.7020879678440371e-09,6.2062987244380366e-09,6.2062987244380366e-09,5.6382093995728277e-09,7.6082745257408342e-09,1.2015358806215475e-08,1.3321170627218698e-08,8.3769043822829961e-09,4.2391254239281681e-09,2.8146770349189299e-09,2.8146770349189299e-09,2.6881896146505878e-09,2.6881896146505878e-09,2.6704530682002240e-09,2.6704530682002240e-09,2.5384608302143168e-09,2.5384608302143168e-09,2.5183951578432695e-09,2.5183951578432695e-09,2.3697465411617246e-09,2.3697465411617246e-09,2.3419771642564460e-09,2.3419771642564460e-09,2.2904735754966795e-09,2.2904735754966795e-09,2.4165089417742948e-09,2.4165089417742948e-09,1.5062494574124507e-09,1.5062494574124507e-09,1.5062494574124507e-09,1.5062494574124507e-09,1.5062494574124507e-09,1.5062494574124507e-09,1.5062494574124507e-09,1.5044603253748310e-09,1.5044603253748310e-09,1.5191575752440400e-09,1.5191575752440400e-09,1.0155436215575042e-09,1.0155436215575042e-09
1.3387393770536971e-08,1.3387393770536971e-08,1.3156973720998597e-08,1.3156973720998597e-08,1.2898536782443776e-08,1.2898536782443776e-08,1.2753662027991738e-08,1.2753662027991738e-08,1.2588784929374516e-08,1.2588784929374516e-08,1.2426653777077670e-08,1.2426653777077670e-08,1.2126896546879563e-08,1.2126896546879563e-08,1.1932946811127648e-08,1.1932946811127648e-08,1.1768189068239726e-08,1.1768189068239726e-08,1.1611111529204688e-08,1.1611111529204688e-08,1.1319016297995497e-08,1.1319016297995497e-08,1.1071328734959759e-08,1.1071328734959759e-08,1.1007984774546604e-08,1.1007984774546604e-08,1.0779936638989348e-08,1.0779936638989348e-08,1.0304307503943866e-08,1.0304307503943866e-08,1.0156517220434545e-08,1.0156517220434545e-08,9.9627478598508520e-09,9.9627478598508520e-09,9.6842037212502216e-09,9.6842037212502216e-09,9.3958712983486850e-09,9.3958712983486850e-09,8.8897116313591578e-09,8.8897116313591578e-09,8.5917882433805777e-09,8.5917882433805777e-09,8.3366008338333222e-09,8.3366008338333222e-09,7.9692204641891138e-09,7.9692204641891138e-09,7.5875258182586216e-09,7.5875258182586216e-09,7.2949873489419634e-09,7.2949873489419634e-09,7.0114121129933329e-09,7.0114121129933329e-09,6.7440964951968650e-09,6.7440964951968650e-09,6.7440964951968650e-09,6.7440964951968650e-09,6.7440964951968650e-09,7.1406034904069311e-09,7.1406034904069311e-09,6.7020879678440371e-09,6.7020879678440371e-09,6.2062987244380366e-09,6.2062987244380366e-09,5.6382093995728277e-09,5.6382093995728277e-09,5.2851603588903690e-09,6.9977152303687056e-09,1.0867556021641033e-08,1.2910625539887708e-08,8.3987232989310005e-09,4.1093802153117180e-09,2.6881896146505878e-09,2.6881896146505878e-09,2.6704530682002240e-09,2.6704530682002240e-09,2.5384608302143168e-09,2.5384608302143168e-09,2.5183951578432695e-09,2.5183951578432695e-09,2.3697465411617246e-09,2.3697465411617246e-09,2.3419771642564460e-09,2.3419771642564460e-09,2.2904735754966795e-09,2.2904735754966795e-09,2.4165089417742948e-09,2.4165089417742948e-09,1.5062494574124507e-09,1.5062494574124507e-09,1.5062494574124507e-09,1.5062494574124507e-09,1.5062494574124507e-09,1.5062494574124507e-09,1.5062494574124507e-09,1.5044603253748310e-09,1.5044603253748310e-09,1.5191575752440400e-09,1.5191575752440400e-09,1.0155436215575042e-09,1.0155436215575042e-09,1.0155436215575042e-09
1.3156973720998597e-08,1.3156973720998597e-08,1.3156973720998597e-08,1.2898536782443776e-08,1.2898536782443776e-08,1.2753662027991738e-08,1.2753662027991738e-08,1.2588784929374516e-08,1.2588784929374516e-08,1.2426653777077670e-08,1.2426653777077670e-08,1.2126896546879563e-08,1.2126896546879563e-08,1.1932946811127648e-08,1.1932946811127648e-08,1.1768189068239726e-08,1.1768189068239726e-08,1.1611111529204688e-08,1.1611111529204688e-08,1.1319016297995497e-08,1.1319016297995497e-08,1.1071328734959759e-08,1.1071328734959759e-08,1.1007984774546604e-08,1.1007984774546604e-08,1.0779936638989348e-08,1.0779936638989348e-08,1.0304307503943866e-08,1.0304307503943866e-08,1.0156517220434545e-08,1.0156517220434545e-08,9.9627478598508520e-09,9.9627478598508520e-09,9.6842037212502216e-09,9.6842037212502216e-09,9.3958712983486850e-09,9.3958712983486850e-09,8.8897116313591578e-09,8.8897116313591578e-09,8.5917882433805777e-09,8.5917882433805777e-09,8.3366008338333222e-09,8.3366008338333222e-09,7.9692204641891138e-09,7.9692204641891138e-09,7.5875258182586216e-09,7.5875258182586216e-09,7.2949873489419634e-09,7.2949873489419634e-09,7.0114121129933329e-09,7.0114121129933329e-09,6.7440964951968650e-09,6.7440964951968650e-09,6.7440964951968650e-09,6.7440964951968650e-09,6.7440964951968650e-09,7.1406034904069311e-09,7.1406034904069311e-09,6.7020879678440371e-09,6.7020879678440371e-09,6.2062987244380366e-09,6.2062987244380366e-09,5.6382093995728277e-09,5.6382093995728277e-09,5.2851603588903690e-09,5.2851603588903690e-09,4.9683494851264099e-09,6.3746304664110587e-09,9.7918995195402464e-09,1.2371488175695644e-08,8.4892763726573608e-09,4.1248217148897142e-09,2.6704530682002240e-09,2.6704530682002240e-09,2.5384608302143168e-09,2.5384608302143168e-09,2.5183951578432695e-09,2.5183951578432695e-09,2.3697465411617246e-09,2.3697465411617246e-09,2.3419771642564460e-09,2.3419771642564460e-09,2.2904735754966795e-09,2.2904735754966795e-09,2.4165089417742948e-09,2.4165089417742948e-09,1.5062494574124507e-09,1.5062494574124507e-09,1.5062494574124507e-09,1.5062494574124507e-09,1.5062494574124507e-09,1.5062494574124507e-09,1.5062494574124507e-09,1.5044603253748310e-09,1.5044603253748310e-09,1.5191575752440400e-09,1.5191575752440400e-09,1.6965782667491549e-09,1.0155436215575042e-09,1.0155436215575042e-09,1.0155436215575042e-09
1.3156973720998597e-08,1.3156973720998597e-08,1.2898536782443776e-08,1.2898536782443776e-08,1.2753662027991738e-08,1.2753662027991738e-08,1.2588784929374516e-08,1.2588784929374516e-08,1.2426653777077670e-08,1.2426653777077670e-08,1.2126896546879563e-08,1.2126896546879563e-08,1.1932946811127648e-08,1.1932946811127648e-08,1.1768189068239726e-08,1.1768189068239726e-08,1.1611111529204688e-08,1.1611111529204688e-08,1.1319016297995497e-08,1.1319016297995497e-08,1.1071328734959759e-08,1.1071328734959759e-08,1.1007984774546604e-08,1.1007984774546604e-08,1.0779936638989348e-08,1.0779936638989348e-08,1.0304307503943866e-08,1.0304307503943866e-08,1.0156517220434545e-08,1.0156517220434545e-08,9.9627478598508520e-09,9.9627478598508520e-09,9.6842037212502216e-09,9.6842037212502216e-09,9.3958712983486850e-09,9.3958712983486850e-09,8.8897116313591578e-09,8.8897116313591578e-09,8.5917882433805777e-09,8.5917882433805777e-09,8.3366008338333222e-09,8.3366008338333222e-09,7.9692204641891138e-09,7.9692204641891138e-09,7.5875258182586216e-09,7.5875258182586216e-09,7.2949873489419634e-09,7.2949873489419634e-09,7.0114121129933329e-09,7.0114121129933329e-09,6.7440964951968650e-09,6.7440964951968650e-09,6.7440964951968650e-09,6.7440964951968650e-09,6.7440964951968650e-09,7.1406034904069311e-09,7.1406034904069311e-09,6.7020879678440371e-09,6.7020879678440371e-09,6.2062987244380366e-09,6.2062987244380366e-09,5.6382093995728277e-09,5.6382093995728277e-09,5.2851603588903690e-09,5.2851603588903690e-09,4.9683494851264099e-09,4.9683494851264099e-09,6.3746304664110587e-09,5.7097571237047314e-09,8.7350430402453566e-09,1.1745586454219794e-08,8.6141487748495302e-09,4.1448287704391433e-09,2.5384608302143168e-09,2.5384608302143168e-09,2.5183951578432695e-09,2.5183951578432695e-09,2.3697465411617246e-09,2.3697465411617246e-09,2.3419771642564460e-09,2.3419771642564460e-09,2.2904735754966795e-09,2.2904735754966795e-09,2.4165089417742948e-09,2.4165089417742948e-09,2.5633270107686603e-09,1.5062494574124507e-09,1.5062494574124507e-09,1.5062494574124507e-09,1.5062494574124507e-09,1.5062494574124507e-09,1.5062494574124507e-09,1.5044603253748310e-09,1.5044603253748310e-09,1.5191575752440400e-09,1.5191575752440400e-09,1.6965782667491549e-09,1.0155436215575042e-09,1.0155436215575042e-09,1.0155436215575042e-09,1.0155436215575042e-09
1.2898536782443776e-08,1.2898536782443776e-08,1.2898536782443776e-08,1.2753662027991738e-08,1.2753662027991738e-08,1.2588784929374516e-08,1.2588784929374516e-08,1.2426653777077670e-08,1.2426653777077670e-08,1.2126896546879563e-08,1.2126896546879563e-08,1.1932946811127648e-08,1.1932946811127648e-08,1.1768189068239726e-08,1.1768189068239726e-08,1.1611111529204688e-08,1.1611111529204688e-08,1.1319016297995497e-08,1.1319016297995497e-08,1.1071328734959759e-08,1.1071328734959759e-08,1.1007984774546604e-08,1.1007984774546604e-08,1.0779936638989348e-08,1.0779936638989348e-08,1.0304307503943866e-08,1.0304307503943866e-08,1.0156517220434545e-08,1.0156517220434545e-08,9.9627478598508520e-09,9.9627478598508520e-09,9.6842037212502216e-09,9.6842037212502216e-09,9.3958712983486850e-09,9.3958712983486850e-09,8.8897116313591578e-09,8.8897116313591578e-09,8.5917882433805777e-09,8.5917882433805777e-09,8.3366008338333222e-09,8.3366008338333222e-09,7.9692204641891138e-09,7.9692204641891138e-09,7.5875258182586216e-09,7.5875258182586216e-09,7.2949873489419634e-09,7.2949873489419634e-09,7.0114121129933329e-09,7.0114121129933329e-09,6.7440964951968650e-09,6.7440964951968650e-09,6.7440964951968650e-09,6.7440964951968650e-09,6.7440964951968650e-09,6.7440964951968650e-09,7.1406034904069311e-09,6.7020879678440371e-09,6.7020879678440371e-09,6.2062987244380366e-09,6.2062987244380366e-09,5.6382093995728277e-09,5.6382093995728277e-09,5.2851603588903690e-09,5.2851603588903690e-09,4.9683494851264099e-09,4.9683494851264099e-09,4.9683494851264099e-09,5.7097571237047314e-09,5.7097571237047314e-09,5.2255639654880776e-09,7.4764939856985490e-09,1.0900543622476219e-08,9.0329851287307628e-09,4.4403873338242794e-09,2.5183951578432695e-09,2.5183951578432695e-09,2.3697465411617246e-09,2.3697465411617246e-09,2.3419771642564460e-09,2.3419771642564460e-09,2.2904735754966795e-09,2.2904735754966795e-09,2.4165089417742948e-09,2.4165089417742948e-09,2.5633270107686603e-09,1.5062494574124507e-09,1.5062494574124507e-09,1.5062494574124507e-09,1.5062494574124507e-09,1.5062494574124507e-09,1.5062494574124507e-09,1.5044603253748310e-09,1.5044603253748310e-09,1.5191575752440400e-09,1.5191575752440400e-09,1.6965782667491549e-09,1.0155436215575042e-09,1.0155436215575042e-09,1.0155436215575042e-09,1.0155436215575042e-09,1.0155436215575042e-09
1.2898536782443776e-08,1.2898536782443776e-08,1.2753662027991738e-08,1.2753662027991738e-08,1.2588784929374516e-08,1.2588784929374516e-08,1.2426653777077670e-08,1.2426653777077670e-08,1.2126896546879563e-08,1.2126896546879563e-08,1.1932946811127648e-08,1.1932946811127648e-08,1.1768189068239726e-08,1.1768189068239726e-08,1.1611111529204688e-08,1.1611111529204688e-08,1.1319016297995497e-08,1.1319016297995497e-08,1.1071328734959759e-08,1.1071328734959759e-08,1.1007984774546604e-08,1.1007984774546604e-08,1.0779936638989348e-08,1.0779936638989348e-08,1.0304307503943866e-08,1.0304307503943866e-08,1.0156517220434545e-08,1.0156517220434545e-08,9.9627478598508520e-09,9.9627478598508520e-09,9.6842037212502216e-09,9.6842037212502216e-09,9.3958712983486850e-09,9.3958712983486850e-09,8.8897116313591578e-09,8.8897116313591578e-09,8.5917882433805777e-09,8.5917882433805777e-09,8.3366008338333222e-09,8.3366008338333222e-09,7.9692204641891138e-09,7.9692204641891138e-09,7.5875258182586216e-09,7.5875258182586216e-09,7.2949873489419634e-09,7.2949873489419634e-09,7.0114121129933329e-09,7.0114121129933329e-09,6.7440964951968650e-09,6.7440964951968650e-09,6.7440964951968650e-09,6.7440964951968650e-09,6.7440964951968650e-09,6.7440964951968650e-09,7.1406034904069311e-09,6.7020879678440371e-09,6.7020879678440371e-09,6.2062987244380366e-09,6.2062987244380366e-09,5.6382093995728277e-09,5.6382093995728277e-09,5.2851603588903690e-09,5.2851603588903690e-09,4.9683494851264099e-09,4.9683494851264099e-09,4.9683494851264099e-09,5.7097571237047314e-09,5.7097571237047314e-09,5.2255639654880776e-09,5.2255639654880776e-09,4.5334098330551778e-09,6.3173157379638547e-09,9.9050422484820998e-09,9.1910231279964309e-09,4.6086914937288603e-09,2.3697465411617246e-09,2.3697465411617246e-09,2.3419771642564460e-09,2.3419771642564460e-09,2.2904735754966795e-09,2.2904735754966795e-09,2.4165089417742948e-09,2.4165089417742948e-09,2.5633270107686603e-09,1.5062494574124507e-09,1.5062494574124507e-09,1.5062494574124507e-09,1.5062494574124507e-09,1.5062494574124507e-09,1.5062494574124507e-09,1.5044603253748310e-09,1.5044603253748310e-09,1.5191575752440400e-09,1.5191575752440400e-09,1.6965782667491549e-09,1.0155436215575042e-09,1.0155436215575042e-09,1.0155436215575042e-09,1.0155436215575042e-09,1.0155436215575042e-09,1.0155436215575042e-09
1.2753662027991738e-08,1.2753662027991738e-08,1.2753662027991738e-08,1.2588784929374516e-08,1.2588784929374516e-08,1.2426653777077670e-08,1.2426653777077670e-08,1.2126896546879563e-08,1.2126896546879563e-08,1.1932946811127648e-08,1.1932946811127648e-08,1.1768189068239726e-08,1.1768189068239726e-08,1.1611111529204688e-08,1.1611111529204688e-08,1.1319016297995497e-08,1.1319016297995497e-08,1.1071328734959759e-08,1.1071328734959759e-08,1.1007984774546604e-08,1.1007984774546604e-08,1.0779936638989348e-08,1.0779936638989348e-08,1.0304307503943866e-08,1.0304307503943866e-08,1.0156517220434545e-08,1.0156517220434545e-08,9.9627478598508520e-09,9.9627478598508520e-09,9.6842037212502216e-09,9.6842037212502216e-09,9.3958712983486850e-09,9.3958712983486850e-09,8.8897116313591578e-09,8.8897116313591578e-09,8.5917882433805777e-09,8.5917882433805777e-09,8.3366008338333222e-09,8.3366008338333222e-09,7.9692204641891138e-09,7.9692204641891138e-09,7.5875258182586216e-09,7.5875258182586216e-09,7.2949873489419634e-09,7.2949873489419634e-09,7.0114121129933329e-09,7.0114121129933329e-09,6.7440964951968650e-09,6.7440964951968650e-09,6.7440964951968650e-09,6.7440964951968650e-09,6.7440964951968650e-09,6.7440964951968650e-09,7.1406034904069311e-09,6.7020879678440371e-09,6.7020879678440371e-09,6.2062987244380366e-09,6.2062987244380366e-09,5.6382093995728277e-09,5.6382093995728277e-09,5.2851603588903690e-09,5.2851603588903690e-09,4.9683494851264099e-09,4.9683494851264099e-09,4.9683494851264099e-09,4.9683494851264099e-09,5.7097571237047314e-09,5.2255639654880776e-09,5.2255639654880776e-09,4.5334098330551778e-09,4.5334098330551778e-09,4.0972241996989912e-09,5.6228446363037852e-09,8.8498390029394572e-09,9.0645490506053670e-09,4.7720206582960248e-09,2.3419771642564460e-09,2.3419771642564460e-09,2.2904735754966795e-09,2.2904735754966795e-09,2.4165089417742948e-09,2.4165089417742948e-09,2.5633270107686603e-09,2.5633270107686603e-09,1.5062494574124507e-09,1.5062494574124507e-09,1.5062494574124507e-09,1.5062494574124507e-09,1.5062494574124507e-09,1.5044603253748310e-09,1.5044603253748310e-09,1.5191575752440400e-09,1.5191575752440400e-09,1.6965782667491549e-09,1.6965782667491549e-09,1.0155436215575042e-09,1.0155436215575042e-09,1.0155436215575042e-09,1.0155436215575042e-09,1.0155436215575042e-09,1.0155436215575042e-09
1.2753662027991738e-08,1.2753662027991738e-08,1.2588784929374516e-08,1.2588784929374516e-08,1.2426653777077670e-08,1.2426653777077670e-08,1.2126896546879563e-08,1.2126896546879563e-08,1.1932946811127648e-08,1.1932946811127648e-08,1.1768189068239726e-08,1.1768189068239726e-08,1.1611111529204688e-08,1.1611111529204688e-08,1.1319016297995497e-08,1.1319016297995497e-08,1.1071328734959759e-08,1.1071328734959759e-08,1.1007984774546604e-08,1.1007984774546604e-08,1.0779936638989348e-08,1.0779936638989348e-08,1.0304307503943866e-08,1.0304307503943866e-08,1.0156517220434545e-08,1.0156517220434545e-08,9.9627478598508520e-09,9.9627478598508520e-09,9.6842037212502216e-09,9.6842037212502216e-09,9.3958712983486850e-09,9.3958712983486850e-09,8.8897116313591578e-09,8.8897116313591578e-09,8.5917882433805777e-09,8.5917882433805777e-09,8.3366008338333222e-09,8.3366008338333222e-09,7.9692204641891138e-09,7.9692204641891138e-09,7.5875258182586216e-09,7.5875258182586216e-09,7.2949873489419634e-09,7.2949873489419634e-09,7.0114121129933329e-09,7.0114121129933329e-09,6.7440964951968650e-09,6.7440964951968650e-09,6.7440964951968650e-09,6.7440964951968650e-09,6.7440964951968650e-09,6.7440964951968650e-09,6.7440964951968650e-09,6.7020879678440371e-09,6.7020879678440371e-09,6.2062987244380366e-09,6.2062987244380366e-09,5.6382093995728277e-09,5.6382093995728277e-09,5.2851603588903690e-09,5.2851603588903690e-09,4.9683494851264099e-09,4.9683494851264099e-09,4.9683494851264099e-09,4.9683494851264099e-09,5.7097571237047314e-09,5.2255639654880776e-09,5.2255639654880776e-09,4.5334098330551778e-09,4.5334098330551778e-09,4.0972241996989912e-09,4.0972241996989912e-09,3.7670499405953859e-09,4.9544311462255312e-09,7.7702581041592335e-09,8.8774339204528695e-09,5.1140943060357887e-09,2.2904735754966795e-09,2.2904735754966795e-09,2.4165089417742948e-09,2.4165089417742948e-09,2.5633270107686603e-09,2.5633270107686603e-09,1.5062494574124507e-09,1.5062494574124507e-09,1.5062494574124507e-09,1.5062494574124507e-09,1.5062494574124507e-09,1.5044603253748310e-09,1.5044603253748310e-09,1.5191575752440400e-09,1.5191575752440400e-09,1.6965782667491549e-09,1.6965782667491549e-09,1.0155436215575042e-09,1.0155436215575042e-09,1.0155436215575042e-09,1.0155436215575042e-09,1.0155436215575042e-09,1.0155436215575042e-09,1.0155436215575042e-09
1.2588784929374516e-08,1.2588784929374516e-08,1.2588784929374516e-08,1.2426653777077670e-08,1.2426653777077670e-08,1.2126896546879563e-08,1.2126896546879563e-08,1.1932946811127648e-08,1.1932946811127648e-08,1.1768189068239726e-08,1.1768189068239726e-08,1.1611111529204688e-08,1.1611111529204688e-08,1.1319016297995497e-08,1.1319016297995497e-08,1.1071328734959759e-08,1.1071328734959759e-08,1.1007984774546604e-08,1.1007984774546604e-08,1.0779936638989348e-08,1.0779936638989348e-08,1.0304307503943866e-08,1.0304307503943866e-08,1.0156517220434545e-08,1.0156517220434545e-08,9.9627478598508520e-09,9.9627478598508520e-09,9.6842037212502216e-09,9.6842037212502216e-09,9.3958712983486850e-09,9.3958712983486850e-09,8.8897116313591578e-09,8.8897116313591578e-09,8.5917882433805777e-09,8.5917882433805777e-09,8.3366008338333222e-09,8.3366008338333222e-09,7.9692204641891138e-09,7.9692204641891138e-09,7.5875258182586216e-09,7.5875258182586216e-09,7.2949873489419634e-09,7.2949873489419634e-09,7.0114121129933329e-09,7.0114121129933329e-09,6.7440964951968650e-09,6.7440964951968650e-09,6.7440964951968650e-09,6.7440964951968650e-09,6.7440964951968650e-09,6.7440964951968650e-09,6.7440964951968650e-09,6.7020879678440371e-09,6.7020879678440371e-09,6.2062987244380366e-09,6.2062987244380366e-09,5.6382093995728277e-09,5.6382093995728277e-09,5.2851603588903690e-09,5.2851603588903690e-09,4.9683494851264099e-09,4.9683494851264099e-09,4.9683494851264099e-09,4.9683494851264099e-09,4.9683494851264099e-09,5.2255639654880776e-09,5.2255639654880776e-09,4.5334098330551778e-09,4.5334098330551778e-09,4.0972241996989912e-09,4.0972241996989912e-09,3.7670499405953859e-09,3.7670499405953859e-09,4.9544311462255312e-09,4.2858738348756946e-09,6.5314407931948552e-09,8.4153846532046207e-09,5.6260589295178872e-09,2.4165089417742948e-09,2.4165089417742948e-09,2.5633270107686603e-09,2.5633270107686603e-09,2.7187943073022065e-09,1.5062494574124507e-09,1.5062494574124507e-09,1.5062494574124507e-09,1.5062494574124507e-09,1.5044603253748310e-09,1.5044603253748310e-09,1.5191575752440400e-09,1.5191575752440400e-09,1.6965782667491549e-09,1.6965782667491549e-09,1.0155436215575042e-09,1.0155436215575042e-09,1.0155436215575042e-09,1.0155436215575042e-09,1.0155436215575042e-09,1.0155436215575042e-09,1.0155436215575042e-09,1.0155436215575042e-09
1.2588784929374516e-08,1.2588784929374516e-08,1.2426653777077670e-08,1.2426653777077670e-08,1.2126896546879563e-08,1.2126896546879563e-08,1.1932946811127648e-08,1.1932946811127648e-08,1.1768189068239726e-08,1.1768189068239726e-08,1.1611111529204688e-08,1.1611111529204688e-08,1.1319016297995497e-08,1.1319016297995497e-08,1.1071328734959759e-08,1.1071328734959759e-08,1.1007984774546604e-08,1.1007984774546604e-08,1.0779936638989348e-08,1.0779936638989348e-08,1.0304307503943866e-08,1.0304307503943866e-08,1.0156517220434545e-08,1.0156517220434545e-08,9.9627478598508520e-09,9.9627478598508520e-09,9.6842037212502216e-09,9.6842037212502216e-09,9.3958712983486850e-09,9.3958712983486850e-09,8.8897116313591578e-09,8.8897116313591578e-09,8.5917882433805777e-09,8.5917882433805777e-09,8.3366008338333222e-09,8.3366008338333222e-09,7.9692204641891138e-09,7.9692204641891138e-09,7.5875258182586216e-09,7.5875258182586216e-09,7.2949873489419634e-09,7.2949873489419634e-09,7.0114121129933329e-09,7.0114121129933329e-09,6.7440964951968650e-09,6.7440964951968650e-09,6.7440964951968650e-09,6.7440964951968650e-09,6.7440964951968650e-09,6.7440964951968650e-09,6.7440964951968650e-09,6.7020879678440371e-09,6.7020879678440371e-09,6.2062987244380366e-09,6.2062987244380366e-09,5.6382093995728277e-09,5.6382093995728277e-09,5.2851603588903690e-09,5.2851603588903690e-09,4.9683494851264099e-09,4.9683494851264099e-09,4.9683494851264099e-09,4.9683494851264099e-09,4.9683494851264099e-09,5.2255639654880776e-09,5.2255639654880776e-09,4.5334098330551778e-09,4.5334098330551778e-09,4.0972241996989912e-09,4.0972241996989912e-09,3.7670499405953859e-09,3.7670499405953859e-09,3.7670499405953859e-09,4.2858738348756946e-09,4.2858738348756946e-09,3.6230252748496233e-09,5.2719601819737299e-09,7.7490265928196924e-09,6.0800299272561605e-09,2.5633270107686603e-09,2.5633270107686603e-09,2.7187943073022065e-09,1.5062494574124507e-09,1.5062494574124507e-09,1.5062494574124507e-09,1.5062494574124507e-09,1.5044603253748310e-09,1.5044603253748310e-09,1.5191575752440400e-09,1.5191575752440400e-09,1.6965782667491549e-09,1.6965782667491549e-09,1.9679547715970984e-09,1.0155436215575042e-09,1.0155436215575042e-09,1.0155436215575042e-09,1.0155436215575042e-09,1.0155436215575042e-09,1.0155436215575042e-09,1.1905556212780222e-09,1.1905556212780222e-09
1.2426653777077670e-08,1.2426653777077670e-08,1.2426653777077670e-08,1.2126896546879563e-08,1.2126896546879563e-08,1.1932946811127648e-08,1.1932946811127648e-08,1.1768189068239726e-08,1.1768189068239726e-08,1.1611111529204688e-08,1.1611111529204688e-08,1.1319016297995497e-08,1.1319016297995497e-08,1.1071328734959759e-08,1.1071328734959759e-08,1.1007984774546604e-08,1.1007984774546604e-08,1.0779936638989348e-08,1.0779936638989348e-08,1.0304307503943866e-08,1.0304307503943866e-08,1.0156517220434545e-08,1.0156517220434545e-08,9.9627478598508520e-09,9.9627478598508520e-09,9.6842037212502216e-09,9.6842037212502216e-09,9.3958712983486850e-09,9.3958712983486850e-09,8.8897116313591578e-09,8.8897116313591578e-09,8.5917882433805777e-09,8.5917882433805777e-09,8.3366008338333222e-09,8.3366008338333222e-09,7.9692204641891138e-09,7.9692204641891138e-09,7.5875258182586216e-09,7.5875258182586216e-09,7.2949873489419634e-09,7.2949873489419634e-09,7.0114121129933329e-09,7.0114121129933329e-09,6.7440964951968650e-09,6.7440964951968650e-09,6.7440964951968650e-09,6.7440964951968650e-09,6.7440964951968650e-09,6.7440964951968650e-09,6.7440964951968650e-09,6.7020879678440371e-09,6.7020879678440371e-09,6.2062987244380366e-09,6.2062987244380366e-09,5.6382093995728277e-09,5.6382093995728277e-09,5.2851603588903690e-09,5.2851603588903690e-09,4.9683494851264099e-09,4.9683494851264099e-09,4.9683494851264099e-09,4.9683494851264099e-09,4.9683494851264099e-09,5.2255639654880776e-09,5.2255639654880776e-09,4.5334098330551778e-09,4.5334098330551778e-09,4.0972241996989912e-09,4.0972241996989912e-09,3.7670499405953859e-09,3.7670499405953859e-09,3.7670499405953859e-09,4.2858738348756946e-09,4.2858738348756946e-09,3.6230252748496233e-09,3.6230252748496233e-09,3.1181061634741412e-09,4.4396143543626083e-09,6.8307456893450544e-09,6.2627732754322743e-09,2.7187943073022065e-09,2.7187943073022065e-09,1.5062494574124507e-09,1.5062494574124507e-09,1.5062494574124507e-09,1.5044603253748310e-09,1.5044603253748310e-09,1.5191575752440400e-09,1.5191575752440400e-09,1.6965782667491549e-09,1.6965782667491549e-09,1.9679547715970984e-09,1.0155436215575042e-09,1.0155436215575042e-09,1.0155436215575042e-09,1.0155436215575042e-09,1.0155436215575042e-09,1.0155436215575042e-09,1.1905556212780222e-09,1.1905556212780222e-09,1.1905556212780222e-09
1.2426653777077670e-08,1.2426653777077670e-08,1.2126896546879563e-08,1.2126896546879563e-08,1.1932946811127648e-08,1.1932946811127648e-08,1.1768189068239726e-08,1.1768189068239726e-08,1.1611111529204688e-08,1.1611111529204688e-08,1.1319016297995497e-08,1.1319016297995497e-08,1.1071328734959759e-08,1.1071328734959759e-08,1.1007984774546604e-08,1.1007984774546604e-08,1.0779936638989348e-08,1.0779936638989348e-08,1.0304307503943866e-08,1.0304307503943866e-08,1.0156517220434545e-08,1.0156517220434545e-08,9.9627478598508520e-09,9.9627478598508520e-09,9.6842037212502216e-09,9.6842037212502216e-09,9.3958712983486850e-09,9.3958712983486850e-09,8.8897116313591578e-09,8.8897116313591578e-09,8.5917882433805777e-09,8.5917882433805777e-09,8.3366008338333222e-09,8.3366008338333222e-09,7.9692204641891138e-09,7.9692204641891138e-09,7.5875258182586216e-09,7.5875258182586216e-09,7.2949873489419634e-09,7.2949873489419634e-09,7.0114121129933329e-09,7.0114121129933329e-09,6.7440964951968650e-09,6.7440964951968650e-09,6.7440964951968650e-09,6.7440964951968650e-09,6.7440964951968650e-09,6.7440964951968650e-09,6.7440964951968650e-09,6.7440964951968650e-09,6.7020879678440371e-09,6.2062987244380366e-09,6.2062987244380366e-09,5.6382093995728277e-09,5.6382093995728277e-09,5.2851603588903690e-09,5.2851603588903690e-09,4.9683494851264099e-09,4.9683494851264099e-09,4.9683494851264099e-09,4.9683494851264099e-09,4.9683494851264099e-09,4.9683494851264099e-09,5.2255639654880776e-09,4.5334098330551778e-09,4.5334098330551778e-09,4.0972241996989912e-09,4.0972241996989912e-09,3.7670499405953859e-09,3.7670499405953859e-09,3.7670499405953859e-09,3.7670499405953859e-09,4.2858738348756946e-09,3.6230252748496233e-09,3.6230252748496233e-09,3.1181061634741412e-09,3.1181061634741412e-09,2.7981050797031472e-09,3.7493023897010387e-09,5.8913378693266157e-09,6.2066800381504073e-09,2.9957749868930815e-09,1.5062494574124507e-09,1.5062494574124507e-09,1.5044603253748310e-09,1.5044603253748310e-09,1.5191575752440400e-09,1.5191575752440400e-09,1.6965782667491549e-09,1.6965782667491549e-09,1.9679547715970984e-09,1.0155436215575042e-09,1.0155436215575042e-09,1.0155436215575042e-09,1.0155436215575042e-09,1.0155436215575042e-09,1.0155436215575042e-09,1.1905556212780222e-09,1.1905556212780222e-09,7.6254718273259050e-10,7.6254718273259050e-10
1.2126896546879563e-08,1.2126896546879563e-08,1.2126896546879563e-08,1.1932946811127648e-08,1.1932946811127648e-08,1.1768189068239726e-08,1.1768189068239726e-08,1.1611111529204688e-08,1.1611111529204688e-08,1.1319016297995497e-08,1.1319016297995497e-08,1.1071328734959759e-08,1.1071328734959759e-08,1.1007984774546604e-08,1.1007984774546604e-08,1.0779936638989348e-08,1.0779936638989348e-08,1.0304307503943866e-08,1.0304307503943866e-08,1.0156517220434545e-08,1.0156517220434545e-08,9.9627478598508520e-09,9.9627478598508520e-09,9.6842037212502216e-09,9.6842037212502216e-09,9.3958712983486850e-09,9.3958712983486850e-09,8.8897116313591578e-09,8.8897116313591578e-09,8.5917882433805777e-09,8.5917882433805777e-09,8.3366008338333222e-09,8.3366008338333222e-09,7.9692204641891138e-09,7.9692204641891138e-09,7.5875258182586216e-09,7.5875258182586216e-09,7.2949873489419634e-09,7.2949873489419634e-09,7.0114121129933329e-09,7.0114121129933329e-09,6.7440964951968650e-09,6.7440964951968650e-09,6.7440964951968650e-09,6.7440964951968650e-09,6.7440964951968650e-09,6.7440964951968650e-09,6.7440964951968650e-09,6.7440964951968650e-09,6.7020879678440371e-09,6.2062987244380366e-09,6.2062987244380366e-09,5.6382093995728277e-09,5.6382093995728277e-09,5.2851603588903690e-09,5.2851603588903690e-09,4.9683494851264099e-09,4.9683494851264099e-09,4.9683494851264099e-09,4.9683494851264099e-09,4.9683494851264099e-09,4.9683494851264099e-09,5.2255639654880776e-09,4.5334098330551778e-09,4.5334098330551778e-09,4.0972241996989912e-09,4.0972241996989912e-09,3.7670499405953859e-09,3.7670499405953859e-09,3.7670499405953859e-09,3.7670499405953859e-09,4.2858738348756946e-09,3.6230252748496233e-09,3.6230252748496233e-09,3.1181061634741412e-09,3.1181061634741412e-09,2.7981050797031472e-09,2.7981050797031472e-09,3.7493023897010387e-09,3.1170161749025073e-09,4.8548794800898850e-09,5.8722847707680958e-09,3.5650525119815893e-09,1.5044603253748310e-09,1.5044603253748310e-09,1.5191575752440400e-09,1.5191575752440400e-09,1.6965782667491549e-09,1.6965782667491549e-09,1.9679547715970984e-09,1.9679547715970984e-09,1.0155436215575042e-09,1.0155436215575042e-09,1.0155436215575042e-09,1.0155436215575042e-09,1.0155436215575042e-09,1.1905556212780222e-09,1.1905556212780222e-09,7.6254718273259050e-10,7.6254718273259050e-10,7.6254718273259050e-10
1.2126896546879563e-08,1.2126896546879563e-08,1.1932946811127648e-08,1.1932946811127648e-08,1.1768189068239726e-08,1.1768189068239726e-08,1.1611111529204688e-08,1.1611111529204688e-08,1.1319016297995497e-08,1.1319016297995497e-08,1.1071328734959759e-08,1.1071328734959759e-08,1.1007984774546604e-08,1.1007984774546604e-08,1.0779936638989348e-08,1.0779936638989348e-08,1.0304307503943866e-08,1.0304307503943866e-08,1.0156517220434545e-08,1.0156517220434545e-08,9.9627478598508520e-09,9.9627478598508520e-09,9.6842037212502216e-09,9.6842037212502216e-09,9.3958712983486850e-09,9.3958712983486850e-09,8.8897116313591578e-09,8.8897116313591578e-09,8.5917882433805777e-09,8.5917882433805777e-09,8.3366008338333222e-09,8.3366008338333222e-09,7.9692204641891138e-09,7.9692204641891138e-09,7.5875258182586216e-09,7.5875258182586216e-09,7.2949873489419634e-09,7.2949873489419634e-09,7.0114121129933329e-09,7.0114121129933329e-09,6.7440964951968650e-09,6.7440964951968650e-09,6.7440964951968650e-09,6.7440964951968650e-09,6.7440964951968650e-09,6.7440964951968650e-09,6.7440964951968650e-09,6.7440964951968650e-09,6.7020879678440371e-09,6.2062987244380366e-09,6.2062987244380366e-09,5.6382093995728277e-09,5.6382093995728277e-09,5.2851603588903690e-09,5.2851603588903690e-09,4.9683494851264099e-09,4.9683494851264099e-09,4.9683494851264099e-09,4.9683494851264099e-09,4.9683494851264099e-09,4.9683494851264099e-09,5.2255639654880776e-09,4.5334098330551778e-09,4.5334098330551778e-09,4.0972241996989912e-09,4.0972241996989912e-09,3.7670499405953859e-09,3.7670499405953859e-09,3.7670499405953859e-09,3.7670499405953859e-09,3.7670499405953859e-09,3.6230252748496233e-09,3.6230252748496233e-09,3.1181061634741412e-09,3.1181061634741412e-09,2.7981050797031472e-09,2.7981050797031472e-09,2.7981050797031472e-09,3.1170161749025073e-09,3.1170161749025073e-09,2.4395201715407558e-09,3.7631466243584829e-09,5.3213605144382590e-09,4.0470525808838254e-09,1.5191575752440400e-09,1.5191575752440400e-09,1.6965782667491549e-09,1.6965782667491549e-09,1.9679547715970984e-09,1.9679547715970984e-09,1.0155436215575042e-09,1.0155436215575042e-09,1.0155436215575042e-09,1.0155436215575042e-09,1.0155436215575042e-09,1.1905556212780222e-09,1.1905556212780222e-09,1.5479823230774099e-09,7.6254718273259050e-10,7.6254718273259050e-10,7.6254718273259050e-10
1.1932946811127648e-08,1.1932946811127648e-08,1.1932946811127648e-08,1.1768189068239726e-08,1.1768189068239726e-08,1.1611111529204688e-08,1.1611111529204688e-08,1.1319016297995497e-08,1.1319016297995497e-08,1.1071328734959759e-08,1.1071328734959759e-08,1.1007984774546604e-08,1.1007984774546604e-08,1.0779936638989348e-08,1.0779936638989348e-08,1.0304307503943866e-08,1.0304307503943866e-08,1.0156517220434545e-08,1.0156517220434545e-08,9.9627478598508520e-09,9.9627478598508520e-09,9.6842037212502216e-09,9.6842037212502216e-09,9.3958712983486850e-09,9.3958712983486850e-09,8.8897116313591578e-09,8.8897116313591578e-09,8.5917882433805777e-09,8.5917882433805777e-09,8.3366008338333222e-09,8.3366008338333222e-09,7.9692204641891138e-09,7.9692204641891138e-09,7.5875258182586216e-09,7.5875258182586216e-09,7.2949873489419634e-09,7.2949873489419634e-09,7.0114121129933329e-09,7.0114121129933329e-09,6.7440964951968650e-09,6.7440964951968650e-09,6.7440964951968650e-09,6.7440964951968650e-09,6.7440964951968650e-09,6.7440964951968650e-09,6.7440964951968650e-09,6.7440964951968650e-09,6.7020879678440371e-09,6.2062987244380366e-09,6.2062987244380366e-09,5.6382093995728277e-09,5.6382093995728277e-09,5.2851603588903690e-09,5.2851603588903690e-09,4.9683494851264099e-09,4.9683494851264099e-09,4.9683494851264099e-09,4.9683494851264099e-09,4.9683494851264099e-09,4.9683494851264099e-09,4.9683494851264099e-09,4.5334098330551778e-09,4.5334098330551778e-09,4.0972241996989912e-09,4.0972241996989912e-09,3.7670499405953859e-09,3.7670499405953859e-09,3.7670499405953859e-09,3.7670499405953859e-09,3.7670499405953859e-09,3.6230252748496233e-09,3.6230252748496233e-09,3.1181061634741412e-09,3.1181061634741412e-09,2.7981050797031472e-09,2.7981050797031472e-09,2.7981050797031472e-09,3.1170161749025073e-09,3.1170161749025073e-09,2.4395201715407558e-09,2.4395201715407558e-09,2.1304010187702922e-09,2.9813613851103145e-09,4.5757145829681228e-09,4.2343531363192947e-09,1.6965782667491549e-09,1.6965782667491549e-09,1.9679547715970984e-09,1.9679547715970984e-09,2.5731556834960450e-09,1.0155436215575042e-09,1.0155436215575042e-09,1.0155436215575042e-09,1.0155436215575042e-09,1.1905556212780222e-09,1.1905556212780222e-09,1.5479823230774099e-09,7.6254718273259050e-10,7.6254718273259050e-10,7.6254718273259050e-10,7.6254718273259050e-10
1.1932946811127648e-08,1.1932946811127648e-08,1.1768189068239726e-08,1.1768189068239726e-08,1.1611111529204688e-08,1.1611111529204688e-08,1.1319016297995497e-08,1.1319016297995497e-08,1.1071328734959759e-08,1.1071328734959759e-08,1.1007984774546604e-08,1.1007984774546604e-08,1.0779936638989348e-08,1.0779936638989348e-08,1.0304307503943866e-08,1.0304307503943866e-08,1.0156517220434545e-08,1.0156517220434545e-08,9.9627478598508520e-09,9.9627478598508520e-09,9.6842037212502216e-09,9.6842037212502216e-09,9.3958712983486850e-09,9.3958712983486850e-09,8.8897116313591578e-09,8.8897116313591578e-09,8.5917882433805777e-09,8.5917882433805777e-09,8.3366008338333222e-09,8.3366008338333222e-09,7.9692204641891138e-09,7.9692204641891138e-09,7.5875258182586216e-09,7.5875258182586216e-09,7.2949873489419634e-09,7.2949873489419634e-09,7.0114121129933329e-09,7.0114121129933329e-09,6.7440964951968650e-09,6.7440964951968650e-09,6.7440964951968650e-09,6.7440964951968650e-09,6.7440964951968650e-09,6.7440964951968650e-09,6.7440964951968650e-09,6.7440964951968650e-09,6.7440964951968650e-09,6.2062987244380366e-09,6.2062987244380366e-09,5.6382093995728277e-09,5.6382093995728277e-09,5.2851603588903690e-09,5.2851603588903690e-09,4.9683494851264099e-09,4.9683494851264099e-09,4.9683494851264099e-09,4.9683494851264099e-09,4.9683494851264099e-09,4.9683494851264099e-09,4.9683494851264099e-09,4.5334098330551778e-09,4.5334098330551778e-09,4.0972241996989912e-09,4.0972241996989912e-09,3.7670499405953859e-09,3.7670499405953859e-09,3.7670499405953859e-09,3.7670499405953859e-09,3.7670499405953859e-09,3.6230252748496233e-09,3.6230252748496233e-09,3.1181061634741412e-09,3.1181061634741412e-09,2.7981050797031472e-09,2.7981050797031472e-09,2.7981050797031472e-09,2.7981050797031472e-09,3.1170161749025073e-09,2.4395201715407558e-09,2.4395201715407558e-09,2.1304010187702922e-09,2.1304010187702922e-09,2.9813613851103145e-09,2.3750442551920053e-09,3.7539956238038066e-09,4.1068534894115402e-09,1.9679547715970984e-09,1.9679547715970984e-09,2.5731556834960450e-09,1.0155436215575042e-09,1.0155436215575042e-09,1.0155436215575042e-09,1.0155436215575042e-09,1.1905556212780222e-09,1.1905556212780222e-09,1.5479823230774099e-09,7.6254718273259050e-10,7.6254718273259050e-10,7.6254718273259050e-10,7.6254718273259050e-10,7.6254718273259050e-10
1.1768189068239726e-08,1.1768189068239726e-08,1.1768189068239726e-08,1.1611111529204688e-08,1.1611111529204688e-08,1.1319016297995497e-08,1.1319016297995497e-08,1.1071328734959759e-08,1.1071328734959759e-08,1.1007984774546604e-08,1.1007984774546604e-08,1.0779936638989348e-08,1.0779936638989348e-08,1.0304307503943866e-08,1.0304307503943866e-08,1.0156517220434545e-08,1.0156517220434545e-08,9.9627478598508520e-09,9.9627478598508520e-09,9.6842037212502216e-09,9.6842037212502216e-09,9.3958712983486850e-09,9.3958712983486850e-09,8.8897116313591578e-09,8.8897116313591578e-09,8.5917882433805777e-09,8.5917882433805777e-09,8.3366008338333222e-09,8.3366008338333222e-09,7.9692204641891138e-09,7.9692204641891138e-09,7.5875258182586216e-09,7.5875258182586216e-09,7.2949873489419634e-09,7.2949873489419634e-09,7.0114121129933329e-09,7.0114121129933329e-09,6.7440964951968650e-09,6.7440964951968650e-09,6.7440964951968650e-09,6.7440964951968650e-09,6.7440964951968650e-09,6.7440964951968650e-09,6.7440964951968650e-09,6.7440964951968650e-09,6.7440964951968650e-09,6.2062987244380366e-09,6.2062987244380366e-09,5.6382093995728277e-09,5.6382093995728277e-09,5.2851603588903690e-09,5.2851603588903690e-09,4.9683494851264099e-09,4.9683494851264099e-09,4.9683494851264099e-09,4.9683494851264099e-09,4.9683494851264099e-09,4.9683494851264099e-09,4.9683494851264099e-09,4.5334098330551778e-09,4.5334098330551778e-09,4.0972241996989912e-09,4.0972241996989912e-09,3.7670499405953859e-09,3.7670499405953859e-09,3.7670499405953859e-09,3.7670499405953859e-09,3.7670499405953859e-09,3.7670499405953859e-09,3.6230252748496233e-09,3.1181061634741412e-09,3.1181061634741412e-09,2.7981050797031472e-09,2.7981050797031472e-09,2.7981050797031472e-09,2.7981050797031472e-09,3.1170161749025073e-09,2.4395201715407558e-09,2.4395201715407558e-09,2.1304010187702922e-09,2.1304010187702922e-09,2.1304010187702922e-09,2.3750442551920053e-09,2.3750442551920053e-09,1.8276263927970292e-09,2.9638949218138079e-09,3.6390953941594656e-09,2.5731556834960450e-09,2.5731556834960450e-09,1.0155436215575042e-09,1.0155436215575042e-09,1.0155436215575042e-09,1.1905556212780222e-09,1.1905556212780222e-09,1.5479823230774099e-09,1.5479823230774099e-09,7.6254718273259050e-10,7.6254718273259050e-10,7.6254718273259050e-10,7.6254718273259050e-10,7.6254718273259050e-10
1.1768189068239726e-08,1.1768189068239726e-08,1.1611111529204688e-08,1.1611111529204688e-08,1.1319016297995497e-08,1.1319016297995497e-08,1.1071328734959759e-08,1.1071328734959759e-08,1.1007984774546604e-08,1.1007984774546604e-08,1.0779936638989348e-08,1.0779936638989348e-08,1.0304307503943866e-08,1.0304307503943866e-08,1.0156517220434545e-08,1.0156517220434545e-08,9.9627478598508520e-09,9.9627478598508520e-09,9.6842037212502216e-09,9.6842037212502216e-09,9.3958712983486850e-09,9.3958712983486850e-09,8.8897116313591578e-09,8.8897116313591578e-09,8.5917882433805777e-09,8.5917882433805777e-09,8.3366008338333222e-09,8.3366008338333222e-09,7.9692204641891138e-09,7.9692204641891138e-09,7.5875258182586216e-09,7.5875258182586216e-09,7.2949873489419634e-09,7.2949873489419634e-09,7.0114121129933329e-09,7.0114121129933329e-09,6.7440964951968650e-09,6.7440964951968650e-09,6.7440964951968650e-09,6.7440964951968650e-09,6.7440964951968650e-09,6.7440964951968650e-09,6.7440964951968650e-09,6.7440964951968650e-09,6.7440964951968650e-09,6.2062987244380366e-09,6.2062987244380366e-09,5.6382093995728277e-09,5.6382093995728277e-09,5.2851603588903690e-09,5.2851603588903690e-09,4.9683494851264099e-09,4.9683494851264099e-09,4.9683494851264099e-09,4.9683494851264099e-09,4.9683494851264099e-09,4.9683494851264099e-09,4.9683494851264099e-09,4.5334098330551778e-09,4.5334098330551778e-09,4.0972241996989912e-09,4.0972241996989912e-09,3.7670499405953859e-09,3.7670499405953859e-09,3.7670499405953859e-09,3.7670499405953859e-09,3.7670499405953859e-09,3.7670499405953859e-09,3.6230252748496233e-09,3.1181061634741412e-09,3.1181061634741412e-09,2.7981050797031472e-09,2.7981050797031472e-09,2.7981050797031472e-09,2.7981050797031472e-09,2.7981050797031472e-09,2.4395201715407558e-09,2.4395201715407558e-09,2.1304010187702922e-09,2.1304010187702922e-09,2.1304010187702922e-09,2.3750442551920053e-09,2.3750442551920053e-09,1.8276263927970292e-09,1.8276263927970292e-09,2.9638949218138079e-09,2.0700761026984691e-09,3.0698563867329888e-09,2.7477623803196287e-09,1.0155436215575042e-09,1.0155436215575042e-09,1.1905556212780222e-09,1.1905556212780222e-09,1.5479823230774099e-09,1.5479823230774099e-09,7.6254718273259050e-10,7.6254718273259050e-10,7.6254718273259050e-10,7.6254718273259050e-10,1.9229117190709590e-10,1.9229117190709590e-10
1.1611111529204688e-08,1.1611111529204688e-08,1.1611111529204688e-08,1.1319016297995497e-08,1.1319016297995497e-08,1.1071328734959759e-08,1.1071328734959759e-08,1.1007984774546604e-08,1.1007984774546604e-08,1.0779936638989348e-08,1.0779936638989348e-08,1.0304307503943866e-08,1.0304307503943866e-08,1.0156517220434545e-08,1.0156517220434545e-08,9.9627478598508520e-09,9.9627478598508520e-09,9.6842037212502216e-09,9.6842037212502216e-09,9.3958712983486850e-09,9.3958712983486850e-09,8.8897116313591578e-09,8.8897116313591578e-09,8.5917882433805777e-09,8.5917882433805777e-09,8.3366008338333222e-09,8.3366008338333222e-09,7.9692204641891138e-09,7.9692204641891138e-09,7.5875258182586216e-09,7.5875258182586216e-09,7.2949873489419634e-09,7.2949873489419634e-09,7.0114121129933329e-09,7.0114121129933329e-09,6.7440964951968650e-09,6.7440964951968650e-09,6.7440964951968650e-09,6.7440964951968650e-09,6.7440964951968650e-09,6.7440964951968650e-09,6.7440964951968650e-09,6.7440964951968650e-09,6.7440964951968650e-09,6.2062987244380366e-09,6.2062987244380366e-09,5.6382093995728277e-09,5.6382093995728277e-09,5.2851603588903690e-09,5.2851603588903690e-09,4.9683494851264099e-09,4.9683494851264099e-09,4.9683494851264099e-09,4.9683494851264099e-09,4.9683494851264099e-09,4.9683494851264099e-09,4.9683494851264099e-09,4.9683494851264099e-09,4.5334098330551778e-09,4.0972241996989912e-09,4.0972241996989912e-09,3.7670499405953859e-09,3.7670499405953859e-09,3.7670499405953859e-09,3.7670499405953859e-09,3.7670499405953859e-09,3.7670499405953859e-09,3.6230252748496233e-09,3.1181061634741412e-09,3.1181061634741412e-09,2.7981050797031472e-09,2.7981050797031472e-09,2.7981050797031472e-09,2.7981050797031472e-09,2.7981050797031472e-09,2.4395201715407558e-09,2.4395201715407558e-09,2.1304010187702922e-09,2.1304010187702922e-09,2.1304010187702922e-09,2.1304010187702922e-09,2.3750442551920053e-09,1.8276263927970292e-09,1.8276263927970292e-09,1.8276263927970292e-09,2.0700761026984691e-09,2.0700761026984691e-09,1.5071250532492039e-09,2.4474473137754000e-09,2.5458428515957547e-09,1.1905556212780222e-09,1.1905556212780222e-09,1.5479823230774099e-09,1.5479823230774099e-09,1.5397903240135840e-09,7.6254718273259050e-10,7.6254718273259050e-10,7.6254718273259050e-10,7.6254718273259050e-10,1.9229117190709590e-10,1.9229117190709590e-10
1.1611111529204688e-08,1.1611111529204688e-08,1.1319016297995497e-08,1.1319016297995497e-08,1.1071328734959759e-08,1.1071328734959759e-08,1.1007984774546604e-08,1.1007984774546604e-08,1.0779936638989348e-08,1.0779936638989348e-08,1.0304307503943866e-08,1.0304307503943866e-08,1.0156517220434545e-08,1.0156517220434545e-08,9.9627478598508520e-09,9.9627478598508520e-09,9.6842037212502216e-09,9.6842037212502216e-09,9.3958712983486850e-09,9.3958712983486850e-09,8.8897116313591578e-09,8.8897116313591578e-09,8.5917882433805777e-09,8.5917882433805777e-09,8.3366008338333222e-09,8.3366008338333222e-09,7.9692204641891138e-09,7.9692204641891138e-09,7.5875258182586216e-09,7.5875258182586216e-09,7.2949873489419634e-09,7.2949873489419634e-09,7.0114121129933329e-09,7.0114121129933329e-09,6.7440964951968650e-09,6.7440964951968650e-09,6.7440964951968650e-09,6.7440964951968650e-09,6.7440964951968650e-09,6.7440964951968650e-09,6.7440964951968650e-09,6.7440964951968650e-09,6.7440964951968650e-09,6.2062987244380366e-09,6.2062987244380366e-09,5.6382093995728277e-09,5.6382093995728277e-09,5.2851603588903690e-09,5.2851603588903690e-09,4.9683494851264099e-09,4.9683494851264099e-09,4.9683494851264099e-09,4.9683494851264099e-09,4.9683494851264099e-09,4.9683494851264099e-09,4.9683494851264099e-09,4.9683494851264099e-09,4.5334098330551778e-09,4.0972241996989912e-09,4.0972241996989912e-09,3.7670499405953859e-09,3.7670499405953859e-09,3.7670499405953859e-09,3.7670499405953859e-09,3.7670499405953859e-09,3.7670499405953859e-09,3.7670499405953859e-09,3.1181061634741412e-09,3.1181061634741412e-09,2.7981050797031472e-09,2.7981050797031472e-09,2.7981050797031472e-09,2.7981050797031472e-09,2.7981050797031472e-09,2.4395201715407558e-09,2.4395201715407558e-09,2.1304010187702922e-09,2.1304010187702922e-09,2.1304010187702922e-09,2.1304010187702922e-09,2.3750442551920053e-09,1.8276263927970292e-09,1.8276263927970292e-09,1.8276263927970292e-09,2.0700761026984691e-09,2.0700761026984691e-09,1.5071250532492039e-09,1.5071250532492039e-09,1.1019961701143383e-09,1.8455545105064822e-09,2.1769661351202241e-09,1.5479823230774099e-09,1.5479823230774099e-09,1.5397903240135840e-09,7.6254718273259050e-10,7.6254718273259050e-10,7.6254718273259050e-10,7.6254718273259050e-10,1.9229117190709590e-10,1.9229117190709590e-10,1.9229117190709590e-10
1.1319016297995497e-08,1.1319016297995497e-08,1.1319016297995497e-08,1.1071328734959759e-08,1.1071328734959759e-08,1.1007984774546604e-08,1.1007984774546604e-08,1.0779936638989348e-08,1.0779936638989348e-08,1.0304307503943866e-08,1.0304307503943866e-08,1.0156517220434545e-08,1.0156517220434545e-08,9.9627478598508520e-09,9.9627478598508520e-09,9.6842037212502216e-09,9.6842037212502216e-09,9.3958712983486850e-09,9.3958712983486850e-09,8.8897116313591578e-09,8.8897116313591578e-09,8.5917882433805777e-09,8.5917882433805777e-09,8.3366008338333222e-09,8.3366008338333222e-09,7.9692204641891138e-09,7.9692204641891138e-09,7.5875258182586216e-09,7.5875258182586216e-09,7.2949873489419634e-09,7.2949873489419634e-09,7.0114121129933329e-09,7.0114121129933329e-09,6.7440964951968650e-09,6.7440964951968650e-09,6.7440964951968650e-09,6.7440964951968650e-09,6.7440964951968650e-09,6.7440964951968650e-09,6.7440964951968650e-09,6.7440964951968650e-09,6.7440964951968650e-09,6.7440964951968650e-09,6.2062987244380366e-09,5.6382093995728277e-09,5.6382093995728277e-09,5.2851603588903690e-09,5.2851603588903690e-09,4.9683494851264099e-09,4.9683494851264099e-09,4.9683494851264099e-09,4.9683494851264099e-09,4.9683494851264099e-09,4.9683494851264099e-09,4.9683494851264099e-09,4.9683494851264099e-09,4.5334098330551778e-09,4.0972241996989912e-09,4.0972241996989912e-09,3.7670499405953859e-09,3.7670499405953859e-09,3.7670499405953859e-09,3.7670499405953859e-09,3.7670499405953859e-09,3.7670499405953859e-09,3.7670499405953859e-09,3.1181061634741412e-09,3.1181061634741412e-09,2.7981050797031472e-09,2.7981050797031472e-09,2.7981050797031472e-09,2.7981050797031472e-09,2.7981050797031472e-09,2.7981050797031472e-09,2.4395201715407558e-09,2.1304010187702922e-09,2.1304010187702922e-09,2.1304010187702922e-09,2.1304010187702922e-09,2.1304010187702922e-09,1.8276263927970292e-09,1.8276263927970292e-09,1.8276263927970292e-09,1.8276263927970292e-09,2.0700761026984691e-09,1.5071250532492039e-09,1.5071250532492039e-09,1.1019961701143383e-09,1.1019961701143383e-09,1.8455545105064822e-09,1.2046445807170932e-09,1.7541087086896277e-09,1.5397903240135840e-09,1.5397903240135840e-09,7.6254718273259050e-10,7.6254718273259050e-10,7.6254718273259050e-10,7.7859647539698454e-10,1.9229117190709590e-10,1.9229117190709590e-10,1.9229117190709590e-10
1.1319016297995497e-08,1.1319016297995497e-08,1.1071328734959759e-08,1.1071328734959759e-08,1.1007984774546604e-08,1.1007984774546604e-08,1.0779936638989348e-08,1.0779936638989348e-08,1.0304307503943866e-08,1.0304307503943866e-08,1.0156517220434545e-08,1.0156517220434545e-08,9.9627478598508520e-09,9.9627478598508520e-09,9.6842037212502216e-09,9.6842037212502216e-09,9.3958712983486850e-09,9.3958712983486850e-09,8.8897116313591578e-09,8.8897116313591578e-09,8.5917882433805777e-09,8.5917882433805777e-09,8.3366008338333222e-09,8.3366008338333222e-09,7.9692204641891138e-09,7.9692204641891138e-09,7.5875258182586216e-09,7.5875258182586216e-09,7.2949873489419634e-09,7.2949873489419634e-09,7.0114121129933329e-09,7.0114121129933329e-09,6.7440964951968650e-09,6.7440964951968650e-09,6.7440964951968650e-09,6.7440964951968650e-09,6.7440964951968650e-09,6.7440964951968650e-09,6.7440964951968650e-09,6.7440964951968650e-09,6.7440964951968650e-09,6.7440964951968650e-09,6.2062987244380366e-09,5.6382093995728277e-09,5.6382093995728277e-09,5.2851603588903690e-09,5.2851603588903690e-09,4.9683494851264099e-09,4.9683494851264099e-09,4.9683494851264099e-09,4.9683494851264099e-09,4.9683494851264099e-09,4.9683494851264099e-09,4.9683494851264099e-09,4.9683494851264099e-09,4.5334098330551778e-09,4.0972241996989912e-09,4.0972241996989912e-09,3.7670499405953859e-09,3.7670499405953859e-09,3.7670499405953859e-09,3.7670499405953859e-09,3.7670499405953859e-09,3.7670499405953859e-09,3.7670499405953859e-09,3.1181061634741412e-09,3.1181061634741412e-09,2.7981050797031472e-09,2.7981050797031472e-09,2.7981050797031472e-09,2.7981050797031472e-09,2.7981050797031472e-09,2.7981050797031472e-09,2.4395201715407558e-09,2.1304010187702922e-09,2.1304010187702922e-09,2.1304010187702922e-09,2.1304010187702922e-09,2.1304010187702922e-09,1.8276263927970292e-09,1.8276263927970292e-09,1.8276263927970292e-09,1.8276263927970292e-09,2.0700761026984691e-09,1.5071250532492039e-09,1.5071250532492039e-09,1.1019961701143383e-09,1.1019961701143383e-09,1.1019961701143383e-09,7.9110013570118722e-10,7.9110013570118722e-10,7.7300423783421532e-10,1.3226435853254270e-09,1.2552942993206869e-09,7.6254718273259050e-10,7.6254718273259050e-10,7.7859647539698454e-10,1.9229117190709590e-10,1.9229117190709590e-10,1.9229117190709590e-10,1.9229117190709590e-10
1.1071328734959759e-08,1.1071328734959759e-08,1.1071328734959759e-08,1.1007984774546604e-08,1.1007984774546604e-08,1.0779936638989348e-08,1.0779936638989348e-08,1.0304307503943866e-08,1.0304307503943866e-08,1.0156517220434545e-08,1.0156517220434545e-08,9.9627478598508520e-09,9.9627478598508520e-09,9.6842037212502216e-09,9.6842037212502216e-09,9.3958712983486850e-09,9.3958712983486850e-09,8.8897116313591578e-09,8.8897116313591578e-09,8.5917882433805777e-09,8.5917882433805777e-09,8.3366008338333222e-09,8.3366008338333222e-09,7.9692204641891138e-09,7.9692204641891138e-09,7.5875258182586216e-09,7.5875258182586216e-09,7.2949873489419634e-09,7.2949873489419634e-09,7.0114121129933329e-09,7.0114121129933329e-09,6.7440964951968650e-09,6.7440964951968650e-09,6.7440964951968650e-09,6.7440964951968650e-09,6.7440964951968650e-09,6.7440964951968650e-09,6.7440964951968650e-09,6.7440964951968650e-09,6.7440964951968650e-09,6.7440964951968650e-09,6.2062987244380366e-09,5.6382093995728277e-09,5.6382093995728277e-09,5.2851603588903690e-09,5.2851603588903690e-09,4.9683494851264099e-09,4.9683494851264099e-09,4.9683494851264099e-09,4.9683494851264099e-09,4.9683494851264099e-09,4.9683494851264099e-09,4.9683494851264099e-09,4.9683494851264099e-09,4.9683494851264099e-09,4.0972241996989912e-09,4.0972241996989912e-09,3.7670499405953859e-09,3.7670499405953859e-09,3.7670499405953859e-09,3.7670499405953859e-09,3.7670499405953859e-09,3.7670499405953859e-09,3.7670499405953859e-09,3.1181061634741412e-09,3.1181061634741412e-09,2.7981050797031472e-09,2.7981050797031472e-09,2.7981050797031472e-09,2.7981050797031472e-09,2.7981050797031472e-09,2.7981050797031472e-09,2.4395201715407558e-09,2.1304010187702922e-09,2.1304010187702922e-09,2.1304010187702922e-09,2.1304010187702922e-09,2.1304010187702922e-09,1.8276263927970292e-09,1.8276263927970292e-09,1.8276263927970292e-09,1.8276263927970292e-09,1.8276263927970292e-09,1.5071250532492039e-09,1.5071250532492039e-09,1.1019961701143383e-09,1.1019961701143383e-09,7.9110013570118733e-10,7.9110013570118733e-10,7.9110013570118733e-10,7.9110013570118733e-10,7.7300423783421532e-10,5.9943859116236544e-10,8.0188474722238612e-10,9.5256186365362976e-10,7.7859647539698454e-10,7.7859647539698454e-10,1.9229117190709590e-10,1.9229117190709590e-10,1.9229117190709590e-10,1.9229117190709590e-10
1.1071328734959759e-08,1.1071328734959759e-08,1.1007984774546604e-08,1.1007984774546604e-08,1.0779936638989348e-08,1.0779936638989348e-08,1.0304307503943866e-08,1.0304307503943866e-08,1.0156517220434545e-08,1.0156517220434545e-08,9.9627478598508520e-09,9.9627478598508520e-09,9.6842037212502216e-09,9.6842037212502216e-09,9.3958712983486850e-09,9.3958712983486850e-09,8.8897116313591578e-09,8.8897116313591578e-09,8.5917882433805777e-09,8.5917882433805777e-09,8.3366008338333222e-09,8.3366008338333222e-09,7.9692204641891138e-09,7.9692204641891138e-09,7.5875258182586216e-09,7.5875258182586216e-09,7.2949873489419634e-09,7.2949873489419634e-09,7.0114121129933329e-09,7.0114121129933329e-09,6.7440964951968650e-09,6.7440964951968650e-09,6.7440964951968650e-09,6.7440964951968650e-09,6.7440964951968650e-09,6.7440964951968650e-09,6.7440964951968650e-09,6.7440964951968650e-09,6.7440964951968650e-09,6.7440964951968650e-09,6.2062987244380366e-09,5.6382093995728277e-09,5.6382093995728277e-09,5.2851603588903690e-09,5.2851603588903690e-09,4.9683494851264099e-09,4.9683494851264099e-09,4.9683494851264099e-09,4.9683494851264099e-09,4.9683494851264099e-09,4.9683494851264099e-09,4.9683494851264099e-09,4.9683494851264099e-09,4.9683494851264099e-09,4.0972241996989912e-09,4.0972241996989912e-09,3.7670499405953859e-09,3.7670499405953859e-09,3.7670499405953859e-09,3.7670499405953859e-09,3.7670499405953859e-09,3.7670499405953859e-09,3.7670499405953859e-09,3.7670499405953859e-09,3.1181061634741412e-09,2.7981050797031472e-09,2.7981050797031472e-09,2.7981050797031472e-09,2.7981050797031472e-09,2.7981050797031472e-09,2.7981050797031472e-09,2.7981050797031472e-09,2.1304010187702922e-09,2.1304010187702922e-09,2.1304010187702922e-09,2.1304010187702922e-09,2.1304010187702922e-09,2.1304010187702922e-09,1.8276263927970292e-09,1.8276263927970292e-09,1.8276263927970292e-09,1.8276263927970292e-09,1.5071250532492039e-09,1.5071250532492039e-09,1.1019961701143383e-09,1.1019961701143383e-09,7.9110013570118733e-10,7.9110013570118733e-10,7.9110013570118733e-10,7.9110013570118733e-10,7.9110013570118733e-10,7.9110013570118733e-10,5.9943859116236544e-10,8.0188474722238612e-10,4.2044991983876377e-10,6.4606184798750773e-10,5.1295845887872020e-10,1.9229117190709590e-10,1.9229117190709590e-10,1.6115840996470243e-10,1.6115840996470243e-10
1.1007984774546604e-08,1.1007984774546604e-08,1.1007984774546604e-08,1.0779936638989348e-08,1.0779936638989348e-08,1.0304307503943866e-08,1.0304307503943866e-08,1.0156517220434545e-08,1.0156517220434545e-08,9.9627478598508520e-09,9.9627478598508520e-09,9.6842037212502216e-09,9.6842037212502216e-09,9.3958712983486850e-09,9.3958712983486850e-09,8.8897116313591578e-09,8.8897116313591578e-09,8.5917882433805777e-09,8.5917882433805777e-09,8.3366008338333222e-09,8.3366008338333222e-09,7.9692204641891138e-09,7.9692204641891138e-09,7.5875258182586216e-09,7.5875258182586216e-09,7.2949873489419634e-09,7.2949873489419634e-09,7.0114121129933329e-09,7.0114121129933329e-09,6.7440964951968650e-09,6.7440964951968650e-09,6.7440964951968650e-09,6.7440964951968650e-09,6.7440964951968650e-09,6.7440964951968650e-09,6.7440964951968650e-09,6.7440964951968650e-09,6.7440964951968650e-09,6.7440964951968650e-09,6.2062987244380366e-09,5.6382093995728277e-09,5.6382093995728277e-09,5.2851603588903690e-09,5.2851603588903690e-09,4.9683494851264099e-09,4.9683494851264099e-09,4.9683494851264099e-09,4.9683494851264099e-09,4.9683494851264099e-09,4.9683494851264099e-09,4.9683494851264099e-09,4.9683494851264099e-09,4.9683494851264099e-09,4.0972241996989912e-09,4.0972241996989912e-09,3.7670499405953859e-09,3.7670499405953859e-09,3.7670499405953859e-09,3.7670499405953859e-09,3.7670499405953859e-09,3.7670499405953859e-09,3.7670499405953859e-09,3.7670499405953859e-09,3.1181061634741412e-09,2.7981050797031472e-09,2.7981050797031472e-09,2.7981050797031472e-09,2.7981050797031472e-09,2.7981050797031472e-09,2.7981050797031472e-09,2.7981050797031472e-09,2.1304010187702922e-09,2.1304010187702922e-09,2.1304010187702922e-09,2.1304010187702922e-09,2.1304010187702922e-09,2.1304010187702922e-09,1.8276263927970292e-09,1.8276263927970292e-09,1.8276263927970292e-09,1.8276263927970292e-09,1.5071250532492039e-09,1.5071250532492039e-09,7.9110013570118733e-10,7.9110013570118733e-10,7.9110013570118733e-10,7.9110013570118733e-10,7.9110013570118733e-10,7.9110013570118733e-10,7.9110013570118733e-10,7.9110013570118733e-10,7.9110013570118733e-10,5.9943859116236544e-10,5.9943859116236544e-10,4.3114961298373996e-10,2.9539311708043748e-10,3.4277712797726166e-10,2.8695288901622430e-10,1.6115840996470243e-10,1.6115840996470243e-10,1.6115840996470243e-10
1.1007984774546604e-08,1.1007984774546604e-08,1.0779936638989348e-08,1.0779936638989348e-08,1.0304307503943866e-08,1.0304307503943866e-08,1.0156517220434545e-08,1.0156517220434545e-08,9.9627478598508520e-09,9.9627478598508520e-09,9.6842037212502216e-09,9.6842037212502216e-09,9.3958712983486850e-09,9.3958712983486850e-09,8.8897116313591578e-09,8.8897116313591578e-09,8.5917882433805777e-09,8.5917882433805777e-09,8.3366008338333222e-09,8.3366008338333222e-09,7.9692204641891138e-09,7.9692204641891138e-09,7.5875258182586216e-09,7.5875258182586216e-09,7.2949873489419634e-09,7.2949873489419634e-09,7.0114121129933329e-09,7.0114121129933329e-09,6.7440964951968650e-09,6.7440964951968650e-09,6.7440964951968650e-09,6.7440964951968650e-09,6.7440964951968650e-09,6.7440964951968650e-09,6.7440964951968650e-09,6.7440964951968650e-09,6.7440964951968650e-09,6.7440964951968650e-09,6.7440964951968650e-09,5.6382093995728277e-09,5.6382093995728277e-09,5.2851603588903690e-09,5.2851603588903690e-09,4.9683494851264099e-09,4.9683494851264099e-09,4.9683494851264099e-09,4.9683494851264099e-09,4.9683494851264099e-09,4.9683494851264099e-09,4.9683494851264099e-09,4.9683494851264099e-09,4.9683494851264099e-09,4.0972241996989912e-09,4.0972241996989912e-09,3.7670499405953859e-09,3.7670499405953859e-09,3.7670499405953859e-09,3.7670499405953859e-09,3.7670499405953859e-09,3.7670499405953859e-09,3.7670499405953859e-09,3.7670499405953859e-09,3.1181061634741412e-09,2.7981050797031472e-09,2.7981050797031472e-09,2.7981050797031472e-09,2.7981050797031472e-09,2.7981050797031472e-09,2.7981050797031472e-09,2.7981050797031472e-09,2.1304010187702922e-09,2.1304010187702922e-09,2.1304010187702922e-09,2.1304010187702922e-09,2.1304010187702922e-09,2.1304010187702922e-09,1.8276263927970292e-09,1.8276263927970292e-09,1.8276263927970292e-09,1.8276263927970292e-09,1.8276263927970292e-09,7.9110013570118753e-10,7.9110013570118753e-10,7.9110013570118753e-10,7.9110013570118753e-10,7.9110013570118753e-10,7.9110013570118753e-10,7.9110013570118753e-10,7.9110013570118753e-10,7.9110013570118753e-10,7.9110013570118753e-10,7.9110013570118753e-10,5.9943859116236544e-10,5.9943859116236544e-10,4.3114961298373996e-10,2.9539311708043748e-10,1.9555254198300484e-10,1.2174818704944737e-10,8.1601230428758298e-11,1.6764977789725661e-11,1.6764977789725661e-11
1.1007984774546604e-08,1.1007984774546604e-08,1.0779936638989348e-08,1.0779936638989348e-08,1.0304307503943866e-08,1.0304307503943866e-08,1.0156517220434545e-08,1.0156517220434545e-08,9.9627478598508520e-09,9.9627478598508520e-09,9.6842037212502216e-09,9.6842037212502216e-09,9.3958712983486850e-09,9.3958712983486850e-09,8.8897116313591578e-09,8.8897116313591578e-09,8.5917882433805777e-09,8.5917882433805777e-09,8.3366008338333222e-09,8.3366008338333222e-09,7.9692204641891138e-09,7.9692204641891138e-09,7.5875258182586216e-09,7.5875258182586216e-09,7.2949873489419634e-09,7.2949873489419634e-09,7.0114121129933329e-09,7.0114121129933329e-09,6.7440964951968650e-09,6.7440964951968650e-09,6.7440964951968650e-09,6.7440964951968650e-09,6.7440964951968650e-09,6.7440964951968650e-09,6.7440964951968650e-09,6.7440964951968650e-09,6.7440964951968650e-09,6.7440964951968650e-09,6.7440964951968650e-09,5.6382093995728277e-09,5.6382093995728277e-09,5.2851603588903690e-09,5.2851603588903690e-09,4.9683494851264099e-09,4.9683494851264099e-09,4.9683494851264099e-09,4.9683494851264099e-09,4.9683494851264099e-09,4.9683494851264099e-09,4.9683494851264099e-09,4.9683494851264099e-09,4.9683494851264099e-09,4.0972241996989912e-09,4.0972241996989912e-09,3.7670499405953859e-09,3.7670499405953859e-09,3.7670499405953859e-09,3.7670499405953859e-09,3.7670499405953859e-09,3.7670499405953859e-09,3.7670499405953859e-09,3.7670499405953859e-09,3.1181061634741412e-09,2.7981050797031472e-09,2.7981050797031472e-09,2.7981050797031472e-09,2.7981050797031472e-09,2.7981050797031472e-09,2.7981050797031472e-09,2.7981050797031472e-09,2.1304010187702922e-09,2.1304010187702922e-09,2.1304010187702922e-09,2.1304010187702922e-09,2.1304010187702922e-09,2.1304010187702922e-09,1.8276263927970292e-09,1.8276263927970292e-09,1.8276263927970292e-09,1.8276263927970292e-09,1.8276263927970292e-09,7.9110013570118753e-10,7.9110013570118753e-10,7.9110013570118753e-10,7.9110013570118753e-10,7.9110013570118753e-10,7.9110013570118753e-10,7.9110013570118753e-10,7.9110013570118753e-10,7.9110013570118753e-10,7.9110013570118753e-10,7.9110013570118753e-10,5.9943859116236544e-10,5.9943859116236544e-10,4.3114961298373996e-10,2.9539311708043748e-10,1.9555254198300484e-10,1.2174818704944737e-10,8.1601230428758298e-11,1.6764977789725661e-11,1.6764977789725661e-11
