z,u,V,T,rho,Z,PV,SourcePV,chiZ,S_n,Y.H2,Y.H,Y.O,Y.O2,Y.OH,Y.H2O,Y.HO2,Y.H2O2,Y.C,Y.CH,Y.CH2,Y.CH2(S),Y.CH3,Y.CH4,Y.CO,Y.CO2,Y.HCO,Y.CH2O,Y.CH2OH,Y.CH3O,Y.CH3OH,Y.C2H,Y.C2H2,Y.C2H3,Y.C2H4,Y.C2H5,Y.C2H6,Y.HCCO,Y.CH2CO,Y.HCCOH,Y.N,Y.NH,Y.NH2,Y.NH3,Y.NNH,Y.NO,Y.NO2,Y.N2O,Y.HNO,Y.CN,Y.HCN,Y.H2CN,Y.HCNN,Y.HCNO,Y.HOCN,Y.HNCO,Y.NCO,Y.N2,Y.AR,Y.C3H7,Y.C3H8,Y.CH2CHO,Y.CH3CHO
0.000000000000000000e+00,2.997838430000000082e-02,0.000000000000000000e+00,3.000000000000000000e+02,6.500407369999999796e-01,9.969186019326523596e-01,3.230636541236411646e-04,-1.050342380053290664e-09,4.315628702592143640e+01,3.875298666666619485e-01,5.756300297828253381e-04,1.765531819333897274e-15,0.000000000000000000e+00,2.549914919037963485e-08,3.397653248718127560e-15,7.435746707194628184e-04,3.072629598840753427e-14,4.423033608331270278e-13,1.515402059428266350e-14,3.768960948578039799e-15,0.000000000000000000e+00,0.000000000000000000e+00,3.303453058753667517e-10,9.955302196244045776e-01,2.511838829052329028e-04,1.370745719482842481e-04,1.327353129499213955e-13,4.285827848383035623e-09,1.666899829371109200e-15,1.619064399389156524e-15,2.898886128906303068e-09,0.000000000000000000e+00,3.130895438818770730e-05,1.422451019463335248e-15,3.027162118857906749e-06,1.160757719562067354e-10,5.080173598083343618e-07,0.000000000000000000e+00,1.709020969355217528e-08,4.822702308180481883e-09,0.000000000000000000e+00,2.280980879139427457e-14,0.000000000000000000e+00,2.176714819178765217e-07,1.355863439488457308e-26,3.200285768792590672e-07,3.144453378813654666e-11,1.290856199512983409e-10,2.173261189180067993e-13,6.628526687499177866e-16,2.208295699166850201e-07,7.983473446987980815e-13,1.142503489568954278e-13,1.225101849537791335e-09,4.116259008447010633e-11,1.796536649322199447e-08,0.000000000000000000e+00,2.726639868971288475e-03,0.000000000000000000e+00,7.360518517223011641e-12,2.064707849221023270e-10,6.624145717500830809e-12,3.017176248861673835e-11
3.750000000000000078e-04,3.012370799999999904e-02,0.000000000000000000e+00,3.025280930000000126e+02,6.446960609999999869e-01,9.951766414188891741e-01,4.348152477332542835e-04,3.046093484938374207e-13,9.784153934664593066e+01,9.284986666667031929e-02,6.625168409660577885e-04,1.628932439916546187e-15,0.000000000000000000e+00,3.810674109804770177e-08,1.044492449946488129e-17,1.111301089943065451e-03,4.599537749764354825e-14,6.656294809658981599e-13,4.672804189760601775e-15,5.264273179730298768e-22,0.000000000000000000e+00,0.000000000000000000e+00,4.904217629748744547e-10,9.934782379491018389e-01,3.773636029806667794e-04,2.261605449884132742e-04,2.227504099885879715e-13,7.209682969630630832e-09,2.808198789856129892e-15,2.409627829876549250e-15,4.902713149748822151e-09,0.000000000000000000e+00,5.112460479738076291e-05,2.329210849880669091e-15,5.018208099742904991e-06,1.978633109898630122e-10,8.681221789555240838e-07,0.000000000000000000e+00,3.027175459844910836e-08,8.542414779562351835e-09,0.000000000000000000e+00,4.890989599749423359e-15,0.000000000000000000e+00,3.277240529832099117e-07,2.134128299890663687e-26,4.813428959753397120e-07,4.987211659744493461e-11,2.136269049890553989e-10,3.263148629832821206e-13,9.967629299489335966e-16,3.750736319807840808e-07,1.359746109930337087e-12,9.978236089488792219e-14,2.024999429896254678e-09,6.803860869651422846e-11,2.969537489847863712e-08,0.000000000000000000e+00,4.086102649790659957e-03,0.000000000000000000e+00,1.392077309928680475e-11,3.910666339799647376e-10,1.174990429939802366e-11,5.359153949725438013e-11
7.500000000000000156e-04,3.015852670000000041e-02,0.000000000000000000e+00,3.061416580000000067e+02,6.373531949999999835e-01,9.925537645183635238e-01,5.931115605766315623e-04,5.038040104131628891e-13,2.161711717064001164e+02,-1.286981333333363231e-01,7.614325996641765340e-04,1.510195549333941051e-15,0.000000000000000000e+00,5.674584147497271566e-08,1.235945889454896261e-17,1.653847639270584341e-03,7.258455296798719057e-14,9.968881035603308804e-13,1.150571659492550210e-15,3.880568638288507967e-29,0.000000000000000000e+00,0.000000000000000000e+00,7.288394546785513996e-10,9.904504395631701374e-01,5.649221277508457463e-04,3.714341528361821002e-04,3.658537418386432819e-13,1.206644289467819544e-08,4.779622687891987409e-15,3.816322918316843698e-15,8.249200066361758274e-09,0.000000000000000000e+00,8.310878886334556860e-05,3.461560608473308098e-15,8.279558946348369663e-06,3.359514888518313638e-10,1.476231009348920703e-06,0.000000000000000000e+00,5.332962237647941756e-08,1.504912919336270553e-08,0.000000000000000000e+00,8.426356736283625902e-16,0.000000000000000000e+00,4.913368947832999254e-07,3.422458198490553368e-26,7.213892246818372436e-07,7.874455446527037599e-11,3.518767098448077386e-10,4.867126947853394153e-13,3.742374188349456904e-16,6.337255547205006408e-07,2.298391718986313391e-12,8.418605496287044006e-14,3.331777738530547256e-09,1.119453889506274303e-10,4.885836697845142327e-08,0.000000000000000000e+00,6.103012767308317252e-03,0.000000000000000000e+00,2.618683078845051802e-11,7.358819776754454380e-10,2.070805039086688987e-11,9.467098875824614249e-11
1.124999999999999915e-03,3.011026489999999931e-02,0.000000000000000000e+00,3.112544050000000198e+02,6.274248380000000402e-01,9.886551063504028791e-01,8.169031028471861796e-04,1.477509900649512653e-12,4.616063222760427607e+02,-2.712349333333270440e-01,8.732144709311229604e-04,1.702976719865673469e-15,0.000000000000000000e+00,8.401049079337346287e-08,2.962832699766298919e-17,2.444642429807172401e-03,1.192292959905954789e-13,1.483024099883022626e-12,2.222243099824715136e-16,0.000000000000000000e+00,0.000000000000000000e+00,0.000000000000000000e+00,1.082371759914625281e-09,9.860172949222253402e-01,8.407804829336812825e-04,6.054177489522460541e-04,6.000497639526695270e-13,2.002685079842032989e-08,8.197111089353432438e-15,6.227993439508751690e-15,1.376365739891435689e-08,0.000000000000000000e+00,1.341076089894219150e-04,6.058318629522135331e-15,1.355447239893085662e-05,5.663696919553261801e-10,2.489993299803595642e-06,0.000000000000000000e+00,9.311089599265564105e-08,2.627502159792748802e-08,0.000000000000000000e+00,1.524876509879721517e-16,0.000000000000000000e+00,7.316572419422887098e-07,7.023293999446019018e-26,1.074812979915221251e-06,1.234333109902638893e-10,5.752054769546291594e-10,7.206465169431572113e-13,9.427170649256406880e-17,1.061607389916263008e-06,3.847001109696558385e-12,6.819219959462117329e-14,5.440279059570884036e-09,1.827893419855820007e-10,7.977799769370729530e-08,0.000000000000000000e+00,9.065303229284950651e-03,0.000000000000000000e+00,4.880834469615011553e-11,1.370640529891887306e-09,3.615720199714801191e-11,1.657358779869271597e-10
1.500000000000000031e-03,3.000855180000000164e-02,0.000000000000000000e+00,3.183834009999999921e+02,6.143135579999999818e-01,9.829580286315162674e-01,1.130468464653684594e-03,3.691803975392850159e-12,9.437150583096885157e+02,-3.412645333333390596e-01,9.982156899198354506e-04,2.367927699809836226e-15,0.000000000000000000e+00,1.232798749900996400e-07,6.497244289478218860e-17,3.577240709712718909e-03,2.024201669837440494e-13,2.185446449824491210e-12,3.339703849731794921e-17,0.000000000000000000e+00,0.000000000000000000e+00,3.373310729729096332e-26,1.603129559871255882e-09,9.796110789213293701e-01,1.240297849900394217e-03,9.755499679216555120e-04,9.900857909204882296e-13,3.282370749736399480e-08,1.414754379886384036e-14,1.019181389918151612e-14,2.267562269817896638e-08,2.519192399797689048e-27,2.139920549828147221e-04,1.266440339898294750e-14,2.193042759823881128e-05,9.442948059241655279e-10,4.148545199666838886e-06,0.000000000000000000e+00,1.603797039871202245e-07,4.525761359636545764e-08,0.000000000000000000e+00,9.964773179199747672e-17,0.000000000000000000e+00,1.078555249913383488e-06,1.888417399848344900e-25,1.587158159872538563e-06,1.913827639846304496e-10,9.295044939253533264e-10,1.056645999915142961e-12,1.724927099861474471e-17,1.755623639859009423e-06,6.350450479490008398e-12,5.273387389576504718e-14,8.781370819294785283e-09,2.950472329763053375e-10,1.287726159896585163e-07,0.000000000000000000e+00,1.335259559892768011e-02,0.000000000000000000e+00,8.969519879279676123e-11,2.514522999798063543e-09,6.227332049499895259e-11,2.862206729770141910e-10
1.874999999999999931e-03,2.988057759999999952e-02,0.000000000000000000e+00,3.281326320000000010e+02,5.975405790000000161e-01,9.748121729344516595e-01,1.562704150811711689e-03,8.627960109970627077e-12,1.828795892202164168e+03,-3.647344000000016240e-01,1.136049929791629193e-03,3.873499139289534995e-15,2.543125679533547788e-16,1.786780789672273976e-07,1.343956869753495287e-16,5.161854289053227976e-03,3.539353579350822199e-13,3.179446439416835278e-12,3.913885619282126537e-18,7.707888568586240813e-30,4.148259779239137960e-17,3.566498989345843724e-25,2.363661689566464265e-09,9.705259888219889275e-01,1.807053189668555689e-03,1.547082149716238727e-03,1.646056309698085060e-12,5.286810569030309033e-08,2.457520379549248976e-14,1.636453509699846626e-14,3.670810069326710473e-08,1.280933299765055069e-26,3.361736389383400024e-04,3.003571749449093794e-14,3.490613749359761710e-05,1.550056009715693196e-09,6.794404428753789954e-06,4.802144369119205217e-16,2.711045149502748305e-07,7.650302178596804281e-08,0.000000000000000000e+00,1.898977099651695304e-16,0.000000000000000000e+00,1.567793039712439939e-06,6.394518188827136783e-25,2.314591939575464359e-06,2.922520789463960244e-10,1.478093579728892417e-09,1.528669659719615937e-12,2.311532409576025170e-18,2.851959909476902118e-06,1.028382739811377125e-11,3.877790019288747155e-14,1.394870129744157051e-08,4.686651739140387330e-10,2.045476419624824868e-07,0.000000000000000000e+00,1.943651729643501233e-02,0.000000000000000000e+00,1.616134669703573263e-10,4.517708949171375317e-09,1.052330139806984670e-10,4.850412289110351400e-10
2.249999999999999830e-03,2.974380219999999894e-02,0.000000000000000000e+00,3.411446419999999762e+02,5.769220029999999610e-01,9.634725428183295026e-01,2.144575222674651414e-03,1.868624419433392807e-11,4.121118736885850012e+03,-5.110662666666653253e-01,1.285353539799643065e-03,7.297184578862538251e-15,2.845937319556384211e-16,2.548087099602812180e-07,2.643538829587933548e-16,7.314533218859832833e-03,6.355542049009317900e-13,4.549525639290834120e-12,2.902381359547585937e-19,2.439871649619680801e-29,6.670128358960280516e-17,1.224735979809091925e-24,3.463283389460154286e-09,9.579540638506771622e-01,2.590305759596231612e-03,2.403129909625407925e-03,2.751284489571138410e-12,8.325269138702282857e-08,4.302097319329402363e-14,2.528244469605905190e-14,5.808892429094527627e-08,6.979370848912078203e-26,5.175035599193332243e-04,7.900408968768508286e-14,5.439088979152171253e-05,2.493382849611339269e-09,1.088287339830361121e-05,1.163835619818585060e-15,4.472571209302829232e-07,1.262113969803265764e-07,0.000000000000000000e+00,4.451816049306064453e-16,0.000000000000000000e+00,2.237897989651163360e-06,2.672552729583410578e-24,3.320619199482391932e-06,4.374784499318072252e-10,2.301865909641192017e-09,2.172605059661341054e-12,1.838812469713371652e-19,4.527049159294337327e-06,1.623504109746933188e-11,2.709970629577578100e-14,2.169943509661755856e-08,7.290833258863527234e-10,3.182063589503989841e-07,0.000000000000000000e+00,2.785842269565751497e-02,0.000000000000000000e+00,2.838137379557600022e-10,7.900689258768465331e-09,1.734686899729602441e-10,8.020952438749718788e-10
3.000000000000000062e-03,2.936050249999999986e-02,0.000000000000000000e+00,3.781598870000000261e+02,5.269447470000000466e-01,9.294275043435510364e-01,3.813431589002473469e-03,3.227268731413743345e-11,9.232885041031251603e+03,-1.143107599999998669e+00,1.607866479790720504e-03,2.976859739612533204e-14,4.677087929391232506e-16,4.794775529375913737e-07,7.814995888982802647e-16,1.352194019823999005e-02,1.922370809749784892e-12,8.607872418879602135e-12,6.008129629217984299e-21,2.684649809650566848e-28,1.442425449812254440e-16,1.362071849822713245e-23,7.021730029086054177e-09,9.204232488801981082e-01,4.919548509359673513e-03,5.207279649322222280e-03,7.062296829080774073e-12,1.837989129760767909e-07,1.219176979841312210e-13,5.015984289347120814e-14,1.293006699831702709e-07,2.079584369729321768e-24,1.104736669856207871e-03,5.110795949334781066e-13,1.183168369845999244e-04,5.748437399251785411e-09,2.478254769677431062e-05,3.467395259548685541e-15,1.066006959861248894e-06,3.008153389608459512e-07,0.000000000000000000e+00,2.627249079658038670e-15,0.000000000000000000e+00,4.192869119454257434e-06,6.048290289212755840e-23,6.314156449178151706e-06,8.890564758842807269e-10,5.007649569348205374e-09,4.038960409474290675e-12,3.349130149564078422e-21,1.011980459868280938e-05,3.562817299536265358e-11,1.173660019847236830e-14,4.712280859386650840e-08,1.583287719793919734e-09,6.910212789100568905e-07,7.350861109043214182e-18,5.304871179309519902e-02,0.000000000000000000e+00,7.497026949024189683e-10,2.067318489730918505e-08,4.119979899463745161e-10,1.918728209750259014e-09
3.749999999999999861e-03,2.850317180000000103e-02,0.000000000000000000e+00,4.306471619999999803e+02,4.721467260000000166e-01,8.784691986634164396e-01,6.167409968236286719e-03,-6.610177963514903451e-10,1.622495054816148877e+04,-2.419088666666666665e+00,1.939368350771473841e-03,1.533286780609936268e-13,1.428378620568204087e-15,8.084866993216131148e-07,1.809271950719721937e-15,2.226181560885567151e-02,5.503709582189356626e-12,1.457509570579792127e-11,9.412233993744153313e-23,7.218429872871466995e-27,5.151269572049157377e-16,2.798408701113197358e-22,1.356429950539582925e-08,8.644914373438915556e-01,8.362454523326554034e-03,9.790074023894456898e-03,1.577631780627576429e-11,3.486621641386965777e-07,3.552244791413070334e-13,7.786059003097267665e-14,2.469244170982256714e-07,5.651103022247988795e-23,2.052117470816324733e-03,3.408916701356055271e-12,2.226716130885780028e-04,1.150741790457761018e-08,4.838080271924571619e-05,1.502211070597574179e-14,2.149331040854996173e-06,6.065122892412684820e-07,0.000000000000000000e+00,1.590285800632609982e-14,8.860228593524568466e-15,6.987521242779611867e-06,1.742041040692977833e-21,1.073956800427216188e-05,1.572284250625449028e-09,9.438470783754590729e-09,6.623361372634749485e-12,8.568046093408339578e-23,1.936654420770394277e-05,6.376183692536423200e-11,4.413645471755732483e-15,8.869523983528264933e-08,2.980089221185468967e-09,1.300650720517394255e-06,2.681366321066637598e-17,9.078894723611552475e-02,0.000000000000000000e+00,1.636332040650927101e-09,4.462863761775311484e-08,8.184288133255680958e-10,3.874251231541163042e-09
4.499999999999999660e-03,2.668885530000000145e-02,0.000000000000000000e+00,4.979904430000000275e+02,4.201741920000000019e-01,8.109172383538116868e-01,9.088064522652643251e-03,-1.004488044699289644e-08,2.141697965697788823e+04,-3.749771733333329582e+00,2.251199940151539687e-03,7.732760400520530753e-13,3.759054550253040727e-15,1.233935410083062456e-06,3.447178650232047364e-15,3.301250860222223332e-02,1.323575070089096603e-11,2.231879500150238872e-11,1.563279400105232374e-24,1.938347780130480038e-25,1.514260400101932469e-15,5.394770120363149816e-21,2.548589780171558704e-08,7.905430550532154266e-01,1.285551690086537101e-02,1.630015970109724779e-02,2.248127290151332779e-11,5.814700270391416805e-07,1.070402260072054111e-12,9.791114090659089098e-14,4.141791240278804789e-07,1.144012070077009262e-21,3.380789710227578067e-03,1.910726890128620708e-11,3.702255290249217563e-04,2.046012720137727566e-08,8.296225520558460711e-05,5.399123250363442207e-14,3.773842110254036034e-06,1.064902080071684069e-06,1.659854510111732945e-19,8.220923590553391549e-14,2.751823990185239101e-14,1.048153820070556491e-05,4.246712930285867785e-20,1.651188550111149756e-05,2.436545450164016293e-09,1.573272670105904916e-08,9.526934580641305835e-12,6.232469610419538618e-22,3.250031400218776021e-05,8.336170960561150442e-11,1.534357930103285486e-15,1.476967110099422208e-07,4.962502650334050886e-09,2.165866080145795624e-06,7.874442940530067966e-17,1.411345440095004844e-01,0.000000000000000000e+00,2.978097320200470879e-09,8.230676000554048224e-08,1.366802050092006170e-09,6.767636670455564204e-09
4.874999999999999993e-03,2.528269090000000163e-02,0.000000000000000000e+00,5.366388560000000325e+02,3.967169779999999979e-01,7.721115508565998820e-01,1.067623998094456399e-02,-3.023738232941202379e-08,2.425031698500333368e+04,-4.741285600000002098e+00,2.392156199880489213e-03,1.673524049916391788e-12,5.632562309718601226e-15,1.473099199926404893e-06,4.945990809752901531e-15,3.880124699806151295e-02,1.956110719902273865e-11,2.668201299866698293e-11,7.111074859644735927e-26,8.486498479576020346e-25,2.373268409881433315e-15,2.036436999898260700e-20,3.545218859822883688e-08,7.481218309626243013e-01,1.539809379923072138e-02,2.019774979899093340e-02,2.117617089894205331e-11,7.194980369640543870e-07,1.950743529902542214e-12,1.074234319946331950e-13,5.138466299743285654e-07,5.015286309749440064e-21,4.168233979791757630e-03,4.172169589791560733e-11,4.580559929771158066e-04,2.602455769869983030e-08,1.040731709948005719e-04,9.536623409523555266e-14,4.779352979761226112e-06,1.348595679932625191e-06,7.859909339607323994e-19,1.727863329913677275e-13,4.930906749753655229e-14,1.238726039938114025e-05,1.857237919907213508e-19,1.977605039901200206e-05,2.877524649856240600e-09,1.949242369902617136e-08,1.080827119946002538e-11,2.464090819876895538e-21,4.031087099798609573e-05,7.253652109637612236e-11,8.377159009581482676e-16,1.829591589908594938e-07,6.147310229692884727e-09,2.682964379865960786e-06,1.295856279935260007e-16,1.702741749914932212e-01,0.000000000000000000e+00,3.559068989822191368e-09,1.057943719947145810e-07,1.615408809919295277e-09,8.448689499577909954e-09
5.250000000000000326e-03,2.350470879999999943e-02,0.000000000000000000e+00,5.783247460000000046e+02,3.751908849999999740e-01,7.308186893305679277e-01,1.230095632874089392e-02,-7.974746877570238003e-08,2.608891500787873520e+04,-5.781591200000009145e+00,2.520731129784809215e-03,3.391273529710492244e-12,7.770666919336632144e-15,1.723499379852867593e-06,8.262997739294601345e-15,4.467685709618601092e-02,2.819985559759262416e-11,3.125638859733168969e-11,3.281125739719895380e-27,3.097731569735551542e-24,3.402389849709543861e-15,6.630116209433998076e-20,4.933412959578842500e-08,7.030167249399845719e-01,1.807142799845727274e-02,2.443981309791361245e-02,1.796510549846634798e-11,8.683926499258667634e-07,3.394771679710194045e-12,1.152368619901624059e-13,6.217189969469248088e-07,2.546985649782567915e-20,5.019135879571524211e-03,8.293418369292004446e-11,5.531701309527767979e-04,3.192484819727462277e-08,1.273049579891321812e-04,1.598819989863511373e-13,5.894530549496793951e-06,1.663193439858015828e-06,3.729966859681579221e-18,3.371404699712188645e-13,8.783469419250169117e-14,1.433886119877591618e-05,7.162305579388565093e-19,2.320609659801893223e-05,3.290246829719116791e-09,2.357212239798768485e-08,1.176300989899581154e-11,1.258818529892536724e-20,4.874834879583843188e-05,4.808297889589523347e-11,4.385317239625632880e-16,2.212722249811103381e-07,7.434627569365317685e-09,3.244793339722997171e-06,2.030817729826632283e-16,2.014740409828004730e-01,0.000000000000000000e+00,3.777999649677478013e-09,1.315799099887672401e-07,1.781462649847919314e-09,1.015613189913298810e-08
5.624999999999999792e-03,2.133661209999999919e-02,0.000000000000000000e+00,6.226802629999999681e+02,3.556359949999999825e-01,6.879890636435336271e-01,1.392187506605886346e-02,-1.858424656720061057e-07,2.684983302763037864e+04,-6.830404799999988619e+00,2.636415718918143358e-03,6.461708027348429585e-12,1.000078519589616475e-14,1.979006929187911786e-06,1.766210089275233513e-14,5.049159117928071067e-02,3.920123818391372336e-11,3.592706978525728333e-11,3.509495868559873596e-28,8.893431866350567875e-24,4.507266758150437672e-15,1.878163759229293161e-19,6.889760697172777703e-08,6.562646727307009931e-01,2.080935159146085622e-02,2.891534848813455058e-02,1.475056989394708342e-11,1.023929269579829237e-06,5.563342427717075244e-12,1.187437029512733649e-13,7.347432896984971898e-07,1.626645369332504007e-19,5.910630977574564751e-03,1.509314759380650470e-10,6.529667447320542870e-04,3.736666728466654092e-08,1.520249529376163557e-04,2.634964168918738984e-13,7.088567397091197060e-06,1.999984759179303955e-06,1.982804059186353556e-17,6.114271647490999745e-13,1.568252819356465478e-13,1.628689529331665188e-05,2.443247858997410109e-18,2.671701588903663979e-05,3.639290348506612114e-09,2.785577738856934656e-08,1.230179179495194216e-11,7.558884436898202723e-20,5.756981287637615241e-05,2.451216388994140283e-11,2.080157569146404830e-16,2.616138858926463951e-07,8.790117956392962979e-09,3.836355218425746917e-06,3.172832338698023927e-16,2.340491779039576004e-01,0.000000000000000000e+00,3.254023778664707343e-09,1.582198989350742637e-07,1.783573299268108414e-09,1.168970659520311335e-08
6.000000000000000125e-03,1.877521030000000105e-02,0.000000000000000000e+00,6.693658050000000230e+02,3.379596189999999889e-01,6.445393353963366767e-01,1.550553797925152862e-02,-3.855749634281668249e-07,2.660694321298689829e+04,-7.857194400000009793e+00,2.739482878634315159e-03,1.164748309419350485e-11,1.214990359394303980e-14,2.234097358886259757e-06,4.704142697654894754e-14,5.612732357201945244e-02,5.131119277442038184e-11,4.058008007977005225e-11,6.595269916712131081e-28,1.833643599085893218e-23,5.580580047217974382e-15,4.724904927644544414e-19,9.667916555180357536e-08,6.088644146964693471e-01,2.355110968825931822e-02,3.351150448329386772e-02,1.218900649392354614e-11,1.181998309410751240e-06,8.369630225827577926e-12,1.149545629426929257e-13,8.499161405763004686e-07,1.167969469417744654e-18,6.820063926600066981e-03,2.531845958737826190e-10,7.548580556236886676e-04,4.119450187946374343e-08,1.775680109114789328e-04,4.377690927817637304e-13,8.328629385848016723e-06,2.349706808828625919e-06,1.109875349446705830e-16,1.034731479484166515e-12,2.785799238611225638e-13,1.819050839093168192e-05,7.433795046294110217e-18,3.023109558492921567e-05,3.890114448060702860e-09,3.222327068393608172e-08,1.252346509375681166e-11,4.442455787785349870e-19,6.653839416682933588e-05,1.172224409415623624e-11,7.906092406058660860e-17,3.029554458489709072e-07,1.017922409492546035e-08,4.442543037785306666e-06,5.385957527314997040e-16,2.673186398667365404e-01,0.000000000000000000e+00,2.050542718977765187e-09,1.840043889082702686e-07,1.544608069229983140e-09,1.280754639361519198e-08
6.374999999999999591e-03,1.582876240000000156e-02,0.000000000000000000e+00,7.180678589999999986e+02,3.220021459999999891e-01,6.012865817884663899e-01,1.702684913021109553e-02,-7.186145344598903812e-07,2.553893661653974414e+04,-8.840870666666663880e+00,2.830770240647792740e-03,2.005209110458871322e-11,1.412692840323280057e-14,2.484216370568487176e-06,1.387252040317458436e-13,6.149956981407354167e-02,6.184077851415162251e-11,4.507934641031593593e-11,1.834780660419870464e-27,2.515575490575663486e-23,6.581301731506062826e-15,1.097146790251070538e-18,1.362622270311822035e-07,5.617047251285403053e-01,2.624565890600604606e-02,3.812436120872435968e-02,1.032458650236267434e-11,1.338990560306414242e-06,1.116304180255454526e-11,1.043885440238882300e-13,9.645699212207318019e-07,8.061378911844763371e-18,7.727096131768265708e-03,3.956869790905488768e-10,8.565126781960040502e-04,4.214624000964473014e-08,2.033050810465242611e-04,7.413878961696589235e-13,9.583370412193054311e-06,2.703590550618688602e-06,6.020389351377703282e-16,1.649022730377361750e-12,4.896833821120589402e-13,2.001924080458119325e-05,2.044803950467932192e-17,3.368335630770808575e-05,4.015199370918836604e-09,3.656103200836661680e-08,1.270558100290754050e-11,2.335912280534549046e-18,7.544562991726494916e-05,6.126114441401897153e-12,1.961408950448847912e-17,3.443606200788033598e-07,1.157051190264779167e-08,5.049587811155546426e-06,1.068862770244598227e-15,3.006559300688019798e-01,0.000000000000000000e+00,1.039628390237908022e-09,2.072852170474350752e-07,1.073171800245584218e-09,1.330956770304575602e-08
6.749999999999999924e-03,1.251343589999999971e-02,0.000000000000000000e+00,7.684916289999999890e+02,3.075814539999999764e-01,5.589108047354086617e-01,1.846905457641566384e-02,-1.215988793441873994e-06,2.297096688321206238e+04,-1.018986301333333522e+01,2.911464119437564765e-03,3.337292829355303577e-11,1.598293749691242346e-14,2.725920879473408043e-06,4.130683519202036975e-13,6.655590538714277471e-02,6.746414808696732271e-11,4.918418949049862542e-11,1.366066559736104217e-26,2.846658739450083859e-23,7.630812958525884124e-15,2.499220069517202103e-18,1.930192659627126318e-07,5.155237379004113940e-01,2.885360219442607843e-02,4.266586899175783126e-02,9.080685438245798182e-12,1.492016759711772994e-06,1.276773899753353493e-11,9.126270508236992073e-14,1.076538579792034738e-06,4.969474039039998661e-17,8.614969178335764657e-03,5.845347778870798704e-10,9.560014288153201095e-04,3.937211689239411661e-08,2.286893869558218962e-04,1.280525129752628824e-12,1.082525129790878437e-05,3.054093049410012011e-06,3.082208449404580734e-15,2.501866879516690826e-12,8.530281838352124601e-13,2.175294189579777773e-05,5.171346799001002122e-17,3.702391049284774367e-05,4.001152299227059576e-09,4.076909039212424962e-08,1.320599779744887201e-11,1.083459169790697838e-17,8.412387438374899326e-05,3.519983559320011318e-12,2.006316169612420623e-18,3.850475339256167677e-07,1.293778679750068501e-08,5.645961148909316037e-06,2.440796069528488429e-15,3.335211239355705404e-01,0.000000000000000000e+00,5.520525158933547582e-10,2.267537469561958256e-07,5.693310278900169144e-10,1.316828289745615827e-08
7.499999999999999722e-03,4.871038640000000322e-03,0.000000000000000000e+00,8.736225749999999834e+02,2.826109459999999740e-01,4.785330439062875918e-01,2.108978125297759215e-02,-2.661582013328652526e-06,1.855026516933095627e+04,-1.178714493333332314e+01,3.046136450704545803e-03,8.383166381938955990e-11,1.940323420448780718e-14,3.176670000734737160e-06,3.179096040735298649e-12,7.565693271749882043e-02,5.807182941343153484e-11,5.476232001266606909e-11,5.408567231250956425e-25,1.223973520283094855e-22,1.161489550268642744e-14,1.511694580349642091e-17,3.785777420875618794e-07,4.279823100989887386e-01,3.372218750779966412e-02,5.130798861186711135e-02,7.810949581806607243e-12,1.779418130411564602e-06,1.088932020251860745e-11,7.237523311673979870e-14,1.287228950297725221e-06,1.242131740287294674e-15,1.029200040238045268e-02,1.102359470254966660e-09,1.143712330264531072e-03,2.396299650554244241e-08,2.769568370640577938e-04,3.745256550866246484e-12,1.319698680305235310e-05,3.725244380861617985e-06,3.711810480858510788e-14,5.016677121160315184e-12,2.380139910550506492e-12,2.490413450576011746e-05,2.635384670609542554e-16,4.326010921000569923e-05,3.590354610830419206e-09,4.853992571122688010e-08,1.593059890368461481e-11,1.571851920363556302e-16,1.003976720232211501e-04,1.429590660330652351e-12,1.921709540444475576e-20,4.622985841069257888e-07,1.553471190359304655e-08,6.777585411567599146e-06,1.228733910284195815e-14,3.963720720916775742e-01,0.000000000000000000e+00,2.094054180484337337e-10,2.521801170583271915e-07,1.161778190268709566e-10,1.154276260266974524e-08
8.250000000000000389e-03,-3.969320059999999900e-03,0.000000000000000000e+00,9.819971819999999525e+02,2.619675269999999778e-01,4.063024265831998716e-01,2.334710857278706267e-02,-4.962235103461552985e-06,1.423527238611999201e+04,-1.311266965333335399e+01,3.154574500386085265e-03,2.113758160258700862e-10,2.683386210328416972e-14,3.576159840437682852e-06,2.114393760258778517e-11,8.342182821020992234e-02,4.169157150510258588e-11,4.797462230587156661e-11,2.459597800301027591e-23,1.867743310228591468e-21,4.078854070499207255e-14,1.457947300178436736e-16,7.779082700952074893e-07,3.493606870427579114e-01,3.803213610465471656e-02,5.906381780722876063e-02,8.673010241061481616e-12,2.034897530249048787e-06,9.762501861194822002e-12,9.025905081104672128e-14,1.474235340180430175e-06,2.039668080249632963e-14,1.178612430144249275e-02,2.038073030249437377e-09,1.310231960160358148e-03,1.237429570151447716e-08,3.198462030391456502e-04,1.126385560137857193e-11,1.532113340187513928e-05,4.332711390530276569e-06,2.966019050363008267e-13,9.376755171147610835e-12,6.721947150822692531e-12,2.762150830338056925e-05,1.164398740142509673e-15,4.878421000597064742e-05,2.882505360352786550e-09,5.501958760673379272e-08,2.367951430289811129e-11,1.624296640198796301e-15,1.147638080140458213e-04,8.263082541011310228e-13,9.032251111105447892e-21,5.315810990650596104e-07,1.786993680218708233e-08,7.790217790953437143e-06,5.630461100689106630e-14,4.533233840554817817e-01,0.000000000000000000e+00,1.152464120141048893e-10,2.612520480319743865e-07,3.499319830428278073e-11,9.463942011158283594e-09
8.999999999999999320e-03,-1.380382230000000085e-02,0.000000000000000000e+00,1.092686609999999973e+03,2.444374689999999906e-01,3.430278633006592637e-01,2.527727210191283921e-02,-7.565064450460001785e-06,1.062502745572159438e+04,-1.417504146666665577e+01,3.245554258655777239e-03,5.777616327607064032e-10,4.711772268048508505e-14,3.925383468374210152e-06,1.301719149460862305e-10,9.002375896271452849e-02,3.629208878496877968e-11,2.644895168904554261e-11,9.195925296191292051e-22,5.874633457566882912e-20,4.359164068194549534e-13,2.184646879095177212e-15,1.727632759284460261e-06,2.805086988838206841e-01,4.178461798269391542e-02,6.583582547273253427e-02,1.275201109471845394e-11,2.260795069063638672e-06,1.205111519500874746e-11,1.737114489280533200e-13,1.637400969321831656e-06,2.569751118935676976e-13,1.308557299458030024e-02,4.020383788334862943e-09,1.453662249397931440e-03,9.043962906254229436e-09,3.563665678524024116e-04,3.587001418514359361e-11,1.716238949289179249e-05,4.875219967980812102e-06,1.518622269371026588e-12,1.752117299274319282e-11,2.033486859157783296e-11,2.994985418759556168e-05,4.988404447933934981e-15,5.360007387780026182e-05,2.111891049125310845e-09,5.995719887516730779e-08,4.078504598310791074e-11,1.388418489424953752e-14,1.271592549473339758e-04,6.925797047131518326e-13,6.209376587428240673e-20,5.923300587546725899e-07,1.994175929174064976e-08,8.673053876407849747e-06,2.412057949000989025e-13,5.034540167914827169e-01,0.000000000000000000e+00,8.775191676365548257e-11,2.589266678927594215e-07,1.658497179313094355e-11,7.427817826923593448e-09
9.749999999999999986e-03,-2.443510340000000156e-02,0.000000000000000000e+00,1.203428820000000087e+03,2.295317189999999952e-01,2.883626186572690320e-01,2.693345160215499315e-02,2.667474186176957928e-06,7.805649683164565431e+03,-1.497715199999998426e+01,3.325262699278754962e-03,1.815931879606126840e-09,1.097290819761999066e-13,4.230451809082420095e-06,7.967047958271957163e-10,9.567628397924793360e-02,4.425268459040164926e-11,1.300637159717893420e-11,3.322669129279317248e-20,2.568839969442821755e-18,5.874312448725868457e-12,3.942476219144881572e-14,4.310142559065135503e-06,2.210268059520595629e-01,4.503575269023180061e-02,7.167294298445422984e-02,2.522876199452791184e-11,2.471645569463903217e-06,2.111044059542117505e-11,4.554615159012110015e-13,1.782367949613406824e-06,2.791195329394593489e-12,1.420506939691893941e-02,8.694113048114258591e-09,1.574594439658472513e-03,1.117012329757721415e-08,3.857204739163376918e-04,1.270250979724484237e-10,1.873199099593705563e-05,5.380614848832951303e-06,5.214043328869080937e-12,3.551655869229650364e-11,7.002965638481066158e-11,3.195262669306951750e-05,2.249754789512031005e-14,5.778123388746733073e-05,1.398260849696718933e-09,6.317439068629755883e-08,8.106206208241774660e-11,1.093915579762731073e-13,1.377670759701184991e-04,8.793695748092658783e-13,7.912243898283843724e-19,6.455147378599886263e-07,2.184152859526260089e-08,9.434353337953700091e-06,1.066948909768580138e-12,5.468227178813949152e-01,0.000000000000000000e+00,9.185791948007613775e-11,2.464582469465435307e-07,1.227886929733672901e-11,5.597249838785963550e-09
1.050000000000000065e-02,-3.566796740000000021e-02,0.000000000000000000e+00,1.312271950000000061e+03,2.168337170000000091e-01,2.415081741147281635e-01,2.836534605160230885e-02,1.555315305623688452e-04,5.684613494368541069e+03,-1.553070866666669225e+01,3.397856136550953150e-03,6.692332753206842581e-09,3.539239896407439808e-13,4.499768395432440297e-06,5.053148834870722785e-09,1.005677358979171626e-01,6.855595513041120619e-11,9.501166710355693110e-12,1.362797138616671412e-18,1.193398798788622033e-16,6.318116343586697918e-11,6.339765603564721360e-13,1.218468168763174825e-05,1.700339138274044315e-01,4.785289835142617076e-02,7.667301352217187338e-02,6.598021763302575219e-11,2.712409207246726413e-06,5.230408534690792544e-11,1.539585168437220053e-12,1.925331598045661927e-06,2.813657647143952832e-11,1.516682768460467408e-02,2.107961127860281386e-08,1.673081218301712952e-03,2.272572637693189805e-08,4.050087365888895420e-04,5.112180374810801187e-10,2.007317547962440816e-05,5.938621563971909917e-06,1.242761018738516074e-11,7.963796341916224919e-11,2.796010537161865741e-10,3.368679626580569459e-05,1.109773778873506907e-13,6.142034333765431897e-05,7.990570791889046890e-10,6.432262613470831446e-08,1.827047398145426906e-10,8.460435681412103547e-13,1.468235728509644184e-04,1.673519808301267778e-12,1.349131028630543422e-17,6.934274332961256715e-07,2.385712957578344858e-08,1.009020358975778084e-05,5.153652064768705132e-12,5.839292454072734229e-01,0.000000000000000000e+00,1.281206058699491844e-10,2.208297997758432541e-07,1.371694928607639715e-11,4.021521335917891965e-09
1.124999999999999958e-02,-4.731599890000000308e-02,0.000000000000000000e+00,1.417582270000000108e+03,2.059959289999999943e-01,2.015232076236687098e-01,2.961409594482068350e-02,1.375831539605946400e-03,4.461540534905614550e+03,-1.579652746666664065e+01,3.465705226024031436e-03,2.626043806987318270e-08,1.592555298172969411e-12,4.747235614553818796e-06,3.081187406465162713e-08,1.048487058797142046e-01,1.097698138740685455e-10,8.644412090082851986e-12,5.853610863284549896e-17,5.057664314197685309e-15,5.671892483493023077e-10,8.603088620130259964e-12,3.506294875977465961e-05,1.265063878548678133e-01,5.029952004229477913e-02,8.094275660713987075e-02,2.057413147639669542e-10,3.142574386394737507e-06,1.730251108015000445e-10,6.025702683087121081e-12,2.120667207567102564e-06,2.500612507131217100e-10,1.598983138165595286e-02,5.546894703636424102e-08,1.745523517997479455e-03,6.389561742669688933e-08,4.062606175339247968e-04,2.151346907531905749e-09,2.140316917544559947e-05,6.839743022153227755e-06,2.145680337538406701e-11,1.769519597969950280e-10,1.173255548654003609e-09,3.519235005962620866e-05,5.517848593669746473e-13,6.463503102584861829e-05,3.662649515798091021e-10,6.273135962803257840e-08,4.115747125278282783e-10,6.043253123066985446e-12,1.545314958227165310e-04,4.047586125356479207e-12,2.521078067107738214e-16,7.418763081488956577e-07,2.693140696910342318e-08,1.066678598776271948e-05,2.513127317116859676e-11,6.154557612939293154e-01,0.000000000000000000e+00,2.066892057628795070e-10,1.889716027832056979e-07,2.027877167673554063e-11,2.735975816861200598e-09
1.162499999999999992e-02,-5.323969669999999849e-02,0.000000000000000000e+00,1.468469970000000103e+03,2.011853399999999903e-01,1.838115710854898721e-01,3.018029815193869897e-02,3.610155724874816296e-03,3.779340814175327523e+03,-1.591623279999998886e+01,3.497465597370189288e-03,5.170234876112402067e-08,3.851820077103743736e-12,4.877401696332588649e-06,7.321276714494992629e-08,1.067987299196960088e-01,1.369047578970587238e-10,8.707270303452838564e-12,5.245294026055964028e-16,3.186977657603651035e-14,1.652614438757368000e-09,3.004924587740540312e-11,5.782460125652058537e-05,1.072357589193674021e-01,5.140176166135004138e-02,8.283504573771476032e-02,3.874491587086696019e-10,3.636787407265430281e-06,3.533950687342755235e-10,1.249004829060849577e-11,2.302535808268679550e-06,6.980466404751254175e-10,1.634375038771082242e-02,9.146808253122341158e-08,1.765849168672224516e-03,1.138107319144235530e-07,3.958045317023870685e-04,4.456466216649098506e-09,2.244233878312517963e-05,7.722622024193213965e-06,2.570593438067121875e-11,2.570649468067079837e-10,2.390002758202911768e-09,3.585899017303694153e-05,1.202366109095917956e-12,6.617923955023857741e-05,2.301908568269151249e-10,6.065296955439387748e-08,6.018764745474377069e-10,1.536223448844884586e-11,1.578828028812849244e-04,6.508149685106398319e-12,1.118858509158709105e-15,7.732461064185815819e-07,2.989147297752403502e-08,1.094979869176663870e-05,5.445542545905393057e-11,6.293547645267761892e-01,0.000000000000000000e+00,2.651022028006646261e-10,1.845937908612004180e-07,2.670081197992315275e-11,2.238917428316515282e-09
1.200000000000000025e-02,-5.920828399999999991e-02,0.000000000000000000e+00,1.518114309999999932e+03,1.967161129999999980e-01,1.675101938124891887e-01,3.071144362651904644e-02,8.506210334155215810e-03,3.197722228555810034e+03,-1.600870559999999188e+01,3.527025706347292761e-03,9.835426209814100187e-08,9.896129379751233555e-12,5.023498424797494706e-06,1.651830928289308146e-07,1.086365298874923391e-01,1.687964618251886781e-10,9.149244220524732676e-12,4.062292285792953092e-15,1.863369258070231931e-13,4.588457355248038790e-09,9.721552399932031848e-11,9.057080240620182159e-05,8.952442160728547871e-02,5.242912184570262812e-02,8.457506961241120780e-02,7.459012192275195334e-10,4.453740145387556179e-06,7.522896202209033982e-10,2.605001507302172293e-11,2.571778497336579465e-06,1.820056338115088288e-09,1.664810018275866485e-02,1.481099248466123521e-07,1.770445088166467231e-03,1.987424807941755648e-07,3.750195046116171216e-04,9.072962120603734727e-09,2.397047627517536451e-05,9.039808100638067792e-06,3.003002556889989003e-11,3.624242116246612158e-10,4.690496165142363638e-09,3.646199876223872057e-05,2.507309977403345130e-12,6.775598862982960347e-05,1.443227368505344819e-10,5.779203134014861790e-08,8.518224961178238697e-10,3.680206256188654164e-11,1.608625068334053560e-04,1.025380218938081468e-11,4.754862325075704313e-15,8.141278381568617576e-07,3.432834456444840799e-08,1.124675988835247478e-05,1.132058308827602214e-10,6.421005803350189334e-01,0.000000000000000000e+00,3.297216046585291308e-10,1.864824598068724543e-07,3.601075486270604491e-11,1.853241438080720439e-09
1.237500000000000058e-02,-6.521154860000000220e-02,0.000000000000000000e+00,1.566611959999999954e+03,1.925366129999999953e-01,1.525155332896453719e-01,3.121000964359547936e-02,1.820854086133148753e-02,2.820526786405466737e+03,-1.608392746666663342e+01,3.552338785532693517e-03,1.811513617721899014e-07,2.669402736643045369e-11,5.207418523451319339e-06,3.558770945524604856e-07,1.103728018611987438e-01,2.077423047387500001e-10,1.020209558717017566e-11,2.842642756425184467e-14,1.007434598733082732e-12,1.204683518485029033e-08,2.904675626347174050e-10,1.345817658307543263e-04,7.329492570782666916e-02,5.338582493286371522e-02,8.617293189163170719e-02,1.478848058140248544e-09,5.778960422732566466e-06,1.640102017937460975e-09,5.476505263112924505e-11,2.953613986285631047e-06,4.458910844392618028e-09,1.687728037877567894e-02,2.347902347047354109e-07,1.749555157799816260e-03,3.337014775803478412e-07,3.417675225702042677e-04,1.836094817690986677e-08,2.629239256693554066e-05,1.093207428625217782e-05,3.509883445586084398e-11,5.032864163670832398e-10,8.897968878810201614e-09,3.698510085348873355e-05,5.020073613686917846e-12,6.950070201259816733e-05,9.817848267653391702e-11,5.438730183160429098e-08,1.180627538515281201e-09,8.354964019493067928e-11,1.633809517945373883e-04,1.574258928020263148e-11,1.919693347585855863e-14,8.719616649034492939e-07,4.081317334867467575e-08,1.158638958542933173e-05,2.272528427142142005e-10,6.537830611778235879e-01,0.000000000000000000e+00,3.952836385029040963e-10,1.888719407624807614e-07,4.998323483714270163e-11,1.591302757998829206e-09
1.256250000000000075e-02,-6.822728499999999863e-02,0.000000000000000000e+00,1.590558860000000095e+03,1.905310560000000042e-01,1.454742569552523179e-01,3.144771641412876656e-02,2.586329732052992242e-02,2.587063238260264370e+03,-1.614275680000016422e+01,3.561876724377145784e-03,2.431388386161758766e-07,4.444191292984305411e-11,5.329443061586828227e-06,5.147159301874585546e-07,1.112065418244470028e-01,2.313461976347919760e-10,1.109343128248767429e-11,7.549899948081567313e-14,2.275211156408303322e-12,1.909022986986375859e-08,4.875414672303567249e-10,1.607998047461580207e-04,6.572394839624678964e-02,5.383815921500993695e-02,8.692264506278206404e-02,2.107264286673427719e-09,6.713955419401207076e-06,2.424283496172974560e-09,7.944912607457992928e-11,3.186626324969523970e-06,6.832617849213884421e-09,1.694381707325213343e-02,2.924219615383764577e-07,1.723127347279834526e-03,4.236508353312157929e-07,3.201521054946010990e-04,2.618920335865716799e-08,2.786717645600828220e-05,1.213313188084638111e-05,3.837423973942160612e-11,5.943244170617868564e-10,1.212789948085464055e-08,3.720434154126843696e-05,7.006171178939909014e-12,7.052860038866205815e-05,8.559354746488020644e-11,5.264978501688593193e-08,1.387632377809454045e-09,1.236750098047640058e-10,1.643991607404759927e-04,1.930168166952995433e-11,3.779028964034344544e-14,9.114909325611011046e-07,4.503228162891108698e-08,1.178926378138921815e-05,3.189849384964436251e-10,6.592570359592828666e-01,0.000000000000000000e+00,4.253519623285303595e-10,1.874885357040266273e-07,5.957911330594714876e-11,1.510803917615012973e-09
1.274999999999999918e-02,-7.125405190000000388e-02,0.000000000000000000e+00,1.614374450000000024e+03,1.885688269999999944e-01,1.387306880941044651e-01,3.167778018989995947e-02,3.577647820382147403e-02,2.370788805641438557e+03,-1.621882186666662662e+01,3.568621015493674171e-03,3.238161265910966745e-07,7.432437390614586442e-11,5.479253353080996552e-06,7.375755400686162718e-07,1.120184238585471836e-01,2.586163376734286033e-10,1.233041988442959101e-11,1.935585737555812324e-13,5.025080793654509192e-12,2.973643896244989790e-08,8.013816109880441984e-10,1.894261087607995459e-04,5.852008832610294808e-02,5.427246683146669248e-02,8.764037968933088840e-02,3.011614876197041197e-09,7.853016510083494570e-06,3.565838785497187276e-09,1.148972478549119000e-10,3.442041205653514830e-06,1.032533518696153991e-08,1.696868587857255570e-02,3.607340875444779970e-07,1.683530177874099053e-03,5.285457623325714829e-07,2.953886296269938780e-04,3.731144415288445574e-08,2.973557686245098796e-05,1.350604358294505569e-05,4.255739854626005024e-11,7.047785321100311263e-10,1.639686237929463396e-08,3.738918805278628512e-05,9.686895357767738491e-12,7.170199090945730857e-05,7.851774740085062849e-11,5.097041463563639889e-08,1.632055597939099243e-09,1.809550817714964537e-10,1.652244827913604947e-04,2.347618037035512767e-11,7.308785240770729978e-14,9.596350847882076641e-07,4.995027683692459096e-08,1.202053818482089855e-05,4.449839044380903904e-10,6.644933361609017819e-01,0.000000000000000000e+00,4.515950504297420890e-10,1.832455797686041087e-07,7.139692660984252845e-11,1.464617698150533695e-09
1.293749999999999935e-02,-7.429508099999999893e-02,0.000000000000000000e+00,1.638158020000000079e+03,1.866370770000000123e-01,1.322751461358978586e-01,3.190026684190690881e-02,4.831115675848682983e-02,2.169975438572554140e+03,-1.632052639999998433e+01,3.571622518311883421e-03,4.282343937975963105e-07,1.247381849410428630e-10,5.667655777321199079e-06,1.048710029504330270e-06,1.128095719466808838e-01,2.907409218625822149e-10,1.404512479336161323e-11,4.862594927701709406e-13,1.086330619486549194e-11,4.554420897847366135e-08,1.291163659389735389e-09,2.200069928960143699e-04,5.168720297557019561e-02,5.468771047415201675e-02,8.832808845825199096e-02,4.307511087964068054e-09,9.216871305643672401e-06,5.206780987539029885e-09,1.653118409218658299e-10,3.711357188245838050e-06,1.540417689271926077e-08,1.693938209199365164e-02,4.400454007920138849e-07,1.628037629230512894e-03,6.468556476942656273e-07,2.678413748734055915e-04,5.311175577489688586e-08,3.190498548492020194e-05,1.505062819288636422e-05,4.822120537720838929e-11,8.425623926017653338e-10,2.201620868959410306e-08,3.753134648226092254e-05,1.328034139372308526e-11,7.307597486546085904e-05,7.592746336411311084e-11,4.944252057663113934e-08,1.926487549089451656e-09,2.620534928761411894e-10,1.658164529216273400e-04,2.833275118660860736e-11,1.389015439343485908e-13,1.018218039518742407e-06,5.562436477370930779e-08,1.228772289419224465e-05,6.180751427078686497e-10,6.695022566835617805e-01,0.000000000000000000e+00,4.723314747767538957e-10,1.754138139170911696e-07,8.590062205939932836e-11,1.453851419312841437e-09
1.312499999999999951e-02,-7.735517969999999854e-02,0.000000000000000000e+00,1.662036700000000110e+03,1.847212410000000082e-01,1.260990551791390246e-01,3.211517546222187464e-02,6.365895614116570678e-02,1.983005610502649233e+03,-1.645682186666666169e+01,3.569713457477693714e-03,5.627176706023921146e-07,2.100483148515830193e-10,5.909365225824530748e-06,1.481812368952973601e-06,1.135810849197453065e-01,3.293463787672887765e-10,1.643228488838919445e-11,1.199375299152539324e-12,2.300706658374355158e-11,6.861871005151505567e-08,2.041250078557683322e-09,2.519153788220003694e-04,4.523299726803904630e-02,5.508195576107991626e-02,8.898827543712221899e-02,6.152081145653031539e-09,1.082059769235432901e-05,7.533874394676677013e-09,2.361938218331089542e-10,3.983102857185599020e-06,2.270907748395410724e-08,1.684035698810085538e-02,5.297183756257089981e-07,1.554157988901855173e-03,7.752692814522062924e-07,2.380980558317634843e-04,7.548390854666419825e-08,3.436438287571864290e-05,1.676275128815568990e-05,5.632339686020273032e-11,1.019278209279793184e-09,2.938235427923886853e-08,3.761987317341836270e-05,1.806866018723295595e-11,7.471988334720405952e-05,7.726909544540281591e-11,4.817189316596246594e-08,2.288610838382902061e-09,3.761018817342520590e-10,1.661250838826185019e-04,3.394502407601495770e-11,2.593952938167151606e-13,1.089257959230346754e-06,6.212218815610539191e-08,1.259889809109780747e-05,8.562416103949925654e-10,6.742936085235542443e-01,0.000000000000000000e+00,4.858649946566951635e-10,1.636796048843464295e-07,1.035627579268241179e-10,1.480540188953872492e-09
1.331249999999999968e-02,-8.044083380000000005e-02,0.000000000000000000e+00,1.686165989999999965e+03,1.828052900000000092e-01,1.201950293918378765e-01,3.232243849303673144e-02,8.179997682118060609e-02,1.808396621179496151e+03,-1.663652426666667949e+01,3.561501538794892285e-03,7.352623477512087166e-07,3.552027668798098037e-10,6.224608667893774633e-06,2.084313339294729240e-06,1.143340489613127037e-01,3.767299898725256336e-10,1.978644659330484619e-11,2.910116969015301814e-12,4.779102688382891509e-11,1.017757749655620643e-07,3.170577818927169320e-09,2.843495009037844720e-04,3.916885888674640631e-02,5.545199338123667221e-02,8.962426676967377714e-02,8.756796217036955820e-09,1.267217979571210659e-05,1.079021049634890942e-08,3.346487508867646468e-10,4.243497148564125146e-06,3.311038788879641392e-08,1.665293839436513684e-02,6.277740957875796990e-07,1.460112039505941008e-03,9.084942536925921330e-07,2.069443399299760974e-04,1.070143269637894900e-07,3.708055348745303121e-05,1.863422659369472334e-05,6.854005587680805275e-11,1.252113749576321489e-09,3.900834518680071717e-08,3.764038208726360130e-05,2.441965149173710597e-11,7.672031787404008912e-05,8.246198477209728582e-11,4.727586838400323058e-08,2.743503189071679012e-09,5.357045728187333391e-10,1.660895789438001692e-04,4.040308138632878448e-11,4.761070738388993430e-13,1.174985729602419341e-06,6.953286417647212900e-08,1.296239329561390630e-05,1.185170809598972957e-09,6.788766097702880753e-01,0.000000000000000000e+00,4.906855238339664094e-10,1.481806469498600288e-07,1.248302649577610961e-10,1.548405449476065071e-09
1.349999999999999985e-02,-8.356018210000000501e-02,0.000000000000000000e+00,1.710727889999999888e+03,1.808722570000000085e-01,1.145569249358464048e-01,3.252192911234672024e-02,1.023974649915824070e-01,1.644832633697009214e+03,-1.686731146666663150e+01,3.545381427608372549e-03,9.560111293550983020e-07,6.043487805923211139e-10,6.641575755519755833e-06,2.923768448027697306e-06,1.150695679223768808e-01,4.361913757057559726e-10,2.455994998343245825e-11,6.959769345305110623e-12,9.748883423423642063e-11,1.487391828996641776e-07,4.844946746731717688e-09,3.163228847866163262e-04,3.350933857739542276e-02,5.579283196236352327e-02,9.024056083912593285e-02,1.240361479163282431e-08,1.477100699003584035e-05,1.528831108968688009e-08,4.697362086831274771e-10,4.477269536979744296e-06,4.777773466777030955e-08,1.635560638896690899e-02,7.304812945072352473e-07,1.345377879092441017e-03,1.039168809299002182e-06,1.753191178817340031e-04,1.511984568980052077e-07,3.999426537302085030e-05,2.065124708606917429e-05,8.789792474070621289e-11,1.566486878943286273e-09,5.155845236521993660e-08,3.757401837465348645e-05,3.281448467786415085e-11,7.918490814658380502e-05,9.191403593799704798e-11,4.688331826837366006e-08,3.326474437756041723e-09,7.583438314884398475e-10,1.656368658882654242e-04,4.782707866773702368e-11,8.591063154204679364e-13,1.277887959137968033e-06,7.797736274739838102e-08,1.338630339096992797e-05,1.641958058892375408e-09,6.832597505390897163e-01,0.000000000000000000e+00,4.856854566723684546e-10,1.295183589126300742e-07,1.500627018987713612e-10,1.663781578877653660e-09
1.368750000000000001e-02,-8.672280300000000108e-02,0.000000000000000000e+00,1.735925629999999956e+03,1.789050889999999894e-01,1.091798370958343700e-01,3.271347701243326050e-02,1.246746270798047840e-01,1.491200544888540435e+03,-1.715436906666666061e+01,3.519568577008400957e-03,1.237821678947863433e-06,1.037353269118259825e-09,7.200275093879836501e-06,4.097360806517283295e-06,1.157888129015806344e-01,5.125493555643380527e-10,3.145707367326179493e-11,1.643490288603049448e-11,1.954929318338329094e-10,2.143567478177988496e-07,7.292245403801662231e-09,3.466431277053567549e-04,2.827120537596974903e-02,5.609703015231806700e-02,9.084327332278409328e-02,1.746459628515526113e-08,1.710571028546031361e-05,2.142313578179054155e-08,6.528314884450995178e-10,4.668444056031867704e-06,6.825274634198582109e-08,1.592479238646407960e-02,8.320411392927731071e-07,1.211201188970490806e-03,1.157948889015754769e-06,1.442531398773862336e-04,2.127054798192023976e-07,4.301614366343669990e-05,2.279052958062827218e-05,1.200031478979985045e-10,1.999854818300142437e-09,6.788682754229685553e-08,3.739613926821364612e-05,4.388323916269967026e-11,8.224701603009082940e-05,1.065970899093935043e-10,4.713639945993451373e-08,4.086722136526325894e-09,1.068324879091934061e-09,1.646798908600237031e-04,5.638992815206911229e-11,1.524092938704535825e-12,1.400777848809352372e-06,8.761554062552764503e-08,1.387776678820403218e-05,2.280578988061529786e-09,6.874506444156736062e-01,0.000000000000000000e+00,4.703491976002077890e-10,1.087154649075929112e-07,1.794452488474732737e-10,1.836683768438836545e-09
1.387500000000000018e-02,-8.993924720000000261e-02,0.000000000000000000e+00,1.761974230000000034e+03,1.768878580000000089e-01,1.040600217106745773e-01,3.289689653674825881e-02,1.472879207416222525e-01,1.346621171184371633e+03,-1.749866826666666952e+01,3.482160426255851132e-03,1.596941828282908811e-06,1.802362398062032776e-09,7.958771001442432500e-06,5.746052483821630885e-06,1.164931078747422771e-01,6.129755463409058814e-10,4.158931385528161771e-11,3.836805185874524155e-11,3.855726605854179018e-10,3.047889196722796354e-07,1.081937478836660416e-08,3.738867885979830076e-04,2.347201487476201567e-02,5.635382933940626116e-02,9.144068530167956399e-02,2.442386417373855138e-08,1.965065357887088425e-05,2.968077366808612645e-08,8.979096750345341226e-10,4.801032694837750819e-06,9.650494209623428936e-08,1.533637858350975561e-02,9.245340650059065821e-07,1.060940938859236682e-03,1.253883478651777843e-06,1.147955978765674963e-04,2.977003146799015410e-07,4.602277645051460213e-05,2.501251657310561114e-05,1.754565308113426187e-10,2.607188477196653700e-09,8.907528750422294154e-08,3.707465236013595398e-05,5.844986713715252637e-11,8.607159150745262053e-05,1.282267928621257775e-10,4.819536744817854294e-08,5.091980234524912889e-09,1.499399248387790018e-09,1.631155778246120506e-04,6.635754712864989171e-11,2.657275677142798139e-12,1.546890418336725809e-06,9.864688729393120280e-08,1.444187158447156188e-05,3.179924586580826491e-09,6.914558762565209404e-01,0.000000000000000000e+00,4.448683135216610264e-10,8.710806750633817041e-08,2.128825957711006860e-10,2.081972207761385928e-09
1.406250000000000035e-02,-9.322024750000000581e-02,0.000000000000000000e+00,1.789085820000000012e+03,1.748073390000000060e-01,9.919472878272816985e-02,3.307203102379689674e-02,1.682454060241342919e-01,1.210470487627371767e+03,-1.789495466666659595e+01,3.431227096354423807e-03,2.053895297817797315e-06,3.182116606619096284e-09,9.003546330434000617e-06,8.076016211419475164e-06,1.171840718754954269e-01,7.483971242048504410e-10,5.673790663971766778e-11,8.861393290585033535e-11,7.478995792053790390e-10,4.275930355456951833e-07,1.582792178318330506e-08,3.963941075788431317e-04,1.912816087967689899e-02,5.654805013991938412e-02,9.204389630220612128e-02,3.390032486398191427e-08,2.236086487624225114e-05,4.063714145682424811e-08,1.221645468702038329e-09,4.859834084836572103e-06,1.349312198566396303e-07,1.456803968452189367e-02,9.983701339392615127e-07,9.001153200436542816e-04,1.315288858602544888e-06,8.793075840657619440e-05,4.142686635598519161e-07,4.885532504809267541e-05,2.725119917104641627e-05,2.746589757081830245e-10,3.468916336314380027e-09,1.164631548762613724e-07,3.656799006114759868e-05,7.759168001756116156e-11,9.086227880346154425e-05,1.596022668304273477e-10,5.024860714661235642e-08,6.434493593163542579e-09,2.098251217770670829e-09,1.608224698291309219e-04,7.816336151695377421e-11,4.549394755166403883e-12,1.719989428172562662e-06,1.113012278817457750e-07,1.507998328397796821e-05,4.455631335266024283e-09,6.952808492612848612e-01,0.000000000000000000e+00,4.101598565642174430e-10,6.617389292969221861e-08,2.499071227344811687e-10,2.420568007428219037e-09
1.425000000000000051e-02,-9.657555149999999533e-02,0.000000000000000000e+00,1.817449110000000019e+03,1.726549000000000000e-01,9.458194203930235522e-02,3.323881309419976504e-02,1.849817945889264681e-01,1.082371389976880664e+03,-1.832957066666668666e+01,3.364928686769130383e-03,2.635023887469955596e-06,5.735097374493388857e-09,1.046722358994979100e-05,1.139280808906108168e-05,1.178638288868318756e-01,9.359989421012911568e-10,7.981891132336108336e-11,2.025862278054847975e-10,1.426077178630737690e-09,5.916511904319201616e-07,2.282565847808371803e-08,4.123277796040994143e-04,1.525244658535521158e-02,5.665872214559856263e-02,9.266756171102431827e-02,4.667470655518481869e-08,2.516656297583607383e-05,5.494627104724279098e-08,1.643420628422053318e-09,4.831772345360725925e-06,1.862443888211755870e-07,1.360244898693947421e-02,1.043524418998049500e-06,7.360393182932844884e-04,1.331387058721655482e-06,6.448470983808436338e-05,5.731385794496953398e-07,5.132552005071929255e-05,2.940051447177080470e-05,4.575636085606657429e-10,4.703204175484172118e-09,1.516683288543741593e-07,3.582273696560444464e-05,1.027324699013603869e-10,9.686963530698965716e-05,2.051951188029798789e-10,5.353168584860102496e-08,8.239682202088587313e-09,2.929304857187398918e-09,1.576581068486229947e-04,9.254943461113775068e-11,7.640657492663746911e-12,1.924461888152208626e-06,1.258136688791987629e-07,1.578720188484176342e-05,6.278047033972071311e-09,6.989296643289156785e-01,0.000000000000000000e+00,3.678131436468405623e-10,4.730932955457547873e-08,2.896918287218495065e-10,2.880816487233955039e-09
1.443750000000000068e-02,-1.000123460000000020e-01,0.000000000000000000e+00,1.847203060000000050e+03,1.704285799999999962e-01,9.022005488012029006e-02,3.339733964291555224e-02,1.947967163949148595e-01,9.621425849747564598e+02,-1.877828266666660895e+01,3.281643465248001469e-03,3.376116255111199279e-06,1.061565278462795581e-08,1.255990938181256533e-05,1.616179837659683470e-05,1.185353088283544049e-01,1.204042908256480128e-09,1.157769778323486233e-10,4.593027033349046175e-10,2.673399446128771698e-09,8.071158398312522313e-07,3.243979005302541116e-08,4.198511203920326628e-04,1.185137308283856425e-02,5.665742061795696338e-02,9.333067946485207322e-02,6.374874410768833619e-08,2.797085815949666845e-05,7.334300279379532941e-08,2.186139036834351180e-09,4.708222993182235705e-06,2.532172276333276329e-07,1.243114848199901833e-02,1.051724498477045523e-06,5.770119221644552524e-04,1.294809358125045289e-06,4.502601553479987221e-05,7.893224448570179848e-07,5.323636032291084817e-05,3.129808935467866265e-05,8.042948618353371340e-10,6.488084700604899443e-09,1.966306647152680861e-07,3.477094994964976583e-05,1.358317768033081820e-10,1.044000288488230598e-04,2.721508816059107000e-10,5.836217101548838953e-08,1.068259098453102681e-08,4.082425384088425408e-09,1.534562297777870236e-04,1.108431378394930894e-10,1.258725468177296897e-11,2.165343636864464614e-06,1.423748617938334297e-07,1.654853807603681596e-05,8.901970417109459773e-09,7.024050369828791496e-01,0.000000000000000000e+00,3.200191135365948507e-10,3.158692485426040723e-08,3.313506345201861662e-10,3.500656214930858847e-09
1.462500000000000085e-02,-1.035332739999999946e-01,0.000000000000000000e+00,1.878404950000000099e+03,1.681351849999999926e-01,8.610755410486085892e-02,3.354794405729455420e-02,1.959723652087007328e-01,8.496778825659047243e+02,-1.920389333333354998e+01,3.180069017778323730e-03,4.331976386973572770e-06,2.036964808576924934e-08,1.562707288908253412e-05,2.313140838383981597e-05,1.192026219167220402e-01,1.602057428880762464e-09,1.735134298787791690e-10,1.039034799274104095e-09,4.941330976547861966e-09,1.086218479241140417e-06,4.547000836823350390e-08,4.174479927083603282e-04,8.922632093766424966e-03,5.650621996052333784e-02,9.405740583428913448e-02,8.653562723954402602e-08,3.065669687858246117e-05,9.674947873240838753e-08,2.880761147987427633e-09,4.488234746864405712e-06,3.383640467636103462e-07,1.105853359227423026e-02,1.019304169287888404e-06,4.311215796988075873e-04,1.204451959158539555e-06,2.977602357919772132e-05,1.086334939241059102e-06,5.442386946197811303e-05,3.270866337714890707e-05,1.482344438964396963e-09,9.110131763635432153e-09,2.537935058226934625e-07,3.332714127671682113e-05,1.798473018743541710e-10,1.138246829204792135e-04,3.720198037400976172e-10,6.520072145444913389e-08,1.402758629019997646e-08,5.688626976025782022e-09,1.480237118965869027e-04,1.355458889053042455e-10,2.040160878574692201e-11,2.448099028289696470e-06,1.610436778874908297e-07,1.733318118789060343e-05,1.272355309111100643e-08,7.057083045069744154e-01,0.000000000000000000e+00,2.694759878117373313e-10,1.955341388633949372e-08,3.748153377381445402e-10,4.332530086973185580e-09
1.481249999999999928e-02,-1.071340040000000049e-01,0.000000000000000000e+00,1.910992839999999887e+03,1.657923299999999878e-01,8.224287507168377698e-02,3.369123886522697869e-02,1.897833638073084528e-01,7.447361501996422248e+02,-1.955230399999998525e+01,3.059224097787258470e-03,5.600821565948916612e-06,4.116548677022494036e-08,2.026282978534386418e-05,3.361753507568438301e-05,1.198714999132967501e-01,2.224622238390927086e-09,2.705937298042791029e-10,2.380401298278251856e-09,9.086149603427972918e-09,1.446921868953439121e-06,6.308478235437067482e-08,4.042646887075946878e-04,6.453726005332009047e-03,5.615489175938307570e-02,9.487802913137456662e-02,1.174362989150581393e-07,3.310758907605322945e-05,1.266741219083763989e-07,3.780740047265384664e-09,4.181123356975786295e-06,4.438508276789619464e-07,9.505098203124947437e-03,9.495105553132174696e-07,3.048889597794733576e-04,1.067052049228199501e-06,1.856048988657516878e-05,1.506640288910244617e-06,5.481472406035242006e-05,3.331224417590519869e-05,2.867712817925778403e-09,1.308532979053536001e-08,3.266657797637221092e-07,3.138467617729941752e-05,2.399032338264776305e-10,1.255890739091612143e-04,5.238610446210904720e-10,7.474836254593439171e-08,1.872860208645356987e-08,7.957722504244166188e-09,1.411361368979160025e-04,1.717288748757882210e-10,3.284562977624269987e-11,2.777563167990983866e-06,1.816049268686448475e-07,1.808559198691866022e-05,1.840505558668759301e-08,7.088395044872952688e-01,0.000000000000000000e+00,2.190778828415406100e-10,1.114838349193635532e-08,4.226168566943205472e-10,5.454100936055039654e-09
1.499999999999999944e-02,-1.108000610000000052e-01,0.000000000000000000e+00,1.944738419999999905e+03,1.634307319999999952e-01,7.862471737193821308e-02,3.382806813768336057e-02,1.785069188655069861e-01,6.705761088084030916e+02,-1.969890133333327853e+01,2.918240798059857678e-03,7.379491145093871358e-06,8.987514484024804991e-08,2.754978108168400149e-05,5.018493386663540876e-05,1.205497429198545689e-01,3.271593527824937346e-09,4.457570847036460646e-10,5.654818396240490614e-09,1.692365908874859540e-08,1.921446818722559062e-06,8.730031244195988920e-08,3.801194417472841488e-04,4.422983477059455430e-03,5.553609946307777601e-02,9.583064863628863728e-02,1.612875848927707224e-07,3.523649067657362441e-05,1.660784608895855674e-07,4.993456056680186781e-09,3.805191807470183793e-06,5.716716666199338765e-07,7.809193564808191400e-03,8.518170404336840683e-07,2.021277618656188216e-04,8.953094234047688942e-07,1.084816259278778511e-05,2.133788268581387336e-06,5.446639366378895484e-05,3.270922227825382854e-05,5.878100826092045554e-09,1.945043588706871240e-08,4.209218237201573465e-07,2.881151008084516219e-05,3.260046877832613382e-10,1.402250709067737590e-04,7.597540834948905783e-10,8.806396304145217621e-08,2.564912968294761566e-08,1.126546169251035127e-08,1.325281149118909588e-04,2.302668118469110392e-10,5.353154866441047063e-11,3.154250657902950746e-06,2.033460338648088738e-07,1.871039298756071518e-05,2.715058608194939849e-08,7.117975085267737034e-01,0.000000000000000000e+00,1.711357648862233176e-10,5.807795896138786330e-09,4.825844966791619280e-10,6.983194645357343334e-09
1.509374999999999953e-02,-1.126468330000000018e-01,0.000000000000000000e+00,1.961876140000000078e+03,1.622602850000000041e-01,7.690807306816939415e-02,3.389450446249545057e-02,1.853708394856573571e-01,6.224123811562257060e+02,-1.973297066666659205e+01,2.839650917812383806e-03,8.609030053367755167e-06,1.394996238925319911e-07,3.301362907456688989e-05,6.251436465184004624e-05,1.208969079068631658e-01,4.122727496823924149e-09,5.936012865427001490e-10,9.117715292975874622e-09,2.359280628182452355e-08,2.228199638283434871e-06,1.034269309203217330e-07,3.643907977192798191e-04,3.562599587255436615e-03,5.508884455756053039e-02,9.637662452575317118e-02,1.917865648522510428e-07,3.617839517212880976e-05,1.919253218521441487e-07,5.805356825527655742e-09,3.599923877226682686e-06,6.471958045014117916e-07,6.927951744662829564e-03,7.989495803845034621e-07,1.598542058768511755e-04,8.028826553814735130e-07,8.074679513779409721e-06,2.586739888007221384e-06,5.409444575832659998e-05,3.180858457549523338e-05,8.791258613227371211e-09,2.431735108126634408e-08,4.800538076301750491e-07,2.722351467902748865e-05,3.861433407025220252e-10,1.488824338853036370e-04,9.285748672846424423e-10,9.671162082549509376e-08,3.059842707642751901e-08,1.356438948955023557e-08,1.274392159018231097e-04,2.776216017861252672e-10,6.982713014620641283e-11,3.355153597415249216e-06,2.141139278350504558e-07,1.891215328543041451e-05,3.345490887422693465e-08,7.132108204505550608e-01,0.000000000000000000e+00,1.489312128852660347e-10,4.038243866889008435e-09,5.248382225956739959e-10,7.963828563864807839e-09
1.518749999999999961e-02,-1.144967989999999963e-01,0.000000000000000000e+00,1.979095839999999953e+03,1.611052440000000086e-01,7.525422583841147317e-02,3.395962418099551794e-02,1.954918234143431244e-01,5.753478488131468112e+02,-1.968454399999995275e+01,2.755358696127760323e-03,1.015909638572292714e-05,2.241151706850400402e-07,4.017154384354497144e-05,7.894780958905080236e-05,1.212507738296003806e-01,5.322130122520551077e-09,8.093586018625689477e-10,1.499816657892234598e-08,3.329014495321573547e-08,2.587950436363027127e-06,1.227841888274453797e-07,3.453669235146390021e-04,2.803591716059975879e-03,5.453354442336135616e-02,9.697688966371365016e-02,2.301836696765116976e-07,3.697147134804218969e-05,2.225567116872302121e-07,6.785846320463518760e-09,3.378611195251873072e-06,7.289798829755290123e-07,6.034214761519824180e-03,7.416737349576897972e-07,1.234064488265709109e-04,7.045364680098805666e-07,5.871656971748274749e-06,3.166633375549775563e-06,5.350919202480092549e-05,3.043701695722537823e-05,1.343130608112433028e-08,3.084628245665021972e-08,5.480331722298223094e-07,2.541434536428398278e-05,4.625391603499711922e-10,1.585214867772220284e-04,1.144433428391671918e-09,1.068152608498873134e-07,3.688537074816319314e-08,1.645768787687120849e-08,1.217752968288632386e-04,3.433252515175083059e-10,9.222643737038969296e-11,3.557488105000488926e-06,2.244611856845537606e-07,1.900684357328875465e-05,4.159216064154851558e-08,7.145793079957668548e-01,0.000000000000000000e+00,1.268835038216844288e-10,2.713279856186895650e-09,5.771531711888984999e-10,9.080992027238039628e-09
1.528124999999999969e-02,-1.163422249999999936e-01,0.000000000000000000e+00,1.996277100000000019e+03,1.599758159999999929e-01,7.366413650091195586e-02,3.402345623861304652e-02,2.137731453629339029e-01,5.289917575964137768e+02,-1.952916266666669287e+01,2.664901068957977251e-03,1.215239009524820275e-05,3.747455058534679530e-07,4.976521148054093317e-05,1.013230319603809212e-04,1.216133199524470632e-01,7.075600057233316295e-09,1.134462959556405146e-09,2.524726119012788219e-08,4.755602788140476122e-08,3.004995488824994175e-06,1.458200119429818534e-07,3.223024828739741551e-04,2.143932679161685093e-03,5.384922557894401829e-02,9.764141446182049433e-02,2.789247188909355391e-07,3.751959328532918748e-05,2.585232188989129095e-07,7.962829406886394519e-09,3.135005468774158452e-06,8.153897566811683975e-07,5.138846467990620948e-03,6.789737077345094888e-07,9.242385556386064922e-05,5.997449197654892429e-07,4.135826798382819375e-06,3.911519338470527864e-06,5.259115047943594432e-05,2.854089118884001061e-05,2.101262409178369628e-08,3.972052658446857898e-08,6.253103687554927108e-07,2.336392119086429806e-05,5.614667597804567187e-10,1.692450969338222123e-04,1.424347679443055109e-09,1.184238349536942167e-07,4.492378318243402180e-08,2.014393049212337207e-08,1.154671839548503055e-04,4.356916058296369633e-10,1.234132769517432541e-10,3.749428568533908079e-06,2.339380389085261552e-07,1.895038579259006686e-05,5.220826857958566188e-08,7.159023657200697111e-01,0.000000000000000000e+00,1.043957639591794318e-10,1.738181189320340862e-09,6.420388137489516541e-10,1.029121389597595624e-08
1.537499999999999978e-02,-1.181730839999999977e-01,0.000000000000000000e+00,2.013264910000000100e+03,1.588844630000000036e-01,7.213944938227093151e-02,3.408596989799123761e-02,2.353000743267451011e-01,4.943061610843215021e+02,-1.931018666666663819e+01,2.567643447546716796e-03,1.474538378591136112e-05,6.532720633758240106e-07,6.295969323984446748e-05,1.322800278736115955e-04,1.219869808834461861e-01,9.733589620699934645e-09,1.637654128435285321e-09,4.316158485876078615e-08,6.846839203458111991e-08,3.470391836684175489e-06,1.723651128353118687e-07,2.942485777188569578e-04,1.582080648488383683e-03,5.300911714935185176e-02,9.838212180599971435e-02,3.403568936748022612e-07,3.766952876400823366e-05,2.992138297141128415e-07,9.332111531083531265e-09,2.860342837267053629e-06,9.012496311388910480e-07,4.255035985934478918e-03,6.082131704188759799e-07,6.653733923642617142e-05,4.886839245330815610e-07,2.787171947336965546e-06,4.853208495362948932e-06,5.113872625113893638e-05,2.608578417507604837e-05,3.345591836803417341e-08,5.174705515055770531e-08,7.104198573212215111e-07,2.105895947987898172e-05,6.910666213397127949e-10,1.811576378269109575e-04,1.791814158287991277e-09,1.313663388744845920e-07,5.508830364736527593e-08,2.485325347625368677e-08,1.084271748964020591e-04,5.622341254628072456e-10,1.666310168407905664e-10,3.911625646262593789e-06,2.419264077688487218e-07,1.868604808214620894e-05,6.606832253687428066e-08,7.171792153147632520e-01,0.000000000000000000e+00,8.121120052240585561e-11,1.041390759004991610e-09,7.197841333122743259e-10,1.147482928903624743e-08
1.542187499999999982e-02,-1.190782489999999971e-01,0.000000000000000000e+00,2.021612460000000056e+03,1.583588870000000037e-01,7.140252267764682359e-02,3.411673027887911214e-02,2.615298964772344581e-01,4.710855494857666486e+02,-1.912334933333335485e+01,2.516138908940697243e-03,1.633913359312117163e-05,8.790014046299375364e-07,7.162938186984379898e-05,1.522572799358992116e-04,1.221793329485621055e-01,1.161672439510932165e-08,1.994434109160336834e-09,5.677808307609623950e-08,8.226912596536442655e-08,3.713879208436444836e-06,1.866971429213999053e-07,2.780603768829356713e-04,1.337383119436957434e-03,5.251718967789009707e-02,9.878673125841046232e-02,3.764860528414981466e-07,3.751437268420632445e-05,3.208154038649356608e-07,1.007830019575700423e-08,2.707928308859953302e-06,9.420882516033777747e-07,3.823494328390296924e-03,5.691565997603832703e-07,5.539313537667931147e-05,4.314178388183716554e-07,2.237348009058069334e-06,5.406467617723859517e-06,5.010656447890497500e-05,2.465162178962158640e-05,4.249031178211144048e-08,5.923174067506324316e-08,7.545265336823419397e-07,1.981033599165978582e-05,7.711032296753630119e-10,1.875993399210200603e-04,2.020728569149266608e-09,1.381235669418495115e-07,6.105546607429545293e-08,2.768689298834372882e-08,1.045872669559684190e-04,6.407651537302358602e-10,1.940077339183221261e-10,3.970386588328454155e-06,2.450732168968233732e-07,1.844892059223294490e-05,7.452382876862522251e-08,7.178000076978038324e-01,0.000000000000000000e+00,6.948507147074656271e-11,7.789190896720725325e-10,7.633363076786329767e-10,1.197149599495996147e-08
1.546874999999999986e-02,-1.199746559999999990e-01,0.000000000000000000e+00,2.029833100000000059e+03,1.578488010000000108e-01,7.068311316828539137e-02,3.414710612130671813e-02,2.864219285948299554e-01,4.477891956139507101e+02,-1.889164800000000355e+01,2.462603026141659858e-03,1.815581887155395048e-05,1.193361998130272484e-06,8.202394207148708781e-05,1.759002237244042298e-04,1.223756848082650645e-01,1.399665097807042366e-08,2.444513056170002237e-09,7.437067638347802096e-08,9.855376774558860097e-08,3.952437593807426478e-06,2.011396836848597558e-07,2.602999855921689365e-04,1.116729098250338753e-03,5.197242121857100633e-02,9.921593444455113764e-02,4.158462883484632029e-07,3.715971334177915443e-05,3.421537044639227703e-07,1.083357438302624681e-08,2.543975776014166967e-06,9.782148054673593578e-07,3.401437534670718934e-03,5.267896321746401506e-07,4.541858072883938377e-05,3.736905714145116794e-07,1.763333897237255784e-06,6.004998070591529785e-06,4.881155372352337011e-05,2.308187066383594446e-05,5.382986631566080705e-08,6.773308529387762351e-08,7.980933387495687904e-07,1.850134177101259476e-05,8.626976596483484066e-10,1.943709236954648401e-04,2.285892166418525291e-09,1.449296037729281827e-07,6.754761009416821807e-08,3.085322875165998707e-08,1.005189518425096120e-04,7.261446678622960050e-10,2.253140696469839803e-10,4.009211883718475045e-06,2.475029736122190005e-07,1.813229137159081411e-05,8.407018326828110256e-08,7.184087968744163888e-01,0.000000000000000000e+00,5.787795000931838082e-11,5.664854791124457509e-10,8.075119787348119157e-10,1.235283418064591085e-08
1.551562499999999990e-02,-1.208602019999999999e-01,0.000000000000000000e+00,2.037894649999999956e+03,1.573565620000000054e-01,6.998171748581759333e-02,3.417705481335173850e-02,3.149785313026383093e-01,4.243988163565332457e+02,-1.861119999999988650e+01,2.406907076247377132e-03,2.022117766847304792e-05,1.634222827452073835e-06,9.459183185252133046e-05,2.039026456820942175e-04,1.225764938088902828e-01,1.703058477344751766e-08,3.013837725301108327e-09,9.672064264920228264e-08,1.173972718169652424e-07,4.174028003492249191e-06,2.150893696646529263e-07,2.409410796243473946e-04,9.198484055658591278e-04,5.136918081991001528e-02,9.967168534460130180e-02,4.578108912862243946e-07,3.655719454300347432e-05,3.621917714353047451e-07,1.156666218196635105e-08,2.367581866308689797e-06,1.007192358429680635e-06,2.991618675335750138e-03,4.809358312501702099e-07,3.658561014295916969e-05,3.163913215067124902e-07,1.359680497880114414e-06,6.636191329653476050e-06,4.719603122641639767e-05,2.138498586665854651e-05,6.784230159422668610e-08,7.722287777960137549e-08,8.393866046913074920e-07,1.713742847328093952e-05,9.672521784919514502e-10,2.014762436858772159e-04,2.594700585954587690e-09,1.515962977636453545e-07,7.446301838390427202e-08,3.435954214642983894e-08,9.620492725000635338e-05,8.143845317302883928e-10,2.603553865940784586e-10,4.022309383728794197e-06,2.490616236116865826e-07,1.772629407236283133e-05,9.476047795225840043e-08,7.190054538789945049e-01,0.000000000000000000e+00,4.664940942726863907e-11,3.984029633788476606e-10,8.501438226745358756e-10,1.256128288041563208e-08
1.556249999999999994e-02,-1.217326019999999953e-01,0.000000000000000000e+00,2.045762159999999994e+03,1.568846750000000012e-01,6.929888627297253745e-02,3.420651867795965889e-02,3.506531674742336957e-01,4.009230982161075758e+02,-1.827857066666666341e+01,2.348921697576887221e-03,2.255936497672809211e-05,2.254992677673782966e-06,1.099132438866151163e-04,2.370456037554672431e-04,1.227822328733396556e-01,2.092549777841356416e-08,3.734405716147641724e-09,1.243803548716910488e-07,1.386278688569935120e-07,4.363410245498770496e-06,2.277406657650661017e-07,2.200706337729783782e-04,7.463010402301268427e-04,5.070139954769718738e-02,1.001558778966806784e-01,5.012220904829466829e-07,3.565794446321579310e-05,3.795800706084308110e-07,1.223476948737879154e-08,2.178637607752549738e-06,1.026046988941545081e-06,2.597093987320876068e-03,4.317222925546416803e-07,2.886852447021965668e-05,2.607618497310019247e-07,1.021807468945918633e-06,7.278342012491769313e-06,4.520647885336566516e-05,1.957478187980694477e-05,8.474416341257917727e-08,8.757342130966054612e-08,8.762942010960278204e-07,1.572688878377637495e-05,1.086110468879584388e-09,2.089125897844888605e-04,2.955941786950694151e-09,1.578839148371292711e-07,8.163144351579020850e-08,3.819050516060324238e-08,9.162816390547774302e-05,8.984778190731434942e-10,2.984387476921349889e-10,4.003312705870241747e-06,2.495753597425417337e-07,1.722154658223450698e-05,1.065934898900397290e-07,7.195898582576817359e-01,0.000000000000000000e+00,3.614521086271313161e-11,2.693576097221346690e-10,8.879924790839600642e-10,1.253582218706823066e-08
1.560937499999999999e-02,-1.225894099999999959e-01,0.000000000000000000e+00,2.053398180000000139e+03,1.564357660000000039e-01,6.863520918960339112e-02,3.423541542435838692e-02,3.957111450794370544e-01,3.774246440600600181e+02,-1.789134933333345856e+01,2.288523766072659508e-03,2.519139165676899763e-05,3.129882044628802924e-06,1.287402147790686526e-04,2.761980245260159980e-04,1.229933427889308706e-01,2.595185775546396126e-08,4.644803912029041548e-09,1.574008027298841258e-07,1.617086537224914374e-07,4.502831802272681359e-06,2.381179015913653695e-07,1.979018846603801363e-04,5.954412029781621036e-04,4.996270241425889574e-02,1.006702278272396112e-01,5.442917140659398565e-07,3.441602694093857896e-05,3.927387023260202928e-07,1.278581067805824382e-08,1.978053326605458359e-06,1.031568858229722434e-06,2.221208606188178770e-03,3.796742293484402369e-07,2.224029126183339134e-05,2.082538866426150615e-07,7.452871447210112148e-07,7.899139846444269854e-06,4.279922432655216093e-05,1.767112306967454552e-05,1.044623498207319337e-07,9.852451733092186132e-08,9.063587834445957390e-07,1.428130687549181742e-05,1.220469297905549954e-09,2.166679576281756549e-04,3.380203894199224700e-09,1.635032607194117059e-07,8.880414404760302521e-08,4.229910932741040693e-08,8.677374385108739237e-05,9.685990013377851807e-10,3.382111264195951770e-10,3.945592763228959861e-06,2.488527815729431818e-07,1.660997157149559188e-05,1.194944097949353909e-07,7.201619127641285534e-01,0.000000000000000000e+00,2.672923505412990003e-11,1.739720817014461356e-10,9.169516514264172674e-10,1.222041427902852065e-08
1.565625000000000003e-02,-1.234280670000000024e-01,0.000000000000000000e+00,2.060763429999999971e+03,1.560125260000000125e-01,6.799127511051569761e-02,3.426362289579474446e-02,4.561413735913408263e-01,3.540268150068028490e+02,-1.744846933333392158e+01,2.225608259382071824e-03,2.813277899218908428e-05,4.361970778788922674e-06,1.520445199577856725e-04,3.223171439105103776e-04,1.232101429657913721e-01,3.246235569098699935e-08,5.791093328392134445e-09,1.949703759458675196e-07,1.855969379484700138e-07,4.572730628730405828e-06,2.450952239319506210e-07,1.747866189514714461e-04,4.663689038705152090e-04,4.914667738635469102e-02,1.012160969718979009e-01,5.844563808377288508e-07,3.279292749089522349e-05,3.999131238889663045e-07,1.315934979634637756e-08,1.767880479509157503e-06,1.020510949716660626e-06,1.867533489481489409e-03,3.258100919095405804e-07,1.666614509537273789e-05,1.603799559554713820e-07,5.251960688541821123e-07,8.453878217652825800e-06,3.994796748890866477e-05,1.570079449564075726e-05,1.264661289648873679e-07,1.096535669695552814e-07,9.268694547426597661e-07,1.281589349644173583e-05,1.371259199619277335e-09,2.247175569376084006e-04,3.880139528922700627e-09,1.681263619533206188e-07,9.565158237344285792e-08,4.659264608706380221e-08,8.163178807733538250e-05,1.012802889718800683e-09,3.774702508951974693e-10,3.842787988933070235e-06,2.466885619315082994e-07,1.588589209558936683e-05,1.332836169629945380e-07,7.207215667998956299e-01,0.000000000000000000e+00,1.872115879480217261e-11,1.066019259704025593e-10,9.321087577412049329e-10,1.157531139678617775e-08
1.570312499999999833e-02,-1.242459640000000004e-01,0.000000000000000000e+00,2.067817750000000160e+03,1.556176240000000099e-01,6.736762017750280718e-02,3.429096458434766764e-02,5.374126366233458185e-01,3.309373940620731105e+02,-1.695123199999932240e+01,2.160101538853082589e-03,3.139124518333265306e-05,6.089676506766654197e-06,1.810773979038559972e-04,3.764238028001358006e-04,1.234327339344627461e-01,4.090637967828053941e-08,7.226004996163314230e-09,2.350481678751999411e-07,2.086834718891984107e-07,4.554251147581896057e-06,2.475262948685746331e-07,1.512084839197150429e-04,3.579079928099668608e-04,4.824724387438287382e-02,1.017942889459517858e-01,6.184296176716414876e-07,3.076456568366538874e-05,3.994114977879303550e-07,1.329391379294152600e-08,1.551402799176274515e-06,9.901315694742843594e-07,1.539744569182464407e-03,2.716079878557882885e-07,1.209772989357664577e-05,1.184699809370977306e-07,3.558350068110674832e-07,8.887376185281201528e-06,3.665308848053885053e-05,1.369773589272711375e-05,1.496169379205600844e-07,1.203697729360890437e-07,9.351142245034961669e-07,1.134942459397396410e-05,1.539012999182852848e-09,2.330198678762768661e-04,4.470693217626262408e-09,1.714076999089901668e-07,1.017788679459599716e-07,5.092283697296225480e-08,7.620128775954053174e-05,1.019436199458725035e-09,4.131611817806299133e-10,3.689573838041001446e-06,2.428755768710439566e-07,1.504727059201057178e-05,1.476545719216020088e-07,7.212688296170385316e-01,0.000000000000000000e+00,1.231635099346056806e-11,6.152462676733318349e-11,9.284175795070517013e-10,1.059131779437648447e-08
1.575000000000000011e-02,-1.250405529999999987e-01,0.000000000000000000e+00,2.074521670000000086e+03,1.552535939999999948e-01,6.676464531898890220e-02,3.431718425856026405e-02,6.474545138776114372e-01,3.084538193082790940e+02,-1.640375466666732507e+01,2.091980388404799437e-03,3.496359277333916646e-05,8.495552143521874959e-06,2.174358288341983578e-04,4.395768666648088821e-04,1.236608279057047344e-01,5.184790886046434133e-08,9.008128713131019070e-09,2.741282847909685801e-07,2.287814688255469434e-07,4.431709676620682251e-06,2.443681278136616414e-07,1.277632899025765028e-04,2.685927557951896228e-04,4.725920246396337482e-02,1.024047829219131428e-01,6.422987815102270241e-07,2.832880607839839682e-05,3.898177717027517308e-07,1.313356428998524534e-08,1.333042328983513465e-06,9.386877572842211243e-07,1.241419459053378759e-03,2.189291018330596667e-07,8.467514923543254595e-06,8.346763913635330328e-08,2.305829888241732522e-07,9.137437043032417409e-06,3.295076687487400884e-05,1.170283319107622260e-05,1.721058288687639257e-07,1.299333249009217527e-07,9.286681312918614148e-07,9.903863152447992666e-06,1.723701138685623929e-09,2.415124288158392160e-04,5.169039396058445487e-09,1.730181098680682623e-07,1.067554179185956468e-07,5.507539915800327602e-08,7.049482804624548286e-05,9.803113422524817453e-10,4.414594966633732730e-10,3.482684127344344136e-06,2.372189568191131009e-07,1.409708208925053183e-05,1.621439048763601876e-07,7.218038074496019307e-01,0.000000000000000000e+00,7.544956674246734005e-12,3.318571927469484353e-11,9.014428703126214418e-10,9.301615232907227624e-09
1.579687499999999842e-02,-1.258094790000000018e-01,0.000000000000000000e+00,2.080838420000000042e+03,1.549226740000000102e-01,6.618251347221104641e-02,3.434192111505095929e-02,7.939214519338724241e-01,2.869628633334395431e+02,-1.581410133333289814e+01,2.021292989047272087e-03,3.883267318169638483e-05,1.181128349443279947e-05,2.631347058759725193e-04,5.128189977582849101e-04,1.238935599416032818e-01,6.597468986890310332e-08,1.119912899472133665e-08,3.073638518551253552e-07,2.433064038853185199e-07,4.196208018022134476e-06,2.348852988892877923e-07,1.051151569504543953e-04,1.966887769072915495e-04,4.617891467823375534e-02,1.030464609514294833e-01,6.519212026927196343e-07,2.551394338797410795e-05,3.703131398254544554e-07,1.263892829404269339e-08,1.118140199472969393e-06,8.660739985917795383e-07,9.757512115400836976e-04,1.697935129199685405e-07,5.686332717319771111e-06,5.575531987371996210e-08,1.421141539330150735e-07,9.143614265690195033e-06,2.892010848636862870e-05,9.762511245398480876e-06,1.915723429097031544e-07,1.375195079351807427e-07,9.057765375730659502e-07,8.503435705991940809e-06,1.924563769092864795e-09,2.501081168821125749e-04,5.994248527174635497e-09,1.726892219186036576e-07,1.101626939480752593e-07,5.877163487229823368e-08,6.454346096957770337e-05,8.942730815784881081e-10,4.581801727840386301e-10,3.222086898481282578e-06,2.295584578917985724e-07,1.304457739385149348e-05,1.761202439169864597e-07,7.223267246595342916e-01,0.000000000000000000e+00,4.264811367989798866e-12,1.659284689217902968e-11,8.485799246000253522e-10,7.787299606329488501e-09
1.584375000000000019e-02,-1.265507650000000095e-01,0.000000000000000000e+00,2.086736649999999827e+03,1.546266109999999971e-01,6.562102721447440890e-02,3.436468561721980897e-02,9.823048393604807416e-01,2.669192565769046723e+02,-1.519443200000062077e+01,1.948181588431977191e-03,4.296439426541946987e-05,1.631834568686593790e-05,3.206753057418997087e-04,5.971007185194145790e-04,1.241292839000927156e-01,8.409854243231203442e-08,1.385962678884487372e-08,3.292355327350098693e-07,2.496528777990632176e-07,3.849080546902010119e-06,2.188595848238476062e-07,8.393568593244311708e-05,1.402398888871258620e-04,4.500509556377698533e-02,1.037168269165219675e-01,6.435632864820184805e-07,2.238585478198241213e-05,3.409688257255661872e-07,1.179810499050411998e-08,9.125599502655125797e-07,7.743271443767713082e-07,7.451886284002239274e-04,1.260865968985173300e-07,3.644556297066625051e-06,3.509144577175612927e-08,8.281975683334127982e-08,8.859714152869127533e-06,2.468519118013175870e-05,7.926036263620612514e-06,2.054591528346331616e-07,1.423239328854484748e-07,8.657358243031996397e-07,7.173200214226542693e-06,2.139947338277631684e-09,2.586929307917871612e-04,6.966461214392940096e-09,1.702637658629606769e-07,1.116524409101348711e-07,6.168466555035218163e-08,5.840084575299521534e-05,7.692611023808487570e-10,4.594701236301886523e-10,2.912118797656137910e-06,2.197949588230947608e-07,1.190620159041711680e-05,1.887932138480469717e-07,7.228379474182131670e-01,0.000000000000000000e+00,2.203589258226408405e-12,7.625428103862561336e-12,7.702213723800758891e-10,6.170739145033389093e-09
1.589062499999999850e-02,-1.272630040000000129e-01,0.000000000000000000e+00,2.092193440000000010e+03,1.543664459999999905e-01,6.507950505097279126e-02,3.438484125211037357e-02,1.213341019188854952e+00,2.488022438661883200e+02,-1.456098133333231992e+01,1.872902830174701626e-03,4.730546400441257868e-05,2.234041380208387945e-05,3.930989570366676708e-04,6.931785460646586834e-04,1.243653870116006033e-01,1.071403580099938838e-07,1.704355180158979781e-08,3.347990700312295968e-07,2.457702460229250547e-07,3.404469540317563468e-06,1.967736440183547454e-07,6.483193740604742839e-05,9.714136460906120187e-05,4.373960810407996613e-02,1.044117760097393738e-01,6.147773870573454548e-07,1.905116530177706553e-05,3.029585560282595178e-07,1.063588640099209918e-08,7.221436780673604880e-07,6.678536340622964560e-07,5.510492620514010481e-04,8.924112200832428646e-08,2.217540450206848762e-06,2.067652370192867334e-08,4.536165830423126846e-08,8.268359540771261281e-06,2.040888100190370831e-05,6.241419930582190472e-06,2.115722300197351239e-07,1.436965240134037803e-07,8.092003110754809949e-07,5.937160050553809851e-06,2.367180080220807213e-09,2.671267590249172086e-04,8.105549250756072200e-09,1.657423540154601940e-07,1.110046480103543432e-07,6.347631630592097074e-08,5.214538510486404376e-05,6.214007700579632980e-10,4.427477380412988749e-10,2.562229830239000729e-06,2.079195690193944306e-07,1.070580900099862102e-05,1.992593410185865934e-07,7.233380070674718665e-01,0.000000000000000000e+00,1.030928050096163397e-12,3.193087500297846261e-12,6.705243350625454558e-10,4.594946970428609512e-09
1.593750000000000028e-02,-1.279455499999999912e-01,0.000000000000000000e+00,2.097197239999999965e+03,1.541423160000000014e-01,6.455668356237936889e-02,3.440160448505599072e-02,1.480298339860110612e+00,2.330523515154289385e+02,-1.393290666666748834e+01,1.795840199830066276e-03,5.178270459509999775e-05,3.022494869713992393e-05,4.840112109541998124e-04,8.014939299241575534e-04,1.245981969882097307e-01,1.360958219871217568e-07,2.079149919803257838e-08,3.212281129696033848e-07,2.308118289781591273e-07,2.889711679726557501e-06,1.698935069839236166e-07,4.827331479543207524e-05,6.523275089382727548e-05,4.238809289598897273e-02,1.051254849900523647e-01,5.653204459465058053e-07,1.565256979851885574e-05,2.585870919755308337e-07,9.217583149127774958e-09,5.520593329477606697e-07,5.531819999476544060e-07,3.931856339627943131e-04,5.998635229432371135e-08,1.274737549879376471e-06,1.133284919892761447e-08,2.321304969780343356e-08,7.392773829300448949e-06,1.627630979845983268e-05,4.750178189550508137e-06,2.086915299802522897e-07,1.412748299866316676e-07,7.383173129301357731e-07,4.816129579544267137e-06,2.602530639753732268e-09,2.752485969739542834e-04,9.429322679107738689e-09,1.593148729849246235e-07,1.081714839897641412e-07,6.385311779395780686e-08,4.587911679565863344e-05,4.707880779554510757e-10,4.076523099614253479e-10,2.186917529793060148e-06,1.940408739816386317e-07,9.473819269103527069e-06,2.065939809804507583e-07,7.238275909315069478e-01,0.000000000000000000e+00,4.327669259590488479e-13,1.208288319885664185e-12,5.572759619472670766e-10,3.192907149697866709e-09
1.598437499999999858e-02,-1.285986550000000062e-01,0.000000000000000000e+00,2.101750000000000000e+03,1.539533270000000009e-01,6.405068063708632686e-02,3.441406827421845255e-02,1.765711089580521698e+00,2.232511299477902753e+02,-1.347985066666572607e+01,1.717501889118231697e-03,5.630498017109292609e-05,4.031164777930392579e-05,5.975626516932102967e-04,9.220467865266195918e-04,1.248230379359156345e-01,1.719783649117060073e-07,2.512398438710130171e-08,2.890181958516175597e-07,2.055764028944566971e-07,2.342008208797608896e-06,1.401537039280448527e-07,3.452881418227284928e-05,4.240234787823056066e-05,4.096022927897094434e-02,1.058504629456561846e-01,4.977152317444720782e-07,1.235238319365826489e-05,2.110223648916607496e-07,7.643287926075922653e-09,4.061072217915038552e-07,4.381282387750641913e-07,2.698080178614801062e-04,3.824821838036329763e-08,6.909455236452673587e-07,5.749056367048424524e-09,1.107259439431531112e-08,6.298740516766215362e-06,1.246876169359851582e-05,3.481438078212623575e-06,1.969890518988654784e-07,1.350788689306502521e-07,6.565956246629026997e-07,3.825694658035881543e-06,2.841304158541269495e-09,2.828870928547652761e-04,1.095156719437744699e-08,1.513654089222887311e-07,1.032959219469676863e-07,6.263069896784528612e-08,3.972250557960639556e-05,3.355246038277410755e-10,3.565446468169493165e-10,1.804527279073552320e-06,1.784059129084060839e-07,8.245104145766949530e-06,2.099928148921893391e-07,7.243075246281391877e-01,0.000000000000000000e+00,1.628371469163991272e-13,4.146282797871291063e-13,4.406364457737765132e-10,2.057051548943906379e-09
1.600781249999999947e-02,-1.289145889999999961e-01,0.000000000000000000e+00,2.103862939999999981e+03,1.538713329999999990e-01,6.380305641735592448e-02,3.441831900740784100e-02,1.920671096033262693e+00,2.174234639532214430e+02,-1.318732799999909133e+01,1.678081057537140954e-03,5.854436081407655409e-05,4.628605383206762537e-05,6.646053080245828068e-04,9.867162515518319941e-04,1.249304408166440894e-01,1.928808687169156794e-07,2.751119595962280985e-08,2.674052826075389030e-07,1.899078747212790495e-07,2.069468036962716403e-06,1.249511838166136321e-07,2.872311875784411373e-05,3.366569035059007890e-05,4.022250424096688454e-02,1.062139378441136206e-01,4.589359413264362262e-07,1.079725778415325294e-05,1.871491117253280070e-07,6.835070199968413814e-09,3.429048904967308090e-07,3.825483614385475279e-07,2.198218196773754347e-04,2.979096605627686997e-08,4.933192852759730486e-07,3.955593254194518103e-09,7.373501529178176846e-09,5.703589241629047484e-06,1.074246628423366859e-05,2.934116045693703538e-06,1.884192307234638916e-07,1.307255458081388281e-07,6.133048340998745862e-07,3.382852875035108762e-06,2.959982005655740903e-09,2.864625125795692531e-04,1.179110128269462591e-08,1.470242887842177442e-07,1.002159538529166536e-07,6.141577010986228916e-08,3.673361764608738751e-05,2.776090275925632642e-10,3.266062115206518153e-10,1.618141297625112223e-06,1.700795347503804019e-07,7.645427198779081718e-06,2.100572946917064746e-07,7.245442299366124939e-01,0.000000000000000000e+00,9.400588986203094450e-14,2.278154336656434730e-13,3.836995054368580655e-10,1.601227697649935783e-09
1.603125000000000036e-02,-1.292236669999999865e-01,0.000000000000000000e+00,2.105870069999999942e+03,1.537973290000000104e-01,6.355868551498289332e-02,3.442111672488919888e-02,2.072271750115387334e+00,2.123278929692710904e+02,-1.290615466666691979e+01,1.638579468340363486e-03,6.075472903846452057e-05,5.291924194640069837e-05,7.391043682513974509e-04,1.054201118932251470e-03,1.250337358733594750e-01,2.158737297813520944e-07,3.004089526957305338e-08,2.430291697538476527e-07,1.727608088250190499e-07,1.804226898172587172e-06,1.099230448886643504e-07,2.361927357607719607e-05,2.647700057318274757e-05,3.947098936002177427e-02,1.065767838920536059e-01,4.178794965767504035e-07,9.326150040553999988e-06,1.638159758340788534e-07,6.034093853888362421e-09,2.863214407099990783e-07,3.296981256660649624e-07,1.770912128206330130e-04,2.286343447684274674e-08,3.459341556496202844e-07,2.662816907302963344e-09,4.813711945124427192e-09,5.093425184841119912e-06,9.150095280732318105e-06,2.445777957522791622e-06,1.783618548193460267e-07,1.256252028727604148e-07,5.690629614236240294e-07,2.975273986986490986e-06,3.077422656883029770e-09,2.898559087064191890e-04,1.268312748715388286e-08,1.425193758556491162e-07,9.676137950199514861e-08,5.981055173942083037e-08,3.382089216574447790e-05,2.270895117699921593e-10,2.947426457014696354e-10,1.437442578544085122e-06,1.614712668364536803e-07,7.059934502849338526e-06,2.089724577883420511e-07,7.247788632659071251e-01,0.000000000000000000e+00,5.266309034666013995e-14,1.219187688765144531e-13,3.295696146661951119e-10,1.219799428764525116e-09
1.605468750000000125e-02,-1.295261550000000039e-01,0.000000000000000000e+00,2.107775180000000091e+03,1.537309470000000067e-01,6.331719514756369016e-02,3.442233234412166859e-02,2.219636507733989017e+00,2.079619281058171509e+02,-1.263761066666804211e+01,1.599085288060423044e-03,6.292165772368049463e-05,6.024057652693244890e-05,8.217004420033357029e-04,1.124355058636236984e-03,1.251321618482235387e-01,2.410631597076074468e-07,3.270877156032657677e-08,2.169208947368903414e-07,1.547145098123422480e-07,1.551497258118143834e-06,9.538526858430443290e-08,1.919262297672070833e-05,2.061652827499361174e-05,3.870780535305017728e-02,1.069377328702921098e-01,3.756474085443662903e-07,7.957231690348442454e-06,1.414686988284084901e-07,5.256448543624300218e-09,2.363302807133481286e-07,2.803064716600081354e-07,1.410035518289726858e-04,1.728405257903567119e-08,2.378975927114470925e-07,1.751492717875563651e-09,3.073709986271807524e-09,4.484583334560519094e-06,7.702971250656842164e-06,2.015652727555156159e-06,1.671864927972146353e-07,1.198871848545853569e-07,5.245233383637903538e-07,2.602817696842966888e-06,3.192872736127272062e-09,2.930500986445509640e-04,1.362795468347025804e-08,1.379346938326950042e-07,9.299466428720406230e-08,5.784182392984196783e-08,3.099986166239936960e-05,1.841124767766846281e-10,2.619547056822675449e-10,1.264719128465985513e-06,1.526467638148502919e-07,6.492641222124886672e-06,2.067286867492527578e-07,7.250115441206124167e-01,0.000000000000000000e+00,2.851428356541420020e-14,6.321101252332952664e-14,2.791277536614377984e-10,9.086512898978704066e-10
1.607812499999999867e-02,-1.298223490000000035e-01,0.000000000000000000e+00,2.109582579999999780e+03,1.536717840000000057e-01,6.307820048341417074e-02,3.442184017982326261e-02,2.361094492541330414e+00,2.024628412018882102e+02,-1.225582933333307700e+01,1.559687577838855463e-03,6.503089620989147457e-05,6.827300920539909937e-05,9.130474247348572582e-04,1.196997708341408307e-03,1.252249618264849595e-01,2.685439926278982941e-07,3.550881725079804004e-08,1.901753907364879536e-07,1.363965218110053636e-07,1.315885788176673795e-06,8.163142658688933804e-08,1.540637257865252183e-05,1.588225017799313043e-05,3.793516504743603412e-02,1.072954928513285278e-01,3.334182405380068452e-07,6.705517730708656720e-06,1.205109728330167926e-07,4.517356983740630661e-09,1.927763237328839936e-07,2.349854046743979902e-07,1.109024758463305900e-04,1.286074048217981660e-08,1.599251357784034901e-07,1.122068728445231695e-09,1.908570857355433542e-09,3.893208504605467395e-06,6.408031391120861799e-06,1.641949177724871620e-06,1.552829657848358278e-07,1.136354318425437387e-07,4.803247613344492797e-07,2.264878996861723622e-06,3.305584715419694163e-09,2.960303605898124816e-04,1.462552537973448428e-08,1.333556508152188603e-07,8.898260317670334084e-08,5.554790272303135118e-08,2.828498296080758011e-05,1.483641137944227430e-10,2.292914426822877106e-10,1.101977528473070658e-06,1.436775138009166403e-07,5.947133961759493831e-06,2.033472967182366008e-07,7.252423909950849179e-01,0.000000000000000000e+00,1.471882897960519915e-14,3.117231805680680821e-14,2.330634996770610361e-10,6.611374330839104572e-10
1.612500000000000044e-02,-1.303968410000000133e-01,0.000000000000000000e+00,2.112918569999999818e+03,1.535737839999999910e-01,6.260657317222832752e-02,3.441538528821268261e-02,2.610369505383184574e+00,1.978055567738390152e+02,-1.180064000000041879e+01,1.481448479431085987e-03,6.903489157348884151e-05,8.651913436677445080e-05,1.123861009568408870e-03,1.349088659481915498e-03,1.253914999518464524e-01,3.305964458730425008e-07,4.147511428407249919e-08,1.380143679469989704e-07,1.011732359611469010e-07,9.093190546507982852e-07,5.745583497793549198e-08,9.612700436308477313e-06,9.233426026454127973e-06,3.636860038603353246e-02,1.079974529585262244e-01,2.530742959028130231e-07,4.586535858238653542e-06,8.414528686768606749e-08,3.211168688766829157e-09,1.241046559523406669e-07,1.592827449388313692e-07,6.657858627443213060e-05,6.977665847320398737e-09,7.060056237288759122e-08,4.369043328322175783e-10,7.095062487275315276e-10,2.812501958919927624e-06,4.280495758356180742e-06,1.056652399594218596e-06,1.304385749499082593e-07,9.999140396160074889e-08,3.948040448483852025e-07,1.689244189351287174e-06,3.520580298648007564e-09,3.013147358842874343e-04,1.677630369355747071e-08,1.244668639522015686e-07,8.042007336911664443e-08,5.013896838074535923e-08,2.321239879108584790e-05,9.601977716312595137e-11,1.678139709355551710e-10,8.112402386884631054e-07,1.255335539517919017e-07,4.930558398106539730e-06,1.933114489257634820e-07,7.256988747213131141e-01,0.000000000000000000e+00,3.769995338552225842e-15,7.469192067131640820e-15,1.569767229397169499e-10,3.321622628724412412e-10
1.617187499999999875e-02,-1.309499960000000129e-01,0.000000000000000000e+00,2.115919710000000123e+03,1.534996499999999875e-01,6.214040187842469198e-02,3.440079091071188838e-02,2.818709618389157345e+00,1.960568101139182886e+02,-1.149486933333277783e+01,1.404596769616049418e-03,7.265587108013930916e-05,1.076939429705615529e-04,1.377447539623470650e-03,1.508354059587686943e-03,1.255273419656867118e-01,4.025173258899707594e-07,4.786532678691587254e-08,9.299934307457836378e-08,7.041492478075187912e-08,5.946049398374630764e-07,3.825753588954219390e-08,5.726052168434767011e-06,5.178642468584402926e-06,3.479068349048986680e-02,1.086716299702942951e-01,1.832093019499191968e-07,2.980995329185136225e-06,5.565100868478763333e-08,2.162948699408751420e-09,7.626139547915372749e-08,1.023329779720269819e-07,3.820024978955785321e-05,3.643602589004010715e-09,2.958345479191327751e-08,1.560218589573509699e-10,2.437028969333831202e-10,1.919028359475427975e-06,2.725362949255014036e-06,6.502330558222569002e-07,1.065595439708716316e-07,8.577144217655412758e-08,3.165216249134779103e-07,1.235575999662251805e-06,3.716565688984066026e-09,3.056448829164510944e-04,1.913032649477066981e-08,1.165510649681404241e-07,7.163754498041767015e-08,4.401430728796855867e-08,1.869469229488975064e-05,6.304045578276770269e-11,1.154000509684550608e-10,5.738228718431438727e-07,1.076922069705620240e-07,4.029571818898504996e-06,1.795467989509203684e-07,7.261492858015049512e-01,0.000000000000000000e+00,8.611881017645917613e-16,1.612212819559297044e-15,1.005215509725221483e-10,1.549220259576516223e-10
1.619531249999999964e-02,-1.312194070000000101e-01,0.000000000000000000e+00,2.117306849999999940e+03,1.534704729999999961e-01,6.190834884315837144e-02,3.439017043005346969e-02,2.902790074593533998e+00,1.953584410403777838e+02,-1.130158933333267512e+01,1.366900917840137330e-03,7.429284878260865050e-05,1.193544058114061356e-04,1.522260827594650685e-03,1.589899567487773439e-03,1.255820678015656944e-01,4.422365003012147934e-07,5.119040961911318794e-08,7.414109928284841879e-08,5.714611810970247844e-08,4.690319992588748255e-07,3.043952635190200288e-08,4.320026993173853635e-06,3.795938454001975167e-06,3.400323154627093308e-02,1.089948928277753720e-01,1.529810197582721807e-07,2.349633936287304458e-06,4.413642593025930647e-08,1.731479037264061417e-09,5.847795360759802553e-08,7.985769957381552790e-08,2.825800125534906515e-05,2.562578645950827279e-09,1.831566887105910967e-08,8.845362506023297318e-11,1.344852197874976875e-10,1.546309427556650909e-06,2.129115816635748903e-06,4.987710852118836280e-07,9.554495924902784176e-08,7.874882317556768783e-08,2.809105015561287026e-07,1.048689978342947840e-06,3.805836873986333998e-09,3.074509935141916169e-04,2.038097756779568009e-08,1.131444068212186662e-07,6.731874039362853756e-08,4.082385043549356646e-08,1.666073237367409932e-05,5.153628541856666832e-11,9.315663915280165901e-11,4.751912182491424924e-07,9.907629164344791997e-08,3.624891584272248861e-06,1.715587687289171541e-07,7.263724868522468681e-01,0.000000000000000000e+00,3.688323964172018618e-16,6.641729809505293281e-16,7.849775577596439699e-11,1.012224038400568144e-10
1.621875000000000053e-02,-1.314842880000000047e-01,0.000000000000000000e+00,2.118621959999999945e+03,1.534462329999999874e-01,6.167670947176081414e-02,3.437726528350139310e-02,2.975815459340802160e+00,1.951071878214573303e+02,-1.111705599999937100e+01,1.329752997603751577e-03,7.580623566339525065e-05,1.317106927626540160e-04,1.679688736973158642e-03,1.672423506986250646e-03,1.256275447736160122e-01,4.844324671270405488e-07,5.458765620163166845e-08,5.791504209563563757e-08,4.554498671792678654e-08,3.641292263438299601e-07,2.383449375704964142e-08,3.215898494204869987e-06,2.752616045039716727e-06,3.321864354013916859e-02,1.093078308030245305e-01,1.263814037722575450e-07,1.824646476711941038e-06,3.446121253790002261e-08,1.364834547540533683e-09,4.423776382028243185e-08,6.136509108941856151e-08,2.062870146282655843e-05,1.783813866785522309e-09,1.116339367988328369e-08,4.903457281163846429e-11,7.275203796889899884e-11,1.225653417791341670e-06,1.640991027042892688e-06,3.775006143197343864e-07,8.527729574632815588e-08,7.188630207045906883e-08,2.478825945533093503e-07,8.861624614031129016e-07,3.888845982992201942e-09,3.090217454431349892e-04,2.167920056093353305e-08,1.101536748015002977e-07,6.309557968630017979e-08,3.761178123222261824e-08,1.477904717336778530e-05,4.249231632342777394e-11,7.387072056688310851e-11,3.895084732980959525e-07,9.073062643650111831e-08,3.250797334141981075e-06,1.629835087062996018e-07,7.265943986906585605e-01,0.000000000000000000e+00,1.541455367222258593e-16,2.679226085171967405e-16,6.046030089104902011e-11,6.474360778333039393e-11
1.624218750000000142e-02,-1.317448439999999998e-01,0.000000000000000000e+00,2.119868059999999787e+03,1.534266639999999904e-01,6.144521910560313271e-02,3.436201516233348269e-02,3.036858378008795878e+00,1.952485829613394230e+02,-1.093969066666746670e+01,1.293205770404036101e-03,7.718948992411629978e-05,1.447378910452204437e-04,1.850328570578097832e-03,1.755640200548514362e-03,1.256633880392609703e-01,5.290662961652961198e-07,5.804486051813494711e-08,4.433253261385080573e-08,3.565360511113925189e-08,2.782314070869278075e-07,1.836540820573790087e-08,2.361503360737804319e-06,1.973963540616725065e-06,3.243850951013475814e-02,1.096094600342452791e-01,1.034782170323296874e-07,1.395837480436101320e-06,2.648784660827559404e-08,1.059174670330917836e-09,3.300592751031203678e-08,4.642226931450370399e-08,1.485620230464152248e-05,1.229494100384130605e-09,6.702421252094036348e-09,2.650626670828134861e-11,3.846202951201668617e-11,9.557605042986080240e-07,1.247514950389760875e-06,2.818688550880642663e-07,7.583500202369311073e-08,6.526667742039125721e-08,2.175587320679718563e-07,7.456883692329753154e-07,3.965227681238855552e-09,3.103638500969669103e-04,2.302370220719329092e-08,1.076172640336228354e-07,5.900980861843642536e-08,3.442720601075608824e-08,1.304951460407705818e-05,3.533205961103879209e-11,5.755311481798130957e-11,3.160559720987452868e-07,8.270955052584093848e-08,2.906808420908173804e-06,1.539613560481021332e-07,7.268150802270786359e-01,0.000000000000000000e+00,6.240502591949717910e-17,1.050091900328080248e-16,4.592450771434818691e-11,4.055591141267087400e-11
1.626562499999999883e-02,-1.320012429999999903e-01,0.000000000000000000e+00,2.121047540000000026e+03,1.534115510000000071e-01,6.121364487353304212e-02,3.434437110794212600e-02,3.085731027148133077e+00,1.957302300692838060e+02,-1.076753066666646852e+01,1.257303988661895170e-03,7.843754181652166978e-05,1.584052778314147742e-04,2.034750787834485684e-03,1.839268308042530959e-03,1.256892858662332912e-01,5.760795343868985622e-07,6.154990263449458692e-08,3.325177886461129721e-08,2.740703117083165138e-08,2.091755917773817110e-07,1.392065888518472854e-08,1.709800008180319497e-06,1.399059268511029933e-06,3.166423496630085821e-02,1.098988778830384677e-01,8.414629391044603773e-08,1.051533748880889314e-06,2.003407487867843535e-08,8.089079581391074536e-10,2.427705927416277234e-08,3.455292876322652342e-08,1.054851728877358156e-05,8.387537711073435490e-10,3.964250785780985799e-09,1.395198648515138806e-11,1.982758837889819103e-11,7.330399392198512613e-07,9.351273270047766055e-07,2.075238127791396622e-07,6.725006942842809558e-08,5.895484953725641084e-08,1.899741577978171216e-07,6.249858603348493862e-07,4.034691015706019255e-09,3.114862086684960893e-04,2.441320517401787731e-08,1.055637568876521672e-07,5.509498524136433113e-08,3.131204106667568661e-08,1.146995708779292465e-05,2.960156636849608259e-11,4.404472115312474304e-11,2.539007547297823049e-07,7.505784182011855653e-08,2.592043137241378991e-06,1.446280418460774209e-07,7.270345772262425399e-01,0.000000000000000000e+00,2.437753217405584291e-17,3.979230375765043451e-17,3.438855256340146650e-11,2.487480837352660854e-11
1.628906249999999972e-02,-1.322536069999999953e-01,0.000000000000000000e+00,2.122162150000000111e+03,1.534007320000000119e-01,6.098178518905107703e-02,3.432429402075730385e-02,3.122219322487297166e+00,1.965034180505503514e+02,-1.059886933333310033e+01,1.222084499034393036e-03,7.954678553714760478e-05,1.726765648635628775e-04,2.233495658235245662e-03,1.923031818480552824e-03,1.257049929006765765e-01,6.253940725058567232e-07,6.509077774856974329e-08,2.442902408069786877e-08,2.067437988366453025e-08,1.546134138778351404e-07,1.037156609180510429e-08,1.219490159036442869e-06,9.788503352265798356e-07,3.089704157558728972e-02,1.101752619129471034e-01,6.812761244617025901e-08,7.795984073840150504e-07,1.489840878822830510e-08,6.074676165200209900e-10,1.758941528610205669e-08,2.527548708002905200e-08,7.375848654172112287e-06,5.654242425532407828e-10,2.304623618179045267e-09,7.133013274363984531e-12,9.927296322156135905e-12,5.526262135633528449e-07,6.907670114542035187e-07,1.505010078810844967e-07,5.951778755297315009e-08,5.299973365812326773e-08,1.650962998695522818e-07,5.218378585876797488e-07,4.097019436762817889e-09,3.123994727531634818e-04,2.584644177957792365e-08,1.040122219178167109e-07,5.137699835940543338e-08,2.830186497763781823e-08,1.003636659206995486e-05,2.495268488028410876e-11,3.308808447385607935e-11,2.019661298404202816e-07,6.781157454641996351e-08,2.305301218178509812e-06,1.351159358932407182e-07,7.272529314253748378e-01,0.000000000000000000e+00,9.134416772782613027e-18,1.447356168856398837e-17,2.536547797995794603e-11,1.490493398822314838e-11
1.631250000000000061e-02,-1.325020179999999992e-01,0.000000000000000000e+00,2.123213069999999789e+03,1.533940920000000097e-01,6.074946800133202568e-02,3.430175665904236504e-02,3.145168762773092652e+00,1.979738558913041686e+02,-1.034933333333376915e+01,1.187576468778564443e-03,8.051505361718938039e-05,1.875097728071441346e-04,2.447070287483161383e-03,2.006659587936128215e-03,1.257103378707055408e-01,6.769112453037892741e-07,6.865558052938697738e-08,1.756612238193304787e-08,1.529105248427298336e-08,1.122292988845709338e-07,7.585708942198014197e-09,8.551994781204179035e-07,6.742962263064788783e-07,3.013797366900276137e-02,1.104378698864134228e-01,5.508967564333965980e-08,5.683003004154968216e-07,1.087796798881188881e-08,4.479364415392924077e-10,1.253450878710811884e-08,1.812797608135517620e-08,5.066087894789472824e-06,3.750457646142612959e-10,1.302526578660336862e-09,3.497712806402563782e-12,4.732103665132978993e-12,4.092009715791322681e-07,5.023462074833313466e-07,1.073288498896110991e-07,5.260728504589282480e-08,4.743703435121048625e-08,1.428422778530851318e-07,4.341253625534972735e-07,4.152069895729549893e-09,3.131155736779571755e-04,2.732219357189882195e-08,1.029728608940912788e-07,4.787553655075947921e-08,2.542705647384798989e-08,8.743173841007548621e-06,2.112504727827265647e-11,2.438169167492316171e-11,1.591021568363616830e-07,6.099970213726112786e-08,2.045146937896543743e-06,1.255581168708620907e-07,7.274701732517888653e-01,0.000000000000000000e+00,3.132947866777728239e-18,4.776307565087515024e-18,1.840238288107294582e-11,8.643792101109764844e-12
1.635937499999999892e-02,-1.329871430000000021e-01,0.000000000000000000e+00,2.125126069999999800e+03,1.533931000000000044e-01,6.028309843317891659e-02,3.424927754713000261e-02,3.178994073131560238e+00,2.007297021091335694e+02,-1.001386666666647329e+01,1.120760118835390689e-03,8.202690391476384353e-05,2.187099547727331609e-04,2.919915076965845079e-03,2.172682387742313082e-03,1.256897058693927927e-01,7.861209271831225695e-07,7.581733502121636956e-08,8.753906860903603094e-09,8.126890701555149659e-09,5.782843713990906121e-08,3.966745525878058421e-09,4.147891055689825302e-07,3.191122536684026689e-07,2.864703067023217226e-02,1.109198218847405187e-01,3.711997246142773129e-08,2.952553556931929670e-07,5.677280304100599982e-09,2.384460027522249631e-10,6.260077483495001559e-09,9.177837360463085120e-09,2.366768477540633010e-06,1.673924858260583963e-10,4.458364615367205100e-10,8.519735991146935026e-13,1.123153468832903953e-12,2.188422787725956631e-07,2.604064477294053391e-07,5.387919734401281854e-08,4.110209765728981229e-08,3.756492906096536818e-08,1.058558278900026370e-07,2.989272616893774124e-07,4.240121015593986515e-09,3.139960756737190614e-04,3.039754646841316994e-08,1.024318218935605989e-07,4.156731665680638629e-08,2.018140067902901688e-08,6.556576553186901216e-06,1.529526788410631595e-11,1.286742628662914452e-11,9.702702639917686367e-08,4.875627934933616325e-08,1.599627988337787625e-06,1.067610588890619917e-07,7.279013312436199978e-01,0.000000000000000000e+00,4.277203465555453689e-19,6.260313003494756394e-19,9.520512880107004453e-12,3.020609046861211313e-12
1.640625000000000069e-02,-1.334565430000000108e-01,0.000000000000000000e+00,2.126784900000000107e+03,1.534085289999999879e-01,5.981349409207838835e-02,3.418684366621106002e-02,3.176011591820024460e+00,2.039701560033673218e+02,-9.667200000000040205e+00,1.056980229366967592e-03,8.297667715030471408e-05,2.515874788493225548e-04,3.456994087929583445e-03,2.335310178601366932e-03,1.256269179247611889e-01,9.026773754593805244e-07,8.295006145032065378e-08,4.091466407549592899e-09,4.077551547557927421e-09,2.831508798304190477e-08,1.968529158821034782e-09,1.923747678847854727e-07,1.455019229128578990e-07,2.719718788371142115e-02,1.113398309333178265e-01,2.629665038425076061e-08,1.462035839124377075e-07,2.814469668314395418e-09,1.205903429277776375e-10,2.988458458210192088e-09,4.407768567360158137e-09,1.056519869367243140e-06,7.215906415678345341e-11,1.506081309097997776e-10,1.899711108862250332e-13,2.416671488552639625e-13,1.111713829334187069e-07,1.291513029226504106e-07,2.587892998450093539e-08,3.215516768074205869e-08,2.933103258243344677e-08,7.740733795364022725e-08,2.039047478778800944e-07,4.298781647425430976e-09,3.142475778117950216e-04,3.363029877985858884e-08,1.038744069377889257e-07,3.617152777833662905e-08,1.566327279061916004e-08,4.837552197102757999e-06,1.106326969337413365e-11,6.418879656155689912e-12,5.757409756551848772e-08,3.833995037703795119e-08,1.239867709257434964e-06,8.893800244673443355e-08,7.283283005637992691e-01,0.000000000000000000e+00,5.093419056949517329e-20,7.075579795762387858e-20,4.700901187184598791e-12,1.018933439389754034e-12
1.645312499999999900e-02,-1.339096929999999963e-01,0.000000000000000000e+00,2.128181439999999839e+03,1.534408640000000101e-01,5.934011442821857801e-02,3.411451122613458342e-02,3.151924965858285521e+00,2.066949768843914512e+02,-9.393706666666071570e+00,9.962613735803027819e-04,8.338457186487239136e-05,2.857145058796363673e-04,4.060819208289289696e-03,2.492917588949802865e-03,1.255223309471208970e-01,1.025449339568006634e-06,8.998478066209189674e-08,1.814772209235486644e-09,1.951457179177904947e-09,1.331441739439100409e-08,9.370510426052463530e-10,8.633363076363003856e-08,6.471826037273597599e-08,2.579182878913461457e-02,1.116945979529461591e-01,2.000968959157046922e-08,6.965999937065417914e-08,1.340075009435463594e-09,5.858701577531891214e-11,1.378323219419350359e-09,2.036126089142236280e-09,4.568884058075255254e-07,3.041558968718675287e-11,5.221232697800438764e-11,4.100211998272693650e-14,5.032246417880053551e-14,5.414316917719097586e-08,6.183273147395158022e-08,1.202638759493361546e-08,2.525924618935897701e-08,2.262096889047041236e-08,5.596417967642383394e-08,1.381514409418006200e-07,4.328861408176370072e-09,3.139737458677315613e-04,3.701334398440730046e-08,1.071623159548554717e-07,3.163321508667379956e-08,1.189829719498757716e-08,3.514600798519395860e-06,7.933922266657657627e-12,3.057363818712017338e-12,3.344045678591245940e-08,2.967485528749880408e-08,9.522954745988242000e-07,7.260641706941291970e-08,7.287511706929972188e-01,0.000000000000000000e+00,6.082998637437401260e-21,7.997091776631046450e-21,2.235751149058139659e-12,3.478703318534518347e-13
1.647656249999999989e-02,-1.341298579999999907e-01,0.000000000000000000e+00,2.128776589999999942e+03,1.534636980000000095e-01,5.910184888109513285e-02,3.407466963897672063e-02,3.120351299540196965e+00,2.085324257479571770e+02,-9.206570666666287650e+00,9.670388039095553865e-04,8.339639059220015701e-05,3.030870709716530407e-04,4.388557099589549676e-03,2.569330769759696834e-03,1.254546159882665435e-01,1.088787129898168603e-06,9.344582509126024518e-08,1.155531419891926121e-09,1.294241159878953147e-09,8.768279569179924649e-09,6.205554049419610572e-10,5.561808869479818765e-08,4.156811649611224232e-08,2.510655259765184888e-02,1.118465769895392870e-01,1.784182949833129758e-08,4.630331979566937247e-08,8.878235869169641719e-10,3.921866869633197602e-11,9.009541269157361826e-10,1.323087969876255106e-09,2.879085119730726546e-07,1.890651359823172336e-11,2.927137179726232594e-11,1.732083929838002618e-14,2.026012599810512106e-14,3.631033699660398397e-08,4.130991919613638962e-08,7.877203309263265086e-09,2.242057739790306110e-08,1.976931169815102796e-08,4.731985419557429857e-08,1.131291779894193315e-07,4.333687969594681094e-09,3.136748179706627801e-04,3.875821439637504067e-08,1.094349339897648367e-07,2.964872499722703385e-08,1.027847189903867981e-08,2.975316389721726460e-06,6.676315589375581398e-12,2.024198449810681978e-12,2.508458169765390398e-08,2.593467569757439656e-08,8.310152439222773076e-07,6.507751409391347379e-08,7.289611199318222212e-01,0.000000000000000000e+00,1.687989359842126902e-21,2.070410169806359814e-21,1.485652729861050859e-12,1.924858749819972980e-13
1.650000000000000078e-02,-1.343456369999999900e-01,0.000000000000000000e+00,2.129301370000000134e+03,1.534910889999999972e-01,5.886252662690794751e-02,3.403241373478493870e-02,3.084949732692702007e+00,2.112872763150663502e+02,-8.918506666666999649e+00,9.385647255433297561e-04,8.328548967073934025e-05,3.205956895024294519e-04,4.733649632653286025e-03,2.643959715896524332e-03,1.253767988054128313e-01,1.153223848210174638e-06,9.686130814966941335e-08,7.164647368880330531e-10,8.372605917005557506e-10,5.640571521245725980e-09,4.013392183771138979e-10,3.506077234558501429e-08,2.616679445938863906e-08,2.443312236207932989e-02,1.119813968262027420e-01,1.616998607490387531e-08,3.011741655325720289e-08,5.746667151081063942e-10,2.565584476018164234e-11,5.763537031054881243e-10,8.382088496990839861e-10,1.771661907250346999e-07,1.147770758218637975e-11,1.607083747505775599e-11,7.048087049061235258e-15,7.674261028089400974e-15,2.378321216308800494e-08,2.705869655800439122e-08,5.043114952172989713e-09,1.994289646904824853e-08,1.723453347325167924e-08,3.990108043807276802e-08,9.246711755648928187e-08,4.331953723276725599e-09,3.132787075137855189e-04,4.053798743708427509e-08,1.121035598260131472e-07,2.784693265678103510e-08,8.832372796291989854e-09,2.509013746105963109e-06,5.596387521314300418e-12,1.307637127970522534e-12,1.867870517101029410e-08,2.257705206495998670e-08,7.233711678773142127e-07,5.804070550991972906e-08,7.291700528683142668e-01,0.000000000000000000e+00,4.328342673282329855e-22,4.748927412629574127e-22,9.668418314994430133e-13,1.040604648384961900e-13
1.654687499999999908e-02,-1.347636919999999905e-01,0.000000000000000000e+00,2.130135040000000117e+03,1.535598870000000060e-01,5.838073088738395672e-02,3.394079481362061862e-02,3.028936625280669315e+00,2.151280296926898075e+02,-8.511338666666322439e+00,8.838257104607211536e-04,8.271292444311665118e-05,3.558101921854769749e-04,5.476040332854553543e-03,2.787347051452990221e-03,1.251915000652599197e-01,1.284772550669726844e-06,1.035343620539704467e-07,2.773753891445904184e-10,3.529634801839929704e-10,2.364100541232359796e-09,1.698696720885497575e-10,1.421381330740938511e-08,1.065321470555331355e-08,2.312226441205318672e-02,1.121992430584872885e-01,1.392746140726011402e-08,1.289715750672303800e-08,2.439898861271871886e-10,1.112374420579859023e-11,2.397542531249792538e-10,3.439087721792729349e-10,6.892934823593153781e-08,4.375439472280831431e-12,5.403067522816514302e-12,1.376030120717297983e-15,1.330378780693500794e-15,1.029450440536632567e-08,1.172597410611252254e-08,2.109662031099725952e-09,1.594638630831253819e-08,1.305240120680396306e-08,2.828806321474601499e-08,6.194981113229324347e-08,4.309629272246525754e-09,3.122257311627572515e-04,4.420042662304082387e-08,1.185549880618004119e-07,2.476636281291022610e-08,6.444257723359266094e-09,1.770541890922949067e-06,3.900050102033019896e-12,5.498852632866445056e-13,1.041114390542712631e-08,1.695955170884068341e-08,5.450454862841216485e-07,4.559510922376784447e-08,7.295847873803182893e-01,0.000000000000000000e+00,4.544049712368724508e-23,4.337799722261211117e-23,4.134006942154977901e-13,3.447656321797196373e-14
1.659375000000000086e-02,-1.351626609999999895e-01,0.000000000000000000e+00,2.130665219999999863e+03,1.536485310000000049e-01,5.789457585829459185e-02,3.383993275091509018e-02,2.959604791804812063e+00,2.190075950165719121e+02,-8.080213333333748693e+00,8.319342408059440808e-04,8.171486918093929651e-05,3.908650159088273212e-04,6.288712588533103449e-03,2.921980099318422213e-03,1.249679119708501374e-01,1.418879529669033893e-06,1.099654759743495910e-07,1.017407949762680743e-10,1.417391149669381139e-10,9.486854937787106836e-10,6.874598868396438937e-11,5.543463968706938764e-09,4.197299439020943195e-09,2.185966039490104540e-02,1.123473249737940022e-01,1.241003099710525158e-08,5.327270868757367405e-09,9.913516877687585181e-11,4.616813408923087203e-12,9.591964747762589868e-11,1.347976869685572671e-10,2.576546849398998183e-08,1.602793479626134264e-12,1.805996369578735517e-12,2.738543259361210838e-16,2.118874909505754048e-16,4.264673119005227798e-09,4.892054498858885386e-09,8.492715948018999382e-10,1.294629709698016310e-08,9.842890867704058945e-09,1.990295809535746320e-08,4.136769699035062344e-08,4.264235569005329029e-09,3.108934419274813916e-04,4.799295608880522140e-08,1.263105019705369568e-07,2.226536169480640989e-08,4.617197068922998141e-09,1.233124819712362786e-06,2.676049419375787942e-12,2.205335449485586273e-13,5.741177928660820129e-09,1.256939109706808034e-08,4.067365069051251460e-07,3.519666049179007369e-08,7.299954258297222109e-01,0.000000000000000000e+00,4.633990958919080416e-24,3.696703619137711794e-24,1.696105269604368798e-13,1.156181259730310579e-14
1.664062499999999917e-02,-1.355414209999999953e-01,0.000000000000000000e+00,2.130876029999999901e+03,1.537582170000000026e-01,5.740405681679681266e-02,3.373012036985408718e-02,2.885428541138098435e+00,2.228831357681685574e+02,-7.624938666666328579e+00,7.827734522852946740e-04,8.033777992928042009e-05,4.253303561550186396e-04,7.171660482613828949e-03,3.047060411110551290e-03,1.247074970454516984e-01,1.554427140566536589e-06,1.161285090423249521e-07,3.551930721294559432e-11,5.435926701981212956e-11,3.654122561331805166e-10,2.666970800972021505e-11,2.085875820760231746e-09,1.604065400584628102e-09,2.064536010752453937e-02,1.124255390409753391e-01,1.124684510409909847e-08,2.143263540781147548e-09,3.865121271408707566e-11,1.839417200670405906e-12,3.700340521348650397e-11,5.061579991844776022e-11,9.277352213381284948e-09,5.650883872059557165e-13,5.971414482176380752e-13,5.959782882172140292e-17,3.173332861156573169e-17,1.693665580617284320e-09,1.969851320717944654e-09,3.295351141201044961e-10,1.071368280390477787e-08,7.417561822703452492e-09,1.390855880506920332e-08,2.755872271004423060e-08,4.198084151530060921e-09,3.093371101127430031e-04,5.191076121891972900e-08,1.352011480492762757e-07,2.024224840737762055e-08,3.252140661185295993e-09,8.483641803092002488e-07,1.808585660659168911e-12,8.456725193082193682e-14,3.145730051146513345e-09,9.197154293352052767e-09,3.005992231095583306e-07,2.671913780973822876e-08,7.304019402662070837e-01,0.000000000000000000e+00,4.772119751739278141e-25,3.087390171125250275e-25,6.695241552440190876e-14,3.918268411428077221e-15
1.668750000000000094e-02,-1.358988399999999930e-01,0.000000000000000000e+00,2.130751760000000104e+03,1.538901649999999954e-01,5.690921671503886003e-02,3.361166744132042944e-02,2.810509281005572291e+00,2.267242775847264227e+02,-7.145813333333490114e+00,7.362171509884590966e-04,7.862913109876741677e-05,4.588061889928077568e-04,8.124429919872642319e-03,3.161965599950433171e-03,1.244117489980497288e-01,1.690375039973501878e-06,1.220051379980874631e-07,1.185868749981410408e-11,1.998051469968678768e-11,1.355422899978752525e-10,9.950011449844025117e-12,7.594714499880946082e-10,5.960518439906564044e-10,1.947906609969464811e-02,1.124343259982374943e-01,1.025854939983918753e-08,8.569796329865660810e-10,1.450704929977258800e-11,7.057724639889363496e-13,1.380503829978359426e-11,1.826295999971371106e-11,3.226569429949420903e-09,1.921633419969876648e-13,1.944712189969514802e-13,1.464163479977047822e-17,4.583247999928153634e-18,6.465496939898648117e-10,7.675567709879678443e-10,1.235541719980631893e-10,9.063934669857915669e-09,5.611089009912040759e-09,9.662008729848539655e-09,1.833014559971265676e-08,4.113578699935516489e-09,3.075999739951780563e-04,5.594949719912294363e-08,1.450773319977257787e-07,1.860608499970833143e-08,2.254588479964657487e-09,5.770577319909541500e-07,1.204907029981111872e-12,3.111515549951224626e-14,1.719332409973048057e-09,6.649482789895763555e-09,2.200459799965505815e-07,1.996806699968698035e-08,7.308042869885439385e-01,0.000000000000000000e+00,4.996581489921674636e-26,2.630245339958768770e-26,2.550045519960025450e-14,1.334648049979078284e-15
1.673437499999999925e-02,-1.362337999999999882e-01,0.000000000000000000e+00,2.130277109999999993e+03,1.540455940000000079e-01,5.641013081988160288e-02,3.348488583721154904e-02,2.737250886414079876e+00,2.305095723063663797e+02,-6.643477333333303037e+00,6.921362560287325997e-04,7.663574850318136578e-05,4.909333350203799653e-04,9.146205670379683322e-03,3.266240830135590592e-03,1.240821270051509911e-01,1.825780550075793267e-06,1.275839980052963701e-07,3.808119520158085625e-12,7.066509710293350094e-12,4.859764320201742439e-11,3.582658420148726166e-12,2.684027900111421681e-10,2.158921110089622960e-10,1.836022670076218472e-02,1.123745570046649767e-01,9.365322620388781263e-09,3.545593010147187405e-10,5.259897420218352779e-12,2.616876220108633646e-13,4.996491200207418098e-12,6.351349830263661938e-12,1.086900470045120288e-09,6.318631210262304282e-14,6.220705330258239412e-14,3.978231520165147667e-18,6.646160810275900942e-19,2.379668520098786807e-10,2.902024210120471217e-10,4.488515660186331017e-11,7.848862700325828674e-09,4.282673710177786179e-09,6.678809190277256391e-09,1.218154360050568985e-08,4.013125650166595452e-09,3.057149420126910582e-04,6.010530880249513445e-08,1.558105010064681366e-07,1.727746000071723592e-08,1.540274890063941025e-09,3.884313000161248559e-07,7.921047440328824807e-13,1.102801920045780421e-14,9.406042180390469895e-10,4.754407520197368230e-09,1.595952540066252425e-07,1.470731920061054179e-08,7.312024190303543225e-01,0.000000000000000000e+00,5.260316870218370814e-27,2.337255590097026053e-27,9.399267760390190124e-15,4.540302180188480801e-16
1.678125000000000103e-02,-1.365452129999999986e-01,0.000000000000000000e+00,2.129437420000000202e+03,1.542257089999999886e-01,5.590689590482588595e-02,3.335008155046755018e-02,2.667020436652666415e+00,2.342236457990613872e+02,-6.118848000000064680e+00,6.504030075996242990e-04,7.440270715419911322e-05,5.213979306790373584e-04,1.023589299369897891e-02,3.359580577931906356e-03,1.237200239238403082e-01,1.959804848793581432e-06,1.328594709182142573e-07,1.185507829270224008e-12,2.415442288513099717e-12,1.691390898958812011e-11,1.249837409230623937e-12,9.236836194313979651e-11,7.641700805295913790e-11,1.728810278935777323e-02,1.122474379309026243e-01,8.535050324745985976e-09,1.624935058999720928e-10,1.849195028861670670e-12,9.410566844207034305e-14,1.760317888916381916e-12,2.135475178685442378e-12,3.556134707810911688e-10,2.014395268759976742e-14,1.952003358798383909e-14,1.142297139296823681e-18,1.032655629364316816e-19,8.470679544785611012e-11,1.067601409342804992e-10,1.584383469024683683e-11,6.951096575721037891e-09,3.316109927958665834e-09,4.599465237168656646e-09,8.095420075016613274e-09,3.899073077599805098e-09,3.037064218130441245e-04,6.437486016037207063e-08,1.672927568970177672e-07,1.618902919003434267e-08,1.038207789360899118e-09,2.589825558405752847e-07,5.144192746833333387e-13,3.781843907671968939e-15,5.165588506820162759e-10,3.364890337928637397e-09,1.147369229293701467e-07,1.068869399342024379e-08,7.315962855496432882e-01,0.000000000000000000e+00,5.486346756622709225e-28,2.165690578666842291e-28,3.363046147929773386e-15,1.534435909055430513e-16
1.682812499999999933e-02,-1.368320339999999913e-01,0.000000000000000000e+00,2.128218879999999899e+03,1.544316860000000124e-01,5.539962301698522079e-02,3.320754788767850407e-02,2.600428877039957953e+00,2.378551694686770190e+02,-5.573184000000260596e+00,6.108937420601840730e-04,7.197258830709060565e-05,5.499326140541783200e-04,1.139218770112233707e-02,3.441808510339080217e-03,1.233267420121499230e-01,2.091713310206071705e-06,1.378305500135788057e-07,3.621792920356811798e-13,8.021443020790257868e-13,5.743155380565804398e-12,4.243027770418014926e-13,3.106173670306013993e-11,2.650222330261094676e-11,1.626182130160208281e-02,1.120544210110393929e-01,7.756497710764155839e-09,8.884786390875311544e-11,6.330499950623668845e-13,3.295188220324636114e-14,6.059117950596931944e-13,6.962479480685929605e-13,1.133206510111641308e-10,6.243804790615127835e-15,6.008408190591937238e-15,3.339751910329025800e-19,1.853296750182583360e-20,2.925217750288187386e-11,3.832185400377539511e-11,5.449522650536876874e-12,6.279548430618649340e-09,2.618254380257945315e-09,3.160667980311383148e-09,5.385925860530611129e-09,3.773667830371774578e-09,3.015920920297122964e-04,6.875531960677364163e-08,1.794353000176776253e-07,1.528526160150587724e-08,6.912562390681012689e-10,1.711969100168659997e-07,3.304200900325523552e-13,1.261399640124270651e-15,2.854438110281214087e-10,2.359453760232448872e-09,8.181129850805989041e-08,7.674115220756039536e-09,7.319858420721139236e-01,0.000000000000000000e+00,5.610621810552747486e-29,2.060810030203027153e-29,1.171656170115429373e-15,5.133709230505762902e-17
1.687500000000000111e-02,-1.370932770000000134e-01,0.000000000000000000e+00,2.126608670000000075e+03,1.546646650000000067e-01,5.488843274536314015e-02,3.305756312234749833e-02,2.537533614209172228e+00,2.413953806400016333e+02,-5.007807999999813298e+00,5.734906005123185414e-04,6.938500794099679194e-05,5.763156615099161674e-04,1.261363148927369636e-02,3.512858217012756936e-03,1.229034878954860799e-01,2.220871658111428547e-06,1.424998208788218499e-07,1.108501689057358962e-13,2.605248037784565084e-13,1.914806048371698739e-12,1.409137448801706183e-13,1.024602379128704869e-11,9.030029172321098011e-12,1.528041668700593110e-02,1.117971359049306224e-01,7.026569624024788332e-09,5.909386284974812191e-11,2.121477638195950673e-13,1.128608149040260966e-14,2.046054958260088152e-13,2.207781858122559819e-13,3.526718557000970294e-11,1.886959468395379113e-15,1.815657058456012782e-15,9.742353601715356001e-20,3.963447556629587915e-21,9.830546751640359429e-12,1.345918928855465581e-11,1.831545758442501162e-12,5.765209725097415514e-09,2.116423398200248409e-09,2.171728178153218847e-09,3.592686426944872873e-09,3.639026456905466399e-09,2.993844967454112218e-04,7.324434563771491780e-08,1.921663018365867894e-07,1.452154508765125541e-08,4.551605306129433064e-10,1.123052599044985330e-07,2.101562418212885906e-13,4.119112286497214290e-16,1.590063458647851274e-10,1.640676048604811777e-09,5.789528625076735498e-08,5.449618095365786648e-09,7.323710483772107871e-01,0.000000000000000000e+00,5.605834875232944134e-30,1.978978718317128250e-30,3.986775026609750133e-16,1.697245028556706622e-17
1.692187499999999942e-02,-1.373280179999999961e-01,0.000000000000000000e+00,2.124595060000000103e+03,1.549257420000000052e-01,5.437345227393047126e-02,3.290038966064215420e-02,2.478034214855508122e+00,2.448369067148584293e+02,-4.424341333333191351e+00,5.380824572736435949e-04,6.667635793390848831e-05,6.003688423053196721e-04,1.389865360706820686e-02,3.572756011816937034e-03,1.224513760622730624e-01,2.346739661193442522e-06,1.468726170746925909e-07,3.518253841789219704e-14,8.350886174246871375e-14,6.323947373216065686e-13,4.609206142344027322e-14,3.329976801693471040e-12,3.031415111541636567e-12,1.434286290729411099e-02,1.114773240566921814e-01,6.344756403226647944e-09,4.536799562307205166e-11,7.012718333566341618e-14,3.802441671933745003e-15,6.811909083464220556e-14,6.828444833472628595e-14,1.074808310546597410e-11,5.575733842835558238e-16,5.393959472743117155e-16,2.811416251429755630e-20,9.707937474937005282e-22,3.224815731639991168e-12,4.637855572358597492e-12,6.031745483067464882e-13,5.357135642724389644e-09,1.755276460892651659e-09,1.495985010760788225e-09,2.407653711224420286e-09,3.497117231778470869e-09,2.970924271510873901e-04,7.784009403958584430e-08,2.054285941044713917e-07,1.386290060705002516e-08,2.967216721508988560e-10,7.317996093721592111e-08,1.325108440673888478e-13,1.328826700675779560e-16,8.941690494547327836e-11,1.132430140575901123e-09,4.069286132069449352e-08,3.832281081948919185e-09,7.327518763726434958e-01,0.000000000000000000e+00,5.490188602792053670e-31,1.894985060963701236e-31,1.328928280675830889e-16,5.542131282818469211e-18
1.696875000000000119e-02,-1.375354089999999974e-01,0.000000000000000000e+00,2.122167500000000018e+03,1.552159660000000108e-01,5.385481380695374826e-02,3.273627439003830297e-02,2.421421756842778272e+00,2.481728798616032350e+02,-3.824384000000355499e+00,5.045652419873712267e-04,6.387970589840114987e-05,6.219545499844330791e-04,1.524560039961841626e-02,3.621606149909354765e-03,1.219714339969471678e-01,2.468863119938206228e-06,1.509563199962216918e-07,1.216234639969558880e-14,2.676949589932998412e-14,2.095300959947556524e-13,1.498916369962483364e-14,1.072225899973163101e-12,1.005751739974826876e-12,1.344809829966340554e-02,1.110967999972193448e-01,5.710938209857060519e-09,3.757970759905941189e-11,2.316071249942030749e-14,1.270267489968206429e-15,2.250400309943674451e-14,2.065743639948296293e-14,3.216118219919503547e-12,1.615342579959569314e-16,1.578105889960501409e-16,8.006521499799603745e-21,2.555457479936039104e-22,1.035760059974075820e-12,1.572218229960648707e-12,1.951723239951150209e-13,5.018721339874385994e-09,1.493619399962616061e-09,1.036479019974057859e-09,1.625276259959320998e-09,3.349750609916158592e-09,2.947220429926233789e-04,8.254124659793407367e-08,2.191774299945141937e-07,1.328252149966755137e-08,1.917196589952014235e-10,4.741094789881334830e-08,8.292593209792444081e-14,4.290680249892607673e-17,5.081629109872811285e-11,7.765735849805630989e-10,2.843068019928840522e-08,2.671877239933125539e-09,7.331283069816504350e-01,0.000000000000000000e+00,5.329704319866601208e-32,1.800629909954931859e-32,4.352273019891065894e-17,1.788208239955242718e-18
1.701562499999999950e-02,-1.377146770000000076e-01,0.000000000000000000e+00,2.119316740000000209e+03,1.555363319999999994e-01,5.333265399522121170e-02,3.256544969976625514e-02,2.367070908539106622e+00,2.513964522416945613e+02,-3.209834666666345093e+00,4.728418918863111107e-04,6.102481468532734813e-05,6.409726188458861719e-04,1.665275399599605230e-02,3.659578659120100216e-03,1.214646109707953614e-01,2.586865619378020712e-06,1.547598159627899601e-07,4.798214498846329877e-15,8.749183067896369224e-15,7.093166278294536764e-14,4.912996528818731867e-15,3.446024229171446795e-13,3.309438259204287054e-13,1.259504229697167889e-02,1.106574179733938040e-01,5.124639398767844593e-09,3.215817689226796762e-11,7.828510558117733483e-15,4.261070408975479186e-16,7.444304498210111556e-15,6.129128328526328714e-15,9.473013447722332550e-13,4.600651408893830338e-17,4.555757898904625150e-17,2.250918469458795039e-21,6.917074048336876952e-23,3.267115789214463196e-13,5.257231108735964950e-13,6.221626328504087441e-14,4.724411568864074212e-09,1.301418129687090378e-09,7.250926918256605224e-10,1.108774329733409142e-09,3.198576099230942401e-09,2.922777659297254803e-04,8.734706397899849482e-08,2.333784589438870958e-07,1.276030219693194591e-08,1.229065059704486669e-10,3.056761339265039967e-08,5.156355908760219557e-14,1.413489369660143964e-17,2.920879549297711495e-11,5.295886318726670369e-10,1.976132749524863907e-08,1.849060509555416704e-09,7.335003348236390774e-01,0.000000000000000000e+00,5.238033028740580593e-33,1.700190589591210613e-33,1.404472869662311805e-17,5.707166088627783519e-19
1.706250000000000128e-02,-1.378651379999999982e-01,0.000000000000000000e+00,2.116034810000000107e+03,1.558877830000000020e-01,5.280711390029139973e-02,3.238813535514332292e-02,2.314356258333661209e+00,2.545006522655181698e+02,-2.582400000000336870e+00,4.428220172149281556e-04,5.813824002821798908e-05,6.573570673190549680e-04,1.811834390879392409e-02,3.686899271789474165e-03,1.209317900586954764e-01,2.700440191310685978e-06,1.582930790768291660e-07,2.186981621061473874e-15,2.993140861452751454e-15,2.514207021220295905e-14,1.655349190803440747e-15,1.117200900542244801e-13,1.084681770526461384e-13,1.178260720571880880e-02,1.101610470534677838e-01,4.584860012225308652e-09,2.784858551351659691e-11,2.831375191374237061e-15,1.466494710711778034e-16,2.499270781213046738e-15,1.788257370867949016e-15,2.753497021336437898e-13,1.291525750626855154e-17,1.300367920631146646e-17,6.256222313036520723e-22,1.885333380915065617e-23,1.015264120492768841e-13,1.738545400843820674e-13,1.959004850950822802e-14,4.456931342163216689e-09,1.157188100561652975e-09,5.144294012496835479e-10,7.673970063724639182e-10,3.045083671477962484e-09,2.897629541406393765e-04,9.225745544477809875e-08,2.480059871203722325e-07,1.228146750596093420e-08,7.825578223798224475e-11,1.963075140952798483e-08,3.189176171547898949e-14,4.876536542366876652e-18,1.699074140824662797e-11,3.594817621744781420e-10,1.367674830663814905e-08,1.271633120617200115e-09,7.338679713561903073e-01,0.000000000000000000e+00,5.346697862595074243e-34,1.605356550779176031e-34,4.478338842173607605e-18,1.804262180875717033e-19
1.710937499999999958e-02,-1.379861880000000096e-01,0.000000000000000000e+00,2.112315120000000206e+03,1.562712049999999964e-01,5.227833912084221824e-02,3.220454100490364319e-02,2.262661101352167137e+00,2.574778188050497079e+02,-1.944042666666516261e+00,4.144214280387068503e-04,5.524348200515972286e-05,6.710729280626780190e-04,1.964055340183442147e-02,3.703841460345937836e-03,1.203738000112428846e-01,2.809341720262391829e-06,1.615668670150902897e-07,1.117147280104341366e-15,1.103925010103106373e-15,9.588728050895584584e-15,5.883563650549523693e-16,3.709919360346505673e-14,3.561120120332607492e-14,1.100970440102830468e-02,1.096095660102375108e-01,4.090114040382015022e-09,2.419793790226008017e-11,1.172187160109482200e-15,5.368277950501394971e-17,8.688669920811519408e-16,5.143691490480419738e-16,7.917298200739472983e-14,3.582772610334630105e-18,3.677514280343478728e-18,1.722412510160872895e-22,5.136163720479716322e-24,3.118541050291270830e-14,5.700764060532449896e-14,6.108337240570517497e-15,4.205053770392750849e-09,1.045826510097679960e-09,3.718154520347274720e-10,5.411196930505404109e-10,2.890608200269981882e-09,2.871804060268225676e-04,9.727306200908527554e-08,2.630415390245680078e-07,1.183536850110542078e-08,4.953569080462661967e-11,1.256879600117392090e-08,1.964046270183441475e-14,1.814803760169502005e-18,1.000676960093463084e-11,2.431018590227056293e-10,9.433539110881090084e-09,8.700477420812621832e-10,7.342312370685770695e-01,0.000000000000000000e+00,5.577993830520982296e-35,1.527490230142667059e-35,1.414942680132155218e-18,5.659405900528587105e-20
1.715625000000000136e-02,-1.380773150000000060e-01,0.000000000000000000e+00,2.108152419999999893e+03,1.566874329999999871e-01,5.174648051159519424e-02,3.201486732408304059e-02,2.211463219599715035e+00,2.603201363169936826e+02,-1.296597333333029622e+00,3.875615907090131421e-04,5.236116796068647874e-05,6.821132554878594177e-04,2.121752118406957516e-02,3.710719977213937284e-03,1.197914229100588562e-01,2.913380177812592071e-06,1.645925058764215507e-07,6.113598395409822192e-16,4.488288946630127616e-16,4.017247506983791911e-15,2.267182058297766964e-16,1.288662749032453321e-14,1.180397589113740304e-14,1.027524829228519329e-02,1.090048509181575781e-01,3.638527877268140398e-09,2.102638468421308454e-11,5.899504575570567001e-16,2.199868128348306881e-17,3.215781267585544996e-16,1.462185568902169800e-16,2.257313998305176030e-14,9.845494162607859064e-19,1.032584139224720628e-18,4.706976796465933299e-23,1.397177038950979022e-24,9.504502992863881396e-15,1.858462818604639278e-14,1.890825288580341126e-15,3.961866387025373252e-09,9.568854742815564109e-10,2.749246067935826059e-10,3.903679377069060795e-10,2.736336027945519084e-09,2.845327057863686858e-04,1.023953499231200840e-07,2.784727037909186452e-07,1.141447229142984853e-08,3.120266927657258339e-11,8.029942903971001069e-09,1.205595339094821631e-14,7.452820804404313688e-19,5.969036955518360605e-12,1.639293158769194691e-10,6.490622755126746857e-09,5.929050415548382697e-10,7.345901704484590899e-01,0.000000000000000000e+00,4.436854896668744990e-36,1.451370798910289785e-36,4.442259916664687099e-19,1.764464088675214916e-20
1.720312499999999967e-02,-1.381380929999999896e-01,0.000000000000000000e+00,2.103542820000000120e+03,1.571372460000000082e-01,5.121169434543875604e-02,3.181930842535930781e-02,2.160317835127483210e+00,2.630193050377779400e+02,-6.419626666668414305e-01,3.621690630759549084e-04,4.950925061038319753e-05,6.904963251448124114e-04,2.284734280479159413e-02,3.707885500777626138e-03,1.191854050249958191e-01,3.012414740631770378e-06,1.673817480351036612e-07,3.462512910726166087e-16,2.019337520423500120e-16,1.856704860389392677e-15,9.647527202023302017e-17,4.800701581006814300e-15,3.995154760837873007e-15,9.578156612008751833e-03,1.083487780227231495e-01,3.227945120676972037e-09,1.824729460382686439e-11,3.609415780756974908e-16,1.058659090222024256e-17,1.307627820274238726e-16,4.117640350863559846e-17,6.396293981341445863e-15,2.686549710563429420e-19,2.884485290604940615e-19,1.279553130268350892e-23,3.804384020797864348e-25,2.887765100605628711e-15,6.040505781266829346e-15,5.824808551221591486e-16,3.723464820780893083e-09,8.832435881852358489e-10,2.086258700437534744e-10,2.891323620606375290e-10,2.583312730541777873e-09,2.818224600591044053e-04,1.076267110225717195e-07,2.942922370617196234e-07,1.101354610230978552e-08,1.957642970410561307e-11,5.123478351074507682e-09,7.383318321548446929e-15,3.392706930711526278e-19,3.607050010756478631e-12,1.103208280231367327e-10,4.458824780935114766e-09,4.028812190844931601e-10,7.349448211541342868e-01,0.000000000000000000e+00,0.000000000000000000e+00,1.218979610255647267e-37,1.389940560291501468e-19,5.478400151148942483e-21
1.725000000000000144e-02,-1.381681849999999989e-01,0.000000000000000000e+00,2.098483790000000226e+03,1.576213740000000085e-01,5.067414282340996362e-02,3.161805373961886628e-02,2.108852846755939314e+00,2.655668785173145352e+02,1.806933333329699062e-02,3.381749429549531661e-04,4.670321159377886495e-05,6.962630259072537979e-04,2.452806959673272183e-02,3.695720249507708759e-03,1.185564659842076041e-01,3.106348929586216837e-06,1.699466779773621475e-07,1.990213739734892266e-16,9.904466308680667228e-17,9.343587268755379968e-16,4.534107209396031145e-17,1.961034829738779120e-15,1.402722709813149566e-15,8.917349578812157687e-03,1.076432239856613127e-01,2.856020179619561648e-09,1.580714879789439909e-11,2.533544559662517626e-16,6.047159369194483775e-18,5.982571759203087716e-17,1.151376839846629866e-17,1.805341679759518079e-15,7.296215209028103016e-20,8.032558128930019131e-20,3.467640279538090843e-24,1.042587579861121304e-25,8.803732008827292996e-16,1.963673519738427503e-15,1.789996459761562446e-16,3.487992719535379874e-09,8.201134278907561827e-10,1.627407769783220012e-10,2.203689369706456196e-10,2.432451469675983784e-09,2.790524439628286422e-04,1.129705629849516814e-07,3.104973609586400067e-07,1.062901939858415463e-08,1.224405699836902331e-11,3.267480549564753010e-09,4.515541789398505077e-15,1.687497189775215734e-19,2.208600869705801944e-12,7.415797979012172765e-11,3.061172459592234168e-09,2.732816329635973495e-10,7.352952499020544153e-01,0.000000000000000000e+00,0.000000000000000000e+00,4.487609919402225455e-41,4.348516659420753360e-20,1.697380049773899365e-21
1.729687499999999975e-02,-1.381673380000000007e-01,0.000000000000000000e+00,2.092974090000000160e+03,1.581404989999999899e-01,5.013399424509812352e-02,3.141128845365184080e-02,2.056811334219307508e+00,2.679543059893625241e+02,6.816853333333224851e-01,3.155143597609615016e-04,4.395626306669806111e-05,6.994744294700674242e-04,2.625770868010675677e-02,3.674634147216040547e-03,1.179052999106731392e-01,3.195126497579323522e-06,1.722996608694631326e-07,1.150194389128595163e-16,5.176577196078146018e-17,5.012181586202694809e-16,2.315236808245941201e-17,8.868654243280971784e-16,5.213101536050474560e-16,8.291748393718044105e-03,1.068900739190184468e-01,2.520296588090584645e-09,1.366562218964671437e-11,1.917050568547613206e-16,3.961966376998353610e-18,3.091416197657895855e-17,3.203961217572629593e-18,5.086688136146247208e-16,1.976626048502478042e-20,2.234249218307298685e-20,9.389831882886120239e-25,2.905183467798988805e-26,2.719274197939836342e-16,6.409427145144120571e-16,5.500229515832941864e-17,3.254949477534000445e-09,7.643185474209405540e-10,1.304672219011560287e-10,1.729367688689804477e-10,2.284541718269195977e-09,2.762256767907271993e-04,1.184314549102745208e-07,3.270892047521921740e-07,1.025849879222800465e-08,7.640734804211261965e-12,2.084532188420726583e-09,2.760381477908692890e-15,8.965627123207504338e-20,1.370425998961744303e-12,4.983284416224587210e-11,2.102375528407208386e-09,1.852612828596432304e-10,7.356415274426667539e-01,0.000000000000000000e+00,0.000000000000000000e+00,0.000000000000000000e+00,1.365682978965337961e-20,5.259759936015124470e-22
1.734375000000000153e-02,-1.381353839999999999e-01,0.000000000000000000e+00,2.087013780000000224e+03,1.586952570000000062e-01,4.959142315039200000e-02,3.119919590383250785e-02,2.003998691335837634e+00,2.701732455577502492e+02,1.347093333333097886e+00,2.941260219118194954e-04,4.127954278762418236e-05,7.002095187900736484e-04,2.803422279159520011e-02,3.645061438907192496e-03,1.172325879648530716e-01,3.278728129017020618e-06,1.744533149476980299e-07,6.657756228003970420e-17,2.825699199152840810e-17,2.810344179157444847e-16,1.256179559623390945e-17,4.408227818678390898e-16,2.094477589372064951e-16,7.700273047691419057e-03,1.060912169681933193e-01,2.218270459334951352e-09,1.178890139646562646e-11,1.503467149549252939e-16,2.834968989150061855e-18,1.774781649467911401e-17,8.892275407334051437e-19,1.433795219570140838e-16,5.353421418395017744e-21,6.219114748135478533e-21,2.547004449236395374e-25,8.389087457484909292e-27,8.638059527410265322e-17,2.111274339367029494e-16,1.693821399492183796e-17,3.024698009093180232e-09,7.137779597860057919e-10,1.072846769678355039e-10,1.395675199581569449e-10,2.140257899358339830e-09,2.733454589180496453e-04,1.240151709628196218e-07,3.440723398968453644e-07,9.900407817031807900e-09,4.761208478572565998e-12,1.331352249600853976e-09,1.688134009493889077e-15,4.986871738504910752e-20,8.617942617416297104e-13,3.350267788995572553e-11,1.445850049566526693e-09,1.256643309623252138e-10,7.359837347793484197e-01,0.000000000000000000e+00,0.000000000000000000e+00,0.000000000000000000e+00,4.327739458702522741e-21,1.634387629510002313e-22
1.739062499999999983e-02,-1.380722390000000133e-01,0.000000000000000000e+00,2.080604150000000118e+03,1.592862409999999951e-01,4.904661016171667220e-02,3.098195800832769312e-02,1.950290663259102608e+00,2.722155568759582138e+02,2.012693333333757106e+00,2.739517987821174158e-04,3.868229946923474276e-05,6.985630324444105747e-04,2.985553157625494419e-02,3.607457447130874538e-03,1.165389989073128268e-01,3.357168577329937184e-06,1.764204988596871636e-07,3.855138536933885416e-17,1.589403268735896922e-17,1.624240808708189824e-16,7.104920584349231015e-18,2.364249558119637314e-16,9.234617012655414334e-17,7.141840334319867790e-03,1.052485569162924794e-01,1.947440748451138506e-09,1.014731939192951429e-11,1.198172319047055660e-16,2.132966198303584118e-18,1.104097609121875923e-17,2.466805618038071005e-19,4.051683486777567087e-17,1.452643768844666372e-21,1.735602338619620463e-21,6.942669864478274387e-26,2.595573767935657506e-27,2.885152687705346571e-17,7.069534644377374147e-17,5.239606875832773404e-18,2.798118317774567149e-09,6.671453064693981491e-10,9.020213572825936985e-11,1.155246059081196098e-10,2.000168008409202805e-09,2.704153587849300751e-04,1.297288338968225360e-07,3.614543367125238537e-07,9.553724812401618501e-09,2.964920887641903843e-12,8.519156043224444239e-10,1.033679869177881596e-15,2.864977827721392091e-20,5.492634195631533567e-13,2.255218938206352496e-11,9.967334262072663673e-10,8.539329403208400005e-11,7.363219584143797514e-01,0.000000000000000000e+00,0.000000000000000000e+00,0.000000000000000000e+00,1.393856058891421975e-21,5.109533555936225676e-23
1.743750000000000161e-02,-1.379778939999999898e-01,0.000000000000000000e+00,2.073747649999999794e+03,1.599140039999999985e-01,4.849974185685990841e-02,3.075975544692318570e-02,1.895650387593076136e+00,2.740736183483490436e+02,2.676821333333120556e+00,2.549363739750300207e-04,3.617206869645709754e-05,6.946434339319625161e-04,3.171951319689320786e-02,3.562295619651087864e-03,1.158251899886553887e-01,3.430494419663997384e-06,1.782143049825446410e-07,2.233142469781272608e-17,9.142386699104540105e-18,9.593482709060356809e-17,4.134899009595003739e-18,1.341066799868648054e-16,4.477674969561430055e-17,6.615362189352051898e-03,1.043640149897779729e-01,1.705348459832968323e-09,8.714401359146461652e-12,9.613298279058416363e-17,1.649505019838437778e-18,7.277585429287190082e-18,6.854747979328605328e-20,1.150272029887335448e-17,3.957729829612356615e-22,4.865013549523492313e-22,1.910596669812864807e-26,9.033889249115168932e-28,1.042333339897907534e-17,2.431821629761812861e-17,1.631744929840177241e-18,2.576365069747655760e-09,6.235603089389247645e-10,7.724672809243399833e-11,9.772161349042858051e-11,1.864741859817355964e-09,2.674391929738054586e-04,1.355810059867203996e-07,3.792453129628544845e-07,9.217795749097155982e-09,1.846512959819141631e-12,5.465611999464666208e-10,6.342415419378786690e-16,1.687183799834747428e-20,3.548063069652481598e-13,1.521153739851009317e-11,6.895254189324638254e-10,5.820705139429886044e-11,7.366562919278476507e-01,0.000000000000000000e+00,0.000000000000000000e+00,0.000000000000000000e+00,4.610800409548391337e-22,1.614322989841883744e-23
1.748437499999999992e-02,-1.378524180000000043e-01,0.000000000000000000e+00,2.066447900000000118e+03,1.605790649999999931e-01,4.795101034677681090e-02,3.053276927096022775e-02,1.840060959461788936e+00,2.757403127982087199e+02,3.337983999999722950e+00,2.370269381711725748e-04,3.375483612437655878e-05,6.885709544972618305e-04,3.362400772428208312e-02,3.510064502534845574e-03,1.150918150831152786e-01,3.498781852526697463e-06,1.798480551298799801e-07,1.294862130935104088e-17,5.357424793868944310e-18,5.762690314161612446e-17,2.456860381774258560e-18,7.919322465719056841e-17,2.361750301705573300e-17,6.119744604419465744e-03,1.034395280747004153e-01,1.489606511075741720e-09,7.466385945391961530e-12,7.730796365582909072e-17,1.295015670935215014e-18,5.000777073611386003e-18,1.912228541380944557e-20,3.287936272374432263e-18,1.085055100783588835e-22,1.372166940990930943e-22,5.350727573864108329e-27,3.706059052676385783e-28,4.182763123020645042e-18,8.722177336298850458e-18,5.127530183702923056e-19,2.360698941704814444e-09,5.824798934206465681e-10,6.711918134847112864e-11,8.414504886076661329e-11,1.734359111252493476e-09,2.644209801909556024e-04,1.415817911022454394e-07,3.974573932870297995e-07,8.892202826421637303e-09,1.150941350831169409e-12,3.518259202540763690e-10,3.902533692818273088e-16,1.014704810732784399e-20,2.322879931677502384e-13,1.028852630743001401e-11,4.792175343460741303e-10,3.985215882877983879e-11,7.369868325322260771e-01,0.000000000000000000e+00,0.000000000000000000e+00,0.000000000000000000e+00,1.589929231148191020e-22,5.187678843746359506e-24
1.753125000000000169e-02,-1.376959500000000114e-01,0.000000000000000000e+00,2.058709569999999985e+03,1.612819070000000021e-01,4.740061289459416433e-02,3.030118064819977905e-02,1.783566579883513858e+00,2.772093328928277742e+02,3.994688000000131467e+00,2.201729320742491682e-04,3.143519131060091925e-05,6.804757272294775306e-04,3.556682081199424167e-02,3.451264861163874046e-03,1.143395230385588490e-01,3.562134811201262569e-06,1.813352980611519121e-07,7.522111682536690364e-18,3.192930601076755018e-18,3.511053471184035988e-17,1.483883550500411523e-18,4.817868921624734768e-17,1.331561880449044063e-17,5.653887031906666347e-03,1.024770530345584518e-01,1.297921980437699655e-09,6.381916702152180617e-12,6.217185762096627889e-17,1.025208300345732135e-18,3.543552881194996193e-18,5.367766441810177883e-21,9.484238173198379828e-19,3.000527221011871275e-23,3.901211011315609947e-23,1.547611410521902757e-27,1.809979160610381374e-28,1.885697470635915804e-18,3.324216401121028744e-18,1.629536450549530364e-19,2.152370030725846037e-09,5.435648231833069787e-10,5.896359731988436347e-11,7.347776342477897968e-11,1.609316980542711722e-09,2.613648890881403904e-04,1.477429390498235023e-07,4.161040651403232392e-07,8.576673642892322211e-09,7.184944542422987097e-13,2.273843070766810701e-10,2.409804390812661065e-16,6.222459122098407254e-21,1.541225290519749239e-13,6.982964982354873598e-12,3.350008571129727127e-10,2.744523070925538463e-11,7.373136802486450758e-01,0.000000000000000000e+00,0.000000000000000000e+00,0.000000000000000000e+00,5.824656411964256396e-23,1.711609330577208071e-24
1.757812500000000000e-02,-1.375086990000000120e-01,0.000000000000000000e+00,2.050538329999999860e+03,1.620229860000000077e-01,4.684875125518871142e-02,3.006517101612122406e-02,1.726248042765043289e+00,2.784751565043656569e+02,4.645589333333719040e+00,2.043258228924301064e-04,2.921646978461861887e-05,6.704959906470088797e-04,3.754572918023357797e-02,3.386406708217183474e-03,1.135689589402101851e-01,3.620683088093845717e-06,1.826897929038206466e-07,4.382366847692847598e-18,1.933919568981863553e-18,2.166535808859399539e-17,9.087866145215578138e-19,3.000275808420466549e-17,7.889407875846520541e-18,5.216682617253612202e-03,1.014785649465753392e-01,1.128112039406091076e-09,5.441805427135093311e-12,4.993915617370889381e-17,8.152469115708029357e-19,2.570287408646839599e-18,1.520160339199692578e-21,2.767948688542778531e-19,8.391547215582162730e-24,1.120138909410288818e-23,4.750316877499135127e-28,1.018078209464019864e-28,9.448640155025644374e-19,1.372761489277292248e-18,5.250023727236059186e-20,1.952538348972061259e-09,5.066044327332916451e-10,5.221472037251089893e-11,6.485411426585673835e-11,1.489837579215656249e-09,2.582751838640277658e-04,1.540779459188837055e-07,4.351993647708837870e-07,8.271019285645616807e-09,4.495325927633379019e-13,1.476461059222698279e-10,1.494396949213255700e-16,3.888150137953035093e-21,1.036280989454436838e-13,4.759205777494456294e-12,2.358476678758350102e-10,1.903977658997626728e-11,7.376369376116617138e-01,0.000000000000000000e+00,0.000000000000000000e+00,0.000000000000000000e+00,2.312345188782636697e-23,5.875566496906733093e-25
1.762499999999999831e-02,-1.372909370000000018e-01,0.000000000000000000e+00,2.041940810000000056e+03,1.628027280000000077e-01,4.629563106535494049e-02,2.982492216965600129e-02,1.668212801388727184e+00,2.795330485533057185e+02,5.289386666666509917e+00,1.894389290110302113e-04,2.710088530157796864e-05,6.587763550383576774e-04,3.955848640230331947e-02,3.316006420193076329e-03,1.127807650065667383e-01,3.674580380213954932e-06,1.839254960107091701e-07,2.563140400149240407e-18,1.189849970069279764e-18,1.352760500078765394e-17,5.635669890328140410e-19,1.905074480110924030e-17,4.848472970282304822e-18,4.807018970279891730e-03,1.004460550058485363e-01,9.781148110569512958e-10,4.628831810269517186e-12,4.003549670233108352e-17,6.496694480378273722e-19,1.898236790110525787e-18,4.357133010253696838e-22,8.198686630477374445e-20,2.381299010138652464e-24,3.254710380189507523e-24,1.616484260094120737e-28,6.290258060366254471e-29,5.132233580298826914e-19,6.223229100362350688e-19,1.719205510100101906e-20,1.762221230102606419e-09,4.714671600274514267e-10,4.649724150270733140e-11,5.770120250335968895e-11,1.376074970080122779e-09,2.551561650148566861e-04,1.606021650093511518e-07,4.547568820264785104e-07,7.975092910464354328e-09,2.820691260164236519e-13,9.637971920561177458e-11,9.313033300542256416e-17,2.474492360144079097e-21,7.060227240411086590e-14,3.259328670189776363e-12,1.674353330097490276e-10,1.332584520077590659e-11,7.379567090429679510e-01,0.000000000000000000e+00,0.000000000000000000e+00,0.000000000000000000e+00,1.008389450058714236e-23,2.134550970124285703e-25
1.767187500000000008e-02,-1.370429969999999997e-01,0.000000000000000000e+00,2.032924500000000080e+03,1.636215360000000119e-01,4.574146125444961825e-02,2.958061709830082583e-02,1.609589756747919820e+00,2.803793941647796828e+02,5.924906666666961641e+00,1.754672610643899738e-04,2.508965230920697187e-05,6.454661442368621761e-04,4.160282891526669719e-02,3.240583791189174077e-03,1.119755850410908832e-01,3.724002201366570963e-06,1.850565310679088880e-07,1.506439990552807540e-18,7.431573262727111450e-19,8.541448463134392955e-18,3.535405451297362530e-19,1.230306850451476922e-17,3.063237101124094120e-18,4.423779471623362838e-03,9.938152703646932484e-02,8.459959693104491224e-10,3.927566241441270700e-12,3.201860621174963736e-17,5.180552901901070807e-19,1.421591060521671125e-18,1.269197690465748522e-22,2.474775870908150966e-20,6.887154132527330752e-25,9.593402283520423349e-25,6.413468022353504200e-29,4.117943851511132973e-29,2.944757471080616775e-19,3.097771851136766905e-19,5.739115452106043091e-21,1.582260570580630879e-09,4.380684101607548673e-10,4.155975851525089309e-11,5.163614041894854655e-11,1.268121820465353617e-09,2.520121200924790644e-04,1.673329230614049576e-07,4.747885491742298159e-07,7.688762602821490561e-09,1.776178710651791618e-13,6.328665212322385658e-11,5.836264122141691287e-17,1.602903910588206335e-21,4.873456901788378160e-14,2.244402890823612569e-12,1.200200090440428842e-10,9.423713923458152184e-12,7.382730972709188322e-01,0.000000000000000000e+00,0.000000000000000000e+00,0.000000000000000000e+00,4.834211881773976755e-24,8.356341023066467919e-26
1.771874999999999839e-02,-1.367652669999999959e-01,0.000000000000000000e+00,2.023497710000000097e+03,1.644797920000000135e-01,4.518645314425817627e-02,2.933243893858630130e-02,1.550520092256805871e+00,2.810115381179917904e+02,6.551018666666159618e+00,1.623673968705267433e-04,2.318309988151358054e-05,6.307178094970597015e-04,4.367648386517197084e-02,3.160659137479661027e-03,1.111540599113647193e-01,3.769143766994449492e-06,1.860971638516043951e-07,8.904103032899786041e-19,4.707527426246173668e-19,5.450968935653346500e-18,2.241916728212274625e-19,8.066235113567909680e-18,1.978164548422593088e-18,4.065845296757857226e-03,9.828699562162504511e-02,7.299520864179294623e-10,3.324209897349244365e-12,2.553743717963620967e-17,4.129643976706983826e-19,1.076097109141910225e-18,3.779185486986442678e-23,7.656266663894821722e-21,2.043176688370752126e-25,2.877528177705432424e-25,3.042820547573626602e-29,2.797748817769049703e-29,1.750545028604099104e-19,1.672199368666572699e-19,1.959952708437115793e-21,1.413305118873017420e-09,4.063499526759727939e-10,3.723165087031113406e-11,4.639966366300047528e-11,1.166015839070208200e-09,2.488472648015668614e-04,1.742896398610198385e-07,4.953032156050405681e-07,7.411894074089687104e-09,1.123117039104416052e-13,4.182616046664743415e-11,3.680098197065455884e-17,1.055732529158149261e-21,3.407767117282615376e-14,1.554960018760060545e-12,8.697560763064484837e-11,6.743274484622850521e-12,7.385862044110446112e-01,0.000000000000000000e+00,0.000000000000000000e+00,0.000000000000000000e+00,2.516779937993096522e-24,3.571929607151710442e-26
1.776562500000000017e-02,-1.364581880000000080e-01,0.000000000000000000e+00,2.013669489999999996e+03,1.653778599999999877e-01,4.463081972511607348e-02,2.908057082685494912e-02,1.491165439322201580e+00,2.814277581055166024e+02,7.166698666667081774e+00,1.500973839614299483e-04,2.138077739450585006e-05,6.146854318420461863e-04,4.577717638823678575e-02,3.076750549209376819e-03,1.103168279716522371e-01,3.810217619020900141e-06,1.870617619519313249e-07,5.295894518639130416e-19,3.020334429223873971e-19,3.514270509096948678e-18,1.436117799630965268e-19,5.360751048622464226e-18,1.300761319665747221e-18,3.732097779040974717e-03,9.716447947503194238e-02,6.283112468385448155e-10,2.806448639278835391e-12,2.030842229478140494e-17,3.288604329154937744e-19,8.212076147889767821e-19,1.159969229701926341e-23,2.447766949371004910e-21,6.277038658387009495e-26,8.822458867732920212e-26,1.688613329566082307e-29,1.951803139498451182e-29,1.064976239726336282e-19,9.608773647530863089e-20,6.877729988232650271e-22,1.255804329677299887e-09,3.762669789033118187e-10,3.339501749141858779e-11,4.181325308925537898e-11,1.069745809725110616e-09,2.456657049368720595e-04,1.814939699533620425e-07,5.163050308673266585e-07,7.144340308164141387e-09,7.135578268166393518e-14,2.783703849284680443e-11,2.336192249399675722e-17,7.059722508185884428e-22,2.413471299379817822e-14,1.084509319721317037e-12,6.379466478360688116e-11,4.888796238743740952e-12,7.388961328101281145e-01,0.000000000000000000e+00,0.000000000000000000e+00,0.000000000000000000e+00,1.396666259641102945e-24,1.670910339570631684e-26
1.781249999999999847e-02,-1.361222490000000007e-01,0.000000000000000000e+00,2.003449579999999969e+03,1.663160860000000019e-01,4.407477497025994589e-02,2.882519637143179589e-02,1.431681478283700848e+00,2.816274312432960869e+02,7.771007999999747895e+00,1.386166430240422047e-04,1.968155200341364453e-05,5.975232971036368093e-04,4.790263680830842558e-02,2.989371080518488360e-03,1.094645280189859571e-01,3.847451110667317022e-06,1.879647640326013388e-07,3.171426580550064910e-19,1.959528960339868297e-19,2.287697090396786861e-18,9.286538191610694123e-20,3.606423090625511630e-18,8.686177641506563917e-19,3.421421080593424740e-03,9.601599581665339056e-02,5.395315320935784023e-10,2.363318900409902973e-12,1.610023740279248498e-17,2.615007920453557206e-19,6.304811261093531788e-19,3.713640580644108516e-24,8.181785881419080888e-22,2.024697090351171648e-26,2.783468670482775708e-26,1.043884080181055440e-29,1.390579640241187626e-29,6.583182231141812637e-20,5.774123201001487670e-20,2.493946680432559870e-22,1.110011240192524549e-09,3.477801840603203525e-10,2.996646230519749652e-11,3.775143290654775704e-11,9.792573431698461950e-10,2.424713940420551868e-04,1.889699550327757013e-07,5.377916370932766537e-07,6.885935701194323672e-09,4.557643110790495615e-14,1.866570920323745242e-11,1.493836320259096685e-17,4.784277320829804138e-22,1.730868510300208682e-14,7.618497621321381749e-13,4.740765700822256853e-11,3.594744590623486410e-12,7.392029821282102287e-01,0.000000000000000000e+00,0.000000000000000000e+00,0.000000000000000000e+00,8.114625521407432749e-25,8.471910211469400978e-27
1.785937500000000025e-02,-1.357579829999999987e-01,0.000000000000000000e+00,1.992848289999999906e+03,1.672948029999999919e-01,4.351853299336140568e-02,2.856649916874890588e-02,1.372241084160185975e+00,2.816109633928533071e+02,8.363093333333484480e+00,1.278859008899947377e-04,1.808369968444471039e-05,5.793846035016233034e-04,5.005060865694732630e-02,2.899026237506307450e-03,1.085977979065860383e-01,3.881083776661558574e-06,1.888206378375797425e-07,1.911647838355633300e-19,1.283121398896281091e-19,1.502907948707224187e-18,6.057600614789355776e-20,2.452720137890212190e-18,5.878566604943358029e-19,3.132705307305300949e-03,9.484355441841720025e-02,4.621978666024253649e-10,1.985083888292464959e-12,1.272321558905570741e-17,2.075667628214546483e-19,4.861638905818102435e-19,1.259085168916956643e-24,2.902544997503280643e-22,6.980338703995633480e-27,9.128699062147650705e-27,6.884211204078319909e-30,1.008646169132379911e-29,4.118012706457756528e-20,3.579718736920788027e-20,9.411135051904703595e-23,9.759922741604680907e-10,3.208511827240093276e-10,2.688529567687372856e-11,3.412385107064724805e-11,8.944583652306023279e-10,2.392680997941856920e-04,1.967442118307640144e-07,5.597522655185106664e-07,6.636493544291402424e-09,2.928000737481384337e-14,1.261496908914881996e-11,9.625626801720199497e-18,3.279040367179425579e-22,1.256682798919023142e-14,5.392844975361168053e-13,3.572055966927378529e-11,2.682693217692393639e-12,7.395068493638889962e-01,0.000000000000000000e+00,7.756126993328313430e-46,0.000000000000000000e+00,4.868394035812291371e-25,4.579421776060860261e-27
1.790624999999999856e-02,-1.353659630000000058e-01,0.000000000000000000e+00,1.981876500000000078e+03,1.683143330000000104e-01,4.296230727951575595e-02,2.830466207698265763e-02,1.313006441720176554e+00,2.813795121581221679e+02,8.942186666666309236e+00,1.178671229832361453e-04,1.658498969764117157e-05,5.604202799202932751e-04,5.221885619257308347e-02,2.806211599600881828e-03,1.077172719846797300e-01,3.911364609443698929e-06,1.896438599730275815e-07,1.159796689835046010e-19,8.463288998796294933e-20,9.958287708583664844e-19,3.982915739433523303e-20,1.684138689760470567e-18,4.025201369427509261e-19,2.864849699592541925e-03,9.364915198668059826e-02,3.950175779438179259e-10,1.663119099763460041e-12,1.002152489857466998e-17,1.644256449766142680e-19,3.760161349465204600e-19,4.594815539346494926e-25,1.110707689842027743e-22,2.620798789627252684e-27,3.158021929550845159e-27,4.714424699329482818e-30,7.432476428942904063e-30,2.600483829630141791e-20,2.268580649677347669e-20,3.726716779469961648e-23,8.536423428785892994e-10,2.954400689579805407e-10,2.410589749657149941e-11,3.086365999561036270e-11,8.152242408840533851e-10,2.360593789664260545e-04,2.048461579708653993e-07,5.821657939172005380e-07,6.395805569090346561e-09,1.892711779730805889e-14,8.595414168777502754e-12,6.251974899110802553e-18,2.268006319677428788e-22,9.233945748686687079e-15,3.847797189452740393e-13,2.730128389611703002e-11,2.032477769710927360e-12,7.398078298947796672e-01,0.000000000000000000e+00,5.614768329201429594e-46,3.279277709533598931e-47,2.987975719575030394e-25,2.594537859630987483e-27
1.795312500000000033e-02,-1.349467980000000067e-01,0.000000000000000000e+00,1.970545569999999998e+03,1.693749900000000030e-01,4.240631018885594045e-02,2.803986779423674885e-02,1.254137089841876662e+00,2.809351178362219343e+02,9.507626666667205129e+00,1.085234549430180495e-04,1.518276109202805080e-05,5.407779797160559929e-04,5.440517047143370727e-02,2.711410818576330886e-03,1.068235849439105878e-01,3.938548997932003303e-06,1.904488989000017961e-07,7.074535946285404290e-20,5.611745887053464578e-20,6.650778736507903990e-19,2.637545988615115113e-20,1.166039969387752138e-18,2.784229198538096144e-19,2.616765908626025611e-03,9.243476385146566499e-02,3.368149958231499869e-10,1.389806049270260551e-12,7.867117515869245432e-18,1.299695399317574417e-19,2.913956388469981162e-19,1.826573529040928935e-25,4.640767037563292172e-23,1.085132359430234124e-27,1.174125159383507074e-27,3.304391698264977142e-30,5.553865297083855376e-30,1.655236489130892106e-20,1.460841529232961946e-20,1.561815959179944136e-23,7.427037036100317464e-10,2.715043498574423329e-10,2.159277168866237542e-11,2.791995318534018923e-11,7.414026046107148109e-10,2.328485578777391937e-04,2.133083138879991040e-07,6.049988506823358495e-07,6.163642486763682483e-09,1.231266149353504399e-14,5.904837476899572078e-12,4.093556777850613551e-18,1.579736479170534491e-22,6.863804196396051149e-15,2.767518248546870760e-13,2.116730188888577468e-11,1.562919129179364647e-12,7.401060156113956623e-01,0.000000000000000000e+00,3.902171087951102665e-46,2.232749848827659283e-47,1.864689389020915419e-25,1.519607189202106288e-27
1.799999999999999864e-02,-1.345011279999999976e-01,0.000000000000000000e+00,1.958867230000000063e+03,1.704770810000000025e-01,4.185075232630838804e-02,2.777229764577265544e-02,1.195826586971346028e+00,2.802803255576211541e+02,1.005883733333315178e+01,9.981916284173070132e-05,1.387399179190107538e-05,5.206013516960996367e-04,5.660737536695552297e-02,2.615094358473442435e-03,1.059173669381708871e-01,3.962895187686666112e-06,1.912502288883579396e-07,4.336048127468838481e-20,3.733397267820634807e-20,4.473668457388502518e-19,1.757524428974047585e-20,8.130061225254087472e-19,1.942362148866148729e-19,2.387381418606369671e-03,9.120233874676077213e-02,2.865253188327412211e-10,1.158431779323767127e-12,6.154887936407092824e-18,1.025007659401653106e-19,2.260675408680333842e-19,7.920766855376263190e-26,2.120909378761922020e-23,4.950594737110097529e-28,4.777699917211024038e-28,2.352437748626767670e-30,4.200970897547689350e-30,1.060649119380847580e-20,9.519501754443005070e-21,6.968021835932425828e-24,6.427871206247739652e-10,2.489986908546473770e-10,1.931733278872353385e-11,2.525281808525870277e-11,6.728177456072435693e-10,2.296387218659487158e-04,2.221667648703104691e-07,6.282040896332867078e-07,5.939754126532676711e-09,8.058935785295607409e-15,4.088398787613402841e-12,2.701063468423257981e-18,1.105832119354472183e-22,5.158297296988850788e-15,2.006034778828979944e-13,1.664186789028533164e-11,1.218953569288437439e-12,7.404014975677916111e-01,0.000000000000000000e+00,2.734767808403583033e-46,1.458025499148879598e-47,1.178351619312138863e-25,9.107374844683581508e-28
1.804687500000000042e-02,-1.340296199999999882e-01,0.000000000000000000e+00,1.946853569999999991e+03,1.716209099999999876e-01,4.129584227742135599e-02,2.750213187435383497e-02,1.138338938714521298e+00,2.794174786680758871e+02,1.059528533333340228e+01,9.171958636784268890e-05,1.265534919556297498e-05,5.000298938246872582e-04,5.882333077937626498e-02,2.517719559117275775e-03,1.049992459631867853e-01,3.984659098602959356e-06,1.920624159326620088e-07,2.663940309066010129e-20,2.487453579127887239e-20,3.027853678938420242e-19,1.177128109587293384e-20,5.699813028001619031e-19,1.363811159521841348e-19,2.175642939237209476e-03,8.995379116846177747e-02,2.431878119147372399e-10,9.630839446623382371e-13,4.798657658317567887e-18,8.064611537172509819e-20,1.754387029384903689e-19,3.696649228703937716e-26,1.046392029633130128e-23,2.446989149142074375e-28,2.141502639249179190e-28,1.693075369406399932e-30,3.209826828874619777e-30,6.832518027604487933e-21,6.254063487807296970e-21,3.298486708843535015e-24,5.533927268059779812e-10,2.278750529201059331e-10,1.725578889395003906e-11,2.283008789199566332e-11,6.092741027863856765e-10,2.264327029206116264e-04,2.314618909188484070e-07,6.517187267715043952e-07,5.723866907993185483e-09,5.302161788141038066e-15,2.849793079000849546e-12,1.794074359370989082e-18,7.764896647277591848e-23,3.916123528626989543e-15,1.464246209486628416e-13,1.325665749535215529e-11,9.630373216623546776e-13,7.406943647403090303e-01,0.000000000000000000e+00,1.928138679323985395e-46,9.930271436518399635e-48,7.511908037366290120e-26,5.538017588058345014e-28
1.809374999999999872e-02,-1.335329660000000029e-01,0.000000000000000000e+00,1.934516920000000027e+03,1.728067769999999947e-01,4.074178703608639235e-02,2.722954904153047223e-02,1.082201745925672309e+00,2.777523713604567206e+02,1.137882666666662779e+01,8.419113547140351188e-05,1.152318999608601596e-05,4.792006088372340392e-04,6.105092927926335927e-02,2.419734649178109914e-03,1.040698459646514779e-01,4.004102308639960314e-06,1.929006789344790782e-07,1.637579649443777281e-20,1.656278479437426182e-20,2.058257369300889333e-19,7.908707757313717837e-21,4.006167908639259030e-19,9.601034496738898752e-20,1.980519959327293848e-03,8.869099466987509506e-02,2.059366809300512602e-10,7.984830487287861590e-13,3.727382608733951706e-18,6.328428107850477470e-20,1.360234099537980995e-19,1.787698899392787798e-26,5.366046078177361444e-24,1.262033059571336081e-28,1.024027999652177231e-28,1.226253889583488953e-30,2.469600789161172047e-30,4.408747828502519502e-21,4.116734258601704319e-21,1.603433569455375414e-24,4.739172398390285459e-10,2.080835929293220373e-10,1.538767599477340178e-11,2.062524419299439926e-11,5.505572958129969004e-10,2.232330849241763427e-04,2.412392449180603843e-07,6.754633577705711668e-07,5.515699378126529402e-09,3.497497728812035183e-15,1.994650049322494060e-12,1.196411849593625043e-18,5.457318698146359143e-23,2.999873188981058927e-15,1.074746969634949901e-13,1.068580279637044413e-11,7.693773007386722423e-13,7.409847067483160687e-01,0.000000000000000000e+00,1.358752359538484081e-46,7.009415847619170876e-48,4.800895958369321247e-26,3.375680508853411178e-28
1.818749999999999881e-02,-1.324662010000000056e-01,0.000000000000000000e+00,1.908911450000000059e+03,1.753070559999999889e-01,3.963698321834084604e-02,2.667771893710221137e-02,9.723620901650102955e-01,2.749005172748859991e+02,1.235463466666666754e+01,7.075031848417053968e-05,9.505988237873157687e-06,4.371996499021822409e-04,6.553415868533757349e-02,2.223303989502564779e-03,1.021792219771387178e-01,4.037720909096612408e-06,1.947157729564348771e-07,6.362443498576486201e-21,7.385393228347615134e-21,9.909580807782859802e-20,3.699003369172396600e-21,2.048541039541665523e-19,4.984944098884682798e-20,1.636947099633754297e-03,8.612875438072979672e-02,1.468187469671512076e-10,5.455656398779367316e-13,2.230053109501054646e-18,3.877623099132432040e-20,8.222866378160239741e-20,5.348085768803435388e-27,1.825849179591490019e-24,4.241557439051006863e-29,3.558363569203862393e-29,6.743407998491250663e-31,1.534205369656741445e-30,1.925018609569302171e-21,1.906495499573446330e-21,5.362011338800320442e-25,3.422078909234354428e-10,1.723604349614365932e-10,1.217547739727589578e-11,1.680156159624086747e-11,4.468336169000268062e-10,2.168606519514802494e-04,2.623775249412964538e-07,7.233414628381617331e-07,5.122665428853870293e-09,1.618054619637981367e-15,1.045100899766172211e-12,5.692350348726410157e-19,2.720780729391260832e-23,1.856872289584548888e-15,6.142322648625735024e-14,7.293441288368187048e-12,5.140096218849970833e-13,7.415580728340860350e-01,0.000000000000000000e+00,6.953835928444169410e-47,3.983812209108673072e-48,2.100741929529986288e-26,1.381218319690970248e-28
1.828124999999999889e-02,-1.313079540000000045e-01,0.000000000000000000e+00,1.882172589999999900e+03,1.779787270000000032e-01,3.853786588438343208e-02,2.611832067249865094e-02,8.678973925713739934e-01,2.713655613816017080e+02,1.326633600000003277e+01,5.922264985843323670e-05,7.788112774533735775e-06,3.955153137223985202e-04,7.004073595084031600e-02,2.028979568575914414e-03,1.002509149296366142e-01,4.065006927146882579e-06,1.967955608618745555e-07,2.461002388272689564e-21,3.254503317715752885e-21,4.885085446571292002e-20,1.759773038764863442e-21,1.061339309255074792e-19,2.632452328152353414e-20,1.347872689053964887e-03,8.353083844137197678e-02,1.037753419271629103e-10,3.690051177410053203e-13,1.315366709076779743e-18,2.352950418348527988e-20,4.951621886524591731e-20,1.692311378812212750e-27,6.654182175329610687e-25,1.524650918929889024e-29,1.467883248969732519e-29,3.792259807338315943e-31,9.776986523137800076e-31,8.560173023991846725e-22,9.035864573657972401e-22,2.037540558569905801e-25,2.420298068301258355e-10,1.413491089007909085e-10,9.551107753296337355e-12,1.362113709043969467e-11,3.596498507475715589e-10,2.105385428522287136e-04,2.860603487992220141e-07,7.708259164589782321e-07,4.756958136661220358e-09,7.730214694574372644e-16,5.696962056001457436e-13,2.817518338022460454e-19,1.348002979053873476e-23,1.197914839159216359e-15,3.649596767438447403e-14,5.169910876371380062e-12,3.543441487512954934e-13,7.421222694791245189e-01,0.000000000000000000e+00,3.470377597564236066e-47,2.464857638269983432e-48,9.432260683379753317e-27,5.813811455919444119e-29
1.837499999999999897e-02,-1.300642350000000003e-01,0.000000000000000000e+00,1.854403459999999995e+03,1.808243529999999932e-01,3.744583821089468578e-02,2.555266608293219402e-02,7.693286505775611683e-01,2.672077177334768976e+02,1.411338666666671493e+01,4.938582798850104050e-05,6.337723478524328792e-06,3.548795749173700603e-04,7.455674878264026417e-02,1.839289189571741145e-03,9.828959947711432554e-02,4.087647249048234528e-06,1.992441799536081098e-07,9.446462437800491247e-22,1.411679319671305707e-21,2.464737139426112295e-20,8.511952948018082874e-22,5.571981898702623521e-20,1.413757469670821763e-20,1.106219209742428586e-03,8.091004688116096299e-02,7.275068318306077669e-11,2.472186549424377935e-13,7.652183558218271428e-19,1.414890079670557885e-20,2.971563199308103105e-20,5.519748078714785284e-28,2.529612989411006921e-25,5.735939768664447518e-30,7.012817388367141441e-30,2.175302509493504106e-31,6.366405788517650430e-31,3.880696439096421541e-22,4.387852718978335243e-22,8.379789748048857145e-26,1.677113819609501908e-10,1.146567129733034087e-10,7.420893878272124669e-12,1.097876959744371085e-11,2.871105139331493604e-10,2.042789509524358402e-04,3.128167479271639283e-07,8.167656788098247680e-07,4.416256858971722145e-09,3.812517119112296401e-16,3.232124389247434163e-13,1.451720019661982513e-19,6.610033018460923857e-24,8.039488098128092191e-16,2.251657409475725549e-14,3.772816919121539513e-12,2.496336749418754851e-13,7.426777928270754670e-01,0.000000000000000000e+00,1.651551949615453745e-47,1.618105959623241316e-48,4.351607888986774484e-27,2.521887159412805581e-29
1.846874999999999906e-02,-1.287411049999999946e-01,0.000000000000000000e+00,1.825706519999999955e+03,1.838466769999999861e-01,3.636220881584260184e-02,2.498201307924219697e-02,6.773398133153430978e-01,2.624955457922720825e+02,1.489611733333320487e+01,4.103400717996271346e-05,5.123352257498218714e-06,3.159000538457430035e-04,7.906942596138966106e-02,1.656392129191168201e-03,9.629980895297589327e-02,4.107065657994481337e-06,2.021667959012800446e-07,3.596268788243908202e-22,6.012500957064039125e-22,1.271792049378972065e-20,4.184060347956884172e-22,2.963657058552818196e-20,7.721009396229759041e-21,9.054498205578602769e-04,7.827816906177603729e-02,5.060510197528904878e-11,1.641331079198522614e-13,4.391700337855491567e-19,8.435679275880780285e-21,1.777849379131859319e-20,1.825852029108419198e-28,9.860715525184920475e-26,2.259064228896877968e-30,4.910675847602070505e-30,1.270075619379810104e-31,4.221565057938570262e-31,1.791587629125151086e-22,2.183162658933941277e-22,3.461059678309932181e-26,1.138936899443846452e-10,9.190489875512197302e-11,5.705642217213880951e-12,8.790114395707704174e-12,2.273500448889828384e-10,1.980910219032703059e-04,3.433011838323628265e-07,8.598683115801181985e-07,4.098285717998769147e-09,1.937247159054024175e-16,1.907889359068359841e-13,7.785495646198270214e-20,3.199118418437840236e-24,5.601878987264549878e-16,1.440390829296643778e-14,2.813781038626003996e-12,1.783505169129097499e-13,7.432250886370761478e-01,0.000000000000000000e+00,7.268379296450782575e-48,1.099404509463150261e-48,2.063359048992442281e-27,1.128442969448970835e-29
1.856249999999999914e-02,-1.273445940000000054e-01,0.000000000000000000e+00,1.796182369999999992e+03,1.870486869999999913e-01,3.528817674976172936e-02,2.440755593233264950e-02,5.923841920496872859e-01,2.573004400652093295e+02,1.561570133333340316e+01,3.397833559379563780e-05,4.114803839248647398e-06,2.790499329490461603e-04,8.356726438474082475e-02,1.482045509729382378e-03,9.428590248278363728e-02,4.124371119246900583e-06,2.056706009624450715e-07,1.359991889751668762e-22,2.512106819541295553e-22,6.706077878775487292e-21,2.089844449618399631e-22,1.597970159708214885e-20,4.289828779216688330e-21,7.396150038649481825e-04,7.564589098618725027e-02,3.494429549361925707e-11,1.080490029802705262e-13,2.487321479545821309e-19,4.989799239088875325e-21,1.061322519806205186e-20,5.937713288915788720e-29,3.799349649306248638e-26,1.051973859807912311e-30,1.041921649809747751e-29,7.551555968621105070e-32,2.844072849480679381e-31,8.412151938463962953e-23,1.112533229796854054e-22,8.921058908371036028e-27,7.582960618615370445e-11,7.272999988671967386e-11,4.337799739207928243e-12,6.986112418724353351e-12,1.785905459673898187e-10,1.919813389649446854e-04,3.783265229309185475e-07,8.988121178358792069e-07,3.800880559305969226e-09,1.011159739815364831e-16,1.170687269786235438e-13,4.342784479207018454e-20,1.525959719721363516e-24,4.044176159261543635e-16,9.537669008258447170e-15,2.132935309610531415e-12,1.285254189765315841e-13,7.437645458641903851e-01,0.000000000000000000e+00,2.801229939488501835e-48,5.777823888944983977e-49,1.005417229816413346e-27,5.213110339048099330e-30
1.865624999999999922e-02,-1.258806219999999976e-01,0.000000000000000000e+00,1.765928609999999935e+03,1.904336739999999972e-01,3.422482599647976714e-02,2.383041929969101705e-02,5.146910919352603031e-01,2.516933444690304782e+02,1.627395199999998354e+01,2.804688080293847477e-05,3.283753060344039573e-06,2.446720460256343447e-04,8.804006300922397055e-02,1.317606430138045870e-03,9.225204340966526584e-02,4.140324220433782686e-06,2.098675150219878615e-07,5.049674480529055517e-23,1.029993210107912544e-22,3.609753040378195271e-21,1.060571420111116149e-22,8.744802120916195427e-21,2.426825310254259122e-21,6.033735220632156131e-04,7.302275320765060085e-02,2.396723360251105368e-11,7.057499840739415605e-14,1.390843770145718973e-19,2.930563010307035834e-21,6.330424540663240617e-21,1.618584200169579318e-29,1.174755490123079480e-26,1.138564600119287718e-30,4.654563980487659717e-29,4.634795720485588051e-32,1.944357860203710733e-31,4.011691010420305603e-23,5.803632530608047949e-23,0.000000000000000000e+00,4.951890990518810409e-11,5.677756960594860086e-11,3.259132910341459805e-12,5.508923410577170873e-12,1.391800600145819148e-10,1.859543870194824903e-04,4.189133190438896536e-07,9.323691990976845343e-07,3.522022670369002693e-09,5.402628250566033939e-17,7.456261000781194135e-14,2.516464250263650568e-20,7.170259880751229577e-25,3.018126290316209643e-16,6.524988000683624410e-15,1.637338990171544164e-12,9.310512260975463238e-14,7.442964980779800399e-01,0.000000000000000000e+00,7.120672270746034186e-49,0.000000000000000000e+00,5.034279510527442545e-28,2.496836250261594242e-30
1.874999999999999931e-02,-1.243549389999999977e-01,0.000000000000000000e+00,1.735038929999999937e+03,1.940053039999999895e-01,3.317312534149938208e-02,2.325165448444227109e-02,4.443129985732105491e-01,2.457420952530484328e+02,1.687323733333333209e+01,2.308416168983254809e-05,2.604149588852998253e-06,2.129894589061884843e-04,9.247890155926752342e-02,1.164052929487291227e-03,9.020218256027032200e-02,4.155305938169789441e-06,2.148780929053566347e-07,1.593274219298240358e-23,4.150252528172015278e-23,1.980580549127650512e-21,5.466248097592383251e-23,4.863569787857833881e-21,1.398899209383852960e-21,4.919913447833017348e-04,7.041715366898465556e-02,1.633702139280433787e-11,4.577562897983805916e-14,7.682754886616119864e-20,1.710484849246614605e-21,3.779472158335326297e-21,0.000000000000000000e+00,0.000000000000000000e+00,3.507844118454964566e-30,2.230431479017603161e-28,3.224239288579879306e-32,1.349033759405816165e-31,1.940214379145429919e-23,3.096268568636243648e-23,0.000000000000000000e+00,3.173385788602277118e-11,4.369671798075371776e-11,2.419018628934539857e-12,4.308889968102143109e-12,1.076172589525998238e-10,1.800129599207130233e-04,4.663644077945891144e-07,9.595193245773784085e-07,3.259845248564196233e-09,2.944144718703246621e-17,4.919210307833326609e-14,1.511987399334042984e-20,3.319779898537798003e-25,2.322705478976960661e-16,4.602795127972692809e-15,1.270098679440583261e-12,6.767934617019054251e-14,7.448212276719423652e-01,0.000000000000000000e+00,0.000000000000000000e+00,0.000000000000000000e+00,2.593640958857626695e-28,1.280575939435968457e-30
1.884374999999999939e-02,-1.227730729999999965e-01,0.000000000000000000e+00,1.703602480000000014e+03,1.977676710000000060e-01,3.213393271400917517e-02,2.267223743273027656e-02,3.812278181224269535e-01,2.395081054875550706e+02,1.741635199999997141e+01,1.895040600639713208e-05,2.052429590692843315e-06,1.841207810621540465e-04,9.687607433270267743e-02,1.022021150345005886e-03,8.814004552975363005e-02,4.169245971407421826e-06,2.208376200745486468e-07,5.326312911798014891e-24,1.647464620556138262e-23,1.105358460373138319e-21,2.858047650964797829e-23,2.750931760928638127e-21,8.207005372770456293e-22,4.013230491354755070e-04,6.783638442289968706e-02,1.107382670373821740e-11,2.950640630996054161e-14,4.194483941415941496e-20,9.930485463352255332e-22,2.262528120763766915e-21,0.000000000000000000e+00,0.000000000000000000e+00,1.318925770445232656e-29,1.000634350337786423e-27,3.657185921234563835e-32,9.532504393217908437e-32,9.499224843206673745e-24,1.684604120568675515e-23,0.000000000000000000e+00,1.996879420674090663e-11,3.313715261118618224e-11,1.773212440598587139e-12,3.342389021128297638e-12,8.256341762787111952e-11,1.741584740587910510e-04,5.223873641763434465e-07,9.795363253306643563e-07,3.012589661016966421e-09,1.630232680550321054e-17,3.351673931131431851e-14,9.393409943170954231e-21,1.515606730511626907e-25,1.838432320620603484e-16,3.340433821127637843e-15,9.945245483357238040e-13,4.933687211665475266e-14,7.453389742516057792e-01,0.000000000000000000e+00,0.000000000000000000e+00,0.000000000000000000e+00,1.392829280470180481e-28,8.533177802880564275e-31
1.893749999999999947e-02,-1.211402899999999977e-01,0.000000000000000000e+00,1.671703250000000025e+03,2.017253609999999919e-01,3.110800588708955566e-02,2.209306715838896262e-02,3.256535907243177652e-01,2.298322292295163720e+02,1.815340266666667191e+01,1.552072620411751151e-05,1.607370930426421226e-06,1.581048610419438295e-04,1.012249630268540895e-01,8.918722122366057195e-04,8.606911892283337917e-02,4.181592451109339832e-06,2.279148800604638070e-07,2.521403860668905710e-24,6.458949591713501802e-24,6.253755281659065166e-22,1.511153170400895594e-23,1.574875540417800515e-21,4.852785491287400729e-22,3.277804700869572170e-04,6.528669331731998260e-02,7.467162671980972306e-12,1.888382930500971083e-14,2.259972520599550942e-20,5.727933921519569708e-22,1.354301860359284506e-21,0.000000000000000000e+00,0.000000000000000000e+00,4.639732261230879864e-29,4.136148681097283922e-27,8.811112802337510527e-32,6.986619611853487087e-32,4.685548971243034468e-24,9.228795142448316237e-24,0.000000000000000000e+00,1.233720190327294998e-11,2.474673670656508871e-11,1.282692230340286852e-12,2.570635810681966920e-12,6.283654291666998106e-11,1.683911510446726675e-04,5.893105331563388848e-07,9.920350272631781073e-07,2.778581120737133069e-09,9.130471872422231869e-18,2.347772940622843224e-14,6.006700871593524587e-21,6.824098081810372534e-26,1.492292430395891910e-16,2.487987920660041502e-15,7.858026382084665145e-13,3.606010580956642756e-14,7.458499541978673708e-01,0.000000000000000000e+00,0.000000000000000000e+00,0.000000000000000000e+00,8.517865642259713799e-29,1.170216440310448154e-30
1.912499999999999964e-02,-1.177365269999999936e-01,0.000000000000000000e+00,1.606750500000000102e+03,2.102572719999999951e-01,2.909802587365034263e-02,2.093798405502643109e-02,2.339514647267959269e-01,2.166092906704770371e+02,1.893801066666661725e+01,1.044658069542037316e-05,9.760026275721349206e-07,1.147537169496936547e-04,1.097601339518827629e-01,6.678954797072043535e-04,8.191092366409144510e-02,4.220461748149811563e-06,2.467751958918173564e-07,1.950337359145000745e-25,1.006876049558600417e-24,2.136859029063232531e-22,4.502281408026265099e-24,5.699112727501592726e-22,1.947020629146454605e-22,2.225324099024450519e-04,6.029622407356701602e-02,3.414561098503106591e-12,7.844797466560956599e-15,6.588559907111672553e-21,1.957141659142017626e-22,5.229530267707450320e-22,0.000000000000000000e+00,0.000000000000000000e+00,2.815380748765778254e-28,3.549239218444066074e-26,6.379310877203404826e-31,6.198844917282518054e-32,1.222077959464258836e-24,3.341976958534926329e-24,0.000000000000000000e+00,4.516856288019876632e-12,1.331798469416159167e-11,6.576208847117086389e-13,1.509160019338406340e-12,3.584189638428743782e-11,1.571150289311230841e-04,7.651490256645698241e-07,9.946127345639763492e-07,2.360534258965176238e-09,3.137641198624504146e-18,1.335380299414588810e-14,2.886633898734542326e-21,1.378978799395475894e-26,1.073853429529238414e-16,1.558109519316947704e-15,5.151335487741730367e-13,1.994106279125812994e-14,7.468527696725907328e-01,0.000000000000000000e+00,0.000000000000000000e+00,0.000000000000000000e+00,1.284673139436818191e-28,6.250140937260029738e-30
1.931249999999999981e-02,-1.141856499999999996e-01,0.000000000000000000e+00,1.540830940000000055e+03,2.196402869999999896e-01,2.714672241504453506e-02,1.979256960835918538e-02,1.648028652688821871e-01,2.031739774778730805e+02,1.955918933333332177e+01,7.051857605115714479e-06,5.804172104210591742e-07,8.137901745903577142e-05,1.180526910856403988e-01,4.886447943544834421e-04,7.775297055640528754e-02,4.251493573084213027e-06,2.731180321981313373e-07,1.125272670816320324e-25,1.605462371164670345e-25,7.524639765458691492e-23,1.374797620997335905e-24,2.180605601581903506e-22,8.357632546062979722e-23,1.543159901119473204e-04,5.547906844024685230e-02,1.554315291127565933e-12,3.272591762374076375e-15,1.884486411367086204e-21,6.772889654913339259e-23,2.145910181556733547e-22,2.743061961989932791e-30,0.000000000000000000e+00,1.479371341073198487e-27,2.766671762007060160e-25,4.759507553452747579e-30,2.133003601547370750e-31,3.364037022440414624e-25,2.041359991480888452e-24,0.000000000000000000e+00,1.561381311132691761e-12,6.792378774927477790e-12,3.264992702368563475e-13,8.750278826347821821e-13,1.987502601441818267e-11,1.461637261060333079e-04,1.028342070746002563e-06,9.706020757041157041e-07,1.985236841440174435e-09,1.141875280828364292e-18,8.533133616190294094e-15,1.576558091143701822e-21,2.731531051981568065e-27,8.311130866029243351e-17,1.081332020784443868e-15,3.550399712575609209e-13,1.142353400828711292e-14,7.478306085425078242e-01,0.000000000000000000e+00,0.000000000000000000e+00,0.000000000000000000e+00,7.667519115562340722e-28,4.005010222905403486e-29
1.949999999999999997e-02,-1.105183019999999988e-01,0.000000000000000000e+00,1.474413489999999911e+03,2.299355869999999968e-01,2.525690295995014836e-02,1.866134340395699670e-02,1.138612322789211567e-01,1.897476939267972398e+02,2.003892800000001273e+01,4.820436337394981242e-06,3.383561768171485320e-07,5.645763596948965451e-05,1.260824439318636025e-01,3.493374418112140983e-04,7.361405606021813319e-02,4.264867207695217299e-06,3.099564518324960564e-07,1.043693439435976263e-25,2.695566768543285174e-26,2.676659088553502922e-23,4.212598027723464063e-25,8.697841235299588393e-23,3.829245137930632781e-23,1.102735619404069192e-04,5.085575917251698025e-02,7.094157646166237168e-13,1.403986909241269762e-15,5.410286897076220688e-22,2.436243258683426683e-23,9.575383604825355352e-23,4.441718237599645683e-29,2.349425538730344182e-25,5.840162546843910476e-27,1.701887689080280733e-24,2.835649288467583359e-29,1.164970069370437012e-30,1.231089809334705152e-25,4.489996957573554813e-24,0.000000000000000000e+00,5.148414467217738616e-13,3.306232728213274468e-12,1.600050929135314647e-13,5.104276897241590718e-13,1.071725169420827640e-11,1.355070149267705016e-04,1.432261649225989808e-06,9.260425434995561690e-07,1.648846749108944652e-09,4.384362217630641478e-19,6.040274716735768292e-15,9.677483594770178623e-22,5.394207767084909076e-28,6.789553926330848122e-17,8.187197125575546724e-16,2.583027138604103167e-13,6.851741526297242420e-15,7.487840715953486548e-01,0.000000000000000000e+00,0.000000000000000000e+00,0.000000000000000000e+00,4.333852677657937226e-27,2.067157448882884565e-28
1.968750000000000014e-02,-1.067610029999999932e-01,0.000000000000000000e+00,1.407894950000000108e+03,2.412165870000000101e-01,2.343059283231382905e-02,1.754796520557475384e-02,7.720672493367257416e-02,1.764821630726182207e+02,2.039559466666664633e+01,3.377081168704402033e-06,1.934035989258018234e-07,3.836582428528117453e-05,1.338368019486542992e-01,2.441335839063395684e-04,6.950983137333295592e-02,4.247123988370615610e-06,3.620299378611093143e-07,0.000000000000000000e+00,4.738083618182261570e-27,9.436211096379852525e-24,1.268000809513538911e-25,3.545029728639970044e-23,1.858987339286810284e-23,8.172011156864854948e-05,4.643922938218385255e-02,3.261486648748749327e-13,6.354282447562216410e-16,1.596686889387440163e-22,9.357835226409921004e-24,4.651976908215295923e-23,9.371732436404589599e-29,1.224090249530384735e-24,1.736437509333825970e-26,8.278901156823847844e-24,1.332474689488803830e-28,5.314585367961089648e-30,1.051140519596736215e-25,1.478050299432954537e-23,0.000000000000000000e+00,1.634527599372923063e-13,1.552746639404297705e-12,7.937531666954811285e-14,3.061174868825597820e-13,5.617021637845061913e-12,1.251009479520057426e-04,2.052371439212619543e-06,8.677477826670935816e-07,1.349571159482244826e-09,1.755546719326494470e-19,4.645714468217698447e-15,6.566498617480801144e-22,1.067540039590444432e-28,5.758005977790973853e-17,6.623423457458961900e-16,1.978676629240892070e-13,4.308064318347236264e-15,7.497137157123766604e-01,0.000000000000000000e+00,0.000000000000000000e+00,0.000000000000000000e+00,1.957430179249043041e-26,8.407273666774597890e-28
1.987500000000000031e-02,-1.029368289999999936e-01,0.000000000000000000e+00,1.341611779999999953e+03,2.535698900000000200e-01,2.166927925354346363e-02,1.645539358233150118e-02,5.138774104749480737e-02,1.634748238070613695e+02,2.064357386666657845e+01,2.456615089910083867e-06,1.083772029960332257e-07,2.557358829906396480e-05,1.413082079948278780e-01,1.669260979938902315e-04,6.545328729760430120e-02,4.181561479846947862e-06,4.371905259839981330e-07,0.000000000000000000e+00,8.419283339691838643e-28,3.244689259881238920e-24,3.690296129864929704e-26,1.477574309945918518e-23,9.400917789655910984e-24,6.295436879769577242e-05,4.223703629845405871e-02,1.511915289944661406e-13,3.108606729886220360e-16,4.952669429818724210e-23,3.938172639855856034e-24,2.451234099910280789e-23,1.246804169954365031e-28,3.541887039870360904e-24,3.940043089855788180e-26,3.216843599882258365e-23,4.919690029819931698e-28,1.826155209933159720e-29,1.518708409944412976e-25,4.186508539846767311e-23,0.000000000000000000e+00,5.041063179815489511e-14,7.151774879738233847e-13,4.107776869849648904e-14,1.928257779929422446e-13,2.858360309895379229e-12,1.148985789957945294e-04,2.969194899891322722e-06,8.017725079706538066e-07,1.086619849960227988e-09,7.203221859736351420e-20,3.798885929860955012e-15,4.832663609823116255e-22,2.097484629923228771e-29,5.002051629816916872e-17,5.604794909794855745e-16,1.583091569942056240e-13,2.818157199896851048e-15,7.506201599725260687e-01,0.000000000000000000e+00,0.000000000000000000e+00,0.000000000000000000e+00,7.119614919739411569e-26,2.680564049901887170e-27
2.006250000000000047e-02,-9.906615890000000646e-02,0.000000000000000000e+00,1.275852419999999938e+03,2.670960829999999842e-01,1.997411528293958558e-02,1.538603916739282769e-02,3.356232830853335403e-02,1.539077837981929235e+02,2.076037866666670695e+01,1.876094819559807116e-06,5.959025978601818563e-08,1.675699529606826293e-05,1.484921069651589376e-01,1.119159909737408665e-04,6.145527128558059965e-02,4.047364109050356667e-06,5.479094948714426417e-07,0.000000000000000000e+00,1.406458549669999039e-28,1.077506269747181908e-24,1.041420339755648872e-26,6.962768158366308029e-24,4.506131718942714706e-24,5.031813848819372670e-05,3.825309829102457870e-02,7.057629538344051456e-14,1.669846589608199738e-16,1.637572579615772463e-23,1.851573039565560517e-24,1.472300569654550585e-23,1.233974349710469467e-28,7.742140438183442574e-24,6.978272608362671158e-26,1.014536759761956620e-22,1.423949879665895066e-27,4.472003098950722860e-29,2.086251559510497656e-25,9.630516097740366900e-23,0.000000000000000000e+00,1.528508059641362313e-14,3.310230519223312220e-13,2.289266989462863320e-14,1.296378579695827456e-13,1.412033939668690905e-12,1.048749709753929156e-04,4.225985999008446186e-06,7.327329638280770105e-07,8.590653997984353102e-10,2.974453199302096606e-20,3.236340419240649563e-15,3.796336119109255893e-22,4.026114619055343060e-30,4.406972608965980599e-17,4.874117328856373648e-16,1.308917339692885357e-13,1.895280029555305991e-15,7.515041668236727146e-01,0.000000000000000000e+00,0.000000000000000000e+00,0.000000000000000000e+00,2.136565269498692377e-25,6.680876828432448518e-27
2.015625000000000056e-02,-9.711987340000000080e-02,0.000000000000000000e+00,1.243259109999999964e+03,2.743323160000000205e-01,1.915170871346229611e-02,1.486076975746465981e-02,2.668654150277542311e-02,1.475277027190765864e+02,2.080908800000001335e+01,1.666801389361786756e-06,4.348769298334868564e-08,1.342711139485879843e-05,1.519751179418091791e-01,9.081781676522612595e-05,5.948133717722477176e-02,3.933156378494005536e-06,6.198276327626697876e-07,4.402001438314486804e-25,5.747619947799253127e-29,6.059523447679826764e-25,5.480882707901386283e-27,5.395406377934114695e-24,2.553676539022204436e-24,4.544787528259814393e-05,3.634405738608396247e-02,4.776939708170923683e-14,1.245094719523256962e-16,9.395040466402666510e-24,1.291208509505599959e-24,1.257525549518497243e-23,1.100942889578452069e-28,1.063943659592619063e-23,8.421532906775421189e-26,1.720555379341204571e-22,2.100561019195701664e-27,5.670946547828611692e-29,1.474019519435602326e-25,1.353209939481859949e-22,0.000000000000000000e+00,8.288025076826541160e-15,2.245751669140108355e-13,1.742860849332663678e-14,1.082535589585500319e-13,9.725020656276318187e-13,9.993901316173365885e-05,4.967709008097879270e-06,6.982281187326505462e-07,7.544681567111163952e-10,1.897491589273456382e-20,3.012798418846408719e-15,3.398344948698783600e-22,1.687322069353929152e-30,4.146736398412226762e-17,4.568761448250635316e-16,1.199242099540813733e-13,1.557578289403608013e-15,7.519379257120851756e-01,0.000000000000000000e+00,0.000000000000000000e+00,0.000000000000000000e+00,3.441922408682098140e-25,9.558249326340175501e-27
2.025000000000000064e-02,-9.516902139999999788e-02,0.000000000000000000e+00,1.210892299999999977e+03,2.819051570000000173e-01,1.834652854738783728e-02,1.434214888457707726e-02,2.108855205703853014e-02,1.412432046526006104e+02,2.083436159999994430e+01,1.500412449898348337e-06,3.154235869786303415e-08,1.071504139927406581e-05,1.553837939894728848e-01,7.342273279502567159e-05,5.752565779610268465e-02,3.790448349743200370e-06,7.031400209523628722e-07,0.000000000000000000e+00,2.165870959853264205e-29,3.377250129771194340e-25,2.969952849798788427e-27,4.846877259671628279e-24,6.722560139544552485e-25,4.134544279719888236e-05,3.449128759766324076e-02,3.228901419781244581e-14,9.444643869360132551e-17,5.429744279632139081e-24,9.217492849375522513e-25,1.206345699918271095e-23,9.567892569351784035e-29,1.392996409905625926e-23,1.011511489931471028e-25,2.743324559814142162e-22,3.198729479783288815e-27,6.093520779587169509e-29,2.515854769829552963e-25,1.793477339878493423e-22,0.000000000000000000e+00,4.499674789695151736e-15,1.537406909895842010e-13,1.358424409907967866e-14,9.189945289377389232e-14,6.635990309550417176e-13,9.506572899355937784e-05,5.767493809609256543e-06,6.640256249550128188e-07,6.580597089554170397e-10,1.206117929918286661e-20,2.817969909809085338e-15,3.075550849791634181e-22,7.064112099521413353e-31,3.906497429735338072e-17,4.293588809709113099e-16,1.103942099925208883e-13,1.282959519913080676e-15,7.523662539490278967e-01,0.000000000000000000e+00,0.000000000000000000e+00,0.000000000000000000e+00,5.534732869625027242e-25,1.302966249911725087e-26
2.034375000000000072e-02,-9.321580000000000144e-02,0.000000000000000000e+00,1.178780590000000075e+03,2.898309219999999908e-01,1.755868485940398349e-02,1.383039051861996438e-02,1.654143386978918634e-02,1.350563281299002938e+02,2.083656000000005903e+01,1.367663269665132945e-06,2.272552579443574018e-08,8.520263187913845163e-06,1.587178659611385434e-01,5.918152658550963446e-05,5.558924428638918613e-02,3.618700839113975004e-06,7.946654718054292204e-07,1.303211089680913934e-25,1.305984339680235020e-29,1.864866219543394727e-25,1.685348549587349043e-27,4.994527278777108956e-24,0.000000000000000000e+00,3.784909139073279379e-05,3.269473459199481735e-02,2.177150459466933123e-14,7.247343418225514506e-17,3.142242689230633967e-24,6.707671048357652535e-25,1.315868129677814767e-23,7.567127458147218640e-29,1.758674789569395264e-23,1.075844499736583693e-25,4.181920728976073093e-22,4.043423019009983586e-27,4.259714558957025391e-29,2.180467099466120968e-25,2.261836849446197889e-22,0.000000000000000000e+00,2.444020639401591126e-15,1.061980699739978051e-13,1.083128099734800206e-14,7.922449258060218287e-14,4.483142058902320096e-13,9.026914417789794545e-05,6.601651118383611656e-06,6.303425678456630429e-07,5.698853488604658036e-10,7.630386898131729619e-21,2.644567539352488322e-15,2.809689379312058563e-22,3.255646239202867454e-31,3.682453289098365154e-17,4.041385469010482473e-16,1.019956479750267545e-13,1.057485729741078823e-15,7.527892988156824616e-01,0.000000000000000000e+00,0.000000000000000000e+00,0.000000000000000000e+00,8.077287488022307507e-25,1.664806109592378661e-26
2.043750000000000080e-02,-9.126237249999999412e-02,0.000000000000000000e+00,1.146951450000000023e+03,2.981267859999999770e-01,1.678828934119460173e-02,1.332569697404786292e-02,1.287089923835898521e-02,1.289708426181029779e+02,2.081612159999992073e+01,1.261171920510019594e-06,1.625732550657448192e-08,6.754498682731526839e-06,1.619770580655037207e-01,4.760271561925059382e-05,5.367305822170544832e-02,3.418408681382408485e-06,8.881801413591811300e-07,5.325569142153666186e-26,4.492244371816669014e-30,1.031067020416964826e-25,1.079060870436373358e-27,5.643772722282348216e-24,0.000000000000000000e+00,3.483279991408642017e-05,3.095429141251795219e-02,1.462672570591506457e-14,5.596658442263294885e-17,1.810090970732002618e-24,4.971073692010309116e-25,1.584711750640859231e-23,6.037068502441397283e-29,2.142679460866502173e-23,1.173190450474439702e-25,6.100204782466930128e-22,5.441977972200742265e-27,0.000000000000000000e+00,2.092893860846368799e-25,2.719581961099801826e-22,0.000000000000000000e+00,1.330446250538034139e-15,7.399699272992447496e-14,8.824496793568636640e-15,6.924831162800409141e-14,2.996761021211893802e-13,8.556582863460292167e-05,7.442302703009675706e-06,5.973417142415656416e-07,4.897724471980645489e-10,4.801147991941590677e-21,2.487381731005900487e-15,2.589150141047055161e-22,1.315966920532178744e-31,3.471806321404002217e-17,3.807073481539585039e-16,9.449981273821583037e-14,8.710841553522674028e-16,7.532072123045978618e-01,0.000000000000000000e+00,0.000000000000000000e+00,0.000000000000000000e+00,1.203483840486690298e-24,2.051651390829690600e-26
2.053125000000000089e-02,-8.931086109999999967e-02,0.000000000000000000e+00,1.115431350000000066e+03,3.068107869999999737e-01,1.603545044858603955e-02,1.282825879760493906e-02,9.933167109164118408e-03,1.229888347902272727e+02,2.077315519999994819e+01,1.175088449946790672e-06,1.154472499947724187e-08,5.341662889758123697e-06,1.651610999925213208e-01,3.824892699826804753e-05,5.177801499765542770e-02,3.192116629855457087e-06,9.759529139558076805e-07,0.000000000000000000e+00,1.208146779945293892e-30,5.745800579739824695e-26,7.761844309648534723e-28,6.633612259699621985e-24,0.000000000000000000e+00,3.219844719854201746e-05,2.926978749867463481e-02,9.783767589556980905e-15,4.329800449803940985e-17,1.033299439953211134e-24,3.750488089830173693e-25,2.019868939908538199e-23,4.520546269795304803e-29,2.536066809885164396e-23,1.192140069946018686e-25,8.590118759611030413e-22,6.561012259702910716e-27,0.000000000000000000e+00,1.864562829915570665e-25,3.124978589858497396e-22,0.000000000000000000e+00,7.275429529670560897e-16,5.193981589764811132e-14,7.335433809667844067e-15,6.126112219722602643e-14,1.981165729910290715e-13,8.097347269633343612e-05,8.259772519625987038e-06,5.651422769744098027e-07,4.175546229810926754e-10,3.003642499863991975e-21,2.342691269893920670e-15,2.405055149891096401e-22,6.021762929727327479e-32,3.272499979851816823e-17,3.587087949837572407e-16,8.773510699602726259e-14,7.162364589675680599e-16,7.536201549658751997e-01,0.000000000000000000e+00,0.000000000000000000e+00,0.000000000000000000e+00,1.693354519923322857e-24,2.407477839890986720e-26
2.062500000000000097e-02,-8.736337780000000275e-02,0.000000000000000000e+00,1.084246049999999968e+03,3.159017680000000272e-01,1.530027817089410838e-02,1.233825873216477624e-02,7.605819333998146622e-03,1.171127935894785708e+02,2.070771093333332757e+01,1.104816129453434474e-06,8.136563115974745285e-09,4.216980357913809879e-06,1.682696999167549723e-01,3.073628818479439946e-05,4.990499817531141025e-02,2.944474328543333921e-06,1.050894599480110096e-06,0.000000000000000000e+00,9.917858175093519452e-31,3.286943568373910178e-26,6.244706986910669153e-28,7.841073486120928852e-24,0.000000000000000000e+00,2.986991018522300268e-05,2.764101198632566356e-02,6.511293076778787055e-15,3.343679948345841281e-17,5.826148787117736254e-25,2.892016708569285243e-25,2.621969838702880435e-23,3.265517028384510561e-29,2.924746218553093379e-23,1.169964739421204780e-25,1.171201519420592956e-21,7.467825876305578996e-27,0.000000000000000000e+00,1.593221689211814452e-25,3.435918988300210321e-22,0.000000000000000000e+00,4.005432328018465382e-16,3.664208208187273018e-14,6.211503226927095949e-15,5.475046937291429448e-14,1.294851539359421601e-13,7.650937646214990117e-05,9.025234785535110396e-06,5.338296477359081006e-07,3.530719878253310806e-10,1.868885159075440533e-21,2.207849698907750515e-15,2.251530478886140871e-22,3.134955198449100729e-32,3.083028858474788651e-17,3.378941808328397437e-16,8.157244685964514297e-14,5.872004077095050698e-16,7.540282896269733248e-01,0.000000000000000000e+00,0.000000000000000000e+00,0.000000000000000000e+00,2.303162888860598004e-24,2.713393498657652069e-26
2.071875000000000105e-02,-8.542202990000000162e-02,0.000000000000000000e+00,1.053420669999999973e+03,3.254193380000000024e-01,1.458288300001284003e-02,1.185587306660338021e-02,5.781853463466739805e-03,1.113451695389087064e+02,2.061970346666662124e+01,1.046765529461637274e-06,5.691306737072900448e-09,3.325770278289521325e-06,1.713025449118972809e-01,2.473183188728015556e-05,4.805486637528487426e-02,2.681783088620730680e-06,1.108246339430017129e-06,4.429807527721703608e-27,1.967277518988208624e-31,1.973637498984937511e-26,5.401035497222190430e-28,9.157409885290246016e-24,0.000000000000000000e+00,2.778820568570823088e-05,2.606771488659309979e-02,4.309618927783517202e-15,2.570884838677766478e-17,3.239659028333809229e-25,2.295255808819525759e-25,3.385781368258657015e-23,2.283420788825612570e-29,3.295074348305308576e-23,1.113849509427135408e-25,1.550709249202453937e-21,8.079151865844806961e-27,0.000000000000000000e+00,1.305925449328348823e-25,3.619864638138264920e-22,0.000000000000000000e+00,2.224561318855884620e-16,2.590765958667541542e-14,5.349552637248669155e-15,4.934613477462076158e-14,8.364609505697993263e-14,7.218903146287242395e-05,9.713128965004435225e-06,5.034633167410635616e-07,2.961292708476975816e-10,1.155527969405699852e-21,2.080982088929728904e-15,2.124516238907338734e-22,1.154939829406002123e-32,2.902294228507318997e-17,3.180911288364023589e-16,7.591405656095659506e-14,4.794988887533886550e-16,7.544317796119877073e-01,0.000000000000000000e+00,0.000000000000000000e+00,0.000000000000000000e+00,3.019987368446788242e-24,2.963173468476008386e-26
2.081250000000000114e-02,-8.348893270000000422e-02,0.000000000000000000e+00,1.022979919999999993e+03,3.353837889999999877e-01,1.388337615438852216e-02,1.138127353453096541e-02,4.367551485438936343e-03,1.056884105537933181e+02,2.050892586666669359e+01,9.981509436707273346e-07,3.951646558696420510e-09,2.622286159134953684e-06,1.742592979425149069e-01,1.995075049341859472e-05,4.622846168475003986e-02,2.411362309204533760e-06,1.146172599621897682e-06,0.000000000000000000e+00,1.648251399456270552e-31,1.270300779580949975e-26,4.831160518406284265e-28,1.048626359654076378e-23,0.000000000000000000e+00,2.590768489145350533e-05,2.454961189190150994e-02,2.836244199064372457e-15,1.965097029351748327e-17,1.777441989413652891e-25,1.892590479375667486e-25,4.298491098582002961e-23,1.550454199488532182e-29,3.634959148800890572e-23,1.032958219659245128e-25,1.999524799340391749e-21,8.351335827245039489e-27,0.000000000000000000e+00,1.031306999659789841e-25,3.660583668792437222e-22,0.000000000000000000e+00,1.248412769588170530e-16,1.830634499396105665e-14,4.678834148456534855e-15,4.478035478522773896e-14,5.340482908238268165e-14,6.802504817755972003e-05,1.030299259660122325e-05,4.740833658436081793e-07,2.464585749186976124e-10,7.109061597654844729e-22,1.960766279353177434e-15,2.021478179333149551e-22,6.314807377916855396e-33,2.729496649099586474e-17,2.991810759013053515e-16,7.068522537668217513e-14,3.895855018714825257e-16,7.548307857509944929e-01,0.000000000000000000e+00,0.000000000000000000e+00,5.550403578169018216e-38,3.797045928747420331e-24,3.164447968956103952e-26
2.090625000000000122e-02,-8.156622089999999992e-02,0.000000000000000000e+00,9.929482000000000426e+02,3.458160020000000112e-01,1.320186971792480443e-02,1.091462919960705519e-02,3.281826954281693003e-03,1.001452449641424494e+02,2.037515519999997693e+01,9.568213563430130426e-07,2.724787410976814585e-09,2.068618320741583219e-06,1.771395970635031569e-01,1.615296660579070955e-05,4.442661801592659443e-02,2.140844200767475947e-06,1.165371150417776398e-06,0.000000000000000000e+00,0.000000000000000000e+00,8.846019093171228007e-27,4.358783241562588466e-28,1.174402520421014110e-23,0.000000000000000000e+00,2.419302620867301221e-05,2.308638830827628927e-02,1.856234120665445429e-15,1.492413940535018576e-17,9.649165303459149957e-26,1.636196750586563676e-25,5.339579461914197149e-23,1.024388920367235402e-29,3.934707511410561634e-23,9.366886533357955119e-26,2.517497130902502954e-21,8.292497842972795565e-27,0.000000000000000000e+00,7.870573132821538736e-26,3.561928301276923481e-22,0.000000000000000000e+00,7.087892012540952204e-17,1.289505170462277387e-14,4.149956051487726203e-15,4.085903701464764379e-14,3.370670201208359115e-14,6.402652162295300188e-05,1.078052790386473303e-05,4.457155371597855197e-07,2.036955450730232576e-10,4.351440401559958011e-22,1.846273950661874811e-15,1.941177620695896962e-22,0.000000000000000000e+00,2.564055310919193438e-17,2.810830181007660183e-16,6.582821192359889909e-14,3.146130631127863024e-16,7.552254632707424697e-01,0.000000000000000000e+00,0.000000000000000000e+00,1.764861890632689210e-37,4.545599341629561482e-24,3.338141171196697561e-26
2.100000000000000130e-02,-7.965605010000000041e-02,0.000000000000000000e+00,9.633496039999999994e+02,3.567373369999999877e-01,1.253847586165702903e-02,1.045610816538206957e-02,2.455842680694806258e-03,9.471831084930460065e+01,2.021845439999997396e+01,9.211220673769781138e-07,1.867204748737073657e-09,1.633676938895025316e-06,1.799430598782914004e-01,1.313909639111307239e-05,4.265016917115258682e-02,1.877477558730125390e-06,1.168190479209867842e-06,0.000000000000000000e+00,0.000000000000000000e+00,6.610782335528647831e-27,3.916408977351047476e-28,1.286122439130101961e-23,0.000000000000000000e+00,2.261687388470256550e-05,2.167769988533779432e-02,1.208622939182520570e-15,1.126434039238110595e-17,5.210776986475572875e-26,1.490556938991827833e-25,6.481834505615864003e-23,6.607306245530998462e-30,4.186601857168296281e-23,8.333812144363238100e-26,3.102495557901556979e-21,7.952153694621380752e-27,0.000000000000000000e+00,5.832039486055366933e-26,3.347404877735906701e-22,0.000000000000000000e+00,4.074576037244067327e-17,9.038676083886486045e-15,3.727718967478672697e-15,3.744101337467592089e-14,2.104062688576869235e-14,6.019885415928313431e-05,1.113787499246664531e-05,4.183751107170225099e-07,1.673728748867935590e-10,2.650461378207300260e-22,1.736855768825238356e-15,1.883505348726048408e-22,0.000000000000000000e+00,2.405547638372952878e-17,2.637418298216122586e-16,6.129778835853983933e-14,2.522707118293709788e-16,7.556159574889219632e-01,0.000000000000000000e+00,0.000000000000000000e+00,3.369836987720734364e-37,5.146255126519213197e-24,3.516320157621657068e-26
2.109375000000000139e-02,-7.776057000000000108e-02,0.000000000000000000e+00,9.342076090000000477e+02,3.681696500000000150e-01,1.189330721938240340e-02,1.000587917920320313e-02,1.832368855728801205e-03,8.941097823040682613e+01,2.003871146666660152e+01,8.897831001222387521e-07,1.272887000174869715e-09,1.292249250177529662e-06,1.826692840250951633e-01,1.074593610147628015e-05,4.089995630561885087e-02,1.627522800223589590e-06,1.157719950159048115e-06,0.000000000000000000e+00,2.261332340310662635e-32,5.196883410713949605e-27,3.485828840478884366e-28,1.378398100189364710e-23,0.000000000000000000e+00,2.115799750290669134e-05,2.032317370279200161e-02,7.834760951076342288e-16,8.456663071161778891e-18,2.821637680387637966e-26,1.428101430196193099e-25,7.693099211056880430e-23,4.169825000572852101e-30,4.386478240602616091e-23,7.296476661002392564e-26,3.750683910515270681e-21,7.402792681016997955e-27,0.000000000000000000e+00,4.219973900579741739e-26,3.053768390419527854e-22,0.000000000000000000e+00,2.373073210326013544e-17,6.298078060865232434e-15,3.386471640465235140e-15,3.442310480472905972e-14,1.299954270178588181e-14,5.654397380776802909e-05,1.137320040156245347e-05,3.920697850538626701e-07,1.369307660188115883e-10,1.606748460220735687e-22,1.632058690224212983e-15,1.849473140254081130e-22,0.000000000000000000e+00,2.253664220309608752e-17,2.471199040339494256e-16,5.705801410783865175e-14,2.006601420275667490e-16,7.560024041038597709e-01,0.000000000000000000e+00,0.000000000000000000e+00,5.324826940731527088e-37,5.487789050753914130e-24,3.739555230513741501e-26
2.118750000000000147e-02,-7.588194080000000563e-02,0.000000000000000000e+00,9.055452609999999822e+02,3.801350840000000120e-01,1.126647443631614322e-02,9.564112799263559464e-03,1.364795915143910332e-03,8.422656813172125112e+01,1.983565333333338998e+01,8.618304412188241264e-07,8.642735952194444434e-10,1.024122820260031121e-06,1.853178600470533621e-01,8.841691392244961601e-06,3.917683370994724107e-02,1.395820980354407607e-06,1.137106680288718350e-06,7.751933621968264481e-26,1.251657780317803851e-31,4.208695011068613754e-27,3.068392530779083785e-28,1.447469070367521655e-23,0.000000000000000000e+00,1.979986340502730842e-05,1.902240720482990810e-02,5.061066711285036487e-16,6.322664131605362949e-18,1.548343810393134439e-26,1.426517950362201872e-25,8.938363252269505733e-23,2.579496840654950393e-30,4.532640941150865914e-23,6.302127921600150121e-26,4.456849541131622083e-21,6.722599871706910345e-27,0.000000000000000000e+00,3.001316630762053548e-26,2.721310440690957415e-22,0.000000000000000000e+00,1.400990090355719910e-17,4.361630771107446026e-15,3.107099000788911909e-15,3.172937830805629168e-14,7.956703932020257178e-15,5.306083321347247788e-05,1.148979930291733233e-05,3.668017660931332076e-07,1.117405610283716237e-10,9.740319362473128133e-23,1.531566880388874432e-15,1.841194060467490610e-22,2.221165740563967822e-33,2.108175300535278910e-17,2.311912330587009155e-16,5.307992031347732061e-14,1.581984410401675564e-16,7.563849201920508358e-01,0.000000000000000000e+00,0.000000000000000000e+00,7.571943951922563230e-37,5.515663531400460676e-24,4.054424501029444089e-26
2.128125000000000155e-02,-7.402234829999999877e-02,0.000000000000000000e+00,8.773853530000000092e+02,3.926558170000000181e-01,1.065808616741617185e-02,9.130982729826427752e-03,1.015900349032705652e-03,7.916867109407033354e+01,1.960886079999999865e+01,8.365164560656603372e-07,5.852583400459383558e-10,8.132723970638358331e-07,1.878883740147478387e-01,7.321203790574660056e-06,3.748167530294203853e-02,1.185591490093060091e-06,1.109157130087060619e-06,7.398591520580734852e-26,5.599760730439538490e-32,3.458384410271457566e-27,2.671103300209661486e-28,1.491203250117048293e-23,0.000000000000000000e+00,1.852953620145443120e-05,1.777496710139520389e-02,3.261334450255990365e-16,4.714318220370038859e-18,8.719762970684437663e-27,1.467044380115152146e-25,1.018188560079920192e-22,1.566370690122948459e-30,4.625532950363069922e-23,5.380866710422358990e-26,5.214740860409318362e-21,5.981450410469498966e-27,0.000000000000000000e+00,2.112113560165785150e-26,2.384673640187179144e-22,0.000000000000000000e+00,8.389275120658494500e-18,3.003747890235772315e-15,2.875069950225671811e-15,2.930342250230009548e-14,4.829797390379103068e-15,4.974606090390469620e-05,1.149493740090226625e-05,3.425692570268890951e-07,9.113773160715364268e-11,5.822157910456996293e-23,1.435159740112649417e-15,1.862027100146155512e-22,0.000000000000000000e+00,1.968906200154544432e-17,2.159372900169494745e-16,4.933986210387280596e-14,1.235401050096969865e-16,7.567636040594002411e-01,0.000000000000000000e+00,0.000000000000000000e+00,1.005367360078913746e-36,5.253843120412387280e-24,4.511430470354114029e-26
2.137500000000000164e-02,-7.218401759999999723e-02,0.000000000000000000e+00,8.497505700000000388e+02,4.057537390000000022e-01,1.006824788522022590e-02,8.706666681485333500e-03,7.564863542365509071e-04,7.424126502292588725e+01,1.935779519999989873e+01,8.132659870958399554e-07,3.957696910466397289e-10,6.471155800762598529e-07,1.903804150224355229e-01,6.101413690719025984e-06,3.581537910422068899e-02,9.984582661176641707e-07,1.076171240126822252e-06,2.141347400252348945e-26,0.000000000000000000e+00,2.858029230336806593e-27,2.300781090271136970e-28,1.509015140177831065e-23,0.000000000000000000e+00,1.733683550204307078e-05,1.658038740195392699e-02,2.098635440247315340e-16,3.510527200413700434e-18,5.108485660602013722e-27,1.533401240180704733e-25,1.138912610134216038e-22,9.346873241101489186e-31,4.667322570550024104e-23,4.548959970536075777e-26,6.017382480709123176e-21,5.233757000616776224e-27,0.000000000000000000e+00,1.479504490174353495e-26,2.067727990243672873e-22,0.000000000000000000e+00,5.099378760600940076e-18,2.059428000242694620e-15,2.679167440315728734e-15,2.710279740319395011e-14,2.910465760342986184e-15,4.659464600549098449e-05,1.139863810134328091e-05,3.193674820376361141e-07,7.445708260877444428e-11,3.453797840407015754e-23,1.342682270158229467e-15,1.916910530225899751e-22,1.783477930210175295e-33,1.835719240216331451e-17,2.013442010237275672e-16,4.581833890539949410e-14,9.552131301125677870e-17,7.571385320892255466e-01,0.000000000000000000e+00,0.000000000000000000e+00,1.272363060149942462e-36,4.784267350563804788e-24,5.163648180608514604e-26
2.146875000000000172e-02,-7.036922430000000506e-02,0.000000000000000000e+00,8.226636019999999689e+02,4.194500629999999841e-01,9.497060035924759572e-03,8.291347337497471937e-03,5.640197615581273461e-04,6.944845188117116663e+01,1.908182613333404021e+01,7.916350765901972503e-07,2.675710311994854813e-10,5.158476233845860554e-07,1.927935851437357073e-01,5.117242503815119732e-06,3.417887212548179066e-02,8.346548756222703476e-07,1.039926180775308826e-06,4.091308483050242554e-26,3.189029412377555661e-31,2.364439761762789392e-27,1.962191031462895827e-28,1.501714051119590985e-23,0.000000000000000000e+00,1.621369321208799129e-05,1.543816751150980417e-02,1.349775311006314330e-16,2.614156621948963461e-18,3.150580212348890191e-27,1.611294901201288032e-25,1.252835450934041421e-22,5.485297834089520667e-31,4.661478083475328064e-23,3.812496872842377208e-26,6.857352035112445508e-21,4.516867853367515499e-27,0.000000000000000000e+00,1.036760160772948493e-26,1.783199581329450253e-22,0.000000000000000000e+00,3.149255122347902041e-18,1.407911301049657135e-15,2.510655051871799059e-15,2.509505541870941924e-14,1.742698241299255113e-15,4.360056603250605243e-05,1.121257090835944345e-05,2.971893942215671977e-07,6.106397744552575485e-11,2.055785861532674977e-23,1.254024240934927809e-15,2.013046481500810731e-22,7.216182075379967770e-33,1.708500891273759163e-17,1.874008521397152363e-16,4.249914093168489685e-14,7.311547805451067418e-17,7.575097515647553070e-01,0.000000000000000000e+00,0.000000000000000000e+00,1.555385731159605291e-36,4.205259463135197583e-24,6.066337574522710606e-26
2.156249999999999833e-02,-6.858030310000000351e-02,0.000000000000000000e+00,7.961472250000000486e+02,4.337648519999999785e-01,8.944616923870761863e-03,7.885212844479176642e-03,4.213460710811508538e-04,6.479442256825676338e+01,1.878025280000004571e+01,7.712796208680064423e-07,1.810257259690200137e-10,4.118648229295152210e-07,1.951275059666067180e-01,4.318000489261035616e-06,3.257311329442557496e-02,6.933326448813459717e-07,1.001736759828567117e-06,8.614624378525729916e-26,1.749777669700550573e-33,1.953620549665665739e-27,1.657827709716286237e-28,1.471293209748209204e-23,0.000000000000000000e+00,1.515366459740666610e-05,1.434776929754458426e-02,8.682931578514038863e-17,1.948890069666475095e-18,2.059746589647503975e-27,1.688424739711050262e-25,1.357187329767736674e-22,3.162331659458812050e-31,4.612373829210658341e-23,3.170671049457384925e-26,7.727013618677631267e-21,3.853102119340596524e-27,0.000000000000000000e+00,7.567277498704969125e-27,1.535261979737261705e-22,0.000000000000000000e+00,1.977874939661514599e-18,9.614420508354629865e-16,2.362719029595654394e-15,2.325489739602025723e-14,1.037526599822441945e-15,4.075730819302497032e-05,1.094912639812621316e-05,2.760261249527620211e-07,5.037752929137859709e-11,1.174061309799076192e-23,1.169105519799924362e-15,2.161248359630132983e-22,1.498961849743473867e-34,1.587152439728381305e-17,1.740976389702056555e-16,3.936871179326260286e-14,5.540803769051769778e-17,7.578772788703000973e-01,0.000000000000000000e+00,0.000000000000000000e+00,1.853856259682738804e-36,3.599073739384069525e-24,7.277512018754556908e-26
2.165624999999999842e-02,-6.681965439999999756e-02,0.000000000000000000e+00,7.702243469999999661e+02,4.487164570000000130e-01,8.411005534560235530e-03,7.488457344833631714e-03,3.155532258883084846e-04,6.028356660322585725e+01,1.845234453333331359e+01,7.519317201700584107e-07,1.226389620277362814e-10,3.292811680744708683e-07,1.973818250446402744e-01,3.664356000828737955e-06,3.099909640701081423e-02,5.728968911295674533e-07,9.625431872176905994e-07,0.000000000000000000e+00,0.000000000000000000e+00,1.610075590364137958e-27,1.388295600313979617e-28,1.420675780321303014e-23,0.000000000000000000e+00,1.415155620320054416e-05,1.330861480300990322e-02,5.588966041264010515e-17,1.455891610329267299e-18,1.427124560322761223e-27,1.754714850396849976e-25,1.449684360327863456e-22,1.801223980407368568e-31,4.524949691023371997e-23,2.618392330592180727e-26,8.618709351949225404e-21,3.253405620735797068e-27,0.000000000000000000e+00,5.148861161164477026e-27,1.322852290299178784e-22,0.000000000000000000e+00,1.264236050285922160e-18,6.570060841485898359e-16,2.230080710504359414e-15,2.156215290487653834e-14,6.144255831389596959e-16,3.805826390860732967e-05,1.062071290240200122e-05,2.558672860578674142e-07,4.188431420947263739e-11,7.177525791623282136e-24,1.087865860246033904e-15,2.378354850537893634e-22,3.778924180854649266e-33,1.471583450332816027e-17,1.614256560365083400e-16,3.641565540823583151e-14,4.158560730940507644e-17,7.582410961714852737e-01,0.000000000000000000e+00,0.000000000000000000e+00,2.169343990490622860e-36,3.019945520682996581e-24,8.859210432003616973e-26
2.174999999999999850e-02,-6.508974709999999775e-02,0.000000000000000000e+00,7.449180099999999811e+02,4.643208629999999726e-01,7.896303662308605878e-03,7.101281104544650800e-03,2.370085699641388789e-04,5.592048830490846711e+01,1.809737493333328118e+01,7.333819069204671555e-07,8.322646799097437036e-11,2.635358799714204463e-07,1.995562249783588149e-01,3.125847589661012168e-06,2.945785159680539694e-02,4.713156629488874429e-07,9.229988498999038440e-07,4.242718499539891697e-26,2.677175119709669159e-34,1.322581139856570628e-27,1.152822249874980426e-28,1.353441289853224008e-23,0.000000000000000000e+00,1.320314289856816368e-05,1.232008219866393035e-02,3.600098159609581251e-17,1.090515729881737255e-18,1.040762089887132908e-27,1.802366299804539531e-25,1.528573169834231415e-22,9.983967138917274123e-32,4.404430109522354451e-23,2.148195659767035524e-26,9.524913738967056602e-21,2.721108279704905177e-27,0.000000000000000000e+00,3.657851159603319168e-27,1.142375579876113324e-22,0.000000000000000000e+00,8.227733889107729748e-19,4.499904499512001366e-16,2.108711479771317539e-15,2.000035719783102887e-14,3.619856059607439280e-16,3.549700119615047420e-05,1.023926489888958692e-05,2.367011289743305486e-07,3.514340689618881685e-11,3.745239079593841712e-24,1.010257579890441039e-15,2.690288799708247845e-22,0.000000000000000000e+00,1.361707099852327554e-17,1.493761729838006746e-16,3.363033579635290717e-14,3.092509029664627532e-17,7.586011479177322547e-01,0.000000000000000000e+00,0.000000000000000000e+00,2.504690149728374696e-36,2.496712579729239784e-24,1.087914559882019412e-25
2.184374999999999858e-02,-6.339311820000000097e-02,0.000000000000000000e+00,7.202513529999999946e+02,4.805909349999999969e-01,7.400577595441853139e-03,6.723890518341692213e-03,1.785736337094641216e-04,5.170960548568036330e+01,1.771465813333330530e+01,7.154658193788061184e-07,5.657916752995605599e-11,2.110834911117589491e-07,2.016504341067645867e-01,2.678885801418346545e-06,2.795044591479847046e-02,3.863709572045655660e-07,8.835460004677968044e-07,0.000000000000000000e+00,0.000000000000000000e+00,1.082395740573078574e-27,9.496700555028065028e-29,1.273545910674283768e-23,0.000000000000000000e+00,1.230495220651490326e-05,1.138150330602598001e-02,2.320242711228461216e-17,8.193025694337829114e-19,7.904507164185071264e-28,1.825602830966572349e-25,1.592641730843230153e-22,5.570088172949104927e-32,4.256100842253408541e-23,1.751545610927362651e-26,1.043835630552662747e-20,2.255054051193946839e-27,0.000000000000000000e+00,2.615610171384844891e-27,9.894324375238589098e-23,0.000000000000000000e+00,5.450493752885784126e-19,3.092357781637260622e-16,1.995608261056582564e-15,1.855576260982442118e-14,2.121263111123110897e-16,3.306743441750767702e-05,9.815930825197082351e-06,2.185146421156933913e-07,2.978492831576974381e-11,2.350939461244713530e-24,9.362404504956962528e-16,3.132303101658410340e-22,0.000000000000000000e+00,1.257436910665754542e-17,1.379402980730330233e-16,3.100454561641547845e-14,2.279956671207131852e-17,7.589573344018328838e-01,0.000000000000000000e+00,0.000000000000000000e+00,2.861720111515148135e-36,2.040562531080383631e-24,1.341247090710128427e-25
2.193749999999999867e-02,-6.173236900000000221e-02,0.000000000000000000e+00,6.962475369999999657e+02,4.975355599999999878e-01,6.923881175031552405e-03,6.356497642920925714e-03,1.349838096194659837e-04,4.575018642685493120e+01,1.709425546666667373e+01,6.980541856443158023e-07,3.848299003552045361e-11,1.691542981561322890e-07,2.036642311879855449e-01,2.305175692127716358e-06,2.647798222443962721e-02,3.158485832915336073e-07,8.444759617794656204e-07,4.601045624246843889e-29,1.724123091591394853e-34,8.824835218145472944e-28,7.765445967167638263e-29,1.185136841093901406e-23,0.000000000000000000e+00,1.145409851057232835e-05,1.049215890968444032e-02,1.493978051378966989e-17,6.174025205698730244e-19,6.182777535706808140e-28,1.820539371680388891e-25,1.641201201514856657e-22,3.765087653475239938e-32,4.085137133770651180e-23,1.419676261310385172e-26,1.135211771047819875e-20,1.850106161707679221e-27,0.000000000000000000e+00,1.881387141736552316e-27,8.597329257935481744e-23,0.000000000000000000e+00,3.664836433382706201e-19,2.130519621966505869e-16,1.888604781743214464e-15,1.721666051589127152e-14,1.234697231139646625e-16,3.076391202839561217e-05,9.360900158640269203e-06,2.012935791857974021e-07,2.550505892354160077e-11,1.320562401218901551e-24,8.657779427991277867e-16,3.739821733451919160e-22,2.416910632230849774e-35,1.158684331069485320e-17,1.271087541173235266e-16,2.853122092633479961e-14,1.666572891538275058e-17,7.593095147008556145e-01,0.000000000000000000e+00,0.000000000000000000e+00,3.237329192988109703e-36,1.652384251525178685e-24,1.654351011526994080e-25
2.212499999999999883e-02,-5.852719609999999795e-02,0.000000000000000000e+00,6.502976230000000442e+02,5.334769969999999528e-01,6.027107794636839266e-03,5.652334838896032679e-03,7.865135885073573716e-05,4.021080287574767453e+01,1.642517973333329806e+01,6.644559382620894550e-07,1.817594630716936319e-11,1.101318830434406626e-07,2.074525860818280665e-01,1.733390470683722398e-06,2.364175770932530618e-02,2.113674760833722574e-07,7.680557823029536243e-07,0.000000000000000000e+00,0.000000000000000000e+00,5.825412292297788596e-28,5.107413092014579387e-29,9.957029543927473195e-24,0.000000000000000000e+00,9.885400993899219434e-06,8.856099223493219680e-03,6.291297792481553858e-18,3.630096631431863526e-19,4.020911441586017234e-28,1.727699500681477556e-25,1.692316730667521074e-22,8.607152503395024332e-31,3.691707201456165502e-23,9.221166353637218206e-27,1.316036650519100407e-20,1.230404580485323514e-27,0.000000000000000000e+00,7.928626553127385195e-28,6.570684812591755709e-23,0.000000000000000000e+00,1.781423530702668893e-19,1.041126840410664540e-16,1.688394570665974297e-15,1.482197610584641325e-14,4.176043321647207840e-17,2.651475201045854044e-05,8.385446993307573658e-06,1.696463930669157141e-07,1.941822610765936887e-11,4.091445311613839395e-25,7.352451262900117705e-16,5.488711812164979061e-22,0.000000000000000000e+00,9.771444953854270030e-18,1.071951750422823060e-16,2.401484150947246749e-14,8.875682723500943493e-18,7.600011142997765701e-01,0.000000000000000000e+00,0.000000000000000000e+00,4.005031581579753317e-36,1.067559620421090513e-24,2.481468720978796188e-25
2.221874999999999892e-02,-5.698733549999999981e-02,0.000000000000000000e+00,6.283880860000000439e+02,5.524730909999999717e-01,5.606741728183963804e-03,5.315798360096094487e-03,6.008880771601832150e-05,3.664077340598952759e+01,1.592714879999996214e+01,6.480375772073639588e-07,1.243368800397862622e-11,8.857211412834197943e-08,2.092283740669504677e-01,1.506060970481920824e-06,2.227955320712917894e-02,1.720345070550489127e-07,7.308681992338687721e-07,0.000000000000000000e+00,0.000000000000000000e+00,4.697880981503263738e-28,4.096495821310828154e-29,9.016202502885074041e-24,0.000000000000000000e+00,9.161567082931588332e-06,8.106922942594114653e-03,4.050529241296118715e-18,2.776801100888541503e-19,3.285792321051412542e-28,1.628285750521031190e-25,1.694298290542154323e-22,2.437385380779933033e-32,3.481257801113959545e-23,7.355944582353810793e-27,1.403937970449242910e-20,9.837533953147888741e-28,0.000000000000000000e+00,0.000000000000000000e+00,5.759617981843005834e-23,0.000000000000000000e+00,1.250670830400199007e-19,7.252763392320793257e-17,1.592910600509711601e-15,1.374101230439695369e-14,2.390091740764799412e-17,2.455498320785729234e-05,7.886215752523491297e-06,1.551710570496528086e-07,1.708643220546744856e-11,2.227417240712745882e-25,6.750389242160041145e-16,6.442977112061671742e-22,0.000000000000000000e+00,8.940714232860918410e-18,9.808230833138511736e-17,2.195693050702594460e-14,6.371514042038805605e-18,7.603402462432995446e-01,0.000000000000000000e+00,0.000000000000000000e+00,4.317221491381457084e-36,8.476263232712299989e-25,3.031913840970175122e-25
2.231249999999999900e-02,-5.549416530000000208e-02,0.000000000000000000e+00,6.072312680000000000e+02,5.721232290000000109e-01,5.205469970198443180e-03,4.990150136708995307e-03,4.605786869276249512e-05,3.167650140294756511e+01,1.513725919999999903e+01,6.318328209919255291e-07,8.520070829891118696e-12,7.129518229908889798e-08,2.109234889973045368e-01,1.311412959983241088e-06,2.095698299973218146e-02,1.399667249982113380e-07,6.944241289911257845e-07,0.000000000000000000e+00,1.263555119983852556e-32,3.776761559951735426e-28,3.268176209958235274e-29,8.108792219896375272e-24,0.000000000000000000e+00,8.477328829891666074e-06,7.403659079905386062e-03,2.606205519966694339e-18,2.133382709972736835e-19,2.693866549965574028e-28,1.506015839980754144e-25,1.683960819978479960e-22,2.310015709970479534e-33,3.265653269958267233e-23,5.839825139925370741e-27,1.489604529980963996e-20,7.799894829900322118e-28,0.000000000000000000e+00,1.911703359975569681e-28,5.063956479935286157e-23,0.000000000000000000e+00,8.871248569886631213e-20,5.061649799935315532e-17,1.500322149980827030e-15,1.273230959983729002e-14,1.360138299982618378e-17,2.270334719970986588e-05,7.385707089905616347e-06,1.415941659981905363e-07,1.512101159980676379e-11,1.196292239984712230e-25,6.182416209920992503e-16,7.331444119906309330e-22,0.000000000000000000e+00,8.161280009895704227e-18,8.953198149885583423e-17,2.003071299974401965e-14,4.553045019941815070e-18,7.606743119902791284e-01,0.000000000000000000e+00,0.000000000000000000e+00,4.571989309941572484e-36,6.695338799914437193e-25,3.688199249952867580e-25
2.249999999999999917e-02,-5.265592919999999982e-02,0.000000000000000000e+00,5.672268800000000510e+02,6.133024489999999718e-01,4.459270599236708418e-03,4.372070828110877216e-03,2.750908924855888137e-05,2.580534425569431889e+01,1.402666346666665120e+01,5.999729217618516081e-07,4.057822718389321308e-12,4.687754348139281335e-08,2.140756699150265507e-01,1.002910219601912914e-06,1.843451409268275637e-02,9.343918416291101096e-08,6.238210807523855754e-07,0.000000000000000000e+00,0.000000000000000000e+00,2.433713569033981537e-28,2.061569359181697482e-29,6.460921497435455217e-24,0.000000000000000000e+00,7.221672087133488899e-06,6.128615657567357787e-03,1.085786579569016687e-18,1.301685679483319525e-19,1.825408379275437075e-28,1.209357969519967477e-25,1.626706779354308234e-22,5.781499867705138651e-34,2.829585838876847839e-23,3.645672048552916794e-27,1.653034759343858071e-20,4.837654988079780325e-28,0.000000000000000000e+00,2.921587598840329031e-28,3.956102708429697031e-23,0.000000000000000000e+00,4.628212388162915447e-20,2.487882519012479870e-17,1.323658399474597918e-15,1.091157409566884911e-14,4.371471818264823119e-18,1.930854139233582410e-05,6.397376177460678586e-06,1.170102139535549160e-07,1.200985649523290671e-11,3.324826948680270782e-26,5.145267947957679408e-16,8.603265636585089936e-22,0.000000000000000000e+00,6.749199917321027220e-18,7.404126507061065378e-17,1.655113649343032853e-14,2.347261299068296801e-18,7.613257886978056499e-01,0.000000000000000000e+00,0.000000000000000000e+00,4.903848278053505621e-36,4.150251498352633044e-25,5.349848827876475248e-25
2.268749999999999933e-02,-5.002592980000000050e-02,0.000000000000000000e+00,5.303528300000000399e+02,6.567851679999999748e-01,3.785765167191333224e-03,3.798623852877636674e-03,1.659476909267629146e-05,2.062108950848734423e+01,1.282027093333332957e+01,5.686331274970673533e-07,1.938872388285147036e-12,3.106358927252553596e-08,2.169207318081425306e-01,7.700548123189182034e-07,1.607961428577824037e-02,6.258212274464869010e-08,5.561459605081117945e-07,0.000000000000000000e+00,0.000000000000000000e+00,1.561336768619061533e-28,1.286303258862317435e-29,5.090259865497874200e-24,0.000000000000000000e+00,6.104114384601160682e-06,5.016861065562792238e-03,4.482072806035790535e-19,8.098283852837400751e-20,1.235228538907490913e-28,9.152552941904942723e-26,1.528923088647730397e-22,1.379639888779764935e-34,2.407304027870838677e-23,2.240016838018797188e-27,1.803617238404774495e-20,2.912932117423630984e-28,0.000000000000000000e+00,1.617774108569145027e-28,3.119843097240626603e-23,0.000000000000000000e+00,2.431032657849851469e-20,1.206641328932775222e-17,1.158946488974959533e-15,9.309772521765888952e-15,1.371245568787189514e-18,1.629181908559055233e-05,5.456477605173969716e-06,9.561223981543490217e-08,9.541522981560915123e-12,8.751161002259958984e-27,4.232650856256393917e-16,8.842064772179556007e-22,2.206732638048235585e-36,5.519214645118480535e-18,6.054797994644779447e-17,1.352745508803552100e-14,1.197295468941041295e-18,7.619528563260840048e-01,0.000000000000000000e+00,0.000000000000000000e+00,4.989669505586841102e-36,2.539083217754285228e-25,7.608876273270260870e-25
2.287499999999999950e-02,-4.762212899999999915e-02,0.000000000000000000e+00,4.967152899999999818e+02,7.021064449999999679e-01,3.183701973650671958e-03,3.271218975210849790e-03,1.009949992843391231e-05,1.613212330926402061e+01,1.153434293333332050e+01,5.377380023104020541e-07,9.315933055377497943e-13,2.079604121200423659e-08,2.194639671266826741e-01,5.925632963420492670e-07,1.390057900802392325e-02,4.219421852435604760e-08,4.914582972836877432e-07,0.000000000000000000e+00,0.000000000000000000e+00,1.003805840579433488e-28,8.000718164618309263e-30,4.005586142312171424e-24,0.000000000000000000e+00,5.116468862953413479e-06,4.058893352342942198e-03,1.834804241059116173e-19,5.146044402970485485e-20,8.311027154797429414e-29,6.605796443813109439e-26,1.401710370809118580e-22,3.152407781819685410e-35,2.013334011162170447e-23,1.360215000785166069e-27,1.939566411119588809e-20,1.712562790988554057e-28,0.000000000000000000e+00,9.058613285228964758e-29,2.486049741435039190e-23,0.000000000000000000e+00,1.275766690736419431e-20,5.771104423331292879e-18,1.007452490581538770e-15,7.898316554559197889e-15,4.225292882438994425e-19,1.363054210786804756e-05,4.585094542646684505e-06,7.720893774456783135e-08,7.519092434340296295e-12,2.199668881269729702e-27,3.439362781985326371e-16,8.246538114760204352e-22,0.000000000000000000e+00,4.460530282574781314e-18,4.893384082824640647e-17,1.092878670630849664e-14,6.089584053515130741e-19,7.625514664401726872e-01,0.000000000000000000e+00,0.000000000000000000e+00,4.835810302791407188e-36,1.541935840890062069e-25,1.062578680613359304e-24
2.306249999999999967e-02,-4.545943969999999973e-02,0.000000000000000000e+00,4.663777259999999956e+02,7.486129780000000400e-01,2.651186734389242815e-03,2.790935808311731815e-03,6.194367293679752602e-06,1.233205550438846387e+01,1.019189653333332757e+01,5.072890068105881163e-07,4.513457918314761781e-13,1.410127489473485639e-08,2.217133819172164844e-01,4.565004988295515617e-07,1.190445419555510691e-02,2.872185918927581064e-08,4.299616088394606081e-07,4.831010318196194393e-27,1.951053729271513982e-34,6.516374247566912451e-29,5.004762268131318600e-30,3.180567398812437718e-24,0.000000000000000000e+00,4.250974068412768467e-06,3.244049798788734527e-03,7.461266047214107500e-20,3.353486168747872841e-20,5.549698577927849858e-29,4.578372768290524238e-26,1.256182909530965591e-22,6.961429487400735222e-36,1.656885259381351060e-23,8.204887396936453571e-28,2.059897299230874169e-20,9.876349106312362325e-29,0.000000000000000000e+00,5.141540768080248324e-29,2.005578659251155763e-23,0.000000000000000000e+00,6.675352897507552535e-21,2.737823258977749781e-18,8.700643086751348270e-16,6.655900377514815865e-15,1.290520259518144563e-19,1.130295159577969795e-05,3.797280598582168893e-06,6.158653507700477259e-08,5.858476337812558151e-12,5.318019738014353670e-28,2.759043968969826482e-16,7.193747117313993001e-22,3.471714608703728657e-34,3.561065818670366865e-18,3.906636918541336652e-17,8.723013806742996674e-15,3.108697408839272348e-19,7.631172647150668009e-01,0.000000000000000000e+00,0.000000000000000000e+00,4.471320158330494939e-36,9.353497576507585481e-26,1.458134299455560757e-24
2.324999999999999983e-02,-4.354845909999999903e-02,0.000000000000000000e+00,4.393503450000000043e+02,7.954787599999999514e-01,2.185596342345894408e-03,2.358360727280951492e-03,3.824963025378671831e-06,9.196591940211551020e+00,8.821860266666639916e+00,4.773428737670076607e-07,2.212993308919832091e-13,9.708323555261341561e-09,2.236800608908211807e-01,3.519450698282146592e-07,1.009629159507197289e-02,1.978758579034162598e-08,3.720084108184217195e-07,7.335531236419508521e-27,4.252232727924473548e-36,4.303708537899348190e-29,3.176650268449469214e-30,2.572461868744374398e-24,0.000000000000000000e+00,3.499821438291727871e-06,2.560557208750184870e-03,3.023636008524155183e-20,2.258895498897426899e-20,3.675030598206207809e-29,3.064626918504147452e-26,1.102388859461920920e-22,1.502136369266803059e-36,1.342799449344576199e-23,4.945782297585950538e-28,2.164351578943574154e-20,5.606175297263610467e-29,0.000000000000000000e+00,2.968925818550859834e-29,1.642564349198259989e-23,0.000000000000000000e+00,3.499351488291957372e-21,1.304713049363165941e-18,7.470635526353562113e-16,5.566435527283008229e-15,3.954090268069997868e-20,9.287065155466958576e-06,3.100484338486645356e-06,4.851014917632206435e-08,4.514400057796509537e-12,1.257412779386253345e-28,2.184120748933924787e-16,5.990440167076049416e-22,0.000000000000000000e+00,2.807518478629642625e-18,3.079965188496660782e-17,6.876151806643732893e-15,1.602792459217672885e-19,7.636459236272623574e-01,0.000000000000000000e+00,0.000000000000000000e+00,3.947176988073371787e-36,5.705771797214998584e-26,1.966644329040075334e-24
2.343750000000000000e-02,-4.189436030000000255e-02,0.000000000000000000e+00,4.155824769999999830e+02,8.417527259999999512e-01,1.783528135819897800e-03,1.973424791033099798e-03,2.375699083655760765e-06,6.682054228414952668e+00,7.457117866666689743e+00,4.479944680861418593e-07,1.102602030212011952e-13,6.800807691307681618e-09,2.253783820433364893e-01,2.715894700522221175e-07,8.478387091630250685e-03,1.382368960265806439e-08,3.180534720611563752e-07,1.180073200226908303e-27,0.000000000000000000e+00,2.911077710559751619e-29,2.062480120396580595e-30,2.135968560410710927e-24,0.000000000000000000e+00,2.854845070548939164e-06,1.995687190383737316e-03,1.226323540235801600e-20,1.593299860306365011e-20,2.412572370463897514e-29,1.994673280383542428e-26,9.486503871824095935e-23,3.210684220617361291e-37,1.072493060206222644e-23,2.998354160576533658e-28,2.253299910433272160e-20,3.137525370603294108e-29,0.000000000000000000e+00,1.752638130337003196e-29,1.370147350263456510e-23,0.000000000000000000e+00,1.855797040356838818e-21,6.351101131221211205e-19,6.381692671227093334e-16,4.617152450887801465e-15,1.232574720237003688e-20,7.559919601453646795e-06,2.496770410480087251e-06,3.772716130725429894e-08,3.447076600662815166e-12,2.961550910569456974e-29,1.705856320328007769e-16,4.822935640927369658e-22,0.000000000000000000e+00,2.185548620420244511e-18,2.397638720461025799e-17,5.352320301029162248e-15,8.394024141614031244e-20,7.641335361469301368e-01,0.000000000000000000e+00,0.000000000000000000e+00,3.329379670640183578e-36,3.523780270677564317e-26,2.606477910501182092e-24
2.362500000000000017e-02,-4.049615069999999706e-02,0.000000000000000000e+00,3.949597299999999791e+02,8.864370390000000377e-01,1.440806697208513567e-03,1.635272424036698230e-03,1.483017459687940408e-06,4.726546243746512665e+00,6.131644799999978801e+00,4.193620849449171404e-07,5.604986619263789295e-14,4.855222049362270985e-09,2.268259879702066162e-01,2.098975459724301484e-07,7.049633559074036659e-03,9.806087028711978251e-09,2.685728429647232137e-07,0.000000000000000000e+00,0.000000000000000000e+00,2.026574559733811127e-29,1.378421339818945621e-30,1.830611489759550800e-24,0.000000000000000000e+00,2.307367109696929540e-06,1.536028619798243807e-03,5.002090629342980146e-21,1.196957659842780646e-20,1.569561309793839684e-29,1.273284779832755185e-26,8.012832728947521596e-23,6.917197759091432481e-38,8.448240338890330636e-24,1.839829299758340031e-28,2.327625769694268279e-20,1.742462899771128933e-29,0.000000000000000000e+00,1.063286749860338196e-29,1.167723869846620479e-23,0.000000000000000000e+00,1.007012239867729846e-21,3.210686449578279039e-19,5.426813929287191995e-16,3.797032029501263718e-15,3.967307399478897862e-21,6.097205469199137528e-06,1.983909499739414888e-06,2.897280719619444526e-08,2.614182359656629072e-12,6.814066559104978663e-30,1.314529139827337765e-16,3.783886379502989737e-22,1.746313099770623322e-36,1.680094129779320919e-18,1.843134129757905792e-17,4.114228039459599670e-15,4.486150139410748077e-20,7.645770198995734956e-01,0.000000000000000000e+00,0.000000000000000000e+00,2.687416489647009820e-36,2.216925169708808948e-26,3.392867689554349088e-24
2.381250000000000033e-02,-3.934646730000000009e-02,0.000000000000000000e+00,3.773070710000000076e+02,9.285846479999999570e-01,1.152564055167373510e-03,1.342192470595903256e-03,9.298887826117335997e-07,3.254189994318157364e+00,4.877240533333340622e+00,3.915742669005820741e-07,2.917132699259360387e-14,3.535929849102252779e-09,2.280434469421014076e-01,1.625941919587184877e-07,5.805132738526118039e-03,7.069098728205205685e-09,2.239717729431351702e-07,8.210006117915537325e-28,3.877182519015611135e-37,1.455276099630515610e-29,9.516646527583790515e-31,1.623000019587931661e-24,0.000000000000000000e+00,1.848195269530756175e-06,1.167866889703486925e-03,2.061935589476489718e-21,9.729051607529863201e-21,1.011283859743242217e-29,8.051243737955846571e-27,6.646136518312593509e-23,1.534826519610318486e-38,6.568578788332284293e-24,1.149217119708221815e-28,2.388596029393552355e-20,1.497535069619786725e-29,0.000000000000000000e+00,6.659761618309134726e-30,1.019178029741238050e-23,0.000000000000000000e+00,5.642240048567475046e-22,1.705359479567021394e-19,4.596334248833023378e-16,3.095663309214033122e-15,1.337114369660516146e-21,4.873305978762702217e-06,1.556397639604841715e-06,2.197773329442000769e-08,1.973026679499062639e-12,1.794986709544265563e-30,9.997389627461733047e-17,2.907581959261785837e-22,0.000000000000000000e+00,1.275799749676083340e-18,1.399606279644649835e-17,3.124060969206823580e-15,2.454246909376884020e-20,7.649744648057783536e-01,0.000000000000000000e+00,0.000000000000000000e+00,2.081785279471449341e-36,1.428139119637405811e-26,4.335093628899350707e-24
2.400000000000000050e-02,-3.843198469999999783e-02,0.000000000000000000e+00,3.623978420000000256e+02,9.673964200000000346e-01,9.133934915650063387e-04,1.091635357242573936e-03,5.854434575298368169e-07,2.181675919747443348e+00,3.720526933333316411e+00,3.647580459568138111e-07,1.558400259815490200e-14,2.627401039688923765e-09,2.290536029728807710e-01,1.263483449850407579e-07,4.736180679439251813e-03,5.180392599386658125e-09,1.845063719781550177e-07,1.793835249787615618e-28,2.518609809701804827e-37,1.076624119872531253e-29,6.785994839196559822e-31,1.486009089824061026e-24,0.000000000000000000e+00,1.467757639826222109e-06,8.776326498960910875e-04,8.626739908978621018e-22,8.607650508980881408e-21,6.445502869236872139e-30,5.094325839396847981e-27,5.411991849359237563e-23,3.592997919574599958e-39,5.045279379402654414e-24,7.340744319130879081e-29,2.437725989711381137e-20,2.248694589733761892e-28,0.000000000000000000e+00,4.318973299488647639e-30,9.117519628920513860e-24,0.000000000000000000e+00,3.276975479612016207e-22,9.550789848869216939e-20,3.879178229540717371e-16,2.502554389703705824e-15,4.774352309434732331e-22,3.861699939542786872e-06,1.206431989857162296e-06,1.647676499804920415e-08,1.484264309824267662e-12,5.488895519350132165e-31,7.508116359111061121e-17,2.195792989740024606e-22,0.000000000000000000e+00,9.575186448866328617e-19,1.050438519875631436e-17,2.344619079722404968e-15,1.376348609837044644e-20,7.653253479093878875e-01,0.000000000000000000e+00,0.000000000000000000e+00,1.554662189815933029e-36,9.517665008873138316e-27,5.433805209356654643e-24
2.418750000000000067e-02,-3.773438590000000037e-02,0.000000000000000000e+00,3.499674790000000257e+02,1.002296220000000071e+00,7.175625133546869238e-04,8.803224038100514832e-04,3.700392394041076028e-07,1.425654878505733469e+00,2.680844800000005357e+00,3.390290369179587576e-07,8.558313727928983886e-15,1.990763989518257507e-09,2.298806759443714487e-01,9.856403927614860038e-08,3.830665909073021312e-03,3.858463219066294866e-09,1.502377379636441292e-07,0.000000000000000000e+00,0.000000000000000000e+00,8.176073548021481117e-30,4.974864298796138212e-31,1.396596559662039092e-24,0.000000000000000000e+00,1.156341559720178256e-06,6.523616258421356673e-04,3.675678459110527072e-22,8.218184388011291191e-21,4.149682918995823004e-30,3.253652759212652413e-27,4.321685588954200213e-23,9.081118507802470122e-40,3.831883109072726553e-24,4.809823378836076660e-29,2.476648149400678817e-20,7.772316578119185637e-27,0.000000000000000000e+00,2.902089659297726599e-30,8.353157657978628024e-24,0.000000000000000000e+00,1.970298589523209570e-22,5.615697798641064026e-20,3.263767439210204934e-16,2.006860069514362260e-15,1.821264349559274219e-22,3.035633469265410537e-06,9.248320407762009739e-07,1.221774949704343994e-08,1.114147479730388853e-12,1.366974779669207347e-31,5.572468678651523778e-17,1.633924799604608502e-22,8.271375687998418546e-39,7.108209708279892624e-19,7.798007648112968903e-18,1.740512329578815458e-15,7.914382048084807231e-21,7.656305738147258788e-01,0.000000000000000000e+00,0.000000000000000000e+00,1.126431359727415911e-36,3.021055499268938737e-26,6.679164428383714935e-24
2.437500000000000083e-02,-3.723172749999999892e-02,0.000000000000000000e+00,3.397297120000000064e+02,1.032968389999999959e+00,5.592579345793601518e-04,7.044318349733955922e-04,2.348255799902419948e-07,9.093960349312161240e-01,1.769349333333316565e+00,3.144839331742431152e-07,4.833461382678029736e-15,1.536092390851087904e-09,2.305492261277381771e-01,7.722975304278994857e-08,3.073823931703083875e-03,2.919063021617336890e-09,1.210253210670553499e-07,0.000000000000000000e+00,0.000000000000000000e+00,1.110481890615274042e-29,3.715703692058724232e-31,1.333418660738794256e-24,0.000000000000000000e+00,9.043876075010853310e-07,4.801011742660050313e-04,1.599009690885947796e-22,8.301791064599695269e-21,3.398268831882846681e-29,2.108678831168335481e-27,3.376045441870533186e-23,2.521637121397138788e-40,2.880561471596005050e-24,3.237523591793783633e-29,2.506977281389016892e-20,2.491630191380513533e-25,0.000000000000000000e+00,2.016609391117323435e-30,7.816251484330674567e-24,0.000000000000000000e+00,1.224651140678530665e-22,3.435803271903641990e-20,2.738628581517365718e-16,1.597438230885077385e-15,7.455628574130868941e-23,2.368923451312526714e-06,7.018666323888764088e-07,8.969245154969502932e-09,8.351275324627109829e-13,0.000000000000000000e+00,4.091410942266888160e-17,1.200509960665154778e-22,2.008122691112621010e-38,5.224387262894625381e-19,5.731374693175526919e-18,1.279223690708767102e-15,4.664291662584299873e-21,7.658923474243505281e-01,0.000000000000000000e+00,0.000000000000000000e+00,7.982217104422629318e-37,9.745757625399737720e-24,8.050232264460314314e-24
2.456250000000000100e-02,-3.689997450000000179e-02,0.000000000000000000e+00,3.313927879999999959e+02,1.059353739999999933e+00,4.328242477054683891e-04,5.598290460665122275e-04,1.496477121567738394e-07,5.672698304558094762e-01,9.893376000000092541e-01,2.911957911405304871e-07,2.805785701354066498e-15,1.204785930581427319e-09,2.310831471115202540e-01,6.080001662934196623e-08,2.449212741181985235e-03,2.240765841081388916e-09,9.655399934659676506e-08,0.000000000000000000e+00,0.000000000000000000e+00,9.981707564817150823e-30,2.789450391346183244e-31,1.274746130615189797e-24,0.000000000000000000e+00,7.027844993391623272e-07,3.502107851690110219e-04,7.111319323431909219e-23,7.518845673628580690e-21,3.484710751681714692e-29,1.385910010668837385e-27,2.569093781239839565e-23,7.758942813744450434e-41,2.145409321035370038e-24,2.238191961080146886e-29,2.529657661220807758e-20,7.316964913531152758e-24,0.000000000000000000e+00,1.247489180602035744e-30,6.575541263173342437e-24,0.000000000000000000e+00,8.031574433876021015e-23,2.165767401045194801e-20,2.292780941106491590e-16,1.263115430609577017e-15,3.277675371581799451e-23,1.836746350886409948e-06,5.279394832547825659e-07,6.526080773149473417e-09,6.254289773018307969e-13,0.000000000000000000e+00,2.975248761435848312e-17,8.725754824211031728e-23,0.000000000000000000e+00,3.805900981836720034e-19,4.175235052014960301e-18,9.318896664497280474e-16,2.811425161356788355e-21,7.661139033697250689e-01,0.000000000000000000e+00,0.000000000000000000e+00,5.582323482694018707e-37,1.433449080691779680e-23,9.510922164589951028e-24
2.475000000000000117e-02,-3.671447369999999988e-02,0.000000000000000000e+00,3.246736070000000041e+02,1.081611309999999992e+00,3.329666491539257870e-04,4.423022043200955595e-04,9.579949371297830826e-08,3.467252451030213845e-01,3.374597333333226312e-01,2.692121161333745088e-07,1.671989850828346160e-15,9.583772114748044400e-10,2.315048081146933445e-01,4.809763132382878536e-08,1.939739660960996008e-03,1.742911720863482408e-09,7.638183803784148473e-08,4.298338222129505821e-26,0.000000000000000000e+00,0.000000000000000000e+00,2.056445581018814881e-31,1.191502880590300462e-24,0.000000000000000000e+00,5.431182902690745208e-07,2.535292311256047708e-04,3.200486981585601873e-23,6.010441062977725207e-21,9.681043884796234677e-26,9.109792914513220791e-28,1.891103050936900333e-23,2.643751721309781713e-41,1.584641030785071041e-24,1.577211330781390450e-29,2.529865401253359015e-20,1.987706750984759989e-22,0.000000000000000000e+00,7.400068113666180687e-31,5.099555162526447974e-24,0.000000000000000000e+00,6.222230983082650128e-23,1.394609680690924904e-20,1.915972480949221140e-16,9.930393294919769124e-16,1.543778410764826945e-23,1.416290850701666157e-06,3.940987831952464886e-07,4.712305862334595682e-09,4.681838752319501938e-13,8.491778354207042686e-31,2.145782071063074272e-17,6.285149993113822486e-23,0.000000000000000000e+00,2.751548891363186795e-19,3.018565971495473674e-18,6.737227443337792853e-16,1.712262790848298570e-21,7.662991683796439579e-01,0.000000000000000000e+00,0.000000000000000000e+00,3.886875601925655955e-37,0.000000000000000000e+00,1.088317250539179963e-23
2.493750000000000133e-02,-3.665120000000000183e-02,0.000000000000000000e+00,3.193084539999999834e+02,1.100060650000000084e+00,2.548975791000526020e-04,3.477693322477707423e-04,6.163192138254396486e-08,2.080789152809117692e-01,-1.945733333333179160e-01,2.485553669744886637e-07,1.021079719895197925e-15,7.714072789208237853e-10,2.318344349762048451e-01,3.823214239607590834e-08,1.528586799843108159e-03,1.371465789859234832e-09,5.999420229384228658e-08,6.628755409319635283e-26,0.000000000000000000e+00,1.174324639879469020e-29,1.244457829872270525e-31,9.105246219065451183e-25,0.000000000000000000e+00,4.178469189571128095e-07,1.824095859812777641e-04,1.458989049850251618e-23,9.329149529042469839e-21,1.283295369868284540e-30,5.487695419436750152e-28,1.331160199863371618e-23,9.900852738983790056e-42,1.161828769880751616e-24,9.454364759029617530e-30,2.099945339784464869e-20,3.976963979591810242e-24,0.000000000000000000e+00,0.000000000000000000e+00,6.519400029330857257e-24,0.000000000000000000e+00,7.412124259239230968e-23,9.116236989064324429e-21,1.598851759835896190e-16,7.770170919202480590e-16,7.745832949204978801e-24,1.087201359888411249e-06,2.923618199699924184e-07,3.381601659652917019e-09,3.504857399640266185e-13,2.849287709707553384e-31,1.537168949842226986e-17,4.494513729538689736e-23,0.000000000000000000e+00,1.977040429797079488e-19,2.168897159777387265e-18,4.840800929503146925e-16,9.869910098986967544e-22,7.664524189213324235e-01,0.000000000000000000e+00,0.000000000000000000e+00,2.691309579723767979e-37,7.988143329180109113e-25,7.090652549272225104e-24
2.512500000000000150e-02,-3.668768249999999898e-02,0.000000000000000000e+00,3.150599260000000186e+02,1.115119189999999927e+00,1.944191764866213883e-04,2.724356958753603895e-04,3.986734386519025229e-08,1.228504569727923990e-01,-6.182112000000141716e-01,2.292252509023311191e-07,6.378457757282250845e-16,6.268703527329014862e-10,2.320897619011106083e-01,3.053291478699045949e-08,1.199934919488728586e-03,1.089909969535608483e-09,4.685315688003669219e-08,6.984237377024139121e-27,0.000000000000000000e+00,1.012979229568387320e-25,1.402933579402234542e-31,7.093345266977650104e-25,0.000000000000000000e+00,3.203908888634870560e-07,1.306457059443341651e-04,7.028947627005087806e-24,7.417597106839493169e-21,1.971181389160114041e-31,3.318274048586141198e-28,1.019239719565719837e-23,3.862642308354195652e-42,8.471293426390531572e-25,5.139921027809969625e-30,1.543500159342341737e-20,5.772292157540527327e-25,0.000000000000000000e+00,4.694664237999685897e-31,4.624709818029492296e-24,0.000000000000000000e+00,1.444133089384680168e-22,6.030193847430640469e-21,1.332891749432078012e-16,6.057760347418894237e-16,4.131070218239823632e-24,8.317935866455872809e-07,2.158715999080208715e-07,2.415639188970738393e-09,2.625315128881399196e-13,0.000000000000000000e+00,1.095680629533149495e-17,3.196939718637840457e-23,3.329134358581514352e-27,1.414104999397474276e-19,1.551332939339004042e-18,3.462434248524717263e-16,3.477587058518261266e-22,7.665779786733745160e-01,0.000000000000000000e+00,0.000000000000000000e+00,1.873300879201819563e-37,2.170483869075194616e-27,4.660005588014453162e-24
2.531250000000000167e-02,-3.680359710000000173e-02,0.000000000000000000e+00,3.117203339999999798e+02,1.127246479999999940e+00,1.479489635650640966e-04,2.128943495225537339e-04,2.594558430930068417e-08,7.148867326406566081e-02,-9.464746666666579156e-01,2.112021040455285446e-07,4.068167880876969947e-16,5.132826001106476196e-10,2.322859230500735617e-01,2.449557910528047911e-08,9.394463862025152030e-04,8.733350201882637741e-10,3.643598510785446013e-08,6.584391031419388479e-29,0.000000000000000000e+00,0.000000000000000000e+00,4.758214931025721728e-32,5.457916901176555775e-25,0.000000000000000000e+00,2.451474410528460974e-07,9.332502342011795519e-05,3.439712270741494041e-24,4.840074031043368197e-21,0.000000000000000000e+00,2.060884910444262042e-28,7.720852181664373273e-24,0.000000000000000000e+00,6.152527781326292577e-25,2.861853130616925884e-30,1.138953400245522663e-20,1.032389190222550749e-23,0.000000000000000000e+00,2.197401860473691219e-31,3.122169290673041623e-24,0.000000000000000000e+00,1.676916900361490746e-23,4.014183680865333048e-21,1.110587020239407709e-16,4.711203971015588591e-16,2.314287580498887582e-24,6.350658881369003182e-07,1.589201470342581948e-07,1.721071420371009169e-09,1.969078140424471471e-13,4.881308331052257101e-27,7.786663301678560023e-18,2.266753450488641131e-23,0.000000000000000000e+00,1.008804580217466630e-19,1.106701300238569982e-18,2.470049050532465577e-16,1.015639810218940049e-21,7.666799911652721899e-01,0.000000000000000000e+00,0.000000000000000000e+00,1.312829460283004855e-37,6.718077361448206538e-26,3.125827160673830399e-24
2.549999999999999836e-02,-3.698106109999999697e-02,0.000000000000000000e+00,3.091122710000000211e+02,1.136901139999999977e+00,1.124998897447248723e-04,1.661741768196883925e-04,1.700071553841508636e-08,4.107095681518448810e-02,-1.192713066666682975e+00,1.944507019461278869e-07,2.644792129267266686e-16,4.227833618828688228e-10,2.324355369356042589e-01,1.974028489453099933e-08,7.345194957965030204e-04,7.045750918047991229e-10,2.826106519217033351e-08,1.480681679589780497e-27,0.000000000000000000e+00,8.146617707742999967e-31,2.915668629192220290e-32,4.156181918848539333e-25,1.247799109654300027e-23,1.874453049480686912e-07,6.664309548153669091e-05,1.688668159532158331e-24,3.588967689005685058e-21,3.039901699157802077e-32,1.254192079652528868e-28,5.763819048403146144e-24,0.000000000000000000e+00,4.460077928764345110e-25,1.600855339556486636e-30,8.290088397703250321e-21,0.000000000000000000e+00,0.000000000000000000e+00,1.175363619674368294e-31,2.099813329418251470e-24,0.000000000000000000e+00,9.838111847274373283e-24,2.689705409254823158e-21,9.253079607436454585e-17,3.659870188986040903e-16,1.357649229623866381e-24,4.845550168657550938e-07,1.168798219676187125e-07,1.225844199660382670e-09,1.480234309589904450e-13,2.715764109247604032e-32,5.530721908467725964e-18,1.606178849555011964e-23,6.477430678205442513e-28,7.194436348006797971e-20,7.892601237813373266e-19,1.761547019511967446e-16,4.274302608815814579e-22,7.667622667875703124e-01,0.000000000000000000e+00,0.000000000000000000e+00,9.227222727443619083e-38,5.832185498384206390e-28,2.026927789438444221e-24
2.568749999999999853e-02,-3.720469480000000023e-02,0.000000000000000000e+00,3.070871930000000134e+02,1.144511870000000098e+00,8.563075479834232314e-05,1.297460408588925777e-04,1.122594095005419946e-08,2.332967561749808849e-02,-1.369735466666668566e+00,1.789240489554081494e-07,1.750280599563791331e-16,3.498988359127974065e-10,2.325489159420436325e-01,1.597988889601745703e-08,5.743560118568577684e-04,5.716559698575306572e-10,2.190223029454147697e-08,5.619220538599565391e-28,9.413163517654030669e-34,3.077071389233125783e-27,1.792534249553260532e-32,3.127613349220529508e-25,9.678499217587902577e-24,1.434602579642465259e-07,4.770900088810985757e-05,8.553113727868375894e-25,2.502149239376408744e-21,6.927837158273429199e-32,7.617824228101469660e-29,4.269298248935996232e-24,0.000000000000000000e+00,3.248160679190486215e-25,8.977895297762510660e-31,5.966740078512955938e-21,0.000000000000000000e+00,0.000000000000000000e+00,2.596175159352975411e-31,1.434873399642397708e-24,0.000000000000000000e+00,6.187715178457883537e-24,1.815267759547595160e-21,7.712990278077751251e-17,2.844196399291163222e-16,8.284447887935332113e-25,3.700915069077650087e-07,8.608134297854661602e-08,8.753788247818361470e-10,1.116690089721696064e-13,4.691003738830897508e-33,3.938058029018548416e-18,1.140909579715659978e-23,8.538442797872030274e-33,5.143927178718019333e-20,5.643106038593612511e-19,1.259480429686109513e-16,2.702450329326489126e-22,7.668282008088894708e-01,0.000000000000000000e+00,0.000000000000000000e+00,6.500784848379859970e-38,1.635249829592459236e-28,1.329386869668687148e-24
2.587499999999999870e-02,-3.746152020000000082e-02,0.000000000000000000e+00,3.055227810000000090e+02,1.150461149999999932e+00,6.538002754686233434e-05,1.014998109076319349e-04,7.478376092529647490e-09,1.035806474270026083e-02,-1.514268533333324340e+00,1.645668039830525359e-07,1.177911289878696227e-16,2.907353089700594437e-10,2.326343459760427668e-01,1.299613199866162848e-08,4.498953309536687277e-04,4.660979489520001535e-10,1.699411459824990748e-08,0.000000000000000000e+00,0.000000000000000000e+00,3.786775119610028984e-28,1.101761749886537980e-32,2.349097199758084336e-25,7.512998599226294066e-24,1.101100759886606069e-07,3.436154499646137012e-05,4.398744999547006651e-25,1.765390029818195970e-21,4.189915159568512783e-32,4.644706989521677507e-29,3.160136609674561483e-24,1.847153739809776029e-43,2.376989289755212288e-25,5.130735879471624543e-31,4.319313409555187216e-21,0.000000000000000000e+00,0.000000000000000000e+00,3.557747799633615649e-32,9.894471998981044864e-25,0.000000000000000000e+00,4.381856599548746426e-24,1.232320719873093070e-21,6.435864869337219558e-17,2.214872849771907245e-16,5.232588509461136507e-25,2.835046589708040220e-07,6.366927849344320101e-08,6.289998569352240686e-10,8.467993519127946224e-14,0.000000000000000000e+00,2.821523539709433011e-18,8.155535999160123120e-24,3.405845609649258266e-36,3.700453659618918864e-20,4.059554509581937618e-19,9.060473569066931113e-17,1.816853019812896245e-22,7.668807439210247878e-01,0.000000000000000000e+00,0.000000000000000000e+00,4.581974929528137719e-38,9.574226039014024571e-29,8.854955449088095516e-25
2.624999999999999903e-02,-3.802937089999999798e-02,0.000000000000000000e+00,3.033665110000000027e+02,1.158763030000000027e+00,3.839296718043647589e-05,6.239128669862399471e-05,3.402887715179169262e-09,3.635315127640847185e-03,-1.565222666666679086e+00,1.390653709254073710e-07,5.570106147012276496e-17,2.025256078913682267e-10,2.327481428751572989e-01,8.713511225326199925e-09,2.771255158513539563e-04,3.118190018327448504e-10,1.023970089450757366e-08,0.000000000000000000e+00,0.000000000000000000e+00,4.967541197335484111e-28,4.161811577767665137e-33,1.344382589278892949e-25,4.523440737573691778e-24,6.529590266497623146e-08,1.809416739029455400e-05,1.225933869342427139e-25,8.991971435176836530e-22,1.537036029175556437e-32,1.758444069056796509e-29,1.719430149077722898e-24,6.359711936588743090e-44,1.287728919309281171e-25,1.754385979058972973e-31,2.295836498768546844e-21,0.000000000000000000e+00,0.000000000000000000e+00,1.146525699385020463e-32,4.817207597416119447e-25,0.000000000000000000e+00,4.545640067561784764e-24,5.778049386900738065e-22,4.492792687590131146e-17,1.349539399276126782e-16,2.264614958785293801e-25,1.675170089101463314e-07,3.517729088113141435e-08,3.298053378230972478e-10,4.938605827351003619e-14,0.000000000000000000e+00,1.471159219210891544e-18,4.233954977728967914e-24,1.083331029418916915e-36,1.944411838957046255e-20,2.133102268855835173e-19,4.760837627446355784e-17,9.363934914977322590e-23,7.669562105886158498e-01,0.000000000000000000e+00,0.000000000000000000e+00,2.233749828801849114e-38,3.418035778166615714e-29,4.125006927787406880e-25
2.662499999999999936e-02,-3.861632940000000319e-02,0.000000000000000000e+00,3.020350349999999935e+02,1.163949389999999973e+00,2.240521890520248374e-05,3.811999514503361001e-05,1.567229385132913888e-09,1.247947843943942627e-03,-1.522662933333324586e+00,1.173458949533132913e-07,2.716629698919173966e-17,1.411253089438525128e-10,2.328155059073730715e-01,5.872220857663704791e-09,1.696127889325185995e-04,2.073665999174980451e-10,6.107599607570057277e-09,4.951657958029955838e-29,0.000000000000000000e+00,0.000000000000000000e+00,1.584195659369719223e-33,7.711739816931841543e-26,2.674115458936088296e-24,3.846965508469463803e-08,9.443689386242775879e-06,3.509066778603898668e-26,4.591581968173213529e-22,5.535402387797709457e-33,6.601201487373674858e-30,9.159767576355737010e-25,2.044020579186775011e-44,6.913766907249318982e-26,6.071469117584432751e-32,1.209719449518706535e-21,0.000000000000000000e+00,0.000000000000000000e+00,3.693965488530335488e-33,2.322047889076160569e-25,0.000000000000000000e+00,1.124363389552665822e-23,2.716548708919206369e-22,3.130235718754618451e-17,8.170506896749319253e-17,1.044989669584245066e-25,9.834068026087461769e-08,1.926350809233590694e-08,1.713858379318132051e-10,2.874120978856515422e-14,8.197451116738598291e-35,7.599409176976532572e-19,2.177323609133739437e-24,0.000000000000000000e+00,1.012623149597122213e-20,1.110890579558026019e-19,2.479376209013566131e-17,5.019956428002782961e-23,7.670051516948427350e-01,0.000000000000000000e+00,0.000000000000000000e+00,1.047219389583358003e-38,1.223889879513068742e-29,1.925866469233783543e-25
2.699999999999999969e-02,-3.918732800000000044e-02,0.000000000000000000e+00,3.012212559999999826e+02,1.167142249999999937e+00,1.303791765151641387e-05,2.321699057886367898e-05,7.322897816535428472e-10,4.208864636100006313e-04,-1.418058399999994723e+00,9.893682268416245838e-08,1.360885639782152987e-17,9.827045038426913329e-11,2.328549289627251939e-01,3.975067399363682219e-09,1.034461569834406089e-04,1.368178009780985736e-10,3.619622679420580561e-09,1.657538589734665799e-29,0.000000000000000000e+00,1.549480889751963428e-29,6.015172089037107252e-34,4.449327099287764459e-26,1.541999319753160757e-24,2.258227979638508821e-08,4.901553299215373271e-06,1.029466169835205909e-26,2.356410579622792389e-22,1.972601349684231286e-33,2.469198199604737657e-30,4.812705619229595288e-25,6.869623388900329219e-45,3.691606799409057954e-26,2.120147979660612345e-32,6.339968208985114378e-22,0.000000000000000000e+00,0.000000000000000000e+00,1.191581119809254843e-33,1.111971969821998621e-25,0.000000000000000000e+00,9.863275228421114662e-25,1.281880239794800009e-22,2.179691499651081152e-17,4.929302749210930093e-17,5.059335299190115880e-26,5.752079579079222954e-08,1.049151999832054519e-08,8.856380368582294910e-11,1.671565659732420250e-14,1.800982409711703546e-35,3.902542279375291174e-19,1.113023319821830193e-24,1.767670369717036254e-38,5.244277779160511233e-21,5.753195389079045103e-20,1.284043989794453505e-17,2.726795399563502020e-23,7.670365258772149364e-01,0.000000000000000000e+00,0.000000000000000000e+00,4.779124019234970667e-39,4.389496499297341707e-30,9.006797468558216206e-26
2.737500000000000003e-02,-3.971909989999999890e-02,0.000000000000000000e+00,3.007280739999999923e+02,1.169085919999999890e+00,7.597919538228301706e-06,1.414462381831351555e-05,3.484276427370899178e-10,1.399312736215655220e-04,-1.273189600000000921e+00,8.339355231926287924e-08,6.988601501614280551e-18,6.843002651580649313e-11,2.328777850537918914e-01,2.703755970624533993e-09,6.308843191457265962e-05,8.963217502070393028e-11,2.140547900494440354e-09,1.718667530396991018e-29,2.046503090472716661e-39,1.090283440251842167e-29,2.470629260570684751e-34,2.588280360597861172e-26,8.548498601974597201e-25,1.325603950306198182e-08,2.541286750587006250e-06,3.098997780715830591e-27,1.210829100279686750e-22,7.010764941619399925e-34,9.245807752135668305e-31,2.511736720580180553e-25,2.384488770550787704e-45,1.969071210454831064e-26,7.478050401727337442e-33,3.319443390766750529e-22,0.000000000000000000e+00,0.000000000000000000e+00,3.863157750892341167e-34,5.315127051227729910e-26,0.000000000000000000e+00,2.545462190587970474e-25,6.065278061401005251e-23,1.519591280351006579e-17,2.973843140686920895e-17,2.544753710587806932e-26,3.364484000777154363e-08,5.707840831318440475e-09,4.571391801055935756e-11,9.741440582250153825e-15,0.000000000000000000e+00,2.001479330462317011e-19,5.681903761312449902e-25,1.074676850248237126e-38,2.712963950626661329e-21,2.976236670687473894e-20,6.642598251534357655e-18,1.485309040343088112e-23,7.670564441771805519e-01,0.000000000000000000e+00,0.000000000000000000e+00,2.146895690495906397e-39,1.580967490365184194e-30,4.227758170976560354e-26
2.775000000000000036e-02,-4.019654599999999967e-02,0.000000000000000000e+00,3.004312729999999760e+02,1.170258859999999901e+00,4.461214630763089947e-06,8.660076339904556789e-06,1.696471789505916332e-10,4.602555402416151598e-05,-1.102654933333334863e+00,7.031052604556174460e-08,3.678110822383442528e-18,4.774778873094092639e-11,2.328909311509150537e-01,1.850440351199098986e-09,3.865177062504663794e-05,5.849185443790315478e-11,1.270235240823121888e-09,1.549176991003878250e-29,0.000000000000000000e+00,1.509076350977892798e-29,9.975122006463952061e-35,1.521996910986265402e-26,4.407141292855860020e-25,7.821280555068248391e-09,1.325295740858801458e-06,9.615533276230936089e-28,6.287832414074562060e-23,2.511109501627217670e-34,3.489715962261362451e-31,1.313552820851191995e-25,8.523070575523013197e-46,1.056179190684411984e-26,2.679682331736454153e-33,1.748127551132799691e-22,0.000000000000000000e+00,0.000000000000000000e+00,1.269481180822633059e-34,2.555911691656249940e-26,0.000000000000000000e+00,6.687807704333749756e-26,2.910037141885725768e-23,1.063027530688849591e-17,1.802643391168126256e-17,1.321987600856657955e-26,1.978126841281840745e-08,3.121921732023028555e-09,2.373487721538037612e-11,5.714167663702823896e-15,2.976596211928856323e-36,1.032476790669052692e-19,2.917499461890561381e-25,3.194920162070331688e-40,1.411711100914799270e-21,1.548707041003573853e-20,3.456524292239853153e-18,8.113590495257667675e-24,7.670689874970664235e-01,0.000000000000000000e+00,0.000000000000000000e+00,9.619339716233403143e-40,5.759175903731988914e-31,2.003766581298455562e-26
2.812500000000000069e-02,-4.061004160000000057e-02,0.000000000000000000e+00,3.002536870000000135e+02,1.170961879999999899e+00,2.662278343029735315e-06,5.363149177729225418e-06,8.501503284943470073e-11,1.502686920881507712e-05,-9.159991999999979040e-01,5.932584258727291714e-08,1.986243579573894243e-18,3.348762239281595861e-11,2.328984429500366715e-01,1.277481889725943855e-09,2.394332769486347707e-05,3.822661939179930576e-11,7.623473338364548465e-10,4.658267779000669656e-30,0.000000000000000000e+00,1.185067129745769419e-29,4.104544679119458669e-35,9.120530088043387171e-27,1.925700529586882718e-25,4.673364008997430583e-09,7.032495338491330603e-07,3.101312439334680472e-28,3.327190979286222701e-23,9.207267398024779744e-35,1.345949169711255747e-31,6.973201258504051127e-26,3.156909289322752706e-46,5.757924598764761689e-27,9.875212217881486683e-34,9.364118287991130555e-23,0.000000000000000000e+00,0.000000000000000000e+00,4.297339079078098619e-35,1.254142929730950829e-26,0.000000000000000000e+00,1.777071799618767797e-26,1.413969559696663348e-23,7.483454388394586247e-18,1.105341979762872597e-17,7.087413498479548270e-27,1.177997049747286310e-08,1.734029319628001501e-09,1.254103559730959135e-11,3.398014929271029877e-15,1.175894519747737193e-36,5.421285218836980619e-20,1.525073499672828463e-25,1.373273779705393570e-40,7.475162558396365445e-22,8.200570878240744358e-21,1.830266339607355900e-18,4.483233939038218997e-24,7.670768308354402043e-01,0.000000000000000000e+00,0.000000000000000000e+00,4.386622659058944840e-40,2.150036249538756070e-31,9.715291987915793290e-27
2.850000000000000103e-02,-4.095354130000000009e-02,0.000000000000000000e+00,3.001479350000000181e+02,1.171381000000000006e+00,1.634379154760374015e-06,3.390198105515365727e-06,4.412881850943633437e-11,3.317114752880834764e-06,-6.171039999999974324e-01,5.012148697871036521e-08,1.103307789531358207e-18,2.370349708993168569e-11,2.329027119010720903e-01,8.929143366207251118e-10,1.513297639357210725e-05,2.520588658929352971e-11,4.679093898012504834e-10,0.000000000000000000e+00,0.000000000000000000e+00,2.261178239039540783e-30,1.777170919245127659e-35,5.617406327613947128e-27,4.459091678105953577e-26,2.859041228785591723e-09,3.868729008356715957e-07,1.053687299552435079e-28,1.820704189226636509e-23,3.538971508496784274e-35,5.395695847708120835e-32,3.833480968371688074e-26,1.231562739476880371e-46,3.244488598621869213e-27,3.821238808376887865e-34,5.194811967793448481e-23,0.000000000000000000e+00,0.000000000000000000e+00,1.541397049345275147e-35,6.437501287265602381e-27,0.000000000000000000e+00,3.088193908688256779e-27,7.036760667011059408e-24,5.321006247739845780e-18,6.921968797059819387e-18,3.920188508334858437e-27,7.184889306948141551e-09,9.934338775780282642e-10,6.873045097080600606e-12,2.070794639120408083e-15,0.000000000000000000e+00,2.954546058745025078e-20,8.278572526483588633e-26,0.000000000000000000e+00,4.104506938256567098e-22,4.502818488087380597e-21,1.004973349573126908e-18,2.549074458917253031e-24,7.670817056741738860e-01,0.000000000000000000e+00,0.000000000000000000e+00,2.107331359104888247e-40,8.403785086430401987e-32,4.938729097902221772e-27
2.925000000000000169e-02,-4.141636929999999855e-02,0.000000000000000000e+00,3.000436670000000277e+02,1.171794629999999948e+00,6.684917264087381708e-07,1.432170448434094621e-06,1.296487419836108608e-11,5.307213623282569723e-07,-2.039499999999997981e-01,3.588455629524434930e-08,3.640105289517589659e-19,1.214921599838990699e-11,2.329066789691337236e-01,4.506421539402780220e-10,6.383271299154047881e-06,1.089374679855629061e-11,1.870957379752048612e-10,1.312957739825998465e-32,5.291945199298677192e-41,0.000000000000000000e+00,3.705763679508887778e-36,2.315378979693151254e-27,0.000000000000000000e+00,1.141701849848694467e-09,1.299611789827766925e-07,1.425075209811139967e-29,6.082434799193916625e-24,5.947678299211775791e-36,9.537705328736001596e-33,1.276065489830887710e-26,2.148757529715232808e-47,1.132250019849946986e-27,6.552157499131665205e-35,1.768537799765622048e-23,0.000000000000000000e+00,0.000000000000000000e+00,2.345890859689107116e-36,1.941069529742756876e-27,0.000000000000000000e+00,5.221300099308040053e-28,1.844831129755511057e-24,2.759953049634233154e-18,2.874615709619037367e-18,1.287676439829348930e-27,2.854750589621669749e-09,3.559619609528256495e-10,2.295043889695845958e-12,8.231433468909118069e-16,3.753336409502583493e-39,9.778736788704058462e-21,2.722862169639149326e-26,1.941000339742766158e-41,1.374703659817815549e-22,1.508108309800135980e-21,3.365910519553927546e-19,8.804730478833139980e-25,7.670867668983407661e-01,0.000000000000000000e+00,0.000000000000000000e+00,5.687884509246204797e-41,1.458792729806671321e-32,1.473971489804659783e-27
2.999999999999999889e-02,-4.156933179999999783e-02,0.000000000000000000e+00,3.000000000000000000e+02,1.171968019999999999e+00,2.821429420767292094e-07,6.053598635180088702e-07,3.975725258257095950e-12,5.307213623282569723e-07,-2.039499999999997981e-01,2.568246660003882567e-08,2.904388160004390482e-19,6.204153410009378487e-12,2.329082300003520734e-01,2.279389370003445631e-10,2.688709740004064438e-06,4.347857440006572280e-12,7.436090370011240977e-11,0.000000000000000000e+00,0.000000000000000000e+00,2.054501640003105800e-32,1.574021680002379327e-36,9.713285590014683324e-28,0.000000000000000000e+00,4.552410160006881510e-10,4.357754980006587694e-08,2.599740230003930239e-25,2.028276640003065947e-24,1.973191690002982490e-36,3.162635190004780533e-33,4.202438750006352534e-27,7.535585440011390030e-48,3.943803560005961311e-28,2.267538990003427697e-35,6.010033740009084873e-24,0.000000000000000000e+00,0.000000000000000000e+00,1.048538770001585034e-36,5.841573260008830224e-28,0.000000000000000000e+00,2.863795600004329227e-28,9.662457960014607216e-25,1.431005700002163015e-18,1.192084220001802028e-18,5.107324650007721027e-28,1.132593640001712054e-09,1.272801860001923870e-10,7.649488530011563921e-13,3.272471950004947192e-16,1.494336800002259004e-39,3.230428760004883654e-21,8.938728140013513462e-27,8.675573360013114184e-42,4.595778820006947157e-23,5.041764620007621546e-22,1.125259270001701144e-19,2.952905190004463915e-25,7.670890100011595880e-01,0.000000000000000000e+00,0.000000000000000000e+00,1.521128940002299437e-41,4.375507620006614307e-33,4.406780480006661897e-28
