z,u,V,T,rho,Z,PV,SourcePV,chiZ,S_n,Y.H2,Y.H,Y.O,Y.O2,Y.OH,Y.H2O,Y.HO2,Y.H2O2,Y.C,Y.CH,Y.CH2,Y.CH2(S),Y.CH3,Y.CH4,Y.CO,Y.CO2,Y.HCO,Y.CH2O,Y.CH2OH,Y.CH3O,Y.CH3OH,Y.C2H,Y.C2H2,Y.C2H3,Y.C2H4,Y.C2H5,Y.C2H6,Y.HCCO,Y.CH2CO,Y.HCCOH,Y.N,Y.NH,Y.NH2,Y.NH3,Y.NNH,Y.NO,Y.NO2,Y.N2O,Y.HNO,Y.CN,Y.HCN,Y.H2CN,Y.HCNN,Y.HCNO,Y.HOCN,Y.HNCO,Y.NCO,Y.N2,Y.AR,Y.C3H7,Y.C3H8,Y.CH2CHO,Y.CH3CHO
0.000000000000000000e+00,4.966904449999999804e-01,0.000000000000000000e+00,3.000000000000000000e+02,6.516985520000000420e-01,9.999999999998331335e-01,0.000000000000000000e+00,2.183848090492546177e-14,2.271919407036514000e-22,-1.437802666666598839e+00,0.000000000000000000e+00,1.253841569999678530e-14,4.896716769998744664e-19,2.225056559999429396e-14,0.000000000000000000e+00,0.000000000000000000e+00,0.000000000000000000e+00,0.000000000000000000e+00,0.000000000000000000e+00,2.787091119999285577e-15,0.000000000000000000e+00,4.389364139998873861e-14,5.032896699998709422e-15,9.999999999997435385e-01,0.000000000000000000e+00,0.000000000000000000e+00,6.628355659998300442e-14,0.000000000000000000e+00,1.963305269999496716e-23,1.220307439999687007e-19,0.000000000000000000e+00,0.000000000000000000e+00,0.000000000000000000e+00,0.000000000000000000e+00,0.000000000000000000e+00,0.000000000000000000e+00,1.091250429999720082e-17,0.000000000000000000e+00,0.000000000000000000e+00,0.000000000000000000e+00,0.000000000000000000e+00,0.000000000000000000e+00,0.000000000000000000e+00,0.000000000000000000e+00,1.619537809999584671e-36,0.000000000000000000e+00,3.929069829998991807e-17,5.444587779998603550e-14,0.000000000000000000e+00,0.000000000000000000e+00,0.000000000000000000e+00,4.010553079998971605e-19,2.802993059999280933e-19,1.380244439999645989e-14,3.497155409999103470e-14,2.561483739999343351e-16,1.107459919999715979e-17,4.307566519998894719e-17,3.466774649999110882e-18,3.627161669999069822e-20,1.348401039999654124e-16,0.000000000000000000e+00,0.000000000000000000e+00
3.750000000000000078e-04,4.961512690000000059e-01,0.000000000000000000e+00,3.000000000000000000e+02,6.516985520000000420e-01,9.999999999998371303e-01,2.088650303462525572e-20,2.205781060025534725e-14,1.753024233824470424e-25,-4.313407999999944842e+00,0.000000000000000000e+00,1.266493429999682691e-14,4.505082969998871193e-19,2.225056589999442643e-14,0.000000000000000000e+00,0.000000000000000000e+00,0.000000000000000000e+00,0.000000000000000000e+00,0.000000000000000000e+00,1.800307009999548988e-21,0.000000000000000000e+00,3.867429579999031795e-20,4.573967219998854415e-14,9.999999999997495337e-01,5.850309499998533759e-19,0.000000000000000000e+00,6.628249869998340630e-14,0.000000000000000000e+00,1.671307309999581683e-23,1.220071099999694445e-19,0.000000000000000000e+00,0.000000000000000000e+00,0.000000000000000000e+00,0.000000000000000000e+00,0.000000000000000000e+00,0.000000000000000000e+00,4.577700039998853152e-17,0.000000000000000000e+00,0.000000000000000000e+00,0.000000000000000000e+00,0.000000000000000000e+00,0.000000000000000000e+00,0.000000000000000000e+00,0.000000000000000000e+00,1.520745689999619100e-35,0.000000000000000000e+00,3.929069409999015647e-17,5.444588089998635995e-14,0.000000000000000000e+00,0.000000000000000000e+00,0.000000000000000000e+00,3.999413689998998428e-19,2.802993899999298041e-19,1.380244439999654351e-14,3.497155409999124296e-14,2.561484099999358768e-16,1.107464089999722587e-17,4.307593039998920537e-17,3.466774649999131682e-18,3.624835909999092035e-20,1.348400539999662349e-16,0.000000000000000000e+00,0.000000000000000000e+00
7.500000000000000156e-04,4.945337410000000267e-01,0.000000000000000000e+00,3.000000000000000000e+02,6.516985520000000420e-01,9.999999999998370193e-01,5.724594501962168281e-20,2.199856108318290984e-14,1.615587133892632930e-21,-7.189016000000031603e+00,0.000000000000000000e+00,1.263084609999687576e-14,4.143840359998975079e-19,2.225056609999449581e-14,0.000000000000000000e+00,0.000000000000000000e+00,0.000000000000000000e+00,0.000000000000000000e+00,0.000000000000000000e+00,9.798250039997576487e-28,0.000000000000000000e+00,3.395374969999160629e-26,4.267657269998944453e-14,9.999999999997526423e-01,1.603458919999603356e-18,0.000000000000000000e+00,6.628143729998360371e-14,0.000000000000000000e+00,1.372531439999660766e-23,1.219834089999698314e-19,0.000000000000000000e+00,0.000000000000000000e+00,0.000000000000000000e+00,0.000000000000000000e+00,0.000000000000000000e+00,0.000000000000000000e+00,7.799826619998069846e-17,0.000000000000000000e+00,0.000000000000000000e+00,0.000000000000000000e+00,0.000000000000000000e+00,0.000000000000000000e+00,0.000000000000000000e+00,0.000000000000000000e+00,1.520754919999623867e-35,0.000000000000000000e+00,3.929068979999027582e-17,5.444588399998653295e-14,0.000000000000000000e+00,0.000000000000000000e+00,0.000000000000000000e+00,3.988592229999013411e-19,2.802994739999306482e-19,1.380244439999658611e-14,3.497155409999135025e-14,2.561484459999366296e-16,1.107468269999726000e-17,4.307621119998934316e-17,3.466774649999142467e-18,3.622502459999103705e-20,1.348400059999666528e-16,0.000000000000000000e+00,0.000000000000000000e+00
1.124999999999999915e-03,4.918378600000000156e-01,0.000000000000000000e+00,3.000000000000000000e+02,6.516985520000000420e-01,9.999999999998476774e-01,2.786937637083800450e-15,2.193906400283102028e-14,5.187829796610782672e-20,-1.006461866666663241e+01,1.123655429999710325e-14,1.259661199999675367e-14,3.809932119999017598e-19,2.225056629999426228e-14,0.000000000000000000e+00,0.000000000000000000e+00,0.000000000000000000e+00,0.000000000000000000e+00,0.000000000000000000e+00,0.000000000000000000e+00,0.000000000000000000e+00,0.000000000000000000e+00,4.189990729998919358e-14,9.999999999997422062e-01,2.627693159999322423e-18,0.000000000000000000e+00,6.628036999998291550e-14,0.000000000000000000e+00,1.072788549999723498e-23,1.219595689999685497e-19,0.000000000000000000e+00,0.000000000000000000e+00,0.000000000000000000e+00,0.000000000000000000e+00,0.000000000000000000e+00,0.000000000000000000e+00,1.094165699999718104e-16,0.000000000000000000e+00,0.000000000000000000e+00,0.000000000000000000e+00,0.000000000000000000e+00,0.000000000000000000e+00,0.000000000000000000e+00,0.000000000000000000e+00,1.520758099999607782e-35,0.000000000000000000e+00,3.929068559998986710e-17,5.444588709998596756e-14,0.000000000000000000e+00,0.000000000000000000e+00,0.000000000000000000e+00,3.977841179998974576e-19,2.802995579999277368e-19,1.380244439999644253e-14,3.497155409999098422e-14,2.561484819999339804e-16,1.107472459999714356e-17,4.307662959998889115e-17,3.466774649999106260e-18,3.620155829999066960e-20,1.348399599999652608e-16,0.000000000000000000e+00,0.000000000000000000e+00
1.500000000000000031e-03,4.880636280000000271e-01,0.000000000000000000e+00,3.000000000000000000e+02,6.516985520000000420e-01,9.999999999999080735e-01,1.877327323442672223e-14,2.188123682423882292e-14,1.201845366322316387e-19,-1.294022666666672450e+01,7.569331079997561550e-14,1.256214639999595381e-14,3.500817769998871747e-19,2.225056649999282967e-14,4.418779859998576786e-23,0.000000000000000000e+00,0.000000000000000000e+00,0.000000000000000000e+00,0.000000000000000000e+00,0.000000000000000000e+00,0.000000000000000000e+00,0.000000000000000000e+00,4.188654819998650904e-14,9.999999999996778133e-01,3.660204199998820188e-18,0.000000000000000000e+00,6.627929419997864739e-14,0.000000000000000000e+00,7.714638669997513233e-24,1.219355239999607199e-19,0.000000000000000000e+00,0.000000000000000000e+00,0.000000000000000000e+00,0.000000000000000000e+00,0.000000000000000000e+00,0.000000000000000000e+00,1.407697509999546486e-16,0.000000000000000000e+00,0.000000000000000000e+00,0.000000000000000000e+00,0.000000000000000000e+00,0.000000000000000000e+00,0.000000000000000000e+00,0.000000000000000000e+00,1.520761289999509932e-35,0.000000000000000000e+00,3.929068139998733833e-17,5.444589029998245813e-14,0.000000000000000000e+00,0.000000000000000000e+00,0.000000000000000000e+00,3.967052069998721643e-19,2.802996419999096587e-19,1.380244439999555270e-14,3.497155409998873754e-14,2.561485179999174769e-16,1.107476669999643013e-17,4.307830529998611958e-17,3.466774649998882852e-18,3.617790639998834137e-20,1.348399139999565719e-16,0.000000000000000000e+00,0.000000000000000000e+00
1.874999999999999931e-03,4.832110430000000068e-01,0.000000000000000000e+00,3.000000000000000000e+02,6.516985520000000420e-01,1.000000000000000000e+00,7.434839017118514471e-14,2.182811664182782701e-14,0.000000000000000000e+00,-1.581583466666666205e+01,2.997720319998361004e-13,1.252735009999315141e-14,3.214317499998242434e-19,2.225056669998783457e-14,2.010942129998900633e-22,0.000000000000000000e+00,0.000000000000000000e+00,0.000000000000000000e+00,0.000000000000000000e+00,0.000000000000000000e+00,0.000000000000000000e+00,0.000000000000000000e+00,4.217375639997694382e-14,9.999999999994533262e-01,4.704251589997428510e-18,0.000000000000000000e+00,6.627820729996376321e-14,0.000000000000000000e+00,4.678583669997442194e-24,1.219112029999333573e-19,0.000000000000000000e+00,0.000000000000000000e+00,0.000000000000000000e+00,0.000000000000000000e+00,0.000000000000000000e+00,0.000000000000000000e+00,1.723976809999057502e-16,0.000000000000000000e+00,0.000000000000000000e+00,0.000000000000000000e+00,0.000000000000000000e+00,0.000000000000000000e+00,0.000000000000000000e+00,0.000000000000000000e+00,1.520764569999168796e-35,0.000000000000000000e+00,3.929067709997852136e-17,5.444589349997023968e-14,0.000000000000000000e+00,0.000000000000000000e+00,0.000000000000000000e+00,3.956165739997837342e-19,2.802997279998467609e-19,1.380244439999245563e-14,3.497155409998088680e-14,2.561485549998599721e-16,1.107480909999394609e-17,4.309147939997643915e-17,3.466774649998104776e-18,3.615401189998023642e-20,1.348398679999262880e-16,0.000000000000000000e+00,0.000000000000000000e+00
2.249999999999999830e-03,4.772801050000000100e-01,0.000000000000000000e+00,3.000000000000000000e+02,6.516985520000000420e-01,1.000000000000000000e+00,2.662847273110872507e-13,2.176612957797767719e-14,0.000000000000000000e+00,-2.012924133333337551e+01,1.073659189998581664e-12,1.249209259998349796e-14,2.948907439996104673e-19,2.225056709997060577e-14,1.858428809997545119e-22,0.000000000000000000e+00,0.000000000000000000e+00,0.000000000000000000e+00,0.000000000000000000e+00,0.000000000000000000e+00,0.000000000000000000e+00,0.000000000000000000e+00,4.258146469994374932e-14,9.999999999986790566e-01,5.769557889992378598e-18,0.000000000000000000e+00,6.627710609991245201e-14,0.000000000000000000e+00,1.611169359997871709e-24,1.218865189998390009e-19,0.000000000000000000e+00,0.000000000000000000e+00,0.000000000000000000e+00,0.000000000000000000e+00,0.000000000000000000e+00,0.000000000000000000e+00,2.045053979997298589e-16,0.000000000000000000e+00,0.000000000000000000e+00,0.000000000000000000e+00,0.000000000000000000e+00,0.000000000000000000e+00,0.000000000000000000e+00,0.000000000000000000e+00,1.520768429997991056e-35,0.000000000000000000e+00,3.929067279994809701e-17,5.444589669992808238e-14,0.000000000000000000e+00,0.000000000000000000e+00,0.000000000000000000e+00,3.945136209994788718e-19,2.802998139996297406e-19,1.380244439998176814e-14,3.497155399995380364e-14,2.561485909996616362e-16,1.107485199998537048e-17,4.320897219994292242e-17,3.466774649995420415e-18,3.612980499995227273e-20,1.348398209998218808e-16,0.000000000000000000e+00,0.000000000000000000e+00
3.000000000000000062e-03,4.621831739999999744e-01,0.000000000000000000e+00,3.000000000000000000e+02,6.516985520000000420e-01,1.000000000000000000e+00,2.045946318256374594e-12,2.163876556572658861e-14,0.000000000000000000e+00,-2.588045333333329978e+01,8.249254379929903469e-12,1.241958429989446596e-14,2.485631789978878254e-19,2.225057259981092987e-14,1.569174749986666006e-22,0.000000000000000000e+00,0.000000000000000000e+00,0.000000000000000000e+00,0.000000000000000000e+00,0.000000000000000000e+00,0.000000000000000000e+00,0.000000000000000000e+00,4.353467289963006814e-14,9.999999999915025750e-01,8.164580149930621120e-18,0.000000000000000000e+00,6.627483139943682817e-14,0.000000000000000000e+00,0.000000000000000000e+00,1.218353089989647142e-19,0.000000000000000000e+00,0.000000000000000000e+00,0.000000000000000000e+00,0.000000000000000000e+00,0.000000000000000000e+00,0.000000000000000000e+00,2.712841209976948103e-16,0.000000000000000000e+00,0.000000000000000000e+00,0.000000000000000000e+00,0.000000000000000000e+00,0.000000000000000000e+00,0.000000000000000000e+00,0.000000000000000000e+00,1.520791009987077200e-35,0.000000000000000000e+00,3.929066399966613530e-17,5.444590339953734574e-14,0.000000000000000000e+00,0.000000000000000000e+00,0.000000000000000000e+00,3.922331949966670416e-19,2.802999899976181352e-19,1.380244439988271561e-14,3.497155399970283228e-14,2.561486669978233991e-16,1.107493999990589292e-17,4.625197739960696766e-17,3.466774649970541252e-18,3.607980409969341721e-20,1.348397239988541977e-16,0.000000000000000000e+00,0.000000000000000000e+00
3.749999999999999861e-03,4.427728340000000040e-01,0.000000000000000000e+00,3.000000000000000000e+02,6.516985520000000420e-01,1.000000000000000000e+00,1.218125047270604792e-11,2.150639089791932042e-14,0.000000000000000000e+00,-3.163166533333336261e+01,4.911479989757549550e-11,1.234409389939064663e-14,2.081202179897263460e-19,2.225065529890161710e-14,1.316579649935008269e-22,0.000000000000000000e+00,0.000000000000000000e+00,0.000000000000000000e+00,0.000000000000000000e+00,0.000000000000000000e+00,0.000000000000000000e+00,0.000000000000000000e+00,4.455205129780073468e-14,9.999999999506359316e-01,1.395203169931127000e-17,0.000000000000000000e+00,6.627245549672851900e-14,0.000000000000000000e+00,0.000000000000000000e+00,1.217814649939883662e-19,0.000000000000000000e+00,0.000000000000000000e+00,0.000000000000000000e+00,0.000000000000000000e+00,0.000000000000000000e+00,0.000000000000000000e+00,3.415989459831372911e-16,0.000000000000000000e+00,0.000000000000000000e+00,0.000000000000000000e+00,0.000000000000000000e+00,0.000000000000000000e+00,0.000000000000000000e+00,0.000000000000000000e+00,1.521057979924914393e-35,0.000000000000000000e+00,3.929065649806045342e-17,5.444591039731232759e-14,0.000000000000000000e+00,0.000000000000000000e+00,0.000000000000000000e+00,3.898482289807554655e-19,2.803001739861632393e-19,1.380244439931865482e-14,3.497155399827366244e-14,2.561487529873554656e-16,1.107503139945329051e-17,9.634641889524394240e-17,3.466774649828865608e-18,3.602758139822152895e-20,1.348396229933437562e-16,0.000000000000000000e+00,0.000000000000000000e+00
4.499999999999999660e-03,4.190490849999999878e-01,0.000000000000000000e+00,3.000000000000000000e+02,6.516985509999999593e-01,1.000000000000000000e+00,6.790482597397371853e-11,2.136772754159586587e-14,0.000000000000000000e+00,-3.594506933333330778e+01,2.737922479249690292e-10,1.226490139663888527e-14,1.726340749526907446e-19,2.225194719390200061e-14,1.094943359699937859e-22,0.000000000000000000e+00,0.000000000000000000e+00,0.000000000000000000e+00,0.000000000000000000e+00,0.000000000000000000e+00,0.000000000000000000e+00,0.000000000000000000e+00,4.562544768749664251e-14,9.999999997259565454e-01,7.226255568019690386e-17,0.000000000000000000e+00,6.626994598183916127e-14,0.000000000000000000e+00,0.000000000000000000e+00,1.217240839666423204e-19,0.000000000000000000e+00,0.000000000000000000e+00,0.000000000000000000e+00,0.000000000000000000e+00,0.000000000000000000e+00,0.000000000000000000e+00,4.164998518858609782e-16,0.000000000000000000e+00,0.000000000000000000e+00,0.000000000000000000e+00,0.000000000000000000e+00,0.000000000000000000e+00,0.000000000000000000e+00,0.000000000000000000e+00,1.525149959582042571e-35,0.000000000000000000e+00,3.929067978923264308e-17,5.444591778507945389e-14,0.000000000000000000e+00,0.000000000000000000e+00,0.000000000000000000e+00,3.873257968938558641e-19,2.803003649231855265e-19,1.380244439621753058e-14,3.497155399041627335e-14,2.561490209298040306e-16,1.107512729696493250e-17,8.886085797564826977e-16,3.466774649049952902e-18,3.597241499014199177e-20,1.348395149630481051e-16,0.000000000000000000e+00,0.000000000000000000e+00
4.874999999999999993e-03,4.055696839999999859e-01,0.000000000000000000e+00,3.000000000000000000e+02,6.516985490000000159e-01,1.000000000000000000e+00,1.847219125683972629e-10,2.129629383763021104e-14,0.000000000000000000e+00,-3.882066933333332059e+01,7.447986941898822936e-10,1.222407490311646182e-14,1.561219910398024465e-19,2.225933630567489575e-14,9.918138582528575381e-23,0.000000000000000000e+00,0.000000000000000000e+00,0.000000000000000000e+00,0.000000000000000000e+00,0.000000000000000000e+00,0.000000000000000000e+00,0.000000000000000000e+00,4.617963961177324453e-14,9.999999992549445382e-01,3.979607961014579023e-16,0.000000000000000000e+00,6.626864721689482126e-14,0.000000000000000000e+00,0.000000000000000000e+00,1.216943040310252758e-19,0.000000000000000000e+00,0.000000000000000000e+00,0.000000000000000000e+00,0.000000000000000000e+00,0.000000000000000000e+00,0.000000000000000000e+00,4.554455381161133339e-16,0.000000000000000000e+00,0.000000000000000000e+00,0.000000000000000000e+00,0.000000000000000000e+00,0.000000000000000000e+00,0.000000000000000000e+00,0.000000000000000000e+00,1.542018750393129271e-35,0.000000000000000000e+00,3.929089591001699682e-17,5.444592161388068912e-14,0.000000000000000000e+00,0.000000000000000000e+00,0.000000000000000000e+00,3.860196580984135676e-19,2.803004630714610652e-19,1.380244470351885788e-14,3.497155390891580944e-14,2.561504460653041930e-16,1.107517670282355368e-17,5.450568681389593451e-15,3.466774650883834950e-18,3.594388400916369423e-20,1.348394590343765780e-16,0.000000000000000000e+00,0.000000000000000000e+00
5.250000000000000326e-03,3.910119329999999782e-01,0.000000000000000000e+00,3.000000000000000000e+02,6.516985419999999918e-01,1.000000000000000000e+00,5.421851111130687065e-10,2.122355135982464062e-14,0.000000000000000000e+00,-4.169625600000002663e+01,2.186089939592545707e-09,1.218247899772936968e-14,1.405940329737953856e-19,2.231651239584053818e-14,8.947645678332294590e-23,0.000000000000000000e+00,0.000000000000000000e+00,0.000000000000000000e+00,0.000000000000000000e+00,0.000000000000000000e+00,0.000000000000000000e+00,0.000000000000000000e+00,4.675301819128594791e-14,9.999999978136150380e-01,2.944433069451202329e-15,2.493166409535311227e-17,6.626729908764877482e-14,0.000000000000000000e+00,0.000000000000000000e+00,1.216642049773236158e-19,0.000000000000000000e+00,0.000000000000000000e+00,0.000000000000000000e+00,0.000000000000000000e+00,0.000000000000000000e+00,0.000000000000000000e+00,4.961643449075223950e-16,0.000000000000000000e+00,0.000000000000000000e+00,0.000000000000000000e+00,0.000000000000000000e+00,0.000000000000000000e+00,0.000000000000000000e+00,0.000000000000000000e+00,1.670153699688708434e-35,0.000000000000000000e+00,3.929287899267639807e-17,5.444592538985209886e-14,0.000000000000000000e+00,0.000000000000000000e+00,0.000000000000000000e+00,3.846631489283045958e-19,2.803005629477562056e-19,1.380244729742743128e-14,3.497155379348183104e-14,2.561641939522549031e-16,1.107522779793574395e-17,4.096701989236436094e-14,3.466774629353845228e-18,3.591435849330610732e-20,1.348394039748679780e-16,0.000000000000000000e+00,0.000000000000000000e+00
5.624999999999999792e-03,3.753758369999999900e-01,0.000000000000000000e+00,3.000000000000000000e+02,6.516985229999999740e-01,1.000000000000000000e+00,1.609605579476204157e-09,2.115148459732113985e-14,0.000000000000000000e+00,-4.457180799999996879e+01,6.489902406816618448e-09,1.214126779404455117e-14,1.254343299384728437e-19,2.274511558884322532e-14,7.993326736079168903e-23,2.679142458685845863e-14,0.000000000000000000e+00,0.000000000000000000e+00,0.000000000000000000e+00,0.000000000000000000e+00,0.000000000000000000e+00,0.000000000000000000e+00,4.734919957677460376e-14,9.999999935094869841e-01,2.228631358906827480e-14,5.262044427418899379e-16,6.626589296749573022e-14,0.000000000000000000e+00,0.000000000000000000e+00,1.216430539403324951e-19,0.000000000000000000e+00,0.000000000000000000e+00,3.580489728243723150e-17,0.000000000000000000e+00,0.000000000000000000e+00,0.000000000000000000e+00,5.399622107351415467e-16,0.000000000000000000e+00,0.000000000000000000e+00,0.000000000000000000e+00,0.000000000000000000e+00,0.000000000000000000e+00,0.000000000000000000e+00,0.000000000000000000e+00,2.633100798708429628e-35,0.000000000000000000e+00,3.931017848071784621e-17,5.444592957329356692e-14,0.000000000000000000e+00,0.000000000000000000e+00,0.000000000000000000e+00,3.832492838120112824e-19,2.803006618625088658e-19,1.380247289322970846e-14,3.497155378284599811e-14,2.562955708742837461e-16,1.107528059456742909e-17,3.088247288485174676e-13,3.466774588299501879e-18,3.588465168239811508e-20,1.348393769338595270e-16,0.000000000000000000e+00,0.000000000000000000e+00
6.000000000000000125e-03,3.586614089999999866e-01,0.000000000000000000e+00,3.000000000000000000e+02,6.516984660000000318e-01,1.000000000000000000e+00,4.712344385259230417e-09,2.108613387091883228e-14,0.000000000000000000e+00,-4.744726933333335239e+01,1.899962319994500942e-08,1.210398059996496649e-14,1.075143719996888140e-19,2.584667459992519147e-14,6.819802689980261244e-23,5.861920359983032915e-13,0.000000000000000000e+00,0.000000000000000000e+00,0.000000000000000000e+00,0.000000000000000000e+00,0.000000000000000000e+00,0.000000000000000000e+00,4.797529059986113850e-14,9.999999809971056308e-01,1.641507669995248980e-13,5.137713179985130600e-15,6.626441809980820860e-14,0.000000000000000000e+00,0.000000000000000000e+00,1.217220649996477054e-19,0.000000000000000000e+00,0.000000000000000000e+00,7.247971059979022337e-16,0.000000000000000000e+00,0.000000000000000000e+00,0.000000000000000000e+00,5.974363609982708026e-16,0.000000000000000000e+00,0.000000000000000000e+00,0.000000000000000000e+00,0.000000000000000000e+00,0.000000000000000000e+00,0.000000000000000000e+00,0.000000000000000000e+00,9.620594719972154833e-35,0.000000000000000000e+00,3.945543619988579910e-17,5.444593759984241419e-14,0.000000000000000000e+00,0.000000000000000000e+00,0.000000000000000000e+00,3.817815039988950019e-19,2.803007449991886938e-19,1.380270939996005042e-14,3.497155539989877877e-14,2.575089919992546660e-16,1.107533419996794437e-17,2.258881059993462173e-12,3.466774459989965627e-18,3.586657409989619477e-20,1.348397329996097325e-16,0.000000000000000000e+00,0.000000000000000000e+00
6.374999999999999591e-03,3.408686830000000056e-01,0.000000000000000000e+00,3.000000000000000000e+02,6.516983060000000050e-01,1.000000000000000000e+00,1.346807360377450176e-08,2.104412589423387150e-14,0.000000000000000000e+00,-5.032251199999996061e+01,5.429908328257145384e-08,1.208053879612247244e-14,7.012889817749051747e-20,4.742963968477636481e-14,4.109875728680840786e-23,4.483000618561078023e-12,0.000000000000000000e+00,0.000000000000000000e+00,0.000000000000000000e+00,0.000000000000000000e+00,0.000000000000000000e+00,0.000000000000000000e+00,4.865655838438255368e-14,9.999999456790269470e-01,1.164702859626161811e-12,4.587806708527437782e-14,6.626285827873141977e-14,0.000000000000000000e+00,0.000000000000000000e+00,1.227417489606031875e-19,0.000000000000000000e+00,0.000000000000000000e+00,7.425192417616714557e-15,0.000000000000000000e+00,0.000000000000000000e+00,0.000000000000000000e+00,7.661685177540806140e-16,0.000000000000000000e+00,0.000000000000000000e+00,0.000000000000000000e+00,0.000000000000000000e+00,0.000000000000000000e+00,0.000000000000000000e+00,0.000000000000000000e+00,5.843299858124457595e-34,0.000000000000000000e+00,4.062696698695983988e-17,5.444598288252430592e-14,0.000000000000000000e+00,0.000000000000000000e+00,0.000000000000000000e+00,3.803772288779091892e-19,2.803007539100309974e-19,1.380480999556902862e-14,3.497157528877506334e-14,2.682740449138912274e-16,1.107538129644510015e-17,1.591036039489320450e-11,3.466774098887258466e-18,3.599997498844498246e-20,1.348446269567185136e-16,0.000000000000000000e+00,0.000000000000000000e+00
6.749999999999999924e-03,3.219977410000000040e-01,0.000000000000000000e+00,3.000000009999999975e+02,6.516978679999999580e-01,1.000000000000000000e+00,3.738692846734601423e-08,2.107154362717596648e-14,0.000000000000000000e+00,-5.247854400000006336e+01,1.507156010207544443e-07,1.209740910166588614e-14,0.000000000000000000e+00,1.912400170263348949e-13,0.000000000000000000e+00,3.047501320419659547e-11,9.499524361308141892e-19,0.000000000000000000e+00,0.000000000000000000e+00,0.000000000000000000e+00,0.000000000000000000e+00,0.000000000000000000e+00,4.952650150682010027e-14,9.999998491377061205e-01,7.921079611090780886e-12,3.899645140537005200e-13,6.626118400912457236e-14,0.000000000000000000e+00,0.000000000000000000e+00,1.320657040181862350e-19,0.000000000000000000e+00,0.000000000000000000e+00,6.484806920892997169e-14,0.000000000000000000e+00,0.000000000000000000e+00,0.000000000000000000e+00,1.923451800264871288e-15,0.000000000000000000e+00,0.000000000000000000e+00,0.000000000000000000e+00,0.000000000000000000e+00,0.000000000000000000e+00,0.000000000000000000e+00,2.726116510375402781e-15,3.856276670531032595e-33,0.000000000000000000e+00,4.966462760683911902e-17,5.444635590749759340e-14,0.000000000000000000e+00,0.000000000000000000e+00,0.000000000000000000e+00,3.801958480523552832e-19,2.803004150385990592e-19,1.382263120190345917e-14,3.497175950481582248e-14,3.595758010495157677e-16,1.107537110152514503e-17,1.074145640147916487e-10,3.466773130477395356e-18,3.784129990521097553e-20,1.349003970185766148e-16,0.000000000000000000e+00,0.000000000000000000e+00
6.937500000000000090e-03,3.121580139999999837e-01,0.000000000000000000e+00,3.000000019999999950e+02,6.516973780000000493e-01,1.000000000000000000e+00,6.402484465406613222e-08,2.115662472825586498e-14,0.000000000000000000e+00,-5.391540266666641656e+01,2.580586401238829220e-07,1.214631860583092768e-14,0.000000000000000000e+00,5.516444332648208214e-13,0.000000000000000000e+00,9.567766474593074030e-11,3.449049061655740422e-18,0.000000000000000000e+00,0.000000000000000000e+00,0.000000000000000000e+00,0.000000000000000000e+00,0.000000000000000000e+00,5.032322832415802881e-14,9.999997414800569917e-01,2.506753201203384684e-11,1.469573460705479267e-12,6.626028153180871733e-14,0.000000000000000000e+00,0.000000000000000000e+00,1.627845260781458651e-19,0.000000000000000000e+00,0.000000000000000000e+00,2.432291091167639017e-13,0.000000000000000000e+00,2.300023711104142865e-14,0.000000000000000000e+00,5.687631932730388143e-15,0.000000000000000000e+00,0.000000000000000000e+00,0.000000000000000000e+00,0.000000000000000000e+00,0.000000000000000000e+00,0.000000000000000000e+00,9.723335124667757065e-15,1.212283990581965451e-32,2.981642831431358164e-17,7.567943263633044390e-17,5.444754272613792942e-14,0.000000000000000000e+00,0.000000000000000000e+00,0.000000000000000000e+00,3.843189261844950103e-19,2.802996401345597926e-19,1.387877450666260372e-14,3.497235421678872753e-14,6.471910703106887019e-16,1.107521800531673750e-17,3.380220381622698689e-10,3.466772051664248378e-18,4.555207772186759816e-20,1.351309580648705703e-16,0.000000000000000000e+00,0.000000000000000000e+00
7.125000000000000257e-03,3.020488760000000217e-01,0.000000000000000000e+00,3.000000049999999874e+02,6.516964979999999574e-01,1.000000000000000000e+00,1.118081182924383986e-07,2.133603297631380284e-14,0.000000000000000000e+00,-5.535161599999992177e+01,4.505010339553737609e-07,1.224936379878658759e-14,0.000000000000000000e+00,1.846604159817076647e-12,0.000000000000000000e+00,3.301626309672943647e-10,1.244696289876701275e-17,0.000000000000000000e+00,0.000000000000000000e+00,0.000000000000000000e+00,0.000000000000000000e+00,0.000000000000000000e+00,5.224209449482493839e-14,9.999995479009408106e-01,8.737879039134432971e-11,6.229941679382866726e-12,6.625925369343641709e-14,0.000000000000000000e+00,0.000000000000000000e+00,3.040380939698821872e-19,0.000000000000000000e+00,0.000000000000000000e+00,1.016284179899327734e-12,1.419451409859390127e-22,1.625711329838958271e-13,0.000000000000000000e+00,2.335362829768660812e-14,0.000000000000000000e+00,0.000000000000000000e+00,0.000000000000000000e+00,0.000000000000000000e+00,0.000000000000000000e+00,0.000000000000000000e+00,3.528982179650421740e-14,4.225284779581446433e-32,1.256470209875535164e-13,1.816742119820034920e-16,5.445284149460594629e-14,0.000000000000000000e+00,0.000000000000000000e+00,0.000000000000000000e+00,4.068383929596988842e-19,2.802973019722339436e-19,1.412723989860056745e-14,3.497500709653540421e-14,1.920030659809803310e-15,1.107450919890296583e-17,1.170807499884020843e-09,3.466770119656584080e-18,8.940145789114396785e-20,1.364431369864840483e-16,0.000000000000000000e+00,0.000000000000000000e+00
7.312500000000000423e-03,2.916704480000000266e-01,0.000000000000000000e+00,3.000000180000000114e+02,6.516949309999999773e-01,1.000000000000000000e+00,1.963416317327797537e-07,2.167451179232038793e-14,0.000000000000000000e+00,-5.678675733333381714e+01,7.905672918604723272e-07,1.244343329780385121e-14,0.000000000000000000e+00,6.390745368872093109e-12,0.000000000000000000e+00,1.153713819796380391e-09,4.408657219221912584e-17,0.000000000000000000e+00,0.000000000000000000e+00,0.000000000000000000e+00,0.000000000000000000e+00,0.000000000000000000e+00,5.796948388976892796e-14,9.999992038235094860e-01,3.085064019455514890e-10,2.669445159528868107e-11,6.625792058830610457e-14,0.000000000000000000e+00,0.000000000000000000e+00,9.368236078346595281e-19,0.000000000000000000e+00,0.000000000000000000e+00,4.276930639245162470e-12,1.522975339731209341e-21,7.681947618644208564e-13,3.739720079339974802e-19,1.044909869815583226e-13,0.000000000000000000e+00,0.000000000000000000e+00,0.000000000000000000e+00,0.000000000000000000e+00,0.000000000000000000e+00,0.000000000000000000e+00,1.265075619776726164e-13,1.503924059734571601e-31,5.725689668989469617e-13,6.029862378935786303e-16,5.447585569038551795e-14,0.000000000000000000e+00,0.000000000000000000e+00,0.000000000000000000e+00,5.130081839094588897e-19,2.802904689505313841e-19,1.519925319731747497e-14,3.498648889382521539e-14,7.411754868691896349e-15,1.107158789804596818e-17,4.107795059275012732e-09,3.466766749388148208e-18,3.317177989414548813e-19,1.437106099746364316e-16,0.000000000000000000e+00,0.000000000000000000e+00
7.499999999999999722e-03,2.810229309999999758e-01,0.000000000000000000e+00,3.000000570000000266e+02,6.516921650000000454e-01,1.000000000000000000e+00,3.438174115655094203e-07,2.227687657009582435e-14,0.000000000000000000e+00,-5.822010666666634648e+01,1.382537930060498533e-06,1.278762270055957416e-14,0.000000000000000000e+00,2.194482280096028176e-11,0.000000000000000000e+00,3.975078570173945254e-09,1.526006350066776718e-16,1.846540190080802766e-16,0.000000000000000000e+00,0.000000000000000000e+00,0.000000000000000000e+00,0.000000000000000000e+00,7.637337980334201651e-14,9.999985980437589017e-01,1.073869630046991449e-09,1.123503340049163389e-10,6.625581790289928339e-14,0.000000000000000000e+00,2.544141010111329093e-23,3.695647710161717703e-18,0.000000000000000000e+00,0.000000000000000000e+00,1.765947710077276010e-11,6.971327160305058619e-21,3.326620120145569696e-12,8.797202710384955447e-17,4.674577160204554451e-13,0.000000000000000000e+00,0.000000000000000000e+00,9.238749270404280394e-16,0.000000000000000000e+00,0.000000000000000000e+00,0.000000000000000000e+00,4.439116780194250998e-13,5.339834610233666255e-31,2.123353410092915510e-12,2.234567950097782776e-15,5.457303510238805934e-14,0.000000000000000000e+00,0.000000000000000000e+00,4.929656980215716963e-14,9.885866940432594817e-19,2.802709450122643787e-19,1.970237040086215539e-14,3.503478110153308244e-14,3.048055020133380150e-14,1.106003140048397395e-17,1.421069850062184676e-08,3.466760990151701847e-18,1.632723820071446345e-18,1.828267160080003063e-16,0.000000000000000000e+00,0.000000000000000000e+00
7.687499999999999889e-03,2.701066610000000257e-01,0.000000000000000000e+00,3.000001800000000003e+02,6.516873090000000479e-01,1.000000000000000000e+00,5.976200743072326979e-07,2.330797305309825220e-14,0.000000000000000000e+00,-5.965043199999999501e+01,2.397005500609984136e-06,1.337286480340309315e-14,0.000000000000000000e+00,7.380892641878271480e-11,0.000000000000000000e+00,1.339080600340765984e-08,5.151148901310852233e-16,8.271212672104837944e-16,0.000000000000000000e+00,0.000000000000000000e+00,0.000000000000000000e+00,0.000000000000000000e+00,1.359378330345931329e-13,9.999975372544769314e-01,3.654167140929903711e-09,4.609088891172909406e-10,6.625188501685962673e-14,3.447712180877365666e-14,2.706272110688685645e-22,1.538510070391516106e-17,1.373351010349486933e-14,0.000000000000000000e+00,7.105236651808123326e-11,3.006169610765003002e-20,1.383339890352028982e-11,4.670582351188557624e-16,2.045478580520528556e-12,0.000000000000000000e+00,2.477054290630354911e-14,7.086243431803290199e-15,0.000000000000000000e+00,0.000000000000000000e+00,0.000000000000000000e+00,1.519629500386711553e-12,1.885897870479918957e-30,7.364628121874132550e-12,8.381965032133022410e-15,5.497164991398905443e-14,0.000000000000000000e+00,0.000000000000000000e+00,2.713084710690419001e-13,3.047325810775475882e-18,2.802165330713087873e-19,3.809203220969356563e-14,3.523209720896577617e-14,1.246888330317305086e-13,1.101553870280320740e-17,4.806368551223112610e-08,3.466751430882210078e-18,8.410008362140156966e-18,3.871038450985092687e-16,0.000000000000000000e+00,0.000000000000000000e+00
7.875000000000000056e-03,2.589222050000000164e-01,0.000000000000000000e+00,3.000005540000000224e+02,6.516787760000000151e-01,1.000000000000000000e+00,1.028974720933344338e-06,2.501851128214009771e-14,0.000000000000000000e+00,-6.107539200000002921e+01,4.107390878654977541e-06,1.433133909530700262e-14,0.000000000000000000e+00,2.420433849207395612e-10,0.000000000000000000e+00,4.395897278560502713e-08,1.693076849445578564e-15,2.925608509041969152e-15,0.000000000000000000e+00,0.000000000000000000e+00,0.000000000000000000e+00,0.000000000000000000e+00,3.255088928934075842e-13,9.999956756725375540e-01,1.211553399603259970e-08,1.837735229398208065e-09,6.624413777830743273e-14,2.723383509108190389e-13,1.270032039584110582e-21,6.344551497922390047e-17,7.897179487413959219e-14,0.000000000000000000e+00,2.778500169090141447e-10,1.286387779578754639e-19,5.571394978175569754e-11,2.058575279325891216e-15,8.701123947150697867e-12,0.000000000000000000e+00,1.769802569420453474e-13,3.483164848859388992e-14,0.000000000000000000e+00,0.000000000000000000e+00,0.000000000000000000e+00,5.065522358341224826e-12,6.649261227822608617e-30,2.459434439194624291e-11,3.088288758988697441e-14,5.655797488147930924e-14,0.000000000000000000e+00,0.000000000000000000e+00,1.197616729607823969e-12,1.168072039617498542e-17,2.800693059082873892e-19,1.109879839636554480e-13,3.601441788820657913e-14,4.981301318368803976e-13,1.084861829644746926e-17,1.584074659481272721e-07,3.466736188864769200e-18,4.260611928604803787e-17,1.420397079534871340e-15,1.068596979650073161e-16,0.000000000000000000e+00
8.062500000000000222e-03,2.474705690000000013e-01,0.000000000000000000e+00,3.000016650000000027e+02,6.516636230000000252e-01,1.000000000000000000e+00,1.754735393805084136e-06,2.778045524958520220e-14,0.000000000000000000e+00,-6.249035199999998724e+01,6.942514370167566255e-06,1.584170310038235897e-14,0.000000000000000000e+00,7.721231380186361277e-10,0.000000000000000000e+00,1.403547410033876308e-07,5.410501750130589157e-15,9.582944470231295847e-15,0.000000000000000000e+00,0.000000000000000000e+00,0.000000000000000000e+00,0.000000000000000000e+00,9.136772480220528563e-13,9.999923610241360228e-01,3.906360920094284637e-08,7.108071320171562148e-09,6.623019100159854391e-14,1.216647140029365271e-12,5.180549710125039386e-21,2.548565710061513005e-16,3.405265760082190719e-13,0.000000000000000000e+00,1.054162320025443458e-09,5.498714860132718816e-19,2.174729860052489824e-10,8.529420720205868568e-15,3.588615200086615510e-11,1.088590970026274309e-17,8.402109420202795625e-13,1.557279870037586877e-13,0.000000000000000000e+00,0.000000000000000000e+00,0.000000000000000000e+00,1.641667020039623595e-11,2.351269810056750994e-29,7.960184100192129316e-11,1.107627130026733899e-13,6.267344780151271061e-14,0.000000000000000000e+00,0.000000000000000000e+00,4.940790610119252163e-12,4.672741110112782260e-17,2.796845970067505239e-19,3.909970590094371803e-13,3.901974430094179194e-14,1.932609500046645934e-12,1.023968040024714627e-17,5.077483520122551717e-07,3.466713290083673400e-18,2.094194710050546022e-16,6.473427290156244602e-15,8.290694840200106937e-16,0.000000000000000000e+00
8.250000000000000389e-03,2.357536279999999929e-01,0.000000000000000000e+00,3.000048620000000028e+02,6.516360979999999969e-01,1.000000000000000000e+00,2.969147510328745188e-06,3.215111254041856236e-14,0.000000000000000000e+00,-6.388565333333327345e+01,1.155955039481517232e-05,1.812750449186923471e-14,0.000000000000000000e+00,2.391881508927165069e-09,0.000000000000000000e+00,4.351519128048204544e-07,1.678526209247127693e-14,3.006315968651571897e-14,0.000000000000000000e+00,0.000000000000000000e+00,0.000000000000000000e+00,3.102786038608301731e-29,2.685816978795325411e-12,9.999862685514742111e-01,1.222841789451516512e-07,2.662293858805876428e-08,6.621201027030179493e-14,4.841467667828447728e-12,1.989747159107534951e-20,9.919730595550685120e-16,1.354334839392537655e-12,0.000000000000000000e+00,3.873782088262485452e-09,2.345698978947878827e-18,8.217646236314123982e-10,3.396095638476742980e-14,1.432140319357639358e-10,5.599446447488470108e-17,3.631620418371102275e-12,6.645569647019250144e-13,0.000000000000000000e+00,0.000000000000000000e+00,0.000000000000000000e+00,5.164865767683392933e-11,8.356920506251655016e-29,2.498828348879195432e-10,3.853295508271674129e-13,8.547236626166291958e-14,0.000000000000000000e+00,0.000000000000000000e+00,1.956318609122528638e-11,1.842064879173775100e-16,2.787195558749853899e-19,1.431374379357982973e-12,5.018647627748976457e-14,7.262471636742549732e-12,8.087761826372381408e-18,1.580264769291200959e-06,3.466681968445082441e-18,9.945353565539193456e-16,3.031412328640314751e-14,3.874201258262297486e-15,0.000000000000000000e+00
8.437500000000000555e-03,2.237750679999999937e-01,0.000000000000000000e+00,3.000137780000000021e+02,6.515843230000000208e-01,1.000000000000000000e+00,5.005716006817371578e-06,3.901646308380162166e-14,0.000000000000000000e+00,-6.524072533333323065e+01,1.894102830366376834e-05,2.145377250414981095e-14,0.000000000000000000e+00,7.183596261389526299e-09,0.000000000000000000e+00,1.307948040252996876e-06,5.047164600976274570e-14,9.105244081761231362e-14,0.000000000000000000e+00,0.000000000000000000e+00,0.000000000000000000e+00,1.905966900368672149e-28,7.858259991520026766e-12,9.999744901934255470e-01,3.710509140717725534e-07,9.638278791864335442e-08,6.621752491280847098e-14,1.826810040353360643e-11,7.303849191412787267e-20,3.731210460721729686e-15,5.145767120995347792e-12,0.000000000000000000e+00,1.376312670266220594e-08,9.935668581921860897e-18,3.000911510580467415e-09,1.303793210252193259e-13,5.519571751067652911e-10,1.739416690336456055e-16,1.495566260289287961e-11,2.728745920527822300e-12,0.000000000000000000e+00,0.000000000000000000e+00,0.000000000000000000e+00,1.574903460304634042e-10,2.978853730576200599e-28,7.600970991470258253e-10,1.297374560250951614e-12,1.675089640324013268e-13,0.000000000000000000e+00,0.000000000000000000e+00,7.467041411444353218e-11,7.042500031362233752e-16,2.764122330534664994e-19,5.163038640998688639e-12,9.024031001745521680e-14,2.637993250510268019e-11,7.659639531481607586e-19,4.767822100922241454e-06,3.466646080670554353e-18,4.551825520880461529e-15,1.385963030268087253e-13,1.624782210314282286e-14,0.000000000000000000e+00
8.625000000000000722e-03,2.115424320000000025e-01,0.000000000000000000e+00,3.000378269999999929e+02,6.514826710000000132e-01,1.000000000000000000e+00,8.467782049140097609e-06,4.987153667364729763e-14,1.865823627534841976e-03,-6.651241600000054177e+01,3.051726211222750777e-05,2.613444921047142036e-14,0.000000000000000000e+00,2.088122920836658823e-08,0.000000000000000000e+00,3.804871581524517021e-06,1.468395540588349380e-13,2.665354931067941371e-13,0.000000000000000000e+00,0.000000000000000000e+00,0.000000000000000000e+00,8.475930503396095308e-28,2.245240610899611930e-11,9.999502464006551072e-01,1.089486950436530285e-06,3.366091891348709030e-07,6.638721852659970882e-14,6.615279632650577578e-11,2.563440101027106742e-19,1.353281430542226059e-14,1.879601570753109462e-11,0.000000000000000000e+00,4.718597101890623578e-08,4.145395111660955993e-17,1.057003670423514965e-08,4.822233041932148306e-13,2.050157170821446895e-09,4.728244871894489698e-16,5.913195752369270424e-11,1.078135940431982158e-11,0.000000000000000000e+00,0.000000000000000000e+00,0.000000000000000000e+00,4.646528391861747651e-10,1.058573810424144026e-27,2.237010410896314174e-09,4.219158101690511281e-12,4.518126701810300793e-13,0.000000000000000000e+00,0.000000000000000000e+00,2.745834331100187514e-10,2.596762921040458509e-15,2.712036241086645144e-19,1.805645210723477111e-11,2.286325890916073633e-13,9.243372803703589175e-11,0.000000000000000000e+00,1.392141140557796277e-05,3.466621291388988444e-18,2.003010700802556530e-14,6.108762352447629106e-13,6.458719522587848031e-14,6.095011322442118999e-14
8.812499999999999153e-03,1.990713540000000059e-01,0.000000000000000000e+00,3.001004360000000020e+02,6.512746179999999718e-01,9.999942730740398744e-01,1.451775535163792558e-05,6.719904847876058070e-14,2.254911578293534169e-01,-6.761313599999994040e+01,4.831067750029883313e-05,3.255634290020138778e-14,0.000000000000000000e+00,5.863934580036272952e-08,0.000000000000000000e+00,1.069281210006614288e-05,4.125794270025521262e-13,7.533582140046600236e-13,0.000000000000000000e+00,0.000000000000000000e+00,1.067449800006603081e-17,3.572792350022099997e-27,6.217355180038459253e-11,9.998972410061850447e-01,3.089842210019112937e-06,1.131612660006999954e-06,6.729342570041624855e-14,2.301764730014238104e-10,8.567955990052998895e-19,4.722041060029209464e-14,6.599063960040820453e-11,0.000000000000000000e+00,1.557760690009635697e-07,1.687321320010437450e-16,3.583249060022165171e-08,1.714935210010608049e-12,7.322290230045294284e-09,1.205918670007459590e-15,2.244273010013882483e-10,4.091195150025307489e-11,0.000000000000000000e+00,0.000000000000000000e+00,7.595416480046982055e-17,1.323963310008189612e-09,3.723060470023029854e-27,6.358560140039332247e-09,1.322555040008180945e-11,1.398487420008650577e-12,1.697481590010500048e-14,0.000000000000000000e+00,9.709461400060059643e-10,9.204897740056939742e-15,2.602481350016098419e-19,6.086619100037649374e-11,6.881345400042566002e-13,3.117517780019284310e-10,0.000000000000000000e+00,3.926680780024289537e-05,3.466647390021443415e-18,8.452935760052286593e-14,2.583543020015980986e-12,2.456614160015195938e-13,2.998314100018546757e-13
8.999999999999999320e-03,1.863938910000000060e-01,0.000000000000000000e+00,3.002573899999999867e+02,6.508357040000000149e-01,9.999313150581982113e-01,2.552347634017159089e-05,1.543644748784613933e-13,2.033023755347212802e+00,-6.837522133333330032e+01,7.508933887968261499e-05,4.121131028884921391e-14,0.000000000000000000e+00,1.587686039570410333e-07,1.252403069661129771e-18,2.897058679216125689e-05,1.117344649697673384e-12,2.052421449444664018e-12,0.000000000000000000e+00,0.000000000000000000e+00,5.049040208633850226e-17,1.516461059589682375e-26,1.662180509550253774e-10,9.997762427294845100e-01,8.446786747714502420e-06,3.653130539011550716e-06,7.099780648078969798e-14,7.682892767921193855e-10,2.710514729266599617e-18,1.581111639572189369e-13,2.222438259398661391e-10,0.000000000000000000e+00,4.940248288663287976e-07,6.629192958206299716e-16,1.166265139684436684e-07,5.849799008417185342e-12,2.508309469321311452e-08,2.945562609203002001e-15,8.158878847792402287e-10,1.487252089597585227e-10,0.000000000000000000e+00,0.000000000000000000e+00,1.217609649670544138e-14,3.635761819016250338e-09,1.288205079651442730e-26,1.742058529528640668e-08,3.986912108921236957e-11,4.418951988804337612e-12,7.744475887904529926e-14,0.000000000000000000e+00,3.293439089108874637e-09,3.127540619153762461e-14,2.391915449352805000e-19,1.970846019466736176e-10,2.150247029418194956e-12,1.009613299726822784e-09,0.000000000000000000e+00,1.067751779711091973e-04,3.466805119061965782e-18,3.411282059076988957e-13,1.044952599717260894e-11,8.940388477580945040e-13,1.158524679686530971e-12
9.187499999999999487e-03,1.735735370000000000e-01,0.000000000000000000e+00,3.006352089999999748e+02,6.498982380000000170e-01,9.997422734074979944e-01,4.646604922291258264e-05,1.825350795381429527e-12,1.432322798009935561e+01,-6.850265599999995914e+01,1.145005600404161466e-04,5.274441291861759874e-14,0.000000000000000000e+00,4.135017561459568603e-07,3.523427241243690417e-17,7.549223962664707206e-05,2.910869171027471998e-12,5.377443841898117650e-12,0.000000000000000000e+00,2.941679991038347297e-28,1.538494800543054512e-16,7.007704382473563128e-26,4.278111901510077880e-10,9.994948063527993032e-01,2.220614420783827446e-05,1.129303020398618828e-05,8.418673952971603912e-14,2.453426220866004738e-09,8.055807262843519743e-18,5.064489001787651192e-13,7.159626182527187483e-10,0.000000000000000000e+00,1.500932570529795695e-06,2.484482660876967209e-15,3.634192441282788699e-07,1.908375290673613744e-11,8.216878442900374836e-08,6.944988142451425900e-15,2.832609040999847603e-09,5.163385791822560497e-10,0.000000000000000000e+00,0.000000000000000000e+00,3.649575761288218937e-14,9.599323333388347314e-09,4.376141651544680241e-26,4.589496091619989303e-08,1.152779680406905571e-10,1.362312440480865731e-11,2.324643680820547337e-13,0.000000000000000000e+00,1.068468800377145476e-08,1.015178630358335387e-13,2.032755810717517440e-19,6.111154112157101172e-10,6.594283492327634912e-12,3.130744241105082851e-09,0.000000000000000000e+00,2.792645710985741268e-04,3.467226591223853215e-18,1.312101670463142532e-12,4.028056621421814190e-11,3.105212071096070450e-12,4.099632671447078626e-12
9.374999999999999653e-03,1.607292889999999974e-01,0.000000000000000000e+00,3.015055039999999735e+02,6.479113990000000545e-01,9.992405010568869983e-01,8.784113958192112321e-05,1.296533868991767063e-11,8.507707818559134694e+01,-6.753015466666661837e+01,1.711255709504292679e-04,6.809407318027488208e-14,0.000000000000000000e+00,1.033024719700759132e-06,2.601432199246431596e-16,1.886466849453538488e-04,7.282440957890462898e-12,1.351190979608594392e-11,0.000000000000000000e+00,1.263658849633950128e-27,4.214749778779094516e-16,4.104066528811156760e-25,1.057158929693768108e-09,9.988434167106605699e-01,5.598282408378320118e-05,3.331544859034935773e-05,1.265772739633337960e-13,7.469150977836376161e-09,2.233283149353074695e-17,1.545480609552313760e-12,2.198403409363178327e-09,0.000000000000000000e+00,4.353895438738787760e-06,8.769088047459819199e-15,1.080444169687022800e-06,5.932983778281364933e-11,2.564801249257042598e-07,1.589757419539487786e-14,9.355986057289809617e-09,1.705433909505979220e-09,0.000000000000000000e+00,0.000000000000000000e+00,8.359437727578483953e-14,2.429523099296229211e-08,1.468567119574593623e-25,1.159406919664149320e-07,3.186650049076908589e-10,4.030061398832593999e-11,6.118712838227565033e-13,0.000000000000000000e+00,3.303290709043120501e-08,3.135140099091830171e-13,1.512477869561873825e-19,1.808266339476191427e-09,1.944400699436756479e-11,9.263911567316480383e-09,0.000000000000000000e+00,7.005821517970592383e-04,3.468059228995391563e-18,4.790571218612293765e-12,1.473698249573107077e-10,1.025426059702960322e-11,1.365499789604449570e-11
9.562499999999999820e-03,1.480673849999999958e-01,0.000000000000000000e+00,3.034149409999999989e+02,6.438164029999999816e-01,9.980175965164664875e-01,1.711301170774722521e-04,7.757305043494136273e-11,4.356304115793339520e+02,-6.485127999999986059e+01,2.503414501170433634e-04,8.896399804159377669e-14,6.011156672810425688e-16,2.466569481153207469e-06,1.505661760703949667e-15,4.503009712105314260e-04,1.748456470817464376e-11,3.244222411516787621e-11,0.000000000000000000e+00,4.531637812118698694e-27,1.118451410522914992e-15,3.285097081535897503e-24,2.500510721169075850e-09,9.973724934663064090e-01,1.348514980630477955e-04,9.337599494365653532e-05,2.514889891175798525e-13,2.157613401008759708e-08,5.763813412694782973e-17,4.466633782088307448e-12,6.403515062993866642e-09,0.000000000000000000e+00,1.200608080561326187e-05,2.879994341346497698e-14,3.050803371426356708e-06,1.749786310818086191e-10,7.592351463549689384e-07,3.561824451665277275e-14,2.925199541367633095e-08,5.332107412492946535e-09,0.000000000000000000e+00,0.000000000000000000e+00,1.711558800800213528e-13,5.871249962745013787e-08,4.976087892326494227e-25,2.798264281308286306e-07,8.385948423920723784e-10,1.134380030530362250e-10,1.493771400698390253e-12,0.000000000000000000e+00,9.685336094528233307e-08,9.162043814283575666e-13,9.121400314264574085e-20,5.082990882376475664e-09,5.459354382552438911e-11,2.604080311217498340e-08,0.000000000000000000e+00,1.679820510785374772e-03,3.469273731622006300e-18,1.651512320772139562e-11,5.089625012379577178e-10,3.203505201497750736e-11,4.292352712006825076e-11
9.749999999999999986e-03,1.359077700000000111e-01,0.000000000000000000e+00,3.073794760000000110e+02,6.357783839999999742e-01,9.952503658017368693e-01,3.377270334784003504e-04,4.135564223252500346e-10,1.917994606643630732e+03,-5.994045866666670008e+01,3.577865769936384890e-04,1.193187359978784724e-13,3.090999189945041879e-14,5.601221139900409120e-06,7.410633209868237839e-15,1.021150679981843801e-03,4.036100439928237709e-11,7.406297069868314120e-11,0.000000000000000000e+00,1.602549709971506453e-26,2.926517509947966072e-15,3.038129339945981314e-23,5.641839439899686584e-09,9.941852399823231101e-01,3.088344669945088366e-04,2.471323159956059345e-04,5.919361889894752307e-13,5.875420169895533474e-08,1.404911409975020500e-16,1.211697559978455804e-11,1.757781539968746240e-08,0.000000000000000000e+00,3.128471129944375049e-05,8.757998099844281488e-14,8.130946869855429609e-06,4.865587189913487910e-10,2.117731189962346342e-06,7.910093109859356658e-14,8.597413759847136060e-08,1.567144589972135928e-08,0.000000000000000000e+00,0.000000000000000000e+00,3.265665579941935971e-13,1.347376779976043213e-07,1.787567479968216607e-24,6.420420659885842994e-07,2.088498169962866095e-09,3.015992459946375062e-10,3.426039299939084095e-12,0.000000000000000000e+00,2.675267109952433222e-07,2.514665779955288681e-12,4.058600659927837226e-20,1.349062419976013498e-08,1.448376089974247511e-10,6.911439499877112348e-08,0.000000000000000000e+00,3.831405759931876508e-03,3.470092819938300702e-18,5.337378169905100509e-11,1.647007769970715816e-09,9.405011929832776586e-11,1.267130889977470062e-10
9.937500000000000153e-03,1.246689339999999951e-01,0.000000000000000000e+00,3.150982819999999833e+02,6.211081680000000160e-01,9.894439255028181224e-01,6.599467394336333689e-04,1.975034901552059108e-09,7.132401166308444772e+03,-5.290506133333323646e+01,4.981340659550106704e-04,1.698077169846637476e-13,9.474295849144324729e-14,1.201500209891485905e-05,3.061812079723470538e-14,2.183076559802834236e-03,9.017184309185608838e-11,1.596662229855796573e-10,0.000000000000000000e+00,5.901637249466991031e-26,7.514710359321305218e-15,2.634575449762056649e-22,1.209873199890729634e-08,9.876621779107987997e-01,6.678894749396792341e-04,6.124450219446867178e-04,1.452747959868794290e-12,1.494508749865022678e-07,3.380318409694705172e-16,3.043627929725113144e-11,4.505646489593070240e-08,0.000000000000000000e+00,7.639690819310018355e-05,2.502520529773983365e-13,2.027841329816854458e-05,1.265137779885738515e-09,5.516381179501785544e-06,1.773296159839843880e-13,2.352475409787534946e-07,4.288086729612719101e-08,0.000000000000000000e+00,0.000000000000000000e+00,5.877841489469139773e-13,2.913785719736840237e-07,7.412936949330497297e-24,1.390864029874383382e-06,4.881731259559103307e-09,7.507293509321974483e-10,7.373351839334070384e-12,0.000000000000000000e+00,6.896873459377104525e-07,6.413927809420722290e-12,1.225957219889277098e-20,3.352129459697250321e-08,3.598386859675009517e-10,1.717347169844896899e-07,0.000000000000000000e+00,8.258995079254084076e-03,3.467755159686807863e-18,1.601155319855390649e-10,4.942399379553624331e-09,2.572102819767699032e-10,3.481007449685610643e-10
1.012500000000000032e-02,1.147492350000000050e-01,0.000000000000000000e+00,3.290175770000000171e+02,5.969102349999999557e-01,9.782468616353787727e-01,1.246190065377841480e-03,8.396774731518976084e-09,1.774002059988246037e+04,-4.626682666666662413e+01,6.729767260286451244e-04,2.701275000114979335e-13,2.176036080092622705e-13,2.413137210102714848e-05,1.027448280043733197e-13,4.355727090185401024e-03,1.973965760084021637e-10,3.221698240137130899e-10,0.000000000000000000e+00,2.398026020102071758e-25,1.893577960080599682e-14,1.912401800081400988e-21,2.458823990104659548e-08,9.752636810415119539e-01,1.351928020057544672e-03,1.405687960059832714e-03,3.464044870147446554e-12,3.508743640149349041e-07,8.550226680363939111e-16,6.942088990295488726e-11,1.065535510045354395e-07,7.605893770323744540e-24,1.729620000073621140e-04,7.008617920298321041e-13,4.679525500199183450e-05,3.044322510129581051e-09,1.326347790056455680e-05,4.106961870174812011e-13,5.917227510251866644e-07,1.078581650045909732e-07,0.000000000000000000e+00,1.084553880046164075e-15,9.990962570425263832e-13,5.878569870250219358e-07,3.953600500168284448e-23,2.819625570120016814e-06,1.059207320045084982e-08,1.730121140073642162e-09,1.477769090062901060e-11,0.000000000000000000e+00,1.639276010069775534e-06,1.498667400063790558e-11,2.616381770111365973e-21,7.712478260328280615e-08,8.278615700352378291e-10,3.951227880168183246e-07,0.000000000000000000e+00,1.668611410071024065e-02,3.455642160147089013e-18,4.401643020187355605e-10,1.356672400057746440e-08,6.482212680275914820e-10,8.788010630374060428e-10
1.021875000000000040e-02,1.104117200000000049e-01,0.000000000000000000e+00,3.394625879999999825e+02,5.803068009999999832e-01,9.694174180004815344e-01,1.690963900326181634e-03,1.709853610032399256e-08,3.160590322728833053e+04,-4.158438400000004975e+01,7.724692592074467595e-04,3.713479710997255954e-13,3.241340970870463115e-13,3.353975510900711337e-05,1.779299610477831411e-13,6.021184581616991285e-03,2.988033350802437161e-10,4.488335371205343895e-10,0.000000000000000000e+00,5.472266541469579148e-25,3.110303370835273161e-14,4.969453441334548566e-21,3.478475220934145709e-08,9.655561072593004113e-01,1.886770670506692773e-03,2.092446210561927245e-03,5.368579621441733877e-12,5.280168611417990672e-07,1.486876160399301191e-15,1.012235110271836022e-10,1.609796190432311295e-07,3.000834550805874671e-23,2.556131880686449880e-04,1.247925500335130672e-12,6.983234931875349348e-05,4.658960081251165015e-09,2.023550380543425240e-05,6.639262251782976311e-13,9.244359252482574948e-07,1.685033840452516236e-07,0.000000000000000000e+00,5.165384711387165627e-15,1.277754320343141128e-12,8.174480172195259632e-07,1.077700550289416852e-22,3.937969221057542631e-06,1.528333570410434587e-08,2.580805740693075972e-09,2.044899670549158456e-11,0.000000000000000000e+00,2.482730410666738122e-06,2.234869390600174908e-11,1.079236030289829255e-21,1.149455160308686404e-07,1.233815950331341605e-09,5.888854841581453435e-07,0.000000000000000000e+00,2.328199250625238859e-02,3.441408470924191074e-18,7.235215151943019617e-10,2.224297140597335596e-08,1.016869990273080632e-09,1.375653490369432031e-09
1.031250000000000049e-02,1.065131839999999969e-01,0.000000000000000000e+00,3.529263550000000009e+02,5.605657790000000418e-01,9.576321250717166889e-01,2.268829254282676931e-03,3.413141655895102329e-08,5.241465480039711838e+04,-3.782039466666653738e+01,8.786325490117327360e-04,5.324357960071098211e-13,4.768499490063675697e-13,4.595652730061367355e-05,2.928228600039101988e-13,8.190617980109372864e-03,4.549404020060749639e-10,6.164497830082316479e-10,0.000000000000000000e+00,1.309973100017492564e-24,5.119461570068362015e-14,1.246061080016639041e-20,4.885941610065243665e-08,9.526444470127208852e-01,2.596303110034669202e-03,3.071841800041019178e-03,8.284701020110628917e-12,7.830585850104563845e-07,2.682656100035822177e-15,1.439151000019217419e-10,2.397115720032009427e-07,1.253665640016740602e-22,3.724956880049740409e-04,2.274157430030367430e-12,1.027473710013720228e-04,7.046316720094092200e-09,3.046219320040677086e-05,1.089251920014545218e-12,1.425262800019032074e-06,2.597905260034690511e-07,0.000000000000000000e+00,1.204617260016085603e-14,1.612637760021534244e-12,1.118861540014940631e-06,3.239756090043261555e-22,5.422582400072409537e-06,2.171339420028994719e-08,3.796683830050698380e-09,2.783931890037174532e-11,0.000000000000000000e+00,3.705629100049482223e-06,3.271295130043682589e-11,7.800457900104162927e-22,1.689474190022560146e-07,1.813455170024215767e-09,8.655482580115580280e-07,0.000000000000000000e+00,3.205238090042800830e-02,3.417867720045639947e-18,1.177480570015723263e-09,3.607636710048173788e-08,1.577073770021059249e-09,2.125272930028379395e-09
1.040625000000000057e-02,1.029675220000000058e-01,0.000000000000000000e+00,3.697201640000000111e+02,5.381952399999999637e-01,9.424552400659486073e-01,2.993214702525020046e-03,6.608481402587472515e-08,8.084829551156998787e+04,-3.557853333333342505e+01,9.895483766197842208e-04,7.987426666930976842e-13,6.932100347336467641e-13,6.176801487626677203e-05,4.554895178249864339e-13,1.090905379580839503e-02,6.930453117337099672e-10,8.304264076809238056e-10,0.000000000000000000e+00,3.281370858739192977e-24,8.389412266776521432e-14,3.015269598841437455e-20,6.790556107390852990e-08,9.360594576403362677e-01,3.504425128653488718e-03,4.411065578305128215e-03,1.263965159514344519e-11,1.134173389564214373e-06,5.008952238075402503e-15,1.972098349242257048e-10,3.485911098660601919e-07,5.464474567900375266e-22,5.310535997959523521e-04,4.239485268371055190e-12,1.478006029432102938e-04,1.043549499599035061e-08,4.481199438278180621e-05,1.804761399306553527e-12,2.144369569176065329e-06,3.908624638498182380e-07,0.000000000000000000e+00,2.601213959000530978e-14,2.004890229229657282e-12,1.499544969423827300e-06,1.060865069592382019e-21,7.323713257185996565e-06,3.015760008841248774e-08,5.462383577901178641e-09,3.707895638575308835e-11,0.000000000000000000e+00,5.399661907925278610e-06,4.650012108213317969e-11,1.253502599518364540e-21,2.428575039066864472e-07,2.606786338998389829e-09,1.244206549521936220e-06,0.000000000000000000e+00,4.332110438335465274e-02,3.382102818700488479e-18,1.869806489281561022e-09,5.704430097808176299e-08,2.391384389081154107e-09,3.203874018768970105e-09
1.050000000000000065e-02,9.963203449999999406e-02,0.000000000000000000e+00,3.899921259999999847e+02,5.140206779999999531e-01,9.236060925750186890e-01,3.868254620674630405e-03,1.232523519173845924e-07,1.161651428997572511e+05,-3.527897173333324332e+01,1.102948519501487264e-03,1.252243539434008802e-12,9.939661215507453386e-13,8.118331206330663119e-05,6.707985766968111957e-13,1.418404299358907127e-02,1.051018559524958603e-09,1.093778849505631750e-09,0.000000000000000000e+00,8.525825926146482924e-24,1.357498329386435607e-13,7.176510326756348472e-20,9.322593415786358437e-08,9.154997245862107613e-01,4.625077057909549559e-03,6.165627077213248729e-03,1.902763189139985897e-11,1.595988119278642333e-06,9.668848395629857721e-15,2.583294528832397752e-10,4.924094387774398464e-07,2.412677668909513903e-21,7.372221616667890562e-04,8.052594006360374704e-12,2.068304539065164011e-04,1.505565889319511738e-08,6.405584937104792393e-05,2.996979658645419757e-12,3.128269328586079345e-06,5.701954117422821165e-07,0.000000000000000000e+00,5.563307037485486430e-14,2.453566618891032560e-12,1.961843869113282401e-06,3.702235108326657609e-21,9.670628885629052260e-06,4.076255028157606696e-08,7.647818166543325213e-09,4.812946177824635735e-11,0.000000000000000000e+00,7.639767346546964775e-06,6.370475237120661888e-11,2.689410878784435482e-21,3.397449338464415042e-07,3.646757998351731903e-09,1.740586679213286675e-06,2.631420608810645910e-16,5.730588737409877953e-02,3.331498588494222899e-18,2.873207248701363040e-09,8.721351276058109123e-08,3.522025408408108810e-09,4.682381517883648337e-09
1.059375000000000074e-02,9.632463089999999950e-02,0.000000000000000000e+00,4.137111679999999865e+02,4.890243610000000185e-01,9.010120369268244112e-01,4.887179963113280276e-03,2.204329112722469448e-07,1.560426304459664098e+05,-3.705957973333333655e+01,1.216447049639527355e-03,2.040642359395291295e-12,1.400626139584948974e-12,1.041856129691264178e-04,9.412053167210902514e-13,1.798067599467174232e-02,1.578140549532345645e-09,1.406442209583225541e-09,0.000000000000000000e+00,2.265256159328731049e-23,2.148992389363183667e-13,1.741595349483908580e-19,1.263788969625498079e-07,8.908889567360006589e-01,5.959172958234103604e-03,8.369441697519863083e-03,2.829940879161396519e-11,2.176693509354974900e-06,1.923791669429918133e-14,3.217352589046593713e-10,6.739739308002795953e-07,1.046236009689966204e-20,9.943182127053510570e-04,1.546273699541788862e-11,2.809085859167576721e-04,2.111278659374359627e-08,8.873266627370563094e-05,4.938964378536424403e-12,4.411763468692650910e-06,8.041297437617102156e-07,0.000000000000000000e+00,1.176186109651457892e-13,2.957163369123696228e-12,2.502113119258542396e-06,1.338905639603238804e-20,1.246514449630617270e-05,5.348704368415004501e-08,1.039542359691949914e-08,6.073728248200156456e-11,0.000000000000000000e+00,1.046930939689760215e-05,8.363464847521634206e-11,6.020015128216073700e-21,4.614612388632540469e-07,4.953253058532190353e-09,2.364178569299417076e-06,6.053163168206251149e-16,7.408046757804755134e-02,3.264200749032711268e-18,4.253822358739454364e-09,1.284184099619454671e-07,5.019893678512442202e-09,6.613935278040075856e-09
1.068750000000000082e-02,9.285029529999999642e-02,0.000000000000000000e+00,4.406914229999999861e+02,4.641514769999999790e-01,8.748255095543948645e-01,6.032881383857412357e-03,3.767532348365648515e-07,1.969906270952758205e+05,-4.077440106666727360e+01,1.327786359778824208e-03,3.425285669429433919e-12,1.931142619678320291e-12,1.305238169782580316e-04,1.268470529788704921e-12,2.222530289629782649e-02,2.332531069611459224e-09,1.765131089705973667e-09,0.000000000000000000e+00,6.047523508992635228e-23,3.299950819450311844e-13,4.464397579256344174e-19,1.692482999718075250e-07,8.623944808563468456e-01,7.493815748751719505e-03,1.102831949816296050e-02,4.165867809306071487e-11,2.876249979520889495e-06,3.915888109347711428e-14,3.798776209367219506e-10,8.935018348511651803e-07,4.332240649278358563e-20,1.302355349783060421e-03,2.969265709505395306e-11,3.701192739383475086e-04,2.876975349520768747e-08,1.190463809801698683e-04,7.991563328668807569e-12,6.011309778998667140e-06,1.095660839817490640e-06,0.000000000000000000e+00,2.425236989596016957e-13,3.516535829414233881e-12,3.111028239481781326e-06,4.870304379188730513e-20,1.567999109738810881e-05,6.806926838866137720e-08,1.371166179771598428e-08,7.441696618760401345e-11,2.810672429531813010e-20,1.389058949768617880e-05,1.046647999825654840e-10,1.334460719777712475e-20,6.082725928986771406e-07,6.529143848912409327e-09,3.116352699480894035e-06,1.149073999808593376e-15,9.356047188441518614e-02,3.179459139470382225e-18,6.055138318991366775e-09,1.819145429696976425e-07,6.910375038848906322e-09,9.023104198496977351e-09
1.078124999999999917e-02,8.902769520000000658e-02,0.000000000000000000e+00,4.706444749999999999e+02,4.401609189999999838e-01,8.454030442136513113e-01,7.280368485515504272e-03,6.132484122224987988e-07,2.351595649381560797e+05,-4.607642560000002163e+01,1.435037929469286811e-03,5.850840607836210796e-12,2.594096069040637638e-12,1.597450139409222652e-04,1.654616479388081125e-12,2.681640869008261249e-02,3.373155738752521897e-09,2.163762339199785954e-09,0.000000000000000000e+00,1.591765709411324751e-22,4.882786648194221630e-13,1.213451319551235048e-18,2.241454759171053382e-07,8.304045396928954048e-01,9.203913996596160829e-03,1.411857959477859185e-02,6.063361647757615978e-11,3.686203238636748607e-06,8.058017687019940862e-14,4.248541288428781646e-10,1.148515189575249967e-06,1.675262199380445601e-19,1.657967689386841657e-03,5.629778347917965603e-11,4.735238788248789170e-04,3.813025648589847176e-08,1.548237389427422868e-04,1.257072389535102787e-11,7.921781977070325187e-06,1.443848129466028466e-06,9.961895456315838997e-18,4.818042768218166001e-13,4.139119478469249144e-12,3.774945438603929759e-06,1.732483819359283740e-19,1.926227639287632516e-05,8.402879796892402813e-08,1.756506409350399617e-08,8.847062046728132202e-11,9.189280016601572294e-20,1.786348709339362958e-05,1.240473169541241719e-10,2.870588778938383782e-20,7.787842097119858898e-07,8.359482636908452102e-09,3.989973468524406376e-06,2.123625579214629571e-15,1.155149339572796585e-01,3.077759908861766579e-18,8.276333346939203774e-09,2.481026719082453772e-07,9.176046606606467098e-09,1.189945239559928151e-08
1.087499999999999925e-02,8.470803030000000067e-02,0.000000000000000000e+00,5.032374100000000112e+02,4.175607339999999890e-01,8.132562549982859101e-01,8.600241989361927242e-03,9.467575393177800887e-07,2.671878061409048969e+05,-5.253180586666664453e+01,1.536723449819051403e-03,1.002821759881918199e-11,3.381442169601836510e-12,1.912554589774797316e-04,2.101340489752567792e-12,3.163883629627454314e-02,4.744872449441293604e-09,2.594276279694524922e-09,0.000000000000000000e+00,4.051409549522947876e-22,6.927661899184271148e-13,3.372978369602832901e-18,2.939569529653866650e-07,7.954751729063331833e-01,1.105555139869821360e-02,1.759065429792871019e-02,8.661378988980126915e-11,4.591011149459409772e-06,1.653491299805301958e-13,4.501555129469943834e-10,1.434220589831121016e-06,5.960007939298211460e-19,2.054907519758035570e-03,1.039911159877550957e-10,5.893033469306097885e-04,4.921896659420448624e-08,1.955392779769753403e-04,1.906974919775454305e-11,1.011726919880869620e-05,1.843960579782874316e-06,6.073098569284895054e-17,9.145695498923097603e-13,4.844054939429614224e-12,4.477823389472738156e-06,5.882575819307328195e-19,2.314065369727519620e-05,1.007019289881423903e-07,2.189069529742238057e-08,1.020445239879843015e-10,2.645886679688448141e-19,2.231188839737278422e-05,1.378705239837658082e-10,5.897711649305547249e-20,9.701505578857651673e-07,1.041375949877378340e-08,4.970476499414728165e-06,3.891839459541737928e-15,1.395973499835624909e-01,2.960731689651374877e-18,1.084101629872347453e-08,3.263933039615673300e-07,1.173609489861807946e-08,1.519593739821068503e-08
1.096874999999999933e-02,7.978317349999999863e-02,0.000000000000000000e+00,5.381387349999999969e+02,3.966193510000000089e-01,7.789901614989511724e-01,9.962198389289010983e-03,1.380099014764612353e-06,2.907875277447851840e+05,-5.971594239999994613e+01,1.631852321133695416e-03,1.700336081181273128e-11,4.261411012960526236e-12,2.243922121558918287e-04,2.608793341812404889e-12,3.657742812541141253e-02,6.457735884486378169e-09,3.047613032117265598e-09,0.000000000000000000e+00,9.785719066798422927e-22,9.386605026521147667e-13,9.119834556335815057e-18,3.823573972656348507e-07,7.582633185267876330e-01,1.301010370903849835e-02,2.137611821485061250e-02,1.195518080830561198e-10,5.570329073869869548e-06,3.341444902321399438e-13,4.515927753137346595e-10,1.744211051211754346e-06,1.935877341344910313e-18,2.484919301726346095e-03,1.847995931283856579e-10,7.150194944967448816e-04,6.194431154303450849e-08,2.403927451670078493e-04,2.774673971927646795e-11,1.255519800872246157e-05,2.288228271589698539e-06,1.514957251052484928e-16,1.651147701147100361e-12,5.667514033937387081e-12,5.203162213614788842e-06,1.870654731299598234e-18,2.723405191892029126e-05,1.173024740814934495e-07,2.659903501847912561e-08,1.142241900793548703e-10,6.920896824808148934e-19,2.713515821885158458e-05,1.414602760982765786e-10,1.140801040792547764e-19,1.178481710818725488e-06,1.265026390878850833e-08,6.037949664194740482e-06,6.990195104856292384e-15,1.653864351148987832e-01,2.830882311966696479e-18,1.354906660941293237e-08,4.152305912884728127e-07,1.442334801002031996e-08,1.883051761308210963e-08
1.106249999999999942e-02,7.418480389999999869e-02,0.000000000000000000e+00,5.750451870000000554e+02,3.774185259999999764e-01,7.432427856821908208e-01,1.133787385607998473e-02,1.892515307315978472e-06,3.049524685635017231e+05,-6.726990186666664329e+01,1.719893169415639619e-03,2.817379439042751473e-11,5.177005068241032044e-12,2.584897549121740979e-04,3.176621538920693131e-12,4.152751558589038577e-02,8.467026237123196598e-09,3.514624288805851762e-09,2.238898029239299831e-26,2.207002849250136680e-21,1.210467749588724734e-12,2.307468889216001503e-17,4.941088928321188407e-07,7.194612537555519216e-01,1.502817929489394175e-02,2.539607689137128935e-02,1.559708569470064696e-10,6.601573347757012421e-06,6.589712727761042205e-13,4.276009868547158937e-10,2.071280849296250473e-06,5.738275948050331502e-18,2.938742029001516730e-03,3.127667348937326028e-10,8.479185827119064189e-04,7.603384577416631394e-08,2.884133769020071135e-04,3.862492898687657937e-11,1.518229259484157924e-05,2.766929739059892556e-06,3.411026968841050508e-16,2.829846919038515732e-12,6.667387057734651111e-12,5.935572707983296584e-06,5.499734798131378697e-18,3.145999288931098248e-05,1.329982089548117994e-07,3.158661048926796034e-08,1.241745789578097656e-10,1.657751589436753011e-18,3.222117788905235391e-05,1.308560189555396466e-10,2.053775309302197687e-19,1.399326189524557251e-06,1.502126529489629182e-08,7.169604327564015586e-06,1.214375289587397233e-14,1.924273789346198082e-01,2.691253929085604497e-18,1.600688189456141262e-08,5.122471078259561589e-07,1.696319059423649233e-08,2.268864019229118292e-08
1.115624999999999950e-02,6.787825059999999522e-02,0.000000000000000000e+00,6.136915370000000394e+02,3.599159379999999908e-01,7.066350931454171702e-01,1.270272791849686757e-02,2.438717020767291948e-06,3.098416645426896284e+05,-7.491945173333321861e+01,1.800704350114134709e-03,4.524323640286766487e-11,6.056834220383902604e-12,2.929318120185669884e-04,3.812884260241673177e-12,4.640134120294107239e-02,1.066566250067602424e-08,3.986770930252694250e-09,8.734978930553652418e-26,4.599251220291516441e-21,1.483270960094014679e-12,5.351910170339221575e-17,6.354588100402774474e-07,6.797422530430843324e-01,1.707277680108212903e-02,2.956913760187418819e-02,1.880838440119213859e-10,7.662215540485655795e-06,1.262068200079994044e-12,3.802768860241031930e-10,2.408181150152638405e-06,1.564936150099190825e-17,3.407032300215948831e-03,5.010977350317612521e-10,9.852124860624460016e-04,9.095029530576473448e-08,3.385659230214594305e-04,5.148854880326350910e-11,1.794082570113714753e-05,3.269534420207233938e-06,7.486954600474548612e-16,4.604051650291820373e-12,7.926833770502428995e-12,6.661807400422247678e-06,1.485510730094156535e-17,3.574121180226539187e-05,1.469929530093168989e-07,3.674609080232908859e-08,1.313305770083241680e-10,3.715840600235521777e-18,3.745810340237422083e-05,1.058432160067086948e-10,3.417520900216613328e-19,1.628126710103196180e-06,1.747790020110780728e-08,8.342105830528750478e-06,2.027409990128503731e-14,2.202673110139612700e-01,2.544870420161302146e-18,1.756034610111303030e-08,6.144964100389488022e-07,1.896436980120202482e-08,2.662552680168761491e-08
1.124999999999999958e-02,6.085455199999999926e-02,0.000000000000000000e+00,6.538494070000000420e+02,3.439988279999999787e-01,6.697351083570074470e-01,1.403698708179881328e-02,2.963633053762046141e-06,3.064733448922588141e+05,-8.247200319999991791e+01,1.874447650618730988e-03,7.018922772316854912e-11,6.839561022257650877e-12,3.271848041079994818e-04,4.559993581505195001e-12,5.113074711687759510e-02,1.289802690425747154e-08,4.456510151471036490e-09,2.257098000745039005e-25,8.843265722919048486e-21,1.730892310571345028e-12,1.132508100373826573e-16,8.146229142688965455e-07,6.397216502111638947e-01,1.911141620630843127e-02,3.381783451116282535e-02,2.069383220683076822e-10,8.731503642882156482e-06,2.345183960774114890e-12,3.171308471046807911e-10,2.748214180907149826e-06,4.009565901323505679e-17,3.881083351281095373e-03,7.592398492506152175e-10,1.124298160371116264e-03,1.058228570349307568e-07,3.898404061286813251e-04,6.604765632180148402e-11,2.077400720685723012e-05,3.785692531249608045e-06,1.626408770536856686e-15,7.120420862350358422e-12,9.557279263154734279e-12,7.371266222433159649e-06,3.687390591217159417e-17,4.001007361320680977e-05,1.586034660523529662e-07,4.197443581385521485e-08,1.356160670447651055e-10,8.117898512679611430e-18,4.274323681410898611e-05,7.287198552405410383e-11,5.249678961732851417e-19,1.860583380614154666e-06,1.997406910659318327e-08,9.533429153146860525e-06,3.259628011075960718e-14,2.484819930820207079e-01,2.395443110790704494e-18,1.735800940572965379e-08,7.187116572372374481e-07,1.994091430658223728e-08,3.047013161005779806e-08
1.134374999999999967e-02,5.312280169999999968e-02,0.000000000000000000e+00,6.953207230000000436e+02,3.295227000000000017e-01,6.330362433688220269e-01,1.532582719976470845e-02,3.434841739829780606e-06,2.963629586619479232e+05,-8.979886719999991840e+01,1.941500229408350256e-03,1.054015339678800980e-10,7.499755627714535597e-12,3.608142398900460244e-04,5.551666378308193587e-12,5.566700728303612677e-02,1.498884249543232239e-08,4.917271678501518848e-09,5.338873188373039706e-25,1.582802299517659310e-20,1.937782049409482931e-12,2.203453299328523311e-16,1.042317519682365804e-06,5.999333688171772927e-01,2.111726169356475946e-02,3.807305998839767558e-02,2.087816769363761952e-10,9.791541907016140906e-06,4.237623178708632860e-12,2.501309939237754472e-10,3.085625579059691557e-06,1.001720819694737144e-16,4.353295758673382879e-03,1.092733599667002024e-09,1.262901399615145312e-03,1.194403119636019451e-07,4.413167448655138064e-04,8.225829147493272585e-11,2.362989009279906438e-05,4.305965248687806931e-06,3.516675618928333823e-15,1.049554079680160477e-11,1.170299179643364858e-11,8.056077027545004325e-06,8.463331657420896485e-17,4.421085028652725510e-05,1.673195439490112956e-07,4.717858568562287015e-08,1.376155309580632588e-10,1.827059449443224675e-17,4.798854048537604106e-05,4.290296808692581529e-11,7.465544297724960826e-19,2.092899319362212965e-06,2.246907159315281120e-08,1.072411139673194975e-05,5.098574498446268549e-14,2.766932779156808797e-01,2.245555789315692613e-18,1.483764689547839935e-08,8.215595507496392079e-07,1.940241979408733493e-08,3.403627818962783723e-08
1.143749999999999975e-02,4.470415789999999945e-02,0.000000000000000000e+00,7.379301470000000336e+02,3.163357359999999785e-01,5.969477925405807239e-01,1.655902833381554112e-02,3.905509283506183531e-06,2.729270769399798010e+05,-1.001651871999999202e+02,2.002375548282097923e-03,1.541130168677815137e-10,8.060512643084627369e-12,3.934871756624147717e-04,7.128525323884209939e-12,5.997881034854225801e-02,1.676754288561458787e-08,5.362825895399059837e-09,1.198167178972054077e-24,2.684927867696514697e-20,2.107200158192165590e-12,4.010439236559316288e-16,1.332384488856904691e-06,5.608196965188548822e-01,2.306940958020801610e-02,4.227653056372961127e-02,1.980481718300881666e-10,1.082780089071048230e-05,7.471362363590078982e-12,1.902484308367797857e-10,3.415791697069483202e-06,2.572731677792771320e-16,4.817412735866987220e-03,1.506780248707284950e-09,1.399148638799625841e-03,1.303280128881874372e-07,4.922025945777236053e-04,1.006914369136135987e-10,2.646359607729603319e-05,4.822271875862819226e-06,7.589288713488907100e-15,1.480409278729909788e-11,1.455042998751672196e-11,8.710885782526652253e-06,1.814466198443311560e-16,4.830024105856167699e-05,1.728377178517170210e-07,5.227876185514838421e-08,1.385827658811054355e-10,4.482946726153936292e-17,5.312309785442399898e-05,2.303657248023619067e-11,9.844632601553974650e-19,2.321911648007957517e-06,2.492901787861259857e-08,1.189791748979239536e-05,7.883876503236170901e-14,3.045783207386925096e-01,2.097099828200830707e-18,1.068595949083217284e-08,9.198808132108049410e-07,1.707339808535218605e-08,3.714816036812940700e-08
1.162499999999999992e-02,2.592318529999999843e-02,0.000000000000000000e+00,8.260687590000000000e+02,2.932377999999999929e-01,5.276834707411464098e-01,1.884036387981979921e-02,5.455480016350180404e-06,2.423717264071171230e+05,-1.098551189333332161e+02,2.107836560136986358e-03,3.048846140198142061e-10,8.991669380584360371e-12,4.552051760295833553e-04,1.574796180102344548e-11,6.788449390441174403e-02,1.897128190123292640e-08,6.186091920402028760e-09,5.027599850326739144e-24,6.907322260448900881e-20,2.394174770155595352e-12,1.178571540076594310e-15,2.142649120139248745e-06,4.857815730315705460e-01,2.676366680173934698e-02,5.037271480327368267e-02,1.668691630108446766e-10,1.279316810083141755e-05,2.031288670132011685e-11,1.062651660069060790e-10,4.043076780262756750e-06,2.012442050130786871e-15,5.705336350370785424e-03,2.580353890167694580e-09,1.659774060107867179e-03,1.395582750090697671e-07,5.900541860383471749e-04,1.481579110096286389e-10,3.194035980207577015e-05,5.821050440378305088e-06,2.919315200189723603e-14,2.621378530170361082e-11,2.296271610149232904e-11,9.921297580644776194e-06,6.933900350450627975e-16,5.604369780364222618e-05,1.743552880113311975e-07,6.195868900402663839e-08,1.424516490092578040e-10,2.912285050189267197e-16,6.288500220408683962e-05,7.861836780510934632e-12,1.364051560088648448e-18,2.761762740179484497e-06,2.965525480192726632e-08,1.415241130091975256e-05,1.804347600117262807e-13,3.584752580232969943e-01,1.812597030117798983e-18,3.854138870250477136e-09,1.094714670071144560e-06,8.135105790528694666e-09,4.168467430270904904e-08
1.171875000000000000e-02,1.562426790000000058e-02,0.000000000000000000e+00,8.710842740000000504e+02,2.831372919999999849e-01,4.950474457716050325e-01,1.988231975532008672e-02,7.680889281671143159e-06,2.210307991817377624e+05,-1.157620991999999092e+02,2.153776257457541872e-03,4.275529674952885570e-10,9.799899148431559929e-12,4.839159994287539667e-04,2.773370686726132065e-11,7.146845691563397107e-02,1.907884257747808985e-08,6.516107372307961522e-09,1.132189248663490023e-23,1.157211748633951552e-19,2.667442186851177220e-12,2.064853917562511804e-15,2.751572416751864075e-06,4.504379374682736525e-01,2.848361786637607779e-02,5.418794583603300796e-02,1.617457078090648084e-10,1.370510708382159553e-05,3.199254696223390683e-11,8.119666440415016061e-11,4.334985894882699675e-06,6.037840232872539434e-15,6.121386192773916116e-03,3.359940316033707074e-09,1.781823997896618723e-03,1.348883808407689387e-07,6.358460912494057335e-04,1.872532907789539913e-10,3.451692575925397073e-05,6.292806412571560985e-06,6.343540262511670647e-14,3.372381826019019930e-11,2.979227116483126003e-11,1.047397388763583867e-05,1.288649488478793998e-15,5.965199742958288555e-05,1.706143257985957216e-07,6.641724782159674744e-08,1.509927148217583562e-10,7.692163850919667492e-16,6.743073912040035110e-05,5.200922983860490653e-12,1.491309468239560831e-18,2.968564746495712544e-06,3.187885466236812159e-08,1.521215888204257393e-05,2.914256746559821048e-13,3.840263045466703051e-01,1.679578998017315162e-18,2.498438707050679823e-09,1.165664078623974066e-06,4.728929444417663644e-09,4.320141014900223662e-08
1.181250000000000008e-02,4.771571100000000093e-03,0.000000000000000000e+00,9.166550399999999854e+02,2.738243459999999962e-01,4.638813302899377211e-01,2.086018161233038973e-02,1.208636579676984541e-05,1.997703557626346010e+05,-1.212843129599999088e+02,2.195913368259934991e-03,5.961267015276228561e-10,1.094932169132364057e-11,5.111553925949550341e-04,5.215117075867485740e-11,7.481794534071346814e-02,1.857786658527870286e-08,6.760756924642704277e-09,2.680591907875870380e-23,2.024059768396113565e-19,3.115426407531303102e-12,3.760504827020136490e-15,3.535611747198343800e-06,4.166929226698081190e-01,3.011556967613610372e-02,5.782830425417623960e-02,1.637992258702037538e-10,1.456684488845707784e-05,4.744479396240424182e-11,6.316656734994614036e-11,4.611442226345843639e-06,1.794406858578093046e-14,6.517110194835772953e-03,4.377552636531181104e-09,1.897846058496126904e-03,1.245798539012815866e-07,6.792229884617765646e-04,2.427365798076529490e-10,3.696825947070596417e-05,6.743416424656445413e-06,1.287322388979912274e-13,4.257531446626287289e-11,3.898509356910779366e-11,1.099268119128928279e-05,2.318516128162783540e-15,6.307803225001630510e-05,1.643526518697652145e-07,7.059313414406125792e-08,1.649860948692632688e-10,1.956041108450012494e-15,7.173734924315455905e-05,3.724563537048616321e-12,1.583344028745341214e-18,3.165664047491493993e-06,3.399961247305834755e-08,1.622190228714559564e-05,4.731061466251057155e-13,4.085106906762918100e-01,1.553548118768951855e-18,1.754335588609845808e-09,1.224767319029481449e-06,2.633241627913391327e-09,4.434973566485680175e-08
1.190625000000000017e-02,-6.598833240000000037e-03,0.000000000000000000e+00,9.626478640000000269e+02,2.652131309999999909e-01,4.342520023997793466e-01,2.177644792628789100e-02,2.063742560180248408e-05,1.792871498483617906e+05,-1.264345297066665381e+02,2.234771939712394250e-03,8.309697248930575316e-10,1.265647989837116197e-11,5.369290009308994634e-04,1.010772599869917672e-10,7.794554568996871213e-02,1.762021389773234918e-08,6.874555859115272486e-09,6.998892619099270591e-23,3.799720709510991500e-19,3.897046559498465969e-12,7.230930299069408483e-15,4.553533589413978334e-06,3.846171479505013369e-01,3.165928229592557958e-02,6.128460089211291983e-02,1.738023049776323281e-10,1.537779049802094248e-05,6.604442619150034576e-11,5.042749219351018698e-11,4.872233289372963502e-06,5.168060159334891746e-14,6.891837229113049329e-03,5.756992669259098144e-09,2.007628749741626438e-03,1.107234349857503329e-07,7.199750799073421133e-04,3.238727969583189062e-10,3.928599239494405440e-05,7.171759559077024134e-06,2.502255639677970075e-13,5.300396359317860168e-11,5.151753849336989956e-11,1.147884859852271886e-05,4.072215469475923177e-15,6.632123879146472820e-05,1.560553109799163128e-07,7.446932209041610189e-08,1.853686209761438017e-10,4.785013119384188608e-15,7.580034979024479630e-05,2.852415949632905647e-12,1.712572409779598730e-18,3.352659599568526589e-06,3.601393209536515543e-08,1.717943659778907629e-05,7.745627999003168442e-13,4.318551579444220301e-01,1.434894769815334898e-18,1.309556509831465402e-09,1.271891799836312743e-06,1.571368899797771281e-09,4.524188539417755732e-08
1.200000000000000025e-02,-1.845207039999999937e-02,0.000000000000000000e+00,1.009018800000000056e+03,2.572088900000000233e-01,4.061827490657118345e-01,2.263450102167476052e-02,3.640409509230269709e-05,1.600246772722382739e+05,-1.312213482666665811e+02,2.270819299660329412e-03,1.161785539826219447e-09,1.518318639772889201e-11,5.612746739160442326e-04,1.973471889704806849e-10,8.086627158790397896e-02,1.644315389754042625e-08,6.803812998982281668e-09,2.068864339690538222e-22,7.819648728830332762e-19,5.305615749206382943e-12,1.472062409779808156e-14,5.885221879119685180e-06,3.542341739470134532e-01,3.311656959504640646e-02,6.455393289034398741e-02,1.926264749711868166e-10,1.613917129758589349e-05,8.662079258704321656e-11,4.176023189375348214e-11,5.117650909234499217e-06,1.429459439786180678e-13,7.245551028916206483e-03,7.665773818853348325e-09,2.111150199684213181e-03,9.666153538554130283e-08,7.579516138866252166e-04,4.440913159335726132e-10,4.146677139379737549e-05,7.577730788866518702e-06,4.659219849303071179e-13,6.529440429023322102e-11,6.881799468970616093e-11,1.193434459821485459e-05,7.024304658949301292e-15,6.938527548962130959e-05,1.462364419781258790e-07,7.803701558832718214e-08,2.129102089681527734e-10,1.126177549831545673e-14,7.962242188809003280e-05,2.332729889651069282e-12,1.990903999702199526e-18,3.529491749472056835e-06,3.792229819432755878e-08,1.808427229729494322e-05,1.274234939809399349e-12,4.540218149320871532e-01,1.323738779801994312e-18,1.029852009845954129e-09,1.307584899804410828e-06,1.045969779843543243e-09,4.595250509312640110e-08
1.209375000000000033e-02,-3.075407180000000115e-02,0.000000000000000000e+00,1.055631190000000061e+03,2.497567410000000043e-01,3.796641999906961162e-01,2.343816969081863669e-02,6.475463952879428507e-05,1.422103099950270553e+05,-1.356430922666665424e+02,2.304464558688992196e-03,1.633972119070434722e-09,1.889796938924896370e-11,5.842511706676200515e-04,3.834806307818382084e-10,8.359605725244227681e-02,1.530139529129505012e-08,6.501318676301404948e-09,7.029994626000641923e-22,1.795594698978487479e-18,7.951423525476442376e-12,3.155931568204592990e-14,7.641581725652710371e-06,3.255324038148049159e-01,3.449059028037833319e-02,6.763798506152081391e-02,2.220488278736766155e-10,1.685369029041194794e-05,1.085388919382523124e-10,3.641507367928349255e-11,5.348357576957324006e-06,3.788923927844484213e-13,7.578694215688487439e-03,1.032508479412606842e-08,2.208518658743575773e-03,8.565001965127377853e-08,7.930272615488474352e-04,6.236576676452016263e-10,4.351039287524697180e-05,7.962061025470390364e-06,8.288892605284455986e-13,7.977912905461372368e-11,9.303404594707301360e-11,1.236124199296769976e-05,1.196065359319559442e-14,7.227658425888191336e-05,1.353816639229815040e-07,8.129323975375235090e-08,2.484274558586698530e-10,2.557254778545179936e-14,8.321105685266129133e-05,2.043042198837714914e-12,2.602145908519641208e-18,3.696349027897149927e-06,3.972848957739849482e-08,1.893714688922667160e-05,2.099608568805534554e-12,4.750004507297726497e-01,1.220000519305942776e-18,8.495919495166677809e-10,1.332747749241800861e-06,7.647878385649127715e-10,4.652826437353011092e-08
1.218750000000000042e-02,-4.347061170000000169e-02,0.000000000000000000e+00,1.102351079999999911e+03,2.428089790000000081e-01,3.546652469857133894e-01,2.419139769783582028e-02,1.158622965604123184e-04,1.259445929793218675e+05,-1.396999786666664818e+02,2.336064267455857484e-03,2.318533337474949543e-09,2.433776317349442032e-11,6.059287533400997640e-04,7.381790691960696994e-10,8.615070210617566115e-02,1.439998778431737290e-08,5.949861543520171530e-09,2.744344697011210847e-21,4.653143004932391437e-18,1.318322698564251468e-11,7.073775982296147173e-14,9.980418149130603864e-06,2.984769326749370788e-01,3.578523476102730277e-02,7.054134272317538756e-02,2.650534267113377211e-10,1.752529908091368321e-05,1.326052028555833622e-10,3.396939946300486969e-11,5.565279103939008871e-06,9.646953669493773204e-13,7.891983181405061096e-03,1.401216898473973624e-08,2.299915477495226117e-03,7.957852851333324919e-08,8.250606981014493337e-04,8.940922130262689972e-10,4.541834115053614956e-05,8.326173760932195021e-06,1.406786608467907872e-12,9.685814399451449057e-11,1.274726688611730723e-10,1.276164388610164997e-05,2.020164067799895621e-14,7.500315391831614863e-05,1.239086638650545226e-07,8.423828760825843427e-08,2.929438446809629922e-10,5.628973793869641587e-14,8.657642660571202508e-05,1.923035057905675936e-12,3.929330985720675300e-18,3.853580065803172567e-06,4.143897465486996701e-08,1.973955247850220208e-05,3.461502996230173086e-12,4.948003204611267081e-01,1.123472948776456808e-18,7.330761862016270567e-10,1.348219498531691757e-06,6.025081583438251747e-10,4.700087284881266012e-08
1.228125000000000050e-02,-5.656748469999999668e-02,0.000000000000000000e+00,1.149049919999999929e+03,2.363234630000000114e-01,3.311393580627383093e-01,2.489807529793215332e-02,2.087945012530773958e-04,1.112388740145537013e+05,-1.433935221333332208e+02,2.365926229201250827e-03,3.327386308876656806e-09,3.233598748908320187e-11,6.263842507885293868e-04,1.406798059525057484e-09,8.854535857010661926e-02,1.386750499531825687e-08,5.187414698248701714e-09,1.205641199592969064e-20,1.358495809541364499e-17,2.407938709187067330e-11,1.646643699444084398e-13,1.312891779556760870e-05,2.730163969078282515e-01,3.700478658750698535e-02,7.327053207526347534e-02,3.264260578897968627e-10,1.815930299386932356e-05,1.612073319455755379e-10,3.432966528841013008e-11,5.769578718052159316e-06,2.369532589200033248e-12,8.186303097236261386e-03,1.906618269356315556e-08,2.385560569194622102e-03,7.896576427334073297e-08,8.538556037117338597e-04,1.305752829559171005e-09,4.719300478406738896e-05,8.672196097072220870e-06,2.276685659231378832e-12,1.170192889604936699e-10,1.772977669401433574e-10,1.313759289556467998e-05,3.398687888852584693e-14,7.757385107381066654e-05,1.121546599621359976e-07,8.687440617067073777e-08,3.477854268825858207e-10,1.207238209592430048e-13,8.973021916970660397e-05,1.949198509341940101e-12,6.891731447673314755e-18,4.001648198649022555e-06,4.306294188546172457e-08,2.049347139308129595e-05,5.712576228071404536e-12,5.134452668266582531e-01,1.033862419650962455e-18,6.600686917771573582e-10,1.354487889542717852e-06,5.048304838295666191e-10,4.739467578399931050e-08
1.237500000000000058e-02,-7.001062739999999729e-02,0.000000000000000000e+00,1.195604589999999916e+03,2.302628840000000010e-01,3.090295704547179612e-01,2.556192921330984261e-02,3.788518543490758416e-04,9.804525122114710393e+04,-1.467261461333332875e+02,2.394313627560294873e-03,4.838883925069380760e-09,4.428193235487856934e-11,6.456977763420610394e-04,2.658132697291474254e-09,9.079422280748448981e-02,1.377058948596834621e-08,4.315676745602506785e-09,5.755657234135226950e-20,4.384297565532584218e-17,4.769179185140406573e-11,3.953000345972058465e-13,1.741697898225282880e-05,2.490883877461893825e-01,3.815367626112300958e-02,7.583328102272907101e-02,4.137882035783671690e-10,1.876273628088155743e-05,1.981965887980460118e-10,3.781888526146414118e-11,5.962677783924281590e-06,5.642403304250628082e-12,8.462625681376938908e-03,2.592297837358557167e-08,2.465682397487573094e-03,8.397656401443140802e-08,8.791121381042216708e-04,1.941284288021912981e-09,4.883707745023706725e-05,9.003082630826236726e-06,3.514144826419234093e-12,1.408625128564669887e-10,2.506762277445714099e-10,1.349100808625322980e-05,5.715078964176574009e-14,7.999794921848545645e-05,1.003803278977166571e-07,8.920485100910398874e-08,4.146659775774728014e-10,2.535055297416885005e-13,9.268477110555810446e-05,2.125262657834446583e-12,1.381070858592746576e-17,4.141101895780390760e-06,4.461278745454144301e-08,2.120117777839688835e-05,9.449376130371482752e-12,5.309697284589640631e-01,9.508204210311537948e-19,6.190032513692616755e-10,1.351534168622843402e-06,4.459098865456365726e-10,4.773084925136426714e-08
1.246875000000000067e-02,-8.376620360000000542e-02,0.000000000000000000e+00,1.241897339999999986e+03,2.245941190000000087e-01,2.882723326711054135e-01,2.618645697218667523e-02,6.922232987556590491e-04,8.627885413560956658e+04,-1.497008991999998386e+02,2.421449176830485148e-03,7.141219800652619669e-09,6.261068061804679601e-11,6.639509571309326272e-04,4.990633323467594135e-09,9.291037507838653675e-02,1.414227038148871401e-08,3.473358155453606243e-09,2.878409736232353810e-19,1.517579748013589515e-16,9.993156106919625663e-11,9.701836877300944642e-13,2.332519076946888416e-05,2.266236197033648092e-01,3.923630924864229125e-02,7.823796679759172090e-02,5.392521792941548576e-10,1.934509807467856156e-05,2.492484446737504468e-10,4.534356164064830438e-11,6.146332081954861656e-06,1.308865318286782754e-11,8.721943508583560045e-03,3.520732155391597026e-08,2.540490606674667383e-03,9.538127547515228093e-08,9.003650498214823108e-04,2.939161646152833967e-09,5.035322553409099316e-05,9.322889957796960615e-06,5.176923333223753332e-12,1.691288507786216309e-10,3.606702505279067016e-10,1.382364038190577885e-05,9.632594987391576994e-14,8.228483669229465821e-05,8.878324678378866380e-08,9.123333938058164999e-08,4.957782323510594650e-10,5.235201773147470819e-13,9.545242547505916315e-05,2.481009856752524203e-12,3.069577585982128046e-17,4.272560384407503998e-06,4.610521513965134834e-08,2.186509367138005490e-05,1.569104367946147482e-11,5.474155592834696327e-01,8.739676598560347470e-19,6.034997222100591218e-10,1.338792448247610096e-06,4.130474094593485240e-10,4.803045223713134609e-08
1.256250000000000075e-02,-9.780066290000000162e-02,0.000000000000000000e+00,1.287815650000000005e+03,2.192876780000000136e-01,2.688004267368336309e-01,2.677489207939548477e-02,1.274868576807909560e-03,7.583419359269308916e+04,-1.523212917333331973e+02,2.447518347327196173e-03,1.070446548831022626e-08,9.167006549989203436e-11,6.812266912560688238e-04,9.329694729811539767e-09,9.490571999635853684e-02,1.500155678361760056e-08,2.778817436965402202e-09,1.464475858400724331e-18,5.469031714027563995e-16,2.158955217642320822e-10,2.410128227368027995e-12,3.154835246554773219e-05,2.055491127755308123e-01,4.025694955603754260e-02,8.049321531209767400e-02,7.219283212116207328e-10,1.991958037824689275e-05,3.230627466472004728e-10,5.866644983593351602e-11,6.322778993095231255e-06,2.970157756756449464e-11,8.965212680209571142e-03,4.789427214769723355e-08,2.610146837149598161e-03,1.151194668742841905e-07,9.169081419986937521e-04,4.533568945049132300e-09,5.174416774349296938e-05,9.637259569475664287e-06,7.286429392042881309e-12,2.027319857786072579e-10,5.283042124230672651e-10,1.413703698456169956e-05,1.630725128219172397e-13,8.444388930778334282e-05,7.751499461535002822e-08,9.296396719847902062e-08,5.938797743514556077e-10,1.067128518834646134e-12,9.804503789293026285e-05,3.076686516640115601e-12,7.340319811984028083e-17,4.396714745198583693e-06,4.756318704805878714e-08,2.248769097544239752e-05,2.618869857140072517e-11,5.628295163853639371e-01,8.029118061231830637e-19,6.104484243333620239e-10,1.315229398563708518e-06,4.003977815627470104e-10,4.831734504723521178e-08
1.265625000000000083e-02,-1.120807840000000027e-01,0.000000000000000000e+00,1.333252060000000029e+03,2.143172279999999985e-01,2.505451334342969627e-01,2.733019103427427460e-02,2.366621157394948379e-03,6.659649561111541698e+04,-1.545913920000026565e+02,2.472671075350029238e-03,1.629578686935502530e-08,1.392071267382146349e-10,6.976106466881112477e-04,1.738643516730401280e-08,9.679099621798009645e-02,1.636008136923411733e-08,2.281816645708939415e-09,7.427716056031840280e-18,2.007178296225409351e-15,4.712857771137254632e-10,6.001973268713014959e-12,4.306778251900906937e-05,1.857905746506123557e-01,4.121964472248457190e-02,8.260761774465259777e-02,9.916300981351943573e-10,2.050499246143942529e-05,4.337210581843677076e-10,8.083858454797935372e-11,6.494979277785893864e-06,6.613083817563793590e-11,9.193293922711589378e-03,6.553026667676733793e-08,2.674726714970053747e-03,1.467918527239512259e-07,9.277144682553905728e-04,7.119583316611298532e-09,5.301343920030579879e-05,9.954189761280690565e-06,9.813536321545195863e-12,2.427903445434216162e-10,7.873725075193100086e-10,1.443250217285901945e-05,2.775590354780374998e-13,8.648451913736190369e-05,6.669868057457008039e-08,9.440171272247325972e-08,7.123541026603855135e-10,2.152207675952675024e-12,1.004735508110549006e-04,4.012007082455237007e-12,1.844498356531336390e-16,4.514346091510565767e-06,4.901907430781739207e-08,2.307143035661311832e-05,4.394704611735557242e-11,5.772613229144336611e-01,7.372602986135481514e-19,6.388336367986441847e-10,1.279646747593565808e-06,4.059941932365093375e-10,4.862166940856472804e-08
1.274999999999999918e-02,-1.265737269999999970e-01,0.000000000000000000e+00,1.378104170000000067e+03,2.096591499999999886e-01,2.334378139159292709e-01,2.785503389213490541e-02,4.416935556043883118e-03,5.844922095323406393e+04,-1.565163519999998414e+02,2.497020566686792512e-03,2.515536866662224253e-08,2.188797697095762739e-10,7.131950550536869963e-04,3.228759625715874744e-08,9.857582696920326459e-02,1.822183407582210068e-08,1.963840217394250646e-09,3.703195935086361062e-17,7.395958860186567762e-15,1.026171448638409872e-09,1.486235078027967900e-11,5.921255882143297697e-05,1.672741857780498664e-01,4.212817894410163244e-02,8.458953938776117565e-02,1.394281648149977655e-09,2.112865487196514250e-05,6.049588831973017617e-10,1.168457038449616063e-10,6.666977591153825839e-06,1.446440658080769716e-10,9.406877707518350451e-03,9.050129067991708298e-08,2.734161846372138750e-03,1.963571357394607450e-07,9.313780027641879256e-04,1.135575688493245301e-08,5.416726042812740539e-05,1.028518498635295585e-05,1.267813278317783934e-11,2.906656486143261655e-10,1.191645188418848594e-09,1.471104548048044055e-05,4.746912453701492297e-13,8.841643778268339744e-05,5.644521892510486425e-08,9.555370127321322719e-08,8.552396708652131508e-10,4.297830514297362464e-12,1.027475458636679576e-04,5.438550062783783252e-12,4.792089323641548445e-16,4.626364353861442722e-06,5.051942793296758079e-08,2.361873486866114519e-05,7.406925070172016698e-11,5.907621892161387667e-01,6.766292721022047871e-19,6.888745110859570886e-10,1.231341168366177440e-06,4.303084994290390717e-10,4.898461903500406589e-08
1.284374999999999926e-02,-1.412471349999999959e-01,0.000000000000000000e+00,1.422275290000000041e+03,2.052920930000000088e-01,2.174110572878044656e-01,2.835183192557879858e-02,8.242828176848741167e-03,5.127886331172210339e+04,-1.581039786666666203e+02,2.520637236753910798e-03,3.925030514945326463e-08,3.544116025435869624e-10,7.280856560623676869e-04,5.963067192320731908e-08,1.002687918708733417e-01,2.058390127349194926e-08,1.777508137710916190e-09,1.794461037689084274e-16,2.710583226509297446e-14,2.212328987150951948e-09,3.635129065318662553e-11,8.167360829482033272e-05,1.499279748069219931e-01,4.298604174464236427e-02,8.644699498867312870e-02,1.999787887424663416e-09,2.183054997188650949e-05,8.779450948693778629e-10,1.745001687752778322e-10,6.844380361185772404e-06,3.105833306000292408e-10,9.606370877628868377e-03,1.263472068372894404e-07,2.788144706409413382e-03,2.730796686483266618e-07,9.261219438073355808e-04,1.831806367640990852e-08,5.521800382888997628e-05,1.064683168628895791e-05,1.577054057969061844e-11,3.480333875518008738e-10,1.825049017649692846e-09,1.497329978071730976e-05,8.138255179519514676e-13,9.025021128377533146e-05,4.686651443964506883e-08,9.643143777581511392e-08,1.027258538677091222e-09,8.488312469068709922e-12,1.048746588649418927e-04,7.572833120247668799e-12,1.272447488361335782e-15,4.733872083903696232e-06,5.213170603286453306e-08,2.413199326892270102e-05,1.250538878389549844e-10,6.033836932229594829e-01,6.206495252007244703e-19,7.612802030196195620e-10,1.171092658491860962e-06,4.756391143874695621e-10,4.946530363629833705e-08
1.293749999999999935e-02,-1.560693830000000060e-01,0.000000000000000000e+00,1.465676220000000058e+03,2.011964480000000000e-01,2.023995094899309344e-01,2.882273722671641752e-02,1.526147899309119801e-02,4.497766578003849281e+04,-1.593675093333331745e+02,2.543534686619306623e-03,6.161655891810347153e-08,5.862237762208312462e-10,7.424132980132347849e-04,1.091560558549172118e-07,1.018775048645913506e-01,2.344313836884097784e-08,1.682396857763872696e-09,8.346802498905999225e-16,9.805801556966796197e-14,4.700052913753009486e-09,8.728031458399294558e-11,1.124226428505754676e-04,1.336829518223177082e-01,4.379640094178880588e-02,8.818757708278708585e-02,2.913678606127336853e-09,2.266883426987013008e-05,1.325397518238371760e-09,2.655590216470369947e-10,7.034870150649729867e-06,6.532039831318057075e-10,9.791713866985520334e-03,1.781188457632565732e-07,2.835970896230620691e-03,3.905456174809133276e-07,9.099312837905813118e-04,2.971523806050452774e-08,5.618958632531663374e-05,1.106270988529619995e-05,1.899534377475268297e-11,4.170453764456916769e-10,2.814888686258641557e-09,1.521939107977142241e-05,1.393257048148177652e-12,9.199822937772221554e-05,3.808255674938325854e-08,9.705423237100212288e-08,1.233948348359919795e-09,1.653522677802250197e-11,1.068597398579693110e-04,1.070501198577162810e-11,3.419314625455279925e-15,4.838257333569317136e-06,5.395287292828951835e-08,2.461359326728528699e-05,2.106361647200367524e-10,6.151769411823486688e-01,5.689703192437633645e-19,8.565771098614960534e-10,1.102043928535238103e-06,5.459399292743737751e-10,5.015052413334333853e-08
1.303124999999999943e-02,-1.710100870000000051e-01,0.000000000000000000e+00,1.508229289999999992e+03,1.973536800000000035e-01,1.883404996449085933e-01,2.926964946848793075e-02,2.763692255063992381e-02,4.080887899473839207e+04,-1.600986026666662667e+02,2.565643705536209147e-03,9.675090623166960615e-08,9.811897912928937357e-10,7.563522506840736088e-04,1.971951466569134245e-07,1.034086858200861797e-01,2.680839975335786867e-08,1.656392077118154927e-09,3.653492053643535289e-15,3.469155463964249774e-13,9.784096252977309433e-09,2.042468916446445868e-10,1.534934477329470606e-04,1.184741887938747240e-01,4.456206732246945773e-02,8.981842454373095697e-02,4.294283452528665124e-09,2.372632115872017202e-05,2.075249376389413260e-09,4.069555542919654060e-10,7.248520267388787350e-06,1.340744147667329314e-09,9.962085632667637761e-03,2.526829485603739264e-07,2.876286124995743390e-03,5.671470440132590471e-07,8.808594274674519560e-04,4.814989141622724494e-08,5.712461340061272385e-05,1.156525437987839163e-05,2.232617486115619052e-11,5.006968891288712184e-10,4.346447442437908256e-09,1.544873857312177798e-05,2.369560665877360903e-12,9.367624763701900669e-05,3.021856884742474176e-08,9.745400613044633191e-08,1.482125107421350324e-09,3.162847244497175023e-11,1.087036018108739137e-04,1.519490417356340639e-11,9.182214594024483291e-15,4.941316511402935997e-06,5.611881170236265512e-08,2.506597645638939328e-05,3.519162283877246578e-10,6.261919299105308534e-01,5.210981670933764055e-19,9.746214073043217458e-10,1.029618678208635703e-06,6.466857728748749489e-10,5.116809751097606631e-08
1.307812499999999947e-02,-1.785147089999999936e-01,0.000000000000000000e+00,1.529164430000000038e+03,1.955225710000000061e-01,1.816446820320280209e-01,2.948473515254258076e-02,3.726358435383363144e-02,3.818751471794911777e+04,-1.605121919999998283e+02,2.576319845041301782e-03,1.213114087665093279e-07,1.274636017546680643e-09,7.632740675309099927e-04,2.638878944920892960e-07,1.041473777995453043e-01,2.870605064474884855e-08,1.667230996791044578e-09,8.090890204427290115e-15,6.497420497494274723e-13,1.404735177296275924e-08,3.099539924034249065e-10,1.786732806561037057e-04,1.112348337859039304e-01,4.492912731352394218e-02,9.059553842562881321e-02,5.241709099911169704e-09,2.438325415306902979e-05,2.636541564925391534e-09,5.043796910292095861e-10,7.369015805816697027e-06,1.905411596332613311e-09,1.004086858067412477e-02,3.018213324190780208e-07,2.892682844432390918e-03,6.860816456794838992e-07,8.608291133431437026e-04,6.147634488167515668e-08,5.760547718912550262e-05,1.186637297716053744e-05,2.406398865368352490e-11,5.498677739416576634e-10,5.415981769575743170e-09,1.555649737005807728e-05,3.084813674062592886e-12,9.449756171811851170e-05,2.667769744865286299e-08,9.758823011216983419e-08,1.626011686870380282e-09,4.352172651623279286e-11,1.095707147891068875e-04,1.810286286515702884e-11,1.512761827088354846e-14,4.993311890389264840e-06,5.740525998951086711e-08,2.528227265133866681e-05,4.548339771245712641e-10,6.314266217846795648e-01,4.983128410408866158e-19,1.043134567992256447e-09,9.943693630861158231e-07,7.121319376293443691e-10,5.187664610015190007e-08
1.312499999999999951e-02,-1.860387179999999918e-01,0.000000000000000000e+00,1.549865720000000010e+03,1.937475610000000126e-01,1.751674869062837259e-01,2.969438709640591020e-02,4.963631913937124884e-02,3.573300042003738054e+04,-1.608624000000002354e+02,2.586712306079460080e-03,1.517500157700006943e-07,1.655039557491545850e-09,7.702013838326472869e-04,3.513803994674316697e-07,1.048687708410560582e-01,3.074852865339611480e-08,1.693581447433129834e-09,1.715397087400065246e-14,1.205023908173610213e-12,2.001096796967045608e-08,4.659071582938496806e-10,2.070688096861569654e-04,1.042355048420158803e-01,4.528576873136280073e-02,9.134733796154975716e-02,6.408459830287043132e-09,2.514245446189293718e-05,3.371426894890110019e-09,6.240085800542238410e-10,7.500094378632510974e-06,2.687209415927141924e-09,1.011491358466937163e-02,3.603404704538513906e-07,2.906129525595336268e-03,8.288402087437715469e-07,8.370666997313031986e-04,7.825399398139464193e-08,5.810622461193153452e-05,1.220661418149909366e-05,2.589001416075990143e-11,6.046980460834917978e-10,6.732963099795211212e-09,1.565930407626603876e-05,4.000594863936514245e-12,9.531014745554355102e-05,2.341144926451652883e-08,9.768763725194011771e-08,1.784204057295778239e-09,5.949802610982205492e-11,1.103994478326735033e-04,2.151162706739598876e-11,2.478060016244138129e-14,5.045927632352159573e-06,5.885376611079852395e-08,2.549214406136293234e-05,5.852538061129624291e-10,6.364826200353176366e-01,4.764297382779011964e-19,1.116972848307064447e-09,9.602649625445781257e-07,7.881567298054332725e-10,5.274798262005273210e-08
1.317187499999999956e-02,-1.935791430000000091e-01,0.000000000000000000e+00,1.570329999999999927e+03,1.920262689999999994e-01,1.689019105760065642e-01,2.989877244530057473e-02,6.557475687152911070e-02,3.343443933439365355e+04,-1.611567573333331609e+02,2.596765013712101344e-03,1.893617065414728698e-07,2.147368214800286970e-09,7.771842461180986572e-04,4.655582578726808118e-07,1.055734827443606388e-01,3.294721032022045954e-08,1.735919055796584408e-09,3.577309431337776521e-14,2.214375414638033156e-12,2.829569693148380277e-08,6.937176903202075160e-10,2.387892264217873458e-04,9.746970786398340136e-02,4.563220808950456397e-02,9.207461857704726804e-02,7.848321260995798767e-09,2.602411223698429752e-05,4.336823329498663686e-09,7.701598861351076536e-10,7.643338411492150544e-06,3.761410490891987786e-09,1.018364467534096235e-02,4.298641319591118331e-07,2.916067972938929994e-03,9.987161505816734026e-07,8.095456420397376205e-04,9.934915905943244344e-08,5.864060335800557377e-05,1.259285616950721422e-05,2.786084173253677380e-11,6.662608483866924672e-10,8.351341719777767217e-09,1.575670746184615469e-05,5.168224867485478080e-12,9.611819766725599368e-05,2.042883485053289783e-08,9.776301756327317317e-08,1.958574695257438167e-09,8.084241660424531832e-11,1.111878327307658579e-04,2.547860223830521204e-11,4.041010910214953630e-14,5.099570917651718704e-06,6.049579195351335061e-08,2.569592983777896838e-05,7.501283441836127953e-10,6.413657874469742559e-01,4.554125158972480891e-19,1.196085067103757276e-09,9.275197637540709990e-07,8.762553458782043970e-10,5.381903906968067859e-08
1.321874999999999960e-02,-2.011333660000000079e-01,0.000000000000000000e+00,1.590556620000000066e+03,1.903561930000000069e-01,1.628412033466227204e-01,3.009803995801571541e-02,8.589319277525536700e-02,3.128150730077904518e+04,-1.614043946666664056e+02,2.606404754882380229e-03,2.356324655373407292e-07,2.782738974536151784e-09,7.842835384600761002e-04,6.136910937950307681e-07,1.062620777913566850e-01,3.531677793065626463e-08,1.795220216475123756e-09,7.358253935552227174e-14,4.029477482088207673e-12,3.969582552205809703e-08,1.022668517992012414e-09,2.738696904622627665e-04,9.093148632145799104e-02,4.596861760974160771e-02,9.277816091783208652e-02,9.628095191095442886e-09,2.705061674688669887e-05,5.605373728993968795e-09,9.477585391390966324e-10,7.800170154684533304e-06,5.224986559740851083e-09,1.024630677988159697e-02,5.121265879944504832e-07,2.921809764263089484e-03,1.198708357646361936e-06,7.783380344717500537e-04,1.257924087530093156e-07,5.922453788371389514e-05,1.303232237441131644e-05,3.005700224098372218e-11,7.359712555549362410e-10,1.033322907971092636e-08,1.584812496888254722e-05,6.648939206944951153e-12,9.692672520968645172e-05,1.773482356517805501e-08,9.782746200791789340e-08,2.151520285775535961e-09,1.091577897856710328e-10,1.119332117802215339e-04,3.005866604098045626e-11,6.554662737130061270e-14,5.154698569878860380e-06,6.236566747754634999e-08,2.589396884915774860e-05,9.576091111197551505e-10,6.460818467314322078e-01,4.353112011452758009e-19,1.280462907485838790e-09,8.960407152406432993e-07,9.779395470798366440e-10,5.513337029174681405e-08
1.326562499999999964e-02,-2.086991970000000030e-01,0.000000000000000000e+00,1.610547919999999976e+03,1.887346819999999870e-01,1.569788752813320865e-01,3.029232118066512575e-02,1.114735487564753741e-01,2.926437158860860654e+04,-1.616161279999996339e+02,2.615537946581039056e-03,2.922851726179327051e-07,3.600303295293780600e-09,7.915733909652765974e-04,8.047771159480170631e-07,1.069350758602173601e-01,3.787489115049096235e-08,1.872862747551844548e-09,1.491822128049930295e-13,7.256102020515019153e-12,5.522339782781346038e-08,1.491967078049740748e-09,3.122588715918236078e-04,8.461547748939293734e-02,4.629511593948427289e-02,9.345873707783326767e-02,1.183167028453395970e-08,2.824636906307711006e-05,7.269978150496881173e-09,1.162423008480511992e-09,7.971720389579581875e-06,7.202232690585435884e-09,1.030192918653359720e-02,6.089783652039599114e-07,2.922523696179755992e-03,1.431332718129000424e-06,7.436243590279543059e-04,1.588177437923977412e-07,5.987603002173166980e-05,1.353236788231085387e-05,3.259411235739385537e-11,8.156959239337442651e-10,1.275032438333311884e-08,1.593281587917305206e-05,8.516000288868113342e-12,9.774171407223466274e-05,1.532966287996147591e-08,9.789670407203205706e-08,2.366092946907107329e-09,1.464490068085657953e-10,1.126321518527702959e-04,3.530370835385194129e-11,1.056550228618905946e-13,5.211817573187251796e-06,6.450016891568712738e-08,2.608659086590030924e-05,1.217352698408709406e-09,6.506363711495056767e-01,4.158296274564387255e-19,1.370169568208951296e-09,8.654208808687451998e-07,1.094817058568884775e-09,5.674200202582838387e-08
1.331249999999999968e-02,-2.162749529999999920e-01,0.000000000000000000e+00,1.630309569999999894e+03,1.871589070000000132e-01,1.513087078354414250e-01,3.048172873553150683e-02,1.430807657468811112e-01,2.785762009524768655e+04,-1.617539839999944888e+02,2.624047595459479045e-03,3.612924093748376273e-07,4.648978521955639668e-09,7.991440166172011092e-04,1.049840078183409104e-06,1.075929478138265283e-01,4.064271842967386530e-08,1.970616526590143568e-09,2.975142834851961614e-13,1.291867417764617048e-11,7.613337366826260774e-08,2.152989216274574838e-09,3.538135633877786718e-04,7.851697086413815529e-02,4.661175711934534283e-02,9.411712073714444127e-02,1.456390297479934816e-08,2.963748874871676843e-05,9.446853923653634838e-09,1.420539717541968839e-09,8.158685985882617439e-06,9.850079442955913742e-09,1.034928558209211383e-02,7.223208387501320021e-07,2.917229784952170887e-03,1.698345147061268311e-06,7.056975437788961820e-04,1.999016996541000762e-07,6.061498039511486276e-05,1.410019437560172685e-05,3.563812893833356089e-11,9.078983904290179500e-10,1.568524247285904013e-08,1.600985267229735099e-05,1.085604208121524675e-11,9.857028262943889527e-05,1.320843487714478251e-08,9.798949643044387050e-08,2.606218545490329665e-09,1.951792606622715375e-10,1.132803478039853459e-04,4.126171412860279308e-11,1.690010017075691066e-13,5.271483810878487286e-06,6.693790718417399385e-08,2.627410305453660384e-05,1.540667867334105287e-09,6.550347798665605570e-01,3.969353603131628771e-19,1.465364967464405638e-09,8.349925685551705788e-07,1.228542657874191154e-09,5.870433309842095133e-08
1.333593750000000057e-02,-2.200660620000000067e-01,0.000000000000000000e+00,1.640107760000000098e+03,1.863873239999999931e-01,1.485426051839296990e-01,3.057465875491315391e-02,1.618988560707759483e-01,2.693596162791149618e+04,-1.618457173333388823e+02,2.628011884344111804e-03,4.012571021364326594e-07,5.280957268634563418e-09,8.030791652716495017e-04,1.197100727423654046e-06,1.079164207677471704e-01,4.211762690935634797e-08,2.027949465635539209e-09,4.229398000897681290e-13,1.718167776302237210e-11,8.914165560815336163e-08,2.576896604454120081e-09,3.757152731914025954e-04,7.554692383741133666e-02,4.676641809935143390e-02,9.443843379675388727e-02,1.617335736519243180e-08,3.041801053453573676e-05,1.077736427680544516e-08,1.568362786624640676e-09,8.258127202227232648e-06,1.148940547527302186e-08,1.036926667768373403e-02,7.859558463085014671e-07,2.911875873733192534e-03,1.845258986028717192e-06,6.856531095243684594e-04,2.241701625175511402e-07,6.102614026866230100e-05,1.441260346898184773e-05,3.744197771941906962e-11,9.599567299340246677e-10,1.738497486258484421e-08,1.604505276546856548e-05,1.223882907366014647e-11,9.899312568695148003e-05,1.225089267363418429e-08,9.805327998897416670e-08,2.738007994107383198e-09,2.248762775160314740e-10,1.135834187555509190e-04,4.452666310417173335e-11,2.134348135406552659e-13,5.302532438588130324e-06,6.828771535303427403e-08,2.636608974325609832e-05,1.731417776273721160e-09,6.571780775856511658e-01,3.876898291656315133e-19,1.515129206739207409e-09,8.195245332362564427e-07,1.302604257196594103e-09,5.984665837120073763e-08
1.335937499999999972e-02,-2.238593210000000000e-01,0.000000000000000000e+00,1.649852219999999988e+03,1.856259949999999881e-01,1.458226451069863649e-01,3.066639946251771554e-02,1.825427079169408551e-01,2.604356075366170990e+04,-1.619360853333267016e+02,2.631763736457296693e-03,4.452128014006844859e-07,5.995589291929141023e-09,8.071285799134978118e-04,1.363253908164879221e-06,1.082362598542996185e-01,4.365563424123371920e-08,2.091225137184933032e-09,5.969572241964163769e-13,2.277988976933524387e-11,1.041171838598444469e-07,3.075493345859977504e-09,3.983141104638163524e-04,7.263017490223014350e-02,4.691858243684136204e-02,9.475445177244792849e-02,1.796811067581253715e-08,3.125825275792224253e-05,1.229429888345024189e-08,1.729924217671292332e-09,8.361435978744397081e-06,1.337496088199552700e-08,1.038655598601831605e-02,8.544619758497806762e-07,2.904569736090063543e-03,2.001003697306383413e-06,6.649603991048749383e-04,2.511819896618756928e-07,6.146761151725642835e-05,1.474458348015183197e-05,3.947700074685872138e-11,1.016486978631673551e-09,1.925285017408310690e-08,1.607787167835705044e-05,1.378057918144951003e-11,9.942271366616382844e-05,1.136057278470716037e-08,9.813175036790164150e-08,2.878289326125440627e-09,2.586482636518251135e-10,1.138716198467136780e-04,4.798729463540273186e-11,2.688931886380340675e-13,5.334453482819117227e-06,6.972906780613542393e-08,2.645688276438552499e-05,1.943554457383717460e-09,6.592840511125160896e-01,3.785725284903911502e-19,1.566381857891441899e-09,8.037823249180022128e-07,1.381582818140206246e-09,6.110525111774422442e-08
1.338281250000000061e-02,-2.276546979999999887e-01,0.000000000000000000e+00,1.659544789999999921e+03,1.848745109999999914e-01,1.431481212989827723e-01,3.075695940501486925e-02,2.052655547168774075e-01,2.517935654052796963e+04,-1.620269653333394331e+02,2.635280286115921581e-03,4.935306072725966738e-07,6.803955109971808523e-09,8.113098348042292914e-04,1.550626627714567532e-06,1.085525108400069716e-01,4.526092173329098287e-08,2.160819966815217805e-09,8.389130047635456608e-13,3.011591785561284934e-11,1.213299688211745715e-07,3.660568544604772625e-09,4.215640703786665221e-04,6.976633749717302269e-02,4.706823123062722769e-02,9.506527875988549092e-02,1.997113457056501003e-08,3.216184165259740812e-05,1.402324037933147107e-08,1.906356277190265563e-09,8.468517057518450063e-06,1.554069467709493237e-08,1.040090578467034628e-02,9.281094316320810433e-07,2.895149415732906507e-03,2.165500816808318304e-06,6.436854050512869595e-04,2.812391725854881353e-07,6.194226890870472224e-05,1.509685017774910264e-05,4.179677683839669745e-11,1.078091718411025496e-09,2.130428436860010952e-08,1.610812137625861485e-05,1.549810117715770855e-11,9.986034635281813940e-05,1.053542168447208626e-08,9.822831655522356485e-08,3.027948665537176695e-09,2.970228995622248642e-10,1.141441228317656296e-04,5.164959742387485998e-11,3.380786095017137950e-13,5.367327662089220544e-06,7.126706599496112014e-08,2.654650376087372375e-05,2.179379316787863135e-09,6.613533400252465944e-01,3.695331134553536887e-19,1.619180977613526659e-09,7.876529908390966016e-07,1.465773867839629925e-09,6.249049650789670305e-08
1.340624999999999976e-02,-2.314522049999999942e-01,0.000000000000000000e+00,1.669187550000000101e+03,1.841324480000000041e-01,1.405183462471457090e-01,3.084634565737160924e-02,2.302330348241654889e-01,2.434232786722033416e+04,-1.621204053333279944e+02,2.638536663501576951e-03,5.466034006537764870e-07,7.718406430990421444e-09,8.156422759911636199e-04,1.761761665660976627e-06,1.088652157318770602e-01,4.693829558439619207e-08,2.237156104490132980e-09,1.175007197106087683e-12,3.970362870221436915e-11,1.410707266525584625e-07,4.345288419298036321e-09,4.454147489029929388e-04,6.695507413509708960e-02,4.721533808371385782e-02,9.537102166511175760e-02,2.220788354530444755e-08,3.313244841839845602e-05,1.599196166061357467e-08,2.098870684830714450e-09,8.579226768870315835e-06,1.802398365560892848e-08,1.041204387435629153e-02,1.007155497519487739e-06,2.883446702898390980e-03,2.338582184240331730e-06,6.218991964683313802e-04,3.146750802249902177e-07,6.245304384618507152e-05,1.547003866189901246e-05,4.446676739048329117e-11,1.145467707178840043e-09,2.355599424198420127e-08,1.613559406025982332e-05,1.740951655712229159e-11,1.003074297529539402e-04,9.773119505929891653e-09,9.834666455778307993e-08,3.188011412148281843e-09,3.405731571612061534e-10,1.144000287182454220e-04,5.551962976326131479e-11,4.242340099551586958e-13,5.401237266697351564e-06,7.290679162043866551e-08,2.663496813440102920e-05,2.441392903987120234e-09,6.633865733661524766e-01,3.606745961116985236e-19,1.673591015878131092e-09,7.710305871010372677e-07,1.555467276169056806e-09,6.401354074234175843e-08
1.342968750000000065e-02,-2.352519020000000127e-01,0.000000000000000000e+00,1.678782860000000028e+03,1.833993690000000065e-01,1.379326509766447828e-01,3.093456380559463093e-02,2.575969222951153270e-01,2.353149201048725445e+04,-1.622184960000047624e+02,2.641505884858894645e-03,6.048551068227836772e-07,8.753003642964217803e-09,8.201471934037653537e-04,1.999501536108414014e-06,1.091744127875162174e-01,4.869313120522962125e-08,2.320706405483259546e-09,1.640947606806259193e-12,5.220085409840261408e-11,1.636598696814723628e-07,5.144503439987364598e-09,4.698112630856165974e-04,6.419609747505652941e-02,4.735986790782451689e-02,9.567179131379607848e-02,2.470697285191335769e-08,3.417377963348831513e-05,1.823130626451680347e-08,2.308785085506461773e-09,8.693372063080278867e-06,2.086658515938781847e-08,1.041967167972042071e-02,1.091846667874962435e-06,2.869288514415565920e-03,2.519988805095400429e-06,5.996773148328611277e-04,3.518590363151843735e-07,6.300291047737881104e-05,1.586469156912289361e-05,4.756764300742012672e-11,1.219423217626663092e-09,2.602616484934584045e-08,1.616006096854802476e-05,1.953460556198022196e-11,1.007654838038823339e-04,9.071113432345088361e-09,9.849077620830955510e-08,3.359656343461174101e-09,3.899351342410777007e-10,1.146383657768818422e-04,5.960385148399431039e-11,5.313169879659093585e-13,5.436265709419514202e-06,7.465328935470393025e-08,2.672228334799100122e-05,2.732339504682107319e-09,6.653843697049769412e-01,3.519933093149230824e-19,1.729684546633552513e-09,7.538203815328558427e-07,1.650956196786779980e-09,6.568634717215608301e-08
1.345312499999999981e-02,-2.390538979999999869e-01,0.000000000000000000e+00,1.688333350000000110e+03,1.826748270000000118e-01,1.353903848000908294e-01,3.102161816568358224e-02,2.875073955618571708e-01,2.274588587539844229e+04,-1.623233279999944045e+02,2.644158734342660216e-03,6.687474335691739088e-07,9.923869038767274903e-09,8.248480152351872312e-04,2.267040985149527126e-06,1.094801377657605435e-01,5.053143589188489758e-08,2.412000584839377205e-09,2.285466065110105519e-12,6.844889055354940725e-11,1.894525785946546105e-07,6.074992227002182622e-09,4.946946129415706042e-04,6.148917046844015050e-02,4.750177629836704191e-02,9.596770229467123381e-02,2.750068694116059695e-08,3.528957352449579225e-05,2.077570415554910909e-08,2.537540674570776513e-09,8.810710691148944932e-06,2.411524314840396010e-08,1.042346277769836370e-02,1.182419337470141455e-06,2.852498563896904617e-03,2.709372094203132523e-06,5.770990447652612392e-04,3.932018251587206367e-07,6.359487316393487458e-05,1.628124446516528314e-05,5.119942569045569567e-11,1.300898557216647793e-09,2.873466693852042164e-08,1.618126956537918362e-05,2.189509205315410968e-11,1.012361457833990696e-04,8.426653661970659603e-09,9.866494708890030001e-08,3.544238872416884321e-09,4.458191650461426364e-10,1.148580877542541032e-04,6.390944706326182930e-11,6.641652525789778681e-13,5.472496848291257482e-06,7.651154983629885174e-08,2.680844734264168744e-05,3.055253413463098612e-09,6.673473365721694917e-01,3.434856662650913912e-19,1.787542916175442542e-09,7.359425674254058389e-07,1.752544956250322866e-09,6.752176075553306378e-08
1.347656250000000069e-02,-2.428583510000000001e-01,0.000000000000000000e+00,1.697841940000000022e+03,1.819583600000000134e-01,1.328909160279266866e-01,3.110751155700108156e-02,3.201156851847026807e-01,2.198458671539499483e+04,-1.624370773333390900e+02,2.646463725271889795e-03,7.387862046801017662e-07,1.124958377990175558e-08,8.297705175175513473e-04,2.567982995412101495e-06,1.097824228038652844e-01,5.245995930627625921e-08,2.511633525512774460e-09,3.175036944327553238e-12,8.952246734006123996e-11,2.188434126090194769e-07,7.155721897215754274e-09,5.200022580709761418e-04,5.883410669488835926e-02,4.764100831488568555e-02,9.625887462802613925e-02,3.062553274528514151e-08,3.648359923481925911e-05,2.366366305772304984e-08,2.786722735021306055e-09,8.930952684044167274e-06,2.782232105029329163e-08,1.042306198137840124e-02,1.279098947714791679e-06,2.832899264938808139e-03,2.906296374807678738e-06,5.542466110097960278e-04,4.391620662154032841e-07,6.423195578524468002e-05,1.672001167012841802e-05,5.548669000086877484e-11,1.390990947514888117e-09,3.170331604335959428e-08,1.619894247105934867e-05,2.451493335620219129e-11,1.017211818182673077e-04,7.836832235998897357e-09,9.887380912335435885e-08,3.743321513312268325e-09,5.090207910905953166e-10,1.150580697944399437e-04,6.844471347771828297e-11,8.286928385194767781e-13,5.510014360155937255e-06,7.848649645977785297e-08,2.689344685195279401e-05,3.413507313901507729e-09,6.692760698042869993e-01,3.351481604012321100e-19,1.847257146699733414e-09,7.173353877184253260e-07,1.860554126675977339e-09,6.953358477577291794e-08
1.349999999999999985e-02,-2.466654699999999978e-01,0.000000000000000000e+00,1.707311809999999923e+03,1.812494980000000089e-01,1.304336315340807462e-01,3.119224531513272933e-02,3.555728074199192013e-01,2.124669219026484643e+04,-1.625618346666598768e+02,2.648387044145415498e-03,8.155281171971749727e-07,1.275165947181089038e-08,8.349430641542559010e-04,2.906403133575039301e-06,1.100812967566517642e-01,5.448633417955126773e-08,2.620275704207559080e-09,4.400223830272764862e-12,1.167932037418142927e-10,2.522711864423235524e-07,8.408143041412766768e-09,5.456688697937319603e-04,5.623076987569497476e-02,4.777749709438197656e-02,9.654543378657445829e-02,3.412288052456718199e-08,3.775966211652763009e-05,2.693830494044957101e-08,3.058085083239727457e-09,9.053762999985544608e-06,3.204650102915727497e-08,1.041808357696954665e-02,1.382098066944702457e-06,2.810313893787455986e-03,3.110243363124425070e-06,5.312043078257077050e-04,4.902536089162341076e-07,6.491719235649257990e-05,1.718117096201891196e-05,6.058513266606912145e-11,1.490984816703994956e-09,3.495617832272508109e-08,1.621277396415967166e-05,2.742064033938330524e-11,1.022224907740246349e-04,7.298623853865495815e-09,9.912235238087786622e-08,3.958712331248781036e-09,5.804328507168818776e-10,1.152371117452542120e-04,7.321954103813921092e-11,1.032128377718353627e-12,5.548900887733472800e-06,8.058297282186143625e-08,2.697725524036346129e-05,3.810864081575617134e-09,6.711711545162937220e-01,3.269773662771764080e-19,1.908929315780077115e-09,6.979575234570792001e-07,1.975324455633302973e-09,7.173667064141727072e-08
1.352343750000000074e-02,-2.504755129999999830e-01,0.000000000000000000e+00,1.716746399999999994e+03,1.805477610000000011e-01,1.280179373689744604e-01,3.127581902905068878e-02,3.940161671894689688e-01,2.053135324410653993e+04,-1.626996480000061354e+02,2.649892497453449139e-03,8.995880691354943090e-07,1.445507708610864725e-08,8.403968781923771983e-04,3.286917526841266850e-06,1.103767838939277296e-01,5.661925624558880007e-08,2.738685317368118518e-09,6.084182364153089942e-12,1.520096368539184732e-10,2.902234607210947836e-07,9.856507480527879223e-09,5.716272554506651856e-04,5.367907344841432032e-02,4.791116265395729129e-02,9.682751250694859868e-02,3.803968966344378897e-08,3.912161456240406611e-05,3.064788317054733435e-08,3.353578506777205169e-09,9.178765501179190039e-06,3.685349406458372559e-08,1.040811048999778707e-02,1.491613938566556402e-06,2.784568967324024119e-03,3.320619826808878926e-06,5.080575865117557387e-04,5.470542474742798651e-07,6.565361953690675124e-05,1.766474748302414893e-05,6.668987893591091775e-11,1.602389318460101087e-09,3.851993926298227031e-08,1.622242838441021842e-05,3.064163597055333106e-11,1.027421149012646502e-04,6.808927943456608596e-09,9.941595100446110009e-08,4.192513765970986946e-09,6.610576383647224754e-10,1.153939298891062249e-04,7.824601762480544341e-11,1.283292668766753440e-12,5.589237124628733270e-06,8.280573482042354788e-08,2.705983037399545477e-05,4.251532035914270083e-09,6.730331643532139196e-01,3.189699346934693437e-19,1.972674518104256146e-09,6.777896903486428608e-07,2.097219897984568121e-09,7.414702492874457772e-08
1.354687499999999989e-02,-2.542887859999999889e-01,0.000000000000000000e+00,1.726149400000000014e+03,1.798526639999999954e-01,1.256432574769152100e-01,3.135823133957237052e-02,4.354869674760322162e-01,2.001800070752716056e+04,-1.628106120080659593e+02,2.650941466020717650e-03,9.916466385114564362e-07,1.638869137539922137e-08,8.461663347298345374e-04,3.714707884423916269e-06,1.106689078338768256e-01,5.886874991163314449e-08,2.867720095695315416e-09,8.393951297399986488e-12,1.973870117037058015e-10,3.332370444997836996e-07,1.152809088269538316e-08,5.978096041026383914e-04,5.117897842317612606e-02,4.804191002788512493e-02,9.710525085423700464e-02,4.242899233631058008e-08,4.057337573909601156e-05,3.484579694769357604e-08,3.675368044482969283e-09,9.305548416031603190e-06,4.231615323647995780e-08,1.039269268439970903e-02,1.607827307586518373e-06,2.755496775863771741e-03,3.536772844691011938e-06,4.848920782721369326e-04,6.102163420840148549e-07,6.644427110026166784e-05,1.817059617272443533e-05,7.404598868885085265e-11,1.726984567407653654e-09,4.242436483631752401e-08,1.622753667564112793e-05,3.421062984864702082e-11,1.032822458449648197e-04,6.364610130446194837e-09,9.976038965025141385e-08,4.447186863324404860e-09,7.520102718711704694e-10,1.155271598265841983e-04,8.353913807460085699e-11,1.592806087609066590e-12,5.631100671547252493e-06,8.515944517216863287e-08,2.714111145925895006e-05,4.740223692884532747e-09,6.748626599869754772e-01,3.111225925329792732e-19,2.038621396939861215e-09,6.568353560140359044e-07,2.226631696657641818e-09,7.678193618474397223e-08
1.355859379999999927e-02,-2.561967310000000109e-01,0.000000000000000000e+00,1.730840560000000096e+03,1.795074590000000081e-01,1.244708502287956570e-01,3.139900617161703322e-02,4.577311345057840097e-01,1.967552575506958965e+04,-1.628929830100393588e+02,2.651278496371731446e-03,1.040967388575438329e-06,1.745409837611410458e-08,8.491850738378922030e-04,3.948485664596506922e-06,1.108137308483516520e-01,6.004222731783235029e-08,2.936619205981243222e-09,9.869768876493243987e-12,2.248025046923582762e-10,3.568719615116215173e-07,1.245838908295072206e-08,6.109634231638978686e-04,4.994805443164619663e-02,4.810615863416682625e-02,9.724258916692372912e-02,4.482260013866037406e-08,4.133487764343331147e-05,3.715065744915940957e-08,3.847007424735379071e-09,9.369466747177904455e-06,4.532245933797631484e-08,1.038274558579123548e-02,1.668551287716591149e-06,2.739640766250807814e-03,3.646819445009335666e-06,4.733299543522490093e-04,6.444796981180309451e-07,6.686135650850038312e-05,1.843189887477599020e-05,7.831228229282981884e-11,1.795051647543475856e-09,4.451776473907753888e-08,1.622822507779171251e-05,3.613895245054392155e-11,1.035610008582770115e-04,6.158312121572363989e-09,9.995419686321289700e-08,4.583522083727460373e-09,8.018334439026926532e-10,1.155843528418230707e-04,8.629360068190740902e-11,1.774075367572181849e-12,5.652643552264370317e-06,8.638783668177844023e-08,2.718124736280252599e-05,5.004768703150984769e-09,6.757656100752162942e-01,3.072569345795195677e-19,2.072483037163811671e-09,6.460658941158602327e-07,2.294388526860134313e-09,7.819171349299482177e-08
1.357031250000000078e-02,-2.581056250000000052e-01,0.000000000000000000e+00,1.735525290000000041e+03,1.791637259999999954e-01,1.233085251414154787e-01,3.143948875696560979e-02,4.807776481733371798e-01,1.933792524809824317e+04,-1.629784020411846939e+02,2.651485685263395373e-03,1.092587128048206156e-06,1.859047556679003755e-08,8.522976384774583105e-04,4.196411122503545491e-06,1.109577188017855098e-01,6.124949949058411058e-08,3.008566374625507384e-09,1.159705547928306011e-11,2.558852215428875107e-10,3.820106653175774220e-07,1.345665257596108197e-08,6.241477398850245849e-04,4.873008501294874562e-02,4.816963161394993698e-02,9.737889462604268354e-02,4.735817301539952072e-08,4.212044992475617362e-05,3.960143272925612989e-08,4.026176602807652003e-09,9.433663463147735369e-06,4.852461901331578845e-08,1.037124618147284086e-02,1.731017926907715492e-06,2.722890345135837824e-03,3.758044723286641859e-06,4.617950261750509294e-04,6.806279687841285895e-07,6.729319987978765575e-05,1.869865346659678869e-05,8.301798225169695913e-11,1.867258666664335545e-09,4.670956461655819334e-08,1.622761737101103925e-05,3.816863213181568422e-11,1.038458028144902123e-04,5.962232299349088583e-09,1.001631608210688659e-07,4.726227991557082784e-09,8.547371214731004959e-10,1.156350697934299058e-04,8.912251684079183390e-11,1.975123196471646555e-12,5.674596949862919581e-06,8.765083194342085393e-08,2.722102495137245596e-05,5.283473150561622059e-09,6.766606077912158401e-01,3.036164984576204980e-19,2.106953196236145649e-09,6.351103758654409960e-07,2.364202525776596598e-09,7.966511825768650418e-08
1.358203120000000055e-02,-2.600155200000000000e-01,0.000000000000000000e+00,1.740204130000000077e+03,1.788214029999999899e-01,1.221562150184838935e-01,3.147967829340236195e-02,5.046987683586083850e-01,1.900510912384110270e+04,-1.630669522476786710e+02,2.651557485403114103e-03,1.146621568012153920e-06,1.980336666566779735e-08,8.555094065168417387e-04,4.459425422268894976e-06,1.111008728073894225e-01,6.249230209165990849e-08,3.083712234653906828e-09,1.362005887638751771e-11,2.911286444952834128e-10,4.087470932913735573e-07,1.452765077481406656e-08,6.373537908950483539e-04,4.752507851760790630e-02,4.823231201638181198e-02,9.751418773094402970e-02,5.004518521323890851e-08,4.293061702557311569e-05,4.220761542682655549e-08,4.213251522695674757e-09,9.498079403533606714e-06,5.193524560996220633e-08,1.035812838204257930e-02,1.795247336887660416e-06,2.705227345310069319e-03,3.870348353290151546e-06,4.502977062193391409e-04,7.187726457538961520e-07,6.774017368256190206e-05,1.897078636711120093e-05,8.821760604706110433e-11,1.943940296629877900e-09,4.900472651504271114e-08,1.622565597187030940e-05,4.030518753012471431e-11,1.041369758194624052e-04,5.775984899986435121e-09,1.003881388259615961e-07,4.875747131547136363e-09,9.109198594207792774e-10,1.156791167994523136e-04,9.202926204045301414e-11,2.198203416189073682e-12,5.696969010123421033e-06,8.894899684579312594e-08,2.726042975273982002e-05,5.577162510331124965e-09,6.775477208253660732e-01,3.000128454798812355e-19,2.142056806286412345e-09,6.239752679182422028e-07,2.436140175776573165e-09,8.120476145921895021e-08
1.359374999999999993e-02,-2.619264689999999951e-01,0.000000000000000000e+00,1.744877600000000029e+03,1.784804269999999971e-01,1.210138541226340181e-01,3.151957387646824038e-02,5.295430941087287957e-01,1.867797122163073436e+04,-1.631632348298067825e+02,2.651488175358463449e-03,1.203193527893761318e-06,2.109870596306587093e-08,8.588260274965905418e-04,4.738518141705033044e-06,1.112431938052643315e-01,6.377253268836361982e-08,3.162217754464410782e-09,1.599053257200792858e-11,3.310832984204253897e-10,4.371799262346989569e-07,1.567643857255776212e-08,6.505729868611459478e-04,4.633304621889214325e-02,4.829418161545909888e-02,9.764848952906239610e-02,5.289361130740761467e-08,4.376591492338600703e-05,4.497915812126218239e-08,4.408625432282523853e-09,9.562654503260188793e-06,5.556745660272693705e-08,1.034332408189359703e-02,1.861261166741787647e-06,2.686634485296938296e-03,3.983630993026493867e-06,4.388482342317785419e-04,7.590332346712818890e-07,6.820264908060852459e-05,1.924821026630523465e-05,9.397276683549689919e-11,2.025462876454345892e-09,5.140855161000726741e-08,1.622228097160224487e-05,4.255448242550666390e-11,1.044348528171826055e-04,5.599189400198394505e-09,1.006300148238431105e-07,5.032563411190295460e-09,9.705903873009424752e-10,1.157162897974339761e-04,9.501763693366780316e-11,2.445751575718613818e-12,5.719767379987317908e-06,9.028289314195616820e-08,2.729944555221122541e-05,5.886722279695056081e-09,6.784270158123861805e-01,2.964456054810600546e-19,2.177820046187638551e-09,6.126682519274995962e-07,2.510274845605663124e-09,8.281336945503187328e-08
1.360546869999999971e-02,-2.638385300000000155e-01,0.000000000000000000e+00,1.749546270000000050e+03,1.781407379999999929e-01,1.198813773858584120e-01,3.155917457469450266e-02,5.553533317659039570e-01,1.835511603973117235e+04,-1.632616820834708449e+02,2.651271894651555279e-03,1.262434007453275904e-06,2.248295685464484466e-08,8.622534422605650836e-04,5.034749169843336713e-06,1.113846827753022517e-01,6.509225346868857135e-08,3.244256003455320868e-09,1.876923016213659112e-11,3.763723642407392425e-10,4.674140460570796847e-07,1.690842756589041227e-08,6.637969016609140353e-04,4.515400180891025045e-02,4.835522070245239917e-02,9.778182220274347913e-02,5.591415798720365259e-08,4.462689260997359511e-05,4.792665880331694136e-08,4.612718680694704002e-09,9.627328060578668200e-06,5.943515838010069471e-08,1.032676267916769058e-02,1.929081176108439902e-06,2.667095404619634642e-03,4.097792731733470355e-06,4.274566571376862750e-04,8.015379073830472980e-07,6.868099556144895341e-05,1.953082246060022279e-05,1.003532967975560152e-10,2.112228305738974675e-09,5.392670819121296627e-08,1.621742906728437144e-05,4.492277470937671336e-11,1.047397787887071084e-04,5.431471729043022460e-09,1.008897117964738908e-07,5.197205489515610948e-09,1.033971407914156317e-09,1.157463847665033530e-04,9.809195920211782868e-11,2.720462014511977347e-12,5.742999128414574474e-06,9.165307901510707307e-08,2.733805374485059553e-05,6.213103847466225808e-09,6.792985586296423905e-01,2.929144144090999849e-19,2.214271375533122113e-09,6.011981787871952758e-07,2.586685244781846935e-09,8.449379112954959802e-08
1.361718750000000082e-02,-2.657517609999999753e-01,0.000000000000000000e+00,1.754210679999999911e+03,1.778022740000000101e-01,1.187587213600072855e-01,3.159847940091970592e-02,5.821772567198630899e-01,1.803772816445671924e+04,-1.633680357036250257e+02,2.650902595355426536e-03,1.324483297679409211e-06,2.396321715801470827e-08,8.657978984830592929e-04,5.349264540627700842e-06,1.115253408045995126e-01,6.645369848356830085e-08,3.330013764165574404e-09,2.202767826140591218e-11,4.277032192506329442e-10,4.995618761247314616e-07,1.822944286806069494e-08,6.770172718138167071e-04,4.398796202292989954e-02,4.841540801517269649e-02,9.791420842844721084e-02,5.911838359642030334e-08,4.551411312025597199e-05,5.106151321053652861e-08,4.825983351544527510e-09,9.692038883018845883e-06,6.355320418865017107e-08,1.030837158193898505e-02,1.998728966498081908e-06,2.646594815362974130e-03,4.212732742618987006e-06,4.161328022709051382e-04,8.464242705170032978e-07,6.917558057879936550e-05,1.981850496527654205e-05,1.074385528117598693e-10,2.204678266137243791e-09,5.656526420089355900e-08,1.621103397159709552e-05,4.741676581692238677e-11,1.050521118159410784e-04,5.272465290762258929e-09,1.011681828227460061e-07,5.370250790590931360e-09,1.101302548070438161e-09,1.157691867971639819e-04,1.012571478225901435e-10,3.025343814699378223e-12,5.766670729896375374e-06,9.306010913695193892e-08,2.737623395203485547e-05,6.557331798511079337e-09,6.801624138083061100e-01,2.894189104929170674e-19,2.251441906055310346e-09,5.895749969670218038e-07,2.665455845329928034e-09,8.624900644888548314e-08
1.362890620000000060e-02,-2.676662220000000092e-01,0.000000000000000000e+00,1.758871399999999994e+03,1.774649749999999970e-01,1.176458233716148744e-01,3.163748726311348125e-02,6.100782468465756336e-01,1.772446255841439779e+04,-1.634770624978722537e+02,2.650374073263998213e-03,1.389492206468565383e-06,2.554735043507067416e-08,8.694659737902272036e-04,5.683315015555691109e-06,1.116651687161997614e-01,6.785928292753367768e-08,3.419693371308750819e-09,2.585029573430073013e-11,4.858820457651168291e-10,5.337448586434720376e-07,1.964578695006966857e-08,6.902259902457707303e-04,4.283494589113374940e-02,4.847472097680010500e-02,9.804567175081410624e-02,6.251884734110654018e-08,4.642815558200150903e-05,5.439609476175076146e-08,5.048908897168053031e-09,9.756725475203002762e-06,6.793758402733467536e-08,1.028807587385256045e-02,2.070225414738462557e-06,2.625118553328185857e-03,4.328348728999377191e-06,4.048862549709699278e-04,8.938401987282793969e-07,6.968676862288907361e-05,2.011112294888700385e-05,1.153189357069136128e-10,2.303299144146098883e-09,5.933072334920926234e-08,1.620302605881954164e-05,5.004365357281261373e-11,1.053722227321934543e-04,5.121811926982767966e-09,1.014664177421201817e-07,5.552330175888593448e-09,1.172843907019183422e-09,1.157844787057304119e-04,1.045188187343624119e-10,3.363795001450818054e-12,5.790787895282545973e-06,9.450453435981399951e-08,2.741396313032662470e-05,6.920511972411319174e-09,6.810186452691715520e-01,2.859587372732276408e-19,2.289365944181510528e-09,5.778096775314800906e-07,2.746677353019240517e-09,8.808213497613672032e-08
1.364062499999999997e-02,-2.695819769999999727e-01,0.000000000000000000e+00,1.763528999999999996e+03,1.771287789999999862e-01,1.165426222816671187e-01,3.167619667974895525e-02,6.391584452648756409e-01,1.725632873273050427e+04,-1.636544426666626464e+02,2.649679954503745844e-03,1.457623286976439260e-06,2.724422184348707207e-08,8.732645951885796348e-04,6.038287397474728279e-06,1.118041657680836354e-01,6.931160975622632020e-08,3.513515562711884086e-09,3.033693283707183314e-11,5.518488188552951783e-10,5.700952618174464216e-07,2.116434995609860248e-08,7.034150915408999552e-04,4.169497551351174919e-02,4.853313499932729314e-02,9.817623729635217844e-02,6.612952186282695527e-08,4.736961650174079135e-05,5.794402957980619398e-08,5.282038369043421941e-09,9.821326209627538744e-06,7.260586364939303025e-08,1.026579847870556436e-02,2.143588465553535697e-06,2.602653664601292747e-03,4.444535210780661988e-06,3.937263351832900361e-04,9.439446870419672822e-07,7.021492135435258278e-05,2.040852365766642189e-05,1.240976347425832043e-10,2.408627495003762733e-09,6.223006357091563729e-08,1.619333246641002606e-05,5.281119839045327274e-11,1.057004957807445368e-04,4.979162849671678860e-09,1.017854437888655670e-07,5.744133138084894512e-09,1.248881917409433281e-09,1.157920337598115749e-04,1.078834437762164353e-10,3.739750342242603577e-12,5.815355587937157446e-06,9.598690160089353331e-08,2.745121574305770147e-05,7.303839384849582096e-09,6.818673165855966278e-01,2.825335424139381912e-19,2.328081815170839688e-09,5.659141398261193818e-07,2.830444854128783823e-09,8.999644531331958515e-08
1.366406250000000086e-02,-2.734176280000000236e-01,0.000000000000000000e+00,1.772836520000000064e+03,1.764594610000000119e-01,1.143655618226383786e-01,3.175270517335211651e-02,6.996186054958272171e-01,1.681495921552126674e+04,-1.638424910612978067e+02,2.647777445846995203e-03,1.603751087484537068e-06,3.100542365136839389e-08,8.812712666177373137e-04,6.815368509310182631e-06,1.120796348242045354e-01,7.236329518649910115e-08,3.714203634174319496e-09,4.164557013467946144e-11,7.109419718848966841e-10,6.496817369809825545e-07,2.453197216152191568e-08,7.297047888554673498e-04,3.945463453811591525e-02,4.864717192369753807e-02,9.843467304560649112e-02,7.402764598388859213e-08,4.933556492261780078e-05,6.571970889691947721e-08,5.780646810933130399e-09,9.950045234393482379e-06,8.284955187005153400e-08,1.021511018397773182e-02,2.295854706398981455e-06,2.554755015992899846e-03,4.678184792662327512e-06,3.716996994169937969e-04,1.052672588348896663e-06,7.132246368813163892e-05,2.101684476703535301e-05,1.446870767730601872e-10,2.641068465857517821e-09,6.845025459263664921e-08,1.616868757463962075e-05,5.879425520778195889e-11,1.063824128331405559e-04,4.716821982601725373e-09,1.024884518392481776e-07,6.158906220339835055e-09,1.415305857780110807e-09,1.157833768183952659e-04,1.149411688197162590e-10,4.617200662757980321e-12,5.865829640799520931e-06,9.906538474461722480e-08,2.752418855682866529e-05,8.134163097241671243e-09,6.835418269278734638e-01,2.757884095674294339e-19,2.407971476223127532e-09,5.417843671502182067e-07,3.005741205285533540e-09,9.407582495244327092e-08
1.367578120000000064e-02,-2.753376490000000176e-01,0.000000000000000000e+00,1.777488309999999956e+03,1.761262269999999963e-01,1.132910471561751342e-01,3.179051072849535531e-02,7.322144278001910811e-01,1.651980840248223103e+04,-1.639742123767030364e+02,2.646546676700123942e-03,1.682333117902364456e-06,3.309925875872982237e-08,8.855064098958965102e-04,7.241968300970271229e-06,1.122161378600820686e-01,7.397401610776468290e-08,3.821914255234604263e-09,4.890387593902366578e-11,8.069597379938333315e-10,6.933740241354588919e-07,2.640217756708015464e-08,7.427931890738400820e-04,3.835389035217802445e-02,4.870272753927446657e-02,9.856270917710599488e-02,7.835925180229690647e-08,5.036293453720442086e-05,6.999350731272782947e-08,6.047880782459132859e-09,1.001402678751389917e-05,8.847912858967881653e-08,1.018641398729895620e-02,2.374960947038753902e-06,2.529266316846356510e-03,4.795524074020648074e-06,3.608513785500684396e-04,1.111913708613598144e-06,7.190354831034627002e-05,2.132744557340763902e-05,1.569234868043381964e-10,2.770311446545806846e-09,7.179827621047752372e-08,1.615346577985887200e-05,6.203560982265021369e-11,1.067375788669130672e-04,4.596158074269229546e-09,1.028762888717275708e-07,6.384760372039090350e-09,1.506653728121412272e-09,1.157663568556554340e-04,1.186621958520447451e-10,5.131761863601406133e-12,5.891766052653786783e-06,1.006645758744852605e-07,2.755983056563671867e-05,8.585839829294649510e-09,6.843682281466879624e-01,2.724658676602729358e-19,2.449324486946032552e-09,5.295786223396890495e-07,3.097808336137463716e-09,9.625443297998410049e-08
1.368750000000000001e-02,-2.772592300000000232e-01,0.000000000000000000e+00,1.782139319999999998e+03,1.757938629999999947e-01,1.122259955599862330e-01,3.182801139786248928e-02,7.659916308383757366e-01,1.622954376973370745e+04,-1.641147055560784906e+02,2.645123116335845997e-03,1.764809137555299796e-06,3.534870345103324125e-08,8.899037587672617433e-04,7.695862039339314964e-06,1.123518078443647705e-01,7.564459299521339633e-08,3.934820914549293176e-09,5.742627972045029921e-11,9.157773327314202922e-10,7.398356309751433613e-07,2.840686426064941911e-08,7.558347939529805500e-04,3.726630314837689473e-02,4.875726733245903943e-02,9.868995676328982947e-02,8.296618358507116561e-08,5.142034422877001941e-05,7.454236049674026400e-08,6.327826811234384787e-09,1.007768268603989966e-05,9.447040516913495487e-08,1.015540528593223378e-02,2.456033516597781961e-06,2.502750496533067033e-03,4.913066083194180099e-06,3.501235615149917118e-04,1.174609478372873452e-06,7.250302079956525640e-05,2.164202327002040882e-05,1.706288877636364883e-10,2.909019635970283353e-09,7.531375579567169492e-08,1.613622727764730378e-05,6.545453570932917100e-11,1.071025888516362399e-04,4.482212723791019714e-09,1.032894248569184261e-07,6.623873850824284432e-09,1.603805207778330424e-09,1.157406388396703861e-04,1.225218058302767840e-10,5.703108452099775199e-12,5.918163071801870758e-06,1.023038658582836763e-07,2.759486316177424438e-05,9.063376137444966427e-09,6.851873140508448756e-01,2.691769336271228926e-19,2.491655426548436866e-09,5.172974022834142651e-07,3.192896965577042468e-09,9.852899696351280914e-08
1.369921869999999979e-02,-2.791824410000000034e-01,0.000000000000000000e+00,1.786790150000000040e+03,1.754623130000000086e-01,1.111703512908996522e-01,3.186520509790852912e-02,8.010806472596059269e-01,1.594296671403783694e+04,-1.642582858313226950e+02,2.643499486404950714e-03,1.851420777482144763e-06,3.776832534863664895e-08,8.944723717835547858e-04,8.179134928876717039e-06,1.124866428470228524e-01,7.737905169476770462e-08,4.053254584487743065e-09,6.744596670827628953e-11,1.039182308586755384e-09,7.892590449266405854e-07,3.055625575844476008e-08,7.688230289544326773e-04,3.619190715078050846e-02,4.881075673361940509e-02,9.881644626561374156e-02,8.786948048050115615e-08,5.250851652859060334e-05,7.938626949203797483e-08,6.621287160995324674e-09,1.014095418620872545e-05,1.008479448628509959e-07,1.012199598623450547e-02,2.539095066546936441e-06,2.475201666633829092e-03,5.030712933158439391e-06,3.395237965382617764e-04,1.240993968312299769e-06,7.312121510055819452e-05,2.196032207013487417e-05,1.860075187470375269e-10,3.058091475841122937e-09,7.900691779255388318e-08,1.611687817808171925e-05,6.906250310607787029e-11,1.074779008538345368e-04,4.374693454050599421e-09,1.037290918589327555e-07,6.877357620647079886e-09,1.707182067678303382e-09,1.157059638426447120e-04,1.265327178279207707e-10,6.338103821380442635e-12,5.945020071915020370e-06,1.039837898585863861e-07,2.762924426242537946e-05,9.568567146987146505e-09,6.859991440670697438e-01,2.659212736383580932e-19,2.535023786552473260e-09,5.049555263132814484e-07,3.291153045524168609e-09,1.009036978627751745e-07
1.371093749999999917e-02,-2.811073510000000053e-01,0.000000000000000000e+00,1.791441389999999956e+03,1.751315230000000112e-01,1.101240597497211426e-01,3.190208963005440601e-02,8.375835371514026573e-01,1.566109506538561254e+04,-1.644105574850253504e+02,2.641668305761413378e-03,1.942430626883348378e-06,4.037409083521931619e-08,8.992218255571885442e-04,8.694029346050332862e-06,1.126206408192989145e-01,7.918183297295185930e-08,4.177574263297035249e-09,7.924010857285836284e-11,1.179190478107975730e-09,8.418514006492400940e-07,3.286139614727352531e-08,7.817517167456705359e-04,3.513073934363233203e-02,4.886315832159851547e-02,9.894220954124612055e-02,9.309177195063320344e-08,5.362820801395294114e-05,8.454673336434381757e-08,6.929121938882146996e-09,1.020378338362791569e-05,1.076377368272940448e-07,1.008609548381674687e-02,2.624176005789479915e-06,2.446615476074377911e-03,5.148373191739377142e-06,3.290591924720208871e-04,1.311321287895970357e-06,7.375845618165373884e-05,2.228206246424818137e-05,2.032945906738115592e-10,3.218527534835836422e-09,8.288886456700388626e-08,1.609531937417488017e-05,7.287196548307612051e-11,1.078639918269310170e-04,4.273320523143410120e-09,1.041965658328154465e-07,7.146442688533452381e-09,1.817237847084221593e-09,1.156620658144189153e-04,1.307095127902751317e-10,7.044300478697341490e-12,5.972334920417321292e-06,1.057048888303953242e-07,2.766292695561452445e-05,1.010337408378902322e-08,6.868037768980156388e-01,2.626985565784972119e-19,2.579494655861171850e-09,4.925679822096690910e-07,3.392742134556307463e-09,1.033829368341209221e-07
1.372265620000000068e-02,-2.830340290000000203e-01,0.000000000000000000e+00,1.796093620000000101e+03,1.748014390000000029e-01,1.090870675216865648e-01,3.193866255527118281e-02,8.755978738701751807e-01,1.538278124102953734e+04,-1.645659965184228497e+02,2.639621896246988498e-03,2.038124967102196279e-06,4.318375253860138942e-08,9.041622597144630645e-04,9.242988216858328857e-06,1.127537988396867807e-01,8.105782338475208040e-08,4.308171663874646725e-09,9.313953336757432269e-11,1.338110758097475408e-09,8.978371567234561390e-07,3.533431244976171421e-08,7.946150338702172126e-04,3.408283885154105713e-02,4.891443243045351386e-02,9.906728025914625368e-02,9.865780225972844445e-08,5.478021172211354923e-05,9.004709727197114227e-08,7.252267599688733880e-09,1.026611338540365060e-05,1.148676708366812788e-07,1.004761138571431782e-02,2.711311376145060281e-06,2.416989196563527637e-03,5.265959432512865185e-06,3.187364055468209709e-04,1.385867428029575157e-06,7.441505739419674746e-05,2.260693926785747830e-05,2.227618746832773950e-10,3.391444525178047960e-09,8.697165987634379448e-08,1.607144677714963488e-05,7.689649209066865471e-11,1.082613588460741246e-04,4.177827344059969512e-09,1.046931718511473649e-07,7.432492839432489662e-09,1.934465517249579112e-09,1.156086738356277123e-04,1.350689928079590725e-10,7.830183448867052999e-12,6.000103821469059468e-06,1.074676988472025486e-07,2.769585996062205914e-05,1.066994208482948804e-08,6.876012700223692597e-01,2.595084586310311375e-19,2.625138836267580438e-09,4.801498103173235498e-07,3.497847105026764773e-09,1.059713538493300475e-07
1.373437500000000006e-02,-2.849625450000000115e-01,0.000000000000000000e+00,1.800747419999999920e+03,1.744720120000000096e-01,1.080593220390650006e-01,3.197492150448673354e-02,9.152267496328856389e-01,1.510899938499524796e+04,-1.647299615145069254e+02,2.637352365696865510e-03,2.138816846510281954e-06,4.621716742459153693e-08,9.093044195163684689e-04,9.828688753963398105e-06,1.128861148158137040e-01,8.301239836455602253e-08,4.445475412746711398e-09,1.095405548212723592e-10,1.518596257522240854e-09,9.574607194377960325e-07,3.798815213801809406e-08,8.074074636826246345e-04,3.304824734607809955e-02,4.896453622010889933e-02,9.919169323815769934e-02,1.045947498293419964e-07,5.596535880868627798e-05,9.591285654350747896e-08,7.591747777613217084e-09,1.032788818314889977e-05,1.225678328000169166e-07,1.000644878367336343e-02,2.800540415430606013e-06,2.386321766106449822e-03,5.383387161216403687e-06,3.085616174965473326e-04,1.464932437609799535e-06,7.509131767748013653e-05,2.293462036257960912e-05,2.447243926007048792e-10,3.578091224161945245e-09,9.126842575108538302e-08,1.604515027382055094e-05,8.115090806759323789e-11,1.086705158226919344e-04,4.087960803330035443e-09,1.052202818283213794e-07,7.737019447376190187e-09,2.059403706639853309e-09,1.155455058114746199e-04,1.396305617721771546e-10,8.705353405796246204e-12,6.028321120164121856e-06,1.092727588217093066e-07,2.772798665475869543e-05,1.127062288161072053e-08,6.883916798768122680e-01,2.563506545817353164e-19,2.672033085640279894e-09,4.677159752368692360e-07,3.606669444115316918e-09,1.086738378226865223e-07
1.374609369999999983e-02,-2.868929660000000270e-01,0.000000000000000000e+00,1.805403360000000021e+03,1.741431930000000017e-01,1.070407721862770278e-01,3.201086340154984250e-02,9.565846293945514667e-01,1.483864529730636423e+04,-1.648968324401883763e+02,2.634851605005047049e-03,2.244849425744384114e-06,4.949662760616803124e-08,9.146597042660572141e-04,1.045407508018195519e-05,1.130175837857498033e-01,8.505147573876583213e-08,4.589955411298708886e-09,1.289195447556040546e-10,1.723702216732335402e-09,1.020989138064485924e-06,4.083732772258367572e-08,8.201237524452713139e-04,3.202700933928561561e-02,4.901342370708405144e-02,9.931548541172520450e-02,1.109325457897024573e-07,5.718452189159390579e-05,1.021719558063101233e-07,7.948683834931485581e-09,1.038905208030522070e-05,1.307707777520946211e-07,9.962510821113823578e-03,2.891906944517740834e-06,2.354613765536301209e-03,5.500574179572427346e-06,2.985405134340494244e-04,1.548842877063820648e-06,7.578751815632775186e-05,2.326474485589645391e-05,2.695484164890104946e-10,3.779866722834413743e-09,9.579345071840201507e-08,1.601631386963748175e-05,8.565145273762844411e-11,1.090919987931916296e-04,4.003481562410501741e-09,1.057793177994715532e-07,8.061698524717241471e-09,2.192643005843352857e-09,1.154722727810963848e-04,1.444166827262257662e-10,9.680710641648040383e-12,6.056979118517636705e-06,1.111206067893459468e-07,2.775924484737612145e-05,1.190800027742571161e-08,6.891750636935140006e-01,2.532248265199555192e-19,2.720260384843135776e-09,4.552812311369122382e-07,3.719431402948983131e-09,1.114955447886351688e-07
1.375781249999999921e-02,-2.888253590000000037e-01,0.000000000000000000e+00,1.810061989999999923e+03,1.738149340000000043e-01,1.060313676053091098e-01,3.204648551979657339e-02,9.998007596512069606e-01,1.457266085395455957e+04,-1.650720643074519671e+02,2.632111254087171788e-03,2.356599844706086118e-06,5.304723318083361643e-08,9.202402199327535531e-04,1.112239347501442811e-05,1.131482027458215744e-01,8.718157780415352580e-08,4.742127679347187454e-09,1.518510166588787901e-10,1.956954525603857713e-09,1.088715047554288306e-06,4.389767740138736731e-08,8.327588471292735875e-04,3.101917163031790020e-02,4.906104588978826148e-02,9.943869557661888514e-02,1.177042287355868235e-07,5.843861636872230218e-05,1.088551087554656671e-07,8.324306311300108383e-09,1.044954957652591759e-05,1.395118116865978014e-07,9.915698537725172249e-03,2.985460113293401294e-06,2.321867504784109505e-03,5.617439907380868174e-06,2.886782613515072793e-04,1.637954516320465595e-06,7.650391782814003761e-05,2.359692124699139400e-05,2.976611243313279558e-10,3.998341281018044663e-09,1.005623097740947747e-07,1.598481486409138592e-05,9.041595789688775151e-11,1.095263637539577493e-04,3.924164291184677842e-09,1.063717497610443302e-07,8.408389911111221166e-09,2.334832724754984068e-09,1.153886757407885207e-04,1.494534286642647540e-10,1.076866437580905290e-11,6.086067886328132759e-06,1.130117827461280263e-07,2.778956633757294922e-05,1.258491977172898079e-08,6.899514754500789548e-01,2.501306584381013762e-19,2.769910023777617730e-09,4.428599880051502706e-07,3.836378661381880661e-09,1.144419137429153550e-07
1.376953120000000072e-02,-2.907597889999999907e-01,0.000000000000000000e+00,1.814723850000000084e+03,1.734871930000000118e-01,1.050310593165429407e-01,3.208178459591057297e-02,1.045023264156927034e+00,1.430997692905140138e+04,-1.652497696009935453e+02,2.629122715522702082e-03,2.474483545786047113e-06,5.689733120310596682e-08,9.260588454229563620e-04,1.183723237984163541e-05,1.132779668070918455e-01,8.940990304773827076e-08,4.902559711651123873e-09,1.790301966951182659e-10,2.222431346215282425e-09,1.160959908022928571e-06,4.718664731964290515e-08,8.453078195604723328e-04,3.002478424886891387e-02,4.910734981637201318e-02,9.956136433045070788e-02,1.249463497872210471e-07,5.972860309828442201e-05,1.159961618024628580e-07,8.719967815150220874e-09,1.050932518210301147e-05,1.488293157465492368e-07,9.865910823198723034e-03,3.081255164752737459e-06,2.288086966103473202e-03,5.733904430235374828e-06,2.789794965249083741e-04,1.732655327049352581e-06,7.724074936846188127e-05,2.393072615924686519e-05,3.295622554387677843e-10,4.235280312787475636e-09,1.055919948201807868e-07,1.595052357283685115e-05,9.546405023742828557e-11,1.099741918127180673e-04,3.849797753443938138e-09,1.069991038177845229e-07,8.779158745049420527e-09,2.486688575765262197e-09,1.152944078036579191e-04,1.547711357364305386e-10,1.198337927959275249e-11,6.115574979585403446e-06,1.149468268042498501e-07,2.781887585262549637e-05,1.330452277734289514e-08,6.907209698237279927e-01,2.470678375792526854e-19,2.821077525195810173e-09,4.304661732669321667e-07,3.957783303260043050e-09,1.175186837998700699e-07
1.378125000000000010e-02,-2.926963180000000109e-01,0.000000000000000000e+00,1.819389470000000074e+03,1.731599269999999913e-01,1.040397992486025158e-01,3.211675718899297677e-02,1.092424667036404617e+00,1.405150500511362588e+04,-1.654354151911050792e+02,2.625877113670776770e-03,2.598959183735657724e-06,6.107903845277953568e-08,9.321292887532633444e-04,1.260256986962368234e-05,1.134068707266523285e-01,9.174440487886595476e-08,5.071876587775117804e-09,2.113013584906945822e-10,2.524860943914259144e-09,1.238077877015827189e-06,5.072350067773975852e-08,8.577657549325037965e-04,2.904390002999469519e-02,4.915227878152692020e-02,9.968353455973005817e-02,1.326994416801509139e-07,6.105548955283628869e-05,1.236325077020052012e-07,9.137157547976460578e-09,1.056832227452688521e-05,1.587651156173241230e-07,9.813044476347350387e-03,3.179354262336715819e-06,2.253277884568862747e-03,5.849887025899857670e-06,2.694483003505414071e-04,1.833368755580981323e-06,7.799821231199878654e-05,2.426570184151171869e-05,3.658382871182100033e-10,4.492671939171189753e-09,1.109010577326921450e-07,1.591330266164373147e-05,1.008173817569971043e-10,1.104360857338128961e-04,3.780185040888517071e-09,1.076629547404970420e-07,9.176298957882117120e-09,2.649001673615039061e-09,1.151891517223564508e-04,1.604051946133709643e-10,1.334107036784365424e-11,6.145485205187369066e-06,1.169262807181693988e-07,2.784709073287939681e-05,1.407028516608600800e-08,6.914836003332982539e-01,2.440360534117932508e-19,2.873864473073045974e-09,4.181130979922105706e-07,4.083947070156351738e-09,1.207319107089965835e-07
1.379296869999999987e-02,-2.946350059999999771e-01,0.000000000000000000e+00,1.824059340000000020e+03,1.728330999999999895e-01,1.030575406035958014e-01,3.215139947003026882e-02,1.142210822580929985e+00,1.379621654949963158e+04,-1.656227600095680828e+02,2.622365288605062357e-03,2.730534218547523137e-06,6.562888576508946254e-08,9.384661725007934852e-04,1.342283039285987626e-05,1.135349079396063970e-01,9.419388144989462284e-08,5.250767857206912615e-09,2.496935728671783234e-10,2.869739808473473996e-09,1.320460319297595972e-06,5.452956707099361338e-08,8.701276225371453680e-04,2.807657518506498015e-02,4.919577197383086242e-02,9.980525184690972051e-02,1.410085579249920829e-07,6.242033166679621570e-05,1.318055989298875198e-07,9.577518154905347357e-09,1.062648299434736373e-05,1.693649359099082135e-07,9.756994304809876728e-03,3.279826968255333338e-06,2.217447688820453362e-03,5.965304306826824048e-06,2.600881888616490378e-04,1.940557298967742342e-06,7.877646705809575041e-05,2.460135458691358671e-05,4.071797187834053245e-10,4.772758677461185295e-09,1.165097599380239545e-07,1.587300699155653279e-05,1.064998949433485887e-10,1.109126769410012582e-04,3.715143648023771197e-09,1.083649329423564960e-07,9.602359114892133793e-09,2.822649188498523547e-09,1.150725789387884416e-04,1.663970129114869858e-10,1.486036639209519626e-11,6.175780376714862969e-06,1.189506869367255208e-07,2.787412028517267557e-05,1.488606209208152741e-08,6.922394196317710469e-01,2.410350028717841504e-19,2.928378038442282556e-09,4.058133387841321656e-07,4.215205067757768674e-09,1.240879799339927865e-07
1.380468749999999925e-02,-2.965759060000000003e-01,0.000000000000000000e+00,1.828733950000000050e+03,1.725066759999999977e-01,1.020842374156887555e-01,3.218570783982967892e-02,1.194636869592848205e+00,1.354498215220244310e+04,-1.658173688207520229e+02,2.618577753945573912e-03,2.869771223364788229e-06,7.058865493679163889e-08,9.450851058148642715e-04,1.430295906693005960e-05,1.136620737372013856e-01,9.676806817626209547e-08,5.439995557422160590e-09,2.954660493168515358e-10,3.263478682454495821e-09,1.408541376743304764e-06,5.862854116444467477e-08,8.823880749598263327e-04,2.712286933728908292e-02,4.923776358615713361e-02,9.992656346895931185e-02,1.499239296533601809e-07,6.382423215243169558e-05,1.405615836750069161e-07,1.004286567677984199e-08,1.068374677529805717e-05,1.806789885822512774e-07,9.697653017578010751e-03,3.382749652178728545e-06,2.180605514958211880e-03,6.080067005942248010e-06,2.509020954198880869e-04,2.054726295249257851e-06,7.957562561601282136e-05,2.493715184234269374e-05,4.544022079493744632e-10,5.078073788258961569e-09,1.224402347169053717e-07,1.582948226340058089e-05,1.125381187398000888e-10,1.114046227424208418e-04,3.654505541550400352e-09,1.091067217477338249e-07,1.006016967673983329e-08,3.008607873043783777e-09,1.149443487342366270e-04,1.727951746004794676e-10,1.656278896170509817e-11,6.206438885650062965e-06,1.210205897201877254e-07,2.789986453549259126e-05,1.575613836357015854e-08,6.929884783977380280e-01,2.380643794495702431e-19,2.984730053098991536e-09,3.935786140900050421e-07,4.351929229937883665e-09,1.275936257049901679e-07
1.381640620000000076e-02,-2.985190699999999975e-01,0.000000000000000000e+00,1.833413739999999962e+03,1.721806250000000038e-01,1.011198452867675263e-01,3.221967740879781023e-02,1.250043203917425183e+00,1.329681095583351453e+04,-1.660128170119875506e+02,2.614504715523698584e-03,3.017295154834080433e-06,7.600658866986890048e-08,9.520027933700732749e-04,1.524852507389295526e-05,1.137883578051826217e-01,9.947773552968387840e-08,5.640404580343046497e-09,3.501658594004800218e-10,3.713603543641928719e-09,1.502804897427043426e-06,6.304686269205728231e-08,8.945412184684533967e-04,2.618284625517227140e-02,4.927818341563067889e-02,1.000475208287083528e-01,1.595018947269163503e-07,6.526834068825387955e-05,1.499521837432664287e-07,1.053521718196262310e-08,1.074004948161192869e-05,1.927628216699702151e-07,9.634911413504041247e-03,3.488201534027840034e-06,2.142762226331370191e-03,6.194075129395105725e-06,2.418923735858553739e-04,2.176427856273731263e-06,8.039574286235422315e-05,2.527251995673084696e-05,5.084724671294427141e-10,5.411483360734983565e-09,1.287166517796238468e-07,1.578256537297862338e-05,1.189615127963256537e-10,1.119126098083940971e-04,3.598117343839652999e-09,1.098900578118569080e-07,1.055287148193239912e-08,3.207972634507620626e-09,1.148041098034435531e-04,1.796568706924089729e-10,1.847350876837145179e-11,6.237435559320868486e-06,1.231365337891775789e-07,2.792421385219087134e-05,1.668528537143307452e-08,6.937308288122614464e-01,2.351238855974437238e-19,3.043035324790010304e-09,3.814197053469701844e-07,4.494530312304902095e-09,1.312559427752763085e-07
1.382812500000000014e-02,-3.004645409999999739e-01,0.000000000000000000e+00,1.838099130000000059e+03,1.718549209999999938e-01,1.001643206443735140e-01,3.225330389771522560e-02,1.308924993698798334e+00,1.292614610153838476e+04,-1.663158613333416156e+02,2.610135967126931897e-03,3.173801226506485897e-06,8.193945150980636517e-08,9.592371249441340774e-04,1.626588128209557248e-05,1.139137538746111400e-01,1.023347708873565287e-07,5.852938213557465941e-09,4.157013545424229785e-10,4.229191995344779889e-09,1.603792958234648958e-06,6.781428452535443638e-08,9.065802620020952957e-04,2.525657397219920400e-02,4.931695534571509804e-02,1.001681758897413760e-01,1.698069908130874897e-07,6.675384742652169876e-05,1.600359698238427845e-07,1.105684958782933700e-08,1.079532108811721248e-05,2.056786197736023302e-07,9.568658279467442962e-03,3.596249316041482313e-06,2.103930387684129974e-03,6.307208063057435256e-06,2.330607937434617943e-04,2.306264477461414045e-06,8.123680371057979792e-05,2.560683847181365275e-05,5.705396913719870353e-10,5.776234513641895962e-09,1.353653728509985910e-07,1.573208268268314666e-05,1.258028748615243626e-10,1.124373588762362584e-04,3.545840396096968911e-09,1.107167298781302078e-07,1.108394388779951495e-08,3.421986086233299742e-09,1.146514968737990874e-04,1.870497167941078190e-10,2.062278407729977963e-11,6.268741053099776627e-06,1.252990528620789449e-07,2.794704726923770337e-05,1.767881978054030591e-08,6.944665202355763123e-01,2.322132247443947477e-19,3.103406306583972001e-09,3.693463995934475044e-07,4.643448604888793442e-09,1.350823948513100580e-07
1.385156249999999929e-02,-3.043625690000000272e-01,0.000000000000000000e+00,1.847487609999999904e+03,1.712044580000000038e-01,9.828010407996816411e-02,3.231950233638468395e-02,1.433860539970436943e+00,1.245239522461809247e+04,-1.667234986666588554e+02,2.600483097079157434e-03,3.516005656050849996e-06,9.554982699267917339e-08,9.747044629052195380e-04,1.853693587917945807e-05,1.141618188717743315e-01,1.085260978781043356e-07,6.317283282904476862e-09,5.861752673416124875e-10,5.493899353829294942e-09,1.827612607947239882e-06,7.850011391182928137e-08,9.302877129551080562e-04,2.344575597366591047e-02,4.938931644452630720e-02,1.004086728872217588e-01,1.928241367834214317e-07,6.985108362154380450e-05,1.824654817950561841e-07,1.219550248630210815e-08,1.090252118775437358e-05,2.341943427369547514e-07,9.425381679413483843e-03,3.820032275709369906e-06,2.023385207727349585e-03,6.530300812665217277e-06,2.159383287574597507e-04,2.592138487088530282e-06,8.298044990679700680e-05,2.627009627049363267e-05,7.226258531883523022e-10,6.610303882575358729e-09,1.498590738316794615e-07,1.561994078245580459e-05,1.408517228417964375e-10,1.135388478724740492e-04,3.453212486121378685e-09,1.125042478736361035e-07,1.227180238621640707e-08,3.897932735621871783e-09,1.143083098716097938e-04,2.036576847712532819e-10,2.574247627108625173e-11,6.332151592887776785e-06,1.297630828542511255e-07,2.798778026856434410e-05,1.987487677767669621e-08,6.959177882183505970e-01,2.264816007456176310e-19,3.230509816371516272e-09,3.454914956119466046e-07,4.961139684427685972e-09,1.432451138391082091e-07
1.387500000000000018e-02,-3.082701509999999923e-01,0.000000000000000000e+00,1.856902370000000019e+03,1.705552009999999896e-01,9.643073864907134030e-02,3.238426491452041367e-02,1.575267347275264740e+00,1.199146809665068031e+04,-1.671332266666722717e+02,2.589517156120524008e-03,3.904237234150881129e-06,1.120714178321006055e-07,9.916803555143176296e-04,2.118518026826149436e-05,1.144062078286027379e-01,1.154806568269930574e-07,6.843546749747364366e-09,8.335881577511628723e-10,7.165392249265192404e-09,2.085872326875057876e-06,9.100671316365861733e-08,9.534559485715832314e-04,2.169064436750423736e-02,4.945405292591058266e-02,1.006486908492135179e-01,2.196771196708914902e-07,7.312848689044280774e-05,2.084840136876604128e-07,1.348326727980009050e-08,1.100462868351345488e-05,2.668775226001783527e-07,9.266751086117049410e-03,4.055477343924300185e-06,1.939091647094956603e-03,6.748421689889875721e-06,1.995307137010737537e-04,2.919025115626872641e-06,8.480542837294903643e-05,2.692065575966891351e-05,9.256136276132951545e-10,7.618958998585683708e-09,1.662133257509880884e-07,1.549123977679185414e-05,1.580507057632168808e-10,1.147165478281377975e-04,3.375655324942773642e-09,1.144869598284817560e-07,1.366465297952834906e-08,4.450025153333210193e-09,1.139111038293444828e-04,2.234885996651813166e-10,3.226980955165510151e-11,6.396331700417357983e-06,1.344187797986209907e-07,2.802073205802083712e-05,2.240442796643488423e-08,6.973430909552779111e-01,2.208653096691113978e-19,3.367202324955437745e-09,3.220650365174994020e-07,5.310565222043995969e-09,1.521592427720431457e-07
1.389843749999999933e-02,-3.121873359999999820e-01,0.000000000000000000e+00,1.866344920000000002e+03,1.699071299999999896e-01,9.461592320934844591e-02,3.244753853919904452e-02,1.735054248803517440e+00,1.165864008770416331e+04,-1.674341863858441002e+02,2.577140925816830651e-03,4.347264752943597149e-06,1.323076327852405813e-07,1.010363138359996653e-03,2.428972386057335012e-05,1.146468128139073311e-01,1.233507527997792597e-07,7.443378087918040957e-09,1.195396818059652997e-09,9.387312764762680366e-09,2.385012486128689939e-06,1.057014338284273098e-07,9.760037154157681031e-04,1.999195556754941247e-02,4.951030881963574409e-02,1.008887918362391112e-01,2.511879195922762307e-07,7.659683387566937124e-05,2.387956166123911886e-07,1.494752617573743979e-08,1.110075588198144948e-05,3.044269615058595848e-07,9.091816115242325191e-03,4.303630813014422895e-06,1.851206496995154438e-03,6.960146538702413625e-06,1.838288927016122056e-04,3.294026394653194922e-06,8.670808625925697729e-05,2.755177445527844893e-05,1.198933708053912127e-09,8.847164845639439828e-09,1.847363077001392983e-07,1.534416037509363137e-05,1.778161087113720586e-10,1.159775638117472804e-04,3.312603884623040306e-09,1.166809458106055642e-07,1.530764857515289827e-08,5.093613001732137582e-09,1.134563468158396706e-04,2.476535815980131044e-10,4.063904223403542969e-11,6.460862569512842352e-06,1.392701947739390775e-07,2.804442505447878452e-05,2.533400975887828440e-08,6.987427918658131176e-01,2.153620936504280669e-19,3.514188584295831530e-09,2.990974835145102584e-07,5.697262330752305122e-09,1.618979827372100690e-07
1.391015620000000085e-02,-3.141494470000000261e-01,0.000000000000000000e+00,1.871076839999999947e+03,1.695835870000000078e-01,9.372120065284121615e-02,3.247859768998411639e-02,1.826517723836667884e+00,1.143625891195848635e+04,-1.676309007748312183e+02,2.570381716835076595e-03,4.593486344344017938e-06,1.442116398224315191e-07,1.020437948743529825e-03,2.605043096792397558e-05,1.147656608586884869e-01,1.277039028427575800e-07,7.776421500424854828e-09,1.441109808225554465e-09,1.077200068673638453e-08,2.552958446856529655e-06,1.140353148595877648e-07,9.870024817846992198e-04,1.916397867640329961e-02,4.953486773900747653e-02,1.010091578756269343e-01,2.690640926687000824e-07,7.840765560345627186e-05,2.558946306849157221e-07,1.575827618059675812e-08,1.114613738627570561e-05,3.253592615993836108e-07,8.997803888920961543e-03,4.433253394541313874e-06,1.805964157776307607e-03,7.062941141303366349e-06,1.762340137830021853e-04,3.502902155686859694e-06,8.768667919203097273e-05,2.785724216569924119e-05,1.372633738309869374e-09,9.565826108221551842e-09,1.949527027599537943e-07,1.526290398120671411e-05,1.888537897674634285e-10,1.166426128563773941e-04,3.286419445953416045e-09,1.178642828548731302e-07,1.624475297999775856e-08,5.457011433280755803e-09,1.132057198606092435e-04,2.619654156774407308e-10,4.572882484369387086e-11,6.493070732005050707e-06,1.417721508254352701e-07,2.805210636545930574e-05,2.698150606677754079e-08,6.994333061387842942e-01,2.126515547381611108e-19,3.591841675577348072e-09,2.877829516456514574e-07,5.907684202725839818e-09,1.671100897942365341e-07
1.392187500000000022e-02,-3.161138800000000137e-01,0.000000000000000000e+00,1.875815700000000106e+03,1.692603860000000127e-01,9.283504475134596312e-02,3.250925900556656672e-02,1.924198021788690927e+00,1.121718244276904079e+04,-1.678248440526682543e+02,2.563228135504568364e-03,4.857813011480287346e-06,1.574954917237818211e-07,1.031032688191757789e-03,2.796616805095247663e-05,1.148835077985154163e-01,1.323626957678601267e-07,8.133679755735018448e-09,1.740723516947090524e-09,1.237743877829224443e-08,2.734329385204488146e-06,1.231002927841046835e-07,9.977904822500585982e-04,1.835049286781660627e-02,4.955690171308629183e-02,1.011297968226368971e-01,2.885269974939766074e-07,8.027040565922043700e-05,2.744212295187155683e-07,1.662660657083998512e-08,1.118952528037562733e-05,3.478501203899347339e-07,8.899325964392214988e-03,4.566495571991205104e-06,1.759891346913473832e-03,7.163205177437052820e-06,1.688080777039416161e-04,3.727199503463176323e-06,8.868199284446807095e-05,2.815482985062159836e-05,1.575851367236246052e-09,1.036303198182514473e-08,2.058549006389682975e-07,1.517623547338366770e-05,2.007425356479344441e-10,1.173316267942218637e-04,3.263783234275923430e-09,1.191069767911082335e-07,1.726659816971755569e-08,5.851160039738139908e-09,1.129391218019255172e-04,2.780298885123865955e-10,5.152539530963391719e-11,6.525154168556077539e-06,1.443248377468807324e-07,2.805674805079361465e-05,2.876304704955489757e-08,7.001175247721224126e-01,2.099814576317310718e-19,3.672124623559767461e-09,2.765826655149247603e-07,6.130179439248790558e-09,1.725595116973623092e-07
1.393359370000000000e-02,-3.180805689999999797e-01,0.000000000000000000e+00,1.880561310000000049e+03,1.689375620000000133e-01,9.195742511795675089e-02,3.253951230229711750e-02,2.029204879284818741e+00,1.100057259793134472e+04,-1.680083284978089466e+02,2.555664668471461804e-03,5.142097986924521606e-06,1.723732748969038838e-07,1.042183509376672047e-03,3.005492658202420914e-05,1.150003309312185307e-01,1.373586739178460507e-07,8.517560744905664612e-09,2.107663798739410775e-09,1.424390819148074665e-08,2.930456658247299578e-06,1.329737679204686510e-07,1.008337869396915129e-03,1.755163198950240519e-02,4.957625447034853805e-02,1.012508029394420944e-01,3.097604058147329099e-07,8.218626715084455280e-05,2.945249748238452187e-07,1.755809648949853857e-08,1.123069219328294612e-05,3.720416957774825914e-07,8.796255724738978252e-03,4.703436257186884542e-06,1.713015648975448708e-03,7.260439285657545823e-06,1.615470889033790197e-04,3.968252337626595993e-06,8.969255824635506127e-05,2.844339678298806292e-05,1.814461818914773984e-09,1.124897509327201136e-08,2.174979498699149138e-07,1.508385109097837975e-05,2.135706208722638314e-10,1.180457409293970858e-04,3.244697058059353123e-09,1.204111319279823549e-07,1.838198588900576966e-08,6.279464206244265098e-09,1.126559799326206827e-04,2.961704438228610241e-10,5.814689676522245729e-11,6.557024136078256906e-06,1.469287819121221929e-07,2.805806048321852925e-05,3.069289248164264149e-08,7.007954895808555795e-01,2.073385188759912399e-19,3.754926727754185292e-09,2.654930288412091750e-07,6.365827526192610567e-09,1.782566828933850160e-07
1.394531249999999938e-02,-3.200494249999999985e-01,0.000000000000000000e+00,1.885313339999999926e+03,1.686151620000000129e-01,9.108831302999849389e-02,3.256934628663599868e-02,2.142555001952877181e+00,1.078710349180997036e+04,-1.681847815884065085e+02,2.547674896778648508e-03,5.448407113110880925e-06,1.890937797609045243e-07,1.053929888667381326e-03,3.233683415911239964e-05,1.151161038544439574e-01,1.427272158195316839e-07,8.930729258707734859e-09,2.558778046764609104e-09,1.641876227923965754e-08,3.142797176026159055e-06,1.437411318182496711e-07,1.018609518712041600e-03,1.676754117879864989e-02,4.959275473729352762e-02,1.013722808718220264e-01,3.329693575789841763e-07,8.415631629359038432e-05,3.163700805999727519e-07,1.855883177653369031e-08,1.126937358575068660e-05,3.980883274966459160e-07,8.688465269014060410e-03,4.844178823874883472e-06,1.665366517894263871e-03,7.354065740701312204e-06,1.544465098047134775e-04,4.227516134654609982e-06,9.071660348529537695e-05,2.872173266368343046e-05,2.095574747350296373e-09,1.223521338452945300e-08,2.299408167092563697e-07,1.498542748105200420e-05,2.274366797124226611e-10,1.187861598498034352e-04,3.229180295916933411e-09,1.217788398460194125e-07,1.960062667521641458e-08,6.745725271470515631e-09,1.123556848579343107e-04,3.167750855994606755e-10,6.572932581689000119e-11,6.588581771669211885e-06,1.495845218108611285e-07,2.805572306452555639e-05,3.278700545854319114e-08,7.014672401130450652e-01,2.047224677411431419e-19,3.840070765144506749e-09,2.545090586781915850e-07,6.615842801634741990e-09,1.842121127670770254e-07
1.395703119999999915e-02,-3.220203320000000202e-01,0.000000000000000000e+00,1.890071359999999913e+03,1.682932450000000080e-01,9.022768227587626977e-02,3.259874870690626647e-02,2.265277835794892169e+00,1.057596098113165317e+04,-1.683462470559956046e+02,2.539241397732713759e-03,5.779044084839896162e-06,2.079504918143211836e-07,1.066315059047888295e-03,3.483461016889620893e-05,1.152307978971105207e-01,1.485078858673974475e-07,9.376142881628050529e-09,3.115312567218340225e-09,1.895854648307193133e-08,3.372945206988300055e-06,1.554968428611569986e-07,1.028563829081596262e-03,1.599837878571506306e-02,4.960621575570665215e-02,1.014943429093757982e-01,3.583853136799981161e-07,8.618147202304863880e-05,3.401373416962916981e-07,1.963548848246748870e-08,1.130526168990554200e-05,4.261579706194839455e-07,8.575825822342652768e-03,4.988813005545493504e-06,1.616975438556204252e-03,7.443403683353791772e-06,1.475013578682961637e-04,4.506574125976084586e-06,9.175201001807471995e-05,2.898855027411615065e-05,2.427825207832196854e-09,1.333484738809332664e-08,2.432462387828056909e-07,1.488062128671310752e-05,2.424510067835157120e-10,1.195541558932502004e-04,3.217271057127301576e-09,1.232121648899839675e-07,2.093315698130880188e-08,7.254214353522718683e-09,1.120375838999617454e-04,3.403104876961370723e-10,7.443214373353960350e-11,6.619717224089261313e-06,1.522925948640180842e-07,2.804938197495473356e-05,3.506323906869207027e-08,7.021328133730663223e-01,2.021330348195155945e-19,3.927282516493332986e-09,2.436246887824677741e-07,6.881554553855465969e-09,1.904362278299596763e-07
1.396875000000000026e-02,-3.239931480000000086e-01,0.000000000000000000e+00,1.894834749999999985e+03,1.679718819999999890e-01,8.937550869806777654e-02,3.262770611469447551e-02,2.398465681934404348e+00,1.036778105651430997e+04,-1.684955669144213743e+02,2.530345636194061658e-03,6.136577150769864170e-06,2.292920436551177111e-07,1.079386468376475512e-03,3.757399734348427578e-05,1.153443818265084408e-01,1.547448667672454518e-07,9.857082235173785862e-09,3.804149374278110119e-09,2.193097406701322797e-08,3.622642424551118173e-06,1.683452697467888605e-07,1.038151528438497565e-03,1.524431737707074991e-02,4.961643262537102778e-02,1.016171078471558853e-01,3.862700534190042870e-07,8.826243586724288187e-05,3.660257394494541090e-07,2.079538166872129292e-08,1.133799828294631286e-05,4.564335303134701766e-07,8.458207857277856914e-03,5.137395242272750998e-06,1.567876187641729360e-03,7.527649528677527916e-06,1.407062977883611265e-04,4.807144512769487716e-06,9.279626416042347241e-05,2.924247955601586146e-05,2.821729405755786314e-09,1.456271157809596471e-08,2.574804696127190245e-07,1.476906787778557988e-05,2.587369226108291420e-10,1.203510838189777733e-04,3.209027225173244269e-09,1.247131248124167352e-07,2.239115416632106473e-08,7.809742518253226587e-09,1.117009698319885666e-04,3.673388654474790225e-10,8.444330937298730440e-11,6.650308609997151625e-06,1.550535257667812118e-07,2.803864555782657067e-05,3.754155144353307853e-08,7.027922469429175312e-01,1.995699536998232478e-19,4.016166163959212377e-09,2.328330836497915725e-07,7.164408849223883853e-09,1.969391887037802548e-07
1.398046870000000004e-02,-3.259676970000000007e-01,0.000000000000000000e+00,1.899602750000000015e+03,1.676511619999999925e-01,8.853177120691005375e-02,3.265620343032819145e-02,2.543293865070771265e+00,1.016176656518366144e+04,-1.686240058709192624e+02,2.520967866901463635e-03,6.523867471981477163e-06,2.535344956883793034e-07,1.093196348656346037e-03,4.058421595011770856e-05,1.154568188580913646e-01,1.614874548015148537e-07,1.037718078724534870e-08,4.659374064273136981e-09,2.541721356875955927e-08,3.893785005214126985e-06,1.824014237758093538e-07,1.047314528712739749e-03,1.450554578217115066e-02,4.962318063900786336e-02,1.017407078749499177e-01,4.169196774875616373e-07,9.039962428888931442e-05,3.942536825154205433e-07,2.204650207290251994e-08,1.136716748602854860e-05,4.891138073988274844e-07,8.335481589754811446e-03,5.289933013498113142e-06,1.518105108134088334e-03,7.605859670651594410e-06,1.340557618352312963e-04,5.131088093693350460e-06,9.384640588465284180e-05,2.948206266376342990e-05,3.290119035956096039e-09,1.593557758041349029e-08,2.727128856648070382e-07,1.465038088199313252e-05,2.764322256602355386e-10,1.211783798510589568e-04,3.204527936061296197e-09,1.262836588447840462e-07,2.398713997051726791e-08,8.417733979653715305e-09,1.113450788631451254e-04,3.985379965101546546e-10,9.598465498202471241e-11,6.680221031789302318e-06,1.578678228059637449e-07,2.802308096555667315e-05,4.024423885053557673e-08,7.034455741353911051e-01,1.970329577578256708e-19,4.106178514953072475e-09,2.221270047269824406e-07,7.465973310823529517e-09,2.037306437495934948e-07
1.399218749999999942e-02,-3.279437680000000244e-01,0.000000000000000000e+00,1.904374420000000100e+03,1.673311869999999923e-01,8.769645145345333903e-02,3.268422403667736731e-02,2.701029988856360031e+00,9.958521901670059378e+03,-1.687335625965365580e+02,2.511087016223342936e-03,6.944098529556125617e-06,2.811762905771128978e-07,1.107802278333873056e-03,4.389845763397702441e-05,1.155680688261864347e-01,1.687906017461401275e-07,1.094045438354563387e-08,5.724262571390749840e-09,2.951459735561025634e-08,4.188426503700636536e-06,1.977915327025229308e-07,1.055984668411806418e-03,1.378227007927156425e-02,4.962621252536252719e-02,1.018652828467953297e-01,4.506688983221971165e-07,9.259308596074065434e-05,4.250598613607129456e-07,2.339753986481026375e-08,1.139228898286607787e-05,5.244140392112849663e-07,8.207517317655952868e-03,5.446368061808700616e-06,1.467701477792587254e-03,7.676934208453945000e-06,1.275440698081746190e-04,5.480415561757493187e-06,9.489897325727262396e-05,2.970574805532276484e-05,3.848670554211626771e-09,1.747236637372168315e-08,2.890154035653228422e-07,1.452415237815577830e-05,2.956907345552832554e-10,1.220375738164563434e-04,3.203874985181394709e-09,1.279256028076007998e-07,2.573456486129539569e-08,9.084304516337270329e-09,1.109690778331032989e-04,4.347247913461770046e-10,1.093179898355865247e-10,6.709305419909252324e-06,1.607359567582542495e-07,2.800220895788487366e-05,4.319618283503324681e-08,7.040928289410494090e-01,1.945217837074405917e-19,4.196600923688342235e-09,2.114992456819066226e-07,7.787940848286991829e-09,2.108194216829290705e-07
1.400390619999999919e-02,-3.299211060000000195e-01,0.000000000000000000e+00,1.909148599999999988e+03,1.670120780000000082e-01,8.686953453031993899e-02,3.271174964934348006e-02,2.873037322098521695e+00,9.757261866699089296e+03,-1.688147250571558118e+02,2.500680575179262208e-03,7.400806325732944714e-06,3.128167393969611378e-07,1.123267887834597349e-03,4.755443200832597554e-05,1.156780867769992144e-01,1.767155056593330766e-07,1.155132977773168869e-08,7.053792536401907481e-09,3.433981793380071242e-08,4.508775681308115131e-06,2.146533875861975527e-07,1.064082527948693275e-03,1.307471527479495133e-02,4.962525600433390083e-02,1.019909868033847949e-01,4.878956370594491896e-07,9.484240541716561592e-05,4.587035921157248224e-07,2.485789175207969192e-08,1.141280957799872356e-05,5.625659729155020490e-07,8.074186144434822299e-03,5.606556989191844884e-06,1.416707857268912447e-03,7.739602565079822975e-06,1.211655827664205793e-04,5.857294098708481436e-06,9.594994321503054729e-05,2.991188444233675654e-05,4.516548701293130707e-09,1.919436656299767084e-08,3.064616664092122719e-07,1.438995247225947567e-05,3.166838823895061581e-10,1.229302947630186169e-04,3.207194663817264863e-09,1.296406507500825787e-07,2.764776424670145744e-08,9.816346471076337455e-09,1.105720537868424636e-04,4.768827570806795463e-10,1.247520747595066441e-10,6.737397327011845131e-06,1.636583476845042755e-07,2.797550004606965790e-05,4.642510691050305284e-08,7.047340406414346337e-01,1.920361676297983687e-19,4.286509391736593617e-09,2.009431406126277822e-07,8.132131284323117645e-09,2.182131445793351619e-07
1.401562500000000031e-02,-3.318994120000000048e-01,0.000000000000000000e+00,1.913923890000000029e+03,1.666939769999999932e-01,8.605100919773098211e-02,3.273875975963504853e-02,3.060770650052640818e+00,9.558550637315851418e+03,-1.688688165069554543e+02,2.489724476998931690e-03,7.897909780480005652e-06,3.491789825791061231e-07,1.139663708626270254e-03,5.159497143780837636e-05,1.157868218604326954e-01,1.853302227766063570e-07,1.221467138527665990e-08,8.717803689491720181e-09,4.003266965174536097e-08,4.857187234145236416e-06,2.331363927189816792e-07,1.071516318708414049e-03,1.238312638507360793e-02,4.962001114018895626e-02,1.021179838769088605e-01,5.290258573623219688e-07,9.714658828290128256e-05,4.954644754027761817e-07,2.643764616813255053e-08,1.142809558622478368e-05,6.038173482721696637e-07,7.935360640434863805e-03,5.770248453044649374e-06,1.365170648354448440e-03,7.792411880607170188e-06,1.149148688614837416e-04,6.264053022449425447e-06,9.699466898308440992e-05,3.009871446371956293e-05,5.317185203590762955e-09,2.112545117453577140e-08,3.251259576080991393e-07,1.424732988282653107e-05,3.396023595906495769e-10,1.238582778507035104e-04,3.214639816125132391e-09,1.314303148415763416e-07,2.974187916414968829e-08,1.062162028719689565e-08,1.101529998672236017e-04,5.261935493657360155e-10,1.426505218280516888e-10,6.764315681846418214e-06,1.666353387991408224e-07,2.794236836631878608e-05,4.996183873977691950e-08,7.053692391497609071e-01,1.895758477714887761e-19,4.374743784726763982e-09,1.904531577704312896e-07,8.500489769753665083e-09,2.259177437276829006e-07
1.402734370000000008e-02,-3.338783350000000261e-01,0.000000000000000000e+00,1.918698650000000043e+03,1.663770460000000007e-01,8.524086847851623794e-02,3.276523209068301495e-02,3.265766813656734602e+00,9.361617889044173353e+03,-1.688849540908688311e+02,2.478193006751568984e-03,8.439740508937135062e-06,3.911386084872929990e-07,1.157068018483307795e-03,5.606869832650479600e-05,1.158942188480851232e-01,1.947103117447724770e-07,1.293580408304366557e-08,1.080495098583680252e-08,4.676037933870619620e-08,5.236143653136429477e-06,2.534011586678401605e-07,1.078180788586713922e-03,1.170776988465337988e-02,4.961014593497070635e-02,1.022464548659746952e-01,5.745385382468912564e-07,9.950392636956962179e-05,5.356411472978781701e-07,2.814753716310402869e-08,1.143742468500775082e-05,6.484306101500330197e-07,7.790915869787617618e-03,5.937056932217668331e-06,1.313140558278726817e-03,7.833719539731511100e-06,1.087868898574014540e-04,6.703187891213419114e-06,9.802781367150452450e-05,3.026436706032927540e-05,6.279215231769164593e-09,2.329228456946832596e-08,3.450817755476646074e-07,1.409581318152311829e-05,3.646577465220043085e-10,1.248233738363807230e-04,3.226392195770824403e-09,1.332958798252749099e-07,3.203273185801129164e-08,1.150885228491412310e-08,1.097108028561903751e-04,5.840724972343941048e-10,1.634405977857610253e-10,6.789861371099806471e-06,1.696671567775992114e-07,2.790216666342566301e-05,5.384057012942543732e-08,7.059984480745726820e-01,1.871405627546949535e-19,4.459878064153964294e-09,1.800255627640213621e-07,8.895081188340271183e-09,2.339368536933541004e-07
1.403906249999999946e-02,-3.358574639999999945e-01,0.000000000000000000e+00,1.923470939999999928e+03,1.660614729999999872e-01,8.443910992865752418e-02,3.279114138857594507e-02,3.489632341472456822e+00,9.166993262189658708e+03,-1.688635258177132528e+02,2.466058658589205879e-03,9.031071154833463473e-06,4.397594257484204125e-07,1.175567959327475723e-03,6.103075656508524208e-05,1.160002139336380744e-01,2.049394858827572686e-07,1.372052979215069614e-08,1.342761089231826936e-08,5.472254806869407547e-08,5.648225456768737028e-06,2.756185388423228811e-07,1.083956389379885175e-03,1.104893419367907609e-02,4.959529377162729541e-02,1.023765939414319343e-01,6.249706246424639068e-07,1.019118419416978046e-04,5.795488216684490565e-07,2.999885788283811543e-08,1.143997859345536439e-05,6.966806236014397135e-07,7.640730575628856304e-03,6.106433046506603959e-06,1.260673259278788242e-03,7.861691955502446584e-06,1.027772119412027424e-04,7.177362585893941846e-06,9.904328324333886520e-05,3.040684908260471201e-05,7.437594725745066821e-09,2.572450648528340498e-08,3.664000487903882152e-07,1.393491259202805132e-05,3.920841197756947307e-10,1.258275609280159904e-04,3.242665188144921133e-09,1.352383459226322166e-07,3.453664728024211797e-08,1.248783779285590108e-08,1.092442179375030590e-04,6.522076036268820923e-10,1.876228448926638562e-10,6.813815846101920910e-06,1.727538689011701686e-07,2.785418068406505539e-05,5.809910786676239668e-08,7.066216915957526101e-01,1.845368918944292807e-19,4.540193947402624992e-09,1.696591599029406076e-07,9.318079614669270635e-09,2.422710738614004651e-07
1.405078119999999924e-02,-3.378363249999999929e-01,0.000000000000000000e+00,1.928238489999999956e+03,1.657474730000000063e-01,8.364573605519727562e-02,3.281645976721157126e-02,3.734025255491012718e+00,8.973913395943984142e+03,-1.687925384851540684e+02,2.453292078377809163e-03,9.677140833601183601e-06,4.963382726718062236e-07,1.195260669209657596e-03,6.654360785599935696e-05,1.161047359232280501e-01,2.161102618571013513e-07,1.457513529036248057e-08,1.672790988893899912e-08,6.415668815757767161e-08,6.096067005969096768e-06,2.999678838016522064e-07,1.088708579280112890e-03,1.040693019311862352e-02,4.957504806721947654e-02,1.025086149322182033e-01,6.809216965497539726e-07,1.043667069309895870e-04,6.275152755850679537e-07,3.200332087883843376e-08,1.143483609243894119e-05,7.488511135048369830e-07,7.484688675050897751e-03,6.277630775849041452e-06,1.207830069201346274e-03,7.874311364793268667e-06,9.688222543593855119e-05,7.689408854915530546e-06,1.000341559338543957e-04,3.052403647981658484e-05,8.834919914158084885e-09,2.845487658118477714e-08,3.891469257426842881e-07,1.376412209089874721e-05,4.221395387208685496e-10,1.268729489161077599e-04,3.263706997841938275e-09,1.372583689092406438e-07,3.727021217535580837e-08,1.356954789102740470e-08,1.087518509280899968e-04,7.326007675155822111e-10,2.157813028573189048e-10,6.835939465479870811e-06,1.758953138836927168e-07,2.779762218161937456e-05,6.277910325848855378e-08,7.072389885323522307e-01,1.819596708796827696e-19,4.613661106949308427e-09,1.593560618946289699e-07,9.771751243538623272e-09,2.509170678340860232e-07
1.406250000000000035e-02,-3.398143710000000040e-01,0.000000000000000000e+00,1.932998679999999922e+03,1.654352900000000126e-01,8.286075516992295886e-02,3.284115666022201230e-02,4.000628962321482796e+00,8.782865387774640112e+03,-1.686707569952325514e+02,2.439861948198343827e-03,1.038367639233243006e-05,5.624612495846643328e-07,1.216254709101886747e-03,7.267788964633280766e-05,1.162077079141892871e-01,2.283245828313993334e-07,1.550638878854969103e-08,2.088504278457795382e-08,7.534427804436387223e-08,6.582294435139467253e-06,3.266343357588049460e-07,1.092287529193427306e-03,9.782091562776656576e-03,4.954895816341179510e-02,1.026427459242060108e-01,7.430580334513071444e-07,1.068636329210891924e-04,6.798748834979631430e-07,3.417285287476590128e-08,1.142096789156646778e-05,8.052295404053981646e-07,7.322681154592747613e-03,6.449672205237398904e-06,1.154678619147356125e-03,7.869393304189040654e-06,9.109938273272989782e-05,8.242322193913660756e-06,1.009926129254244969e-04,3.061366517739409548e-05,1.052296589222957621e-08,3.151935967672531111e-08,4.133810996947488933e-07,1.358292388997002610e-05,4.551073726639371916e-10,1.279617919055097851e-04,3.289804247570725289e-09,1.393561908970958717e-07,4.024996337027840600e-08,1.476623688909623826e-08,1.082321279200786670e-04,8.276090703888725906e-10,2.485939448164319368e-10,6.855969954937378480e-06,1.790910228677546545e-07,2.773162367952226843e-05,6.792624814984153975e-08,7.078503554773053486e-01,1.793833548675387968e-19,4.677928386545699821e-09,1.491224868898841782e-07,1.025842959242491609e-08,2.598664668081080267e-07
1.407421870000000012e-02,-3.417909729999999979e-01,0.000000000000000000e+00,1.937748489999999947e+03,1.651251990000000003e-01,8.208418169611349235e-02,3.286519820090465921e-02,4.291122930212615039e+00,8.593102308135386920e+03,-1.684848277980788680e+02,2.425734907178777114e-03,1.115690788702408897e-05,6.400744292555689108e-07,1.238671638559377466e-03,7.951333040752295192e-05,1.163090438647281233e-01,2.416943927189001419e-07,1.652152018078483911e-08,2.612401996961676204e-08,8.861717189693482489e-08,7.109442341731445377e-06,3.558049125861852076e-07,1.094528288727021669e-03,9.174773879329385998e-03,4.951652414241038830e-02,1.027792368804638090e-01,8.121156200554784765e-07,1.093962398727679779e-04,7.369602551428869686e-07,3.651930565752664209e-08,1.139723208674458224e-05,8.661000539926924785e-07,7.154608301678916892e-03,6.621310982299161718e-06,1.101293678719153296e-03,7.844617020876410319e-06,8.542743090064462718e-05,8.839253249719610753e-06,1.019098708814749157e-04,3.067332126432575272e-05,1.256445168538705966e-08,3.495712425934352186e-08,4.391506514892509327e-07,1.339079238442599498e-05,4.912973544286023000e-10,1.290964998498558272e-04,3.321286256137216778e-09,1.415315648353933709e-07,4.349199824941713898e-08,1.609154778128491378e-08,1.076832668747602250e-04,9.399825519067640989e-10,2.868427516663908733e-10,6.873620532005715859e-06,1.823401117879314707e-07,2.765523176783590598e-05,7.359041871441150988e-08,7.084558031760387342e-01,1.768331827943362177e-19,4.730330734498443800e-09,1.389695178383731218e-07,1.078048098746188815e-08,2.691045736870210776e-07
1.408593749999999950e-02,-3.437654130000000197e-01,0.000000000000000000e+00,1.942484470000000101e+03,1.648175139999999983e-01,8.131603682381595422e-02,3.288854647734405778e-02,4.607151688023840563e+00,8.405069137601463808e+03,-1.682322271241728231e+02,2.410875556804470844e-03,1.200357518408969012e-05,7.315728740303262960e-07,1.262647758326405564e-03,8.713971578449942828e-05,1.164086468457045109e-01,2.563421206602277107e-07,1.762818237663447637e-08,3.272592325662296141e-08,1.043640768616691522e-07,7.679845689820639159e-06,3.876631384861664379e-07,1.095251398548283345e-03,8.585353438620421662e-03,4.947719033441976000e-02,1.029183568635854001e-01,8.889014738217929753e-07,1.119563898516058147e-04,7.990910219408335233e-07,3.905406964823522675e-08,1.136237418493957998e-05,9.317341707650197018e-07,6.980382460747753572e-03,6.790995860998778568e-06,1.047757908611234284e-03,7.797571399664598787e-06,7.986664299413961921e-05,9.483493087429970800e-06,1.027761148637739352e-04,3.070043185930767420e-05,1.503502358007161386e-08,3.881042394855817134e-08,4.664893823816849824e-07,1.318720068252083745e-05,5.310462732961172222e-10,1.302796478273189878e-04,3.358529875548388842e-09,1.437836648094198779e-07,4.701150173768793624e-08,1.756060847672404100e-08,1.071032368580384937e-04,1.072893128577918627e-09,3.314225285607112960e-10,6.888578140869436442e-06,1.856411547539393054e-07,2.756740096346039704e-05,7.982574839419383609e-08,7.090553420601725110e-01,1.743088727689598375e-19,4.767917643680296577e-09,1.289137858291293969e-07,1.134025798496889460e-08,2.786088136307140338e-07
1.409765619999999928e-02,-3.457368760000000263e-01,0.000000000000000000e+00,1.947202659999999923e+03,1.645125839999999895e-01,8.055634914339455943e-02,3.291116011622836901e-02,4.950286733286966445e+00,8.218031952170305885e+03,-1.678977369696379185e+02,2.395246396471983463e-03,1.293092578095372529e-05,8.399128507628720946e-07,1.288336238102378477e-03,9.565789235910316453e-05,1.165064118283948846e-01,2.724010395987738780e-07,1.883438847225837548e-08,4.103963593955172400e-08,1.230366438187763456e-07,8.295503627781350786e-06,4.223819813778633438e-07,1.094264298388231615e-03,8.014225038195654793e-03,4.943033992719286090e-02,1.030603978481998417e-01,9.742925455649410039e-07,1.145338948313002537e-04,8.665593137236238414e-07,4.178757013845007495e-08,1.131502838333382100e-05,1.002378798523572122e-06,6.799931349984216465e-03,6.956836519753107213e-06,9.941625965356737631e-04,7.725818288620455083e-06,7.441902729038641544e-05,1.017845038500791378e-05,1.035804368474338585e-04,3.069225725479263331e-05,1.802542307344991620e-08,4.312432333648113502e-08,4.954126472702946528e-07,1.297162778089377562e-05,5.747181861534836535e-10,1.315139828062898686e-04,3.401965184989163050e-09,1.461110017847895856e-07,5.082219092514276323e-08,1.919011237173441911e-08,1.064897158431487174e-04,1.229947048188381161e-09,3.833472494353585284e-10,6.900501379836083633e-06,1.889920157216290881e-07,2.746698885954320743e-05,8.669060577231130219e-08,7.096489749547407744e-01,1.718101417469366770e-19,4.787509042948362465e-09,1.189780018247544177e-07,1.194003878241322747e-08,2.883469395752868030e-07
1.410937500000000039e-02,-3.477044360000000056e-01,0.000000000000000000e+00,1.951898590000000013e+03,1.642108009999999896e-01,7.980515523529545241e-02,3.293299377814271761e-02,5.321988421753047760e+00,8.032400482447504146e+03,-1.674771945693667590e+02,2.378807899085511480e-03,1.394669859463845151e-05,9.687533846275807223e-07,1.315909419494123121e-03,1.051807979595651972e-04,1.166022249551744439e-01,2.900154508885089853e-07,2.014842079225431512e-08,5.149482768020377317e-08,1.451545219441980434e-07,8.957913016556297382e-06,4.601148478231174107e-07,1.091363419580445616e-03,7.461798797131450646e-03,4.937528708101859148e-02,1.032056729603244988e-01,1.069231239588954073e-06,1.171162049549768537e-04,9.396115556387838194e-07,4.472863228280491680e-08,1.125372519567371513e-05,1.078241289585490206e-06,6.613201977457678141e-03,7.116574397264165814e-06,9.406084236384006222e-04,7.626974887067951579e-06,6.908850207344022286e-05,1.092761819579908011e-05,1.043107829598996554e-04,3.064588518821876066e-05,2.164376899167945732e-08,4.794622808156796708e-08,5.259127167978226437e-07,1.274356839510097318e-05,6.227040037606130423e-10,1.328024399489465836e-04,3.452082208672911188e-09,1.485113159429076040e-07,5.493567667888099789e-08,2.099837289192756615e-08,1.058400379593117630e-04,1.415170529455964209e-09,4.437523018294076892e-10,6.909018467343955953e-06,1.923896569260393767e-07,2.735275088948474438e-05,9.424745126376832788e-08,7.102367007269627663e-01,1.697335519347490969e-19,4.785783968160194905e-09,1.091912759580234395e-07,1.258194859516310431e-08,2.982749728853337854e-07
1.412109370000000017e-02,-3.496670510000000065e-01,0.000000000000000000e+00,1.956567199999999957e+03,1.639126049999999890e-01,7.906250022497927910e-02,3.295399711995593284e-02,5.723574357290780235e+00,7.847454539294119058e+03,-1.669536983308961169e+02,2.361518517200103875e-03,1.505909298214543017e-05,1.122634888668966066e-06,1.345561488404656888e-03,1.158344968626626967e-04,1.166959588616413301e-01,3.093406256332352999e-07,2.157870667441555347e-08,6.461569312338944584e-08,1.713084487968909245e-07,9.667870088537447622e-06,5.009844794060157920e-07,1.086337288712001942e-03,6.928495811785340998e-03,4.931127004153489091e-02,1.033545218774593877e-01,1.174716338607216457e-06,1.196880688580937840e-04,1.018426278792519276e-06,4.788370064322746720e-08,1.117690348674828397e-05,1.159471188625291753e-06,6.420165232388035277e-03,7.267561831383333039e-06,8.872060589480984397e-04,7.498815211109150686e-06,6.388101932426051496e-05,1.173452648608714846e-05,1.049539098755631001e-04,3.055822896376912884e-05,2.601783126915237951e-08,5.332517003677587165e-08,5.579537423384712010e-07,1.250254298517656287e-05,6.754203301991987937e-10,1.341481438409494091e-04,3.509438675839091003e-09,1.509814798209912478e-07,5.936075402961988087e-08,2.300533607272409597e-08,1.051511418753292440e-04,1.632955248063913104e-09,5.138905513907139901e-10,6.913724961802854033e-06,1.958299067678174504e-07,2.722333696772308984e-05,1.025625418783983846e-07,7.108185131572294368e-01,1.676779978011953066e-19,4.759406474357086195e-09,9.958913798192375136e-08,1.326786048426917571e-08,3.083348746344277378e-07
1.413281249999999954e-02,-3.516235480000000080e-01,0.000000000000000000e+00,1.961202800000000025e+03,1.636184800000000106e-01,7.832843855260797350e-02,3.297411562038884275e-02,6.156191256921309751e+00,7.663570457299805639e+03,-1.663211789703666170e+02,2.343334867540099956e-03,1.627672038291362496e-05,1.307204648627770930e-06,1.377511568553966594e-03,1.277592058658856664e-04,1.167874788774031364e-01,3.305424436530153540e-07,2.313365997571559985e-08,8.103454631493453088e-08,2.021601847877837180e-07,1.042524158905617325e-05,5.450696704278168240e-07,1.078970478867358153e-03,6.414742673266167830e-03,4.923744324831333397e-02,1.035073038913439103e-01,1.291788118643954208e-06,1.222311868716886580e-04,1.103087888842040934e-06,5.125590784619446337e-08,1.108292858836577186e-05,1.246138498691874423e-06,6.220821333469734975e-03,7.406753562224810873e-06,8.340766731244336893e-04,7.339389932295525444e-06,5.880461993827024874e-05,1.260267698677042539e-05,1.054953568892569765e-04,3.042603066806048113e-05,3.129710476714607940e-08,5.931080113773888656e-08,5.914664263791121947e-07,1.224811118714262989e-05,7.333073982302155663e-10,1.355544208577026612e-04,3.574669436247515014e-09,1.535173878388461473e-07,6.410263383270870077e-08,2.523253467351232081e-08,1.044195038903863299e-04,1.887947398018140060e-09,5.951196933752770641e-10,6.914181622741885081e-06,1.993071837907786583e-07,2.707729027157580018e-05,1.117054558827379696e-07,7.113944012532186223e-01,1.656432348261171581e-19,4.705190475060757770e-09,9.021319580529931085e-08,1.399927088530436100e-08,3.184519976657071624e-07
1.414453119999999932e-02,-3.535726160000000062e-01,0.000000000000000000e+00,1.965799029999999902e+03,1.633289649999999926e-01,7.760303443594802897e-02,3.299328922118321267e-02,6.620801639950402162e+00,7.480053996814000129e+03,-1.655609789398088196e+02,2.324211898045902471e-03,1.760853458519549906e-05,1.529501158714061159e-06,1.412007118812845042e-03,1.411102778813605636e-04,1.168766369017351509e-01,3.537966587025430016e-07,2.482148257913116226e-08,1.015038339146599353e-07,2.384377807995317664e-07,1.122870849055938378e-05,5.923898325019441000e-07,1.069048749101189676e-03,5.920964555021907688e-03,4.915286855867438687e-02,1.036644039128434280e-01,1.421505858804858897e-06,1.247238658951375250e-04,1.193556638996508781e-06,5.484399145388953166e-08,1.097011909077679593e-05,1.338208538874891868e-06,6.015206004942673379e-03,7.530714873668499381e-06,7.813522353430725270e-04,7.147160903990974440e-06,5.386940175470892320e-05,1.353545318861997418e-05,1.059194249109474920e-04,3.024587217457057117e-05,3.765440096834179915e-08,6.595204594455035328e-08,6.263425494733981554e-07,1.197988558992782844e-05,7.968259363300630130e-10,1.370248008847954342e-04,3.648497426932500263e-09,1.561138488687461823e-07,6.916213894185143516e-08,2.770295657670854547e-08,1.036410689128630387e-04,2.184861618163062251e-09,6.888779754208209805e-10,6.909911904190443173e-06,2.028141838294825645e-07,2.691304747737266806e-05,1.217483998976391731e-07,7.119643494014109564e-01,1.636290178624277400e-19,4.620301356115449124e-09,8.111036763180589634e-08,1.477714518757601243e-08,3.285323727237841141e-07
1.415625000000000043e-02,-3.555127920000000219e-01,0.000000000000000000e+00,1.970348760000000084e+03,1.630446550000000105e-01,7.688636231400919341e-02,3.301145269078408634e-02,7.118193760197398134e+00,7.297252237401306957e+03,-1.646654492392506199e+02,2.304103107617235489e-03,1.906373988028542971e-05,1.798312488140293630e-06,1.449327898501192539e-03,1.560591248386130573e-04,1.169632748790436494e-01,3.792876896077635417e-07,2.664992967244025063e-08,1.269044618687630621e-07,2.809243807094849711e-07,1.207548898751225738e-05,6.428876923351643201e-07,1.056365088907570840e-03,5.447577104366444628e-03,4.905650684926871757e-02,1.038262288926291854e-01,1.564916378381657962e-06,1.271406878685187698e-04,1.289635278666337072e-06,5.864107663935693267e-08,1.083678068879325523e-05,1.435513358515478655e-06,5.803397493998475876e-03,7.635651182103670643e-06,7.291755832459305940e-04,6.921145492842569042e-06,4.908738574923678571e-05,1.453600028496774447e-05,1.062091968901648562e-04,3.001419586896112698e-05,4.528656865316736335e-08,7.329536952420235101e-08,6.624295623149553139e-07,1.169754848790310107e-05,8.664528421039667445e-10,1.385630178567064780e-04,3.731746916140852537e-09,1.587644838358153292e-07,7.453489362292050431e-08,3.044079686851996511e-08,1.028111828936788822e-04,2.528200187385487881e-09,7.966450991761577061e-10,6.900399682864023098e-06,2.063415227866140562e-07,2.672894257235853874e-05,1.327652698627021910e-07,7.125283362631461559e-01,1.616350988328467377e-19,4.502487505343798783e-09,7.233165422519897315e-08,1.560172868386563458e-08,3.384599326499851774e-07
1.416796870000000021e-02,-3.574424569999999912e-01,0.000000000000000000e+00,1.974844119999999975e+03,1.627662009999999992e-01,7.617850761769504042e-02,3.302853518223995005e-02,7.649003203544604723e+00,7.114502372848511186e+03,-1.636141072464849913e+02,2.282960948126356616e-03,2.065167458305101574e-05,2.124627038256302842e-06,1.489790378777317839e-03,1.727940458581866186e-04,1.170472239039384715e-01,4.072068786658022631e-07,2.862604047650639213e-08,1.582475308701250682e-07,3.304385447288066283e-07,1.296105388936276495e-05,6.964105844284506271e-07,1.040726899145867634e-03,4.994977045900584819e-03,4.894720955982865412e-02,1.039932069146519977e-01,1.723011608585911567e-06,1.294522208937575836e-04,1.390933618858450392e-06,6.263335394859633927e-08,1.068124889123381827e-05,1.537720508737981238e-06,5.585524595415917656e-03,7.717463873666220148e-06,6.777001634438063879e-04,6.661062514533216371e-06,4.447226886350127712e-05,1.560706428719116579e-05,1.063465609127205690e-04,2.972733777560255074e-05,5.441383195534215931e-08,8.138262863320866020e-08,6.995255064258942221e-07,1.140086939064322126e-05,9.426755212263392998e-10,1.401730008849589638e-04,3.825359336860498922e-09,1.614616308674872325e-07,8.021054353417060722e-08,3.347105537253005005e-08,1.019245169163497937e-04,2.921859607602008160e-09,9.198851232450433883e-10,6.885086884349357692e-06,2.098773428277520856e-07,2.652321417823219713e-05,1.448304448811365614e-07,7.130863344147646554e-01,1.596612278689648332e-19,4.350328206429653038e-09,6.393044704753180732e-08,1.647231738648104525e-08,3.480938447143167645e-07
1.417968749999999958e-02,-3.593598179999999975e-01,0.000000000000000000e+00,1.979276380000000017e+03,1.624943159999999998e-01,7.547956679178317863e-02,3.304445966471701579e-02,8.213784999610638238e+00,6.932021082042949274e+03,-1.623961497764119883e+02,2.260737137234447407e-03,2.238166727262057892e-05,2.522199186914601591e-06,1.533752718123765086e-03,1.915209357657130548e-04,1.171283038567173251e-01,4.377501204645016691e-07,3.075583996237648016e-08,1.966657257594194630e-07,3.878040195256005526e-07,1.387884678302205164e-05,7.526911350792354190e-07,1.021963958749834596e-03,4.563531584417446739e-03,4.882370964027411137e-02,1.041657818725743312e-01,1.896673817679805117e-06,1.316247968389838198e-04,1.496832538168929590e-06,6.679870361828535645e-08,1.050194098715300963e-05,1.644299727988533443e-06,5.361775363440957932e-03,7.771836410492738133e-06,6.270894152328835040e-04,6.367469362210695266e-06,4.003905495102035147e-05,1.675078237950882235e-05,1.063122898699485141e-04,2.938157536405761522e-05,6.527710732014671729e-08,9.024848918959931451e-08,7.373745520979721053e-07,1.108972398643397677e-05,1.025984758744916080e-09,1.418588688264644908e-04,3.930412245191939246e-09,1.641962637991392406e-07,8.617204939458601504e-08,3.681893095495952085e-08,1.009750048764776004e-04,3.368612625879186721e-09,1.059968548703343894e-09,6.863371281604059550e-06,2.134068837389400542e-07,2.629401686783461591e-05,1.580172618066980045e-07,7.136383141270085106e-01,1.577071538070773297e-19,4.163478174906830942e-09,5.596041153154380802e-08,1.738698407873055801e-08,3.572661975629574107e-07
1.419140630000000070e-02,-3.612629059999999948e-01,0.000000000000000000e+00,1.983635929999999917e+03,1.622297759999999922e-01,7.478964782890094865e-02,3.305914304388323649e-02,8.813107118603689116e+00,6.749654323704796298e+03,-1.609957589152421065e+02,2.237383236673586885e-03,2.426286636392736501e-05,3.008256515527496944e-06,1.581620377648537603e-03,2.124638336841209801e-04,1.172063248257443763e-01,4.711148022995735736e-07,3.304402715087203946e-08,2.433898186381420088e-07,4.538070203253058107e-07,1.482003447796642479e-05,8.113284157937635952e-07,9.999371185133508304e-04,4.153566873824715740e-03,4.868461412761851403e-02,1.043444118448667302e-01,2.086607066897752505e-06,1.336203868013409143e-04,1.606449707611622994e-06,7.110534189428466032e-08,1.029741548469039424e-05,1.754489157391526417e-06,5.132406752369433195e-03,7.794354098411803285e-06,5.775157051413829087e-04,6.041878241017282721e-06,3.580356844676931325e-05,1.796840917328560079e-05,1.060861508422772002e-04,2.897319355692432193e-05,7.813254778383701030e-08,9.991741905144852166e-08,7.756635258467880230e-07,1.076411438399653444e-05,1.116866088339507759e-09,1.436248977864667707e-04,4.048141973981455548e-09,1.669579347517765524e-07,9.239510016263227797e-08,4.050895943977360921e-08,9.995578625139148209e-05,3.869465154247101762e-09,1.218071698189041116e-09,6.834604519838702957e-06,2.169120276775076631e-07,2.603943866128605959e-05,1.723961867436912653e-07,7.141842389381919398e-01,1.557726207684062127e-19,3.942882894137948046e-09,4.847303892793307617e-08,1.834225547272978761e-08,3.657803364561787903e-07
1.420312500000000047e-02,-3.631495670000000064e-01,0.000000000000000000e+00,1.987912270000000035e+03,1.619734240000000047e-01,7.410887031223434285e-02,3.307249501583203743e-02,9.447679463121561483e+00,6.567040526878405217e+03,-1.593937894135031854e+02,2.212851208630954147e-03,2.630404208372622777e-05,3.604380047770043897e-06,1.633852358989168994e-03,2.358652828540749933e-04,1.172810839274405909e-01,5.074959896860225389e-07,3.549366257804079827e-08,2.997051898145785027e-07,5.291395926726321335e-07,1.577330899024137901e-05,8.717710034606531665e-07,9.745473443970674833e-04,3.765355847670450937e-03,4.852839706997647690e-02,1.045295619353297095e-01,2.293254248581210479e-06,1.353966159162328946e-04,1.718609908936731293e-06,7.551058695328314620e-08,1.006643909377210115e-05,1.867262758844762586e-06,4.897754876969859401e-03,7.780658915186266819e-06,5.291587626726203209e-04,5.686837616481669939e-06,3.178185768033721267e-05,1.925996898808425266e-05,1.056470689346383117e-04,2.849856938236851808e-05,9.324249764231277174e-08,1.104003009316975950e-07,8.140197964963825694e-07,1.042418919355076808e-05,1.215789469247815835e-09,1.454754859099972961e-04,4.179970517413938341e-09,1.697347448949885930e-07,9.884769603884495262e-08,4.456383897242926237e-08,9.885917283883785653e-05,4.422906437263638809e-09,1.395052969136909256e-09,6.798090635794160504e-06,2.203708378636610770e-07,2.575752308406434546e-05,1.880326308836680568e-07,7.147240705578148390e-01,1.538573729048115947e-19,3.690934897716493993e-09,4.151500377431552191e-08,1.933273908803922942e-08,3.734102607689786991e-07
1.421484370000000025e-02,-3.650174549999999907e-01,0.000000000000000000e+00,1.992093939999999975e+03,1.617261670000000040e-01,7.343736525650262914e-02,3.308441840965224007e-02,1.011852191684923419e+01,6.384079751040225347e+03,-1.575734716865283929e+02,2.187094107712521298e-03,2.851336027017791389e-05,4.337592545463317856e-06,1.690968088231418641e-03,2.619864617259887369e-04,1.173523688772613038e-01,5.470818484278078927e-07,3.810588116014510706e-08,3.668832326162772817e-07,6.143285213574745895e-07,1.672477208250758502e-05,9.333036140238590189e-07,9.457448250108467383e-04,3.399105666444879673e-03,4.835339404942724795e-02,1.047216948904717143e-01,2.516699837367786915e-06,1.369069478568092158e-04,1.831823288084098477e-06,7.995986731637007807e-08,9.808058489741763519e-06,1.981301327927759247e-06,4.658245665127946737e-03,7.726638561918720174e-06,4.822035734956638857e-04,5.305965514450497594e-06,2.798951167072580775e-05,2.062381747842957603e-05,1.049733558902084973e-04,2.795427947076265706e-05,1.108620478840495332e-07,1.216907518727237983e-07,8.520109191088828718e-07,1.007026358946752398e-05,1.323197498616069522e-09,1.474150968458187423e-04,4.327537345473833654e-09,1.725133548195685041e-07,1.054899458896682044e-07,4.900288484874794566e-08,9.767664529784012408e-05,5.024096764745303659e-09,1.591307868335653238e-09,6.753085152936957471e-06,2.237570887659727525e-07,2.544629817338574880e-05,2.049844127856070609e-07,7.152577672519128127e-01,1.519611478410640268e-19,3.411540446431874255e-09,3.512551656326226973e-08,2.035070167871522729e-08,3.799015646026614697e-07
1.422656249999999963e-02,-3.668640269999999814e-01,0.000000000000000000e+00,1.996168509999999969e+03,1.614889800000000042e-01,7.277527484807148894e-02,3.309480783249459102e-02,1.082714548752824157e+01,6.201017718777537084e+03,-1.555222848950870969e+02,2.160066878482295571e-03,3.089813107829038081e-05,5.241693006317086334e-06,1.753555068767918617e-03,2.911070297954626769e-04,1.174199529174985018e-01,5.900483085854207561e-07,4.087965537127717111e-08,4.460833196865733590e-07,7.096506305013859206e-07,1.765793198759320009e-05,9.950392053008663375e-07,9.135376063581310963e-04,3.054945357853537484e-03,4.815779936616341322e-02,1.049212639262803171e-01,2.756559658063188643e-06,1.381010889029675459e-04,1.944275248633914969e-06,8.438611194070870751e-08,9.521674073309889657e-06,2.094970238528033657e-06,4.414405836898354155e-03,7.628645674639967683e-06,4.368376746930695124e-04,4.903922776554410380e-06,2.444092048282734328e-05,2.205610308450295991e-05,1.040430229268973799e-04,2.733722898079234115e-05,1.312205409078019561e-07,1.337612779060167762e-07,8.891464513752687702e-07,9.702838623182600514e-06,1.439491898988585529e-09,1.494481768949948506e-04,4.492736306843317730e-09,1.752790418768456025e-07,1.122741239211140645e-07,5.384007006217094134e-08,9.639889463226829897e-05,5.664070156020316772e-09,1.806607618730642935e-09,6.698795335293298547e-06,2.270398438404774546e-07,2.510381218236158358e-05,2.232988478431059643e-07,7.157852854970756518e-01,1.500836838945483256e-19,3.110070557814804930e-09,2.933388717938945196e-08,2.138560958497406070e-08,3.849744427295096193e-07
1.423828119999999940e-02,-3.686865460000000039e-01,0.000000000000000000e+00,2.000122589999999946e+03,1.612629040000000125e-01,7.212275169702982158e-02,3.310354920466059003e-02,1.157572050091753191e+01,6.017378758327640753e+03,-1.532180769361895614e+02,2.131727268499927080e-03,3.346453327645137576e-05,6.358874305525329492e-06,1.822277138717683575e-03,3.235246197723392453e-04,1.174835949173280714e-01,6.365530285520645675e-07,4.381164146917022289e-08,5.382229866212583701e-07,8.150371734264672055e-07,1.855384108694386352e-05,1.055918469256961738e-06,8.779992783821614737e-04,2.732914028076877978e-03,4.793966616626538224e-02,1.051286969260220722e-01,3.011860717880586495e-06,1.389256349022395629e-04,2.053831888554740705e-06,8.870967223757597931e-08,9.207112923521055585e-06,2.206307288447445707e-06,4.166873557067816980e-03,7.483739204733773989e-06,3.932478457232757509e-04,4.486317916843027241e-06,2.114852048511801596e-05,2.355011848342803823e-05,1.028341779276367203e-04,2.664480368125034181e-05,1.544976898912816522e-07,1.465594738968677114e-07,9.248822653491703452e-07,9.322618273439776129e-06,1.565018588898713409e-09,1.515790448933354887e-04,4.677757926708312370e-09,1.780158188747322206e-07,1.191450019161589648e-07,5.908162665842490090e-08,9.501592023313833180e-05,6.329065205546305630e-09,2.039929388564523977e-09,6.634381815331457710e-06,2.301830768380226888e-07,2.472817608259905399e-05,2.430094228289968874e-07,7.163065824959429229e-01,1.482247148956958678e-19,2.793179158034470434e-09,2.415752568300061091e-08,2.242364678422072189e-08,3.883293447267368382e-07
1.425000000000000051e-02,-3.704820779999999925e-01,0.000000000000000000e+00,2.003941790000000083e+03,1.610490480000000002e-01,7.147995769026196933e-02,3.311051896393258503e-02,1.236722506435632951e+01,5.833579445804448369e+03,-1.506499867732811708e+02,2.102036888454232328e-03,3.621731697336699664e-05,7.741655234307044317e-06,1.897883378604359834e-03,3.595538887355960531e-04,1.175430369135627706e-01,6.867287894950025175e-07,4.689614136551413940e-08,6.438174475265580920e-07,9.299722733161294201e-07,1.939139848574021179e-05,1.114718539180273082e-06,8.392751733828250280e-04,2.432950258210889432e-03,4.769691056492528225e-02,1.053443819225332589e-01,3.280915647587324081e-06,1.393250088975450391e-04,2.158064298413031492e-06,9.283892493172935054e-08,8.864695923481199149e-06,2.313024688299078765e-06,3.916408327120004390e-03,7.289935994639223779e-06,3.516162087414331718e-04,4.059540267014748864e-06,1.812207128667363336e-05,2.509554458154557513e-05,1.013255489254885698e-04,2.587504248097235524e-05,1.807945718670497164e-07,1.600044898823380564e-07,9.586277042950572944e-07,8.930523703432790205e-06,1.700051348749838879e-09,1.538117468868919688e-04,4.885136696407633316e-09,1.807066108671143708e-07,1.260404879073140342e-07,6.472322675240470529e-08,9.351720003123057204e-05,7.000130654852337530e-09,2.289290428316532475e-09,6.558962525176757688e-06,2.331453908285526466e-07,2.431761268211763674e-05,2.641320208057661295e-07,7.168216164728733464e-01,1.463839698923541032e-19,2.468486578184757200e-09,1.960059058558637764e-08,2.344724438275767815e-08,3.896557927134601314e-07
1.426171870000000029e-02,-3.722475000000000089e-01,0.000000000000000000e+00,2.007610789999999952e+03,1.608485799999999910e-01,7.084706220600946180e-02,3.311558251025802091e-02,1.320548559880248618e+01,5.649271597805723104e+03,-1.477973000648592006e+02,2.070962318498185701e-03,3.915948937160244089e-05,9.455142173143348357e-06,1.981217588563266661e-03,3.995249777102736414e-04,1.175979979147206284e-01,7.406765004628784604e-07,5.012521266365034918e-08,7.627947504468388263e-07,1.053392899236103783e-06,2.014783488538925553e-05,1.170072299151490383e-06,7.975865164216085776e-04,2.154883188437328040e-03,4.742732206560679870e-02,1.055686489234440445e-01,3.561198717417500208e-06,1.392426798990244023e-04,2.254294978365237169e-06,9.667168652989591671e-08,8.495295163839407249e-06,2.412529388250488892e-06,3.663899437343024184e-03,7.046456104890071760e-06,3.121157897736608197e-04,3.630525277367226382e-06,1.536801588885547035e-05,2.667760178065401390e-05,9.949712932784697452e-05,2.502682968185111588e-05,2.101005598476398975e-07,1.739840778738307332e-07,9.897557602822517747e-07,8.527703733815905748e-06,1.844774328662212050e-09,1.561498678867637158e-04,5.117802166288687295e-09,1.833335128670507403e-07,1.328925399036293788e-07,7.074681494869603038e-08,9.189194253336207294e-05,7.653172074450095903e-09,2.551601238149637399e-09,6.471619515306929765e-06,2.358798678289453387e-07,2.387051188268965094e-05,2.866606157921203388e-07,7.173303494798085600e-01,1.445611798951675640e-19,2.144144298445116060e-09,1.565344458864848205e-08,2.443466968228053630e-08,3.886447757181636885e-07
1.427343749999999967e-02,-3.739795069999999888e-01,0.000000000000000000e+00,2.011113340000000107e+03,1.606627300000000036e-01,7.022423959351718759e-02,3.311859349890835386e-02,1.409509790387285122e+01,5.464882885093289588e+03,-1.446498788271717046e+02,2.038476458970351311e-03,4.229198687863802605e-05,1.157960669415106069e-05,2.073228008952798015e-03,4.437811957758430997e-04,1.176481709405751003e-01,7.984580985966933128e-07,5.348895397298236408e-08,8.942994615482832731e-07,1.183600269402155369e-06,2.079938218949409120e-05,1.220499359383517362e-06,7.532320256195372543e-04,1.898425829041092095e-03,4.712857947619503163e-02,1.058017489465588185e-01,3.849232448055726613e-06,1.386227049299807368e-04,2.339667828818217728e-06,1.000975389494400436e-07,8.100377115908444188e-06,2.501965988736239987e-06,3.410371998277397960e-03,6.753941846588537344e-06,2.749056428611433176e-04,3.206462548380393826e-06,1.288897449348969122e-05,2.827614838571752316e-05,9.733097775083746604e-05,2.410010018782687252e-05,2.422583518776336541e-07,1.883525479048618358e-07,1.017616389485994954e-06,8.115540435900786385e-06,1.999263548990158341e-09,1.585962999198919248e-04,5.379131917282964067e-09,1.858781159061116810e-07,1.396283369294727707e-07,7.711724676104754304e-08,9.012943095447500420e-05,8.259602355828019106e-09,2.822556438574307565e-09,6.371410026781756615e-06,2.383340968796158160e-07,2.338549148818782575e-05,3.105623348431328295e-07,7.178327466374178067e-01,1.427560669278929422e-19,1.828316659076504710e-09,1.229300539379071880e-08,2.535974888719061965e-08,3.850049158055314115e-07
1.428515630000000078e-02,-3.756746300000000094e-01,0.000000000000000000e+00,2.014432369999999992e+03,1.604927780000000026e-01,6.961166557312145620e-02,3.311939137977283620e-02,1.504113310873371390e+01,5.280619652983599735e+03,-1.411955251009090375e+02,2.004559948415120686e-03,4.561334046393639992e-05,1.421331678876242394e-05,2.174977228280382691e-03,4.926756676104722572e-04,1.176932119069473842e-01,8.600896953199812274e-07,5.697598645495266775e-08,1.036505409180500369e-06,1.318194878957786304e-06,2.132212248314193888e-05,1.264448749000279771e-06,7.065865304413464871e-04,1.663170928685035396e-03,4.679827576299954578e-02,1.060438269161578101e-01,4.140496026726369910e-06,1.374115608913573290e-04,2.411242348093582508e-06,1.030011159185634939e-07,7.682027393926305113e-06,2.578286257961511107e-06,3.156989607503966639e-03,6.414627804928357450e-06,2.401257058101477092e-04,2.794465247790592097e-06,1.068341239155329697e-05,2.986479777638778132e-05,9.481217772503797376e-05,2.309605368173940285e-05,2.769304707810484882e-07,2.029299798395560365e-07,1.041552909176509672e-06,7.695648713915535522e-06,2.163467988289482016e-09,1.611529528725864902e-04,5.673002675514713320e-09,1.883219158511057131e-07,1.461716238844313072e-07,8.377898013376122508e-08,8.821945933025043384e-05,8.787718533052102687e-09,3.096583417551726133e-09,6.257383065052680671e-06,2.404504218098909803e-07,2.286146248192487797e-05,3.357717837345263826e-07,7.183287844320626059e-01,1.409683558885451881e-19,1.528631048791407697e-09,9.483987792501607917e-09,2.619182217929177501e-08,3.784822077007579247e-07
1.429687500000000056e-02,-3.773292580000000007e-01,0.000000000000000000e+00,2.017550050000000056e+03,1.603400510000000112e-01,6.900951253425818832e-02,3.311780062418846066e-02,1.604860017310149800e+01,5.096619798560891468e+03,-1.374223250019207683e+02,1.969202777552225923e-03,4.911934183894328925e-05,1.747548797827748040e-05,2.287651667156385179e-03,5.465666083206025070e-04,1.177327338536549306e-01,9.255354748495336081e-07,6.057413732470465830e-08,1.186465418525190190e-06,1.454048358192577440e-06,2.169298917303500796e-05,1.300352928383625034e-06,6.580963081819679508e-04,1.448589908199362196e-03,4.643395264228130509e-02,1.062948968678724820e-01,4.429369304494170807e-06,1.355602838314948027e-04,2.466110726934555735e-06,1.052663338691510170e-07,7.242954080996806391e-06,2.638348016720459875e-06,2.905052186388938987e-03,6.032438582501510026e-06,2.078916027415849473e-04,2.401224887015210326e-06,8.745516509129078523e-06,3.141016856095628904e-05,9.192996078572849010e-05,2.201736677263179981e-05,3.135718466102214289e-07,2.175030217296376836e-07,1.060921268681245247e-06,7.269869200963349766e-06,2.337190367094807339e-09,1.638204257963666308e-04,6.003834682537065613e-09,1.906467917630207348e-07,1.524441638105076366e-07,9.065317098731558510e-08,8.615285669290960306e-05,9.204843858558122511e-09,3.366868915814888090e-09,6.128603162381975756e-06,2.421664636989803080e-07,2.229769727228334209e-05,3.621845335497945379e-07,7.188184471064886782e-01,1.391977658269732907e-19,1.251658948444153167e-09,7.180935401073897158e-09,2.689605906656744620e-08,3.688826845414685118e-07
1.430859370000000033e-02,-3.789396689999999790e-01,0.000000000000000000e+00,2.020448000000000093e+03,1.602059050000000096e-01,6.841794333063387634e-02,3.311362864599207145e-02,1.712158877096636544e+01,4.913342261003674139e+03,-1.333244871488658134e+02,1.932406047648895474e-03,5.280271983575640486e-05,2.150912147383045217e-05,2.412570257064693049e-03,6.058108212629268342e-04,1.177662948567170242e-01,9.947029627897725980e-07,6.427131782180288514e-08,1.340031658369620768e-06,1.587326138068744539e-06,2.189088697336596565e-05,1.326691708385851174e-06,6.082709702599336512e-04,1.254034898474250736e-03,4.603314614399275223e-02,1.065548098703577307e-01,4.709128064270535223e-06,1.330268678381499314e-04,2.501534376956452954e-06,1.067814868700819424e-07,6.786467301743095252e-06,2.679045146740480615e-06,2.655987806768533768e-03,5.612992713170828353e-06,1.782896867830799099e-04,2.032679817526895136e-06,7.065295461403852057e-06,3.287143336000624344e-05,8.867898069210675312e-05,2.086839427461000787e-05,3.514139885724444092e-07,2.318275807179418321e-07,1.075111758691941394e-06,6.840253581677653923e-06,2.520068656933903056e-09,1.665976237973053049e-04,6.376621872241742701e-09,1.928355467653823738e-07,1.583671648073190835e-07,9.763562368120946319e-08,8.392207959789435697e-05,9.480147728465768358e-09,3.625481935588977631e-09,5.984183142719211722e-06,2.434159627038426183e-07,2.169389907360563815e-05,3.896497765259239545e-07,7.193017331248455770e-01,1.374440138327756932e-19,1.002489918780298379e-09,5.330851463514101823e-09,2.743428106662147685e-08,3.560966845667471055e-07
1.432031249999999971e-02,-3.805020720000000245e-01,0.000000000000000000e+00,2.023107439999999997e+03,1.600917169999999945e-01,6.783710314770578786e-02,3.310666431856460618e-02,1.826213561915960071e+01,4.731631963666385673e+03,-1.289044859924716775e+02,1.894183808059197918e-03,5.665284204195285983e-05,2.648337837286483281e-05,2.551191487386020394e-03,6.707549823127369800e-04,1.177933858793075717e-01,1.067440468906288393e-06,6.805656653026847190e-08,1.491881968471401027e-06,1.713573158244253629e-06,2.189787837756318695e-05,1.342064068624905890e-06,5.576719154286029646e-04,1.078743938894706836e-03,4.559344495328444824e-02,1.068232248905477133e-01,4.972008174905624126e-06,1.297789188670270526e-04,2.515094917423005236e-06,1.074450308899106119e-07,6.316434183528110016e-06,2.697467597236143990e-06,2.411336767529317048e-03,5.163496224709423605e-06,1.513726478449018700e-04,1.693726068264589261e-06,5.628900924232564730e-06,3.420037716495790716e-05,8.506070041284584762e-05,1.965534357986091274e-05,3.894666086009481015e-07,2.456335857483210423e-07,1.083572568889759306e-06,6.409041733433223943e-06,2.711558807221706254e-09,1.694813438263475191e-04,6.796939223035779878e-09,1.948724978003314441e-07,1.638625888321045514e-07,1.045961168928296394e-07,8.152184831647179110e-05,9.587900700176127602e-09,3.863606956041304835e-09,5.823327554033352354e-06,2.441299707498616981e-07,2.105027127843165399e-05,4.179623125717510917e-07,7.197786562625066997e-01,1.357068188609532587e-19,7.844510021962426157e-10,3.876176226028425988e-09,2.776644387155018774e-08,3.401226936515064350e-07
1.433203119999999949e-02,-3.820126649999999735e-01,0.000000000000000000e+00,2.025509520000000066e+03,1.599988589999999933e-01,6.726710962948592720e-02,3.309667768187717768e-02,1.946879931570733646e+01,4.551914452133639315e+03,-1.241626275727813322e+02,1.854565028434311405e-03,6.065545824879254406e-05,3.259500477248215530e-05,2.705118087716244703e-03,7.417242803738104606e-04,1.178134229005377981e-01,1.143537739034585558e-06,7.192120773928160388e-08,1.635683338619099112e-06,1.827872168456846530e-06,2.170038268167977694e-05,1.345265268864280089e-06,5.068975705720592945e-04,9.218494082217425179e-04,4.511256186191440337e-02,1.070995739095828014e-01,5.209357865602078205e-06,1.257965188937981954e-04,2.504852137885316569e-06,1.071718099095218206e-07,5.837209475072024433e-06,2.691087427728089804e-06,2.172726718165708150e-03,4.692517136038413660e-06,1.271560348926504419e-04,1.387996638828204856e-06,4.419151686269197497e-06,3.534221707016286460e-05,8.108482373154536106e-05,1.838640438447755682e-05,4.265419016398984717e-07,2.586319377816539342e-07,1.085834389083300782e-06,5.978630454952631235e-06,2.910920057542499725e-09,1.724658438543983144e-04,7.270916563861638026e-09,1.967440968339017749e-07,1.688542308574473745e-07,1.113796499059694131e-07,7.894978583334783559e-05,9.510766431970677828e-09,4.071895146562363597e-09,5.645388085233966658e-06,2.442384487938054004e-07,2.036758448280497253e-05,4.468543476227499523e-07,7.202492473919404059e-01,1.339858938868844221e-19,5.990040894942998449e-10,2.757826567671746725e-09,2.785289597648561556e-08,3.210880267289262842e-07
1.434375000000000060e-02,-3.834677020000000214e-01,0.000000000000000000e+00,2.027635620000000017e+03,1.599286729999999934e-01,6.670804091439487549e-02,3.308341841259380967e-02,2.073515858788717736e+01,4.375434485896496881e+03,-1.191158575609933905e+02,1.813595579158745362e-03,6.479250986994534913e-05,4.006820958141395374e-05,2.876098118665893193e-03,8.190081136200947536e-04,1.178257299453453477e-01,1.222730979432824091e-06,7.586005176481155705e-08,1.764412159181559770e-06,1.925078869107032675e-06,2.129031859012427074e-05,1.335366259380576834e-06,4.565658057882173771e-04,7.823891646370808575e-04,4.458841957931720945e-02,1.073830329501893055e-01,5.411896687489637732e-06,1.210752269438380459e-04,2.469499778854497497e-06,1.058993959508774969e-07,5.353543207516705556e-06,2.657961978767077419e-06,1.941837659099259188e-03,4.209642998047314218e-06,1.056160389510089491e-04,1.117729299481530172e-06,3.416222418415350875e-06,3.623742868319089971e-05,7.677066286438914981e-05,1.707181369208107024e-05,4.613048067860191505e-07,2.705235488745149535e-07,1.081534949498319200e-06,5.551533827424865070e-06,3.117203998554053530e-09,1.755424149185728824e-04,7.805167926379494488e-09,1.984395559079518174e-07,1.732685279196276341e-07,1.178100799453526170e-07,7.620701556465059919e-05,9.242616775712718961e-09,4.240932078032800635e-09,5.449931137471994591e-06,2.436722728869701740e-07,1.964723779088643161e-05,4.759879967792081595e-07,7.207135606656897009e-01,1.322809539386401289e-19,4.458275547931984013e-10,1.918023309110305648e-09,2.765744858717081730e-08,2.992630318611838281e-07
1.435546870000000037e-02,-3.848635850000000080e-01,0.000000000000000000e+00,2.029467859999999973e+03,1.598824409999999863e-01,6.615992169404114054e-02,3.306661801710064630e-02,2.204830965802769782e+01,4.202986577127997407e+03,-1.137811892002627161e+02,1.771340098243197152e-03,6.904203133152459469e-05,4.915232955125106105e-05,3.066021426959141156e-03,9.028427511045667266e-04,1.178295368831374784e-01,1.304713738705993963e-06,7.987253852078296920e-08,1.870830818144522807e-06,2.000130738016283819e-06,2.066612037950348287e-05,1.311791428698974249e-06,4.072941535960484714e-04,6.593202443460908016e-04,4.401924875634201373e-02,1.076724938932111519e-01,5.570096884475616161e-06,1.156291078853198458e-04,2.408507877611258772e-06,1.035941118972560851e-07,4.870467385169503952e-06,2.596940687424372364e-06,1.720356348293762463e-03,3.725036206305535118e-06,8.668884591402260678e-05,8.837339251235188277e-07,2.598447087422878021e-06,3.682477186347744228e-05,7.214829152844381543e-05,1.572382988440521601e-05,4.923494665116912337e-07,2.810102597212959747e-07,1.070442158938342876e-06,5.130335464911768853e-06,3.329249116698073733e-09,1.786990088227675673e-04,8.406666561662326007e-09,1.999514528016895134e-07,1.770351138244178124e-07,1.236964788773186746e-07,7.329866402730288557e-05,8.790325691281815013e-09,4.361808345673988237e-09,5.236816154806161420e-06,2.423656597596234303e-07,1.889131308126372645e-05,5.049498654991941742e-07,7.211716692847469634e-01,1.305917148704800264e-19,3.230615646795897922e-10,1.302676588708014402e-09,2.715114437307168021e-08,2.750653147271921145e-07
1.436718749999999975e-02,-3.861969639999999759e-01,0.000000000000000000e+00,2.030989589999999907e+03,1.598613479999999865e-01,6.562270791168742234e-02,3.304599094102987633e-02,2.338779196389977955e+01,4.036057453341577002e+03,-1.081934157080842311e+02,1.727883670734302020e-03,7.337817573118366138e-05,6.011665172554788296e-05,3.276910271392594227e-03,9.933913074221633992e-04,1.178239700500718634e-01,1.389154740590351587e-06,8.396370753568221023e-08,1.948094020827884861e-06,2.048416140870518890e-06,1.983354180842869689e-05,1.274390160541579860e-06,3.596786311528532825e-04,5.515345312343865672e-04,4.340369681844535171e-02,1.079665400458827418e-01,5.674695122411585960e-06,1.094935830465316990e-04,2.322238710986886134e-06,1.002562470426060787e-07,4.393164401866970901e-06,2.507856051065768383e-06,1.509920750641673701e-03,3.248914861380697209e-06,7.027175352986352529e-05,6.854605432913013631e-07,1.943178420825796084e-06,3.704556711574331809e-05,6.725929542858330402e-05,1.435659240610114811e-05,5.182978582202620649e-07,2.898072091231599267e-07,1.052474430447272019e-06,4.717633752004861953e-06,3.545682651506815488e-09,1.819199410773108638e-04,9.082558633859831959e-09,2.012762940855367384e-07,1.800872410765319850e-07,1.288422220547543219e-07,7.023421862984757563e-05,8.174085183473756854e-09,4.426765281881249910e-09,5.006281042127527885e-06,2.402589791021033210e-07,1.810261690769310222e-05,5.332495582266160668e-07,7.216236723066696834e-01,1.289178920547864599e-19,2.276731720967546923e-10,8.631720263668237859e-10,2.631640771118373480e-08,2.490508851058396297e-07
1.437890630000000086e-02,-3.874648609999999938e-01,0.000000000000000000e+00,2.032186009999999897e+03,1.598664340000000017e-01,6.509627041602100705e-02,3.302123913976818398e-02,2.472514044208062245e+01,3.876025954152880331e+03,-1.023947195508042114e+02,1.683333009599150432e-03,7.777139198148042107e-05,7.324193948255900777e-05,3.510902779163954483e-03,1.090721819740268078e-03,1.178080559719465459e-01,1.475723969648588301e-06,8.814485847901020830e-08,1.990428269526022267e-06,2.066178439507984338e-06,1.880615369552171882e-05,1.223496049708650824e-06,3.142721829251629074e-04,4.578759128909667075e-04,4.274094138982217211e-02,1.082634329742194063e-01,5.717327028638542229e-06,1.027277719755375929e-04,2.212021939473254907e-06,9.592388497715779676e-08,3.926820019064912499e-06,2.391674449430474711e-06,1.312056279687562202e-03,2.790998849335383964e-06,5.622615288661095729e-05,5.211581868758974216e-07,1.427641889660037839e-06,3.684905189122519576e-05,6.215690818519868156e-05,1.298584209690770302e-05,5.379120068719078711e-07,2.966560379293577551e-07,1.027716449755271516e-06,4.315981348972242573e-06,3.764931279103462836e-09,1.851857339559020326e-04,9.839914587656837378e-09,2.024150129517992432e-07,1.823622729565743807e-07,1.330564689683154664e-07,6.702769408403879965e-05,7.426000018231658544e-09,4.429870128945122297e-09,4.759027678866740347e-06,2.373018939434916815e-07,1.728470509588401889e-05,5.603242028665709005e-07,7.220696908280546111e-01,1.272592029696959667e-19,1.558832269628797698e-10,5.574861758672466832e-10,2.515103069401082480e-08,2.218902949471616034e-07
1.439062500000000064e-02,-3.886647939999999801e-01,0.000000000000000000e+00,2.033044849999999997e+03,1.598985500000000004e-01,6.458037962345512806e-02,3.299205733644606370e-02,2.602443160021238810e+01,3.724222861478873710e+03,-9.643706213147048345e+01,1.637817109204771707e-03,8.218878416009392073e-05,8.880855925687974623e-05,3.770228768169397050e-03,1.194784939419882329e-03,1.177807279428125520e-01,1.564126949240551230e-06,9.243377205511955649e-08,1.993801249031926423e-06,2.050916609004194645e-06,1.760542769145183258e-05,1.159966199436788004e-06,2.715639428681444019e-04,3.771583788168739160e-04,4.203080427959229870e-02,1.085611029472890732e-01,5.691255147236659385e-06,9.541589035367161571e-05,2.080174498989988427e-06,9.067475235597363960e-08,3.476464588312032071e-06,2.250580358907249580e-06,1.128107569452256988e-03,2.359970108854136427e-06,4.438231277845054257e-05,3.881057458115585418e-07,1.029726259500025074e-06,3.619835628242419173e-05,5.690533407237008688e-05,1.162848729435388485e-05,5.502070627328515672e-07,3.013382038536877840e-07,9.964285865161925078e-07,3.927821278092879075e-06,3.985242348064998837e-09,1.884731409084884461e-04,1.068542539481178027e-08,2.033733689012537651e-07,1.838025319107562029e-07,1.361671949338851579e-07,6.369757436907217091e-05,6.587029036801723547e-09,4.367657687879320708e-09,4.496298237816859839e-06,2.334566888866470673e-07,1.644188489201678217e-05,5.855509797156906454e-07,7.225098716491914486e-01,1.256153689390085100e-19,1.035940849497007630e-10,3.506450358297472332e-10,2.367126438850661548e-08,1.943298939056447447e-07
1.440234370000000041e-02,-3.897949110000000217e-01,0.000000000000000000e+00,2.033557049999999890e+03,1.599583059999999946e-01,6.407469206415045138e-02,3.295814040452293980e-02,2.724401737335508500e+01,3.582129854828308453e+03,-9.038493702426949028e+01,1.591487000145028674e-03,8.659466340789118057e-05,1.070816050097580992e-04,4.057177220369721955e-03,1.305393280118957505e-03,1.177408400107294584e-01,1.654146240150738610e-06,9.685436580882612540e-08,1.956480630178289916e-06,2.001732160182413222e-06,1.626030060148176602e-05,1.085191610098891158e-06,2.319606580211380613e-04,3.081844880280841200e-04,4.127385380376119572e-02,1.088571640099199184e-01,5.592130250509598355e-06,8.766718080798891453e-05,1.929952390175872450e-06,8.462550290771172701e-08,3.046807260277648788e-06,2.087968140190271768e-06,9.591707250874070747e-04,1.962998990178883648e-06,3.454573760314807703e-05,2.828888350257790472e-07,7.286612750664012759e-07,3.507633980319643243e-05,5.157810150470020020e-05,1.030201340093879807e-05,5.545500400505349241e-07,3.036874610276743560e-07,9.590485350873960467e-07,3.555421920323997917e-06,4.204716200383166564e-09,1.917553910174742550e-04,1.162505960105936592e-08,2.041622550186048377e-07,1.843567870168000342e-07,1.380345470125787861e-07,6.026650990549195036e-05,5.702680750519672735e-09,4.239659500386350488e-09,4.219929790384552847e-06,2.287016140208410684e-07,1.557918770141969553e-05,6.082689680554302018e-07,7.229443800658803543e-01,1.239861160112985926e-19,6.676510600608415711e-11,2.146100960195569277e-10,2.191322010199690475e-08,1.671408950152311782e-07
1.441406249999999979e-02,-3.908541139999999747e-01,0.000000000000000000e+00,2.033717360000000099e+03,1.600460320000000047e-01,6.357874102197939858e-02,3.291919259343445425e-02,2.833939870023306540e+01,3.451324463431009008e+03,-8.431319173629066199e+01,1.544514420382689466e-03,9.095129702253530095e-05,1.282940120317878265e-04,4.374055931083774273e-03,1.422204830352384554e-03,1.176871940291597529e-01,1.745687080432534839e-06,1.014357080251330644e-07,1.879381870465660855e-06,1.919566060475617395e-06,1.480613470366856543e-05,1.001069780248038457e-06,1.957716590485069773e-04,2.497636710618847855e-04,4.047148631002775443e-02,1.091489280270442064e-01,5.418695551342607837e-06,7.961383211972619027e-05,1.765425860437425460e-06,7.792801671930849166e-08,2.642069520654634548e-06,1.908323380472831695e-06,8.060325121997134528e-04,1.605386560397772038e-06,2.650471940656716054e-05,2.016933290499742364e-07,5.055457501252608328e-07,3.349031000829800998e-05,4.625539811146085430e-05,9.023754262235844680e-06,5.507291071364559478e-07,3.036005610752241645e-07,9.161836212270058838e-07,3.200814430793076481e-06,4.421349511095492286e-09,1.950026840483164723e-04,1.266370880313772926e-08,2.047978730507434620e-07,1.839825830455859995e-07,1.385629180343321926e-07,5.676077061406381113e-05,4.818150931193809560e-09,4.048734711003168281e-09,3.932374390974338072e-06,2.230339600552618830e-07,1.470230480364283997e-05,6.278103431555546180e-07,7.233734021792326274e-01,1.223711750303203224e-19,4.169926381033196118e-11,1.277243800316466841e-10,1.993193030493860114e-08,1.410617190349513414e-07
1.442578119999999957e-02,-3.918421550000000253e-01,0.000000000000000000e+00,2.033524930000000040e+03,1.601617349999999995e-01,6.309193344025361416e-02,3.287493705193342275e-02,2.926701726747552712e+01,3.332789642328159061e+03,-7.829718059868544344e+01,1.497089338849242560e-03,9.521983132680803604e-05,1.526292248826795271e-04,4.723144546369492484e-03,1.544713238812635758e-03,1.176185679095909514e-01,1.838822148586565188e-06,1.062103719183599956e-07,1.766125758642444173e-06,1.807272578610816307e-06,1.328304678978981241e-05,9.099326123005683655e-07,1.631987108745551896e-04,2.007298408457063716e-04,3.962597556954097766e-02,1.094334509158825380e-01,5.173319176023460464e-06,7.140653064511243251e-05,1.591277608776843560e-06,7.076254644560744093e-08,2.265827298258342190e-06,1.716988408680214169e-06,6.691234864856694404e-04,1.290361599008146656e-06,2.003856598459709062e-05,1.405865348919362984e-07,3.437054257358062710e-07,3.147460137580663261e-05,4.102047756846906784e-05,7.810070293996685569e-06,5.389814505857048520e-07,3.010451567685977131e-07,8.685933723323443094e-07,2.865735977797214601e-06,4.633088206438716005e-09,1.981829448476640646e-04,1.380485238938871813e-08,2.053017748421920961e-07,1.826494228596041392e-07,1.377100828941473153e-07,5.320947625909983698e-05,3.973723566945545203e-09,3.801123417078216650e-09,3.636672897204623354e-06,2.164725708336055005e-07,1.381748428937901032e-05,6.435392665053350802e-07,7.237971354436437688e-01,1.207702829071683522e-19,2.522444038061090152e-11,7.387217574321717385e-11,1.779778538631949745e-08,1.167411309102653941e-07
1.443750000000000068e-02,-3.927597039999999873e-01,0.000000000000000000e+00,2.032983549999999923e+03,1.603050779999999897e-01,6.261355445195092295e-02,3.282512559983472716e-02,2.998854113213449679e+01,3.227721449534199110e+03,-7.241912498826818023e+01,1.449416269162306405e-03,9.936134724257387357e-05,1.802053388958499002e-04,5.106643167048604236e-03,1.672247119033520857e-03,1.175337529320710922e-01,1.933828488882338995e-06,1.112122029357246505e-07,1.622768769062117002e-06,1.669493299035112274e-06,1.173366659321850087e-05,8.144279465292994883e-07,1.343317839223626370e-04,1.599577759075520352e-04,3.874047857760985064e-02,1.097075809365942456e-01,4.862234977189859833e-06,6.320756816346903778e-05,1.412534089183622681e-06,6.332794636339947389e-08,1.920872538889827397e-06,1.519824829121613610e-06,5.484913206829981859e-04,1.019053739411035569e-06,1.492590359137353868e-05,9.576108274465465506e-08,2.288763728677203674e-07,2.909019948318724986e-05,3.595539117921950009e-05,6.675499806141879089e-06,5.199737056994800294e-07,2.960640278288890932e-07,8.171624425277190067e-07,2.551582458525306916e-06,4.837887227203931829e-09,2.012627988836796801e-04,1.505028179130165283e-08,2.057007658811147651e-07,1.803425988957705479e-07,1.354919509216920828e-07,4.964364207130833779e-05,3.201195798149861227e-09,3.506169157973601558e-09,3.336374898071734099e-06,2.090594348791736179e-07,1.293138429252627656e-05,6.548949196215019145e-07,7.242157895814378410e-01,1.191831889311177916e-19,1.477248939146220386e-11,4.150236007601361141e-11,1.559060399098937264e-08,9.469042934527343696e-08
1.444921870000000046e-02,-3.936083619999999894e-01,0.000000000000000000e+00,2.032101789999999937e+03,1.604753720000000050e-01,6.214278045931723865e-02,3.276954889472452614e-02,3.047477265011855962e+01,3.136525962325696582e+03,-6.675273918831921094e+01,1.401709389184828576e-03,1.033379849399032542e-04,2.110627298772553475e-04,5.526619316785966358e-03,1.803979938950886052e-03,1.174315979317070296e-01,2.031208868818739623e-06,1.164736579322641431e-07,1.457226369152542207e-06,1.512323159120500551e-06,1.020049819406784650e-05,7.173604985828151734e-07,1.091513389365224697e-04,1.263777749265043401e-04,3.781899127800616989e-02,1.099680279360475132e-01,4.495394987385679413e-06,5.518188556790868933e-05,1.234251919282214388e-06,5.582969456753195285e-08,1.609107229064215097e-06,1.322805449230715502e-06,4.437988787419064112e-04,7.906416055401982696e-07,1.095243199363055574e-05,6.372379836294108828e-08,1.492258729132169266e-07,2.642105228463469734e-05,3.113644968189243208e-05,5.631972406724697347e-06,4.947366017122833463e-07,2.887749458320614305e-07,7.628651675563517729e-07,2.259373848686049595e-06,5.033773187072582607e-09,2.042087418812413562e-04,1.639991269046254624e-08,2.060266218801841467e-07,1.770671518970256773e-07,1.319820349232451481e-07,4.609509907319315624e-05,2.521842938533409101e-09,3.175701878153153643e-09,3.035404188234744733e-06,2.008600418831887900e-07,1.205088859299174282e-05,6.614337026153397864e-07,7.246295765785878418e-01,1.176096469316034841e-19,8.373986175130065022e-12,2.264217418683232533e-11,1.339215879221171840e-08,7.525181055623691811e-08
1.446093749999999983e-02,-3.943906240000000230e-01,0.000000000000000000e+00,2.030892759999999953e+03,1.606715959999999999e-01,6.167870074199606478e-02,3.270804328087972834e-02,3.070865841534247664e+01,3.059616128922360076e+03,-6.136729016622962263e+01,1.354186739892426685e-03,1.071140639914911201e-04,2.451568259805253589e-04,5.984957019524569412e-03,1.938950759845974601e-03,1.173110459906810954e-01,2.131690329830663851e-06,1.220229849903067985e-07,1.278467819898441669e-06,1.342798049893331447e-06,8.723159639307054096e-06,6.215066809506289795e-07,8.753707989304626558e-05,9.898813129213662190e-05,3.686625239707143342e-02,1.102114419912450793e-01,4.085891039675426955e-06,4.748690549622775506e-05,1.061191699915701654e-06,4.846686749614991326e-08,1.331482029894230269e-06,1.131583929910109728e-06,3.543486569718514215e-04,6.026508909521268784e-07,7.917564959371047715e-06,4.142075609670963514e-08,9.523595789243469024e-08,2.356734329812786705e-05,2.662991729788458122e-05,4.688176479627582145e-06,4.645632439630961912e-07,2.793659019778078461e-07,7.067240839438595657e-07,1.989734979841940293e-06,5.218905589585422995e-09,2.069883869835573316e-04,1.785171459858190636e-08,2.063156459836107783e-07,1.728513169862691217e-07,1.273055499898871652e-07,4.259535839661632734e-05,1.946082329845407598e-09,2.823130479775737293e-09,2.737877359782510005e-06,1.919622989847509797e-07,1.118289219911165957e-05,6.628650029473437049e-07,7.250387089424047415e-01,1.160494279907813121e-19,4.594647539635012340e-12,1.199384049904723738e-11,1.127839819910407044e-08,5.858721419534597672e-08
1.447265629999999921e-02,-3.951097749999999964e-01,0.000000000000000000e+00,2.029373569999999972e+03,1.608924310000000024e-01,6.122034611967493156e-02,3.264049735606748548e-02,3.068677025927991764e+01,2.996833353890581748e+03,-5.631750962136803906e+01,1.307063948561606667e-03,1.106571188782244246e-04,2.823570126892727085e-04,6.483311402865267470e-03,2.076094697715306220e-03,1.171711778710558677e-01,2.236195807539119116e-06,1.278815538592693437e-07,1.095606988794310315e-06,1.168269948714346230e-06,7.335841591927078325e-06,5.294250544173801451e-07,6.928241372375632250e-05,7.686499941541186662e-05,3.588759716050653886e-02,1.104344948784694164e-01,3.648980725984381865e-06,4.026238235569218744e-05,8.975175190123029476e-07,4.141952845441878135e-08,1.087989168802693409e-06,9.510983999533384433e-07,2.791316806928221031e-04,4.513574275032917010e-07,5.639523003793837238e-06,2.629885867105871961e-08,5.948382293453944588e-08,2.063663787728986482e-05,2.248844817525198856e-05,3.849162065764087522e-06,4.308863815258196474e-07,2.680858487049777800e-07,6.497655542849482294e-07,1.742892878081987359e-06,5.391631824066635127e-09,2.095717267693712228e-04,1.940176347864881371e-08,2.066080207726327092e-07,1.677487068153964729e-07,1.216289358661502022e-07,3.917449865688938217e-05,1.474631618377202419e-09,2.462351247290240134e-09,2.447891677306152521e-06,1.824739187991917227e-07,1.033407128862759711e-05,6.590755212747028445e-07,7.254433932016665088e-01,1.145023108739928869e-19,2.440590217314187859e-12,6.168896043211274429e-12,9.312698209751592695e-09,4.468804135082185553e-08
1.448437500000000072e-02,-3.957697430000000072e-01,0.000000000000000000e+00,2.027564560000000029e+03,1.611363160000000017e-01,6.076672242093563575e-02,3.256685408882795812e-02,3.041901561251132335e+01,2.947532489524836819e+03,-5.164130833625129213e+01,1.260547810401224308e-03,1.139387760362659750e-04,3.224517051026343402e-04,7.023072172235399549e-03,2.214280560704791085e-03,1.170112410372439321e-01,2.345788900746649826e-06,1.340616760426709678e-07,9.170332382918859057e-07,9.957611643169444869e-07,6.065322191930552836e-06,4.432875411410955931e-07,5.411318351722388008e-05,5.916936581883322884e-05,3.488877381110487563e-02,1.106339640352140830e-01,3.200836401018805542e-06,3.362165531070155863e-05,7.465586702376247989e-07,3.483804271108872939e-08,8.777137442793705953e-07,7.852610992499435887e-07,2.168956730690365297e-04,3.322381091057492430e-07,3.958632321260007272e-06,1.631205010519201932e-08,3.635725391157228236e-08,1.773428500564470844e-05,1.874869130596758677e-05,3.116232200991876679e-06,3.951527781257746056e-07,2.552316880812386374e-07,5.929761811887405104e-07,1.518690980483389696e-06,5.550532231766698628e-09,2.119322700674566959e-04,2.104441560669830330e-08,2.069469830658699122e-07,1.618386530515122121e-07,1.151463400366503414e-07,3.586015111141405717e-05,1.100689680350342497e-09,2.106620650670523886e-09,2.169304590690475904e-06,1.725184380549115155e-07,9.510655493027180937e-06,6.501388892069349832e-07,7.258438292310314122e-01,1.129680900359570060e-19,1.255482960399612236e-12,3.081327060980766966e-12,7.541228882400324280e-09,3.340227491063173276e-08
1.449609370000000050e-02,-3.963749120000000237e-01,0.000000000000000000e+00,2.025488329999999905e+03,1.614015259999999896e-01,6.031684547415994135e-02,3.248711188841159336e-02,2.992662479230261141e+01,2.910830559735453789e+03,-4.735954193262373479e+01,1.214830268989291855e-03,1.169354269027126611e-04,3.651587356961970808e-04,7.605338113672549354e-03,2.352352078042901831e-03,1.168306779027998010e-01,2.461598607952011665e-06,1.405652278830532529e-07,7.497140853762566439e-07,8.313957713082995634e-07,4.929796005898533840e-06,3.647545476965333614e-07,4.170876976529934807e-05,4.515096506243552983e-05,3.387573617181623836e-02,1.108068139078115105e-01,2.757201487706077811e-06,2.764555137699959360e-05,6.106618054919446389e-07,2.883558717600951399e-08,6.989408774184987982e-07,6.367714044702222024e-07,1.662247508617051685e-04,2.404115597999836129e-07,2.738798017721388573e-06,9.885396511775597126e-09,2.174190228191128454e-08,1.495461578755813428e-05,1.543031688716236038e-05,2.487136667930764697e-06,3.587117597015607979e-07,2.411326447993836895e-07,5.372636455530100982e-07,1.316618668904606179e-06,5.694452065262358853e-09,2.140479698219174679e-04,2.277258288105378133e-08,2.073778098274668447e-07,1.552243838708572052e-07,1.080650249100926208e-07,3.267665177281384452e-05,8.125585513239716267e-10,1.767555118529438535e-09,1.905529548414647237e-06,1.622301658650285664e-07,8.718221712746659338e-06,6.363098524706061096e-07,7.262402013957862668e-01,1.114465739072792423e-19,6.256702684794580724e-13,1.494878068756299057e-12,5.990982675015653101e-09,2.447272487963930672e-08
1.450781249999999988e-02,-3.969299090000000252e-01,0.000000000000000000e+00,2.023168679999999995e+03,1.616862420000000078e-01,5.986977436309038475e-02,3.240132108252469223e-02,2.923899044550161719e+01,2.885713318410053034e+03,-4.347658016674066062e+01,1.170083249425883957e-03,1.196286559413026852e-04,4.101393967987599309e-04,8.230904225961403059e-03,2.489168838778658011e-03,1.166291369427744362e-01,2.584737068731765952e-06,1.473833069276845015e-07,5.987600227062108841e-07,6.799925966663530738e-07,3.938648518067451667e-06,2.949102218552985522e-07,3.172345798443448265e-05,3.414915568324428536e-05,3.285443158387955920e-02,1.109502589455608479e-01,2.332170038855691566e-06,2.237980098901906978e-05,4.911484377590118199e-07,2.348463028847697153e-08,5.493097437304741802e-07,5.070663617512015802e-07,1.256218759383620411e-04,1.710203319160867144e-07,1.867320259083775590e-06,5.852244957128522136e-09,1.271150439376294150e-08,1.237432069392838352e-05,1.253650079384880830e-05,1.956542919039997501e-06,3.227307628416480843e-07,2.261335488890447293e-07,4.834251447628013926e-07,1.135853629442678932e-06,5.822519827143106490e-09,2.159018728940650315e-04,2.457808858794044972e-08,2.079466838979683379e-07,1.480291259273676283e-07,1.005917399506433917e-07,2.964441078545459489e-05,5.961738057074797331e-10,1.454405759286377511e-09,1.659371079185808706e-06,1.517486169255426323e-07,7.961526296093576408e-06,6.180051676967678774e-07,7.266326856434685011e-01,1.099375839460577396e-19,3.019226758518578167e-13,7.038762796546342612e-13,4.670375647708420619e-09,1.757907659137460333e-08
1.451953119999999965e-02,-3.974393979999999993e-01,0.000000000000000000e+00,2.020629500000000007e+03,1.619886429999999877e-01,5.942464009362997956e-02,3.230958074907241268e-02,2.838995863226315919e+01,2.870628068655603784e+03,-3.997738676314750705e+01,1.126454720449341284e-03,1.220054370486677996e-04,4.570140081823023280e-04,8.900260163550301890e-03,2.623643081046567616e-03,1.164064830464344030e-01,2.716231051083500949e-06,1.544971240616286980e-07,4.672825021863983975e-07,5.448780242173510612e-07,3.093174231233863360e-06,2.342616600934466544e-07,2.380603810949619918e-05,2.559089591020817343e-05,3.183060201269718309e-02,1.110618210443024140e-01,1.937301390772786939e-06,1.783626710711486193e-05,3.883816721549249378e-07,1.881755220750629648e-08,4.259997901699307528e-07,3.963973261581223807e-07,9.358547273733112558e-05,1.195250150476783809e-07,1.253365030499965568e-06,3.378531741347691677e-09,7.243343292889360393e-09,1.004899580400853161e-05,1.005568060401119658e-05,1.516730260605021757e-06,2.881442311149403395e-07,2.105785640839995187e-07,4.321256071723743198e-07,9.753128053890508888e-07,5.934151982367125757e-09,2.174824510867534697e-04,2.645208441055170250e-08,2.086994560832499397e-07,1.403905390560016080e-07,9.292191123706642780e-08,2.677952091068231451e-05,4.371704621743867558e-10,1.173724070468197142e-09,1.432914270571587536e-06,1.412130640563297052e-07,7.244386762889776441e-06,5.957758902376542297e-07,7.270214412900078971e-01,1.084408770432569127e-19,1.403175700559724935e-13,3.197510291275482676e-13,3.571658101424729542e-09,1.237715470493723124e-08
1.453125000000000076e-02,-3.979078850000000167e-01,0.000000000000000000e+00,2.017893870000000106e+03,1.623069679999999959e-01,5.898066704399008986e-02,3.221203134044565292e-02,2.741363617770550931e+01,2.860080829386873120e+03,-3.526673066666683809e+01,1.084066179466349400e-03,1.240580819389302202e-04,5.053766147512195285e-04,9.613606145267534347e-03,2.754768398643916809e-03,1.161627869428168286e-01,2.856997818593592906e-06,1.618794509203119986e-07,3.565103198245015531e-07,4.279901877893143219e-07,2.388290088824321991e-06,1.828378539099948735e-07,1.761607979132817598e-05,1.898639439065361319e-05,3.080961308483342806e-02,1.111393669452896971e-01,1.581529359221464498e-06,1.399803169310922251e-05,3.020003438513350321e-07,1.483577949269682782e-08,3.259410228395498551e-07,3.041385078502824894e-07,6.867395776619402944e-05,8.192092545967299024e-08,8.254910805936375509e-07,1.882578489073267809e-09,3.969612128045888458e-09,8.013892656055019960e-06,7.964279366079444100e-06,1.158494459429710741e-06,2.556356368741588366e-07,1.947967869041078389e-07,3.838876868110245728e-07,8.337102395895915095e-07,6.029044527032096862e-09,2.187835758922999484e-04,2.838556278602670903e-08,2.096804188967811144e-07,1.324539989347972028e-07,8.523418065804197527e-08,2.409363248813948697e-05,3.220626728414590053e-10,9.295293725424228274e-10,1.227477469395752647e-06,1.307581359356320099e-07,6.569623376765987828e-06,5.702777967192707268e-07,7.274066126419213019e-01,1.069564669473488026e-19,6.054108277019758671e-14,1.346169849337324197e-13,2.677891728681760925e-09,8.531624095800156720e-09
1.455468749999999992e-02,-3.987344489999999908e-01,0.000000000000000000e+00,2.011898140000000012e+03,1.629865940000000124e-01,5.809435746974889875e-02,3.200012718500461900e-02,2.537226727077599620e+01,2.871876866512914603e+03,-3.014967466666603713e+01,1.003288149825577692e-03,1.271841939778889483e-04,6.052878498947702633e-04,1.117120189805787846e-02,3.004267709477705887e-03,1.156133399799005312e-01,3.168539259449147301e-06,1.773359279691700099e-07,1.957313579659719560e-07,2.514997839562765888e-07,1.371552479761554633e-06,1.072116849813611753e-07,9.450996778356937755e-06,1.038409659819471675e-05,2.879105089499465683e-02,1.111876339806699421e-01,1.009913659824425804e-06,8.313178508554747975e-06,1.763273099693453755e-07,8.919627338449315400e-09,1.859604779676706242e-07,1.728314769699531249e-07,3.614895339371547651e-05,3.830222519334113001e-08,3.611283139372175775e-07,5.955738898964590122e-10,1.233106929785623600e-09,4.868839879153548656e-06,4.847268279157299072e-06,6.566536678858402461e-07,1.981564979655503471e-07,1.634602229715823333e-07,2.977181099482414907e-07,6.028865908951877619e-07,6.168543038927594020e-09,2.205476469616576146e-04,3.240360999436660715e-08,2.124466409630659930e-07,1.161299429798107315e-07,7.029734638777875916e-08,1.927926649664828579e-05,1.843072159679580507e-10,5.560437529033313971e-10,8.810934448468212516e-07,1.104735599807941028e-07,5.352314519069495906e-06,5.117262459110360549e-07,7.281664598734076677e-01,1.040243339819152944e-19,1.282255029777079033e-14,2.765756339519171202e-14,1.484831949741860848e-09,3.986465619306950153e-09
1.457812500000000080e-02,-3.994410820000000029e-01,0.000000000000000000e+00,2.005341480000000047e+03,1.637128640000000135e-01,5.720622204102603081e-02,3.176737955886937276e-02,2.320392103973433606e+01,2.897449776405993362e+03,-2.582766933333477155e+01,9.282730784103268096e-04,1.290295969180356580e-04,7.065474155511751453e-04,1.290008439180539111e-02,3.231480047947244815e-03,1.149848059269574230e-01,3.519067967764558470e-06,1.933755938771607212e-07,9.962733593671305711e-08,1.383178729121353904e-07,7.458017205262393490e-07,5.937650656228186220e-08,4.870327256906189267e-06,5.532387546485623572e-06,2.683397828295406781e-02,1.110838989294354179e-01,6.107028346120591712e-07,4.693533147018495072e-06,9.758087423801304040e-08,5.092410056765114229e-09,1.017053979353929964e-07,9.253873204121598754e-08,1.817966198845161123e-05,1.719060888907989337e-08,1.526874999030072994e-07,1.769162258876163216e-10,3.569643467732431010e-10,2.784262978231333937e-06,2.828361118203321030e-06,3.549950127744941051e-07,1.516519459036651195e-07,1.341950279147543798e-07,2.263842178561924080e-07,4.299809387268603108e-07,6.242922376034265815e-09,2.212431208594582200e-04,3.655508617677886616e-08,2.165690138624274065e-07,1.001859669363581868e-07,5.666056106400712591e-08,1.521627409033406401e-05,1.142614419274169242e-10,3.122105178016723867e-10,6.163935326084441776e-07,9.172571644173245886e-08,4.313773257259732459e-06,4.479618927154380972e-07,7.289135345369673891e-01,1.011392839357526131e-19,2.489303208418703323e-15,5.231247726676919857e-15,7.867606205002207783e-10,1.776499798871502053e-09
1.460156249999999996e-02,-4.000464180000000147e-01,0.000000000000000000e+00,1.998319369999999935e+03,1.644787139999999981e-01,5.631414113144857236e-02,3.151562451508657658e-02,2.108080396821106106e+01,2.928344608707055158e+03,-2.197329066666414832e+01,8.590874518829556654e-04,1.296753259823327014e-04,8.065335618901158269e-04,1.479357629798448530e-02,3.433000699532279178e-03,1.142828839844298033e-01,3.904562139468032973e-06,2.096583299714356036e-07,4.732643409355212462e-08,7.157147289024891666e-08,3.857720399474414281e-07,3.120924519574797118e-08,2.422462449669957471e-06,2.879712019607660815e-06,2.495927769659948489e-02,1.108239499849010684e-01,3.534483089518452625e-07,2.530586699655226248e-06,5.143409169299249011e-08,2.774216549622033568e-09,5.353422819270635621e-08,4.690132869361004445e-08,8.766777248805591985e-06,7.451382258984804651e-09,6.279819519144421310e-08,5.033027409314287519e-11,9.723649028675224848e-11,1.505617229794870923e-06,1.588514449783576753e-06,1.836520419749787816e-07,1.151559789843108642e-07,1.081195799852695178e-07,1.693541129769267781e-07,3.032118589586896145e-07,6.256823349147554130e-09,2.209689869698946085e-04,4.078386029444350680e-08,2.222491499697202218e-07,8.537314728836853880e-08,4.475090049390302166e-08,1.186544819838342012e-05,7.689647988952342257e-11,1.653077189774780471e-10,4.222110549424768632e-07,7.498669588978361375e-08,3.445352679530596315e-06,3.835382289477457300e-07,7.296486519005906946e-01,9.830046408660729225e-20,4.506581609386011474e-16,9.264918218737724938e-16,4.015399379452931630e-10,7.621023778961692392e-10
1.462500000000000085e-02,-4.005614169999999752e-01,0.000000000000000000e+00,1.990889259999999922e+03,1.652801809999999982e-01,5.541731680731461912e-02,3.124676141471715782e-02,1.910149353004159778e+01,2.958728797017929082e+03,-1.833006933333621191e+01,7.955309170146540121e-04,1.292378150023806155e-04,9.030735380166349377e-04,1.684280930031025261e-02,3.607118420066444606e-03,1.135143180020909831e-01,4.318960230079556309e-06,2.259064320041612778e-07,2.113431760038930215e-08,3.506409980064589329e-08,1.908445610035154332e-07,1.565638950028839962e-08,1.168828870021530355e-06,1.468924670027057991e-06,2.317915370042696738e-02,1.104081380020337649e-01,1.989812370036653097e-07,1.309875780024128334e-06,2.597097730047839408e-08,1.450256900026714169e-09,2.724419630050184751e-08,2.261767540041662791e-08,4.069244160074957370e-06,3.137343300057791037e-09,2.526873300046546155e-08,1.400494500025797691e-11,2.515335180046333532e-11,7.741512540142601468e-07,8.623791870158853477e-07,9.127962610168139584e-08,8.698954450160237669e-08,8.574838110157951328e-08,1.250497570023034433e-07,2.119345220039039332e-07,6.216523130114510789e-09,2.198520660040497550e-04,4.504732670082979075e-08,2.296013240042293445e-07,7.215865800132918791e-08,3.471502550063946027e-08,9.156130400168659977e-06,5.494399420101208620e-11,8.302349790152932225e-11,2.845084830052407524e-07,6.047402840111395936e-08,2.731041870050306805e-06,3.219962210059312965e-07,7.303724590134537120e-01,9.550710060175927664e-20,7.728093210142354121e-17,1.560366120028742649e-16,1.988776160036634111e-10,3.175155550058487410e-10
1.464843750000000000e-02,-4.009910280000000271e-01,0.000000000000000000e+00,1.983079340000000002e+03,1.661157550000000038e-01,5.451585181358326038e-02,3.096263898745324483e-02,1.731503421491800765e+01,2.985096705515783924e+03,-1.472051199999958904e+01,7.372379317821970432e-04,1.278514039622287185e-04,9.944638367062046558e-04,1.903753689437572005e-02,3.753427928891120858e-03,1.126861539667090156e-01,4.755613828595044478e-06,2.419240009285281473e-07,8.939092377359114893e-09,1.637083919516354760e-08,9.080036397317476038e-08,7.540188717772394628e-09,5.498168908375670138e-07,7.365227767824083485e-07,2.149920449364847025e-02,1.098403149675497570e-01,1.115553129670431053e-07,6.545944878066124934e-07,1.263745809626650348e-08,7.317660307838136456e-10,1.347088129602028406e-08,1.043090169691838759e-08,1.825049189460823957e-06,1.289343769619087938e-09,9.996229687046802660e-09,3.903594748846756590e-12,6.233939758158300879e-12,3.806140298875548136e-07,4.544800118657325404e-07,4.376720548706981219e-08,6.544320808066604377e-08,6.713125408016734293e-08,9.141530557299308882e-08,1.471770689565193442e-07,6.129064568189284493e-09,2.180279199355877808e-04,4.931632268543042945e-08,2.386594739294925990e-07,6.074789898205318500e-08,2.650429289216980842e-08,7.002236487931321581e-06,4.058467608801002839e-11,3.979946548824200168e-11,1.894648159440262137e-07,4.819804708576079977e-08,2.151280519364445039e-06,2.657076829215016725e-07,7.310854447840146042e-01,9.275846157259626718e-20,1.273025249623908719e-17,2.533993099251379991e-17,9.618827467158299396e-11,1.294729059617496987e-10
1.467187499999999915e-02,-4.013360400000000050e-01,0.000000000000000000e+00,1.974897870000000012e+03,1.669856620000000069e-01,5.361037884474804255e-02,3.066498431544221678e-02,1.574007504567682503e+01,3.005696556881570359e+03,-1.103313066666521358e+01,6.837616879553485736e-04,1.256551229917943907e-04,1.079429739929510480e-03,2.136681479860469066e-02,3.872435889747119758e-03,1.118051979926988210e-01,5.208461259659873766e-06,2.575965339831782474e-07,3.607881979764395682e-09,7.330633449521290117e-09,4.177781339727180153e-08,3.506665969771005270e-09,2.533874859834531126e-07,3.640819449762244499e-07,1.992049229869913632e-02,1.091268349928737336e-01,6.429243259580154207e-08,3.176285469792580055e-07,5.960918459610736138e-09,3.584635799765913517e-10,6.503744119575288117e-09,4.622934069698110110e-09,7.938857369481571017e-07,5.192486089660917036e-10,3.903747569745075362e-09,1.117009659927056230e-12,1.493112729902495769e-12,1.799124299882512309e-07,2.334896459847525017e-07,2.032796319867253059e-08,4.905327049679669124e-08,5.201496349660328490e-08,6.633678819566803099e-08,1.017674649933543184e-07,6.001623179608077589e-09,2.156276099859189541e-04,5.357385299650148588e-08,2.493923169837140702e-07,5.114583359666004330e-08,1.995265939869703901e-08,5.314378279652957347e-06,3.039383529801519807e-11,1.832412289880338604e-11,1.252041409918238252e-07,3.802612579751679345e-08,1.685780199889914075e-06,2.159817539858958052e-07,7.317879499522123021e-01,9.005383349411924827e-20,2.039444249866818934e-18,4.017466309737648675e-18,4.566285259701809077e-11,5.200552469660390156e-11
1.469531250000000004e-02,-4.015946289999999808e-01,0.000000000000000000e+00,1.966340920000000096e+03,1.678912579999999877e-01,5.270178695866708368e-02,3.035536423314276477e-02,1.437674108589284749e+01,3.019947032630967897e+03,-7.203882666668235402e+00,6.346341329311958046e-04,1.227837179866883663e-04,1.157064739874556335e-03,2.381953579741759308e-02,3.965232309570107354e-03,1.108776799879791497e-01,5.672633899384998447e-06,2.728782099704157969e-07,1.399560989848265854e-09,3.167809209656560441e-09,1.868912939797380886e-08,1.583869639828284005e-09,1.149443239875382503e-07,1.779402359807085331e-07,1.844122189800068493e-02,1.082757019882612387e-01,3.948042369571970881e-08,1.504887649836847025e-07,2.740976349702835628e-09,1.714401319814132290e-10,3.081215649665948584e-09,1.977955789785558931e-09,3.361561789635554778e-07,2.055910549777107453e-10,1.510090289836282710e-09,3.348901309636926909e-13,3.486412069622018575e-13,8.218868109108947633e-08,1.174121389872707036e-07,9.181589399004574726e-09,3.664966499602661117e-08,3.998366589566515034e-08,4.789195089480776963e-08,7.020387349238881561e-08,5.841090959366735209e-09,2.127699089769324284e-04,5.781313539373216439e-08,2.617215739716253318e-07,4.322710429531351134e-08,1.483586439839156162e-08,4.007802289565492033e-06,2.282711019752518807e-11,8.152226559116171655e-12,8.239715769106687180e-08,2.974222049677547962e-08,1.315301239857400922e-06,1.732817829812135866e-07,7.324801809205877534e-01,8.739250789052530705e-20,3.211878899651782665e-19,6.285812939318520484e-19,2.136809209768336769e-11,2.068329409775761186e-11
1.471874999999999920e-02,-4.017634700000000114e-01,0.000000000000000000e+00,1.957397809999999936e+03,1.688345950000000040e-01,5.179104373167330716e-02,3.003516833943435313e-02,1.321352234965345929e+01,3.027962880407985267e+03,-3.199829333332949499e+00,5.894037618154717708e-04,1.193622619626305158e-04,1.226767869615928014e-03,2.638482689173953996e-02,4.033245278737287130e-03,1.099090799655900869e-01,6.144589428076275088e-06,2.877751019099044609e-07,5.254155458355048803e-10,1.328951219583936944e-09,8.171339937441746439e-09,6.986854627812581531e-10,5.155112978386056924e-08,8.621415487300840015e-08,1.705793749465956202e-02,1.072958979664082046e-01,2.653913199169122817e-08,6.999829497808519360e-08,1.235284539613261898e-09,8.048401317480237845e-11,1.439314279549384785e-09,8.204622157431327765e-10,1.390361959564710807e-07,8.025469587487415037e-11,5.802985558183222593e-10,1.062969159667209612e-13,8.009804457492320930e-14,3.646511168858363715e-08,5.801127238183805514e-08,4.048046278732652873e-09,2.731616859144795703e-08,3.056178469043183161e-08,3.446215948921071670e-08,4.839997038484711703e-08,5.653833758229919005e-09,2.095577199343924557e-04,6.203549008057815492e-08,2.755393159137351981e-07,3.679664838847984466e-08,1.091291269658342658e-08,3.006805349058640494e-06,1.710724209464412884e-11,3.525275338896320288e-12,5.416180758304322468e-08,2.309335399277002197e-08,1.022586489679852542e-06,1.374665399569624892e-07,7.331622257704644152e-01,8.477377577345935284e-20,5.018368258428868178e-20,9.796363996932990869e-20,9.892947216902753400e-12,8.178083147439636520e-12
1.474218750000000008e-02,-4.018384660000000053e-01,0.000000000000000000e+00,1.948054609999999911e+03,1.698181370000000079e-01,5.087909261244480397e-02,2.970560796669888606e-02,1.223166117399277475e+01,3.030220958233818237e+03,9.931093333340734741e-01,5.476561654243397971e-04,1.155034480894953945e-04,1.288185660998123492e-03,2.905231962251057787e-02,4.078071043159807278e-03,1.089040800843820295e-01,6.621978265130899321e-06,3.023296352342537188e-07,1.921509211488840949e-10,5.443612534217868268e-10,3.509804562719497778e-09,3.026419932344957854e-10,2.295101941778311369e-08,4.151485363216690781e-08,1.576630741221618850e-02,1.061968660822844024e-01,1.961309381519678863e-08,3.213278922489741472e-08,5.483750534248968617e-10,3.727585812888241622e-11,6.659684475160116195e-10,3.312402502566545118e-10,5.635633534366651501e-08,3.096351722399142705e-11,2.220766791720714288e-10,3.566703702763584657e-14,1.829426441417492405e-14,1.578677671223205008e-08,2.826302562189900908e-08,1.748278821354616822e-09,2.033587501575682529e-08,2.327991611803794917e-08,2.475350211917972729e-08,3.339659062587664783e-08,5.445574994219388688e-09,2.060772841596746172e-04,6.624839865133117271e-08,2.907221002252598821e-07,3.163410952451101995e-08,7.952787276162049542e-09,2.246583341740717435e-06,1.277099200989533451e-11,1.490227691154671435e-12,3.564440262761830735e-08,1.782184701380888026e-08,7.927187056142214233e-07,1.080100100836892728e-07,7.338340795685958096e-01,8.219692666368855371e-20,7.839360626074163756e-21,1.532770831187635230e-20,4.546274823522584878e-12,3.224923572498764154e-12
1.476562499999999924e-02,-4.018151899999999888e-01,0.000000000000000000e+00,1.938296199999999999e+03,1.708445959999999875e-01,4.996680151665346820e-02,2.936772485897936810e-02,1.140845610108278763e+01,3.027345670767052979e+03,5.377621333332915476e+00,5.090227528223461619e-04,1.113067209611529008e-04,1.341161049531922186e-03,3.181231168889719907e-02,4.101362868568585000e-03,1.078665899623535290e-01,7.103415637520840042e-06,3.166084778895006465e-07,6.888994817595675137e-11,2.189341789235898911e-10,1.488478359480506946e-09,1.293967559548393008e-10,1.018062269644686634e-08,1.991410469304978775e-08,1.456161079491785984e-02,1.049881479633581471e-01,1.565168249453741488e-08,1.463147059489347816e-08,2.409031049159225116e-10,1.711157119402789678e-11,3.065378518930153899e-10,1.306277339544096718e-10,2.245583919216269968e-08,1.183386879586986787e-11,8.482025727039692563e-11,1.252964789562703474e-14,4.205682498532176453e-15,6.698994997661987425e-09,1.362287339524548823e-08,7.420920657410028324e-10,1.514658189471370110e-08,1.771147449381852854e-08,1.776865169379857233e-08,2.309237339194054023e-08,5.221363998177694933e-09,2.023990719293608216e-04,7.046389667540743072e-08,3.071410008928048712e-07,2.752236419039443479e-08,5.749499867993369940e-09,1.673407679415964909e-06,9.496158366685750048e-12,6.192516207838753022e-13,2.352935529178803301e-08,1.368531519522369471e-08,6.131314967860113294e-07,8.417913937062067250e-08,7.344956627436540764e-01,7.966125047219747433e-20,1.232305799569913601e-21,2.423611079154136905e-21,2.079867589274106446e-12,1.271461709556247868e-12
1.478906250000000012e-02,-4.016891519999999938e-01,0.000000000000000000e+00,1.928107469999999921e+03,1.719168299999999927e-01,4.905494334666693490e-02,2.902240648572007933e-02,1.071987958734296420e+01,3.019983180850165354e+03,9.949610666666689696e+00,4.731821456252935593e-04,1.068585489153801762e-04,1.385689688902691247e-03,3.465584047255651501e-02,4.104762776749494232e-03,1.067998209154266825e-01,7.588258083990961987e-06,3.306941227381278324e-07,2.436208468070799799e-11,8.692534453116500038e-11,6.263620235039924947e-10,5.488121485654032054e-11,4.514045676425388539e-09,9.536374932448274352e-09,1.343902838935781725e-02,1.036791219178979234e-01,1.313962898959490638e-08,6.641375404740785767e-09,1.051650689167212143e-10,7.818645313808521909e-12,1.409185628884085215e-10,5.048662446002032998e-11,8.821703003014213864e-09,4.489703106444665446e-12,3.239527897434662292e-11,4.553729306393963830e-15,9.882458432174216560e-16,2.798401787783984055e-09,6.515993064840073996e-09,3.105602107540716144e-10,1.130842779104501064e-08,1.348899378931825004e-08,1.275848798989672753e-08,1.601709058731628333e-08,4.985596146051974720e-09,1.985795378427475768e-04,7.469735034084819824e-08,3.246676407429001166e-07,2.426344968078610615e-08,4.128581996730632365e-09,1.243830669015027456e-06,7.037792294426868360e-12,2.543277387986013594e-13,1.560136128764549464e-08,1.046740809171100150e-08,4.734364836250920875e-07,6.516449284839711868e-08,7.351468484178472762e-01,7.716604113889327275e-20,1.959771378448083901e-22,3.894163316916265295e-22,9.498162402478535394e-13,5.021897346023228557e-13
1.481249999999999928e-02,-4.014559580000000016e-01,0.000000000000000000e+00,1.917474040000000059e+03,1.730377869999999985e-01,4.814419466897370409e-02,2.867040461054666187e-02,1.014246840867117072e+01,3.008733936174117844e+03,1.470084266666722961e+01,4.398574659790582234e-04,1.022333289951326321e-04,1.421884169932303467e-03,3.757469109821105768e-02,4.089862979805279977e-03,1.057063799949672783e-01,8.076422249615479557e-06,3.446795299835896655e-07,8.550023569592930763e-12,3.425252999836922439e-11,2.628203649874870329e-10,2.319875819889549595e-11,2.006298049904479445e-09,4.568020219782515458e-09,1.239381169940992691e-02,1.022788339951304637e-01,1.135123399945956354e-08,3.020166939856208652e-09,4.578937559781995177e-11,3.569309289830064244e-12,6.493195499690856742e-11,1.918198239908673686e-11,3.426120359836881332e-09,1.694304579919333551e-12,1.239395399940991972e-11,1.695175109919292192e-15,2.418262339884865698e-16,1.155660309944978690e-09,3.101368209852342989e-09,1.285153839938813550e-10,8.479972739596264139e-09,1.030765399950924791e-08,9.170515329563389639e-09,1.115322619946899139e-08,4.742061009774228302e-09,1.946631959907320288e-04,7.896660209624038026e-08,3.431768299836612326e-07,2.168570589896753663e-08,2.947880089859650349e-09,9.234139529560359470e-07,5.203644489752253263e-12,1.037872179950586521e-13,1.040184829950476437e-08,7.982126009619968649e-09,3.651690619826141912e-07,5.016768499761149793e-08,7.357874839649689580e-01,7.471059919644300361e-20,3.167168459849209891e-23,6.387450849695891761e-23,4.340570259793343566e-13,1.990328219905239710e-13
1.483593750000000017e-02,-4.011114069999999754e-01,0.000000000000000000e+00,1.906382599999999911e+03,1.742104760000000030e-01,4.723514381418567054e-02,2.831235536755766224e-02,9.654682941305816612e+00,2.994123581214677415e+03,1.962039466666543674e+01,4.088116617298746445e-04,9.749457753557972913e-05,1.449945209041937850e-03,4.056135937319877566e-02,4.058187017318522910e-03,1.045883709308924603e-01,8.568250824338463463e-06,3.586650437630093829e-07,2.996477608020055240e-12,1.346522909110275027e-11,1.104958299269890613e-10,9.815860763514096951e-12,8.959670004079830906e-10,2.192705998551152973e-09,1.142137609245323995e-02,1.007958989333983535e-01,9.947454863427144678e-09,1.383367279085929888e-09,1.994816108681910425e-11,1.633307808920779780e-12,3.008311068012235575e-11,7.184761535252614750e-12,1.318867199128548633e-09,6.372009905789646700e-13,4.757517006856435063e-12,6.420267635757760190e-16,6.288383625844903088e-17,4.737714986869519740e-10,1.472546319027003981e-09,5.273446186515531612e-11,6.399240255771654789e-09,7.921604164765741487e-09,6.602424195637398713e-09,7.801888574844843862e-09,4.494002867030554111e-09,1.906847148740036543e-04,8.329143824496456391e-08,3.625466567604446006e-07,1.964539128701915942e-08,2.095021618615698613e-09,6.853016415471817478e-07,3.842551067461005452e-12,4.230473957204682632e-14,6.979102155388506267e-09,6.074030755986538732e-09,2.815116128139891417e-07,3.845363137459147961e-08,7.364174075134066744e-01,7.229423495223104706e-20,5.220532446550493951e-24,1.073674529290561530e-23,1.989505488685419431e-13,7.926436144762547521e-14
1.485937499999999932e-02,-4.006515540000000208e-01,0.000000000000000000e+00,1.894821189999999888e+03,1.754379530000000076e-01,4.632830281227268143e-02,2.794879800845490384e-02,9.237567950780253057e+00,2.976592339252856164e+03,2.469572266666755667e+01,3.798421717158981465e-04,9.269620403066814200e-05,1.470139478900413330e-03,4.360898996738278577e-02,4.011183586999846930e-03,1.034474879226267574e-01,9.064417053220295386e-06,3.727568717211976160e-07,1.055562279210495224e-12,5.307964096029923907e-12,4.676942026501895379e-11,4.173653436878328995e-12,4.028171426987141153e-10,1.056477479209810696e-09,1.051735009213357851e-02,9.923844482577490189e-02,8.771465013439409137e-09,6.422514155196299249e-10,8.718682003478887505e-12,7.512655794380931421e-13,1.405196128948987765e-11,2.659911538010527353e-12,5.044353236227090484e-10,2.392569378210484973e-13,1.835001418627516248e-12,2.464411678156750703e-16,1.767729548677831740e-17,1.935938898552020438e-10,6.990312334771616660e-10,2.151337548390913220e-11,4.867856736359100981e-09,6.136816315409986006e-09,4.763814596436918820e-09,5.485338475897256802e-09,4.244183736825575112e-09,1.866708278603801017e-04,8.769332303441004864e-08,3.826567997137929660e-07,1.802517378651812408e-08,1.483293488890575011e-09,5.088296596194224008e-07,2.836815687878212136e-12,1.731260948705108608e-14,4.715070516473376850e-09,4.616072556547422976e-09,2.170256838376762661e-07,2.937670237802778341e-08,7.370364654487356892e-01,6.991627104770633504e-20,8.803703433415295644e-25,1.855445008612225074e-24,9.164952163145101697e-14,3.175822797624652616e-14
1.488281250000000021e-02,-4.000727479999999781e-01,0.000000000000000000e+00,1.882779320000000098e+03,1.767233089999999951e-01,4.542412058321988050e-02,2.758019221800644960e-02,8.875024195894571477e+00,2.956499010260838986e+03,2.991325866666598543e+01,3.527756610242999092e-04,8.788373810605359785e-05,1.482782600102137017e-03,4.671130060321756344e-02,3.950227610272099947e-03,1.022851000070456040e-01,9.565856530658915229e-06,3.870666370266619645e-07,3.764312610259293772e-13,2.108676870145249592e-12,2.002411380137930000e-11,1.789492970123263785e-12,1.826164600125789973e-10,5.117144340352479723e-10,9.677595690666613085e-03,9.761409470672385846e-02,7.749799210533821271e-09,3.046567970209853561e-10,3.831538880263923979e-12,3.481561040239816719e-13,6.632681720456873006e-12,9.756879150672073986e-13,1.921390950132349118e-10,8.984908500618898386e-14,7.121582650490548747e-13,9.570092280659206146e-17,5.415498040373030233e-18,7.916283300545289250e-11,3.324280660228983410e-10,8.747508860602546128e-12,3.737566120257450486e-09,4.802782940330824786e-09,3.446277430237386507e-09,3.877832490267112921e-09,3.994943530275179899e-09,1.826420040125807448e-04,9.219533880635059793e-08,4.033858040277860028e-07,1.673110440115247064e-08,1.047076450072124744e-09,3.782730400260561906e-07,2.095966250144374380e-12,7.149221840492453818e-15,3.209010940221042838e-09,3.506231800241516425e-09,1.674084540115314189e-07,2.238907630154220448e-08,7.376445270508105168e-01,6.757604430465477384e-20,1.522780540104892305e-25,3.305418850227684383e-25,4.251125920292825859e-14,1.281548350088275576e-14
1.490624999999999936e-02,-3.993716560000000193e-01,0.000000000000000000e+00,1.870248010000000022e+03,1.780696730000000116e-01,4.452299533903956996e-02,2.720693404398930385e-02,8.553782310414215218e+00,2.934131271517048390e+03,3.525875200000057674e+01,3.274632060050096057e-04,8.309545190127120803e-05,1.488226490022767200e-03,4.986250460076280949e-02,3.876625390059305464e-03,1.011023260015466857e-01,1.007371740015410856e-05,4.017116620061454976e-07,1.369950900020957799e-13,8.483752740129786133e-13,8.712263310133283363e-12,7.760044510118714736e-13,8.359032340127878724e-11,2.495108010038170670e-10,8.898212550136126719e-03,9.592997390146756898e-02,6.846311620104736252e-09,1.492412020022831241e-10,1.696142430025947854e-12,1.628730560024916613e-13,3.169530970048488254e-12,3.554054500054370525e-13,7.304310130111743455e-11,3.380244070051711188e-14,2.784585530042598829e-13,3.757860670057488206e-17,1.801323640027556828e-18,3.251737140049746110e-11,1.586474280024270298e-10,3.553514720054362417e-12,2.898895070044348201e-09,3.804377980058200165e-09,2.500792290038257590e-09,2.757413590042183275e-09,3.748254570057341448e-09,1.786138310027324662e-04,9.682229040148121409e-08,4.246078860064957331e-07,1.568906580024001492e-08,7.374999660112824131e-10,2.817738100043106745e-07,1.551311570023732408e-12,2.993846820045800580e-15,2.200882020033669411e-09,2.663759690040750615e-09,1.292796410019777408e-07,1.703800680026065019e-08,7.382414890112937167e-01,6.527290710099856657e-20,2.707600150041421441e-26,6.084015280093074381e-26,1.988727000030423862e-14,5.213766910079761015e-15
1.492968750000000025e-02,-3.985452789999999745e-01,0.000000000000000000e+00,1.857219869999999901e+03,1.794802129999999996e-01,4.362528535092102117e-02,2.682936762861190538e-02,8.263142535753315698e+00,2.909714193630503814e+03,4.071761066666734052e+01,3.037760920348481263e-04,7.836335660898956592e-05,1.486849850170566265e-03,5.305723780608653795e-02,3.791621260434961584e-03,9.990008881146017483e-02,1.058932280121476902e-05,4.168157750478156677e-07,5.134386660588998582e-14,3.473233120398436985e-13,3.869551900443901237e-12,3.412088110391422284e-13,3.867451820443660064e-11,1.226321700140679315e-10,8.175531200937868545e-03,9.419273111080544991e-02,6.041350790693042142e-09,7.654970010878150581e-11,7.574882800868963666e-13,7.703991970883774538e-14,1.535757760176176657e-12,1.288316670147791148e-13,2.777127120318582004e-11,1.276022050146380754e-14,1.098283690125991129e-13,1.492411120171203990e-17,6.425634720737125277e-19,1.346568030154473617e-11,7.609754000872964019e-11,1.445507520165823368e-12,2.271849270260618578e-09,3.054546130350406415e-09,1.821031290208902215e-09,1.972721050226303496e-09,3.505769750402169326e-09,1.745981450200292809e-04,1.016009380116553035e-07,4.461897350511852931e-07,1.484126260170253756e-08,5.186420650594968024e-10,2.104562680241428028e-07,1.151255020132067984e-12,1.277539310146554948e-15,1.521524520174544010e-09,2.025492150232357169e-09,9.999997921147164722e-08,1.295696730148637671e-08,7.388272870847556462e-01,6.300622850722785383e-20,4.958613520568835160e-27,1.159209620132980480e-26,9.396412381077923543e-15,2.140504720245551407e-15
1.495312499999999940e-02,-3.975909599999999933e-01,0.000000000000000000e+00,1.843689080000000104e+03,1.809581409999999890e-01,4.273131842086722726e-02,2.644779746112762772e-02,7.994650628847791651e+00,2.883424775593427057e+03,4.627519999999724831e+01,2.816022438332178770e-04,7.371406735634201339e-05,1.479051089124015133e-03,5.629049116666132169e-02,3.696404537810762427e-03,9.867917054155614376e-02,1.111414059341752393e-05,4.325105277438407288e-07,2.001363408814669931e-14,1.453577739139102165e-13,1.762121138956363770e-12,1.524527519097081228e-13,1.810273408927844911e-11,6.082608326397505238e-11,7.506100815554426868e-03,9.240856784526997603e-02,5.322556736847655452e-09,4.177051407526093856e-11,3.417292427976069584e-13,3.689454887814878579e-14,7.554824775525569319e-13,4.656554587242102622e-14,1.058088999373334810e-11,4.840610257133093629e-15,4.374558937409117806e-14,5.998406196447375513e-18,2.421960718565566555e-19,5.639783056659774263e-12,3.673621417824255792e-11,5.900936986505103444e-13,1.798476598934831801e-09,2.488082888526404421e-09,1.331207499211577376e-09,1.420333789158791153e-09,3.268864128063977794e-09,1.706039228989578778e-04,1.065603319368884313e-07,4.679876977228289667e-07,1.414303719162362494e-08,3.643833987841898096e-10,1.577166059065905653e-07,8.573829504922051947e-13,5.581026736694573495e-16,1.060489939371912938e-09,1.542495529086439543e-09,7.751967595408808582e-08,9.854074794163813075e-09,7.394018945620808303e-01,6.077539456400508637e-20,9.371078194449873605e-28,2.289979618643733711e-27,4.489500587341043319e-15,8.876032594743070088e-16
1.497656250000000029e-02,-3.965063850000000167e-01,0.000000000000000000e+00,1.829651409999999942e+03,1.825067200000000112e-01,4.184139917300781775e-02,2.606249638669965937e-02,7.741737046455919646e+00,2.855399877688181732e+03,5.191675733333480736e+01,2.608432548544935433e-04,6.916954706141509041e-05,1.465242889182642293e-03,5.955755416677695896e-02,3.592115817996207119e-03,9.744024704564482886e-02,1.164975889350140338e-05,4.489367717495691888e-07,8.192078095430206809e-15,6.245302496516177525e-14,8.260758735391893364e-13,6.934622006131653131e-14,8.579554415214059009e-12,3.048072778299690937e-11,6.886673826158400645e-03,9.058327414946984457e-02,4.680870867388865157e-09,2.459205098628179497e-11,1.559222319130217698e-13,1.791033299000906356e-14,3.777191347892966058e-13,1.681343289062094892e-14,4.047400207742234449e-12,1.847970698969144773e-15,1.761523179017367892e-14,2.442005728637773481e-18,9.523833794687310723e-20,2.395608238663655633e-12,1.786954909003181467e-11,2.422551438648625840e-13,1.437069379198358393e-09,2.056536518852800394e-09,9.773170524548224382e-10,1.029386129425776622e-09,3.038670728304935655e-09,1.666379749070441964e-04,1.117322469376722918e-07,4.898456137267490047e-07,1.356013069243574164e-08,2.559017058572501385e-10,1.186645129338052795e-07,6.412983406422640178e-13,2.506897968601575073e-16,7.453311235842312643e-10,1.177158719343344513e-09,6.025395926638847536e-08,7.499947525816297784e-09,7.399653255872244983e-01,5.857980906732237913e-20,1.831325938978429876e-28,4.696593537380094628e-28,2.171398338788727002e-15,3.720791407924427582e-16
1.499999999999999944e-02,-3.952895860000000261e-01,0.000000000000000000e+00,1.815104139999999916e+03,1.841292780000000073e-01,4.095581518511670627e-02,2.567371296038351708e-02,7.499412628975707484e+00,2.825747593016210431e+03,5.762790399999810376e+01,2.414119459175910780e-04,6.474774267789756930e-05,1.445847859506442035e-03,6.285396587854402695e-02,3.479852208812109823e-03,9.618391936716644275e-02,1.219786479583610963e-05,4.662465618408410322e-07,3.547532078789006511e-15,2.764995459056134822e-14,4.000799778634277948e-13,3.216714498901935261e-14,4.120125588593545302e-12,1.544746899472681572e-11,6.314189457844574319e-03,8.872226306971356391e-02,4.108834728597398995e-09,1.572674099463148419e-11,7.204282817540729633e-14,8.822954916988176616e-15,1.921202329344174067e-13,6.075144337926174960e-15,1.557182199468436787e-12,7.109334797573142019e-16,7.178281067549606499e-15,1.007912009655936897e-18,3.871970618678255570e-20,1.034276069646937287e-12,8.767424457007131343e-12,1.002202729657885754e-13,1.157743209604790066e-09,1.724142179411442999e-09,7.208666607539232473e-10,7.511506147435854727e-10,2.816111129038685823e-09,1.627054739444584893e-04,1.171517059600088164e-07,5.115935418253612628e-07,1.306640549553962167e-08,1.797330309386459276e-10,8.969156156938268314e-08,4.821232658354213753e-13,1.162243839603253725e-16,5.282774988196660906e-10,9.007578826925152518e-10,4.698223838396203332e-08,5.716242468048690595e-09,7.405176357472151860e-01,5.641889318074071048e-20,3.710094708733513636e-29,1.001194489658229874e-28,1.064083419636762195e-15,1.578085419461301193e-16
1.502343750000000033e-02,-3.939389320000000194e-01,0.000000000000000000e+00,1.800046109999999999e+03,1.858292099999999947e-01,4.007484143046638470e-02,2.528167723801888825e-02,7.263912582512126015e+00,2.794553282142331682e+03,6.339426133333595459e+01,2.232303889401206047e-04,6.046312768378135427e-05,1.421295159618751313e-03,6.617547608224907951e-02,3.360671509098532399e-03,9.491073737454111536e-02,1.276022469657719455e-05,4.846054208700091979e-07,1.630349679562674658e-15,1.265019979660670730e-14,2.007150749461601411e-13,1.523974479591208348e-14,2.006282109461834088e-12,7.925060617874179625e-12,5.785757448448025989e-03,8.683060617670852743e-02,3.599875969034367777e-09,1.087906789708179607e-11,3.375447219094568568e-14,4.415219898815660250e-15,9.950073717330989336e-14,2.200295639409792291e-15,6.036163088380857652e-13,2.759638549259753611e-16,2.963133039205168538e-15,4.221588518867599928e-19,1.618432649565871146e-20,4.545636038780677174e-13,4.342674798835119729e-12,4.186161548877102614e-14,9.391288167480876512e-10,1.464646349607122687e-09,5.343988168566527209e-10,5.519898618519340075e-10,2.601921669302059576e-09,1.588103649574006777e-04,1.228575989670446499e-07,5.330475248570151679e-07,1.264200129660890564e-08,1.263044249661200598e-10,6.814208028172154493e-08,3.645695929022077756e-13,5.577993608503757646e-17,3.776493288986992259e-10,6.914684068145202661e-10,3.676734509013750912e-08,4.365493378828998612e-09,7.410589188012181028e-01,5.429208558543666864e-20,7.818775977902688975e-30,2.220660319404329508e-29,5.287362218581716039e-16,6.777379358182032486e-17
1.504687499999999949e-02,-3.924531290000000117e-01,0.000000000000000000e+00,1.784477589999999964e+03,1.876099980000000000e-01,3.919874384285971375e-02,2.488660520835481171e-02,7.032496065817518627e+00,2.761887526404507753e+03,6.920200533333061799e+01,2.062282938750254748e-04,5.632716596586568897e-05,1.392017479156436267e-03,6.951801335787202718e-02,3.235595158039227068e-03,9.362121744326547257e-02,1.333866679191675752e-05,5.041949886944574373e-07,7.933174955192489538e-16,5.990542926369726779e-15,1.044630289366953208e-13,7.384816875524796552e-15,9.913231323992574506e-13,4.119560777503543217e-12,5.298642716789018006e-03,8.491306554854262389e-02,3.148012828092302058e-09,8.033901245131449419e-12,1.606395469026523021e-14,2.246893058638381461e-15,5.251806016817401464e-14,8.000287125151819640e-16,2.361343598569023960e-13,1.082131309344227552e-16,1.240165009248459025e-15,1.796033138911602626e-19,6.933469505798312449e-21,2.035545928766457580e-13,2.173248618683009745e-12,1.768767618928125483e-14,7.659366785358417607e-10,1.258866889237125668e-09,3.983068907586256866e-10,4.085842687523975990e-10,2.396675968547612372e-09,1.549556629060967381e-04,1.288934219218904965e-07,5.540105036642691716e-07,1.227186749256323742e-08,8.884274584616122976e-11,5.206488896844863586e-08,2.774732088318510287e-13,2.776074208317696849e-17,2.723100138349798810e-10,5.327739946771385063e-10,2.889149888249172871e-08,3.342475247974457146e-09,7.415893055505962117e-01,5.219884236836746135e-20,1.722544018956137173e-30,5.129557746891484217e-30,2.665729448384565935e-16,2.949721868212466378e-17
1.507031250000000037e-02,-3.908312070000000138e-01,0.000000000000000000e+00,1.768400309999999990e+03,1.894752170000000013e-01,3.832778169371908045e-02,2.448870248034148295e-02,6.803180641624605229e+00,2.727809115646359714e+03,7.503735466666972798e+01,1.903417209120590115e-04,5.234870897581403844e-05,1.358448509372374522e-03,7.287766126632931607e-02,3.105610088565157346e-03,9.231585675734856056e-02,1.393506279356177239e-05,5.252161357573415246e-07,4.058440348124934003e-16,2.936684728643203578e-15,5.640374407394054422e-14,3.664757298306821797e-15,4.973758437702042005e-13,2.171537708996713751e-12,4.850251487759103808e-03,8.297412296166459256e-02,2.747732088730502739e-09,6.229049027122077175e-12,7.781458806404839247e-15,1.164088849462171949e-15,2.827481568693657049e-14,2.924616388648779425e-16,9.337358955685986781e-14,4.291338798017331359e-17,5.267252747566443433e-16,7.768434336410857027e-20,3.039878598595526147e-21,9.290337085707711515e-14,1.099584599491973855e-12,7.573662816500844529e-15,6.271886167102286060e-10,1.092842779495088850e-09,2.985711378620552321e-10,3.046946508592260475e-10,2.200804398983192209e-09,1.511436799301691465e-04,1.353081529374854303e-07,5.742743997346758690e-07,1.194461299448139288e-08,6.257446627108957869e-11,4.002766788150655547e-08,2.126949219017314686e-13,1.433036459337913400e-17,1.980679299084893721e-10,4.122131858095507449e-10,2.280596668946326765e-08,2.567084678813964815e-09,7.421089596571335267e-01,5.013863707683512934e-20,3.995502368154013013e-31,1.235081749429372057e-30,1.364447839369602869e-16,1.302075979398419402e-17
1.509374999999999953e-02,-3.890725190000000056e-01,0.000000000000000000e+00,1.751817379999999957e+03,1.914285510000000023e-01,3.746220954180373014e-02,2.408816696030728621e-02,6.574586018172639434e+00,2.692370895775371991e+03,8.088708266666274938e+01,1.755120219974290615e-04,4.853433729928905799e-05,1.321020619980649291e-03,7.625063889888306079e-02,2.971669699956470088e-03,9.099514329866707774e-02,1.455130979978684744e-05,5.478925909919743562e-07,2.161847109968332700e-16,1.488185609978200648e-15,3.154869289953786690e-14,1.864310919972691556e-15,2.535727529962855903e-13,1.161699999982983008e-12,4.438118909934989781e-03,8.101800549881323088e-02,2.393936619964932862e-09,4.994683319926836861e-12,3.846910489943649237e-15,6.147088219909955854e-16,1.554098159977234979e-14,1.076402529984232505e-16,3.737822429945247550e-14,1.722811539974763590e-17,2.272085359966717815e-16,3.419105439949916394e-20,1.363317929980029962e-21,4.320911559936706330e-14,5.628370789917553104e-13,3.292124489951776458e-15,5.149489419924568232e-10,9.564455939859895439e-10,2.251501749967019244e-10,2.289600089966461208e-10,2.014611119970489463e-09,1.473761899978411971e-04,1.421572839979176405e-07,5.936233339913044277e-07,1.165161539982932505e-08,4.414550669935334337e-11,3.097912939954620927e-08,1.643047419975932383e-13,7.662570479887756372e-18,1.453322779978711090e-10,3.204040089953066102e-10,1.809178159973498854e-08,1.978602419971017037e-09,7.426180759891218841e-01,4.811096009929525428e-20,9.853588939855661253e-32,3.102436299954554464e-31,7.093892189896085803e-17,5.834085349914540261e-18
1.511718750000000042e-02,-3.871767280000000255e-01,0.000000000000000000e+00,1.734733259999999973e+03,1.934738029999999998e-01,3.660227829316825554e-02,2.368519113968726997e-02,6.345784756799222492e+00,2.655621140060418384e+03,8.673804800000397108e+01,1.616850058765658435e-04,4.488865636573093288e-05,1.280162749022693315e-03,7.963328793920605719e-02,2.834693987835927315e-03,8.965956433155175542e-02,1.518931018840411825e-05,5.724752335629588168e-07,1.187197329093665312e-16,7.774498714064762452e-16,1.823026818608258206e-14,9.727472012573817568e-16,1.314511278996470824e-13,6.311766335181448064e-13,4.059898556900577021e-03,7.904870723965234935e-02,2.081919098410613301e-09,4.094621536874068083e-12,1.947439558513278450e-15,3.312544757471124549e-16,8.727986113336849249e-15,3.993863746950989165e-17,1.516982288841899842e-14,7.008579954649482370e-18,9.961894462394852465e-17,1.532540348830022313e-20,6.254739235224982711e-22,2.046883468437360430e-14,2.916169557773726899e-13,1.455135498889115065e-15,4.234232886767486236e-10,8.423464023569327465e-10,1.708382058695780578e-10,1.733944478676265360e-10,1.838288888596606702e-09,1.436545548903307094e-04,1.495040658858650246e-07,6.118378735329084147e-07,1.138633559130740010e-08,3.120446667617776980e-11,2.414724838156541734e-08,1.279812979022960372e-13,4.232541306768777197e-18,1.075783099178721566e-10,2.502926068089206404e-10,1.442928478898434098e-08,1.531149958831083840e-09,7.431168764326868681e-01,4.611531866479447297e-20,2.615204788003490621e-32,8.137122453787926366e-32,3.748020987138671266e-17,2.655421377972787950e-18
1.514062499999999957e-02,-3.851438050000000057e-01,0.000000000000000000e+00,1.717153679999999895e+03,1.956149110000000024e-01,3.574823606323480202e-02,2.327996389162724153e-02,6.116202947707685134e+00,2.617605548297292444e+03,9.257774933333118383e+01,1.488102360231874919e-04,4.141455380645317724e-05,1.236298420192638971e-03,8.302206241293642874e-02,2.695569100420021347e-03,8.830961271376032429e-02,1.585095030246987954e-05,5.992471510933741172e-07,6.662814051038193657e-17,4.171672590650026444e-16,1.084363360168964539e-14,5.205843750811169613e-16,6.933472961080368373e-14,3.485276350543072629e-13,3.713353490578611554e-03,7.707000881200898323e-02,1.807344350281618837e-09,3.405497450530641736e-12,1.013677390157950279e-15,1.823933340284203784e-16,5.012454120781036664e-15,1.495762440233068069e-17,6.250609980973965559e-15,2.891711450450583776e-18,4.442826140692276927e-17,7.001203321090922693e-21,2.936759830457603302e-22,9.869064421537790724e-15,1.530166920238429390e-13,6.550493991020692868e-16,3.483242000542755464e-10,7.452521431161246175e-10,1.304528680203270594e-10,1.323574180206238015e-10,1.671932380260519178e-09,1.399798140218115551e-04,1.574210100245292011e-07,6.287001140979634911e-07,1.114379450173641529e-08,2.210547370344445402e-11,1.896443830295502270e-08,1.005723400156710966e-13,2.406193180374930598e-18,8.033711371251806195e-11,1.965790480306307834e-10,1.157463520180355046e-08,1.190140970185446621e-09,7.436056061158680119e-01,4.415123680687960941e-20,7.563493391178537534e-33,2.230307480347524473e-32,2.013252780313702932e-17,1.228738240191460918e-18
1.516406250000000046e-02,-3.829740139999999737e-01,0.000000000000000000e+00,1.699085659999999962e+03,1.978559619999999963e-01,3.490032873552414983e-02,2.287267176403431565e-02,5.885503865526796829e+00,2.578370644246655502e+03,9.839372800000134589e+01,1.368404650071491577e-04,3.811342400199121082e-05,1.189843930062162809e-03,8.641352160451462594e-02,2.555146300133492171e-03,8.694579160454243838e-02,1.653807540086402254e-05,6.285296530328371274e-07,3.794975470198266054e-17,2.289757050119626906e-16,6.612813010345482931e-15,2.855742210149196998e-16,3.723221230194517201e-14,1.957182630102251661e-13,3.396348910177440349e-03,7.508549170392279926e-02,1.566233480081827054e-09,2.859583380149397372e-12,5.450993600284784106e-16,1.027449970053678500e-16,2.945671740153895010e-15,5.660954070295752986e-18,2.618382490136796079e-15,1.211074100063271673e-18,2.016893340105371171e-17,3.262236230170433630e-21,1.411968020073767387e-22,4.839242960252823984e-15,8.135117730425014392e-14,3.007712350157136446e-16,2.864278510149642596e-10,6.613442970345515472e-10,1.002577130052379042e-10,1.018453820053208513e-10,1.515549920079179030e-09,1.363527520071236576e-04,1.659916950086721355e-07,6.439993700336454595e-07,1.092017620057051748e-08,1.569760390082011192e-11,1.501271220078433042e-08,7.977457270416777069e-14,1.402018050073247567e-18,6.052692270316218939e-11,1.552813520081125844e-10,9.341772760488055982e-09,9.295397510485633031e-10,7.440845320388742579e-01,4.221825500220567166e-20,2.405389190125668465e-33,6.393145550334005874e-33,1.099899850057463562e-17,5.784813530302224276e-19
1.518749999999999961e-02,-3.806679110000000255e-01,0.000000000000000000e+00,1.680537389999999959e+03,2.002012019999999948e-01,3.405879997895133737e-02,2.246350015005351211e-02,5.653555078958623525e+00,2.537962131078106722e+03,1.041738239999961309e+02,1.257311649271915526e-04,3.498536667974065959e-05,1.141206599339149785e-03,8.980432674799608550e-02,2.414240648601960557e-03,8.556861855044889387e-02,1.725246129000943888e-05,6.606894726174077276e-07,2.182269798736290555e-17,1.280348309258575468e-16,4.118086987615297521e-15,1.603756889071295967e-16,2.036525508820687816e-14,1.118384859352365276e-13,3.106846248200886840e-03,7.309855125767006356e-02,1.354947579215376521e-09,2.417334498600169209e-12,3.043354108237653568e-16,5.928606286566860072e-17,1.772318928973685029e-15,2.167455768744869165e-18,1.116548459353428747e-15,5.152420517016335269e-19,9.326147094599411070e-18,1.551457379101581612e-21,6.956055605971885239e-23,2.411303298603661917e-15,4.384070117461271348e-14,1.410576159183163117e-16,2.352661918637619358e-10,5.878679736595772197e-10,7.755120855509161440e-11,7.900254695425117551e-11,1.369074139207195923e-09,1.327739439231132132e-04,1.753129818984796772e-07,6.575381676192325600e-07,1.071252599379658794e-08,1.117638139352797782e-11,1.198358109306054406e-08,6.390114736299609954e-14,8.337389465171981267e-19,4.600792307335771233e-11,1.234061509285379263e-10,7.588621305605577400e-09,7.297614165774095092e-10,7.445539385688434431e-01,4.031592987665383824e-20,8.427237685119951705e-34,1.916382628890260624e-33,6.114205496459383289e-18,2.773060418394175080e-19
1.521093750000000050e-02,-3.782263370000000235e-01,0.000000000000000000e+00,1.661518270000000030e+03,2.026550500000000032e-01,3.322389152976588239e-02,2.205263435982770387e-02,5.420338912399933484e+00,2.496426828446602940e+03,1.099062613333375253e+02,1.154401169446312445e-04,3.202936278463769300e-05,1.090783249476825600e-03,9.319123755530250852e-02,2.273629288909494520e-03,8.417862935962523718e-02,1.799578189136865012e-05,6.961474346661055510e-07,1.262124219394644846e-17,7.265652656515161102e-17,2.609186348748551424e-15,9.203869855585530413e-17,1.135113039455563568e-14,6.506604346879224910e-14,2.842898458636455156e-03,7.111240726589222738e-02,1.170170569438748813e-09,2.053983949014843599e-12,1.772105299150042088e-16,3.508211428317349339e-17,1.092083459476202035e-15,8.404073575969137945e-19,4.852853537672416312e-16,2.228383048931196468e-19,4.395320137891863454e-18,7.535715496385631190e-22,3.513807868314665418e-23,1.220056409414821999e-15,2.395845098850876501e-14,6.765743626754932466e-17,1.929140689074722479e-10,5.228321367492330936e-10,6.037394777104273803e-11,6.178148007036764099e-11,1.232371629408915323e-09,1.292437999380105485e-04,1.854977279110293835e-07,6.691382186790599770e-07,1.051852289495498065e-08,7.979457246172798114e-12,9.648768395372142717e-09,5.171317237519670927e-14,5.040184717582566994e-19,3.528408408307662984e-11,9.870086915265991395e-11,6.206563767023134307e-09,5.760746447236962077e-10,7.450141246426674746e-01,3.844383448156111405e-20,3.229257648451145197e-34,5.953602207144462067e-34,3.459620118340655471e-18,1.354569339350305381e-19
1.523437499999999965e-02,-3.756504090000000184e-01,0.000000000000000000e+00,1.642038790000000063e+03,2.052221170000000094e-01,3.239584315742635723e-02,2.164026024531824979e-02,5.185947666371855114e+00,2.453812790465884063e+03,1.155792213333298264e+02,1.059270729465136882e-04,2.924343078523396279e-05,1.038958729475393267e-03,9.657111115123785672e-02,2.134049668922443320e-03,8.277638045820329138e-02,1.876957089052258196e-05,7.353889696286762062e-07,7.321343846303195909e-18,4.170384927894225211e-17,1.676553339153449290e-15,5.386003097280417771e-17,6.448905636743721122e-15,3.856002678052967921e-14,2.602646438685832144e-03,6.913011086509376901e-02,1.008891149490575414e-09,1.752869009114914822e-12,1.079565629454889306e-16,2.131105838923929437e-17,6.892057896519957669e-16,3.303111168332142458e-19,2.152332028913211712e-16,9.803974645049628438e-20,2.112539848933304445e-18,3.740467728111305885e-22,1.821209949080406970e-23,6.264439496836864569e-16,1.328244359329322595e-14,3.322803568322199202e-17,1.578423219202998594e-10,4.647915477653103975e-10,4.729982037611665314e-11,4.870667317540628332e-11,1.105251699441919447e-09,1.257625849364980483e-04,1.966781249006902965e-07,6.786460476573277552e-07,1.033630579478083667e-08,5.713542187115031797e-12,7.838837276041894109e-09,4.229772757864238533e-14,3.086581948441476359e-19,2.730224268621413777e-11,7.946781585987390207e-11,5.112432317418552829e-09,4.573931877690460696e-10,7.454654026235882913e-01,3.660155778151858766e-20,1.328290489329299320e-34,1.731102349125905431e-34,1.993355588993484771e-18,6.747480846592959684e-20
1.525781250000000054e-02,-3.729415209999999981e-01,0.000000000000000000e+00,1.622110560000000078e+03,2.079072120000000079e-01,3.157489260359588878e-02,2.122656504471009259e-02,4.950536706201564385e+00,2.410169217686639058e+03,1.211812693333386619e+02,9.715344619789183624e-05,2.662476729942226338e-05,9.861046279786020788e-04,9.994090159783135252e-02,1.996197599956684061e-03,8.136245209823449176e-02,1.957517789957523340e-05,7.789770059830967128e-07,4.250971409907756673e-18,2.414339819947610314e-17,1.089564509976357321e-15,3.206168009930428513e-17,3.734972949918954292e-15,2.328817859949466275e-14,2.384316269948261700e-03,6.715455129854279448e-02,8.683843579811566699e-10,1.502027689967406955e-12,6.887201429850551891e-17,1.330086719971137843e-17,4.453747479903356357e-16,1.317146509971418588e-19,9.752292549788381245e-17,4.390665639904725635e-20,1.036064739977518048e-18,1.898357529958806779e-22,9.691347269789703227e-24,3.262300329929210402e-16,7.473060959837841571e-15,1.672716819963703090e-17,1.288163019972047744e-10,4.126886229910449284e-10,3.728686509919089885e-11,3.870912999916003996e-11,9.874744619785725135e-10,1.223304429973455152e-04,2.090098559954646388e-07,6.859379379851156701e-07,1.016434259977943981e-08,4.103342149910960340e-12,6.427592039860525478e-09,3.497957169924096221e-14,1.909031889958575487e-19,2.131588639953746135e-11,6.442500709860202023e-11,4.242421929907942276e-09,3.653653369920718266e-10,7.459080949838142738e-01,3.478870489924511207e-20,5.529955699880003553e-35,0.000000000000000000e+00,1.169965199974612524e-18,3.430046279925570654e-20
1.528124999999999969e-02,-3.701013349999999758e-01,0.000000000000000000e+00,1.601746270000000095e+03,2.107153589999999910e-01,3.076127552747411065e-02,2.081173793131823116e-02,4.714315048616533055e+00,2.365545660189124192e+03,1.267009706666612345e+02,8.908204245120960609e-05,2.416987348676211640e-05,9.325781204892252471e-04,1.032976599434236725e-01,1.860725278980877384e-03,7.993745045621811207e-02,2.041371858881936799e-05,8.275679025467394961e-07,2.466746968648958085e-18,1.406415269229703788e-17,7.145598806086342334e-16,1.936727598939250744e-17,2.205135208792243550e-15,1.433913359214642909e-14,2.186217238802604709e-03,6.518846076429615777e-02,7.461928965913088219e-10,1.292409459292144749e-12,4.593895827483914016e-17,8.534746975325503147e-18,2.945606268386686003e-16,5.333040437079083871e-20,4.519153767524850812e-17,2.002838738903041598e-20,5.187549197158769300e-19,9.855781144601969931e-23,5.297884917098337840e-24,1.722319019056682672e-16,4.268521197662123113e-15,8.639158145268316540e-18,1.048253769425869463e-10,3.657391177996839878e-10,2.957057688380414089e-11,3.101014178301569032e-11,8.787582155187025071e-10,1.189474099348522833e-04,2.226772928780392267e-07,6.909239386215797099e-07,1.000132949452225332e-08,2.955924178381034694e-12,5.320686597085850466e-09,2.925719858397577935e-14,1.189447629348537393e-19,1.679222619080286640e-11,5.260212277118972137e-11,3.547470358057043632e-09,2.936899908391454214e-10,7.463425325912267372e-01,3.300489668192315549e-20,1.618716029113426263e-35,0.000000000000000000e+00,6.997672856167361343e-19,1.780681759024717368e-20
1.530468750000000058e-02,-3.671317809999999904e-01,0.000000000000000000e+00,1.580959620000000086e+03,2.136518109999999970e-01,2.995522557837806618e-02,2.039597085339088858e-02,4.477541318494754563e+00,2.319993355215739030e+03,1.321270186666699828e+02,8.167681297360900050e-05,2.187466899293197186e-05,8.787210067160722022e-04,1.066385339655434999e-01,1.728239249441580142e-03,7.850201127463482531e-02,2.128601739312216914e-05,8.819314127150348235e-07,1.428762209538345601e-18,8.227582777341544175e-18,4.720415348474764008e-16,1.184375199617310829e-17,1.326961899571238936e-15,9.004331977090566361e-15,2.006740399351592506e-03,6.323441757956801967e-02,6.401086587931713024e-10,1.116896879639114057e-12,3.191572338968754959e-17,5.632747858179975198e-18,1.992429249356216533e-16,2.194146739291038929e-20,2.143885459307278541e-17,9.311352996991363573e-21,2.653023159142768319e-19,5.236612588307973177e-23,2.976716349038178397e-24,9.215064397022475667e-17,2.476087309199939301e-15,4.581378528519688153e-18,8.503342597252443623e-11,3.233498818955208297e-10,2.358744879237854539e-11,2.503927589190943727e-11,7.787862617483625914e-10,1.156134279626435871e-04,2.379000439231309728e-07,6.935506837759034110e-07,9.846113406818574567e-09,2.135872919309867721e-12,4.447295958563012670e-09,2.475647109200081586e-14,7.449787957592863053e-20,1.334840509568693132e-11,4.326278668602114908e-11,2.989753089033966216e-09,2.376040869232266009e-10,7.467690527587077520e-01,3.124977008990273593e-20,0.000000000000000000e+00,0.000000000000000000e+00,4.266614858621393175e-19,9.447114006947497568e-21
1.532812499999999974e-02,-3.640350540000000246e-01,0.000000000000000000e+00,1.559765370000000075e+03,2.167220579999999952e-01,2.915697423562601739e-02,1.997945887458278322e-02,4.240518176863785627e+00,2.273566481333390584e+03,1.374480213333290237e+02,7.490263280341841201e-05,1.973459460090064570e-05,8.248588720376449305e-04,1.099607690050183884e-01,1.599298520072988663e-03,7.705680120351671158e-02,2.219254400101281939e-05,9.429760560430354982e-07,8.251632480376587892e-19,4.825809640220240211e-18,3.136391440143138227e-16,7.316434030333906024e-18,8.136379160371328112e-16,5.768343000263255135e-15,1.844357460084172610e-03,6.129484920279737459e-02,5.481545310250166044e-10,9.697432050442569275e-13,2.297376140104847404e-17,3.824325380174534144e-18,1.377072900062847001e-16,9.178957310418910272e-21,1.042205220047564055e-17,4.414569600201472020e-21,1.386493170063276724e-19,2.848493660129999288e-23,1.719789240078487684e-24,4.995256650227972988e-17,1.459181450066594171e-15,2.496213670113922050e-18,6.874343630313731152e-11,2.850600430130095360e-10,1.892007040086347276e-11,2.037625900092993244e-11,6.872131330313629311e-10,1.123283480051264377e-04,2.549412790116350159e-07,6.938028860316638045e-07,9.697631930442579529e-09,1.547976370070646312e-12,3.754017170171325892e-09,2.119694060096738244e-14,4.681911030213672950e-20,1.070743330048866425e-11,3.584652170163596573e-11,2.540024240115921453e-09,1.934990040088309003e-10,7.471879980341001870e-01,2.952297770134737057e-20,0.000000000000000000e+00,0.000000000000000000e+00,2.652853110121070694e-19,5.125342680233910644e-21
1.535156250000000062e-02,-3.608136160000000037e-01,0.000000000000000000e+00,1.538179260000000113e+03,2.199318429999999880e-01,2.836675041641508951e-02,1.956240084039938612e-02,4.003603866135978073e+00,2.226315701716815511e+03,1.426528000000056124e+02,6.872510273179330417e-05,1.774470420820897969e-05,7.713004263568156750e-04,1.132617100523966441e-01,1.474412530682086414e-03,7.560252063497491237e-02,2.313334251070184845e-05,1.011781980468066232e-06,4.747368842196207492e-19,2.834103561311100428e-18,2.093421450968449765e-16,4.556641852107973994e-18,5.081411282350740057e-16,3.770760971744414021e-15,1.697620150785345743e-03,5.937203462746643706e-02,4.685666832167662937e-10,8.462290943914788699e-13,1.703593190788108844e-17,2.671083421235684824e-18,9.715186214494396999e-17,3.906702881807302665e-21,5.196314372403896077e-18,2.135621100987972044e-21,7.407485663426819809e-20,1.586778880734068940e-23,1.022020610472802635e-24,2.742818501268871034e-17,8.738686004042653728e-16,1.398149170646805725e-18,5.537156942561576062e-11,2.504993391158849284e-10,1.525761650705841433e-11,1.670961470773013228e-11,6.036703002792673804e-10,1.090919380504676414e-04,2.741184161268114666e-07,6.917034323199928897e-07,9.554866364420231124e-09,1.125157660520515685e-12,3.200394211480552677e-09,1.836732540849701354e-14,2.947883171363737421e-20,8.667559354009750652e-12,2.992538621384395263e-11,2.175598581006466320e-09,1.586337110733864582e-10,7.475997123458513194e-01,2.782418831287190347e-20,0.000000000000000000e+00,0.000000000000000000e+00,1.682619360778406293e-19,2.845281181316272336e-21
1.537499999999999978e-02,-3.574701909999999927e-01,0.000000000000000000e+00,1.516217990000000100e+03,2.232871700000000070e-01,2.758478119053566283e-02,1.914499987613799484e-02,3.767223831931272304e+00,2.178294861345397749e+03,1.477299199999929442e+02,6.311037620272684533e-05,1.589974680068699278e-05,7.183369820310376262e-04,1.165387990050353734e-01,1.354039310058504936e-03,7.413990590320340690e-02,2.410795470104164622e-05,1.089644540047080963e-06,2.718036690117439619e-19,1.664565430071921827e-18,1.402215230060586446e-16,2.856092520123404857e-18,3.230882560139599080e-16,2.515765100108700250e-15,1.565159500067626842e-03,5.746810610248306167e-02,3.997774270172734271e-10,7.424383260320790234e-13,1.294241390055921018e-17,1.918780350082905690e-18,6.988707620301965654e-17,1.692518350073129841e-21,2.659373260114904953e-18,1.054784510045574909e-21,4.047274320174873344e-20,9.054293380391214473e-24,6.248639440269989175e-25,1.525248390065902318e-17,5.319949310229862356e-16,8.053372290347967234e-19,4.442756920191960936e-11,2.193589490094780033e-10,1.236734090053436332e-11,1.380709780059657206e-11,5.277713680228037587e-10,1.059038800045758612e-04,2.958169360127815822e-07,6.873121020296972200e-07,9.416803950406878985e-09,8.200587160354328504e-13,2.755626800119064521e-09,1.610760800069596959e-14,1.857024480080237559e-20,7.080846500305946627e-12,2.517155220108760333e-11,1.878818940081179675e-09,1.309203080056567477e-10,7.480045430323194466e-01,2.615308620113001420e-20,0.000000000000000000e+00,0.000000000000000000e+00,1.089015150047053773e-19,1.617164410069874044e-21
1.539843750000000067e-02,-3.540077710000000266e-01,0.000000000000000000e+00,1.493899269999999888e+03,2.267943159999999958e-01,2.681129133766518499e-02,1.872746389953059212e-02,3.531875130336431301e+00,2.129559725104405516e+03,1.526680746666744710e+02,5.802501721547402883e-05,1.419423860378530112e-05,6.662420561776725893e-04,1.197895770319453157e-01,1.238583570330303949e-03,7.266973141937947689e-02,2.511533510669772390e-05,1.178133460314183188e-06,1.547039930412562671e-19,9.767346842604742121e-19,9.417224882511371993e-17,1.798975210479748412e-18,2.090422760557471191e-16,1.713312230456904115e-15,1.445685380385533340e-03,5.558505111482334865e-02,3.403986950907770864e-10,6.551011521747015148e-13,1.002486480267341628e-17,1.417079140377904780e-18,5.120710791365583819e-17,7.466920981991268698e-22,1.398045660372828890e-18,5.321547321419143026e-22,2.262241620603291495e-20,5.292947461411515952e-24,3.930895181048286548e-25,8.588675922290415935e-18,3.293178870878220806e-16,4.771596191272482619e-19,3.549947460946695349e-11,1.913714420510346909e-10,1.007395180268650868e-11,1.149446720306533020e-11,4.591167481224366604e-10,1.027637720274049009e-04,3.205083700854727903e-07,6.807229891815342617e-07,9.282407472475420393e-09,5.991652751597845557e-13,2.396143430639000473e-09,1.429592480381242090e-14,1.169013510311751100e-20,5.838095681556895382e-12,2.133303360568906278e-11,1.635891000436257259e-09,1.087636170290049283e-10,7.484028371995831153e-01,2.450937210653612874e-20,0.000000000000000000e+00,0.000000000000000000e+00,7.194093811918511674e-20,9.415335492510868102e-22
1.542187499999999982e-02,-3.504296129999999732e-01,0.000000000000000000e+00,1.471241749999999911e+03,2.304598399999999991e-01,2.604650310060573418e-02,1.831000580539541428e-02,3.298147265187205246e+00,2.080168548105469654e+03,1.574558719999939171e+02,5.343589393095286047e-05,1.262252450731162588e-05,6.152710663563970735e-04,1.230116860712547888e-01,1.128394940653625099e-03,7.119281034123860208e-02,2.615375621514962106e-05,1.279174460740964588e-06,8.749279155068039260e-20,5.720474673313597182e-19,6.336412533670381046e-17,1.137194560658722439e-18,1.375693880796873826e-16,1.191153320689978209e-15,1.337985910775031217e-03,5.372471423112016448e-02,2.892061701675232815e-10,5.814779993368224022e-13,7.884961254567381454e-18,1.075323310622883185e-18,3.817824142211482579e-17,3.355636831943759589e-22,7.554406764375906287e-19,2.743834201589371888e-22,1.293983010749542478e-20,3.170134101836307604e-24,2.544213241473741190e-25,4.896665252836404011e-18,2.073388061201014555e-16,2.908478101684742031e-19,2.824130991635884168e-11,1.662972770963280600e-10,8.244641444775727105e-12,9.640176815584094449e-12,3.972978512301356512e-10,9.967111675773470780e-05,3.487738082020280139e-07,6.720608103892927667e-07,9.150589795300499365e-09,4.387007082541183635e-13,2.103806881218634899e-09,1.283893210743698004e-14,7.345699324255013154e-21,4.858168322814104883e-12,1.821548261055135689e-11,1.435996290831803953e-09,9.094111465267784888e-11,7.487949404337411741e-01,2.289276251326068357e-20,0.000000000000000000e+00,0.000000000000000000e+00,4.851922912810487332e-20,5.617860373254157930e-22
1.544531250000000071e-02,-3.467392409999999758e-01,0.000000000000000000e+00,1.448265020000000050e+03,2.342905899999999930e-01,2.529063581356399970e-02,1.789284380811857061e-02,3.066727582451663547e+00,2.030178025020374662e+03,1.620817493333378252e+02,4.931011390548083249e-05,1.117883110124252975e-05,5.656610760628733026e-04,1.262028710140274679e-01,1.023766200113791812e-03,6.970999590774827614e-02,2.722069270302558591e-05,1.395159510155072333e-06,4.915139930546319144e-20,3.341005060371353326e-19,4.268394940474432261e-17,7.206230430800974028e-19,9.204580221023090700e-17,8.454337450939701266e-16,1.240926770137929175e-03,5.188879900576744836e-02,2.451240910272455640e-10,5.192688150577168607e-13,6.276887060697676962e-18,8.377604530931172471e-19,2.893783080321643978e-17,1.536500730170782280e-22,4.198113480466620967e-19,1.446453910160773475e-22,7.576042300842077995e-21,1.945305250216221010e-24,1.693859810188273049e-25,2.826272220314140508e-18,1.328009280147608437e-16,1.823843460202720391e-19,2.236291070248564308e-11,1.439159990159963060e-10,6.778183180753396910e-12,8.144283530905239690e-12,3.419008020380023455e-10,9.662531401073991321e-05,3.813345990423854171e-07,6.614763080735231668e-07,9.020192021002596208e-09,3.217516070357627498e-13,1.864583220207248923e-09,1.166470050129653422e-14,4.602598110511579834e-21,4.080379310453535004e-12,1.566850230174155835e-11,1.270615750141229087e-09,7.651292630850442673e-11,7.491811940832716621e-01,2.130298990236783351e-20,0.000000000000000000e+00,0.000000000000000000e+00,3.341391180371396425e-20,3.436627230381981413e-22
1.546874999999999986e-02,-3.429404500000000078e-01,0.000000000000000000e+00,1.424989610000000084e+03,2.382937099999999919e-01,2.454390624512846689e-02,1.747620151855174345e-02,2.838403879164238308e+00,1.979652431198350541e+03,1.665341866666602186e+02,4.561500689905964134e-05,9.857308079796791851e-06,5.176305519893290713e-04,1.293609789973332036e-01,9.249317119809324743e-04,6.822218139859359542e-02,2.831266719941633375e-05,1.529082759968477918e-06,2.730763769943704934e-20,1.944140669959921397e-19,2.876648909940697517e-17,4.573163599905723217e-19,6.259409339870961389e-17,6.125813519873715988e-16,1.153450389976221546e-03,5.007887059896761611e-02,2.072107289957283377e-10,4.665397979903822056e-13,5.043587209896025982e-18,6.694258549861997427e-19,2.228197259954065158e-17,7.169215989852206570e-23,2.400359699950516353e-19,7.798594009839231033e-23,4.541223509906382603e-21,1.222863369974790545e-24,1.159556789976095787e-25,1.651272529965959013e-18,8.654838429821578373e-17,1.176481759975746758e-19,1.762135559963673547e-11,1.240207169974433097e-10,5.596957649884618270e-12,6.930371139857129848e-12,2.925097139939698884e-10,9.362564159806990535e-05,4.190921459913603485e-07,6.491410079866178902e-07,8.889963569816732509e-09,2.362521369951296770e-13,1.667551659965623457e-09,1.071745439977905883e-14,2.872688029940779699e-21,3.459044119928691504e-12,1.357532419972014351e-11,1.133013119976642943e-09,6.475424059866508043e-11,7.495619359845476781e-01,1.973980339959306303e-20,0.000000000000000000e+00,0.000000000000000000e+00,2.350012979951554444e-20,2.156064459955552646e-22
1.549218750000000075e-02,-3.390373050000000110e-01,0.000000000000000000e+00,1.401436979999999949e+03,2.424766469999999896e-01,2.380652725196076222e-02,1.706030776993702411e-02,2.614058228777846882e+00,1.928654646862248455e+03,1.708017493333396146e+02,4.231815929769594856e-05,8.652061609528928558e-06,4.713790429743353137e-04,1.324839659927867785e-01,8.320661129546973655e-04,6.673029889636679368e-02,2.942503059839792395e-05,1.684669869908276405e-06,1.508796059917852109e-20,1.126141419938686113e-19,1.938252749894469627e-17,2.903931879841892507e-19,4.325164989764511778e-17,4.530904629753310453e-16,1.074574819941493623e-03,4.829635869737045756e-02,1.746445549904913035e-10,4.216627669770421337e-13,4.081340829777786593e-18,5.479616599701656474e-19,1.741896049905160539e-17,3.408821389814403921e-23,1.412578689923090707e-19,4.301041919765826076e-23,2.787359129848239523e-21,7.873186169571337415e-25,8.157199109555873155e-26,9.764833429468342100e-19,5.740078319687474449e-17,7.804977599575049873e-20,1.381366989924790137e-11,1.064148069942061427e-10,4.641096189747311092e-12,5.939641839676610039e-12,2.487095629864587428e-10,9.067123139506332063e-05,4.631788269747817404e-07,6.352416129654136766e-07,8.758543109523132682e-09,1.735678899905499263e-13,1.504165489918104112e-09,9.953662069458064914e-15,1.784236989902855278e-21,2.959546889838864558e-12,1.184499009935508796e-11,1.017839419944582594e-09,5.510443029699978105e-11,7.499374949591688377e-01,1.820296819900892422e-20,0.000000000000000000e+00,0.000000000000000000e+00,1.687971879908096939e-20,1.387602789924450504e-22
1.551562499999999990e-02,-3.350341390000000086e-01,0.000000000000000000e+00,1.377629470000000083e+03,2.468471509999999869e-01,2.307870803006852045e-02,1.664539635091218453e-02,2.394650522201734244e+00,1.877254729145414558e+03,1.748727893333262955e+02,3.938749907695566647e-05,7.557178445578542867e-06,4.270867317501256320e-04,1.355698969206824978e-01,7.452833475639592887e-04,6.523531766183296443e-02,3.055165958212522471e-05,1.866414218908022439e-06,8.167744045221321157e-21,6.487309026204489000e-20,1.304741689236638499e-17,1.843701278921310833e-19,3.036312688223553047e-17,3.420401177998836104e-16,1.003392379412948194e-03,4.654256017276947599e-02,1.467111179141641293e-10,3.832643507757646142e-13,3.319546918057842022e-18,4.587935297315749208e-19,1.381942139191470852e-17,1.651573229033718980e-23,8.557717394993160809e-20,2.426523948580320977e-23,1.752082798974913931e-21,5.189851826963589138e-25,5.892159226552691917e-26,5.843843926580958945e-19,3.874539057733134692e-17,5.323778636885232352e-20,1.077058569369848558e-11,9.091008654681150232e-11,3.864157957739208029e-12,5.126570747000612064e-12,2.100887158770840148e-10,8.776103664865390821e-05,5.150216536986778029e-07,6.199742926372734076e-07,8.624439614954123002e-09,1.274989979254045334e-13,1.367698569199804481e-09,9.339116914535990387e-15,1.101674389355446719e-21,2.555488418504867918e-12,1.040640489391155504e-11,9.208296384612528399e-10,4.712864247242657853e-11,7.503081925610193270e-01,1.669226619023390589e-20,0.000000000000000000e+00,0.000000000000000000e+00,1.238219049275558791e-20,9.162394014639384912e-23
1.553906250000000079e-02,-3.309355580000000185e-01,0.000000000000000000e+00,1.353590320000000020e+03,2.514132809999999885e-01,2.236065273225711428e-02,1.623170551041032070e-02,2.181192960108936596e+00,1.825525375327151096e+03,1.787359146666738354e+02,3.679143289926850249e-05,6.566742539869438236e-06,3.849137639923469988e-04,1.386169529972439696e-01,6.646362789867855210e-04,6.373824099873273696e-02,3.168458039937004116e-05,2.079371009958657197e-06,4.410837749912302620e-21,3.712854639926179902e-20,8.767968549825672578e-18,1.169626659976745035e-19,2.165391919956946763e-17,2.634740979947615016e-16,9.390680769813291228e-04,4.481864399910889807e-02,1.227906579975586300e-10,3.501833889930375442e-13,2.708859009946141519e-18,3.922375939922014466e-19,1.112371509977883507e-17,8.152174549837915774e-24,5.337683509893874819e-20,1.400134169972161851e-23,1.127944349977573882e-21,3.500916149930394142e-25,4.365515689913203678e-26,3.538841989929639445e-19,2.661851969947075785e-17,3.732201609925795548e-20,8.351212949833957631e-12,7.732590589846257951e-11,3.229922269935781514e-12,4.455693019911411154e-12,1.762411769964959122e-10,8.489379249831212055e-05,5.764192029885394225e-07,6.035391499880001408e-07,8.486013829831277946e-09,9.357704649813947683e-14,1.252829429975090954e-09,8.846750479824107236e-15,6.755163119865691471e-22,2.226605689955730284e-12,9.203788059817007367e-12,8.385694009833273369e-10,4.048869719919498982e-11,7.506743369850747971e-01,1.520749589969764298e-20,0.000000000000000000e+00,0.000000000000000000e+00,9.274889759815594170e-21,6.207448449876581505e-23
1.556249999999999994e-02,-3.267464350000000017e-01,0.000000000000000000e+00,1.329343630000000076e+03,2.561834009999999773e-01,2.165255985745437317e-02,1.581947720849872022e-02,1.974725919534645602e+00,1.773543451361911593e+03,1.823797759999931145e+02,3.449902458560570996e-05,5.674845667632241514e-06,3.449993018560533584e-04,1.416234359409093702e-01,5.901170357537810409e-04,6.224010227403109496e-02,3.281357758630894613e-05,2.328543159028444414e-06,2.337961619024514914e-21,2.108894339120090349e-20,5.877289477547773754e-18,7.410063006908243703e-20,1.568810189345433332e-17,2.070245199136215888e-16,8.808375176324814574e-04,4.312565488200635622e-02,1.023465039572971874e-10,3.214355878658850161e-13,2.214009589076231993e-18,3.417353628574151791e-19,9.083777966209906670e-18,4.098313108290029120e-24,3.427527208569906993e-20,8.259428916553856113e-24,7.436992576897006657e-22,2.415211788992282636e-25,3.313154968617627345e-26,2.168140219095370473e-19,1.861233479223423422e-17,2.687836878878533528e-20,6.438505497313613855e-12,6.548877457267562174e-11,2.709994718869288436e-12,3.899215218373100774e-12,1.467686259387626004e-10,8.206796706575816011e-05,6.496298187289499395e-07,5.861350627554424413e-07,8.341461376519629513e-09,6.856829857139073042e-14,1.155327349517954050e-09,8.454985766472264249e-15,4.108908648285608732e-22,1.957245669183363567e-12,8.193177916581498204e-12,7.683151216794300353e-10,3.492094738542966412e-11,7.510362226866393875e-01,1.374847289426362209e-20,0.000000000000000000e+00,0.000000000000000000e+00,7.092345547040808002e-21,4.314623988199777046e-23
1.558593750000000083e-02,-3.224719090000000010e-01,0.000000000000000000e+00,1.304914309999999887e+03,2.611661800000000255e-01,2.095462128027496956e-02,1.540895621130473903e-02,1.776298200752081780e+00,1.721389391966422181e+03,1.857931520000065859e+02,3.248020907716390776e-05,4.875594146572081079e-06,3.074602507838317036e-04,1.445877738983436522e-01,5.216583226332339703e-04,6.074195985729372027e-02,3.392587747614749292e-05,2.617786248159494437e-06,1.224556049139042561e-21,1.187403509165163752e-20,3.926185697239587878e-18,4.686360666705127232e-20,1.154659929188184789e-17,1.658558938833905089e-16,8.280046494178488386e-04,4.146451867084724463e-02,8.491431584029867314e-11,2.961848527917591837e-13,1.809336818727896524e-18,3.027588977871371115e-19,7.526005934708636047e-18,2.097583028525237284e-24,2.265512388407169957e-20,4.977812336500213782e-24,5.021828106469267643e-22,1.702652008802904485e-25,2.571310388192170582e-26,1.343708769055269061e-19,1.324442769068814481e-17,1.987402258602703008e-20,4.935429196530012920e-12,5.523229546116744055e-11,2.282009948395570776e-12,3.435229437584768820e-12,1.212823219147291847e-10,7.928171214425883487e-05,7.374645604815055255e-07,5.679551146006838130e-07,8.188801124242641329e-09,5.012210986476029031e-14,1.071814609246431539e-09,8.146491854272387864e-15,2.476437288258873482e-22,1.735239578779992592e-12,7.339735434839599920e-12,7.078548305023235216e-10,3.021935817875345678e-11,7.513941274717119700e-01,1.231502979134158368e-20,0.000000000000000000e+00,0.000000000000000000e+00,5.534428716108870437e-21,3.076082857837276762e-23
1.560937499999999999e-02,-3.181173820000000041e-01,0.000000000000000000e+00,1.280328070000000025e+03,2.663705840000000213e-01,2.026702131134252433e-02,1.500038911213319101e-02,1.586949238917215954e+00,1.669146889943688848e+03,1.889652480000068238e+02,3.070602568643984623e-05,4.163114088161518456e-06,2.723896908797093959e-04,1.475085269348584416e-01,4.591358897972400675e-04,5.924489167383674426e-02,3.500597558454093502e-05,2.948375288697961655e-06,6.235356757246390984e-22,6.618966457076984875e-21,2.611310668846813633e-18,2.957888888693760367e-20,8.633336736187412532e-18,1.353964489402072963e-16,7.799390596555694395e-04,3.983604828240792234e-02,7.009221436904643537e-11,2.737207298791215952e-13,1.475889889348229040e-18,2.721210408798280326e-19,6.327188557205837007e-18,1.092430439517569585e-24,1.540893339319523104e-20,3.062209888647690769e-24,3.472391588466549883e-22,1.225352579458869416e-25,2.036260959100762728e-26,8.422389066280570726e-20,9.589855235765002646e-18,1.507695429334183656e-20,3.761741378338769614e-12,4.639726407951040351e-11,1.928273959148451250e-12,3.046370348654685926e-12,9.940492965610157622e-11,7.653281566620217494e-05,8.433712966275570792e-07,5.491827377574742749e-07,8.025873366455676696e-09,3.652169578387158357e-14,9.995853185585710868e-10,7.907236926508069376e-15,1.477111509347689666e-22,1.551068219315029543e-12,6.615659687078445178e-12,6.554001187105674397e-10,2.622251068841982313e-11,7.517483096680188659e-01,1.090701659518333087e-20,0.000000000000000000e+00,0.000000000000000000e+00,4.404750158054809615e-21,2.248526559007023613e-23
1.563281249999999914e-02,-3.136885090000000043e-01,0.000000000000000000e+00,1.255611370000000079e+03,2.718058709999999767e-01,1.958993572920125423e-02,1.459402304701747088e-02,1.407686569730858483e+00,1.616901424320749129e+03,1.918856959999926630e+02,2.914885590317003037e-05,3.531557810384068293e-06,2.398550800260850152e-04,1.503843920163547843e-01,4.023723180437592593e-04,5.774998840628049745e-02,3.603561070391899068e-05,3.317622800360802072e-06,3.243346120352724383e-22,3.647886890396719847e-21,1.727369650187856803e-18,1.863158460202624419e-20,6.556835530713076807e-18,1.125449340122396253e-16,7.360729850800503500e-04,3.824094970415882477e-02,5.753188980625678064e-11,2.534413610275625775e-13,1.199543790130454217e-18,2.475348590269202147e-19,5.398662400587121860e-18,5.785742850629218307e-25,1.077955960117231248e-20,1.920548780208865591e-24,2.458159530267332687e-22,8.991563220977862485e-26,1.640858890178448892e-26,5.338155080580541448e-20,7.063758970768206902e-18,1.172522810127515735e-20,2.851296520310087664e-12,3.883187650422309057e-11,1.634732000177782425e-12,2.718799290295678296e-12,8.077233200878425557e-11,7.381867410802801462e-05,9.714871291056522597e-07,5.299886560576379896e-07,7.850355140853750513e-09,2.650716050288273963e-14,9.364665841018437346e-10,7.725764400840201089e-15,8.708253010947051111e-23,1.397239970151954406e-12,5.998579010652365589e-12,6.095018590662852742e-10,2.280357040247996277e-11,7.520990060817932532e-01,1.053464600114567640e-20,0.000000000000000000e+00,0.000000000000000000e+00,3.572895850388564330e-21,1.684091890183150726e-23
1.565625000000000003e-02,-3.091911880000000057e-01,0.000000000000000000e+00,1.230791310000000067e+03,2.774815820000000044e-01,1.892353101745753927e-02,1.419010414469238160e-02,1.239448158977013659e+00,1.564737835684441734e+03,1.945448106666605383e+02,2.778264819095054914e-05,2.975113809030937154e-06,2.098964299316318784e-04,1.532142059500946063e-01,3.511422068856249307e-04,5.625834538167535925e-02,3.699381278795026222e-05,3.718056258788943812e-06,1.523153599503874099e-22,1.984827189353496226e-21,1.135184679630244067e-18,1.171542069618401796e-20,5.056907558352849116e-18,9.517129016900052223e-17,6.958980147733299362e-04,3.667982888805253888e-02,4.693071208471358643e-11,2.348412349235068192e-13,9.696251836841707525e-19,2.273278309259541176e-19,4.675704548477015454e-18,3.113850928985747193e-25,7.751639537475113956e-21,1.226265439600576974e-24,1.781052189419870124e-22,6.717659597811903755e-26,1.340002289563530691e-26,3.420413488885893018e-20,5.291385938276473754e-18,9.338226296958325765e-21,2.149795659299762114e-12,3.239203378944917096e-11,1.390179049547186769e-12,2.441431419204769441e-12,6.503544137881646129e-11,7.113630057682927301e-05,1.126626689633031851e-06,5.105286638337091456e-07,7.659801597505026457e-09,1.914957989376253902e-14,8.807113617131320053e-10,7.592636537526904580e-15,5.067574578349374279e-23,1.267824919587040092e-12,5.470315388218192118e-12,5.689841118146687666e-10,1.986251139353032190e-11,7.524464307549109110e-01,1.016910739668768877e-20,0.000000000000000000e+00,0.000000000000000000e+00,2.950964089038803269e-21,1.291245909579411547e-23
1.567968750000000092e-02,-3.046315439999999763e-01,0.000000000000000000e+00,1.205895590000000084e+03,2.834075289999999914e-01,1.826796402445772169e-02,1.378887628114572154e-02,1.083046533185335392e+00,1.512744656398754614e+03,1.969337600000196176e+02,2.658311550381885690e-05,2.488021540357422428e-06,1.825246600262210041e-04,1.559969450224100995e-01,3.051786760438411042e-04,5.477105580786826439e-02,3.785693920543842917e-05,4.137544890594388199e-06,8.407537901207803885e-23,1.064578070152934542e-21,7.402773331063462916e-19,7.358459011057097637e-21,3.958501060568667560e-18,8.178255921174865226e-17,6.589615360946646542e-04,3.515319910505001338e-02,3.802487870546254919e-11,2.175030380312459126e-13,7.780484751117723322e-19,2.102581030302051120e-19,4.110417630590491767e-18,1.701559180244441511e-25,5.725802760822553642e-21,7.957575091143163910e-25,1.320231970189661130e-22,5.101204450732825833e-26,1.104213890158628526e-26,2.215111190318216903e-20,4.029427690578856873e-18,7.606881011092785742e-21,1.612902460231705295e-12,2.694175040387037668e-11,1.185652160170327531e-12,2.205344070316813869e-12,5.186198870745034801e-11,6.848239280983800081e-05,1.314167070188789701e-06,4.909422460705274262e-07,7.451724381070493783e-09,1.376116030197689223e-14,8.309150011193669846e-10,7.500005081077431217e-15,2.906823260417586414e-23,1.158104270166370219e-12,5.015944270720576835e-12,5.328919750765538246e-10,1.732006900248815520e-11,7.527907731081439069e-01,9.810372751409332684e-21,0.000000000000000000e+00,0.000000000000000000e+00,2.478793520356097089e-21,1.012285700145422207e-23
1.570312499999999833e-02,-3.000159090000000250e-01,0.000000000000000000e+00,1.180952379999999948e+03,2.895937889999999904e-01,1.762338064807159738e-02,1.339057915774500250e-02,9.391057869369463518e-01,1.461001683673200887e+03,1.990448213333257286e+02,2.552788908615835831e-05,2.064591808880544146e-06,1.577204349144813828e-04,1.587317269139330300e-01,2.641809648567567011e-04,5.328920107110571985e-02,3.859869267907115042e-05,4.560447897527250049e-06,2.734912968517085170e-23,5.619827996952836750e-22,4.784640767405688830e-19,4.621974907493888985e-21,3.142826598295907276e-18,7.133195996132263997e-17,6.248629646611889368e-04,3.366148818174818230e-02,3.058358348341707408e-11,2.010927958909641817e-13,6.185788906645963036e-19,1.953926648940548893e-19,3.666785928011807367e-18,9.431959464885836970e-26,4.340773957646361202e-21,5.238196067159763981e-25,1.000680449457414565e-22,3.929569947869322750e-26,9.121191035054340114e-27,1.449547479214031431e-20,3.117841958309454189e-18,6.328681616568484434e-21,1.204656899346815159e-12,2.235367008787947240e-11,1.013959919450214252e-12,2.003321468913766241e-12,4.093824367780260863e-11,6.585348366429315367e-05,1.539790819165099962e-06,4.713519527444251584e-07,7.223717476083181816e-09,9.830889344669531185e-15,7.859496035738451449e-10,7.441277095965216111e-15,1.641227829110099008e-23,1.064305179422916133e-12,4.623087997493285599e-12,5.004501377286476168e-10,1.511303149180546290e-11,7.531321945916392702e-01,9.458418724871489793e-21,0.000000000000000000e+00,0.000000000000000000e+00,2.114540868853461297e-21,8.101766355607087912e-24
1.572656249999999922e-02,-2.953507960000000265e-01,0.000000000000000000e+00,1.155990209999999934e+03,2.960506920000000042e-01,1.698991707595374351e-02,1.299544698030053597e-02,8.080057088212865279e-01,1.409583270764773488e+03,2.008712106666592661e+02,2.459661910235143582e-05,1.699229890162446282e-06,1.354336720129474482e-04,1.614178000154315451e-01,2.278225810217798439e-04,5.181384400495339659e-02,3.919024400374659272e-05,4.969503180475084387e-06,1.846309370176507429e-23,2.915824470278752830e-22,3.061383110292668041e-19,2.908163050278020710e-21,2.528247950241700365e-18,6.306625460602912404e-17,5.932497580567146342e-04,3.220504490307880135e-02,2.440428740233305092e-11,1.853573100177201605e-13,4.863417760464942933e-19,1.820310980174021792e-19,3.317319820317135594e-18,5.297526160506443128e-26,3.374293850322582694e-21,3.490203230333663470e-25,7.750135820740913226e-23,3.063892150292908105e-26,7.481722180715252396e-27,9.582512410916089611e-21,2.449982040234218040e-18,5.368499800513228954e-21,8.961253730856694948e-13,1.850964700176951935e-11,8.693147790831064713e-13,1.829501220174900118e-12,3.197062570305639662e-11,6.324618800604634296e-05,1.809059040172945956e-06,4.518634760431981316e-07,6.973638240666679387e-09,6.978249140667121031e-15,7.449117030712135529e-10,7.410837800708476708e-15,9.109306240870847851e-24,9.833986520940128283e-13,4.281390700409301120e-12,4.710295920450303664e-10,1.319056870126101792e-11,7.534708340720318587e-01,9.113206670871223586e-21,0.000000000000000000e+00,0.000000000000000000e+00,1.828601000174814291e-21,6.607283380631655611e-24
1.575000000000000011e-02,-2.906428770000000217e-01,0.000000000000000000e+00,1.131037849999999935e+03,3.027888109999999910e-01,1.636770038676633315e-02,1.260370746058607667e-02,6.898560325806457616e-01,1.358569997819736273e+03,2.024081493333269179e+02,2.377104339508489885e-05,1.386472709713321365e-06,1.155846459761007591e-04,1.640545329660787199e-01,1.957608499595228581e-04,5.034602208959003400e-02,3.960071799181181829e-05,5.347951468894212688e-06,6.795872528594829083e-24,1.483789379693199173e-22,1.936793519599532316e-19,1.836906419620185997e-21,2.058288709574410919e-18,5.644258628832944617e-17,5.638138508834211532e-04,3.078415269363481144e-02,1.930798219600772016e-11,1.701223749648240676e-13,3.773997339219656372e-19,1.696493929649218580e-19,3.040728799371273203e-18,3.012488449377112762e-26,2.686850009444444690e-21,2.348544309514395758e-25,6.128075068732907430e-23,2.411846859501306277e-26,6.039793178751162285e-27,6.397136428677275245e-21,1.953909279595993264e-18,4.634792239041671707e-21,6.642305378626581093e-13,1.530151099683613237e-11,7.470518178455333060e-13,1.679104979652814234e-12,2.468682449489554578e-11,6.065755228745793262e-05,2.126825559560239639e-06,4.325663059105589939e-07,6.699844238614683987e-09,4.919287648982847422e-15,7.070809458537980169e-10,7.403993958469088320e-15,4.961453338974127991e-24,9.129474858112314400e-13,3.982143559176618389e-12,4.441213369081697719e-10,1.151146609761979323e-11,7.538068018441366203e-01,8.774754918185658273e-21,0.000000000000000000e+00,0.000000000000000000e+00,1.599590899669255358e-21,5.478810958867154474e-24
1.577343750000000100e-02,-2.858989359999999924e-01,0.000000000000000000e+00,1.106124119999999948e+03,3.098189530000000080e-01,1.575684656266376424e-02,1.221557979193506512e-02,5.844820610099518143e-01,1.308022372851252612e+03,2.036514133333551229e+02,2.303493989771077127e-05,1.121007759888593282e-06,9.806481069025424079e-05,1.666414149834390401e-01,1.676433079833394954e-04,4.888673999514159957e-02,3.979815259604483003e-05,5.681421379435376716e-06,3.771806019625155245e-24,7.398756249264706207e-23,1.210330809879716606e-19,1.168031149883920260e-21,1.693424419831706170e-18,5.106167209492545216e-17,5.362869019467034898e-04,2.939902549707830090e-02,1.513747809849562701e-11,1.552910719845670499e-13,2.885472189713239765e-19,1.578804989843097145e-19,2.820291189719717360e-18,1.731860439827886669e-26,2.189284559782427543e-21,1.591801499841805572e-25,4.941838569508877169e-23,1.911778699810006214e-26,4.695827529533325384e-27,4.311532329571517065e-21,1.580431679842935604e-18,4.064124719596105105e-21,4.907852359512254207e-13,1.263149069874467297e-11,6.433897579360594572e-13,1.548215309846137378e-12,1.883733189812793271e-11,5.808547389422742511e-05,2.496491639751896747e-06,4.135347799589025962e-07,6.401456509363819013e-09,3.442698599657861921e-15,6.718848709332275881e-10,7.416572679262935746e-15,2.649188879736721543e-24,8.509839419154285418e-13,3.717991579630503042e-12,4.193137189583283004e-10,1.004180649900203648e-11,7.541401859250529416e-01,8.443009669160928028e-21,0.000000000000000000e+00,0.000000000000000000e+00,1.411828539859691542e-21,4.607968929542056183e-24
1.579687499999999842e-02,-2.811258560000000073e-01,0.000000000000000000e+00,1.081277790000000095e+03,3.171521420000000258e-01,1.515746431853690936e-02,1.183127501770313804e-02,4.914612764810653012e-01,1.257998873382197417e+03,2.045989119999914578e+02,2.237410059210052951e-05,8.977171526830491287e-07,8.274075657078728543e-05,1.691780279402694820e-01,1.431171979494705955e-04,4.743696818325175701e-02,3.975132558596527197e-05,5.959180237896032786e-06,1.179347269583615964e-24,3.609854908725493483e-23,7.464365627364608837e-20,7.499147057352327425e-22,1.405853139503645055e-18,4.663000808353666118e-17,5.104370718197834972e-04,2.804982539009663947e-02,1.175339079585031186e-11,1.408381829502752208e-13,2.169934009233875903e-19,1.464805469482831150e-19,2.642759979066938963e-18,1.005473709645004356e-26,1.823447229356207869e-21,1.083828119617340355e-25,4.059589418566708680e-23,1.521612309462774846e-26,3.390812208802828929e-27,2.932726678964562644e-21,1.295536359542593849e-18,3.612175158724674154e-21,3.615856388723374517e-13,1.041285029632360725e-11,5.552618918039575249e-13,1.433615009493843348e-12,1.419564059498804383e-11,5.552915638039470714e-05,2.919251258969320102e-06,3.948295288606002223e-07,6.078638717853856426e-09,2.391056909155806034e-15,6.388719837744378713e-10,7.445059897371424299e-15,1.385097109510973149e-24,7.959208857189896811e-13,3.482742368770372266e-12,3.962753838600898165e-10,8.753448396909481082e-12,7.544710507336240823e-01,8.117993947133836656e-21,0.000000000000000000e+00,0.000000000000000000e+00,1.253545649557419322e-21,3.920728828615734872e-24
1.582031249999999931e-02,-2.763305690000000259e-01,0.000000000000000000e+00,1.056527379999999994e+03,3.247996140000000143e-01,1.456965507218529327e-02,1.145099517086115362e-02,4.101625663388469567e-01,1.208549894487883648e+03,2.052497493333256102e+02,2.177621009862314009e-05,7.117047659550006642e-07,6.945801189560832996e-05,1.716640349891460915e-01,1.218353909922966329e-04,4.599763949709168021e-02,3.943227519750678906e-05,6.174699589609588046e-06,2.403051019848060570e-24,1.722292379891103443e-23,4.540241869712931595e-20,4.875615109691726407e-22,1.175853569925653512e-18,4.292793559728576713e-17,4.860649169692672546e-04,2.673666419830950450e-02,9.032788639428878102e-12,1.268012669919826542e-13,1.602571499898673163e-19,1.353166049914442442e-19,2.497585019842083637e-18,5.888034199627713840e-27,1.550728829901951152e-21,7.392501729532589636e-26,3.392485279785501489e-23,1.212532749923334560e-26,2.079156369868540189e-27,2.012594529872748511e-21,1.075409499932004328e-18,3.247480249794669879e-21,2.656678029832024537e-13,8.570031359458136158e-12,4.801681559696401052e-13,1.332651009915739698e-12,1.055876349933239470e-11,5.298952359664959574e-05,3.393373749785444704e-06,3.764990459761948240e-07,5.732830529637527001e-09,1.647633679895824055e-15,6.076883019615772144e-10,7.486455399526649350e-15,7.106752539550657647e-25,7.464783419528019083e-13,3.271205869793169255e-12,3.747402639763060192e-10,7.622734449518033520e-12,7.547994419522758847e-01,7.799705709506844373e-21,0.000000000000000000e+00,0.000000000000000000e+00,1.115849269929447428e-21,3.366003889787175453e-24
1.584375000000000019e-02,-2.715200280000000244e-01,0.000000000000000000e+00,1.031901049999999941e+03,3.327727979999999808e-01,1.399351434076025712e-02,1.107493332674546783e-02,3.397990256788778196e-01,1.159720784045148321e+03,2.056046933333270772e+02,2.123070578924305738e-05,5.583291797171118413e-07,5.804627147058974104e-05,1.740991619117893408e-01,1.034620169475789940e-04,4.456964867741793068e-02,3.881935468033142583e-05,6.325572386795027284e-06,1.616077969181183261e-25,7.860007196017577502e-24,2.723074308620302382e-20,3.217749698369665553e-22,9.893460954987287774e-19,3.979082107983921622e-17,4.629998227654122411e-04,2.545961058710040359e-02,6.867457196520471520e-12,1.132669219426111440e-13,1.161229449411640787e-19,1.243480479369966771e-19,2.376370048795966520e-18,3.473572538240047831e-27,1.345031589318514057e-21,5.036794747448011883e-26,2.879769368540909412e-23,9.646513715112409249e-27,7.283881736309482038e-28,1.392949189294235840e-21,9.031845565423842231e-19,2.947451998506617100e-21,1.946569299013733385e-13,7.038539186433789587e-12,4.160606667891948925e-13,1.243129709370144665e-12,7.747078106074794080e-12,5.046951627442865175e-05,3.913701978017047896e-06,3.585813388183179035e-07,5.366887137280763617e-09,1.126230279429374023e-15,5.780583607071156587e-10,7.538284726180584610e-15,3.513387048219875043e-25,7.016266816445074079e-13,3.079071668439929327e-12,3.544955018203880877e-10,6.629579906640996579e-12,7.551253886174013052e-01,7.488147186205987495e-21,0.000000000000000000e+00,0.000000000000000000e+00,9.920812704973430187e-22,2.908360768526423443e-24
1.586718750000000108e-02,-2.667011679999999885e-01,0.000000000000000000e+00,1.007426420000000007e+03,3.410833050000000033e-01,1.342913253145685583e-02,1.070327398129878801e-02,2.794799572018742961e-01,1.111547108182144029e+03,2.056657920000228046e+02,2.072861229507195997e-05,4.332332308970026893e-07,4.832517638851112650e-05,1.764831809580427180e-01,8.767674497915564072e-05,4.315385378974056357e-02,3.790042119098952221e-05,6.412974918475373648e-06,0.000000000000000000e+00,3.650191609132199781e-24,1.610916619617019408e-20,2.158812039486761760e-22,8.362046358011999201e-19,3.709304189118146302e-17,4.410965928951332505e-04,2.421869499424222222e-02,5.162580168772643157e-12,1.003529969761419870e-13,8.245794398039637054e-20,1.136068669729910036e-19,2.272484929459737426e-18,2.061829219509818898e-27,1.188399639717468868e-21,3.418896619187188040e-26,2.479303339410568199e-23,7.641374688183332418e-27,0.000000000000000000e+00,9.719873717689189082e-22,7.667800628177049112e-19,2.729189789351159892e-21,1.422144289661898113e-13,5.764419688629561585e-12,3.612516129141156976e-13,1.163233219723451956e-12,5.603801668667747598e-12,4.797419998859456469e-05,4.471478268936946162e-06,3.411055729189052213e-07,4.985079718814841994e-09,7.635469538184736281e-16,5.497694548692973019e-10,7.598662008193486374e-15,1.731989049588235413e-25,6.605409468429623739e-13,2.902803169309885076e-12,3.353714179202684538e-10,5.756799018631373400e-12,7.554489038203988649e-01,7.183324688292229680e-21,0.000000000000000000e+00,0.000000000000000000e+00,8.774826937913863343e-22,2.523228679400125107e-24
1.589062499999999850e-02,-2.618808759999999847e-01,0.000000000000000000e+00,9.831304569999999785e+02,3.497429020000000222e-01,1.287659698380220000e-02,1.033619356235873470e-02,2.282570670841274629e-01,1.064060081177433631e+03,2.054381653333259123e+02,2.026236180051800521e-05,3.323702730084969998e-07,4.011029510102541716e-05,1.788158900045714039e-01,7.417790860189634914e-05,4.175107830106736251e-02,3.667561370093760633e-05,6.440877180164660924e-06,2.341163090059851624e-25,1.624124870041520349e-24,9.410242240240571745e-21,1.472783390037651518e-22,7.091012470181281306e-19,3.474001810088811654e-17,4.202322850107431803e-04,2.301391420058834791e-02,3.835626450098057511e-12,8.818864010225452932e-14,5.735348000146623393e-20,1.031750030026376615e-19,2.180758710055750435e-18,1.228486870031406223e-27,1.067758380027297160e-21,2.306019390058953273e-26,2.161472470055258064e-23,6.012505560153708789e-27,0.000000000000000000e+00,6.835747920174754674e-22,6.574454790168074966e-19,2.513981790064269816e-21,1.035780360026479590e-13,4.703354410120241232e-12,3.143397420080360920e-13,1.091452390027902851e-12,3.994085820102108104e-12,4.551063430116346966e-05,5.054579570129220028e-06,3.240936000082854332e-07,4.592929790117417745e-09,5.134070970131251313e-16,5.226586320133617780e-10,7.666434990195991017e-15,8.290911740211956695e-26,6.225637810159157491e-13,2.739541230070036107e-12,3.172331970081100439e-10,4.989608610127558951e-12,7.557699910193211856e-01,6.885248350176021745e-21,0.000000000000000000e+00,0.000000000000000000e+00,7.690234930196599784e-22,2.193661820056080511e-24
1.591406249999999939e-02,-2.570659189999999761e-01,0.000000000000000000e+00,9.590391769999999951e+02,3.587635470000000160e-01,1.233599284960300822e-02,9.973861176537660023e-03,1.851627274702696002e-01,1.017292941226326889e+03,2.049288959999906581e+02,1.982561359849544308e-05,2.520262059808738530e-07,3.321888699747903257e-05,1.810970979862566443e-01,6.268464989524288476e-05,4.036211419693693653e-02,3.515916519733178647e-05,6.415177109513155301e-06,0.000000000000000000e+00,7.080555499462659962e-25,5.439760249587179990e-21,1.020786739922533007e-22,6.026718319542635159e-19,3.265919309752150408e-17,4.003033109696212209e-04,2.184523579834217813e-02,2.815389269786341353e-12,7.689478489416448134e-14,3.907036299703497286e-20,9.316094509293005935e-20,2.097235869840841891e-18,7.253783889449513202e-28,9.745819329260394650e-22,1.532874329883670958e-26,1.905206709855414782e-23,4.690779119644019532e-27,0.000000000000000000e+00,4.843559879632424699e-22,5.687808439568355069e-19,2.326740379823425284e-21,7.518835899429399065e-14,3.819450079710143608e-12,2.741522579791947042e-13,1.026533009922097065e-12,2.803683069787229941e-12,4.308749969673010950e-05,5.648172979571363433e-06,3.075613479766593210e-07,4.196880769681500728e-09,3.423773729740171342e-16,4.966020429623131791e-10,7.741375569412510424e-15,3.892255749704618845e-26,5.871750459554396067e-13,2.587013129803672569e-12,2.999740339772350991e-10,4.315255329672517562e-12,7.560886449426207356e-01,6.593986589499586382e-21,0.000000000000000000e+00,0.000000000000000000e+00,6.652763929495124907e-22,1.908064999855197612e-24
1.593750000000000028e-02,-2.522628980000000132e-01,0.000000000000000000e+00,9.351774880000000394e+02,3.681574069999999921e-01,1.180740241146683613e-02,9.616438949742893427e-03,1.492396518898758406e-01,9.712611867624431170e+02,2.041451093333256210e+02,1.941307830357219560e-05,1.888339340347472842e-07,2.747494050505565601e-05,1.833266190337338730e-01,5.293810600974111977e-05,3.898772420717411952e-02,3.337981910614220730e-05,6.342887811167153285e-06,5.129638140943903039e-26,3.034304910558341434e-25,3.123417000574738812e-21,7.175404361320343390e-23,5.129389550943858178e-19,3.079491770566655748e-17,3.812227190701487109e-04,2.071259790381132018e-02,2.040918610375548719e-12,6.656765051224909527e-14,2.607059220479724425e-20,8.367031221539614643e-20,2.018964540371508932e-18,4.296312330790563085e-28,9.020525091659863569e-22,1.020068110187702413e-26,1.695339460311958929e-23,3.616859370665537108e-27,0.000000000000000000e+00,3.457040900636129187e-22,4.960534680912786516e-19,2.161206230397682773e-21,5.438963351000822348e-14,3.083838340567456084e-12,2.396991300441069637e-13,9.674316641780168528e-13,1.937520210356522324e-12,4.071451230749186298e-05,6.235725081147433811e-06,2.915199920536424674e-07,3.803840210699943559e-09,2.264652610416718191e-16,4.715061860867616990e-10,7.824604131439804692e-15,1.798079130330864023e-26,5.539663351019351633e-13,2.443444180449617664e-12,2.835094090521684717e-10,3.722717200685016330e-12,7.564048521391857349e-01,6.309521971161013694e-21,0.000000000000000000e+00,0.000000000000000000e+00,5.661997521041861990e-22,1.658538750305187345e-24
1.596093750000000117e-02,-2.474782470000000123e-01,0.000000000000000000e+00,9.115692139999999881e+02,3.779367920000000214e-01,1.129090957287055136e-02,9.264083962829338173e-03,1.195649872423716342e-01,9.260041618564818009e+02,2.030941866666891826e+02,1.902036150682562499e-05,1.397865360501636376e-07,2.271353340815095265e-05,1.855042470665698717e-01,4.470236841604184147e-05,3.762864891350337776e-02,3.137958741126083996e-05,6.231436232236206463e-06,2.685895890963857763e-25,1.285673070461375485e-25,1.790831170642655768e-21,5.103680601831501397e-23,4.369025281567863809e-19,2.910443221044438086e-17,3.629179921302363456e-04,1.961591960703934837e-02,1.460933680524269193e-12,5.726808352055116416e-14,1.705376310611989679e-20,7.480057212684285335e-20,1.943814240697554978e-18,0.000000000000000000e+00,8.456740763034776583e-22,6.586787742363728073e-27,1.520847280545769869e-23,2.756854710989321851e-27,0.000000000000000000e+00,2.484429770891559700e-22,4.357348831563672791e-19,2.012346210722148549e-21,3.920775071407005568e-14,2.473270660887555184e-12,2.101388090754101875e-13,9.132813483277391739e-13,1.317754310472888067e-12,3.840173211378080704e-05,6.800218252440318490e-06,2.759770730990368230e-07,3.420665921227536400e-09,1.485845720533209039e-16,4.473011401605180246e-10,7.918850852841751039e-15,8.223845022951200374e-27,5.226204281875470453e-13,2.307477210828058546e-12,2.677726400960926108e-10,3.202470951149235314e-12,7.567185972715552156e-01,6.031807752164569294e-21,0.000000000000000000e+00,0.000000000000000000e+00,4.727755911696597687e-22,1.439672690516639333e-24
1.598437499999999858e-02,-2.427182270000000086e-01,0.000000000000000000e+00,8.882370300000000043e+02,3.881141200000000069e-01,1.078659356164176145e-02,8.916947272633890878e-03,9.526642345899734299e-02,8.815309147735380293e+02,2.017824853333258659e+02,1.864381419546439010e-05,1.022328849751291070e-07,1.878355809543039371e-05,1.876297789543539818e-01,3.776413289081285551e-05,3.628560549117254563e-02,2.921102709289363157e-05,6.088139108518895964e-06,0.000000000000000000e+00,5.425878848680008631e-26,1.033099089748670901e-21,3.664967309108398046e-23,3.722479019094406307e-19,2.755474209329656217e-17,3.453286279159894926e-04,1.855508829548597680e-02,1.032532689748808413e-12,4.901611518807551021e-14,1.094553639733720380e-20,6.660925858379549977e-20,1.870307369544997603e-18,0.000000000000000000e+00,8.015660088049974576e-22,4.313491108950627175e-27,1.373628539665827830e-23,2.067911449496924848e-27,0.000000000000000000e+00,1.797563489562694301e-22,3.851664249062978661e-19,1.876819719543413176e-21,2.816864279314721857e-14,1.968752109521048040e-12,1.847504879550544753e-13,8.633601347899644091e-13,8.819225177854486209e-13,3.615880349120339653e-05,7.325429608217891634e-06,2.609371449365200413e-07,3.053647519257117583e-09,9.671548917647134040e-17,4.239346518968664237e-10,8.028747948046791175e-15,3.748688029088030809e-27,4.928926978800905569e-13,2.178091659470120429e-12,2.527108259385212978e-10,2.746256279331899150e-12,7.570298568158321251e-01,5.760919218598500901e-21,0.000000000000000000e+00,0.000000000000000000e+00,3.865390179059639628e-22,1.247611839696484652e-24
1.600781249999999947e-02,-2.379889500000000047e-01,0.000000000000000000e+00,8.652026069999999436e+02,3.987017979999999961e-01,1.029453696220338811e-02,8.575177304694460434e-03,7.553746826810743553e-02,8.378745323592623890e+02,2.002163626666593643e+02,1.828041739301368066e-05,7.387692107176606919e-08,1.554998389405718278e-05,1.897029789275002098e-01,3.193306228779597484e-05,3.495929948663942244e-02,2.693338758970672628e-05,5.919810077737595102e-06,0.000000000000000000e+00,2.296697279122259297e-26,6.050024337687831060e-22,2.651483558986668752e-23,3.171473008787941707e-19,2.612040299001743225e-17,3.284046138744918975e-04,1.752997859330047634e-02,7.205841577246106182e-13,4.179282988402782237e-14,6.903164547361782411e-21,5.912435397740413381e-20,1.797479239313048237e-18,6.286112077597603672e-28,7.665095597070591188e-22,2.775898188939120858e-27,1.247686899523164958e-23,1.527488399416231889e-27,0.000000000000000000e+00,1.308917539499764182e-22,3.423331608691687630e-19,1.751909599330463881e-21,2.017619059228915925e-14,1.554468059405920853e-12,1.629159859377375485e-13,8.170691446877365341e-13,5.807767977780415605e-13,3.399433418700820560e-05,7.797036567020167256e-06,2.464026769058310120e-07,2.708104668965029659e-09,6.245856207612988282e-17,4.013681788466070535e-10,8.160773406881156030e-15,1.720979399342284190e-27,4.645971548224425038e-13,2.054537659214807074e-12,2.382821539089345162e-10,2.346909819103069039e-12,7.573386067105639663e-01,5.496725017899288440e-21,0.000000000000000000e+00,0.000000000000000000e+00,3.090561448818863943e-22,1.079437249587465856e-24
1.603125000000000036e-02,-2.332963789999999982e-01,0.000000000000000000e+00,8.424865959999999632e+02,4.097121329999999784e-01,9.814819218627009526e-03,8.238918646385498534e-03,5.964540663150741384e-02,7.950590930009890371e+02,1.984005973333261466e+02,1.792767158864551805e-05,5.275810936658567533e-08,1.289432189183338581e-05,1.917236068785719283e-01,2.704066598287380404e-05,3.365042277868752346e-02,2.460825278441437463e-05,5.732540756369297678e-06,0.000000000000000000e+00,9.931419853709939276e-27,3.631104417700241678e-22,1.929289928778085131e-23,2.701175458289211752e-19,2.478171508430450956e-17,3.121044928023287350e-04,1.654043788952411914e-02,4.966075266854738249e-13,3.554573667748711971e-14,4.284717537286276606e-21,5.233488116685372178e-20,1.724753948907627719e-18,0.000000000000000000e+00,7.404303975310487861e-22,1.778712108873453359e-27,1.138538519278907140e-23,1.109012059297607717e-27,0.000000000000000000e+00,9.589445673926529110e-23,3.056931098063893921e-19,1.635741818964003638e-21,1.441248849087185568e-14,1.216882729229287754e-12,1.441033599087321888e-13,7.739104805098440550e-13,3.763369747616471396e-13,3.191536437978641661e-05,8.203490854804321695e-06,2.323743598528257977e-07,2.388095538487500704e-09,4.002217467465196830e-17,3.795731317595975190e-10,8.322639314728860626e-15,7.992301924938078011e-28,4.375932377228505120e-13,1.936271838773663100e-12,2.244531788578426698e-10,1.998164808734463009e-12,7.576448175201460078e-01,5.239372086681646127e-21,0.000000000000000000e+00,0.000000000000000000e+00,2.415063658470420137e-22,9.327172104092639285e-25
1.605468750000000125e-02,-2.286463649999999903e-01,0.000000000000000000e+00,8.201087619999999561e+02,4.211571700000000251e-01,9.347518991939860952e-03,7.908314005906275090e-03,4.693807987027966838e-02,7.531097691338532059e+02,1.963390720000211047e+02,1.758351319720091261e-05,3.723020819407338993e-08,1.071462179829435788e-05,1.936914099691666169e-01,2.293959679634828677e-05,3.235966119484872533e-02,2.229552399645081596e-05,5.531585539119436582e-06,2.868310399543398898e-25,4.371823649304057180e-27,2.251300029641619248e-22,1.409932709775555154e-23,2.299284749633981057e-19,2.352342419625534570e-17,2.963940779528176036e-04,1.558629369751884583e-02,3.379278279462059136e-13,3.019781669519286337e-14,2.621111949582750193e-21,4.620515879264468053e-20,1.651844949737045578e-18,7.363415978827830966e-28,7.253781308845283470e-22,1.130379619820057029e-27,1.042806829833997423e-23,7.896618258742951250e-28,0.000000000000000000e+00,7.065710058875223158e-23,2.740591449563730043e-19,1.526957179756926555e-21,1.026837169836539633e-14,9.441496298497025340e-13,1.278561479796468174e-13,7.334711208832399756e-13,2.399000669618107634e-13,2.992709239523595944e-05,8.536493228641092054e-06,2.188515979651614066e-07,2.096324979666289605e-09,2.544683779594916067e-17,3.585284159429265201e-10,8.522332098643344819e-15,3.830729419390193076e-28,4.117758089344501313e-13,1.822906839709814770e-12,2.111970239663799090e-10,1.694505419730254663e-12,7.579484538793435089e-01,4.988885749205828596e-21,0.000000000000000000e+00,0.000000000000000000e+00,1.844413199706391315e-22,8.052636368718115372e-25
1.607812499999999867e-02,-2.240446680000000024e-01,0.000000000000000000e+00,7.980880839999999807e+02,4.330485020000000018e-01,8.892713785344617469e-03,7.583504845657106433e-03,3.684655333027310464e-02,6.922735364334423593e+02,1.928315519999927403e+02,1.724624201385929797e-05,2.592874102083666666e-08,8.924569527171897885e-06,1.956061261571915566e-01,1.950236241567234634e-05,3.108769802498247137e-02,2.005064951611295818e-05,5.321345554276300513e-06,0.000000000000000000e+00,1.977110611588831416e-27,1.447275011163048675e-22,1.033706350830699560e-23,1.955408491571391345e-19,2.233370151794764416e-17,2.812451922260122430e-04,1.466735181178687071e-02,2.267426301822132575e-13,2.565725512061849536e-14,1.580780711270335627e-21,4.069818603270558094e-20,1.578675391268643405e-18,1.622640701303974663e-27,6.972198985602947933e-22,7.133893875732888001e-28,9.579286357698035227e-24,5.497037394417488772e-28,0.000000000000000000e+00,5.232616824204997746e-23,2.465108141980992366e-19,1.424572811144805101e-21,7.288682755857278257e-15,7.257049685831857496e-13,1.137839930914382712e-13,6.954085535588392022e-13,1.502295661207263863e-13,2.803280732252752324e-05,8.791090177064631831e-06,2.058327741654098264e-07,1.834236271474015582e-09,1.605058731289845340e-17,3.382183942717965952e-10,8.767574367045736222e-15,1.882370191512696679e-28,3.870665733110516065e-13,1.714168551377527670e-12,1.984918341595105527e-10,1.431027971149992301e-12,7.582494756093388633e-01,4.745291623813376939e-21,0.000000000000000000e+00,0.000000000000000000e+00,1.377975781107359003e-22,6.950112865585199173e-25
1.612500000000000044e-02,-2.150056889999999998e-01,0.000000000000000000e+00,7.551770040000000108e+02,4.582210540000000165e-01,8.020616071581273404e-03,6.951730069237624897e-03,2.274792824789380677e-02,6.157396769323887611e+02,1.874767786666735105e+02,1.658835579138901397e-05,1.267812659341880886e-08,6.292354056733651112e-06,1.992763428965560191e-01,1.428314459258564670e-05,2.860262978515243013e-02,1.591278309173970381e-05,4.884188457464626924e-06,2.790474798551469904e-24,4.914231937449031017e-28,6.752321536494883133e-23,5.645401387069482969e-24,1.413475529266267538e-19,2.013111518954997226e-17,2.525507738689013464e-04,1.293318589328640821e-02,1.026211939467295312e-13,1.867302119030687127e-14,5.826747746975346360e-22,3.155656478361904453e-20,1.431842149256733283e-18,1.293451599328571794e-24,6.537361296606468442e-22,2.932716948477631878e-28,8.144350735772282562e-24,2.562711518669701181e-28,0.000000000000000000e+00,2.937925188474928763e-23,2.013208928954946993e-19,1.236596069358085455e-21,3.766367918044885637e-15,4.223883767807389651e-13,9.114454015268703865e-14,6.255275956752898214e-13,5.853490096961464191e-14,2.452809148726751585e-05,9.063289775295263801e-06,1.812816239058970558e-07,1.399448059273549103e-09,6.275152046742580779e-18,2.997469838444018882e-10,9.418655245110796264e-15,5.680145507051447068e-29,3.407580238231131577e-13,1.509825099216252669e-12,1.746602929093341827e-10,1.009576069475930937e-12,7.588435426060857747e-01,4.278738897778914838e-21,0.000000000000000000e+00,0.000000000000000000e+00,7.417839246149413815e-23,5.192655027304502815e-25
1.617187499999999875e-02,-2.062177149999999959e-01,0.000000000000000000e+00,7.138713569999999891e+02,4.853220069999999997e-01,7.198137006172297334e-03,6.344296221840915566e-03,1.403530306823875216e-02,5.604098524536806281e+02,1.828053333333262742e+02,1.594414608556671728e-05,6.165003754419191398e-09,4.492746375932986011e-06,2.027363748164749124e-01,1.058391509041901524e-05,2.619941647628323822e-02,1.238720968878660154e-05,4.444675245976501797e-06,1.739680128425171986e-27,1.270593968849807152e-28,3.478297966851304939e-23,3.095239997198064645e-24,1.012383519083549806e-19,1.811180518360446836e-17,2.258246417955744607e-04,1.133308078974084102e-02,4.597387165838260700e-14,1.371167878758763792e-14,2.157764908046704545e-22,2.400399257827062333e-20,1.285637458836189402e-18,0.000000000000000000e+00,5.793106514755847994e-22,1.222801458893071034e-28,6.952153243706631492e-24,1.064104389036729829e-28,0.000000000000000000e+00,1.675856188482947943e-23,1.653177798503477069e-19,1.067319069033820132e-21,1.965693478220575886e-15,2.393120317833651688e-13,7.376947883322090487e-14,5.621903444910827906e-13,2.222440727988157685e-14,2.138688118063973866e-05,9.045084371812027796e-06,1.586532328563807292e-07,1.066786249034302243e-09,2.374445817850556104e-18,2.640275577609916590e-10,1.006072059089263221e-14,1.830123838343298854e-29,2.982397467300214058e-13,1.321803798803450179e-12,1.527918118616867248e-10,6.985018663676881004e-13,7.594268523125363712e-01,3.839396506524424156e-21,0.000000000000000000e+00,0.000000000000000000e+00,3.806848516553888004e-23,3.885227826482936157e-25
1.619531249999999964e-02,-2.019332149999999992e-01,0.000000000000000000e+00,6.938675829999999678e+02,4.996111389999999819e-01,6.805809129150429404e-03,6.050112835342752286e-03,1.100430972936988598e-02,5.241342148615360657e+02,1.792907519999932049e+02,1.562508289511911741e-05,4.239808998675590114e-09,3.802304348812255995e-06,2.043864109361548387e-01,9.131803857147453488e-06,2.503037349218114466e-02,1.086281939660672890e-05,4.228555518679105543e-06,4.049845048734930356e-30,6.147490678079678276e-29,2.537559439207330565e-23,2.283119979286810867e-24,8.515751977339893374e-20,1.716007719463962525e-17,2.131703569334109625e-04,1.058313539669409643e-02,3.028445979053990103e-14,1.177339999632228626e-14,1.303740309592744405e-22,2.068010419354006004e-20,1.213562359620913516e-18,1.088004899660134820e-27,5.410535118309885096e-22,7.853105757546888920e-29,6.424431777993169413e-24,6.156997368076708910e-29,0.000000000000000000e+00,1.268420599603777388e-23,1.498917209531776142e-19,9.891077326910276522e-22,1.408645439559974921e-15,1.772668449446262985e-13,6.653252787921690802e-14,5.325562768336429042e-13,1.339882199581454612e-14,1.994486369376972652e-05,8.943004367206431281e-06,1.480575229537505765e-07,9.312426257091033627e-10,1.438508109550646212e-18,2.471957889227822785e-10,1.027750389678956602e-14,8.921256477213224205e-30,2.783551209130488743e-13,1.233791149614594817e-12,1.425728399554638363e-10,5.758042278201332021e-13,7.597142177626844406e-01,3.630058188866061844e-21,0.000000000000000000e+00,0.000000000000000000e+00,2.656130389170292065e-23,3.359437088950596915e-25
1.621875000000000053e-02,-1.977310879999999993e-01,0.000000000000000000e+00,6.743233430000000226e+02,5.143942289999999806e-01,6.426391467924422347e-03,5.762586990304286588e-03,8.637201831285969481e-03,4.889475892959568455e+02,1.755260586666603615e+02,1.530765300007359760e-05,2.928344140014079522e-09,3.227013860015515171e-06,2.059818840009903507e-01,7.902408810037994845e-06,2.388434810011483625e-02,9.498874750045671072e-06,4.016019980019309193e-06,1.797039420008640067e-32,3.799716500018268582e-29,1.866059950008972010e-23,1.683202620008092310e-24,7.139240040034324715e-20,1.624501760007810473e-17,2.009877530009663139e-04,9.866846660047438877e-03,2.000670660009619159e-14,1.013953160004875063e-14,7.971709750038327498e-23,1.768112470008500880e-20,1.142521210005493120e-18,6.586004880031665667e-25,5.054565370024301332e-22,5.111514130024576065e-29,5.937159430028545079e-24,3.137690600015085480e-29,0.000000000000000000e+00,9.634116810046319791e-24,1.359739570006537598e-19,9.150859620043997820e-22,1.013488840004872832e-15,1.305927480006278949e-13,6.013345080028911635e-14,5.041912090024240860e-13,8.069409380038798961e-15,1.858615850008936350e-05,8.785300170042240647e-06,1.379441900006632354e-07,8.140739380039140618e-10,8.643210610041555557e-19,2.310580420011108991e-10,1.040656180005003479e-14,6.273975900030164995e-30,2.593852360012470746e-13,1.149788450005528140e-12,1.328296940006386476e-10,4.724267610022714485e-13,7.599984680036540041e-01,3.427751000016480116e-21,0.000000000000000000e+00,0.000000000000000000e+00,1.841813710008855445e-23,2.907489090013979181e-25
1.624218750000000142e-02,-1.936171959999999914e-01,0.000000000000000000e+00,6.552545559999999796e+02,5.296712129999999741e-01,6.059930738379852751e-03,5.481867519509721343e-03,6.789125029436873099e-03,4.548868152065100503e+02,1.715089493333519499e+02,1.499149479432483197e-05,2.033815969230080088e-09,2.745992838960479152e-06,2.075226279214403835e-01,6.858427207403679350e-06,2.276208929138320153e-02,8.288511926862306422e-06,3.807893598558486795e-06,0.000000000000000000e+00,2.254047359146709760e-29,1.378384559478199766e-23,1.239803799530660939e-24,5.964013477742269155e-20,1.536461779418358246e-17,1.892689799283504913e-04,9.183838276523373367e-03,1.326984119497657958e-14,8.758144596684523244e-15,4.945847218127704750e-23,1.500484419431978005e-20,1.072820759593873709e-18,4.022453218477263247e-27,4.672049088231353051e-22,3.331702548738753655e-29,5.485707537923334320e-24,1.151549739564070203e-29,0.000000000000000000e+00,7.336596207222663903e-24,1.233745769532954384e-19,8.451128826800747482e-22,7.320503017228756471e-16,9.570991516376814190e-14,5.445517617938549292e-14,4.770043218194255776e-13,4.860470988160024233e-15,1.730685169344833141e-05,8.579250706752245597e-06,1.283075299514280096e-07,7.128980247301258940e-10,5.148270738051073999e-19,2.156097759183789279e-10,1.043528269604962730e-14,3.767238068573877968e-30,2.413141039086483188e-13,1.069738629595040464e-12,1.235534559532276997e-10,3.858016018539512602e-13,7.602794657121891841e-01,3.232485758776313328e-21,0.000000000000000000e+00,0.000000000000000000e+00,1.273081849518063206e-23,2.518542299046582537e-25
1.626562499999999883e-02,-1.895974549999999981e-01,0.000000000000000000e+00,6.366768019999999524e+02,5.454385760000000083e-01,5.706464480740107946e-03,5.208104681824291329e-03,5.345560460894072975e-03,4.219858170880457351e+02,1.672373333333274275e+02,1.467633839396891276e-05,1.421200069415972556e-09,2.342414749037409466e-06,2.090085129141101561e-01,5.969115357547054392e-06,2.166435899109726143e-02,7.221081377032572531e-06,3.604809618518641385e-06,0.000000000000000000e+00,1.672025959312898544e-29,1.020576029580604919e-23,9.121635256251559970e-25,4.964218297960006975e-20,1.451732899403425353e-17,1.780072489268498006e-04,8.533700796493164792e-03,8.840540136367073716e-15,7.586194186882534857e-15,3.120233308717773318e-23,1.264121339480522674e-20,1.004748909587108882e-18,9.458260046113227848e-25,4.337750878217446423e-22,2.199291519096224274e-29,5.066344847918038046e-24,0.000000000000000000e+00,0.000000000000000000e+00,5.600968437698340745e-24,1.119375729540004266e-19,7.790663306798508227e-22,5.306979257819152849e-16,6.979003547132050896e-14,4.939977567969968283e-14,4.509210918146987104e-13,2.929595938796113513e-15,1.610298949338264600e-05,8.332107186576008496e-06,1.191413349510401247e-07,6.254910277429610971e-10,3.039679598750875266e-19,2.008462669174643386e-10,1.035858679574324813e-14,2.472348178984014692e-30,2.241266799078974900e-13,9.935847935916967288e-13,1.147355019528506509e-10,3.136176378711221548e-13,7.605570496874569653e-01,3.044268508748989917e-21,3.982010268363634533e-31,0.000000000000000000e+00,8.788070666388634443e-24,2.183345959102777187e-25
1.628906249999999972e-02,-1.856778299999999882e-01,0.000000000000000000e+00,6.186052740000000085e+02,5.616888129999999535e-01,5.366020849186151076e-03,4.941449593512342239e-03,4.216769523514659994e-03,3.902807597213505346e+02,1.627100586666600179e+02,1.436199239933596370e-05,9.987220779538233797e-10,2.002696939907403864e-06,2.104394459902702019e-01,5.209149859759151102e-06,2.059192999904791918e-02,6.284087909709450845e-06,3.407253319842463353e-06,0.000000000000000000e+00,4.787969619778625318e-30,7.564969379650227668e-24,6.702504389690105095e-25,4.117254799809635784e-20,1.369963349936658678e-17,1.671965569922695437e-04,7.915989459633999276e-03,5.912263479726642850e-15,6.588300609695386169e-15,2.004181049907335144e-23,1.057619389951100265e-20,9.385724789566042772e-19,2.165021059899898943e-27,3.975563309816187049e-22,1.454512409932749775e-29,4.676039689783799855e-24,0.000000000000000000e+00,0.000000000000000000e+00,4.284766229801891121e-24,1.015336509953055222e-19,7.168351609668566143e-22,3.858564189821596704e-16,5.061755259765966605e-14,4.488509519792470700e-14,4.258805669803091018e-13,1.766157949918340533e-15,1.497070489930781915e-05,8.050861389627762254e-06,1.104388709948937767e-07,5.498637139745766686e-10,1.778918819917750515e-19,1.867623959913649033e-10,1.017922459952935585e-14,9.763802729548564922e-31,2.078082009903918404e-13,9.212683459574043926e-13,1.063673269950820413e-10,2.538067369882650884e-13,7.608310389648225147e-01,2.863099699867622860e-21,1.795094479917002601e-30,0.000000000000000000e+00,6.061258129719753099e-24,1.894066059912426598e-25
1.631250000000000061e-02,-1.818643129999999997e-01,0.000000000000000000e+00,6.010546950000000379e+02,5.784098880000000387e-01,5.038616187980275545e-03,4.682053584859049468e-03,3.332887962805736268e-03,3.455193051979452434e+02,1.555287893333388638e+02,1.404833249822243993e-05,7.037745259109501606e-10,1.715844099782891308e-06,2.118153809731986303e-01,4.557661509423311099e-06,1.954558359752686311e-02,5.464617339308552564e-06,3.215596109593125016e-06,3.741208139526618790e-25,2.538000799678862789e-30,5.610111969290142714e-24,4.918935979377599366e-25,3.403409369569360871e-20,1.291496809836584545e-17,1.568314559801558584e-04,7.330221969072494605e-03,3.957182509499291527e-15,5.735518359274276427e-15,1.310128759834227299e-23,8.791867588887550910e-21,8.745205238893454389e-19,1.938625189754702291e-30,3.683020689533981509e-22,9.728105688769086946e-30,4.312299239454357339e-24,0.000000000000000000e+00,0.000000000000000000e+00,3.283364749584550504e-24,9.205466768835217479e-20,6.583143359167023513e-22,2.809351049644528225e-16,3.646642709538583674e-14,4.084192979483220282e-14,4.018330889491553860e-13,1.061993369865624360e-15,1.390629459824041193e-05,7.742099909020379132e-06,1.021928539870693609e-07,4.842904779387219111e-10,1.031856209869437427e-19,1.733524829780654124e-10,9.906552998746507388e-15,5.620392759288842449e-31,1.923437089756624155e-13,8.527277278921029604e-13,9.844038058754417679e-11,2.045308739741203586e-13,7.611012279036966088e-01,2.688973429659759817e-21,2.647086829665059565e-30,0.000000000000000000e+00,4.169042059472483983e-24,1.644089479791970568e-25
1.635937499999999892e-02,-1.745739010000000035e-01,0.000000000000000000e+00,5.675528540000000248e+02,6.132115540000000475e-01,4.422500252427041291e-03,4.185439006093991630e-03,2.105321143371549283e-03,2.912699471905794439e+02,1.453804586666612124e+02,1.342312439896559560e-05,3.631777299720130173e-10,1.272853889901912045e-06,2.144041029834777290e-01,3.526166399728268330e-06,1.753363879864883179e-02,4.136307219681250529e-06,2.850660939780323546e-06,1.262366909902719974e-24,6.736065519480909581e-31,3.111119819760252339e-24,2.660898159794947341e-25,2.314647189821630172e-20,1.143578489911874185e-17,1.374071549894112054e-04,6.251132999518278430e-03,1.830893669858908861e-15,4.386388309661978799e-15,6.050474239533741518e-24,5.990163059538389374e-21,7.532989799419496891e-19,0.000000000000000000e+00,3.150319259757231797e-22,4.478693969654865441e-30,3.656865979718196633e-24,0.000000000000000000e+00,0.000000000000000000e+00,1.943765359850210299e-24,7.553397749417924208e-20,5.518430339574741414e-22,1.548197019880693797e-16,1.909337449852863444e-14,3.398616359738097408e-14,3.565802989725213713e-13,3.928129799697292603e-16,1.196780169907774357e-05,7.062211929455775177e-06,8.702010909329410737e-08,3.784854709708333331e-10,3.395345009738349822e-20,1.485023819885561852e-10,9.130198249296413632e-15,1.912056919852654305e-31,1.638811689873710712e-13,7.265609089440101291e-13,8.385865169353773113e-11,1.320647579898228955e-13,7.616293909413077712e-01,2.361567529818014524e-21,3.216615639752123281e-30,0.000000000000000000e+00,2.032866789843344489e-24,1.242558779904246626e-25
1.640625000000000069e-02,-1.677591920000000014e-01,0.000000000000000000e+00,5.362318599999999833e+02,6.496974880000000452e-01,3.856815957719527798e-03,3.718781331647167190e-03,1.338714393498480724e-03,2.420304623821905636e+02,1.343150080000045818e+02,1.280040450068518793e-05,1.898953360101648678e-10,9.508311590508968536e-07,2.167803060116039737e-01,2.751335060147275252e-06,1.563245350083678625e-02,3.124870180167270551e-06,2.511093050134415626e-06,3.961501540212054380e-28,0.000000000000000000e+00,1.725327940092354471e-24,1.433887460076754347e-25,1.558676480083434061e-20,1.007067850053906970e-17,1.196545140064049473e-04,5.288753210283100165e-03,8.502603010455133302e-16,3.371604730180477704e-15,3.012439150161251796e-24,3.991096900213638438e-21,6.421885110343755198e-19,0.000000000000000000e+00,2.679161690143412221e-22,2.083090450111505392e-30,3.083701100165066802e-24,0.000000000000000000e+00,0.000000000000000000e+00,1.152787930061707209e-24,6.166489670330084477e-20,4.584486410245401578e-22,8.656183470463353912e-17,9.832250060526308632e-15,2.839399030151989561e-14,3.148100320168513744e-13,1.442939890077238854e-16,1.025456240054891379e-05,6.340430970339394882e-06,7.350990280393489479e-08,2.971079110159037991e-10,1.079462100057782234e-20,1.261694380067536850e-10,8.165668650437098623e-15,1.735459630092897052e-31,1.385245020074150494e-13,6.141513380328747872e-13,7.087460830379382276e-11,8.393904780449314453e-14,7.621400250407963650e-01,2.061250700110336306e-21,3.079773990164856487e-30,0.000000000000000000e+00,9.867264840528184038e-25,9.376423380501908982e-26
1.645312499999999900e-02,-1.614631760000000138e-01,0.000000000000000000e+00,5.071751699999999801e+02,6.875923900000000533e-01,3.341158505918817145e-03,3.283116141651821768e-03,8.563916656176364956e-04,1.979650421950087207e+02,1.224119253333290658e+02,1.218080779849906168e-05,1.007256649875884094e-10,7.148397369119162625e-07,2.189457899730211377e-01,2.162983459733473474e-06,1.384771799829366198e-02,2.357699849709480386e-06,2.197632729729203854e-06,6.683112549176495632e-25,5.692678489298537868e-32,9.581357508819368524e-25,7.713115409049577612e-26,1.042771909871508067e-20,8.817771908913459886e-18,1.035345449872423075e-04,4.438095449453130503e-03,3.964838079511446118e-16,2.599912409679634551e-15,1.612724739801277290e-24,2.606307949678846495e-21,5.418868659332277978e-19,1.515704539813232393e-28,2.296608849717008300e-22,9.984608148769679159e-31,2.583740829681627009e-24,0.000000000000000000e+00,0.000000000000000000e+00,6.842287679156882459e-25,5.003537489383455849e-20,3.773373869535038987e-22,4.910169529394960506e-17,4.993714769384666774e-15,2.380024499706729625e-14,2.763719919659449960e-13,5.283069109349011238e-17,8.745141418922410017e-06,5.609933759308734641e-06,6.158809609241100287e-08,2.339483999711725079e-10,3.330462709589615177e-21,1.062812669869038389e-10,7.125558879121977272e-15,0.000000000000000000e+00,1.161354209856896170e-13,5.148927379365540651e-13,5.941416309267887716e-11,5.261505619351668765e-14,7.626308309060273460e-01,1.787687049779718609e-21,2.660781449672134095e-30,0.000000000000000000e+00,4.782566679410684856e-25,7.056792339130450195e-26
1.650000000000000078e-02,-1.557251169999999962e-01,0.000000000000000000e+00,4.804456950000000006e+02,7.265173520000000051e-01,2.874799319150292062e-03,2.879339388837339354e-03,5.508799872433228946e-04,1.591646229941151205e+02,1.097937066666702890e+02,1.156546660492350566e-05,5.419852402307271549e-11,5.407081202301835182e-07,2.209036950940403699e-01,1.711814590728732356e-06,1.218463670518708970e-02,1.777801750756823455e-06,1.910578300813347321e-06,7.482806623185487223e-29,4.571768001946235731e-31,5.335899392271533070e-25,4.150180651766762889e-26,6.952969552959932832e-21,7.672997393266451985e-18,8.900332013788938472e-05,3.693475221572339786e-03,1.855307730789818367e-16,2.008227930854918020e-15,9.180718453908299949e-25,1.671329270711497561e-21,4.526804181927093902e-19,1.194836860508651015e-25,1.919184670817011241e-22,4.793216722040507628e-31,2.149807540915188936e-24,0.000000000000000000e+00,0.000000000000000000e+00,4.058923711727914395e-25,4.032176081716527638e-20,3.076637071309747338e-22,2.825673791202910530e-17,2.508605561067932642e-15,2.000416420851592195e-14,2.411655051026659595e-13,1.934855010823682085e-17,7.420669573159035102e-06,4.896746742084581743e-06,5.117074682178376911e-08,1.846047370785876144e-10,1.001684870426424773e-21,8.874757783778050000e-11,6.094166242594333238e-15,0.000000000000000000e+00,9.655844644110564501e-14,4.280989851822449568e-13,4.939559582102807750e-11,3.259974651387795609e-14,7.630993143248570032e-01,1.540372650655748156e-21,2.172688770924929892e-30,0.000000000000000000e+00,2.318190400986870913e-25,5.292967062253255147e-26
1.654687499999999908e-02,-1.505785370000000123e-01,0.000000000000000000e+00,4.560803430000000276e+02,7.659920970000000384e-01,2.456632513424975971e-03,2.508133654413465322e-03,3.561960334741377169e-04,1.256140205665942773e+02,9.662150399999673311e+01,1.095591799842259645e-05,2.959146119573950437e-11,4.114622909407587859e-07,2.226587339679421962e-01,1.362783779803790037e-06,1.064759899846698908e-02,1.340837249806949926e-06,1.649884819762454125e-06,8.778923758736035144e-26,4.845555649302350289e-31,2.983191159570488472e-25,2.237585259677838568e-26,4.632963629332959022e-21,6.632592119045057590e-18,7.600913668905641917e-05,3.048498919561085443e-03,8.711912538745681955e-17,1.552065159776537871e-15,5.476951829211444204e-25,1.054071979848237715e-21,3.744983459460807639e-19,2.600217849625628203e-29,1.588231699771330786e-22,2.333491839664030442e-31,1.775828439744321148e-24,0.000000000000000000e+00,0.000000000000000000e+00,2.549063659632992703e-25,3.225926379535539635e-20,2.485257739642179389e-22,1.648912829762593952e-17,1.250516829819953970e-15,1.685136259757378539e-14,2.091156029698921068e-13,7.124003938974305438e-18,6.264292149098084403e-06,4.220454589392350737e-06,4.216404629392933416e-08,1.458847079789959148e-10,2.983968639570376168e-22,7.345836658942367333e-11,5.125916619261984428e-15,0.000000000000000000e+00,7.962006448853652918e-14,3.530023109491756781e-13,4.072876789413598167e-11,2.001605629711814237e-14,7.635429108900672057e-01,1.318613019810149808e-21,1.717594339752705520e-30,0.000000000000000000e+00,1.124935499838034799e-25,3.955256369430533244e-26
1.659375000000000086e-02,-1.460494039999999938e-01,0.000000000000000000e+00,4.340857730000000174e+02,8.054486889999999955e-01,2.085144041592375524e-03,2.169897532036001685e-03,2.314811745519433899e-04,9.722419142695451910e+01,8.312302933333630506e+01,1.035402270356779686e-05,1.640010270565116295e-11,3.150354481085551590e-07,2.242173260772609700e-01,1.090691670375831540e-06,9.239851093183875860e-03,1.012560110348908737e-06,1.415215370487656220e-06,4.409418711519400755e-31,2.425976840835945053e-31,1.675238360577255113e-25,1.210266670417034649e-26,3.092130471065489192e-21,5.698642541963642196e-18,6.449082812222229981e-05,2.496114880860113381e-03,4.105634371414722164e-17,1.199400620413290353e-15,3.376199291163373751e-25,6.542970932254582487e-22,3.069745231057775248e-19,2.701719220930960699e-33,1.306633750450240850e-22,1.054033160363199724e-31,1.456306850501815327e-24,0.000000000000000000e+00,0.000000000000000000e+00,3.666569731263429341e-24,2.562311340882923518e-20,1.989904550685683080e-22,9.736725633355087749e-18,6.201858392137040617e-16,1.422172930490053587e-14,1.801547290620778454e-13,2.650363380913264116e-18,5.260700651812736811e-06,3.594940231238747691e-06,3.446515301187602765e-08,1.154222310397722938e-10,8.807937643035046491e-23,6.028374152077262708e-11,4.251513171464990190e-15,0.000000000000000000e+00,6.512990142244250709e-14,2.887594020995009496e-13,3.331544931147986556e-11,1.220981270420726638e-14,7.639591392632456568e-01,1.122519780386798810e-21,1.335867620460314294e-30,0.000000000000000000e+00,5.467664891884052998e-26,2.945343491014909348e-26
1.664062499999999917e-02,-1.421530119999999953e-01,0.000000000000000000e+00,4.144317320000000109e+02,8.442662410000000284e-01,1.758320408924195135e-03,1.864619911175483240e-03,1.511887796771397348e-04,6.472190540653674873e+01,6.352748800000001950e+01,9.761861311644938114e-06,9.228698061555095731e-12,2.427172770408994767e-07,2.255879850380130558e-01,8.771017221477974410e-07,7.962939321341806070e-03,7.665162621291629990e-07,1.205919780203205253e-06,0.000000000000000000e+00,0.000000000000000000e+00,9.451261081592600211e-26,6.575420901108001867e-27,2.068171680348500499e-21,4.866484030820034806e-18,5.437450510916245485e-05,2.028570220341827188e-03,1.945280810327792332e-17,9.265632531561319210e-16,2.128155900358607898e-25,3.995972580673347591e-22,2.494951220420415465e-19,4.267642710719124920e-36,1.067241270179837131e-22,5.724395120964597968e-32,1.185988370199846596e-24,0.000000000000000000e+00,0.000000000000000000e+00,8.926540961504180404e-26,2.021465670340630396e-20,1.580319310266294206e-22,5.773200020972821875e-18,3.029317110510459384e-16,1.202017690202547786e-14,1.542032120259842367e-13,1.006518320169604832e-18,4.395508700740672184e-06,3.029022410510410098e-06,2.796169820471172889e-08,9.141946991540477878e-11,2.636240760444223797e-23,4.907190290826893826e-11,3.484773660587207305e-15,0.000000000000000000e+00,5.287963780891056251e-14,2.344469720395058417e-13,2.704856310455785947e-11,7.409897091248616631e-15,7.643458241287972577e-01,9.494828221599939759e-22,9.778086041647672212e-31,0.000000000000000000e+00,2.657118230447741811e-26,2.187382750368588472e-26
1.673437499999999925e-02,-1.361973099999999881e-01,0.000000000000000000e+00,3.816659260000000131e+02,9.179104799999999731e-01,1.225007709029874055e-03,1.348177308855817973e-03,6.683142503490829475e-05,3.604914535381698215e+01,3.952831999999988000e+01,8.615669908101815106e-06,3.153930879305133161e-12,1.497727869670023976e-07,2.278231139498065050e-01,5.804035348721268185e-07,5.788429758724705776e-03,4.504028859007682339e-07,8.571042258111646940e-07,0.000000000000000000e+00,1.144243239747902972e-29,3.240041549286161956e-26,2.096208159538168247e-27,9.855151297828737286e-22,3.481757459232906578e-18,3.789532709165098766e-05,1.307966829711831609e-03,4.570856988992958576e-18,5.545617628778202572e-16,8.826999718055255531e-26,1.523882929664261463e-22,1.604871099646418145e-19,3.466923479236175413e-37,6.967808308464868622e-23,1.540974699660496224e-32,7.690408058305667114e-25,0.000000000000000000e+00,0.000000000000000000e+00,2.980191519343410805e-26,1.230359689728929874e-20,9.702481567862370903e-23,2.365555469478826085e-18,8.190294158195531662e-17,8.646097678095110989e-15,1.107072879756092143e-13,1.615130269644158115e-19,3.020274359334579670e-06,2.078598259542047752e-06,1.796686759604157896e-08,5.783137028725872534e-11,2.543218889439683465e-24,3.168416609301941479e-11,2.261121919501834731e-15,1.683428609629110782e-29,3.403033659250251185e-14,1.508769149667591338e-13,1.740654069616503020e-11,2.979114639343648359e-15,7.650268238314510416e-01,6.634717848538254078e-22,4.851629138931100629e-31,0.000000000000000000e+00,4.741526478955357657e-27,1.204665669734590890e-26
1.682812499999999933e-02,-1.324915299999999962e-01,0.000000000000000000e+00,3.565592129999999997e+02,9.835430189999999628e-01,8.269887449174321723e-04,9.449363125016329223e-04,2.968581988184442412e-05,2.164005946054155771e+01,2.212302933333252142e+01,7.532277674482059136e-06,1.143402930680378541e-12,9.471008425635693622e-08,2.294893481365569421e-01,3.878782262308057050e-07,4.077501872426304678e-03,2.666675301586796899e-07,5.897069213509032564e-07,1.900441511130851797e-30,3.493018982078510416e-25,1.154987510687271774e-26,6.900354584106034328e-28,4.845073862883046726e-22,2.420808551440494449e-18,2.560697201523735094e-05,8.096977574818081365e-04,1.094637600651360633e-18,3.241769551929005319e-16,3.651886442173044111e-26,5.558508443307572909e-23,9.886055255882667073e-20,3.508331402087622211e-38,4.379701912606127965e-23,4.327397622575003998e-33,4.794472862852935872e-25,0.000000000000000000e+00,0.000000000000000000e+00,1.048722280624039068e-26,7.155046934257589188e-21,5.677777763378543309e-23,1.041373880619666118e-18,2.342079861393647108e-17,6.207767463693913723e-15,7.706681914585837927e-14,2.960674871761740241e-20,2.018041051200828902e-06,1.363375490811272243e-06,1.108106880659375662e-08,3.622037762155282117e-11,2.788863251659504613e-25,1.959532681166013748e-11,1.398845030832378564e-15,2.441873611453029404e-25,2.102401481251027506e-14,9.321212945546559555e-14,1.075367830639894371e-11,1.230520510732217371e-15,7.655855814555593275e-01,4.484175692668295270e-22,2.191774971304209019e-31,0.000000000000000000e+00,0.000000000000000000e+00,6.391116803803014759e-27
1.687500000000000111e-02,-1.314545129999999951e-01,0.000000000000000000e+00,3.466198410000000081e+02,1.012166930000000020e+00,6.727989936762948436e-04,7.830442798703659158e-04,1.969630624421276111e-05,1.242976309179475436e+01,6.548895999999964523e+00,7.019016340019627904e-06,7.000397130019576209e-13,7.560959090021144428e-08,2.301340760006435338e-01,3.172293090008871319e-07,3.386673650009470928e-03,2.051409520005736613e-07,4.840499780013536343e-07,4.954769030013856100e-26,4.247864200011878733e-30,6.568382240018368752e-27,3.932298750010996439e-28,3.380664880009453796e-22,2.000078790005592666e-18,2.084282950005828647e-05,6.291488470017593667e-04,5.385662560015060269e-19,2.454855580006864987e-16,2.322398820006494522e-26,3.213598750008986669e-23,7.656677580021412229e-20,1.218823210003408272e-38,3.431969560009597520e-23,2.030186960005677510e-33,3.739398880010457047e-25,0.000000000000000000e+00,0.000000000000000000e+00,6.048014450016912819e-27,5.379870460015044508e-21,4.280883640011971112e-23,6.853005540019163962e-19,1.232625190003446832e-17,5.248797520014677612e-15,6.364528720017798137e-14,1.343373060003756663e-20,1.634461480004570598e-06,1.089516430003046776e-06,8.593697670024032048e-09,2.851365420007973547e-11,9.920866910027744089e-26,1.520559740004252212e-11,1.084905010003033982e-15,0.000000000000000000e+00,1.631928910004563593e-14,7.235325930020233251e-14,8.347200660023341874e-12,7.807497020021832813e-16,7.658184250021414785e-01,3.646735810010197726e-22,1.429977290003998717e-31,0.000000000000000000e+00,0.000000000000000000e+00,4.579815310012807403e-27
1.696875000000000119e-02,-1.308405539999999978e-01,0.000000000000000000e+00,3.312112250000000131e+02,1.059958299999999909e+00,4.390833922779526855e-04,5.290620603049237718e-04,8.887630210788739654e-06,5.787438706902103824e+00,-1.002090666666668994e+01,6.057639499482648328e-06,2.808753259760119204e-13,4.969584719575573764e-08,2.311098489802621281e-01,2.153014489816122027e-07,2.297255709803803191e-03,1.246039559893582167e-07,3.204579109726313510e-07,7.513114899358342951e-25,0.000000000000000000e+00,0.000000000000000000e+00,1.394323719880918016e-28,1.775200789848389476e-22,1.346383579885012203e-18,1.360857579883776229e-05,3.740240669680565161e-04,1.376392929882449295e-19,1.407471489879795051e-16,0.000000000000000000e+00,1.154852149901370251e-23,4.518384639614108170e-20,1.817302329844793650e-39,2.076528299822654690e-23,0.000000000000000000e+00,2.240130059808682357e-25,0.000000000000000000e+00,0.000000000000000000e+00,2.109915579819803202e-27,2.999773499743805174e-21,2.396523729795325388e-23,3.308337879717452299e-19,4.200223209641280603e-18,3.759480009678922668e-15,4.271317939635208995e-14,3.259704559721606037e-21,1.059030199909553834e-06,6.808817229418493845e-07,5.089944839565294621e-09,1.773732209848514815e-11,1.518558299870308120e-26,9.002808049231116406e-12,6.407819229452741948e-16,0.000000000000000000e+00,9.682714829173051146e-15,4.292933139633362725e-14,4.952619149577022596e-12,3.510591079700178641e-16,7.661967499345631039e-01,2.372416229797384454e-22,6.161012859473819984e-32,0.000000000000000000e+00,0.000000000000000000e+00,2.333778809800684175e-27
1.706250000000000128e-02,-1.317800140000000009e-01,0.000000000000000000e+00,3.203914100000000076e+02,1.096282090000000098e+00,2.796058695515793316e-04,3.483717140296619915e-04,3.999108581560202248e-06,2.538455265923800663e+00,-2.302781866666649435e+01,5.187233339583665831e-06,1.182396189905099485e-13,3.321538009733408990e-08,2.317739519813975246e-01,1.466797439882272859e-07,1.517782189878180742e-03,7.613035369388967243e-08,2.062093129834493610e-07,0.000000000000000000e+00,6.682462579463656798e-31,0.000000000000000000e+00,5.100871569590597252e-29,9.660151519224663270e-23,8.859097399288956438e-19,8.658016659305095680e-06,2.150279519827415654e-04,3.608333529710390532e-20,7.877220109367762857e-17,3.857502279690391538e-27,4.102595989670719678e-24,2.574677939793352921e-20,3.383516489728434312e-40,1.217749119902261837e-23,3.699672929703059105e-34,1.298549849895776601e-25,0.000000000000000000e+00,0.000000000000000000e+00,7.331136869411592706e-28,1.628611549869285550e-21,1.290385889896431928e-23,1.669855179865975185e-19,1.580756099873126122e-18,2.677043299785136780e-15,2.792475429775871840e-14,9.345376749249926798e-22,6.695951989462573100e-07,4.109243739670186688e-07,2.914841339766050999e-09,1.089001369912595330e-11,2.831596249772732169e-27,5.145089089587047488e-12,3.649841339707058886e-16,2.439348129804214694e-31,5.555384129554118465e-15,2.463038309802313225e-14,2.841521159771935780e-12,1.653481639867289486e-16,7.664778469384814219e-01,1.500342359879580397e-22,2.583743959792625524e-32,0.000000000000000000e+00,1.952087169843322828e-23,1.152780539907476323e-27
1.715625000000000136e-02,-1.339388719999999866e-01,0.000000000000000000e+00,3.130076980000000049e+02,1.122523469999999968e+00,1.739871165158176237e-04,2.237851803297442193e-04,1.783840697773472270e-06,1.274778627043475554e+00,-3.100439466666783161e+01,4.410551919307998475e-06,5.161639269190156151e-14,2.241794049648269753e-08,2.322121719635666659e-01,9.993589028432038660e-08,9.776537178466091806e-04,4.642818679271556683e-08,1.290149409797579692e-07,0.000000000000000000e+00,0.000000000000000000e+00,0.000000000000000000e+00,1.961678649692219207e-29,5.395013719153540725e-23,5.707133009104569688e-19,5.367798769157810462e-06,1.193561329812734136e-04,9.605465368492934702e-21,4.283337559327957656e-17,1.369274049785165368e-27,1.444849259773307810e-24,1.414313939778099046e-20,7.560711418813749963e-41,6.912923128915384924e-24,0.000000000000000000e+00,7.273122668858871377e-26,0.000000000000000000e+00,0.000000000000000000e+00,2.463256369613523135e-28,8.395084488682838741e-22,6.660512028954986419e-24,8.596026288651313067e-20,6.450608468987920754e-19,1.891912359703165032e-15,1.779662749720776558e-14,3.086636589515716844e-22,4.129293409352127502e-07,2.396066489624064875e-07,1.611185479747210319e-09,6.576345558968193044e-12,6.250817599019267156e-28,2.833974779555358576e-12,2.002350839685837656e-16,3.981800779375268659e-31,3.077033209517223872e-15,1.364235439785955974e-14,1.573868459753065218e-12,8.014348528742574330e-17,7.666800878797104257e-01,9.225586118552536735e-23,1.056348329834262413e-32,0.000000000000000000e+00,0.000000000000000000e+00,5.864019839079953931e-28
1.720312499999999967e-02,-1.353922029999999888e-01,0.000000000000000000e+00,3.103240959999999973e+02,1.132373580000000102e+00,1.365636796300429446e-04,1.781988891082082445e-04,1.187623328093275472e-06,6.250908073621554983e-01,-3.714740266666683510e+01,4.057575159427966900e-06,3.444519679514395004e-14,1.843660839740082563e-08,2.323668239672411484e-01,8.241115158838174992e-08,7.793081568901338461e-04,3.619984849489657975e-08,1.013168829857164493e-07,4.557011239357557704e-26,1.533581679783797198e-30,2.908445219589970035e-24,1.201031699830679708e-29,4.044990979429741660e-23,4.542878679359549432e-19,4.198471969408103839e-06,8.817775068756878094e-05,4.981893129297658229e-21,3.135092349558017431e-17,8.807953088758262770e-28,8.352538328822466620e-25,1.039031179853518459e-20,3.796123179464826340e-41,5.167773579271452140e-24,6.184125049128167458e-35,5.398174129238970622e-26,0.000000000000000000e+00,0.000000000000000000e+00,1.424297229799203947e-28,5.986570129156018928e-22,4.738183009332015370e-24,6.235595619120911775e-20,4.147394139415304407e-19,1.586189079776380823e-15,1.411106489801063645e-14,1.854683679738528390e-22,3.221742289545802078e-07,1.814512699744191829e-07,1.187763609832550307e-09,5.085957119282987469e-12,3.106750109562013054e-28,2.084677259706104175e-12,1.469837079792783812e-16,0.000000000000000000e+00,2.270772089679868842e-15,1.006771049858066447e-14,1.161474219836256680e-12,5.586246219212455896e-17,7.667566908919033475e-01,7.181746488987524624e-23,6.672573399059307376e-33,0.000000000000000000e+00,2.937271639585906266e-24,4.118232679419415805e-28
1.729687499999999975e-02,-1.388747720000000074e-01,0.000000000000000000e+00,3.064687920000000076e+02,1.146831020000000034e+00,8.415202933127132899e-05,1.123544610783484908e-04,5.325171366867973888e-07,2.450176522258240563e-01,-4.278186666666642424e+01,3.420013140867257227e-06,1.582901270401396876e-14,1.258624430319165601e-08,2.325822740589789106e-01,5.629454271427533774e-08,4.919323711247456732e-04,2.217159110562233534e-08,6.205527201573615442e-08,0.000000000000000000e+00,0.000000000000000000e+00,8.256138152093616062e-28,4.752032231205033815e-30,2.355732860597373709e-23,2.897704630734808230e-19,2.556780020648356044e-06,4.813881781220718132e-05,1.381505150350326228e-21,1.689062930428317371e-17,3.244005870822624221e-28,3.015788860764752839e-25,5.611665771423023228e-21,1.072058440271855881e-41,2.885915240731818520e-24,1.589721370403126180e-35,2.972883840753872652e-26,0.000000000000000000e+00,0.000000000000000000e+00,4.818106941221789971e-29,3.037098990770156341e-22,2.410086010611156582e-24,3.372585460855230437e-20,1.837042760465842625e-19,1.113460670282354647e-15,8.818125652236125996e-15,7.306695641852852706e-23,1.953771440495443163e-07,1.036289720262785342e-07,6.458479121637759527e-10,3.049321640773255781e-12,8.604959552182071406e-29,1.128360340286132967e-12,7.923610092009291508e-17,0.000000000000000000e+00,1.237177030313727084e-15,5.485157031390943130e-15,6.328017291604676368e-13,2.852918920723451313e-17,7.668712251944654890e-01,4.330014771098018197e-23,2.848859400722421915e-33,0.000000000000000000e+00,6.453852051636587142e-27,2.033685140515707963e-28
1.739062499999999983e-02,-1.428855719999999885e-01,0.000000000000000000e+00,3.039823499999999967e+02,1.156353739999999908e+00,5.133834728386894137e-05,6.963094969584032929e-05,2.371706375649513420e-07,9.311169842604208324e-02,-4.658029866666668539e+01,2.866800131533635806e-06,7.378151523947048890e-15,8.578475744589177752e-09,2.327159381244947312e-01,3.826555822047070990e-08,3.048971731631091144e-04,1.343144660718534382e-08,3.723652941992021320e-08,2.208310611181367132e-25,0.000000000000000000e+00,0.000000000000000000e+00,1.892676071012514292e-30,1.384629680740727450e-23,1.834413200981345477e-19,1.528024380817438410e-06,2.567645691373598906e-05,3.827024702047321698e-22,8.914987934769200006e-18,1.155657810618235611e-28,1.074184920574650676e-25,2.959148011583038661e-21,3.266513601747468575e-42,1.576497770843369982e-24,3.558217251903518820e-36,1.600100010855996594e-26,0.000000000000000000e+00,0.000000000000000000e+00,1.590884420851066280e-29,1.498933560801875786e-22,1.194350800638934949e-24,1.819129080973169174e-20,8.225496574400346704e-20,7.749963584145954098e-16,5.409703392893999050e-15,3.067526261641017501e-23,1.163108830622221676e-07,5.784191073094335670e-08,3.430698591835301171e-10,1.802040420964027369e-12,2.590929591386054421e-29,5.962459203189703523e-13,4.169285632230418913e-17,0.000000000000000000e+00,6.585253043522875419e-16,2.919642781561904893e-15,3.368279901801909370e-13,1.462883000782590184e-17,7.669488214102901935e-01,2.558918991368930284e-23,1.221504860653461401e-33,0.000000000000000000e+00,0.000000000000000000e+00,9.747729845214688774e-29
1.748437499999999992e-02,-1.472524749999999938e-01,0.000000000000000000e+00,3.024071389999999724e+02,1.162470509999999901e+00,3.111009307165827552e-05,4.241509940904916829e-05,1.049861194325194605e-07,3.455990884273399399e-02,-4.903021866666678363e+01,2.390719839776924779e-06,3.464942919676690999e-15,5.816124989457305070e-09,2.327972649782779901e-01,2.582155319759062576e-08,1.854800209826930877e-04,8.011559619252452845e-09,2.187626099795875379e-08,1.303031669878415770e-25,0.000000000000000000e+00,0.000000000000000000e+00,7.086267629338789883e-31,8.146921109239820237e-24,1.159556119891803449e-19,8.953345169164574429e-07,1.335090549875424449e-05,1.045972549902401605e-22,4.593449849571391380e-18,0.000000000000000000e+00,3.753939779649725007e-26,1.520011439858169812e-21,1.035334959903394156e-42,8.407514669215507068e-25,0.000000000000000000e+00,8.399273149216275050e-27,0.000000000000000000e+00,0.000000000000000000e+00,5.075286519526432229e-30,7.158880379332015410e-23,5.747866829463674673e-25,9.561803319107801970e-21,3.676434969656956583e-20,5.342974679501454176e-16,3.256312489696157797e-15,1.353645749873693317e-23,6.789417359366488319e-08,3.151362139705950716e-08,1.776199099834264956e-10,1.047211679902285997e-12,9.344659899128061795e-30,3.069057749713629976e-13,2.136498019800646042e-17,1.699292179841441025e-32,3.416746059681187953e-16,1.514851229858651241e-15,1.747625529836931400e-13,7.437583799306007764e-18,7.670004569284321061e-01,1.480969619861812686e-23,5.203457999514471678e-34,0.000000000000000000e+00,0.000000000000000000e+00,4.461303549583721924e-29
1.757812500000000000e-02,-1.518490580000000090e-01,0.000000000000000000e+00,3.014252309999999966e+02,1.166317959999999987e+00,1.878635178069690761e-05,2.535610187163220581e-05,4.623892323345896277e-08,1.551105764263226855e-02,-5.030150400000133004e+01,1.983959521151642609e-06,1.630540820946491205e-15,3.910335722269858795e-09,2.328458871351616333e-01,1.725702141001729997e-08,1.105232940641562029e-04,4.681377602717430876e-09,1.254837790728404225e-08,0.000000000000000000e+00,1.391811020807913930e-32,3.775320162191486017e-25,2.817876081635711737e-31,4.760109562763132614e-24,7.381900784285022000e-20,5.127814172976577752e-07,6.721484793901665872e-06,2.851653891655319120e-23,2.295074951332237658e-18,5.876041493410904914e-29,1.272942110738913374e-26,7.550573554382932416e-22,3.305920541919010194e-43,4.351544322525970117e-25,5.644910703276739693e-35,4.272345132479997891e-27,0.000000000000000000e+00,0.000000000000000000e+00,1.568035220910208024e-30,3.323699211929330345e-23,2.658856131543404642e-25,4.663345462706964072e-21,1.638773240951269967e-20,3.644030092115274759e-16,1.918822791113832331e-15,6.113808383548923606e-24,3.873484752248467996e-08,1.667798800968118789e-08,8.900682305166640496e-11,5.959495163459348803e-13,2.347366951362592294e-30,1.527877410886897204e-13,1.058452230614406851e-17,0.000000000000000000e+00,1.716153220996187210e-16,7.608750934416703095e-16,8.777922795095379700e-14,3.697234082146158575e-18,7.670342774452456602e-01,8.366666224856654084e-24,2.153208171249887220e-34,0.000000000000000000e+00,5.310214353082456682e-23,2.067798871200309186e-29
1.762499999999999831e-02,-1.542069409999999863e-01,0.000000000000000000e+00,3.010915029999999888e+02,1.167632100000000062e+00,1.465828239140928556e-05,1.952985757667682532e-05,3.078164476978840923e-08,6.965081083007144264e-03,-5.111512533333353758e+01,1.804509559589680719e-06,1.120803569745145801e-15,3.198473819272713520e-09,2.328618319470505960e-01,1.407024829680063016e-08,8.491039268069260776e-05,3.562084489190033959e-09,9.453488167850413301e-09,1.518096179654807060e-26,1.827878899584367101e-31,0.000000000000000000e+00,1.793449179592195799e-31,3.631927469174152848e-24,5.947944308647524762e-20,3.860928019122080904e-07,4.736718598922938769e-06,1.462964209667343410e-23,1.610125449633880780e-18,7.315218998336624296e-30,7.183800518366508319e-27,5.284179888798455024e-22,1.874806309573696270e-43,3.110780539292653814e-25,0.000000000000000000e+00,3.026764569311758148e-27,0.000000000000000000e+00,0.000000000000000000e+00,8.502517678066652380e-31,2.215178589496300650e-23,1.793362479592215652e-25,3.764457539144017595e-21,1.080633649754279736e-20,3.000690429317686569e-16,1.465808179666696783e-15,4.144020999057709528e-24,2.910823729338121129e-08,1.205799749725818781e-08,6.257404468577157147e-11,4.474297548982609678e-13,1.351410279692708944e-30,1.070450289756595146e-13,7.397034238318021400e-18,0.000000000000000000e+00,1.207948649725329955e-16,5.355571158782220787e-16,6.178516128595095969e-14,2.592414919410522440e-18,7.670462588255848591e-01,6.254894998577727830e-24,1.373118169687772990e-34,0.000000000000000000e+00,0.000000000000000000e+00,1.368596909688801156e-29
1.771874999999999839e-02,-1.589989840000000099e-01,0.000000000000000000e+00,3.006406489999999962e+02,1.169413360000000068e+00,9.125808579626821146e-06,1.161631323027062617e-05,1.389747838584055944e-08,2.540384503378300546e-03,-5.166187733333322996e+01,1.488687530844126471e-06,5.361552753040146492e-16,2.138659701212678669e-09,2.328826051320507795e-01,9.346385915299657057e-09,5.013199452842621097e-05,2.063016371169786763e-09,5.373214893046759691e-09,0.000000000000000000e+00,4.286629082430635640e-32,0.000000000000000000e+00,6.980622613958203323e-32,2.133629211209825938e-24,3.467342441966077821e-20,2.193859421243978308e-07,2.378585711348722960e-06,3.981703232257734282e-24,8.041175624559565987e-19,2.551454361446744300e-30,2.456765951393053315e-27,2.619534521485347327e-22,6.186074713507673483e-44,1.603937790909476526e-25,1.193130140676537345e-37,1.534684670870208146e-27,0.000000000000000000e+00,0.000000000000000000e+00,2.616795331483794478e-31,1.027116740582403224e-23,8.317911914716482787e-26,2.529406111434242321e-21,4.849031412749533819e-21,2.030502261151350082e-16,8.561034654854340529e-16,1.960243181111511173e-24,1.648011570934467740e-08,6.346274483598511475e-09,3.128453811773918552e-11,2.531539981435452060e-13,4.152584712354628940e-31,5.317908113015399207e-14,3.657949252074157058e-18,5.960858243379969483e-32,6.052555543431962933e-17,2.683466171521598989e-16,3.095811741755409842e-14,1.295357630734502960e-18,7.670631344349457814e-01,3.505773161987868484e-24,5.830991073306330678e-35,0.000000000000000000e+00,0.000000000000000000e+00,6.299754183572132402e-30
1.781249999999999847e-02,-1.638422850000000042e-01,0.000000000000000000e+00,3.003694659999999885e+02,1.170488619999999980e+00,5.784581396822321948e-06,6.818933624153462093e-06,6.319369494667169601e-09,9.383200999235199536e-04,-5.186100266666655756e+01,1.222923530399903301e-06,2.562200900837855417e-16,1.415954210463025509e-09,2.328945570761579154e-01,6.145061122009471413e-09,2.908674780951153824e-05,1.171276890383014519e-09,2.993978410979049096e-09,0.000000000000000000e+00,4.512347121475564791e-27,5.880431951922936576e-27,2.704415600884360409e-32,1.245282710407214810e-24,2.002040050654678986e-20,1.222915810399900761e-07,1.164552830380815668e-06,1.160744280379570149e-24,3.916648911280767617e-19,8.112940652652980000e-31,8.253200012698846544e-28,1.265305790413762521e-22,2.001393980654467859e-44,8.074439432640390764e-26,3.905531001277131691e-38,7.590909072482272302e-28,0.000000000000000000e+00,0.000000000000000000e+00,8.022235032623318763e-31,4.625470881512555968e-24,3.746873641225250169e-26,1.373268010449067010e-21,2.099706340686616869e-21,1.359900680444695827e-16,4.911206041605994100e-16,9.189414923004992979e-25,9.152081402992785085e-09,3.263471921067174632e-09,1.524658490498572315e-11,1.406067430459792621e-13,1.285506870420368517e-31,2.574300220841811301e-14,1.762233810576260906e-18,1.278057700417932375e-28,2.956536010966804945e-17,1.310812380428643705e-16,1.512234000494509559e-14,6.325955982068624622e-19,7.670738222508376447e-01,1.925904180629782144e-24,2.412783410788994675e-35,0.000000000000000000e+00,0.000000000000000000e+00,2.818428800921643276e-30
1.790624999999999856e-02,-1.687042539999999979e-01,0.000000000000000000e+00,3.002084629999999947e+02,1.171128979999999986e+00,3.753946766560876196e-06,3.943000159480592549e-06,2.894666497848915591e-09,4.321604404190990405e-04,-5.187287466666489877e+01,1.000485060247547504e-06,1.220580540302004952e-16,9.267586762293055796e-10,2.329013390576261944e-01,3.992535610987862550e-09,1.651760860408691100e-05,6.485639741604724837e-10,1.626633980402473768e-09,2.423356630599604903e-26,1.343527740332425690e-31,1.860136310460248891e-27,1.010538770250034945e-32,7.063083331747600614e-25,1.131070670279857954e-20,6.650748061645577782e-08,5.493675241359285851e-07,2.759382900682746502e-25,1.837885900454743239e-19,2.450573690606339522e-31,2.521958650624001465e-28,5.879755171454812639e-23,6.238957861543689101e-45,3.928228140971951642e-26,1.206516180298525033e-38,3.621590600896080882e-28,0.000000000000000000e+00,0.000000000000000000e+00,2.202272230544902559e-32,1.988175300491928867e-24,1.610953900398594141e-26,7.340786291816311257e-22,9.224122482282300148e-22,9.004293292227908586e-17,2.755126800681693902e-16,4.347957771075804002e-25,4.957239011226556720e-09,1.624924950402050863e-09,7.155933751770574777e-12,7.621510571885769788e-14,4.065380941005886251e-32,1.199208820296717162e-14,8.165424402020349668e-19,0.000000000000000000e+00,1.391187630344217892e-17,6.167981871526127153e-17,7.115765271760635897e-15,2.980468000737449528e-19,7.670805131897967533e-01,1.030741020255033613e-24,9.474911542344351377e-36,0.000000000000000000e+00,0.000000000000000000e+00,1.203468280297770960e-30
1.795312500000000033e-02,-1.711357950000000072e-01,0.000000000000000000e+00,3.001558200000000056e+02,1.171338889999999910e+00,3.064899859515420071e-06,2.993370772885958628e-06,1.972278103347849697e-09,2.053562184242625538e-04,-5.178234666666650554e+01,9.038318917014541273e-07,8.434789107213892381e-17,7.477941877529951038e-10,2.329034729230693435e-01,3.209484498939871009e-09,1.238744639590828532e-05,4.800441398414359546e-10,1.192136379606223755e-09,3.799254028745063674e-26,0.000000000000000000e+00,5.208979228279415234e-27,6.302976487918055399e-33,5.278719768256379072e-25,8.460106387205531441e-21,4.877184968389010995e-08,3.738802868765031180e-07,1.400086839537535505e-25,1.247348009587986768e-19,1.330201669560619388e-31,1.360015159550771416e-28,3.969752708688745394e-23,3.453119948859395175e-45,2.717391339102415069e-26,6.632428657809233116e-39,2.479514879180988166e-28,0.000000000000000000e+00,0.000000000000000000e+00,1.121132949629676970e-32,1.287558089574704979e-24,1.043407759655350603e-26,5.322426788241942257e-22,5.963227338030278589e-22,7.307815857586145236e-17,2.053211489321800962e-16,2.997960479009739724e-25,3.627670528801738957e-09,1.137826829624162767e-09,4.856959808395691186e-12,5.579955358156877398e-14,2.265170809251788453e-32,8.106993947322168761e-15,5.504418258181828331e-19,0.000000000000000000e+00,9.455223886876830999e-18,4.192076578615308752e-17,4.836239108402535401e-15,2.027434799330315342e-19,7.670828027466238819e-01,7.495529927524141813e-25,5.844443478069513336e-36,0.000000000000000000e+00,0.000000000000000000e+00,7.766811467434534622e-31
1.804687500000000042e-02,-1.759903899999999966e-01,0.000000000000000000e+00,3.000873270000000161e+02,1.171612780000000020e+00,2.114929165626787958e-06,1.742868550880130041e-06,9.352501150710114362e-10,1.008036804667953955e-04,-5.162263466666840372e+01,7.361838706123735613e-07,4.073276817855277068e-17,4.868952867436326560e-10,2.329061428773668285e-01,2.074470408907719312e-09,6.987086326321055279e-06,2.635595978612267064e-10,6.428704936615062806e-10,2.528032188668903064e-26,0.000000000000000000e+00,1.411232499256936955e-27,2.225631448828127490e-33,2.961211648440818928e-25,4.747577647500234861e-21,2.634010318613101944e-08,1.749327079078918325e-07,3.661979688071840299e-26,5.806776546942529989e-20,3.962861937913415160e-32,4.226789677774448180e-29,1.829298209036810971e-23,1.070620609436281056e-45,1.311741789309322122e-26,2.025684168933406584e-39,1.173445999382139902e-28,0.000000000000000000e+00,0.000000000000000000e+00,3.085782698375227684e-33,5.482958817113031305e-25,4.444304497659918834e-27,2.829864238509978317e-22,2.423610208723884500e-22,4.811858217466388568e-17,1.143999849397644281e-16,1.443568269239911149e-25,1.951278258972584201e-09,5.621513707040077014e-10,2.260841468809588233e-12,3.004864188417834413e-14,7.925538135826927098e-33,3.745052798028099258e-15,2.529083878668349352e-19,0.000000000000000000e+00,4.412635937676593526e-18,1.956390328969892268e-17,2.257013358811604074e-15,9.482431605007170286e-20,7.670859265961025297e-01,3.982482257903084383e-25,2.275350138801948880e-36,0.000000000000000000e+00,4.988610657373322604e-36,3.287034828269261818e-31
1.809374999999999872e-02,-1.784102009999999905e-01,0.000000000000000000e+00,3.000652709999999956e+02,1.171701300000000057e+00,1.782143602566160672e-06,1.334048561912911073e-06,6.488594507775819339e-10,5.178507259520465474e-05,-5.141412266666669950e+01,6.637647338938453604e-07,2.838520149546040497e-17,3.924666349372335794e-10,2.329069699627516199e-01,1.666039749733553638e-09,5.239282449162090909e-06,1.949606189688203250e-10,4.711936819246429637e-10,4.811978469230429493e-26,0.000000000000000000e+00,2.783109589554902714e-28,1.293348819793157270e-33,2.214808279645790156e-25,3.550838849432121857e-21,1.932164949690992290e-08,1.192423929809297939e-07,1.874689329700184742e-26,3.947969589368608508e-20,2.152530839655749810e-32,2.273573049636391943e-29,1.237156079802144025e-23,5.943583159049453533e-46,9.086487628546815137e-27,1.114893309821697135e-39,8.045975678713222797e-29,0.000000000000000000e+00,0.000000000000000000e+00,1.608210799742801693e-33,3.559055889430807683e-25,2.885192589538576820e-27,2.050452159672075099e-22,1.546481989752673968e-22,3.900344729376225175e-17,8.525338258636557632e-17,1.005032249839267137e-25,1.428417459771555847e-09,3.940602819369786879e-10,1.537012619754188608e-12,2.201065709647987932e-14,4.664678139253987296e-33,2.536032819594417221e-15,1.707839319726868474e-19,0.000000000000000000e+00,3.003889369519593630e-18,1.331807179787006532e-17,1.536455579754277845e-15,6.462805968966416338e-20,7.670869838773212157e-01,2.897079659536675704e-25,1.408588519774727122e-36,0.000000000000000000e+00,4.593029539265444909e-36,2.126826319659860637e-31
1.818749999999999881e-02,-1.832302749999999980e-01,0.000000000000000000e+00,3.000370009999999752e+02,1.171815269999999964e+00,1.305099453872199813e-06,8.000340837670636525e-07,3.194859130345640645e-10,2.383667069633686118e-05,-5.108353066666662556e+01,5.388745108837543754e-07,1.400380949697910970e-17,2.562695359447176855e-10,2.329079889497572831e-01,1.080399209766937011e-09,2.987806629355472853e-06,1.083298909766311629e-10,2.576763869444142358e-10,1.262587659727635698e-26,2.886100629377412308e-35,0.000000000000000000e+00,4.811051418962162987e-34,1.257829759728662069e-25,2.015413389565236730e-21,1.058379709771687284e-08,5.726895088764598548e-08,5.083991948903285802e-27,1.887658539592795779e-20,6.612443778573567932e-33,7.210134898444636633e-30,5.859898018735907028e-24,1.898767239590399463e-46,4.490145959031389703e-27,3.506197239243645531e-40,3.904609519157700854e-29,0.000000000000000000e+00,0.000000000000000000e+00,4.600440719007596631e-34,1.569697679661386024e-25,1.272737229725446243e-27,1.098307119763073966e-22,7.026464258484256578e-23,2.573763269444789725e-17,4.806727058963096129e-17,4.952391458931674364e-26,7.795284918318406734e-10,1.988778079570982165e-10,7.347454118415012768e-13,1.202698549740554874e-14,1.222297019736327089e-33,1.203939879740287088e-15,8.068022268259572474e-20,7.570045238366995199e-35,1.439334799689507657e-18,6.381448378623399020e-18,7.362036648411867617e-16,3.103712639330469928e-20,7.670884138345243075e-01,1.562918169662848595e-25,5.731528248763599448e-37,0.000000000000000000e+00,1.176513659746203363e-36,9.329912567987357995e-32
1.828124999999999889e-02,-1.880193559999999986e-01,0.000000000000000000e+00,3.000210079999999948e+02,1.171880260000000007e+00,9.814468711990319065e-07,4.885546227427172415e-07,1.594869809415044936e-10,1.177130237009182957e-05,-5.072145066666654856e+01,4.364029731193861191e-07,6.961462501904436666e-18,1.671877410457372988e-10,2.329085400637164460e-01,7.001060651915269724e-10,1.706272880466782450e-06,6.026627211648695587e-11,1.412161970386323072e-10,2.203016450602675887e-26,7.373132742017056282e-36,1.261805960345190101e-28,1.810410790495271422e-34,7.156833521957884957e-26,1.145673000313420142e-21,5.810591151589594891e-09,2.764367030756243426e-08,1.392900180381053602e-27,9.072624062481984789e-21,2.040525010558223425e-33,2.267501910620316926e-30,2.790366140763356126e-24,6.095461011667526056e-47,2.228800160609729731e-27,1.107462650302966864e-40,1.904018630520879507e-29,0.000000000000000000e+00,0.000000000000000000e+00,1.323877180362171134e-34,6.969764941906708091e-26,5.652200491546264230e-28,5.874428051607058758e-23,3.025164300827589864e-23,1.696502720464109387e-17,2.714594330742627341e-17,2.460229390673041479e-26,4.264083351166519109e-10,1.007717920275679962e-10,3.530418810965811737e-13,6.587474331802125661e-15,5.438403631487775657e-34,5.745723821571848655e-16,3.831957291048302890e-20,0.000000000000000000e+00,6.931841621896333144e-19,3.073307950840759883e-18,3.545560090969953742e-16,1.498198120409859796e-20,7.670892822098515085e-01,8.452720592312398602e-26,2.350700810643077786e-37,0.000000000000000000e+00,3.106683000849890867e-37,4.121192781127428106e-32
1.837499999999999897e-02,-1.927744919999999917e-01,0.000000000000000000e+00,3.000120620000000145e+02,1.171917029999999915e+00,7.540059863111830809e-07,3.069248013454013448e-07,8.085131049321855466e-11,4.938017541650753373e-06,-5.014255466666661221e+01,3.527215751416609073e-07,3.500836831406015064e-18,1.094320350439503635e-10,2.329088350935414331e-01,4.553299051828707727e-10,9.850034593955995845e-07,3.394436561363282282e-11,7.845837273151064469e-11,2.834275641138309362e-26,2.371048620952266565e-36,0.000000000000000000e+00,5.690888932285588543e-35,4.118226901653973218e-26,6.585563872644909863e-22,3.233869631298794668e-09,1.367351640549159278e-08,3.916212611572839377e-28,4.470337071795388627e-21,6.484042932604137427e-34,7.165841762877963338e-31,1.363279390547523657e-24,2.008874980806809408e-47,1.130857390454177813e-27,3.594814171443758528e-41,9.505377493817574052e-30,0.000000000000000000e+00,0.000000000000000000e+00,3.949470121586195856e-35,3.196842341283923864e-26,2.592903911041368833e-28,3.157485831268117638e-23,1.144951960459838524e-23,1.121405610450381629e-17,1.550924570622886117e-17,1.236752930496707892e-26,2.365170250949905873e-10,5.209772412092361863e-11,1.739029220698433087e-13,3.658459081469319758e-15,1.873593590752477319e-34,2.812865391129709886e-16,1.867813370750156099e-20,0.000000000000000000e+00,3.421642631374208687e-19,1.517022800609270229e-18,1.750132500702892713e-16,7.411048392976443805e-21,7.670898093080805724e-01,4.639202591863208487e-26,1.003678620403100022e-37,0.000000000000000000e+00,8.755975593516596785e-38,1.881522050755661564e-32
1.856249999999999914e-02,-2.021762209999999893e-01,0.000000000000000000e+00,3.000039719999999761e+02,1.171951039999999944e+00,4.593857398933073509e-07,1.295884283600437152e-07,2.092319219587153660e-11,2.217375875499673192e-06,-4.954668800000005291e+01,2.283231968087510239e-07,8.885904422556953274e-19,4.644774696109424828e-11,2.329090908049097630e-01,1.908875038401080617e-10,3.277361717254803070e-07,1.070511089103314196e-11,2.426843707967217527e-11,2.300982978072641624e-26,1.246955498955520097e-36,4.127419666542774345e-30,7.506894383712044547e-36,1.362778728858504061e-26,2.173495218179428356e-22,1.004001679159024170e-09,3.414832987139654281e-09,3.121697797385191213e-29,1.108703399071323617e-21,6.639812174438333712e-35,8.392606162970152136e-32,3.329553267211086777e-25,2.198713508158304928e-48,2.958063787522254659e-28,3.826379696794933112e-42,2.413934527978030927e-30,0.000000000000000000e+00,0.000000000000000000e+00,3.618778696968824195e-36,6.979400344153886721e-27,5.662231555257179344e-29,9.674947711896031721e-24,1.878101008426857603e-24,4.852258585935632197e-18,5.059619565761941200e-18,3.138087657371462609e-27,7.296575893888212760e-11,1.410135128818836959e-11,4.310614996389325355e-14,1.131468109052255378e-15,4.815702675966251710e-35,6.895357524224282842e-17,4.542965916194702883e-21,1.585085648672293933e-36,8.513362422869004578e-20,3.774492816838394346e-19,4.354492146352572296e-17,1.851237798449358996e-21,7.670903483574667003e-01,1.402754608825019281e-26,1.934559288379566747e-38,0.000000000000000000e+00,7.739251043517417838e-39,4.075130816586572404e-33
1.865624999999999922e-02,-2.068212229999999985e-01,0.000000000000000000e+00,3.000021909999999821e+02,1.171958810000000017e+00,3.606723792075347323e-07,8.577848711107020807e-08,1.043704165039535504e-11,1.303333226318251362e-06,-4.914492799999984385e+01,1.826639450220298573e-07,4.385501040528904767e-19,2.964399260357515688e-11,2.329091450280895703e-01,1.209944750145923113e-10,1.818779900219350556e-07,5.752725700693796332e-12,1.289220510155483949e-11,0.000000000000000000e+00,0.000000000000000000e+00,1.197940650144475386e-29,2.864938990345520160e-36,7.538876400909212062e-27,1.200412890144773466e-22,5.345788200644719509e-10,1.587976360191514902e-09,8.247924340994726452e-30,5.132845320619036830e-22,1.929254330232673980e-35,2.363532540285049154e-32,1.526250420184070617e-25,6.670518510804484451e-49,1.416802190170870673e-28,1.139869360137471700e-42,1.134617320136838373e-30,0.000000000000000000e+00,0.000000000000000000e+00,9.769642991178248847e-37,2.972534580358496967e-27,2.411920100290884879e-29,5.065766750610946447e-24,9.781329941179658891e-25,3.130122230377502070e-18,2.775179410334694962e-18,1.548638940186770719e-27,3.870191600466757386e-11,6.900758510832252546e-12,1.994908380240592206e-14,6.010608610724898205e-16,0.000000000000000000e+00,3.168361690382113786e-17,2.076930240250484258e-21,0.000000000000000000e+00,3.949430430476313709e-20,1.751023450211179024e-19,2.020090960243629033e-17,8.609936481038384007e-22,7.670904880925134561e-01,7.349844690886413415e-27,7.567765070912694821e-39,0.000000000000000000e+00,2.145859700258797160e-39,1.726410930208210629e-33
1.874999999999999931e-02,-2.114285599999999876e-01,0.000000000000000000e+00,3.000012370000000033e+02,1.171963169999999943e+00,2.849918758250988554e-07,5.918960581621281878e-08,5.286799162158092862e-12,6.370525116345195871e-07,-4.853732266666672501e+01,1.460502869304612649e-07,2.200418318952317593e-19,1.911584789089839760e-11,2.329091738891052588e-01,7.753006836308571144e-11,1.032322329508481793e-07,3.172509808489477073e-12,7.035607446650145398e-12,0.000000000000000000e+00,2.669719338728869964e-37,0.000000000000000000e+00,8.757812125830154949e-37,4.266951767968382338e-27,6.784068376769911413e-23,2.923372918608098621e-10,7.698155516334686726e-10,2.278162828915301508e-30,2.478442278819942541e-22,5.917522997182497551e-36,6.964264456684112881e-33,7.305592816521597790e-26,2.125165328988147512e-49,7.050530886643040831e-29,3.574301208298172736e-43,5.552727227356187133e-31,0.000000000000000000e+00,0.000000000000000000e+00,2.808968728662569703e-37,1.333511919365076623e-27,1.082154359484755388e-29,2.684474978721844384e-24,3.495234368335819028e-25,2.038543939029390599e-18,1.558645759257884131e-18,7.769941416300507846e-28,2.109180148995758905e-11,3.500104748333499572e-12,9.629781085414984875e-15,3.280163408438219998e-16,0.000000000000000000e+00,1.519785959276385980e-17,9.918120065277699129e-22,7.664348376350784012e-37,1.910540159090337172e-20,8.470590285966909711e-20,9.772207595347170612e-18,4.174453088012422681e-22,7.670905756347661253e-01,3.961630118113754495e-27,3.148917938500709138e-39,0.000000000000000000e+00,6.413350466946420142e-40,7.708752576329641687e-34
1.893749999999999947e-02,-2.205293080000000072e-01,0.000000000000000000e+00,3.000004170000000272e+02,1.171967250000000016e+00,1.791703814060747034e-07,3.086965860225323156e-08,1.392652240352025055e-12,2.612158431539348056e-07,-4.772378133333320704e+01,9.294249575139236111e-08,5.708608593156562959e-20,8.114688794487000094e-12,2.329091991287866592e-01,3.254420611799524929e-11,3.515556891943919819e-08,1.026735340567731234e-12,2.245353341241563515e-12,1.804927860998031116e-26,8.589882724749757284e-38,3.379779771868842563e-30,1.414224300781992054e-37,1.446428040799799277e-27,2.293786891268344551e-23,9.362358515176896991e-11,2.037197191126463812e-10,1.929285841066794731e-31,6.518666943604483111e-23,6.447677263565230510e-37,8.198512234533349604e-34,1.896098781048444052e-26,2.455538791357785045e-50,1.942969571074361095e-29,4.028632362227624125e-44,1.491017480824455050e-31,0.000000000000000000e+00,0.000000000000000000e+00,2.779228431536768496e-38,3.139967931736238851e-28,2.548558281409219892e-30,8.339502344611310316e-25,0.000000000000000000e+00,8.808446054870611114e-19,5.215714972884017936e-19,2.015721611114588883e-28,6.717077863714194378e-12,9.936150345494173957e-13,2.531789691399947788e-15,1.046993740578932935e-16,9.092140135027480966e-37,3.957260912188158933e-18,2.564971351418295548e-22,7.762773804292410439e-38,5.039527612786597069e-21,2.234330171235468136e-20,2.577664701425314327e-18,1.104933880610970860e-22,7.670906724241611796e-01,1.239044390685127022e-27,6.639467673671279602e-40,0.000000000000000000e+00,6.864643423795790373e-41,1.802678310996787297e-34
1.912499999999999964e-02,-2.294775169999999920e-01,0.000000000000000000e+00,3.000001300000000128e+02,1.171968930000000020e+00,1.114084101910910886e-07,1.687843780591536171e-08,3.438347218645818455e-13,1.293332932782395647e-07,-4.711272533333347212e+01,5.816038144119213716e-08,1.392469800986217982e-20,3.270552072316371254e-12,2.329092091649581364e-01,1.295369050917446272e-11,1.103685760781686417e-08,3.030297172146210738e-13,6.540928464632617830e-13,8.262887205852197300e-26,0.000000000000000000e+00,0.000000000000000000e+00,1.489705621055085159e-38,4.517211923199319217e-28,7.142241505058497750e-24,2.738585841939605622e-11,4.773760563381020184e-11,1.407663560996978630e-32,1.516870361074324493e-23,5.879638044164258074e-38,8.302407895880186670e-35,4.343228993076095061e-27,2.399781261699647169e-51,4.773967083381166025e-30,3.822091732706999380e-45,3.553920662517067083e-32,0.000000000000000000e+00,0.000000000000000000e+00,2.264040121603508147e-39,6.417024954544863280e-29,5.209390233689555156e-31,2.442038741729576026e-25,5.775917504090797805e-28,3.621150232564682227e-19,1.604796961136598596e-19,4.916911163482406094e-29,1.952139151382604236e-12,2.527116001789831794e-13,5.887628334169917451e-16,3.050803102160733779e-17,1.795907641271952939e-36,9.099055146444414622e-19,5.850890454143897469e-23,0.000000000000000000e+00,1.176429220833207046e-21,5.215828933694115493e-21,6.017311384261765494e-19,2.589825411834245812e-23,7.670907215432926085e-01,3.525850692497186301e-28,1.190410240843108855e-40,0.000000000000000000e+00,6.359231484503930461e-42,3.654361942588204552e-35
1.921874999999999972e-02,-2.338943350000000088e-01,0.000000000000000000e+00,3.000000709999999913e+02,1.171969349999999910e+00,8.756812497936092770e-08,1.271497872350111427e-08,1.686147483290831629e-13,6.319280301081232482e-08,-4.650126933333320522e+01,4.583668290258101057e-08,6.777607110381638177e-21,2.054601320115692058e-12,2.329092120131148191e-01,8.084064260455202483e-12,6.058578170341150683e-09,1.607662930090525490e-13,3.444087050193931982e-13,3.889321760219002950e-26,5.315650410299318088e-41,6.573896820370168329e-31,4.957177820279132791e-38,2.472529370139224650e-28,3.902907790219767358e-24,1.445322130081384154e-11,2.218307290124910206e-11,3.661011000206147410e-33,7.020022540395288154e-24,1.682452300094736784e-38,2.143847970120717277e-35,1.991365320112131236e-27,7.124328940401163612e-52,2.280825540128430401e-30,1.119471140063036003e-45,1.668056340093926073e-32,0.000000000000000000e+00,0.000000000000000000e+00,6.050665740340705787e-40,2.747893060154730411e-29,2.231012330125625490e-31,1.263345310071137524e-25,0.000000000000000000e+00,2.298744780129439159e-19,8.711730780490546191e-20,2.393070410134750947e-29,1.026532890057802720e-12,1.231739350069357649e-13,2.723644420153364728e-16,1.606627160090467117e-17,2.117839350119253008e-37,4.181281880235442410e-19,2.676014540150683216e-23,0.000000000000000000e+00,5.454503060307135436e-22,2.418314260136172314e-21,2.789921120157097074e-19,1.203633650067775113e-23,7.670907360431938882e-01,1.832129670103164935e-28,4.700688180264689736e-41,0.000000000000000000e+00,1.843298950103793682e-42,1.557187560087683284e-35
1.940624999999999989e-02,-2.426133229999999918e-01,0.000000000000000000e+00,3.000000229999999988e+02,1.171969810000000001e+00,5.423929376036320359e-08,7.503837331983734110e-09,4.245206777251696168e-14,2.490738813800704887e-08,-4.568568000000001916e+01,2.846838788640780469e-08,1.713579119181853787e-21,8.453028725964112377e-13,2.329092148887977887e-01,3.288681358429823522e-12,1.994300449047823885e-09,5.004621627610549943e-14,1.061327229493270529e-13,0.000000000000000000e+00,0.000000000000000000e+00,1.789743929145489223e-31,1.080194909484262292e-38,8.101437986131979818e-29,1.275456969391034521e-24,4.470171057865722166e-12,5.650642017302108788e-12,2.957189658588093109e-34,1.777358489151402512e-24,1.709600039183753431e-39,2.299552008902081383e-36,4.972959217625666213e-28,7.875238316239978514e-53,6.055781277108675030e-31,1.177442699437831463e-46,4.312598717940955340e-33,0.000000000000000000e+00,0.000000000000000000e+00,5.573854307338769707e-41,6.213039637033592258e-30,5.045123207591211756e-32,3.821366388175493406e-26,1.636101149218845349e-27,9.628545455402863855e-20,2.817125448654967216e-20,6.043675397114455194e-30,3.156904468492739926e-13,3.370179418390912108e-14,6.891851826709492817e-17,4.952287877635536304e-18,0.000000000000000000e+00,1.047642329499804393e-19,6.658462776820925599e-24,0.000000000000000000e+00,1.384812609338823051e-22,6.139720077068598571e-22,7.083172436618147456e-20,3.066645748535833918e-24,7.670907546337535354e-01,5.529846847359781456e-29,9.469573685478763395e-42,0.000000000000000000e+00,1.937101589075133108e-43,3.496052958330813110e-36
1.959375000000000006e-02,-2.511793880000000034e-01,0.000000000000000000e+00,3.000000069999999823e+02,1.171970050000000096e+00,3.331502120160011573e-08,4.476267956329827645e-09,1.037107611854488414e-14,9.868278030034230263e-09,-4.486997333333327020e+01,1.747325459790934612e-08,3.937197839528919319e-22,3.410590849591927122e-13,2.329092159721327104e-01,1.311834519843040681e-12,6.418359839232051581e-10,1.519426249818202473e-14,3.195177159617701147e-14,0.000000000000000000e+00,0.000000000000000000e+00,0.000000000000000000e+00,0.000000000000000000e+00,2.595221139689485371e-29,4.074971289512434971e-25,1.350759989838383233e-12,1.403435899832080702e-12,2.165324459740921647e-35,4.387069759475093081e-25,1.660592239801312158e-40,2.311663569723412540e-37,1.210644379855147748e-28,7.967859389046655483e-54,1.568426619812339775e-31,1.184140539858319276e-47,1.087294589869906555e-33,0.000000000000000000e+00,0.000000000000000000e+00,4.903695209413278593e-42,1.368255169836290051e-30,1.111210479867045137e-32,1.138720799863753449e-26,0.000000000000000000e+00,3.956234569526641281e-20,8.904888028934541090e-21,1.395441989833037291e-30,9.484542818865186723e-14,8.997232948923492727e-15,1.700250989796567058e-17,1.491334919821563654e-18,3.007932859640104695e-39,2.558988499693820027e-20,1.615040099806762620e-24,0.000000000000000000e+00,3.427930359589852745e-23,1.519810929818156423e-22,1.753350979790214082e-20,7.618202889088492135e-25,7.670907659082185637e-01,1.630012869804971111e-29,1.854880159778066035e-42,0.000000000000000000e+00,1.954010189766205051e-44,7.644414069085355921e-37
1.978125000000000022e-02,-2.595925079999999996e-01,0.000000000000000000e+00,3.000000019999999950e+02,1.171970179999999973e+00,2.014437866804482332e-08,2.674308107576642976e-09,2.460185154620088465e-15,3.634692858900594982e-09,-4.405421866666669928e+01,1.060172680206420457e-08,1.071259290208578940e-22,1.350439450262936437e-13,2.329092170453484767e-01,5.134509290999712206e-13,2.021367140393569070e-10,4.501660000876492964e-15,9.406080071831406836e-15,3.696678550719760500e-26,0.000000000000000000e+00,0.000000000000000000e+00,0.000000000000000000e+00,8.134911281583903938e-30,1.273915460248037077e-25,3.991359750777135808e-13,3.402179600662419523e-13,1.889582920367910240e-36,1.057077200205817437e-25,1.544622830300744977e-41,2.211329230430555809e-38,2.876159100560000530e-29,7.865459201531439878e-55,3.966543930772303773e-32,1.140607230222081096e-48,2.675976610521024278e-34,0.000000000000000000e+00,0.000000000000000000e+00,4.128754140803887289e-43,2.938131600572067672e-31,2.386483200464658970e-33,3.344295180651149808e-27,3.858224620751213102e-28,1.595673040310684777e-20,2.753918780536200591e-21,3.711369740722620650e-31,2.786336590542512320e-14,2.345944580456766220e-15,4.093876400797095911e-18,4.391550560855054530e-19,1.045895920203640642e-38,6.100016441187701039e-21,3.822733560744303683e-25,0.000000000000000000e+00,8.281904361612523943e-24,3.671874220714930603e-23,4.236109160824789641e-21,1.847192580359656801e-25,7.670907721493559484e-01,4.696724100914473374e-30,3.537194070688707755e-43,0.000000000000000000e+00,1.899032620369750247e-45,1.629760710317321850e-37
1.996875000000000039e-02,-2.678526740000000128e-01,0.000000000000000000e+00,3.000000009999999975e+02,1.171970249999999991e+00,1.215118872845486386e-08,1.591372652235013139e-09,5.666222663610565398e-16,1.435063858212852955e-09,-4.323842666666666190e+01,6.360567463667680729e-09,1.053022810607202434e-23,5.250881253027804439e-14,2.329092171343019324e-01,1.973182191137791983e-13,6.234620773595056335e-11,1.297397030748115334e-15,2.709985841562653426e-15,0.000000000000000000e+00,0.000000000000000000e+00,3.845021272217146508e-33,2.617487251509316025e-40,2.497206641439958830e-30,3.900065312248886971e-26,1.154321310665613773e-13,8.057835174646371722e-14,4.945392112851650628e-38,2.488381791434870446e-26,1.378165780794688650e-42,2.032546291172022473e-39,6.674758353848851336e-30,1.153530730665157783e-55,9.804582675653596261e-33,1.054268110607920190e-49,6.435276103710759080e-35,0.000000000000000000e+00,0.000000000000000000e+00,3.332794671921782312e-44,6.158453103551136355e-32,5.002801322884754794e-34,9.684179785584167370e-28,1.132953770653292611e-28,6.321547253645180878e-21,8.339414274808738786e-22,3.833708842210622961e-32,8.011042234619390095e-15,5.979813863448126527e-16,9.630066605552964767e-19,1.265637290729801761e-19,0.000000000000000000e+00,1.420469060819082085e-21,8.838499955096526303e-26,0.000000000000000000e+00,1.954848561127219915e-24,8.667038264997655205e-24,9.998851255765614866e-22,4.375917072523275898e-26,7.670907764423259279e-01,1.324066120763493544e-30,6.574571773791080800e-44,0.000000000000000000e+00,1.764753281017605655e-46,3.391359091955552150e-38
2.015625000000000056e-02,-2.759598790000000190e-01,0.000000000000000000e+00,3.000000000000000000e+02,1.171970289999999970e+00,7.128666266320139479e-09,9.402960185374706470e-10,1.283447888467693518e-16,4.988560887912584725e-10,-4.242262933333314834e+01,3.774391977005438225e-09,0.000000000000000000e+00,2.006186758408313140e-14,2.329092178152123715e-01,7.450010284089243370e-14,1.884766078504646975e-11,3.607035007138217786e-16,7.647631933932451924e-16,9.310221202613371879e-26,0.000000000000000000e+00,5.291681565801637127e-34,0.000000000000000000e+00,7.513102954039186306e-31,1.170197019071578560e-26,3.270034437405590781e-14,1.866293858519302771e-14,0.000000000000000000e+00,5.727004235456257645e-27,1.181399649062690471e-43,1.813585528561121006e-40,1.514583118798346308e-30,0.000000000000000000e+00,2.370870608118977083e-33,9.362820412571640146e-51,1.513569758799150087e-35,0.000000000000000000e+00,0.000000000000000000e+00,2.583596807950202186e-45,1.261241568999344394e-32,1.024686849187024512e-34,2.766116877805393164e-28,2.556813067971452674e-29,2.461414348047140557e-21,2.474717098036586469e-22,0.000000000000000000e+00,2.256005758210109833e-15,1.491440418816707367e-16,2.215145638242527256e-19,3.572778697165396137e-20,3.895288236909520347e-39,3.234285937433952597e-22,1.998049498414769301e-26,0.000000000000000000e+00,4.512170296420093351e-25,2.000520878412808353e-24,2.307929438168913547e-22,1.013741559195708473e-26,7.670907783913984979e-01,3.655107797100077065e-31,1.192392139053968923e-44,0.000000000000000000e+00,1.568528098755546927e-47,6.894863334529689175e-39
2.034375000000000072e-02,-2.839141219999999910e-01,0.000000000000000000e+00,3.000000000000000000e+02,1.171970310000000071e+00,4.167424181352438726e-09,5.507953485882088349e-10,2.799902568756669257e-17,1.726146308838432175e-10,-4.160682133333326504e+01,2.215801479509333951e-09,9.434743647910774141e-24,7.536100968331209078e-15,2.329092179484247016e-01,2.765193049387677050e-14,5.588675178762446782e-12,9.736592187843932226e-17,2.115563129531530893e-16,2.295361479491716601e-26,0.000000000000000000e+00,0.000000000000000000e+00,1.541457849658660328e-42,2.217021869509063816e-31,3.443697819237428975e-27,9.081054377989096045e-15,4.230824349063128666e-15,3.402644259246519730e-39,1.289841799714377961e-27,9.744839527842107225e-45,1.629357529639195944e-41,3.363354449255220668e-31,0.000000000000000000e+00,5.613337838756984662e-34,8.000205478228438466e-52,3.484718749228345372e-36,0.000000000000000000e+00,0.000000000000000000e+00,1.926497379573397098e-46,2.526143239440611951e-33,2.052575359545478777e-35,7.796512518273544737e-29,0.000000000000000000e+00,9.424887437912958453e-22,7.201904188405214694e-23,3.258199279278505762e-32,6.227680068620945555e-16,3.642836019193331617e-17,4.986984008895684667e-20,9.886600857810715954e-21,4.756479978946727135e-40,7.207044608404076432e-23,4.420229439021186738e-27,3.842390589149142964e-41,1.019367599774271606e-25,4.519479718999209151e-25,5.213962718845422584e-23,2.298631749490992090e-27,7.670907798301357383e-01,9.888105927810380751e-32,2.112338159532244827e-45,0.000000000000000000e+00,1.378134559694826389e-48,1.370843459696441056e-39
2.053125000000000089e-02,-2.917154009999999853e-01,0.000000000000000000e+00,3.000000000000000000e+02,1.171970329999999949e+00,2.425516733034629358e-09,3.195908413118969212e-10,5.860195252251412331e-18,6.379257819623206524e-11,-4.079100799999990556e+01,1.287133579628305672e-09,0.000000000000000000e+00,2.784759119195826194e-15,2.329092179327412193e-01,1.009498109708480437e-14,1.626537639530293713e-12,2.254377589348988139e-17,5.740868298342171141e-17,0.000000000000000000e+00,3.968145708854091463e-42,0.000000000000000000e+00,0.000000000000000000e+00,6.421070828145743449e-32,9.946530457127673100e-28,2.474007329285564404e-15,9.395386097286832550e-16,0.000000000000000000e+00,2.845878369178176065e-28,7.745639687763238769e-46,1.598450069538404591e-42,7.315424497887476732e-32,5.073788128534808109e-59,1.302328729623917579e-34,6.590044528096948963e-53,7.859977707730222090e-37,0.000000000000000000e+00,0.000000000000000000e+00,1.383879059600367964e-47,4.952621428569797843e-34,4.024590438837791580e-36,2.169303899373555181e-29,4.710614578639683722e-30,3.550750548974625518e-22,2.056864219406025366e-23,0.000000000000000000e+00,1.686418279513001564e-16,8.720367847481759361e-18,1.099763079682414078e-20,2.683794819224982804e-21,0.000000000000000000e+00,1.573015089545750074e-23,9.577681597234188555e-28,4.307112288756206136e-42,2.255854979348561550e-26,1.000158439711177540e-25,1.153847259666795745e-23,5.105718338525587224e-28,7.670907807784820287e-01,2.623455229242406801e-32,3.658677368943458868e-46,0.000000000000000000e+00,1.091296449684858871e-49,2.667756959229613547e-40
2.071875000000000105e-02,-2.993637149999999747e-01,0.000000000000000000e+00,3.000000000000000000e+02,1.171970340000000110e+00,1.366576737753667388e-09,1.836040566768496417e-10,1.209944354783105379e-18,1.798040070706622674e-11,-3.997519466666684451e+01,7.398751971921117876e-10,2.668159800692799529e-24,1.012688740262949156e-15,2.329092180604758755e-01,3.626411260941613824e-15,4.649257301207200209e-13,5.475484911421732773e-18,1.529160340397052930e-17,0.000000000000000000e+00,0.000000000000000000e+00,1.853658150481310280e-35,9.423871542446949070e-43,1.826390590474229913e-32,2.821378050732583036e-28,6.617019371718136787e-16,2.045414110531100643e-16,7.215908731873641188e-41,6.159538071599350980e-29,5.940269821542416452e-47,2.130215800553119286e-43,1.559662530404973003e-32,1.768683350459246406e-59,2.962972170769348379e-35,5.221628081355817757e-54,1.738169120451323157e-37,0.000000000000000000e+00,0.000000000000000000e+00,9.589590032489977322e-49,9.512340852469920055e-35,7.730662502007298783e-37,5.960554921547683509e-30,6.170762151602265114e-31,1.316693550341885259e-22,5.768550081497828340e-24,1.272856310330502444e-32,4.482696441163951126e-17,2.047417090531620519e-18,2.377495570617327382e-21,7.151455301856906399e-22,1.050100560272663211e-41,3.365437530873849723e-24,2.034185890528184936e-28,0.000000000000000000e+00,4.893950941270736112e-27,2.169787710563394906e-26,2.503207220649968425e-24,1.111787800288680500e-28,7.670907811991785064e-01,6.830805331773647943e-33,6.201504361610247263e-47,0.000000000000000000e+00,9.254440142402955928e-51,5.085809141320552492e-41
2.090625000000000122e-02,-3.068590640000000147e-01,0.000000000000000000e+00,3.000000000000000000e+02,1.171970340000000110e+00,8.043830601132130578e-10,1.043977474655968649e-10,2.432609985955511304e-19,7.218236039441258281e-12,-3.915937600000000884e+01,4.208147978228591775e-10,0.000000000000000000e+00,3.624619088474226735e-16,2.329092179019575104e-01,1.281991239460349450e-15,1.305628719450399107e-13,5.816690067551480210e-19,3.999557878316396898e-18,0.000000000000000000e+00,4.053904098293519735e-43,0.000000000000000000e+00,0.000000000000000000e+00,5.103677087851621310e-33,7.862302426690385227e-29,1.738617919268133475e-16,4.368033938161287535e-17,0.000000000000000000e+00,1.306413729450068796e-29,4.399159278148185316e-48,4.290696728193842968e-44,3.261474938627090587e-33,0.000000000000000000e+00,6.614347767215708420e-36,3.981870868323841771e-55,3.770819268412683804e-38,0.000000000000000000e+00,0.000000000000000000e+00,6.416052897299179687e-50,1.791077579246050649e-35,1.455740399387209837e-37,1.617765589319006162e-30,0.000000000000000000e+00,4.806186477976849408e-23,1.589247399331010675e-24,0.000000000000000000e+00,1.170126919507438185e-17,4.717246618014288462e-19,5.041542037877776664e-22,1.871396779212240477e-22,0.000000000000000000e+00,7.062363777027116958e-25,4.237452688216255882e-29,7.481909136850511737e-43,1.041450089561604545e-27,4.617385188056324097e-27,5.326914137757649787e-25,2.374792089000337903e-29,7.670907816770952126e-01,1.746237279264926330e-33,1.029505279566632451e-47,0.000000000000000000e+00,6.589774557226052606e-52,9.504539825999089256e-42
2.109375000000000139e-02,-3.142014470000000226e-01,0.000000000000000000e+00,3.000000000000000000e+02,1.171970350000000050e+00,4.481765815354033605e-10,5.871818461105675275e-11,4.756663996537206040e-20,2.355141687400580973e-12,-3.834355733333317318e+01,2.367194789439552056e-10,4.878416758845004522e-23,1.276050689697887200e-16,2.329092179448573052e-01,4.456474728944902239e-16,3.600460649147568755e-14,9.285421187801618219e-19,1.026748229756910921e-18,0.000000000000000000e+00,0.000000000000000000e+00,0.000000000000000000e+00,0.000000000000000000e+00,1.400441139668436916e-33,2.151431989490635469e-29,4.491126878936697433e-17,9.149717637833747720e-18,3.506396079169839245e-41,2.719148489356225041e-30,3.144166889255599140e-49,1.126260179733351042e-44,6.689334078416258786e-34,2.462793339416918237e-62,1.448591909657036740e-36,3.698823329124280721e-56,8.024542748100139881e-39,0.000000000000000000e+00,0.000000000000000000e+00,4.142500929019237607e-51,3.306568649217149178e-36,2.687725369363664542e-38,4.336651658973271551e-31,1.926474349543895322e-32,1.725520719591472159e-23,4.299112008982159223e-25,1.755559579584360474e-31,2.998351219290121899e-18,1.066368129747530820e-19,1.048610189751735131e-22,4.807266468861849881e-23,0.000000000000000000e+00,1.453614639655847907e-25,8.657625767950253965e-30,0.000000000000000000e+00,2.173846799485328418e-28,9.637992507718145811e-28,1.111901219736750623e-25,4.975612228821992996e-30,7.670907818183865245e-01,4.381479388962657169e-34,1.674430309603568219e-48,0.000000000000000000e+00,4.758411028873416982e-53,1.741508509587686993e-42
2.128125000000000155e-02,-3.213908639999999983e-01,0.000000000000000000e+00,3.000000000000000000e+02,1.171970350000000050e+00,2.447092009216096168e-10,3.263169443677552954e-11,9.005493085254559007e-21,7.535736371593635185e-13,-3.752773333333344397e+01,1.315622929826900644e-10,4.488201969409477347e-23,4.406040199420286992e-17,2.329092179693555975e-01,1.518143409800254237e-16,9.714557968721834115e-15,0.000000000000000000e+00,2.578959839660680669e-19,0.000000000000000000e+00,1.682773359778593470e-44,0.000000000000000000e+00,4.042315999468143288e-46,3.759792779505315034e-34,5.759980239242146230e-30,1.143848259849501068e-17,1.874052629753426721e-18,1.716184089774197905e-41,5.545256699270398078e-31,2.155762079716361111e-50,8.729643888851420226e-46,1.341522429823492733e-34,1.469537619806649788e-60,3.102337119591818645e-37,2.271016759701197116e-57,1.669793899780301525e-39,0.000000000000000000e+00,0.000000000000000000e+00,2.565095019662504758e-52,5.968634489214693973e-37,4.851966199361616104e-39,1.145963779849222982e-31,1.541598249797168199e-32,6.072924649200970804e-24,1.137779379850299695e-25,1.552416269795745023e-31,7.515216469011205098e-19,2.357297629689845099e-20,2.132632819719404466e-23,1.207935209841069178e-23,0.000000000000000000e+00,2.925469869615089568e-26,1.729569339772436594e-30,7.387904609027956121e-45,4.436808349416238611e-29,1.967108549741183034e-28,2.269383969701411892e-26,1.019341959865882881e-30,7.670907818990720939e-01,1.075207979858532339e-34,2.661974289649757575e-49,0.000000000000000000e+00,1.174536319845463721e-53,3.119983109589496330e-43
2.146875000000000172e-02,-3.284273140000000257e-01,0.000000000000000000e+00,3.000000000000000000e+02,1.171970350000000050e+00,1.296161446988645409e-10,1.787729948789436267e-11,1.785844457757661791e-18,2.366004734494046984e-13,-3.671192000000046818e+01,7.207901149480442638e-11,0.000000000000000000e+00,1.479966139893321411e-17,2.329092179832115139e-01,5.009158609638930852e-17,2.523919199818071661e-15,0.000000000000000000e+00,6.239982019550210772e-20,1.138218309917955278e-25,0.000000000000000000e+00,3.592162419741071079e-37,1.681867609878768322e-44,9.718679559299461255e-35,1.484701589892980182e-30,2.947323659787551746e-18,3.682518829734557463e-19,0.000000000000000000e+00,1.085623659921746610e-31,1.370436279901216681e-51,0.000000000000000000e+00,2.580700719813978650e-35,0.000000000000000000e+00,6.376685629540358049e-38,2.411606439826167356e-58,3.333863189759689698e-40,0.000000000000000000e+00,0.000000000000000000e+00,1.478790199893406343e-53,1.032955389925542907e-37,8.397647679394682244e-40,2.953874809787079702e-32,0.000000000000000000e+00,2.072263239850627687e-24,2.898436559791076381e-26,0.000000000000000000e+00,1.811401059869430989e-19,5.002746669639393753e-21,4.160895289700075100e-24,2.918914729789599658e-24,2.430491879824806288e-43,5.647768349592900067e-27,3.314292239761100114e-31,0.000000000000000000e+00,8.687407639373797450e-30,3.851659299722365401e-29,4.443524189679703960e-27,2.003471939855586880e-31,7.670907819447068121e-01,2.536335819817176277e-35,4.055636509707662848e-50,0.000000000000000000e+00,0.000000000000000000e+00,5.358914249613719969e-44
2.165624999999999842e-02,-3.353107989999999927e-01,0.000000000000000000e+00,3.000000000000000000e+02,1.171970350000000050e+00,6.512589196752016440e-11,9.610400799164386005e-12,3.991772508191017085e-19,9.232657169018868275e-14,-3.610005333333351274e+01,3.874860949849851586e-11,4.362185569830968919e-23,4.668752939819089584e-18,2.329092179909749427e-01,1.537292539940431094e-17,5.879865109772159935e-16,0.000000000000000000e+00,1.352335429947598008e-20,2.544787289901391544e-26,2.076934129919520567e-45,0.000000000000000000e+00,0.000000000000000000e+00,2.250756479912784882e-35,3.427218249867198445e-31,7.998423589690067193e-19,6.192392749760049885e-20,1.780804259930995208e-43,1.810863299929830766e-32,6.993423699729010191e-53,0.000000000000000000e+00,4.233187689835966928e-36,0.000000000000000000e+00,1.130248029956203738e-38,3.974170149846004109e-60,5.711557459778682558e-41,0.000000000000000000e+00,0.000000000000000000e+00,6.679538319741172778e-55,1.497452579941974967e-38,1.217490349952823261e-40,7.027613099727685298e-33,4.417512739828824525e-34,6.608014339743944599e-25,6.599584949744270851e-27,1.424181359944814179e-31,3.867004579850156650e-20,9.204736069643322591e-22,6.938877699731123837e-25,6.249864539757823078e-25,9.072843689648434083e-45,9.302698089639526902e-28,5.411885969790292845e-32,0.000000000000000000e+00,1.454785099943628309e-30,6.449952499750070221e-30,7.441084429711663504e-28,3.369875489869419535e-32,7.670907819702758035e-01,5.279840019795410109e-36,5.066481209803678218e-51,0.000000000000000000e+00,2.278667189911703216e-55,7.700451709701614289e-45
2.174999999999999850e-02,-3.386951790000000129e-01,0.000000000000000000e+00,3.000000000000000000e+02,1.171970350000000050e+00,4.498310158242455401e-11,7.028391881545682515e-12,2.976298748789930069e-18,3.575638058077369163e-14,-3.548818666666664967e+01,2.833823109919693923e-11,4.484694739872910773e-24,2.601394889926280124e-18,2.329092179933997253e-01,8.366905449762894855e-18,2.735476639922480456e-16,0.000000000000000000e+00,6.079315559827722197e-21,1.898623819946195892e-25,6.200394109824289978e-46,0.000000000000000000e+00,0.000000000000000000e+00,1.043488989970429155e-35,1.585860239955059413e-31,4.740566929865659239e-19,2.361653099933074608e-20,5.463634649845168963e-43,6.882861509804949360e-33,1.431421359959435708e-53,0.000000000000000000e+00,1.589192039954964937e-36,0.000000000000000000e+00,4.455797469873729365e-39,2.379297569932574521e-60,2.204072759937540229e-41,0.000000000000000000e+00,0.000000000000000000e+00,1.275714009963848170e-55,5.190176079852917784e-39,4.220050139880410746e-41,3.237368319908257739e-33,8.105897379770290262e-34,3.673146469895908932e-25,3.029246009914156231e-27,6.597773909813029761e-32,1.708270259951590290e-20,3.714166349894746144e-22,2.632473499925399528e-25,2.765815279921621532e-25,4.445444939874023040e-44,3.501588779900770469e-28,2.025819229942591234e-32,5.315567549849364134e-46,5.533666239843184584e-31,2.453412859930474107e-30,2.830416669919790338e-28,1.285421859963573175e-32,7.670907819782618597e-01,2.297315459934897650e-36,1.589902479954944690e-51,2.449695879930579846e-52,9.815114619721855330e-57,2.653561239924802255e-45
2.193749999999999867e-02,-3.453492140000000155e-01,0.000000000000000000e+00,3.000000000000000000e+02,1.171970350000000050e+00,1.991259844833461209e-11,3.814761403400787283e-12,1.904032584544077307e-23,1.073467741332994991e-14,-3.467236799999981400e+01,1.538105469976342076e-11,0.000000000000000000e+00,9.094911589860107340e-19,2.329092179964175613e-01,2.745650459957768516e-18,7.064269979891342114e-17,0.000000000000000000e+00,1.539407149976322078e-21,0.000000000000000000e+00,0.000000000000000000e+00,0.000000000000000000e+00,0.000000000000000000e+00,2.681025919958762241e-36,4.063014109937505581e-32,2.414024659962869445e-19,4.598571779929268656e-21,0.000000000000000000e+00,1.341417559979367313e-33,8.996130689861627211e-55,0.000000000000000000e+00,3.028455229953419139e-37,0.000000000000000000e+00,9.082029029860305337e-40,0.000000000000000000e+00,4.361696739932911693e-42,0.000000000000000000e+00,0.000000000000000000e+00,7.280940929888009637e-57,8.882699899863373583e-40,7.222860939888902823e-42,8.271579019872772721e-34,2.530195079961082158e-35,1.246452789980828088e-25,7.669411689882033900e-28,0.000000000000000000e+00,4.090271759937087220e-21,7.819215689879730991e-23,5.089416589921718767e-26,6.639469459897876613e-26,0.000000000000000000e+00,6.696916849896993336e-29,3.845322259940853999e-33,0.000000000000000000e+00,1.073626609983486445e-31,4.760043829926785423e-31,5.491496509915534253e-29,2.503537199961492232e-33,7.670907819882012424e-01,5.381535729917225293e-37,2.388144869963267437e-52,2.545755369960843251e-52,1.464670809977471368e-57,4.506591539930681898e-46
2.212499999999999883e-02,-3.518502829999999859e-01,0.000000000000000000e+00,3.000000000000000000e+02,1.171970350000000050e+00,6.175950334395357250e-12,2.053961977437457103e-12,5.884647183367406206e-19,2.169876624094893622e-15,-3.385654400000008479e+01,8.281558549931414363e-12,0.000000000000000000e+00,3.535073399970723530e-19,2.329092179980711275e-01,8.900541739926289162e-19,1.799690369985095615e-17,0.000000000000000000e+00,3.862798969968009720e-22,3.754014789968910853e-26,0.000000000000000000e+00,0.000000000000000000e+00,0.000000000000000000e+00,6.795157469943725002e-37,1.026864279991495906e-32,2.162962549982087160e-19,8.822378959926936551e-22,0.000000000000000000e+00,2.583832209978601366e-34,5.500077929954450844e-56,0.000000000000000000e+00,5.685733449952912981e-38,2.438521709979805143e-61,1.824252679984892235e-40,0.000000000000000000e+00,8.504872369929565823e-43,0.000000000000000000e+00,0.000000000000000000e+00,4.098819069966055628e-58,1.497142419987601234e-40,1.217459109989917342e-42,2.092526609982670661e-34,1.091392409990961521e-35,4.179259559965389286e-26,1.915325879984137953e-28,0.000000000000000000e+00,9.657928869920017619e-22,1.622390309986564102e-23,9.696208549919700820e-27,1.571756329986983573e-26,1.045531189991341206e-46,1.261859719989549832e-29,7.190829079940448040e-34,7.707544179936169110e-47,2.052312489983003562e-32,9.099157389924643284e-32,1.049738099991306496e-29,4.804175859960213947e-34,7.670907819936473304e-01,1.242973449989706135e-37,3.530355919970763361e-53,6.736306589944212932e-53,0.000000000000000000e+00,7.537191199937579174e-47
2.231249999999999900e-02,-3.581983850000000080e-01,0.000000000000000000e+00,3.000000000000000000e+02,1.171970350000000050e+00,0.000000000000000000e+00,1.097329302764413303e-12,1.837099172429497598e-18,0.000000000000000000e+00,-3.304072533333324913e+01,4.424427669980424323e-12,1.575421599993029472e-23,1.675451279992587168e-19,2.329092179989694922e-01,2.851434639987383783e-19,4.525205929979977821e-18,0.000000000000000000e+00,1.127036449995013563e-22,1.171953739994814901e-25,3.184591349985909530e-48,0.000000000000000000e+00,0.000000000000000000e+00,1.699799819992479374e-37,2.561377779988666970e-33,1.912252769991539433e-19,1.668574929992617389e-22,0.000000000000000000e+00,4.927364319978198273e-35,3.470020139984647081e-57,0.000000000000000000e+00,1.052241999995344310e-38,1.333012379994102132e-61,3.613041539984014157e-41,0.000000000000000000e+00,1.634944099992765979e-43,0.000000000000000000e+00,0.000000000000000000e+00,1.726127509992362944e-59,2.486499739988998853e-41,2.022111239991053129e-43,5.242950669976802692e-35,0.000000000000000000e+00,1.385126019993871851e-26,4.720547839979114297e-29,4.459923059980267162e-32,2.249955599990045170e-22,3.319496499985312915e-24,1.822599999991935976e-27,3.671134339983757307e-27,1.699883749992478756e-46,2.343778619989630240e-30,1.325509769994135242e-34,3.376911569985058874e-47,3.867455489982888533e-33,1.714679749992413499e-32,1.978166419991248001e-30,9.088272569959788658e-35,7.670907819966060748e-01,2.832127049987469159e-38,5.139400619977260460e-54,1.380191809993893614e-53,1.899189209991597074e-58,1.242126299994504316e-47
2.249999999999999917e-02,-3.643935209999999980e-01,0.000000000000000000e+00,3.000000000000000000e+02,1.171970350000000050e+00,0.000000000000000000e+00,5.818425940449793066e-13,9.551357057754739094e-26,0.000000000000000000e+00,-3.222490666666671189e+01,2.345988309994496196e-12,6.424475119984927472e-25,9.660963619977334217e-20,2.329092179994535772e-01,9.031621579978811132e-20,1.123558639997363917e-18,0.000000000000000000e+00,2.449903629994252230e-23,0.000000000000000000e+00,2.940633069993101097e-52,0.000000000000000000e+00,0.000000000000000000e+00,4.198586249990149626e-38,6.308666849985198634e-34,1.619942299996199264e-19,3.112688649992697234e-23,0.000000000000000000e+00,8.507840709980038546e-36,2.481923219994177144e-58,0.000000000000000000e+00,1.920626849995494022e-39,0.000000000000000000e+00,7.059885459983436464e-42,0.000000000000000000e+00,3.100217419992726637e-44,0.000000000000000000e+00,0.000000000000000000e+00,0.000000000000000000e+00,4.071584849990447456e-42,3.311341009992231212e-44,1.301477749996946577e-35,1.060153579997512716e-35,4.539635419989349021e-27,1.148735499997304899e-29,0.000000000000000000e+00,5.174118239987860841e-23,6.701005239984279425e-25,3.392698109992040180e-28,8.464331069980142735e-28,0.000000000000000000e+00,4.293639469989926977e-31,2.409791029994346337e-35,0.000000000000000000e+00,7.188392189983135508e-34,3.187054299992522986e-33,3.676793919991373860e-31,1.695797839996021363e-35,7.670907819982003550e-01,6.369075209985056621e-39,7.372258199982704730e-55,2.508660049994114085e-54,9.849709059976891857e-60,2.018180989995264761e-48
2.268749999999999933e-02,-3.704356910000000114e-01,0.000000000000000000e+00,3.000000000000000000e+02,1.171970350000000050e+00,0.000000000000000000e+00,3.062674161031712200e-13,1.574472695208449453e-26,0.000000000000000000e+00,-3.140908799999987266e+01,1.234869949998474825e-12,6.529513789991936000e-24,7.914993269990225378e-20,2.329092179997123424e-01,2.829422409996505558e-20,2.755942569996596537e-19,0.000000000000000000e+00,6.196730509992346402e-24,0.000000000000000000e+00,1.353675549998328224e-47,0.000000000000000000e+00,0.000000000000000000e+00,1.024509729998734769e-38,1.534990739998104102e-34,1.736843209997855060e-19,5.730337249992922842e-24,3.371101159995836518e-45,1.452059119998206561e-36,1.878039329997680682e-59,0.000000000000000000e+00,3.459352189995727398e-40,9.010882979988870351e-65,1.362062709998317807e-42,0.000000000000000000e+00,5.801747859992834747e-45,0.000000000000000000e+00,0.000000000000000000e+00,0.000000000000000000e+00,6.576914399991876779e-43,5.349151729993393398e-45,3.201731379996045064e-36,1.425708899998239152e-37,1.471854279998182331e-27,2.761389629996589762e-30,5.019529849993799853e-32,1.175109959998548791e-23,1.335294279998351006e-25,6.355864389992150803e-29,1.927388999997619622e-28,0.000000000000000000e+00,7.761827139990413537e-32,4.323095279994661045e-36,0.000000000000000000e+00,1.318522819998371528e-34,5.845818859992780651e-34,6.744118619991670572e-32,3.122637959996142755e-36,7.670907819990526733e-01,1.414370129998253152e-39,1.042631369998712192e-55,4.237589169994766199e-55,8.113556399989979141e-61,3.234648169996004735e-49
2.287499999999999950e-02,-3.763248949999999926e-01,0.000000000000000000e+00,3.000000000000000000e+02,1.171970350000000050e+00,0.000000000000000000e+00,1.600751925816096191e-13,2.546874447750102556e-27,0.000000000000000000e+00,-3.059326400000014701e+01,6.454230879995834206e-13,1.896307429998776220e-23,9.025235099994174373e-20,2.329092179998496492e-01,8.770596979994338154e-21,6.681216999995686313e-20,0.000000000000000000e+00,1.388642539999103599e-24,0.000000000000000000e+00,1.914652299998764034e-47,0.000000000000000000e+00,0.000000000000000000e+00,2.470763829998405169e-39,3.691243869997617522e-35,1.992059549998714223e-19,1.041588519999327577e-24,0.000000000000000000e+00,2.658832789998283761e-37,0.000000000000000000e+00,0.000000000000000000e+00,6.151619759996029533e-41,0.000000000000000000e+00,2.599594129998321902e-43,1.429197709999077651e-64,1.072059249999308050e-45,0.000000000000000000e+00,0.000000000000000000e+00,0.000000000000000000e+00,1.048552599999322957e-43,8.528523499994495027e-46,7.808155679994960294e-37,0.000000000000000000e+00,4.722658819996951742e-28,6.560110049995766074e-31,7.354930119995252089e-32,2.636945349998297741e-24,2.627813169998303943e-26,1.284577289999170774e-29,4.336416179997201039e-29,0.000000000000000000e+00,1.385319699999105830e-32,7.656811989995057791e-37,0.000000000000000000e+00,2.387867439998458602e-35,1.058687829999316643e-34,1.221371509999211587e-32,5.677290089996336202e-37,7.670907819995048671e-01,3.102961219997996994e-40,1.454595589999061054e-56,6.798536949995611716e-56,3.542254869997713497e-61,5.116734099996696919e-50
2.306249999999999967e-02,-3.820611320000000255e-01,0.000000000000000000e+00,3.000000000000000000e+02,1.171970350000000050e+00,0.000000000000000000e+00,8.309501177953330294e-14,4.037262798376857403e-28,0.000000000000000000e+00,-2.977744533333331134e+01,3.350390429998876976e-13,0.000000000000000000e+00,8.859470629997032584e-20,2.329092179999219525e-01,2.691068519999098502e-21,1.601548629999463605e-20,0.000000000000000000e+00,2.199943289999263106e-25,0.000000000000000000e+00,0.000000000000000000e+00,0.000000000000000000e+00,0.000000000000000000e+00,5.891652139998025903e-40,8.776619329997057680e-36,2.094999949999298055e-19,1.870223679999373483e-25,0.000000000000000000e+00,2.844003239999047098e-38,5.890664229998026000e-61,0.000000000000000000e+00,1.080533929999637948e-41,0.000000000000000000e+00,4.947952649998342052e-44,2.762808559999074361e-66,1.956954369999344215e-46,0.000000000000000000e+00,0.000000000000000000e+00,1.123207919999623590e-62,1.650766589999446865e-44,1.342730539999550130e-46,1.888222509999367259e-37,1.430289839999520967e-37,1.500194679999497342e-28,1.540849409999483780e-31,0.000000000000000000e+00,5.849230219998041006e-25,5.109716929998288479e-27,3.511887939998823980e-30,9.644321249996769389e-30,0.000000000000000000e+00,2.442276129999181589e-33,1.339523909999551327e-37,0.000000000000000000e+00,4.271786669998568550e-36,1.893944579999365358e-35,2.184978409999267943e-33,1.019627339999658365e-37,7.670907819997430099e-01,6.728424029997745808e-41,2.002928519999328774e-57,1.048517889999648609e-56,0.000000000000000000e+00,7.992380049997322998e-51
2.324999999999999983e-02,-3.876444030000000263e-01,0.000000000000000000e+00,3.000000000000000000e+02,1.171970350000000050e+00,0.000000000000000000e+00,4.285011540969135171e-14,3.033882424314134979e-18,0.000000000000000000e+00,-2.896162133333329081e+01,1.727716239999701524e-13,6.335529109998904722e-24,1.131631439999804609e-19,2.329092179999597556e-01,8.176080009998587580e-22,3.797575999999344220e-21,0.000000000000000000e+00,0.000000000000000000e+00,1.935426789999665797e-25,1.325888969999770970e-52,0.000000000000000000e+00,0.000000000000000000e+00,1.389686169999760026e-40,2.064203679999643463e-36,2.635114689999544776e-19,3.318757149999426824e-26,0.000000000000000000e+00,0.000000000000000000e+00,3.640453029999370832e-61,0.000000000000000000e+00,1.875625449999675960e-42,0.000000000000000000e+00,9.770975029998311798e-45,1.721698519999702644e-66,3.530585299999389470e-47,0.000000000000000000e+00,0.000000000000000000e+00,1.483940449999743652e-63,2.567553459999556226e-45,2.088531289999639138e-47,4.529212099999217815e-38,0.000000000000000000e+00,4.719600079999184675e-29,3.579803449999381555e-32,3.673845719999365372e-32,1.283098349999778618e-25,9.821596689998303146e-28,1.678479509999709850e-30,2.121192039999633448e-30,1.161394619999799456e-49,4.255029409999264750e-34,2.315832139999599837e-38,3.329339339999425044e-52,7.552471629998695123e-37,3.348473129999421253e-36,3.863017859999332397e-34,1.809791159999687306e-38,7.670907819998674659e-01,1.442664319999750818e-41,2.723471919999529815e-58,1.566230789999729426e-57,1.666176569999712074e-62,1.233355699999787079e-51
2.343750000000000000e-02,-3.930747070000000232e-01,0.000000000000000000e+00,3.000000000000000000e+02,1.171970350000000050e+00,0.000000000000000000e+00,2.195596691544758691e-14,3.281352101518128230e-18,0.000000000000000000e+00,-2.814580799999993133e+01,8.852642439999216436e-14,0.000000000000000000e+00,9.957055389999118080e-20,2.329092179999793788e-01,2.460629169999781984e-22,8.911116159999209527e-22,0.000000000000000000e+00,0.000000000000000000e+00,2.093296929999814563e-25,1.283397199999886153e-47,2.581959669999770979e-42,1.359289259999879562e-49,3.243754919999712633e-41,4.804261309999574354e-37,2.320642409999794608e-19,5.822894339999484241e-27,0.000000000000000000e+00,0.000000000000000000e+00,0.000000000000000000e+00,0.000000000000000000e+00,3.218924879999714736e-43,0.000000000000000000e+00,2.367321159999790160e-45,0.000000000000000000e+00,6.298146269999441493e-48,0.000000000000000000e+00,0.000000000000000000e+00,3.760089979999667105e-64,3.947262259999649501e-46,3.210957559999715048e-48,1.077898079999904510e-38,2.899128229999743208e-39,1.470999809999869840e-29,8.229758829999270666e-33,0.000000000000000000e+00,2.784633419999753511e-26,1.866991409999834399e-28,1.133476079999899633e-30,4.615714479999591413e-31,9.941771079999118963e-50,7.329450869999351098e-35,3.958368939999649485e-39,6.759021789999399778e-48,1.320219139999883116e-37,5.853339869999481958e-37,6.752796389999401626e-35,3.176124849999718681e-39,7.670907819999320809e-01,3.059974139999728850e-42,3.658723409999675735e-59,2.277429639999798368e-58,0.000000000000000000e+00,1.881196959999833626e-52
2.362500000000000017e-02,-3.983520460000000152e-01,0.000000000000000000e+00,3.000000000000000000e+02,1.171970350000000050e+00,0.000000000000000000e+00,1.118082240826030106e-14,1.351586901469918033e-18,0.000000000000000000e+00,-2.732998399999991435e+01,4.508104759999797065e-14,0.000000000000000000e+00,7.984344629999640931e-20,2.329092179999895096e-01,7.338055839999670538e-23,2.070092069999906695e-22,0.000000000000000000e+00,0.000000000000000000e+00,8.622277109999610885e-26,0.000000000000000000e+00,2.860789659999870971e-44,1.527611209999931153e-51,7.495558499999663254e-42,1.106936299999949958e-37,1.956586139999911755e-19,1.010589899999954504e-27,0.000000000000000000e+00,0.000000000000000000e+00,0.000000000000000000e+00,0.000000000000000000e+00,5.464178779999753887e-44,0.000000000000000000e+00,1.002443229999954934e-45,0.000000000000000000e+00,1.111396209999949774e-48,0.000000000000000000e+00,0.000000000000000000e+00,2.470880709999888706e-63,6.000855489999729827e-47,4.881661909999779295e-49,2.545874629999885039e-39,3.315609869999850688e-40,4.543802999999794972e-30,1.872915029999915389e-33,0.000000000000000000e+00,5.981375099999730509e-27,3.511268069999841913e-29,8.329668559999624910e-31,9.940915749999551707e-32,1.001469379999954955e-50,1.248801739999943570e-35,6.692225849999698008e-40,0.000000000000000000e+00,2.282819749999897170e-38,1.012113789999954627e-37,1.167640819999947314e-35,5.513642149999751349e-40,7.670907819999654986e-01,6.423194579999710521e-43,4.858391789999781561e-60,3.235257329999854308e-59,0.000000000000000000e+00,2.837346539999872052e-53
2.381250000000000033e-02,-4.034764180000000033e-01,0.000000000000000000e+00,3.000000000000000000e+02,1.171970350000000050e+00,0.000000000000000000e+00,5.659961012406957000e-15,1.240931412304875692e-18,0.000000000000000000e+00,-2.651415999999989381e+01,2.282093829999947849e-14,0.000000000000000000e+00,7.001466859999840380e-20,2.329092179999946721e-01,2.169180099999950370e-23,4.762634019999891336e-23,0.000000000000000000e+00,0.000000000000000000e+00,7.916364459999818604e-26,0.000000000000000000e+00,2.447689839999943927e-43,1.288310709999970622e-50,1.715351189999960817e-42,2.525859069999941908e-38,1.699175219999961315e-19,1.735678199999960332e-28,0.000000000000000000e+00,0.000000000000000000e+00,1.526902119999965180e-63,0.000000000000000000e+00,9.178570579999789635e-45,0.000000000000000000e+00,7.535469779999826555e-46,0.000000000000000000e+00,1.940885259999955474e-49,0.000000000000000000e+00,0.000000000000000000e+00,9.197081419999789007e-65,9.025333049999791943e-48,7.342308449999832582e-50,5.969217789999863277e-40,1.798898549999959007e-41,1.391463989999968238e-30,4.221060139999903149e-34,0.000000000000000000e+00,1.272132059999971006e-27,6.536244809999850672e-30,6.317654699999855904e-31,2.119900199999951719e-32,2.334169099999946571e-51,2.105500279999951733e-36,1.119584819999974260e-40,0.000000000000000000e+00,3.906174989999910602e-39,1.731846589999960283e-38,1.997971819999954133e-36,9.471911799999783102e-41,7.670907819999824850e-01,1.334875129999969558e-43,6.379797029999853282e-61,4.502168089999897434e-60,0.000000000000000000e+00,4.233653359999903272e-54
2.400000000000000050e-02,-4.084478229999999876e-01,0.000000000000000000e+00,3.000000000000000000e+02,1.171970350000000050e+00,0.000000000000000000e+00,2.848870211686552711e-15,2.657747032026158366e-18,0.000000000000000000e+00,-2.569834133333335302e+01,1.148662339999986812e-14,0.000000000000000000e+00,6.780401949999921635e-20,2.329092179999973089e-01,6.358453039999926201e-24,1.085596729999987615e-23,0.000000000000000000e+00,0.000000000000000000e+00,1.695475989999980524e-25,0.000000000000000000e+00,0.000000000000000000e+00,0.000000000000000000e+00,3.889191149999955289e-43,5.710186799999934010e-39,1.478569639999982953e-19,2.951223669999965843e-29,0.000000000000000000e+00,0.000000000000000000e+00,2.919646229999966597e-63,0.000000000000000000e+00,1.526310309999982160e-45,7.819301149999910091e-67,7.086305529999917519e-46,0.000000000000000000e+00,3.355715269999961256e-50,0.000000000000000000e+00,0.000000000000000000e+00,0.000000000000000000e+00,1.343485179999984310e-48,1.092989759999987475e-50,1.389741299999983845e-40,5.642948629999934757e-41,4.225839589999951309e-31,9.424592829999890623e-35,0.000000000000000000e+00,2.679971619999968803e-28,1.204790589999986266e-30,4.611591059999947069e-31,4.477901349999948290e-33,8.552961069999900965e-52,3.514295079999959703e-37,1.854202859999978672e-41,0.000000000000000000e+00,6.617087449999923133e-40,2.933760129999965801e-39,3.384578209999961082e-37,1.610932689999981483e-41,7.670907819999911448e-01,2.747623199999968331e-44,8.287654689999904225e-62,6.150352029999928715e-61,0.000000000000000000e+00,6.252160329999927449e-55
2.418750000000000067e-02,-4.132662619999999953e-01,0.000000000000000000e+00,3.000000000000000000e+02,1.171970350000000050e+00,0.000000000000000000e+00,1.426133568946291383e-15,2.985539053283662470e-18,0.000000000000000000e+00,-2.488252266666680868e+01,5.750153759999967537e-15,5.317255339999970017e-23,6.048042559999965239e-20,2.329092179999986689e-01,1.849017289999989253e-24,2.452524609999985656e-24,2.437696599999985692e-18,0.000000000000000000e+00,1.904586749999989095e-25,0.000000000000000000e+00,1.178346489999993377e-44,6.198398299999964705e-52,8.739423869999949173e-44,1.279400239999992650e-39,1.166235519999993281e-19,4.969919229999971450e-30,8.521444919999951406e-43,0.000000000000000000e+00,0.000000000000000000e+00,5.158937209999969595e-56,2.513650609999985358e-46,7.921629859999955078e-69,7.006057669999959061e-46,0.000000000000000000e+00,5.746445989999966959e-51,0.000000000000000000e+00,0.000000000000000000e+00,0.000000000000000000e+00,1.980175289999988500e-49,1.611015409999990894e-51,3.213653029999982021e-41,4.037494289999976020e-42,1.273159529999992601e-31,2.085461919999987947e-35,1.918812949999988974e-31,5.594476539999967999e-29,2.199811169999987338e-31,2.754247519999984522e-31,9.372770539999944507e-34,1.964616459999988567e-52,5.809232219999966424e-38,3.041222289999981630e-42,5.316701769999969540e-49,1.110178839999993621e-40,4.922102739999971600e-40,5.678460879999968151e-38,2.713507399999984688e-42,7.670907819999955857e-01,5.603599079999967522e-45,1.065015489999993876e-62,8.261947519999951359e-62,0.000000000000000000e+00,9.141947879999947199e-56
2.437500000000000083e-02,-4.179317350000000264e-01,0.000000000000000000e+00,3.000000000000000000e+02,1.171970350000000050e+00,0.000000000000000000e+00,7.102352367409864848e-16,5.217282830595748845e-18,0.000000000000000000e+00,-2.406670399999997301e+01,2.863656619999992004e-15,0.000000000000000000e+00,4.202686159999988357e-20,2.329092179999993351e-01,5.331588469999984643e-25,5.493358209999984266e-25,0.000000000000000000e+00,0.000000000000000000e+00,3.328299369999990680e-25,1.002370189999997088e-47,0.000000000000000000e+00,0.000000000000000000e+00,1.947063209999994227e-44,2.842065069999991661e-40,8.234917679999976227e-20,8.292432929999975460e-31,0.000000000000000000e+00,3.907703619999988128e-42,4.937007649999985430e-65,0.000000000000000000e+00,4.101411529999988104e-47,2.741186549999992474e-66,6.991858119999979439e-46,3.705170039999989813e-67,9.750182189999972323e-52,0.000000000000000000e+00,0.000000000000000000e+00,0.000000000000000000e+00,2.891027549999991497e-50,2.352123929999993517e-52,7.382844009999978157e-42,0.000000000000000000e+00,3.806449589999988979e-32,4.575071409999986025e-36,0.000000000000000000e+00,1.157658619999996650e-29,3.980312309999988212e-32,1.496607779999995798e-31,1.944715969999994386e-34,5.616678329999984370e-53,9.514122839999972226e-39,4.941991729999985712e-43,1.072442989999996962e-47,1.845445219999994828e-41,8.181988999999976557e-41,9.439279919999972520e-39,4.528695759999987552e-43,7.670907819999978061e-01,1.132746289999996712e-45,1.351000029999996106e-63,1.092902139999996651e-62,1.014849339999997099e-65,1.324092379999996220e-56
2.456250000000000100e-02,-4.224442420000000253e-01,0.000000000000000000e+00,3.000000000000000000e+02,1.171970350000000050e+00,0.000000000000000000e+00,3.520146848342167090e-16,1.460803786893497717e-18,0.000000000000000000e+00,-2.325087999999995247e+01,1.419319599999998057e-15,4.451055979999993873e-24,2.224585639999997006e-20,2.329092179999996959e-01,1.527423799999997743e-25,1.220381769999998519e-25,4.532357699999994132e-20,0.000000000000000000e+00,9.319012369999988356e-26,5.117140529999992910e-48,0.000000000000000000e+00,0.000000000000000000e+00,4.302341039999994243e-45,6.261623829999992204e-41,2.507243949999996823e-20,1.371408629999998339e-31,2.958006339999995870e-44,0.000000000000000000e+00,0.000000000000000000e+00,0.000000000000000000e+00,6.632787029999990896e-48,0.000000000000000000e+00,6.989368809999989922e-46,0.000000000000000000e+00,1.639802319999997889e-52,0.000000000000000000e+00,0.000000000000000000e+00,0.000000000000000000e+00,4.182644159999994682e-51,3.403062439999995397e-53,1.685455369999997751e-42,0.000000000000000000e+00,1.129705929999998495e-32,9.954145649999987150e-37,2.527873289999996457e-32,2.375476349999997056e-30,7.139541429999990418e-33,3.545495729999995010e-32,4.001255969999994540e-35,4.997006449999993618e-54,1.544386609999998004e-39,7.959519769999988986e-44,0.000000000000000000e+00,3.040595559999996111e-42,1.348082249999998403e-41,1.555236269999998004e-39,7.491453659999989864e-44,7.670907819999990274e-01,2.270455429999996626e-46,1.668331459999997781e-64,1.425331169999997945e-63,0.000000000000000000e+00,1.900383899999997369e-57
2.475000000000000117e-02,-4.268037820000000204e-01,0.000000000000000000e+00,3.000000000000000000e+02,1.171970350000000050e+00,0.000000000000000000e+00,1.737313529964689381e-16,5.699932372372691623e-24,0.000000000000000000e+00,-2.243506133333311681e+01,7.004842379999994885e-16,1.615676339999998853e-28,1.604675169999998938e-21,2.329092179999998347e-01,4.342582139999997637e-26,2.689932759999998141e-26,9.278914919999994731e-21,0.000000000000000000e+00,3.636199519999997761e-31,7.039725309999995195e-54,8.046017009999993103e-49,4.235188329999996746e-56,9.432177069999993330e-46,1.368737329999999116e-41,4.010165589999997236e-21,2.248889489999998614e-32,5.584910969999996239e-49,0.000000000000000000e+00,0.000000000000000000e+00,1.030888599999999402e-59,1.063549739999999069e-48,0.000000000000000000e+00,6.988936379999994693e-46,0.000000000000000000e+00,2.734634629999998219e-53,0.000000000000000000e+00,0.000000000000000000e+00,0.000000000000000000e+00,5.998853089999996401e-52,4.880871939999996545e-54,3.824623779999997332e-43,0.000000000000000000e+00,3.329454979999998201e-33,2.148700109999998900e-37,5.715609379999996032e-37,4.835338889999996744e-31,1.270007089999999054e-33,8.684211649999994508e-33,8.166674039999994343e-36,1.100035799999999319e-59,2.485679969999998276e-40,1.271064649999999263e-44,0.000000000000000000e+00,4.967405129999996725e-43,2.202354969999998207e-42,2.540781459999998200e-40,1.228774649999999200e-44,7.670907819999994715e-01,4.514048129999996631e-47,1.837699149999998663e-65,1.834575089999998921e-64,0.000000000000000000e+00,2.703813569999998462e-58
2.493750000000000133e-02,-4.310103559999999834e-01,0.000000000000000000e+00,3.000000000000000000e+02,1.171970350000000050e+00,0.000000000000000000e+00,8.545895594501411253e-17,2.651411219265912010e-29,0.000000000000000000e+00,-2.161924266666687089e+01,3.445703929999998367e-16,7.718039929999996069e-32,4.594721289999997576e-22,2.329092179999998902e-01,1.226465099999999437e-26,5.885011169999997454e-27,1.888937159999999278e-21,0.000000000000000000e+00,1.691434969999999280e-36,1.134014359999999469e-59,5.864921689999997299e-53,3.103039449999998976e-60,2.052453569999999163e-46,2.969649349999998641e-42,8.153260039999995846e-22,3.658073309999998903e-33,3.672796599999998552e-53,7.170265019999996893e-44,0.000000000000000000e+00,5.657428909999997109e-61,1.691552489999999204e-49,0.000000000000000000e+00,6.988862029999996656e-46,0.000000000000000000e+00,4.523812959999997846e-54,0.000000000000000000e+00,0.000000000000000000e+00,0.000000000000000000e+00,8.532422959999996411e-53,6.942421039999996159e-55,8.628808869999995602e-44,0.000000000000000000e+00,9.748810449999993858e-34,4.603461219999998055e-38,2.734097159999998748e-40,9.767377859999994898e-32,2.241254939999999004e-34,2.555452919999999064e-33,1.654138149999999033e-36,6.100745449999997745e-65,3.968287659999998693e-41,2.013312729999999042e-45,0.000000000000000000e+00,8.049718109999996296e-44,3.568933139999998297e-43,4.117355929999998075e-41,1.999229049999999015e-45,7.670907819999996935e-01,8.905554539999995924e-48,5.727233299999997482e-67,2.332589229999999362e-65,0.000000000000000000e+00,3.814985359999998203e-59
2.512500000000000150e-02,-4.350639640000000252e-01,0.000000000000000000e+00,3.000000000000000000e+02,1.171970350000000050e+00,0.000000000000000000e+00,4.196946421011421512e-17,1.088051233014518074e-34,0.000000000000000000e+00,-2.080341866666655548e+01,1.692208559999999559e-16,3.686873929999998630e-35,1.308146989999999709e-22,2.329092179999999457e-01,3.443909509999999145e-27,1.278730049999999657e-27,3.818293109999998913e-22,0.000000000000000000e+00,7.057592829999998178e-42,1.854276309999999684e-65,0.000000000000000000e+00,3.331400249999999069e-63,4.435605349999999034e-47,6.398895579999998227e-43,1.646006799999999726e-22,5.905045689999998200e-34,3.411634739999999219e-57,1.119716959999999823e-43,1.548241879999999682e-74,2.894796889999999184e-62,2.669807489999999767e-50,1.490838529999999867e-81,6.988849479999997715e-46,0.000000000000000000e+00,7.427145359999997577e-55,0.000000000000000000e+00,0.000000000000000000e+00,0.000000000000000000e+00,1.204076739999999724e-53,9.797185459999997580e-56,1.936174069999999418e-44,0.000000000000000000e+00,2.838590589999999579e-34,9.794653999999997540e-39,1.306072479999999856e-43,1.959055429999999406e-32,3.925913329999998794e-35,7.370478539999998059e-34,3.326744729999999559e-37,0.000000000000000000e+00,6.286821539999997952e-42,3.164594629999998939e-46,0.000000000000000000e+00,1.294538509999999673e-44,5.739482239999998602e-44,6.621444219999998278e-42,3.228045569999998838e-46,7.670907819999998045e-01,1.744354909999999570e-48,0.000000000000000000e+00,2.932224529999999511e-66,0.000000000000000000e+00,5.340476099999998879e-60
2.531250000000000167e-02,-4.389646050000000077e-01,0.000000000000000000e+00,3.000000000000000000e+02,1.171970350000000050e+00,0.000000000000000000e+00,2.064506992979884014e-17,2.861443387059734344e-36,0.000000000000000000e+00,-1.998760000000038417e+01,8.324091719999998691e-17,1.761174720000000021e-38,3.712177959999999922e-23,2.329092180000000012e-01,9.637594669999998860e-28,2.764061430000000085e-28,7.675212769999999779e-23,0.000000000000000000e+00,1.988399519999999913e-43,7.804184359999999792e-69,2.942358859999999848e-56,1.696961330000000040e-63,9.535784429999999340e-48,1.371582990000000015e-43,3.304444660000000153e-23,9.469646909999999681e-35,3.249125369999999989e-61,1.184341910000000026e-43,2.524709959999999969e-76,1.436400330000000053e-63,4.185813030000000110e-51,4.163362210000000194e-82,6.988847509999999078e-46,0.000000000000000000e+00,1.211585630000000007e-55,0.000000000000000000e+00,0.000000000000000000e+00,0.000000000000000000e+00,1.687289849999999949e-54,1.372917470000000043e-56,4.323785620000000181e-45,0.000000000000000000e+00,8.239611429999999656e-35,2.072901149999999993e-39,6.238273559999999951e-47,3.907168929999999993e-33,6.833856459999999399e-36,2.115896490000000118e-34,6.653037690000000385e-38,8.301129350000000558e-70,9.893960189999999405e-43,4.941106539999999966e-47,0.000000000000000000e+00,2.068155159999999929e-45,9.169398799999999800e-45,1.057842169999999973e-42,5.177937549999999892e-47,7.670907820000000266e-01,3.396993740000000019e-49,0.000000000000000000e+00,3.648324330000000483e-67,1.048551830000000048e-72,7.423521119999999751e-61
2.549999999999999836e-02,-4.427122800000000136e-01,0.000000000000000000e+00,3.000000000000000000e+02,1.171970350000000050e+00,0.000000000000000000e+00,1.023654552464440557e-17,1.654948091819479502e-36,0.000000000000000000e+00,-1.917178133333317547e+01,4.127375059999999905e-17,8.100764349999999204e-42,1.058184040000000077e-23,2.329092180000000012e-01,2.708749149999999700e-28,5.982037540000000427e-29,1.543443820000000000e-23,0.000000000000000000e+00,1.078835559999999951e-43,7.068359729999999037e-76,0.000000000000000000e+00,0.000000000000000000e+00,2.052419719999999906e-48,2.943272369999999999e-44,6.636485200000000932e-24,1.515735440000000001e-35,0.000000000000000000e+00,1.194635780000000044e-43,0.000000000000000000e+00,7.419284229999999807e-65,6.548932690000000219e-52,1.164204040000000052e-82,6.988847329999999368e-46,0.000000000000000000e+00,1.973991809999999926e-56,0.000000000000000000e+00,0.000000000000000000e+00,0.000000000000000000e+00,2.357276899999999978e-55,1.918094720000000027e-57,9.634394569999999636e-46,0.000000000000000000e+00,2.403162690000000022e-35,4.391316510000000039e-40,2.930802129999999935e-50,7.794960149999999582e-34,1.188250869999999835e-36,6.208744240000000022e-35,1.330974289999999994e-38,1.012207779999999945e-70,1.553869739999999930e-43,7.698484779999999826e-48,1.515865349999999896e-70,3.297732569999999613e-46,1.462086869999999962e-45,1.686759639999999935e-43,8.289990449999998984e-48,7.670907820000000266e-01,6.615596410000000625e-50,0.000000000000000000e+00,4.509559570000000035e-68,1.383273030000000060e-70,1.028714929999999971e-61
2.568749999999999853e-02,-4.463069889999999873e-01,0.000000000000000000e+00,3.000000000000000000e+02,1.171970350000000050e+00,0.000000000000000000e+00,5.178208159081183877e-18,-5.389330213537090629e-39,0.000000000000000000e+00,-1.835595733333345336e+01,2.087853509999999745e-17,9.335284469999999143e-44,3.109647249999999970e-24,2.329092180000000012e-01,7.848599790000000803e-29,1.333088139999999983e-29,3.193512289999999805e-24,0.000000000000000000e+00,0.000000000000000000e+00,0.000000000000000000e+00,0.000000000000000000e+00,0.000000000000000000e+00,4.548463339999999673e-49,6.502981889999999856e-45,1.371346549999999935e-24,2.488246919999999642e-36,0.000000000000000000e+00,1.196263799999999968e-43,0.000000000000000000e+00,4.922657070000000264e-66,1.050466930000000021e-52,3.355312069999999981e-83,6.988847459999999677e-46,0.000000000000000000e+00,3.305970339999999849e-57,0.000000000000000000e+00,0.000000000000000000e+00,0.000000000000000000e+00,3.370103760000000116e-56,2.742151400000000125e-58,2.168816949999999891e-46,0.000000000000000000e+00,7.225157449999999301e-36,9.576969819999999665e-41,0.000000000000000000e+00,1.599913469999999880e-34,2.121697740000000343e-37,1.981877919999999887e-35,2.739450669999999926e-39,0.000000000000000000e+00,2.502113530000000005e-44,1.229640149999999911e-48,1.523922099999999959e-72,5.392643640000000243e-47,2.390889299999999982e-46,2.758287270000000087e-44,1.361235989999999906e-48,7.670907820000000266e-01,1.325071410000000009e-50,0.000000000000000000e+00,5.677694990000000054e-69,1.855539539999999744e-68,1.458527829999999823e-62
2.587499999999999870e-02,-4.497487310000000127e-01,0.000000000000000000e+00,3.000000000000000000e+02,1.171970350000000050e+00,0.000000000000000000e+00,2.730173374819247257e-18,5.271378732987588262e-39,0.000000000000000000e+00,-1.713222933333334552e+01,1.100805900000000075e-17,0.000000000000000000e+00,1.018068200000000033e-24,2.329092180000000012e-01,2.537805840000000008e-29,3.415279399999999973e-30,7.655916020000000240e-25,0.000000000000000000e+00,3.957275839999999739e-46,0.000000000000000000e+00,6.323698390000000130e-60,0.000000000000000000e+00,1.159545609999999992e-49,1.653297250000000056e-45,3.283682570000000329e-25,4.839747310000000187e-37,0.000000000000000000e+00,1.196519559999999969e-43,0.000000000000000000e+00,6.132169720000000075e-67,2.000573290000000125e-53,1.079605989999999852e-83,6.988847639999999386e-46,0.000000000000000000e+00,6.589385150000000712e-58,0.000000000000000000e+00,0.000000000000000000e+00,0.000000000000000000e+00,5.778386269999999659e-57,4.700656520000000196e-59,5.238594319999999764e-47,0.000000000000000000e+00,2.413434359999999915e-36,2.406671600000000062e-41,0.000000000000000000e+00,3.807859619999999923e-35,4.453876760000000089e-38,7.743023639999999261e-36,6.536301029999999878e-40,0.000000000000000000e+00,4.782004570000000149e-45,2.332783229999999967e-49,8.100177770000000451e-74,1.045198799999999897e-47,4.634006629999999612e-47,5.346095140000000116e-45,2.648268980000000011e-49,7.670907820000000266e-01,3.085224229999999890e-51,0.000000000000000000e+00,8.641143730000000254e-70,2.464685890000000156e-66,2.481281589999999964e-63
2.624999999999999903e-02,-4.561733170000000226e-01,0.000000000000000000e+00,3.000000000000000000e+02,1.171970350000000050e+00,0.000000000000000000e+00,8.555498251710920986e-19,-4.666871942632639583e-41,0.000000000000000000e+00,-1.550058666666663498e+01,3.449576889999999875e-18,1.450544940000000066e-45,1.623500279999999985e-25,2.329092180000000012e-01,3.981852619999999830e-30,3.993314849999999981e-31,8.255165020000000056e-26,0.000000000000000000e+00,0.000000000000000000e+00,0.000000000000000000e+00,1.246707950000000125e-60,0.000000000000000000e+00,1.347602799999999888e-50,1.915018149999999811e-46,3.535627289999999934e-26,4.070503560000000208e-38,0.000000000000000000e+00,1.196575720000000078e-43,0.000000000000000000e+00,5.782757610000000091e-68,1.641774890000000041e-54,1.682414889999999872e-84,6.988847809999999371e-46,0.000000000000000000e+00,5.920623820000000371e-59,0.000000000000000000e+00,0.000000000000000000e+00,0.000000000000000000e+00,4.215035540000000185e-58,3.416578140000000194e-60,5.721544670000000056e-48,5.564305659999999903e-56,3.951200630000000259e-37,2.748212119999999847e-42,3.048693500000000336e-54,4.069994909999999704e-36,4.096933829999999637e-39,1.360719909999999952e-36,7.007405510000000770e-41,0.000000000000000000e+00,3.940486469999999311e-46,1.905835750000000120e-50,0.000000000000000000e+00,8.754620609999998902e-49,3.881459669999999703e-48,4.477907469999999583e-46,2.227940550000000321e-50,7.670907820000000266e-01,3.211222410000000172e-52,0.000000000000000000e+00,5.466670529999999919e-71,6.774693290000000838e-64,1.787800869999999938e-64
2.662499999999999936e-02,-4.619860370000000160e-01,0.000000000000000000e+00,3.000000000000000000e+02,1.171970350000000050e+00,0.000000000000000000e+00,2.659924604518804524e-19,-2.294845192487612837e-42,0.000000000000000000e+00,-1.386894666666666609e+01,1.072481599999999886e-18,1.433108659999999963e-46,2.562272570000000037e-26,2.329092180000000012e-01,6.182809370000000415e-31,4.618099730000000077e-32,8.802941059999999905e-27,0.000000000000000000e+00,0.000000000000000000e+00,0.000000000000000000e+00,6.242671729999999704e-61,5.713725400000000244e-68,1.549009620000000036e-51,2.193875730000000152e-47,3.764822160000000294e-27,3.384485359999999632e-39,8.680276589999999941e-64,1.196580420000000067e-43,0.000000000000000000e+00,6.440192250000000199e-69,1.331923269999999931e-55,2.593533449999999809e-85,6.988847909999999729e-46,1.969220609999999875e-75,6.072935120000000676e-60,0.000000000000000000e+00,0.000000000000000000e+00,0.000000000000000000e+00,3.180235800000000333e-59,2.454586989999999691e-61,6.200441019999999386e-49,0.000000000000000000e+00,6.402359419999999942e-38,3.103767099999999915e-43,3.169549319999999908e-55,4.301964730000000308e-37,3.726039459999999540e-40,2.236088680000000239e-37,7.429244400000000653e-42,0.000000000000000000e+00,3.209949680000000126e-47,1.539220129999999907e-51,4.150513470000000104e-77,7.249243250000000732e-50,3.214033670000000016e-49,3.707920910000000079e-47,1.852952539999999979e-51,7.670907820000000266e-01,3.305092570000000272e-53,0.000000000000000000e+00,3.407207160000000018e-72,1.874323009999999864e-61,1.272972059999999987e-65
2.699999999999999969e-02,-4.671868920000000203e-01,0.000000000000000000e+00,3.000000000000000000e+02,1.171970350000000050e+00,0.000000000000000000e+00,8.218590179988812314e-20,-7.270213082312636510e-44,0.000000000000000000e+00,-1.223730666666654798e+01,3.313735559999999940e-19,0.000000000000000000e+00,4.007381100000000406e-27,2.329092180000000012e-01,9.513180069999999975e-32,5.289114609999999980e-33,9.295496559999999800e-28,0.000000000000000000e+00,2.451482380000000064e-51,6.501687119999999755e-76,1.277682639999999844e-62,1.205929969999999933e-70,1.763324090000000193e-52,2.489063189999999717e-48,3.969762180000000031e-28,2.785716019999999991e-40,2.367105019999999849e-61,1.196580820000000002e-43,0.000000000000000000e+00,7.299029949999999408e-70,1.069628549999999942e-56,3.960167489999999628e-86,6.988848000000000361e-46,5.792975530000000260e-71,8.883452169999998953e-61,0.000000000000000000e+00,0.000000000000000000e+00,0.000000000000000000e+00,3.783495679999999998e-60,1.745557909999999766e-62,6.673045849999999903e-50,0.000000000000000000e+00,1.028099520000000052e-38,3.471376329999999980e-44,0.000000000000000000e+00,4.502673539999999967e-38,3.354906649999999934e-41,3.549881560000000201e-38,7.799462740000000620e-43,1.634386859999999988e-75,2.588431579999999743e-48,1.230558040000000049e-52,0.000000000000000000e+00,5.942179480000000228e-51,2.634532230000000133e-50,3.039369899999999832e-48,1.525544299999999971e-52,7.670907820000000266e-01,3.368214189999999724e-54,0.000000000000000000e+00,2.096022080000000166e-73,5.105455320000000342e-59,8.945666220000000471e-67
2.737500000000000003e-02,-4.717758819999999798e-01,0.000000000000000000e+00,3.000000000000000000e+02,1.171970350000000050e+00,0.000000000000000000e+00,2.532102901933932140e-20,-5.327292051252142216e-45,0.000000000000000000e+00,-1.060566399999998666e+01,1.020943889999999929e-19,6.195778449999999621e-49,6.222244250000000077e-28,2.329092180000000012e-01,1.453066569999999823e-32,6.008431159999999949e-34,9.734404140000000232e-29,0.000000000000000000e+00,0.000000000000000000e+00,0.000000000000000000e+00,2.764178069999999866e-63,1.468377079999999934e-70,1.990962400000000177e-53,2.800983749999999754e-49,4.151216810000000108e-29,2.272979810000000013e-41,6.360451770000000238e-59,1.196580860000000095e-43,0.000000000000000000e+00,8.234225730000000819e-71,8.515058199999999905e-58,6.000407509999999937e-87,6.988848089999999438e-46,1.681392220000000041e-66,2.002190549999999708e-61,0.000000000000000000e+00,0.000000000000000000e+00,0.000000000000000000e+00,1.789805210000000164e-60,1.230805859999999858e-63,7.138420420000000062e-51,0.000000000000000000e+00,1.639150569999999990e-39,3.850797369999999781e-45,0.000000000000000000e+00,4.673615749999999474e-39,2.994900309999999970e-42,5.540134119999999864e-39,8.120190890000000475e-44,7.987189779999999890e-78,2.069084639999999943e-49,9.752183809999999184e-54,1.696941620000000009e-75,4.828486980000000076e-52,2.140764110000000088e-51,2.469726489999999771e-49,1.245087980000000094e-53,7.670907820000000266e-01,3.403794790000000110e-55,0.000000000000000000e+00,1.274947840000000121e-74,1.371845619999999993e-56,5.975222549999999982e-68
2.775000000000000036e-02,-4.757530059999999783e-01,0.000000000000000000e+00,3.000000000000000000e+02,1.171970350000000050e+00,0.000000000000000000e+00,7.847084846384420716e-21,-2.563319371242144454e-46,0.000000000000000000e+00,-8.974026666666755858e+00,3.163944609999999928e-20,0.000000000000000000e+00,9.642753940000000067e-29,2.329092180000000012e-01,2.214853329999999904e-33,6.796501919999999754e-35,1.014596180000000029e-29,0.000000000000000000e+00,0.000000000000000000e+00,0.000000000000000000e+00,3.395576649999999880e-65,8.548091090000000433e-72,2.238333909999999914e-54,3.138395470000000321e-50,4.320458819999999976e-30,1.843730800000000122e-42,1.688870989999999959e-56,1.196580879999999943e-43,0.000000000000000000e+00,9.254825930000000962e-72,6.738222550000000153e-59,9.068983000000000284e-88,6.988848179999999293e-46,4.823766179999999504e-62,5.563806039999999642e-62,0.000000000000000000e+00,0.000000000000000000e+00,0.000000000000000000e+00,1.649222089999999984e-60,8.637052180000000201e-65,7.599025030000000349e-52,1.070388269999999984e-61,2.608974489999999809e-40,4.252887249999999726e-46,0.000000000000000000e+00,4.827880670000000077e-40,2.658807079999999864e-43,8.691875780000000264e-40,8.413870890000000062e-45,0.000000000000000000e+00,1.644104850000000112e-50,7.682411740000000208e-55,0.000000000000000000e+00,3.900432250000000146e-53,1.729300590000000185e-52,1.995035080000000043e-50,1.010226839999999943e-54,7.670907820000000266e-01,3.422771879999999822e-56,0.000000000000000000e+00,7.688042939999999836e-76,3.642912519999999618e-54,1.399909870000000054e-69
2.812500000000000069e-02,-4.791182660000000149e-01,0.000000000000000000e+00,3.000000000000000000e+02,1.171970350000000050e+00,0.000000000000000000e+00,2.508709796643346246e-21,1.240003053912191569e-44,0.000000000000000000e+00,-7.342381333333308113e+00,1.011511790000000068e-20,5.283083889999999952e-51,1.533507240000000092e-29,2.329092180000000012e-01,3.463482939999999988e-34,7.846266329999999554e-36,1.077722550000000012e-30,0.000000000000000000e+00,7.910933270000001022e-52,5.434058319999999935e-70,1.494269240000000121e-65,3.733275280000000158e-73,2.568013599999999760e-55,3.588274619999999833e-51,4.582486910000000081e-31,1.517612910000000108e-43,4.381584479999999985e-54,1.196580889999999966e-43,3.089530159999999965e-82,1.062840749999999991e-72,5.408654850000000265e-60,1.405492959999999939e-88,6.988848269999999148e-46,1.370222170000000088e-57,1.612521269999999846e-62,0.000000000000000000e+00,0.000000000000000000e+00,0.000000000000000000e+00,1.639384800000000107e-60,6.175829030000000430e-66,8.087610580000000821e-53,0.000000000000000000e+00,4.263193430000000009e-41,4.791659129999999712e-47,3.821681900000000001e-59,5.081774680000000268e-41,2.398872519999999792e-44,1.486128050000000019e-40,8.883887059999999379e-46,8.139811710000000092e-79,1.325244780000000042e-51,6.138293239999999871e-56,2.088665069999999760e-68,3.197028220000000165e-54,1.417438490000000075e-53,1.635250420000000151e-51,8.317661719999999309e-56,7.670907820000000266e-01,3.505381839999999970e-57,0.000000000000000000e+00,4.675608570000000144e-77,9.576683640000000833e-52,0.000000000000000000e+00
2.850000000000000103e-02,-4.818716590000000077e-01,0.000000000000000000e+00,3.000000000000000000e+02,1.171970350000000050e+00,0.000000000000000000e+00,8.857829365100679460e-22,8.945375553396747647e-46,0.000000000000000000e+00,-4.894922666666648325e+00,3.571476800000000128e-21,3.606161140000000306e-52,2.902627159999999969e-30,2.329092180000000012e-01,6.455714399999999977e-35,1.106031289999999821e-36,1.405926940000000091e-31,0.000000000000000000e+00,0.000000000000000000e+00,0.000000000000000000e+00,6.629314950000000482e-67,8.048018920000000653e-74,3.599261430000000105e-56,5.012908920000000252e-52,5.969612869999999925e-32,1.558095460000000117e-44,0.000000000000000000e+00,1.196580150000000036e-43,1.544770999999999912e-80,1.512728730000000200e-73,5.422470029999999419e-61,2.597607039999999682e-89,6.988848349999999278e-46,3.860024240000000229e-53,5.119376440000000219e-63,0.000000000000000000e+00,0.000000000000000000e+00,0.000000000000000000e+00,1.638695030000000173e-60,5.662582630000000187e-67,9.021343069999999223e-54,2.702438869999999646e-62,8.271121459999999894e-42,6.603319639999998999e-48,3.330291989999999527e-61,6.573034749999999148e-42,2.685488960000000146e-45,3.653423680000000022e-41,1.152404779999999952e-46,2.780819550000000089e-80,1.333915380000000030e-52,6.127296599999999968e-57,5.677624340000000501e-66,3.269265559999999750e-55,1.449465719999999967e-54,1.672199150000000268e-52,8.541745369999999760e-57,7.670907820000000266e-01,4.419399999999999742e-58,0.000000000000000000e+00,3.595173519999999892e-78,2.496241719999999795e-49,0.000000000000000000e+00
2.925000000000000169e-02,-4.855428509999999975e-01,0.000000000000000000e+00,3.000000000000000000e+02,1.171970350000000050e+00,0.000000000000000000e+00,1.569934079862256397e-22,4.693480527411236288e-43,0.000000000000000000e+00,-1.631641333333347044e+00,6.329974210000000051e-22,0.000000000000000000e+00,2.380085050000000151e-31,2.329092180000000012e-01,5.199952069999999242e-36,6.485633259999999753e-38,7.563877299999999198e-33,0.000000000000000000e+00,6.530661960000000143e-54,0.000000000000000000e+00,2.736729359999999745e-68,7.776851649999999228e-76,2.097092730000000091e-57,2.910206310000000031e-53,3.206664730000000187e-33,6.449671429999999159e-46,0.000000000000000000e+00,1.196167110000000094e-43,6.500290510000000019e-79,8.809127360000000052e-75,2.187620479999999660e-62,2.071211180000000051e-90,6.988732959999999773e-46,2.222306069999999923e-48,2.938986170000000154e-64,0.000000000000000000e+00,0.000000000000000000e+00,0.000000000000000000e+00,1.635683170000000166e-60,2.045116579999999781e-68,4.169440610000000026e-55,0.000000000000000000e+00,6.979751520000000343e-43,3.775627510000000037e-49,0.000000000000000000e+00,3.503038399999999751e-43,1.221259279999999939e-46,3.240858629999999882e-42,6.161260539999999457e-48,3.976618419999999762e-83,5.404640040000000212e-54,2.460397390000000222e-58,8.913421509999999603e-63,1.347477819999999944e-56,5.974194759999999421e-56,6.892224669999999557e-54,3.536810240000000409e-58,7.670907820000000266e-01,2.289542339999999974e-59,0.000000000000000000e+00,1.090044389999999982e-79,1.308169339999999978e-46,0.000000000000000000e+00
2.999999999999999889e-02,-4.867665820000000032e-01,0.000000000000000000e+00,3.000000000000000000e+02,1.171970350000000050e+00,0.000000000000000000e+00,2.777763442460930824e-23,-1.851082319768616601e-52,0.000000000000000000e+00,-1.631641333333347044e+00,1.119994219999999894e-22,0.000000000000000000e+00,1.947480739999999973e-32,2.329092180000000012e-01,4.179553720000000601e-37,3.794634029999999655e-39,4.059929289999999877e-34,0.000000000000000000e+00,0.000000000000000000e+00,4.644319299999999630e-64,2.518337250000000037e-69,7.149621219999999919e-77,1.218956060000000136e-58,1.685729779999999884e-54,1.718634039999999915e-34,2.663645739999999826e-47,0.000000000000000000e+00,4.900858719999999732e-45,2.643878169999999994e-80,3.582956709999999692e-76,8.805214620000000315e-64,9.131630449999999929e-92,3.050538550000000143e-47,1.286114380000000001e-43,1.235906910000000017e-65,0.000000000000000000e+00,0.000000000000000000e+00,0.000000000000000000e+00,8.750669239999999210e-62,7.251691700000000499e-70,3.088053180000000156e-56,1.004278569999999978e-64,5.877584539999999876e-44,2.153991999999999699e-50,6.885180699999999991e-64,1.862704549999999898e-44,5.541103449999999053e-48,1.326913879999999980e-43,3.286797129999999692e-49,0.000000000000000000e+00,2.184735050000000041e-55,9.856764110000000037e-60,4.982527640000000588e-64,5.540998420000000583e-58,2.456664089999999949e-57,2.834169539999999979e-55,1.461074200000000062e-59,7.670907820000000266e-01,1.183446360000000107e-60,0.000000000000000000e+00,3.295377679999999845e-81,0.000000000000000000e+00,0.000000000000000000e+00
