z,u,V,T,rho,Z,PV,SourcePV,chiZ,S_n,Y.H2,Y.H,Y.O,Y.O2,Y.OH,Y.H2O,Y.HO2,Y.H2O2,Y.C,Y.CH,Y.CH2,Y.CH2(S),Y.CH3,Y.CH4,Y.CO,Y.CO2,Y.HCO,Y.CH2O,Y.CH2OH,Y.CH3O,Y.CH3OH,Y.C2H,Y.C2H2,Y.C2H3,Y.C2H4,Y.C2H5,Y.C2H6,Y.HCCO,Y.CH2CO,Y.HCCOH,Y.N,Y.NH,Y.NH2,Y.NH3,Y.NNH,Y.NO,Y.NO2,Y.N2O,Y.HNO,Y.CN,Y.HCN,Y.H2CN,Y.HCNN,Y.HCNO,Y.HOCN,Y.HNCO,Y.NCO,Y.N2,Y.AR,Y.C3H7,Y.C3H8,Y.CH2CHO,Y.CH3CHO
0.000000000000000000e+00,4.348373669999999969e+00,0.000000000000000000e+00,3.000000000000000000e+02,6.516985520000000420e-01,9.999999999998845368e-01,8.026982899239868618e-16,6.964085033135311765e-10,7.012096935297881694e-25,-9.291626666666275014e+00,3.051414849999365294e-15,1.776716359999630489e-15,0.000000000000000000e+00,5.016959319998956986e-21,1.486440509999690902e-14,2.067174949999569744e-16,0.000000000000000000e+00,0.000000000000000000e+00,3.656198239999239589e-15,0.000000000000000000e+00,0.000000000000000000e+00,2.471083539999486043e-14,9.220306589998081842e-16,9.999999999997919442e-01,0.000000000000000000e+00,0.000000000000000000e+00,0.000000000000000000e+00,0.000000000000000000e+00,0.000000000000000000e+00,4.470131669999069780e-17,7.522781189998435019e-16,0.000000000000000000e+00,1.729908949999639897e-14,0.000000000000000000e+00,0.000000000000000000e+00,0.000000000000000000e+00,3.470710399999278043e-17,1.022732059999787308e-16,5.134698229998931529e-18,3.784858769999212676e-16,0.000000000000000000e+00,0.000000000000000000e+00,6.718596849998601675e-16,0.000000000000000000e+00,1.386353909999711814e-37,0.000000000000000000e+00,0.000000000000000000e+00,0.000000000000000000e+00,1.965054739999591001e-14,1.300557599999729434e-15,4.397702689999085037e-14,2.111718009999560742e-16,0.000000000000000000e+00,0.000000000000000000e+00,4.956396169998968381e-19,3.762799369999217294e-16,7.868260329998362659e-23,2.213849359999539373e-14,0.000000000000000000e+00,0.000000000000000000e+00,0.000000000000000000e+00,0.000000000000000000e+00,5.197548769998918121e-14
3.750000000000000078e-04,4.344889310000000116e+00,0.000000000000000000e+00,3.000000000000000000e+02,6.516985520000000420e-01,9.999999999998843148e-01,4.122890488352757591e-15,3.897137396641593122e-11,7.012096935297881694e-25,-2.787490666666769812e+01,3.052400979999239026e-15,1.585243029999604924e-15,0.000000000000000000e+00,5.016844139998748975e-21,8.317645579997926856e-16,1.515893159999621829e-14,0.000000000000000000e+00,0.000000000000000000e+00,3.656198509999088079e-15,0.000000000000000000e+00,0.000000000000000000e+00,1.717595269999571661e-19,6.621029149998349450e-14,9.999999999997506439e-01,0.000000000000000000e+00,0.000000000000000000e+00,0.000000000000000000e+00,0.000000000000000000e+00,0.000000000000000000e+00,4.470048399998885313e-17,7.522789249998124138e-16,0.000000000000000000e+00,1.729908809999568610e-14,0.000000000000000000e+00,0.000000000000000000e+00,0.000000000000000000e+00,4.382344409998906640e-17,1.022732079999745051e-16,5.134690129998719317e-18,3.784858769999056383e-16,0.000000000000000000e+00,0.000000000000000000e+00,6.718596859998324783e-16,0.000000000000000000e+00,1.032166529999742557e-35,0.000000000000000000e+00,0.000000000000000000e+00,0.000000000000000000e+00,1.965054729999509908e-14,1.300557919999675931e-15,4.397701969998903413e-14,2.111290499999473580e-16,0.000000000000000000e+00,0.000000000000000000e+00,4.956396169998764233e-19,3.762800129999062047e-16,7.737823669998071422e-23,2.213849569999448143e-14,0.000000000000000000e+00,0.000000000000000000e+00,0.000000000000000000e+00,0.000000000000000000e+00,5.197548769998703550e-14
7.500000000000000156e-04,4.334436219999999729e+00,0.000000000000000000e+00,3.000000000000000000e+02,6.516985520000000420e-01,9.999999999998840927e-01,4.308779738473310216e-15,2.176647345355393083e-12,7.012096935297886286e-25,-4.645816000000026236e+01,3.053389259999237406e-15,1.584731679999604297e-15,0.000000000000000000e+00,5.016729539998747434e-21,4.640060749998840246e-17,1.599502639999600576e-14,0.000000000000000000e+00,0.000000000000000000e+00,3.656198769999086454e-15,0.000000000000000000e+00,0.000000000000000000e+00,1.191027309999702429e-24,6.676133139998333081e-14,9.999999999997501998e-01,0.000000000000000000e+00,0.000000000000000000e+00,0.000000000000000000e+00,0.000000000000000000e+00,0.000000000000000000e+00,4.469964919998882865e-17,7.522797809998120821e-16,0.000000000000000000e+00,1.729908709999567996e-14,0.000000000000000000e+00,0.000000000000000000e+00,0.000000000000000000e+00,5.278401249998681408e-17,1.022732089999744506e-16,5.134683529998717455e-18,3.784858769999054411e-16,0.000000000000000000e+00,0.000000000000000000e+00,6.718596859998321824e-16,0.000000000000000000e+00,1.032199139999742155e-35,0.000000000000000000e+00,0.000000000000000000e+00,0.000000000000000000e+00,1.965054729999508962e-14,1.300558239999675282e-15,4.397701259998901332e-14,2.110870009999472815e-16,0.000000000000000000e+00,0.000000000000000000e+00,4.956396169998761344e-19,3.762800889999060135e-16,7.754343459998063046e-23,2.213849779999446843e-14,0.000000000000000000e+00,0.000000000000000000e+00,0.000000000000000000e+00,0.000000000000000000e+00,5.197548769998701657e-14
1.124999999999999915e-03,4.317014409999999636e+00,0.000000000000000000e+00,3.000000000000000000e+02,6.516985520000000420e-01,9.999999999998838707e-01,4.319228704889355961e-15,1.217803303571074270e-13,7.012096935297879858e-25,-6.504143999999928383e+01,3.054381319999237471e-15,1.584219319999604246e-15,0.000000000000000000e+00,5.016615069998747057e-21,2.540577419999364952e-18,1.604097779999599356e-14,0.000000000000000000e+00,0.000000000000000000e+00,3.656199019999087198e-15,0.000000000000000000e+00,0.000000000000000000e+00,7.114349049998223427e-30,6.667512199998333359e-14,9.999999999997501998e-01,0.000000000000000000e+00,0.000000000000000000e+00,0.000000000000000000e+00,0.000000000000000000e+00,0.000000000000000000e+00,4.469881119998882791e-17,7.522806439998120845e-16,0.000000000000000000e+00,1.729908619999568013e-14,0.000000000000000000e+00,0.000000000000000000e+00,0.000000000000000000e+00,6.157887779998460997e-17,1.022732099999744579e-16,5.134678029998717058e-18,3.784858769999054411e-16,0.000000000000000000e+00,0.000000000000000000e+00,6.718596869998322020e-16,0.000000000000000000e+00,1.032195639999742151e-35,0.000000000000000000e+00,0.000000000000000000e+00,0.000000000000000000e+00,1.965054719999508964e-14,1.300558559999675225e-15,4.397700559998901459e-14,2.110456429999472729e-16,0.000000000000000000e+00,0.000000000000000000e+00,4.956396169998761344e-19,3.762801649999060196e-16,7.779197309998057267e-23,2.213849979999446807e-14,0.000000000000000000e+00,0.000000000000000000e+00,0.000000000000000000e+00,0.000000000000000000e+00,5.197548769998701657e-14
1.500000000000000031e-03,4.292623869999999897e+00,0.000000000000000000e+00,3.000000000000000000e+02,6.516985520000000420e-01,9.999999999998840927e-01,4.319879468247520645e-15,7.456838044162241801e-15,0.000000000000000000e+00,-8.362469333333424970e+01,3.055378789999237745e-15,1.583704169999604895e-15,0.000000000000000000e+00,5.016500439998748430e-21,1.004220789999749322e-19,1.604279449999599465e-14,0.000000000000000000e+00,0.000000000000000000e+00,3.656199269999087942e-15,0.000000000000000000e+00,0.000000000000000000e+00,0.000000000000000000e+00,6.657091869998339217e-14,9.999999999997504219e-01,0.000000000000000000e+00,0.000000000000000000e+00,0.000000000000000000e+00,0.000000000000000000e+00,0.000000000000000000e+00,4.469796829998884236e-17,7.522815109998122637e-16,0.000000000000000000e+00,1.729908549999568341e-14,0.000000000000000000e+00,0.000000000000000000e+00,0.000000000000000000e+00,7.024924929998246579e-17,1.022732109999744774e-16,5.134673439998718729e-18,3.784858769999055397e-16,0.000000000000000000e+00,0.000000000000000000e+00,6.718596879998324187e-16,0.000000000000000000e+00,1.032192119999742369e-35,0.000000000000000000e+00,0.000000000000000000e+00,0.000000000000000000e+00,1.965054709999509596e-14,1.300558879999675561e-15,4.397699859998902847e-14,2.110047899999473706e-16,0.000000000000000000e+00,0.000000000000000000e+00,4.956396169998762307e-19,3.762802419999060945e-16,7.804655579998052800e-23,2.213850189999447400e-14,0.000000000000000000e+00,0.000000000000000000e+00,0.000000000000000000e+00,0.000000000000000000e+00,5.197548769998702919e-14
1.874999999999999931e-03,4.261264609999999564e+00,0.000000000000000000e+00,3.000000000000000000e+02,6.516985520000000420e-01,9.999999999998840927e-01,4.319986982508949987e-15,2.751107753603302301e-15,7.012096935297886286e-25,-1.022079733333332996e+02,3.056383369999237529e-15,1.583185329999604828e-15,0.000000000000000000e+00,5.016385409998748535e-21,0.000000000000000000e+00,1.604215659999599590e-14,0.000000000000000000e+00,0.000000000000000000e+00,3.656199509999087899e-15,0.000000000000000000e+00,0.000000000000000000e+00,0.000000000000000000e+00,6.648054199998340370e-14,9.999999999997504219e-01,0.000000000000000000e+00,0.000000000000000000e+00,0.000000000000000000e+00,0.000000000000000000e+00,0.000000000000000000e+00,4.469711929998884237e-17,7.522823849998122839e-16,0.000000000000000000e+00,1.729908489999568352e-14,0.000000000000000000e+00,0.000000000000000000e+00,0.000000000000000000e+00,7.883466279998032351e-17,1.022732129999744795e-16,5.134669609998718765e-18,3.784858779999055592e-16,0.000000000000000000e+00,0.000000000000000000e+00,6.718596879998324187e-16,0.000000000000000000e+00,1.032188579999742275e-35,0.000000000000000000e+00,0.000000000000000000e+00,0.000000000000000000e+00,1.965054699999509598e-14,1.300559199999675307e-15,4.397699169998902655e-14,2.109642679999473545e-16,0.000000000000000000e+00,0.000000000000000000e+00,4.956396169998762307e-19,3.762803189999060707e-16,7.830327619998045133e-23,2.213850399999447362e-14,0.000000000000000000e+00,0.000000000000000000e+00,0.000000000000000000e+00,0.000000000000000000e+00,5.197548769998702919e-14
2.249999999999999830e-03,4.222936619999999586e+00,0.000000000000000000e+00,3.000000000000000000e+02,6.516985520000000420e-01,9.999999999998843148e-01,4.320066758970446390e-15,2.750197891624923683e-15,1.753024233824469964e-25,-1.300828666666664901e+02,3.057397059999236855e-15,1.582661729999605026e-15,0.000000000000000000e+00,5.016269729998748835e-21,0.000000000000000000e+00,1.604138359999599623e-14,0.000000000000000000e+00,0.000000000000000000e+00,3.656199749999087855e-15,0.000000000000000000e+00,0.000000000000000000e+00,0.000000000000000000e+00,6.640347929998342892e-14,9.999999999997504219e-01,0.000000000000000000e+00,0.000000000000000000e+00,0.000000000000000000e+00,0.000000000000000000e+00,0.000000000000000000e+00,4.469626259998883983e-17,7.522832669998122631e-16,0.000000000000000000e+00,1.729908449999568359e-14,0.000000000000000000e+00,0.000000000000000000e+00,0.000000000000000000e+00,8.737131239997818172e-17,1.022732139999744744e-16,5.134666409998718633e-18,3.784858779999055592e-16,0.000000000000000000e+00,0.000000000000000000e+00,6.718596889998323397e-16,0.000000000000000000e+00,1.032185009999742381e-35,0.000000000000000000e+00,0.000000000000000000e+00,0.000000000000000000e+00,1.965054689999509600e-14,1.300559529999675444e-15,4.397698479998902464e-14,2.109239159999473817e-16,0.000000000000000000e+00,0.000000000000000000e+00,4.956396169998762307e-19,3.762803969999060665e-16,7.856236109998039652e-23,2.213850619999447638e-14,0.000000000000000000e+00,0.000000000000000000e+00,0.000000000000000000e+00,0.000000000000000000e+00,5.197548769998702919e-14
3.000000000000000062e-03,4.125374469999999683e+00,0.000000000000000000e+00,3.000000000000000000e+02,6.516985520000000420e-01,9.999999999998840927e-01,4.320233633483089633e-15,2.748336393256638564e-15,1.753024233824471572e-25,-1.672493999999993832e+02,3.059471059999237370e-15,1.581590489999605608e-15,0.000000000000000000e+00,5.016034169998749658e-21,0.000000000000000000e+00,1.603981849999600034e-14,0.000000000000000000e+00,0.000000000000000000e+00,3.656200229999088558e-15,0.000000000000000000e+00,0.000000000000000000e+00,0.000000000000000000e+00,6.628841599998346113e-14,9.999999999997506439e-01,0.000000000000000000e+00,0.000000000000000000e+00,0.000000000000000000e+00,0.000000000000000000e+00,0.000000000000000000e+00,4.469450869998885066e-17,7.522850719998124312e-16,0.000000000000000000e+00,1.729908409999568682e-14,0.000000000000000000e+00,0.000000000000000000e+00,0.000000000000000000e+00,1.044671529999739596e-16,1.022732169999744960e-16,5.134661849998719195e-18,3.784858779999056578e-16,0.000000000000000000e+00,0.000000000000000000e+00,6.718596899998325564e-16,0.000000000000000000e+00,1.032177689999742587e-35,0.000000000000000000e+00,0.000000000000000000e+00,0.000000000000000000e+00,1.965054669999509919e-14,1.300560199999675718e-15,4.397697099998903344e-14,2.108429179999474102e-16,0.000000000000000000e+00,0.000000000000000000e+00,4.956396169998764233e-19,3.762805559999061661e-16,7.909279379998027875e-23,2.213851049999448192e-14,0.000000000000000000e+00,0.000000000000000000e+00,0.000000000000000000e+00,0.000000000000000000e+00,5.197548769998703550e-14
3.749999999999999861e-03,3.999937420000000188e+00,0.000000000000000000e+00,3.000000000000000000e+02,6.516985520000000420e-01,9.999999999998843148e-01,4.320413102301648974e-15,2.746417272613578087e-15,0.000000000000000000e+00,-2.044159333333333564e+02,3.061609089999236217e-15,1.580486089999605653e-15,0.000000000000000000e+00,5.015792299998748528e-21,0.000000000000000000e+00,1.603823859999599448e-14,0.000000000000000000e+00,0.000000000000000000e+00,3.656200719999087681e-15,0.000000000000000000e+00,0.000000000000000000e+00,0.000000000000000000e+00,6.620214049998347896e-14,9.999999999997504219e-01,0.000000000000000000e+00,0.000000000000000000e+00,0.000000000000000000e+00,0.000000000000000000e+00,0.000000000000000000e+00,4.469269979998884058e-17,7.522869339998122340e-16,0.000000000000000000e+00,1.729908389999568370e-14,0.000000000000000000e+00,0.000000000000000000e+00,0.000000000000000000e+00,1.218116439999696102e-16,1.022732189999744735e-16,5.134658609998718743e-18,3.784858779999055592e-16,0.000000000000000000e+00,0.000000000000000000e+00,6.718596909998323788e-16,0.000000000000000000e+00,1.032170149999742297e-35,0.000000000000000000e+00,0.000000000000000000e+00,0.000000000000000000e+00,1.965054659999509605e-14,1.300560879999675399e-15,4.397695699998902334e-14,2.107605979999473908e-16,0.000000000000000000e+00,0.000000000000000000e+00,4.956396169998762307e-19,3.762807199999061169e-16,7.963989529998012648e-23,2.213851499999447480e-14,0.000000000000000000e+00,0.000000000000000000e+00,0.000000000000000000e+00,0.000000000000000000e+00,5.197548769998702919e-14
4.499999999999999660e-03,3.846625470000000213e+00,0.000000000000000000e+00,3.000000000000000000e+02,6.516985520000000420e-01,9.999999999998843148e-01,4.320607361620108386e-15,2.744423587078660592e-15,0.000000000000000000e+00,-2.322908266666675274e+02,3.063830389999236244e-15,1.579338779999606323e-15,0.000000000000000000e+00,5.015541759998749997e-21,0.000000000000000000e+00,1.603663229999600285e-14,0.000000000000000000e+00,0.000000000000000000e+00,3.656201219999088380e-15,0.000000000000000000e+00,0.000000000000000000e+00,0.000000000000000000e+00,6.613704359998350186e-14,9.999999999997506439e-01,0.000000000000000000e+00,0.000000000000000000e+00,0.000000000000000000e+00,0.000000000000000000e+00,0.000000000000000000e+00,4.469081909998885106e-17,7.522888699998124968e-16,0.000000000000000000e+00,1.729908399999568683e-14,0.000000000000000000e+00,0.000000000000000000e+00,0.000000000000000000e+00,1.396283009999651848e-16,1.022732219999744951e-16,5.134656349998719569e-18,3.784858779999056578e-16,0.000000000000000000e+00,0.000000000000000000e+00,6.718596919998324969e-16,0.000000000000000000e+00,1.032162319999742556e-35,0.000000000000000000e+00,0.000000000000000000e+00,0.000000000000000000e+00,1.965054639999509925e-14,1.300561599999675861e-15,4.397694249998902910e-14,2.106759249999474646e-16,0.000000000000000000e+00,0.000000000000000000e+00,4.956396169998764233e-19,3.762808899999061849e-16,8.020878319998000262e-23,2.213851969999448026e-14,0.000000000000000000e+00,0.000000000000000000e+00,0.000000000000000000e+00,0.000000000000000000e+00,5.197548769998703550e-14
4.874999999999999993e-03,3.759516409999999809e+00,0.000000000000000000e+00,3.000000000000000000e+02,6.516985520000000420e-01,9.999999999998843148e-01,4.320708888210466036e-15,2.743403207106382648e-15,0.000000000000000000e+00,-2.508740799999988837e+02,3.064966959999235929e-15,1.578751579999606533e-15,0.000000000000000000e+00,5.015413799998749725e-21,0.000000000000000000e+00,1.603581999999600079e-14,0.000000000000000000e+00,0.000000000000000000e+00,3.656201469999088335e-15,0.000000000000000000e+00,0.000000000000000000e+00,0.000000000000000000e+00,6.610906589998351869e-14,9.999999999997506439e-01,0.000000000000000000e+00,0.000000000000000000e+00,0.000000000000000000e+00,0.000000000000000000e+00,0.000000000000000000e+00,4.468985689998885149e-17,7.522898599998125158e-16,0.000000000000000000e+00,1.729908409999568682e-14,0.000000000000000000e+00,0.000000000000000000e+00,0.000000000000000000e+00,1.486970239999629273e-16,1.022732239999744972e-16,5.134655419998719268e-18,3.784858789999056281e-16,0.000000000000000000e+00,0.000000000000000000e+00,6.718596919998324969e-16,0.000000000000000000e+00,1.032158309999742606e-35,0.000000000000000000e+00,0.000000000000000000e+00,0.000000000000000000e+00,1.965054629999509926e-14,1.300561959999675796e-15,4.397693509998903043e-14,2.106328009999474584e-16,0.000000000000000000e+00,0.000000000000000000e+00,4.956396169998764233e-19,3.762809769999061593e-16,8.049985639997992120e-23,2.213852209999447983e-14,0.000000000000000000e+00,0.000000000000000000e+00,0.000000000000000000e+00,0.000000000000000000e+00,5.197548769998703550e-14
5.250000000000000326e-03,3.665438630000000142e+00,0.000000000000000000e+00,3.000000000000000000e+02,6.516985520000000420e-01,9.999999999998843148e-01,4.320815147490926084e-15,2.742356761569477076e-15,7.012096935297903735e-25,-2.694573866666674462e+02,3.066132459999235928e-15,1.578149379999606683e-15,0.000000000000000000e+00,5.015282759998750218e-21,0.000000000000000000e+00,1.603499669999600071e-14,0.000000000000000000e+00,0.000000000000000000e+00,3.656201729999088288e-15,0.000000000000000000e+00,0.000000000000000000e+00,0.000000000000000000e+00,6.608493649998351478e-14,9.999999999997506439e-01,0.000000000000000000e+00,0.000000000000000000e+00,0.000000000000000000e+00,0.000000000000000000e+00,0.000000000000000000e+00,4.468886999998886228e-17,7.522908759998124512e-16,0.000000000000000000e+00,1.729908419999568680e-14,0.000000000000000000e+00,0.000000000000000000e+00,0.000000000000000000e+00,1.579585669999606148e-16,1.022732249999745045e-16,5.134654659998719362e-18,3.784858789999056281e-16,0.000000000000000000e+00,0.000000000000000000e+00,6.718596929998325164e-16,0.000000000000000000e+00,1.032154189999742540e-35,0.000000000000000000e+00,0.000000000000000000e+00,0.000000000000000000e+00,1.965054619999509928e-14,1.300562339999675925e-15,4.397692749998903180e-14,2.105887379999474931e-16,0.000000000000000000e+00,0.000000000000000000e+00,4.956396169998764233e-19,3.762810669999061924e-16,8.079841419997985019e-23,2.213852449999448255e-14,0.000000000000000000e+00,0.000000000000000000e+00,0.000000000000000000e+00,0.000000000000000000e+00,5.197548769998703550e-14
5.624999999999999792e-03,3.564392110000000002e+00,0.000000000000000000e+00,3.000000000000000000e+02,6.516985520000000420e-01,9.999999999998840927e-01,4.320926615761416044e-15,2.741280757682289294e-15,0.000000000000000000e+00,-2.880406133333328285e+02,3.067330779999235540e-15,1.577530169999606740e-15,0.000000000000000000e+00,5.015148199998750081e-21,0.000000000000000000e+00,1.603416019999600301e-14,0.000000000000000000e+00,0.000000000000000000e+00,3.656201989999088241e-15,0.000000000000000000e+00,0.000000000000000000e+00,0.000000000000000000e+00,6.606405779998353460e-14,9.999999999997506439e-01,0.000000000000000000e+00,0.000000000000000000e+00,0.000000000000000000e+00,0.000000000000000000e+00,0.000000000000000000e+00,4.468785509998885592e-17,7.522919199998125393e-16,0.000000000000000000e+00,1.729908439999568676e-14,0.000000000000000000e+00,0.000000000000000000e+00,0.000000000000000000e+00,1.674484839999582359e-16,1.022732269999744942e-16,5.134654049998719305e-18,3.784858789999056281e-16,0.000000000000000000e+00,0.000000000000000000e+00,6.718596929998325164e-16,0.000000000000000000e+00,1.032149969999742651e-35,0.000000000000000000e+00,0.000000000000000000e+00,0.000000000000000000e+00,1.965054609999509930e-14,1.300562719999675856e-15,4.397691979998903003e-14,2.105435699999475049e-16,0.000000000000000000e+00,0.000000000000000000e+00,4.956396169998764233e-19,3.762811579999061958e-16,8.110545159997978275e-23,2.213852709999448208e-14,0.000000000000000000e+00,0.000000000000000000e+00,0.000000000000000000e+00,0.000000000000000000e+00,5.197548769998703550e-14
6.000000000000000125e-03,3.456376880000000096e+00,0.000000000000000000e+00,3.000000000000000000e+02,6.516985520000000420e-01,9.999999999998840927e-01,4.321043940217391707e-15,2.740171181347860658e-15,0.000000000000000000e+00,-3.066238933333337400e+02,3.068566319999235156e-15,1.576891639999606922e-15,0.000000000000000000e+00,5.015009629998750018e-21,0.000000000000000000e+00,1.603330849999600174e-14,0.000000000000000000e+00,0.000000000000000000e+00,3.656202259999088192e-15,0.000000000000000000e+00,0.000000000000000000e+00,0.000000000000000000e+00,6.604591729998353476e-14,9.999999999997506439e-01,0.000000000000000000e+00,0.000000000000000000e+00,0.000000000000000000e+00,0.000000000000000000e+00,0.000000000000000000e+00,4.468680849998885256e-17,7.522929979998125030e-16,0.000000000000000000e+00,1.729908459999568673e-14,0.000000000000000000e+00,0.000000000000000000e+00,0.000000000000000000e+00,1.772057899999558414e-16,1.022732279999745015e-16,5.134653559998719436e-18,3.784858789999056281e-16,0.000000000000000000e+00,0.000000000000000000e+00,6.718596939998324374e-16,0.000000000000000000e+00,1.032145599999742557e-35,0.000000000000000000e+00,0.000000000000000000e+00,0.000000000000000000e+00,1.965054599999509932e-14,1.300563119999675981e-15,4.397691179998903147e-14,2.104971129999475219e-16,0.000000000000000000e+00,0.000000000000000000e+00,4.956396169998764233e-19,3.762812529999061787e-16,8.142210299997969795e-23,2.213852969999448162e-14,0.000000000000000000e+00,0.000000000000000000e+00,0.000000000000000000e+00,0.000000000000000000e+00,5.197548769998703550e-14
6.374999999999999591e-03,3.341392920000000100e+00,0.000000000000000000e+00,3.000000000000000000e+02,6.516985520000000420e-01,9.999999999998840927e-01,4.321167731911317263e-15,2.739023566666117849e-15,0.000000000000000000e+00,-3.252071733333332872e+02,3.069844139999234654e-15,1.576231219999607102e-15,0.000000000000000000e+00,5.014866479998749725e-21,0.000000000000000000e+00,1.603243869999600056e-14,0.000000000000000000e+00,0.000000000000000000e+00,3.656202539999088142e-15,0.000000000000000000e+00,0.000000000000000000e+00,0.000000000000000000e+00,6.603007339998354426e-14,9.999999999997506439e-01,0.000000000000000000e+00,0.000000000000000000e+00,0.000000000000000000e+00,0.000000000000000000e+00,0.000000000000000000e+00,4.468572589998885445e-17,7.522941119998124799e-16,0.000000000000000000e+00,1.729908489999568667e-14,0.000000000000000000e+00,0.000000000000000000e+00,0.000000000000000000e+00,1.872740159999533051e-16,1.022732299999745036e-16,5.134653179998719098e-18,3.784858789999056281e-16,0.000000000000000000e+00,0.000000000000000000e+00,6.718596949998324569e-16,0.000000000000000000e+00,1.032141089999742548e-35,0.000000000000000000e+00,0.000000000000000000e+00,0.000000000000000000e+00,1.965054589999509934e-14,1.300563529999675907e-15,4.397690359998903295e-14,2.104491619999475318e-16,0.000000000000000000e+00,0.000000000000000000e+00,4.956396169998764233e-19,3.762813499999062006e-16,8.174967219997962074e-23,2.213853239999448113e-14,0.000000000000000000e+00,0.000000000000000000e+00,0.000000000000000000e+00,0.000000000000000000e+00,5.197548769998703550e-14
6.749999999999999924e-03,3.219440230000000014e+00,0.000000000000000000e+00,3.000000000000000000e+02,6.516985520000000420e-01,9.999999999998840927e-01,4.321298651027991937e-15,2.737833743146718302e-15,0.000000000000000000e+00,-3.391446400000003791e+02,3.071169139999234336e-15,1.575546509999607315e-15,0.000000000000000000e+00,5.014718139998750277e-21,0.000000000000000000e+00,1.603154829999600310e-14,0.000000000000000000e+00,0.000000000000000000e+00,3.656202829999088090e-15,0.000000000000000000e+00,0.000000000000000000e+00,0.000000000000000000e+00,6.601613859998354136e-14,9.999999999997506439e-01,0.000000000000000000e+00,0.000000000000000000e+00,0.000000000000000000e+00,0.000000000000000000e+00,0.000000000000000000e+00,4.468460249998885407e-17,7.522952679998124887e-16,0.000000000000000000e+00,1.729908509999568664e-14,0.000000000000000000e+00,0.000000000000000000e+00,0.000000000000000000e+00,1.977007069999506950e-16,1.022732319999744933e-16,5.134652879998719399e-18,3.784858789999056281e-16,0.000000000000000000e+00,0.000000000000000000e+00,6.718596949998324569e-16,0.000000000000000000e+00,1.032136419999742580e-35,0.000000000000000000e+00,0.000000000000000000e+00,0.000000000000000000e+00,1.965054579999509935e-14,1.300563949999675832e-15,4.397689509998903132e-14,2.103994899999475607e-16,0.000000000000000000e+00,0.000000000000000000e+00,4.956396169998764233e-19,3.762814509999062022e-16,8.208960689997954098e-23,2.213853519999448063e-14,0.000000000000000000e+00,0.000000000000000000e+00,0.000000000000000000e+00,0.000000000000000000e+00,5.197548769998703550e-14
6.937500000000000090e-03,3.155850609999999890e+00,0.000000000000000000e+00,3.000000000000000000e+02,6.516985520000000420e-01,9.999999999998840927e-01,4.321366233106584078e-15,2.737226154834077713e-15,0.000000000000000000e+00,-3.484362133333312386e+02,3.071845479999234446e-15,1.575196859999607355e-15,0.000000000000000000e+00,5.014642509998750438e-21,0.000000000000000000e+00,1.603109719999600227e-14,0.000000000000000000e+00,0.000000000000000000e+00,3.656202969999088064e-15,0.000000000000000000e+00,0.000000000000000000e+00,0.000000000000000000e+00,6.600961629998353867e-14,9.999999999997506439e-01,0.000000000000000000e+00,0.000000000000000000e+00,0.000000000000000000e+00,0.000000000000000000e+00,0.000000000000000000e+00,4.468402929998885102e-17,7.522958579998124811e-16,0.000000000000000000e+00,1.729908529999568660e-14,0.000000000000000000e+00,0.000000000000000000e+00,0.000000000000000000e+00,2.030151889999493669e-16,1.022732319999744933e-16,5.134652759998719211e-18,3.784858789999056281e-16,0.000000000000000000e+00,0.000000000000000000e+00,6.718596959998324765e-16,0.000000000000000000e+00,1.032134029999742539e-35,0.000000000000000000e+00,0.000000000000000000e+00,0.000000000000000000e+00,1.965054569999509937e-14,1.300564169999675792e-15,4.397689079998902894e-14,2.103741689999475392e-16,0.000000000000000000e+00,0.000000000000000000e+00,4.956396169998764233e-19,3.762815029999061830e-16,8.226303899997949134e-23,2.213853659999448037e-14,0.000000000000000000e+00,0.000000000000000000e+00,0.000000000000000000e+00,0.000000000000000000e+00,5.197548769998703550e-14
7.125000000000000257e-03,3.090518820000000222e+00,0.000000000000000000e+00,3.000000000000000000e+02,6.516985520000000420e-01,9.999999999998840927e-01,4.321435930853501165e-15,2.736605690132544111e-15,2.804838774119147902e-24,-3.577278933333352597e+02,3.072536079999234355e-15,1.574839799999607348e-15,0.000000000000000000e+00,5.014565319998750165e-21,0.000000000000000000e+00,1.603063969999600260e-14,0.000000000000000000e+00,0.000000000000000000e+00,3.656203119999088037e-15,0.000000000000000000e+00,0.000000000000000000e+00,0.000000000000000000e+00,6.600349089998353708e-14,9.999999999997506439e-01,0.000000000000000000e+00,0.000000000000000000e+00,0.000000000000000000e+00,0.000000000000000000e+00,0.000000000000000000e+00,4.468344409998885383e-17,7.522964609998124317e-16,0.000000000000000000e+00,1.729908549999568656e-14,0.000000000000000000e+00,0.000000000000000000e+00,0.000000000000000000e+00,2.084376659999480456e-16,1.022732329999745006e-16,5.134652649998719680e-18,3.784858789999056281e-16,0.000000000000000000e+00,0.000000000000000000e+00,6.718596959998324765e-16,0.000000000000000000e+00,1.032131589999742652e-35,0.000000000000000000e+00,0.000000000000000000e+00,0.000000000000000000e+00,1.965054569999509937e-14,1.300564389999675950e-15,4.397688629998903291e-14,2.103483309999475467e-16,0.000000000000000000e+00,0.000000000000000000e+00,4.956396169998764233e-19,3.762815559999061833e-16,8.244014549997944670e-23,2.213853799999448012e-14,0.000000000000000000e+00,0.000000000000000000e+00,0.000000000000000000e+00,0.000000000000000000e+00,5.197548769998703550e-14
7.312500000000000423e-03,3.023444839999999800e+00,0.000000000000000000e+00,3.000000000000000000e+02,6.516985520000000420e-01,9.999999999998843148e-01,4.321507935594093381e-15,2.735971393304680632e-15,0.000000000000000000e+00,-3.670195200000008526e+02,3.073241979999233876e-15,1.574474779999607394e-15,0.000000000000000000e+00,5.014486469998749895e-21,0.000000000000000000e+00,1.603017549999600098e-14,0.000000000000000000e+00,0.000000000000000000e+00,3.656203279999088009e-15,0.000000000000000000e+00,0.000000000000000000e+00,0.000000000000000000e+00,6.599772289998354058e-14,9.999999999997506439e-01,0.000000000000000000e+00,0.000000000000000000e+00,0.000000000000000000e+00,0.000000000000000000e+00,0.000000000000000000e+00,4.468284579998885332e-17,7.522970759998124196e-16,0.000000000000000000e+00,1.729908559999568655e-14,0.000000000000000000e+00,0.000000000000000000e+00,0.000000000000000000e+00,2.139764969999466609e-16,1.022732339999744954e-16,5.134652559998719154e-18,3.784858789999056281e-16,0.000000000000000000e+00,0.000000000000000000e+00,6.718596959998324765e-16,0.000000000000000000e+00,1.032129099999742519e-35,0.000000000000000000e+00,0.000000000000000000e+00,0.000000000000000000e+00,1.965054559999509939e-14,1.300564619999675908e-15,4.397688179998903056e-14,2.103219359999475657e-16,0.000000000000000000e+00,0.000000000000000000e+00,4.956396169998764233e-19,3.762816089999061836e-16,8.262119009997939223e-23,2.213853949999447985e-14,0.000000000000000000e+00,0.000000000000000000e+00,0.000000000000000000e+00,0.000000000000000000e+00,5.197548769998703550e-14
7.499999999999999722e-03,2.954628679999999896e+00,0.000000000000000000e+00,3.000000000000000000e+02,6.516985520000000420e-01,9.999999999998843148e-01,4.321582372160265488e-15,2.735322256482022364e-15,0.000000000000000000e+00,-3.763111466666654223e+02,3.073964309999233989e-15,1.574101219999607597e-15,0.000000000000000000e+00,5.014405829998749967e-21,0.000000000000000000e+00,1.602970389999600069e-14,0.000000000000000000e+00,0.000000000000000000e+00,3.656203429999088771e-15,0.000000000000000000e+00,0.000000000000000000e+00,0.000000000000000000e+00,6.599227499998354639e-14,9.999999999997506439e-01,0.000000000000000000e+00,0.000000000000000000e+00,0.000000000000000000e+00,0.000000000000000000e+00,0.000000000000000000e+00,4.468223359998885236e-17,7.522977069998124243e-16,0.000000000000000000e+00,1.729908579999568651e-14,0.000000000000000000e+00,0.000000000000000000e+00,0.000000000000000000e+00,2.196407799999452363e-16,1.022732349999745027e-16,5.134652479998719286e-18,3.784858799999056476e-16,0.000000000000000000e+00,0.000000000000000000e+00,6.718596969998324960e-16,0.000000000000000000e+00,1.032126539999742629e-35,0.000000000000000000e+00,0.000000000000000000e+00,0.000000000000000000e+00,1.965054549999509941e-14,1.300564849999675867e-15,4.397687719998903139e-14,2.102949409999475695e-16,0.000000000000000000e+00,0.000000000000000000e+00,4.956396169998764233e-19,3.762816639999061737e-16,8.280646169997935302e-23,2.213854099999447958e-14,0.000000000000000000e+00,0.000000000000000000e+00,0.000000000000000000e+00,0.000000000000000000e+00,5.197548769998703550e-14
7.687499999999999889e-03,2.884070340000000066e+00,0.000000000000000000e+00,3.000000000000000000e+02,6.516985520000000420e-01,9.999999999998843148e-01,4.321659439553261958e-15,2.734657150156798597e-15,2.804838774119147902e-24,-3.856027733333340848e+02,3.074704319999233679e-15,1.573718469999607680e-15,0.000000000000000000e+00,5.014323269998749969e-21,0.000000000000000000e+00,1.602922439999600182e-14,0.000000000000000000e+00,0.000000000000000000e+00,3.656203589999088742e-15,0.000000000000000000e+00,0.000000000000000000e+00,0.000000000000000000e+00,6.598711259998354183e-14,9.999999999997506439e-01,0.000000000000000000e+00,0.000000000000000000e+00,0.000000000000000000e+00,0.000000000000000000e+00,0.000000000000000000e+00,4.468160649998885606e-17,7.522983519998125054e-16,0.000000000000000000e+00,1.729908599999568647e-14,0.000000000000000000e+00,0.000000000000000000e+00,0.000000000000000000e+00,2.254404509999438022e-16,1.022732359999744976e-16,5.134652419998719192e-18,3.784858799999056476e-16,0.000000000000000000e+00,0.000000000000000000e+00,6.718596969998324960e-16,0.000000000000000000e+00,1.032123929999742626e-35,0.000000000000000000e+00,0.000000000000000000e+00,0.000000000000000000e+00,1.965054549999509941e-14,1.300565089999675824e-15,4.397687239998903226e-14,2.102672979999475569e-16,0.000000000000000000e+00,0.000000000000000000e+00,4.956396169998764233e-19,3.762817209999062029e-16,8.299627739997929783e-23,2.213854259999448245e-14,0.000000000000000000e+00,0.000000000000000000e+00,0.000000000000000000e+00,0.000000000000000000e+00,5.197548769998703550e-14
7.875000000000000056e-03,2.811769819999999864e+00,0.000000000000000000e+00,3.000000000000000000e+02,6.516985520000000420e-01,9.999999999998845368e-01,4.321739344332513246e-15,2.733974823181841718e-15,0.000000000000000000e+00,-3.948943999999979724e+02,3.075463379999233490e-15,1.573325809999607969e-15,0.000000000000000000e+00,5.014238629998750146e-21,0.000000000000000000e+00,1.602873639999600133e-14,0.000000000000000000e+00,0.000000000000000000e+00,3.656203759999088711e-15,0.000000000000000000e+00,0.000000000000000000e+00,0.000000000000000000e+00,6.598220289998354540e-14,9.999999999997506439e-01,0.000000000000000000e+00,0.000000000000000000e+00,0.000000000000000000e+00,0.000000000000000000e+00,0.000000000000000000e+00,4.468096309998885554e-17,7.522990139998124257e-16,0.000000000000000000e+00,1.729908619999568644e-14,0.000000000000000000e+00,0.000000000000000000e+00,0.000000000000000000e+00,2.313864189999422976e-16,1.022732369999745048e-16,5.134652369998719755e-18,3.784858799999056476e-16,0.000000000000000000e+00,0.000000000000000000e+00,6.718596979998325155e-16,0.000000000000000000e+00,1.032121249999742599e-35,0.000000000000000000e+00,0.000000000000000000e+00,0.000000000000000000e+00,1.965054539999509943e-14,1.300565329999675978e-15,4.397686759998903312e-14,2.102389559999475665e-16,0.000000000000000000e+00,0.000000000000000000e+00,4.956396169998764233e-19,3.762817779999061828e-16,8.319098689997926119e-23,2.213854419999448216e-14,0.000000000000000000e+00,0.000000000000000000e+00,0.000000000000000000e+00,0.000000000000000000e+00,5.197548769998703550e-14
8.062500000000000222e-03,2.737727120000000181e+00,0.000000000000000000e+00,3.000000000000000000e+02,6.516985520000000420e-01,9.999999999998845368e-01,4.321822285852394253e-15,2.733273885393769811e-15,0.000000000000000000e+00,-4.041860799999996061e+02,3.076243009999233148e-15,1.572922439999607820e-15,0.000000000000000000e+00,5.014151759998750022e-21,0.000000000000000000e+00,1.602823909999600251e-14,0.000000000000000000e+00,0.000000000000000000e+00,3.656203929999088681e-15,0.000000000000000000e+00,0.000000000000000000e+00,0.000000000000000000e+00,6.597751509998355005e-14,9.999999999997506439e-01,0.000000000000000000e+00,0.000000000000000000e+00,0.000000000000000000e+00,0.000000000000000000e+00,0.000000000000000000e+00,4.468030239998885592e-17,7.522996939998125005e-16,0.000000000000000000e+00,1.729908639999568640e-14,0.000000000000000000e+00,0.000000000000000000e+00,0.000000000000000000e+00,2.374907019999407875e-16,1.022732379999744997e-16,5.134652339998719323e-18,3.784858799999056476e-16,0.000000000000000000e+00,0.000000000000000000e+00,6.718596979998325155e-16,0.000000000000000000e+00,1.032118489999742660e-35,0.000000000000000000e+00,0.000000000000000000e+00,0.000000000000000000e+00,1.965054539999509943e-14,1.300565579999675933e-15,4.397686259998903402e-14,2.102098569999475990e-16,0.000000000000000000e+00,0.000000000000000000e+00,4.956396169998764233e-19,3.762818379999061720e-16,8.339097709997920281e-23,2.213854579999448187e-14,0.000000000000000000e+00,0.000000000000000000e+00,0.000000000000000000e+00,0.000000000000000000e+00,5.197548769998703550e-14
8.250000000000000389e-03,2.661942230000000187e+00,0.000000000000000000e+00,3.000000000000000000e+02,6.516985520000000420e-01,9.999999999998845368e-01,4.321908535274172080e-15,2.732552807612727125e-15,0.000000000000000000e+00,-4.134776533333328530e+02,3.077044929999233130e-15,1.572507479999607983e-15,0.000000000000000000e+00,5.014062469998749748e-21,0.000000000000000000e+00,1.602773179999600234e-14,0.000000000000000000e+00,0.000000000000000000e+00,3.656204099999087861e-15,0.000000000000000000e+00,0.000000000000000000e+00,0.000000000000000000e+00,6.597302019998355468e-14,9.999999999997506439e-01,0.000000000000000000e+00,0.000000000000000000e+00,0.000000000000000000e+00,0.000000000000000000e+00,0.000000000000000000e+00,4.467962279998885058e-17,7.523003939998124730e-16,0.000000000000000000e+00,1.729908659999568637e-14,0.000000000000000000e+00,0.000000000000000000e+00,0.000000000000000000e+00,2.437666059999392131e-16,1.022732389999744945e-16,5.134652309998719661e-18,3.784858799999056476e-16,0.000000000000000000e+00,0.000000000000000000e+00,6.718596979998325155e-16,0.000000000000000000e+00,1.032115659999742562e-35,0.000000000000000000e+00,0.000000000000000000e+00,0.000000000000000000e+00,1.965054529999509944e-14,1.300565829999675888e-15,4.397685749998903178e-14,2.101799389999476015e-16,0.000000000000000000e+00,0.000000000000000000e+00,4.956396169998764233e-19,3.762818989999061807e-16,8.359667789997915997e-23,2.213854749999448157e-14,0.000000000000000000e+00,0.000000000000000000e+00,0.000000000000000000e+00,0.000000000000000000e+00,5.197548769998703550e-14
8.437500000000000555e-03,2.584415170000000206e+00,0.000000000000000000e+00,3.000000000000000000e+02,6.516985520000000420e-01,9.999999999998845368e-01,4.321998433321269192e-15,2.731809852134441204e-15,0.000000000000000000e+00,-4.227693333333344867e+02,3.077871229999232668e-15,1.572079929999608045e-15,0.000000000000000000e+00,5.013970549998750161e-21,0.000000000000000000e+00,1.602721369999600096e-14,0.000000000000000000e+00,0.000000000000000000e+00,3.656204279999088617e-15,0.000000000000000000e+00,0.000000000000000000e+00,0.000000000000000000e+00,6.596869019998355171e-14,9.999999999997506439e-01,0.000000000000000000e+00,0.000000000000000000e+00,0.000000000000000000e+00,0.000000000000000000e+00,0.000000000000000000e+00,4.467892289998885530e-17,7.523011139998124420e-16,0.000000000000000000e+00,1.729908679999568633e-14,0.000000000000000000e+00,0.000000000000000000e+00,0.000000000000000000e+00,2.502289319999375917e-16,1.022732399999745018e-16,5.134652299998719004e-18,3.784858799999056476e-16,0.000000000000000000e+00,0.000000000000000000e+00,6.718596989998324365e-16,0.000000000000000000e+00,1.032112739999742663e-35,0.000000000000000000e+00,0.000000000000000000e+00,0.000000000000000000e+00,1.965054519999509946e-14,1.300566099999675839e-15,4.397685219998902958e-14,2.101491289999476019e-16,0.000000000000000000e+00,0.000000000000000000e+00,4.956396169998764233e-19,3.762819609999061597e-16,8.380856869997910358e-23,2.213854929999448124e-14,0.000000000000000000e+00,0.000000000000000000e+00,0.000000000000000000e+00,0.000000000000000000e+00,5.197548769998703550e-14
8.625000000000000722e-03,2.505145919999999915e+00,0.000000000000000000e+00,3.000000000000000000e+02,6.516985520000000420e-01,9.999999999998845368e-01,4.322092641010711771e-15,2.731043090107153478e-15,0.000000000000000000e+00,-4.320609600000024102e+02,3.078725559999232681e-15,1.571638679999608208e-15,0.000000000000000000e+00,5.013875769998749781e-21,0.000000000000000000e+00,1.602668369999600487e-14,0.000000000000000000e+00,0.000000000000000000e+00,3.656204459999088585e-15,0.000000000000000000e+00,0.000000000000000000e+00,0.000000000000000000e+00,6.596449849998355224e-14,9.999999999997506439e-01,0.000000000000000000e+00,0.000000000000000000e+00,0.000000000000000000e+00,0.000000000000000000e+00,0.000000000000000000e+00,4.467820069998885566e-17,7.523018579998124856e-16,0.000000000000000000e+00,1.729908699999568629e-14,0.000000000000000000e+00,0.000000000000000000e+00,0.000000000000000000e+00,2.568942239999359820e-16,1.022732409999744967e-16,5.134652289998719116e-18,3.784858799999056476e-16,0.000000000000000000e+00,0.000000000000000000e+00,6.718596989998324365e-16,0.000000000000000000e+00,1.032109719999742538e-35,0.000000000000000000e+00,0.000000000000000000e+00,0.000000000000000000e+00,1.965054519999509946e-14,1.300566369999675791e-15,4.397684669998903373e-14,2.101173499999476239e-16,0.000000000000000000e+00,0.000000000000000000e+00,4.956396169998764233e-19,3.762820259999061973e-16,8.402718679997906121e-23,2.213855109999448092e-14,0.000000000000000000e+00,0.000000000000000000e+00,0.000000000000000000e+00,0.000000000000000000e+00,5.197548769998703550e-14
8.812499999999999153e-03,2.424134490000000142e+00,0.000000000000000000e+00,3.000000000000000000e+02,6.516985520000000420e-01,9.999999999998845368e-01,4.322194321604264753e-15,2.730250332023379787e-15,0.000000000000000000e+00,-4.413525866666670368e+02,3.079621479999232306e-15,1.571182469999608303e-15,0.000000000000000000e+00,5.013777889998750102e-21,0.000000000000000000e+00,1.602614089999600478e-14,0.000000000000000000e+00,0.000000000000000000e+00,3.656204649999088551e-15,0.000000000000000000e+00,0.000000000000000000e+00,0.000000000000000000e+00,6.596041949998354825e-14,9.999999999997506439e-01,0.000000000000000000e+00,0.000000000000000000e+00,0.000000000000000000e+00,0.000000000000000000e+00,0.000000000000000000e+00,4.467745439998885345e-17,7.523026259998125051e-16,0.000000000000000000e+00,1.729908729999568624e-14,0.000000000000000000e+00,0.000000000000000000e+00,0.000000000000000000e+00,2.637810699999342518e-16,1.022732419999745039e-16,5.134652299998719004e-18,3.784858799999056476e-16,0.000000000000000000e+00,0.000000000000000000e+00,6.718596999998324560e-16,0.000000000000000000e+00,1.032106599999742588e-35,0.000000000000000000e+00,0.000000000000000000e+00,0.000000000000000000e+00,1.965054509999509948e-14,1.300566649999675937e-15,4.397684109998903474e-14,2.100845129999476294e-16,0.000000000000000000e+00,0.000000000000000000e+00,4.956396169998764233e-19,3.762820929999061753e-16,8.425313699997899236e-23,2.213855289999448059e-14,0.000000000000000000e+00,0.000000000000000000e+00,0.000000000000000000e+00,0.000000000000000000e+00,5.197548769998703550e-14
8.999999999999999320e-03,2.341380879999999998e+00,0.000000000000000000e+00,3.000000000000000000e+02,6.516985520000000420e-01,9.999999999998845368e-01,4.322323523637457900e-15,2.729429092965982134e-15,1.121935509647659161e-23,-4.506442133333333118e+02,3.080640899999231785e-15,1.570709869999608391e-15,0.000000000000000000e+00,5.013676599998750143e-21,0.000000000000000000e+00,1.602558409999600405e-14,0.000000000000000000e+00,0.000000000000000000e+00,3.656204849999088515e-15,0.000000000000000000e+00,0.000000000000000000e+00,0.000000000000000000e+00,6.595642809998355374e-14,9.999999999997506439e-01,0.000000000000000000e+00,0.000000000000000000e+00,0.000000000000000000e+00,0.000000000000000000e+00,0.000000000000000000e+00,4.467668159998885109e-17,7.523034209998124605e-16,0.000000000000000000e+00,1.729908749999568620e-14,0.000000000000000000e+00,0.000000000000000000e+00,0.000000000000000000e+00,2.709104709999324363e-16,1.022732439999744936e-16,5.134652309998719661e-18,3.784858799999056476e-16,0.000000000000000000e+00,0.000000000000000000e+00,6.718596999998324560e-16,0.000000000000000000e+00,1.032103379999742547e-35,0.000000000000000000e+00,0.000000000000000000e+00,0.000000000000000000e+00,1.965054499999509950e-14,1.300566939999675885e-15,4.397683529998902947e-14,2.100505179999476115e-16,0.000000000000000000e+00,0.000000000000000000e+00,4.956396169998764233e-19,3.762821619999061925e-16,8.448710399997893590e-23,2.213855489999448023e-14,0.000000000000000000e+00,0.000000000000000000e+00,0.000000000000000000e+00,0.000000000000000000e+00,5.197548769998703550e-14
9.187499999999999487e-03,2.256885089999999927e+00,0.000000000000000000e+00,3.000000000000000000e+02,6.516985520000000420e-01,9.999999999998840927e-01,4.322615781992350248e-15,2.728576523099856233e-15,0.000000000000000000e+00,-4.599358399999995868e+02,3.082331549999231504e-15,1.570219239999608569e-15,0.000000000000000000e+00,5.013571579998750393e-21,0.000000000000000000e+00,1.602501189999600610e-14,0.000000000000000000e+00,0.000000000000000000e+00,3.656205049999088479e-15,0.000000000000000000e+00,0.000000000000000000e+00,0.000000000000000000e+00,6.595249959998355737e-14,9.999999999997506439e-01,0.000000000000000000e+00,0.000000000000000000e+00,0.000000000000000000e+00,0.000000000000000000e+00,0.000000000000000000e+00,4.467587989998885096e-17,7.523042469998124301e-16,0.000000000000000000e+00,1.729908779999568615e-14,0.000000000000000000e+00,0.000000000000000000e+00,0.000000000000000000e+00,2.783062979999305962e-16,1.022732449999745009e-16,5.134652329998719436e-18,3.784858799999056476e-16,0.000000000000000000e+00,0.000000000000000000e+00,6.718597009998324756e-16,0.000000000000000000e+00,1.032100019999742591e-35,0.000000000000000000e+00,0.000000000000000000e+00,0.000000000000000000e+00,1.965054489999509952e-14,1.300567239999675831e-15,4.397682919998903372e-14,2.100152509999476354e-16,0.000000000000000000e+00,0.000000000000000000e+00,4.956396169998764233e-19,3.762822339999061697e-16,8.472986709997887573e-23,2.213855689999447987e-14,0.000000000000000000e+00,0.000000000000000000e+00,0.000000000000000000e+00,0.000000000000000000e+00,5.197548769998703550e-14
9.374999999999999653e-03,2.170647119999999930e+00,0.000000000000000000e+00,3.000000000000000000e+02,6.516985520000000420e-01,9.999999999998840927e-01,4.323971145557599747e-15,2.727689425048841593e-15,2.804838774119147902e-24,-4.692274666666658618e+02,3.088323769999230241e-15,1.569708739999608578e-15,0.000000000000000000e+00,5.013462459998750430e-21,0.000000000000000000e+00,1.602442279999600487e-14,0.000000000000000000e+00,0.000000000000000000e+00,3.656205269999088439e-15,0.000000000000000000e+00,0.000000000000000000e+00,0.000000000000000000e+00,6.594860949998355408e-14,9.999999999997506439e-01,0.000000000000000000e+00,0.000000000000000000e+00,0.000000000000000000e+00,0.000000000000000000e+00,0.000000000000000000e+00,4.467504619998885414e-17,7.523051049998124334e-16,0.000000000000000000e+00,1.729908809999568610e-14,0.000000000000000000e+00,0.000000000000000000e+00,0.000000000000000000e+00,2.859958509999286973e-16,1.022732459999744958e-16,5.134652359998719098e-18,3.784858809999056178e-16,0.000000000000000000e+00,0.000000000000000000e+00,6.718597009998324756e-16,0.000000000000000000e+00,1.032096539999742632e-35,0.000000000000000000e+00,0.000000000000000000e+00,0.000000000000000000e+00,1.965054479999509953e-14,1.300567549999675973e-15,4.397682289998903170e-14,2.099785819999476503e-16,0.000000000000000000e+00,0.000000000000000000e+00,4.956396169998764233e-19,3.762823079999061859e-16,8.498231859997881315e-23,2.213855889999448267e-14,0.000000000000000000e+00,0.000000000000000000e+00,0.000000000000000000e+00,0.000000000000000000e+00,5.197548769998703550e-14
9.562499999999999820e-03,2.082666970000000006e+00,0.000000000000000000e+00,3.000000000000000000e+02,6.516985520000000420e-01,9.999999999998843148e-01,4.332179154907031436e-15,2.726764323402825045e-15,0.000000000000000000e+00,-4.785190933333332737e+02,3.121962419999221698e-15,1.569176369999608777e-15,0.000000000000000000e+00,5.013348889998749898e-21,0.000000000000000000e+00,1.602381519999600383e-14,0.000000000000000000e+00,0.000000000000000000e+00,3.656205489999088400e-15,0.000000000000000000e+00,0.000000000000000000e+00,0.000000000000000000e+00,6.594473309998355780e-14,9.999999999997506439e-01,0.000000000000000000e+00,0.000000000000000000e+00,0.000000000000000000e+00,0.000000000000000000e+00,0.000000000000000000e+00,4.467417719998885159e-17,7.523059989998124500e-16,0.000000000000000000e+00,1.729908829999568606e-14,0.000000000000000000e+00,0.000000000000000000e+00,0.000000000000000000e+00,2.940105709999266701e-16,1.022732469999745030e-16,5.134652389998719530e-18,3.784858809999056178e-16,0.000000000000000000e+00,0.000000000000000000e+00,6.718597019998324951e-16,0.000000000000000000e+00,1.032092909999742603e-35,0.000000000000000000e+00,0.000000000000000000e+00,0.000000000000000000e+00,1.965054479999509953e-14,1.300567879999675913e-15,4.397681639998902972e-14,2.099403609999476341e-16,0.000000000000000000e+00,0.000000000000000000e+00,4.956396169998764233e-19,3.762823859999061818e-16,8.524548749997875507e-23,2.213856109999448227e-14,0.000000000000000000e+00,0.000000000000000000e+00,0.000000000000000000e+00,0.000000000000000000e+00,5.197548769998703550e-14
9.749999999999999986e-03,1.992944639999999934e+00,0.000000000000000000e+00,3.000000000000000000e+02,6.516985520000000420e-01,9.999999999998843148e-01,4.383175072929202713e-15,2.725798159792691075e-15,8.484637291710422542e-23,-4.878107733333325768e+02,3.328140359999169738e-15,1.568620369999608695e-15,0.000000000000000000e+00,5.013232069998749593e-21,0.000000000000000000e+00,1.602318699999600333e-14,0.000000000000000000e+00,0.000000000000000000e+00,3.656205719999087569e-15,0.000000000000000000e+00,0.000000000000000000e+00,0.000000000000000000e+00,6.594084479998353526e-14,9.999999999997504219e-01,0.000000000000000000e+00,0.000000000000000000e+00,0.000000000000000000e+00,0.000000000000000000e+00,0.000000000000000000e+00,4.467326899998885339e-17,7.523069339998122816e-16,0.000000000000000000e+00,1.729908859999568285e-14,0.000000000000000000e+00,0.000000000000000000e+00,0.000000000000000000e+00,3.023869309999245153e-16,1.022732489999744804e-16,5.134652439998718966e-18,3.784858809999055192e-16,0.000000000000000000e+00,0.000000000000000000e+00,6.718597019998323965e-16,0.000000000000000000e+00,1.032089149999742413e-35,0.000000000000000000e+00,0.000000000000000000e+00,0.000000000000000000e+00,1.965054469999509640e-14,1.300568219999675458e-15,4.397680949998902780e-14,2.099004129999476182e-16,0.000000000000000000e+00,0.000000000000000000e+00,4.956396169998762307e-19,3.762824669999060883e-16,8.552056829997865724e-23,2.213856339999447555e-14,0.000000000000000000e+00,0.000000000000000000e+00,0.000000000000000000e+00,0.000000000000000000e+00,5.197548769998702919e-14
9.937500000000000153e-03,1.901480119999999996e+00,0.000000000000000000e+00,3.000000000000000000e+02,6.516985520000000420e-01,9.999999999998855360e-01,4.691648428621052905e-15,2.724791768259917524e-15,2.609201269624337101e-21,-4.971023466666658237e+02,4.572487829998854447e-15,1.568041219999607061e-15,0.000000000000000000e+00,5.013141389998744158e-21,0.000000000000000000e+00,1.602253589999598172e-14,0.000000000000000000e+00,0.000000000000000000e+00,3.656205959999083582e-15,0.000000000000000000e+00,0.000000000000000000e+00,0.000000000000000000e+00,6.593691849998346907e-14,9.999999999997493116e-01,0.000000000000000000e+00,0.000000000000000000e+00,0.000000000000000000e+00,0.000000000000000000e+00,0.000000000000000000e+00,4.467231689998879850e-17,7.523079139998114149e-16,0.000000000000000000e+00,1.729908889999566386e-14,0.000000000000000000e+00,0.000000000000000000e+00,0.000000000000000000e+00,3.111673099999220279e-16,1.022732499999743767e-16,5.134652489998712240e-18,3.784858809999051248e-16,0.000000000000000000e+00,0.000000000000000000e+00,6.718597029998316272e-16,0.000000000000000000e+00,1.032085389999741289e-35,0.000000000000000000e+00,0.000000000000000000e+00,0.000000000000000000e+00,1.965054459999507433e-14,1.300568579999674209e-15,4.397680239998897544e-14,2.098585369999473971e-16,0.000000000000000000e+00,0.000000000000000000e+00,4.956396169998757492e-19,3.762825519999056786e-16,8.580894819997849402e-23,2.213856569999444989e-14,0.000000000000000000e+00,0.000000000000000000e+00,0.000000000000000000e+00,0.000000000000000000e+00,5.197548769998696608e-14
1.012500000000000032e-02,1.808273430000000070e+00,0.000000000000000000e+00,3.000000000000000000e+02,6.516985520000000420e-01,9.999999999998923084e-01,6.489137113721347286e-15,2.723763915686288471e-15,5.036368502808342387e-20,-5.040711466666674028e+02,1.182056739999695103e-14,1.567449719999595621e-15,0.000000000000000000e+00,5.013576499998707314e-21,0.000000000000000000e+00,1.602185989999586677e-14,0.000000000000000000e+00,0.000000000000000000e+00,3.656206219999056714e-15,0.000000000000000000e+00,0.000000000000000000e+00,0.000000000000000000e+00,6.593292829998298209e-14,9.999999999997419842e-01,0.000000000000000000e+00,0.000000000000000000e+00,0.000000000000000000e+00,0.000000000000000000e+00,0.000000000000000000e+00,4.467131639998846957e-17,7.523089439998059047e-16,0.000000000000000000e+00,1.729908929999553442e-14,0.000000000000000000e+00,0.000000000000000000e+00,0.000000000000000000e+00,3.203947469999173066e-16,1.022732519999736146e-16,5.134652539998674698e-18,3.784858809999023145e-16,0.000000000000000000e+00,0.000000000000000000e+00,6.718597029998266968e-16,0.000000000000000000e+00,1.032082149999733585e-35,0.000000000000000000e+00,0.000000000000000000e+00,0.000000000000000000e+00,1.965054449999492919e-14,1.300568949999664479e-15,4.397679479998865495e-14,2.098145279999458740e-16,0.000000000000000000e+00,0.000000000000000000e+00,4.956396169998720899e-19,3.762826409999029311e-16,8.611201989997778700e-23,2.213856819999428851e-14,0.000000000000000000e+00,0.000000000000000000e+00,0.000000000000000000e+00,0.000000000000000000e+00,5.197548769998658743e-14
1.021875000000000040e-02,1.761016759999999959e+00,0.000000000000000000e+00,3.000000000000000000e+02,6.516985520000000420e-01,9.999999999999071854e-01,1.048319258713515951e-14,2.723276141033085786e-15,5.430167866694670638e-19,-5.087169066666651815e+02,2.792490819999234719e-14,1.567169019999570822e-15,0.000000000000000000e+00,5.016978659998625605e-21,0.000000000000000000e+00,1.602151459999561024e-14,0.000000000000000000e+00,0.000000000000000000e+00,3.656206349998998315e-15,0.000000000000000000e+00,0.000000000000000000e+00,0.000000000000000000e+00,6.593091119998194108e-14,9.999999999997259970e-01,0.000000000000000000e+00,0.000000000000000000e+00,0.000000000000000000e+00,0.000000000000000000e+00,0.000000000000000000e+00,4.467080229998775404e-17,7.523094729997939568e-16,0.000000000000000000e+00,1.729908949999525986e-14,0.000000000000000000e+00,0.000000000000000000e+00,0.000000000000000000e+00,3.251366459999109340e-16,1.022732519999719752e-16,5.134652569998592700e-18,3.784858809998962994e-16,0.000000000000000000e+00,0.000000000000000000e+00,6.718597039998158695e-16,0.000000000000000000e+00,1.032081539999717243e-35,0.000000000000000000e+00,0.000000000000000000e+00,0.000000000000000000e+00,1.965054439999461682e-14,1.300569149999643736e-15,4.397679099998795513e-14,2.097919109999425109e-16,0.000000000000000000e+00,0.000000000000000000e+00,4.956396169998641936e-19,3.762826869998969275e-16,8.626778299997635633e-23,2.213856959999393485e-14,0.000000000000000000e+00,0.000000000000000000e+00,0.000000000000000000e+00,0.000000000000000000e+00,5.197548769998575439e-14
1.031250000000000049e-02,1.713324550000000057e+00,0.000000000000000000e+00,3.000000000000000000e+02,6.516985520000000420e-01,9.999999999999560352e-01,2.340858658824801747e-14,2.722864770883210407e-15,4.398435972022683399e-19,-5.133627733333336209e+02,8.004041229997389549e-14,1.566932289999489001e-15,0.000000000000000000e+00,5.045754209998354293e-21,0.000000000000000000e+00,1.602116219999477438e-14,0.000000000000000000e+00,0.000000000000000000e+00,3.656206479998807387e-15,0.000000000000000000e+00,0.000000000000000000e+00,0.000000000000000000e+00,6.592886889997849384e-14,9.999999999996738165e-01,0.000000000000000000e+00,0.000000000000000000e+00,0.000000000000000000e+00,0.000000000000000000e+00,0.000000000000000000e+00,4.467027379998542591e-17,7.523100169997545933e-16,0.000000000000000000e+00,1.729908959999435738e-14,0.000000000000000000e+00,0.000000000000000000e+00,0.000000000000000000e+00,3.300113099998923925e-16,1.022732529999666453e-16,5.134652609998324930e-18,3.784858809998765286e-16,0.000000000000000000e+00,0.000000000000000000e+00,6.718597039997808638e-16,0.000000000000000000e+00,1.032083179999663341e-35,0.000000000000000000e+00,0.000000000000000000e+00,0.000000000000000000e+00,1.965054439999359130e-14,1.300569339999575859e-15,4.397678699998565237e-14,2.097686609999315606e-16,0.000000000000000000e+00,0.000000000000000000e+00,4.956396169998382899e-19,3.762827339998772862e-16,8.642791379997182065e-23,2.213857189999277639e-14,0.000000000000000000e+00,0.000000000000000000e+00,0.000000000000000000e+00,0.000000000000000000e+00,5.197548769998304702e-14
1.040625000000000057e-02,1.665196789999999982e+00,0.000000000000000000e+00,3.000000000000000000e+02,6.516985520000000420e-01,1.000000000000000000e+00,6.445478965158136945e-14,2.722659293901577926e-15,0.000000000000000000e+00,-5.180085333333338440e+02,2.455390239998792408e-13,1.566814049999229651e-15,0.000000000000000000e+00,5.279791659997403772e-21,0.000000000000000000e+00,1.602080369999212209e-14,0.000000000000000000e+00,0.000000000000000000e+00,3.656206619998201517e-15,0.000000000000000000e+00,0.000000000000000000e+00,0.000000000000000000e+00,6.592679769996757026e-14,9.999999999995081712e-01,0.000000000000000000e+00,0.000000000000000000e+00,0.000000000000000000e+00,0.000000000000000000e+00,0.000000000000000000e+00,4.466972989997802670e-17,7.523105769996300497e-16,0.000000000000000000e+00,1.729908979999149220e-14,0.000000000000000000e+00,0.000000000000000000e+00,0.000000000000000000e+00,3.350277709998352463e-16,1.022732539999497044e-16,5.134652639997474102e-18,3.784858809998138142e-16,0.000000000000000000e+00,0.000000000000000000e+00,6.718597049996695553e-16,0.000000000000000000e+00,1.032090329999492363e-35,0.000000000000000000e+00,0.000000000000000000e+00,0.000000000000000000e+00,1.965054429999033490e-14,1.300569549999360463e-15,4.397678289997837350e-14,2.097447339998968297e-16,0.000000000000000000e+00,0.000000000000000000e+00,4.956396169997562453e-19,3.762827819998149181e-16,8.659270859995741300e-23,2.213858079998911132e-14,0.000000000000000000e+00,0.000000000000000000e+00,0.000000000000000000e+00,0.000000000000000000e+00,5.197548769997443266e-14
1.050000000000000065e-02,1.616633489999999895e+00,0.000000000000000000e+00,3.000000000000000000e+02,6.516985520000000420e-01,1.000000000000000000e+00,1.922939849448173897e-13,2.722964453198720099e-15,0.000000000000000000e+00,-5.226543999999976222e+02,7.609869749992334466e-13,1.566989679998421397e-15,0.000000000000000000e+00,7.132997299992813647e-21,0.000000000000000000e+00,1.602045119998385834e-14,0.000000000000000000e+00,0.000000000000000000e+00,3.656206769996316901e-15,0.000000000000000000e+00,0.000000000000000000e+00,0.000000000000000000e+00,6.592469409993357990e-14,9.999999999989925836e-01,0.000000000000000000e+00,0.000000000000000000e+00,0.000000000000000000e+00,0.000000000000000000e+00,0.000000000000000000e+00,4.466916959995499201e-17,7.523111529992421420e-16,0.000000000000000000e+00,1.729908999998257173e-14,0.000000000000000000e+00,0.000000000000000000e+00,0.000000000000000000e+00,3.401959969996572961e-16,1.022732549998969688e-16,5.134652679994826652e-18,3.784858809996186697e-16,0.000000000000000000e+00,0.000000000000000000e+00,6.718597059993231663e-16,0.000000000000000000e+00,1.032110749998960269e-35,0.000000000000000000e+00,0.000000000000000000e+00,0.000000000000000000e+00,1.965054429998020277e-14,1.300569759998689893e-15,4.397677859995569610e-14,2.097200819997887420e-16,0.000000000000000000e+00,0.000000000000000000e+00,4.956396169995006744e-19,3.762828319996208987e-16,8.676249509991259752e-23,2.213864229997769647e-14,0.000000000000000000e+00,0.000000000000000000e+00,0.000000000000000000e+00,0.000000000000000000e+00,5.197548769994763664e-14
1.059375000000000074e-02,1.567634640000000079e+00,0.000000000000000000e+00,3.000000000000000000e+02,6.516985520000000420e-01,1.000000000000000000e+00,5.825684940997412420e-13,2.724482513034271026e-15,0.000000000000000000e+00,-5.273001600000001190e+02,2.334574019993974138e-12,1.567863339995953529e-15,0.000000000000000000e+00,2.143026749994468698e-20,0.000000000000000000e+00,1.602020089995865039e-14,0.000000000000000000e+00,0.000000000000000000e+00,3.656206919990562922e-15,0.000000000000000000e+00,0.000000000000000000e+00,0.000000000000000000e+00,6.592255609982984781e-14,9.999999999974189535e-01,0.000000000000000000e+00,0.000000000000000000e+00,0.000000000000000000e+00,0.000000000000000000e+00,0.000000000000000000e+00,4.466859169988470698e-17,7.523117479980582504e-16,0.000000000000000000e+00,1.729909019995534968e-14,0.000000000000000000e+00,0.000000000000000000e+00,0.000000000000000000e+00,3.455270259991082213e-16,1.022732559997360238e-16,5.134652739986747085e-18,3.784858809990230797e-16,0.000000000000000000e+00,0.000000000000000000e+00,6.718597069982659151e-16,0.000000000000000000e+00,1.032162919997335881e-35,0.000000000000000000e+00,0.000000000000000000e+00,0.000000000000000000e+00,1.965054419994928260e-14,1.300569969996643353e-15,4.397677429988649484e-14,2.096946539994587593e-16,0.000000000000000000e+00,0.000000000000000000e+00,4.956396169987206727e-19,3.762828829990288198e-16,8.693763769977560788e-23,2.213911059994285810e-14,0.000000000000000000e+00,0.000000000000000000e+00,0.000000000000000000e+00,0.000000000000000000e+00,5.197548769986584754e-14
1.068750000000000082e-02,1.518200250000000029e+00,0.000000000000000000e+00,3.000000000000000000e+02,6.516985520000000420e-01,1.000000000000000000e+00,1.749737319054842149e-12,2.728799496878031868e-15,0.000000000000000000e+00,-5.319460266666760617e+02,7.040598209948694573e-12,1.570347819988556947e-15,0.000000000000000000e+00,1.288190929990612673e-19,0.000000000000000000e+00,1.602077309988325533e-14,0.000000000000000000e+00,0.000000000000000000e+00,3.656207069973357050e-15,0.000000000000000000e+00,0.000000000000000000e+00,0.000000000000000000e+00,6.592038569951964195e-14,9.999999999927129402e-01,0.000000000000000000e+00,0.000000000000000000e+00,0.000000000000000000e+00,0.000000000000000000e+00,0.000000000000000000e+00,4.466799479967449624e-17,7.523123629945178306e-16,0.000000000000000000e+00,1.729909059987393916e-14,0.000000000000000000e+00,0.000000000000000000e+00,0.000000000000000000e+00,3.510331299974420545e-16,1.022732569992547272e-16,5.134652999962583748e-18,3.784858819972419499e-16,0.000000000000000000e+00,0.000000000000000000e+00,6.718597119951041596e-16,0.000000000000000000e+00,1.032293459992477685e-35,0.000000000000000000e+00,0.000000000000000000e+00,0.000000000000000000e+00,1.965054419985680601e-14,1.300570189990522739e-15,4.397676979967953957e-14,2.096683899984721313e-16,0.000000000000000000e+00,0.000000000000000000e+00,4.956396169963881790e-19,3.762829359972580246e-16,8.711855509936516583e-23,2.214263999983864523e-14,0.000000000000000000e+00,0.000000000000000000e+00,0.000000000000000000e+00,0.000000000000000000e+00,5.197548779962125331e-14
1.078124999999999917e-02,1.468330310000000027e+00,0.000000000000000000e+00,3.000000000000000000e+02,6.516985520000000420e-01,1.000000000000000000e+00,5.167047541680370153e-12,2.739425057396595843e-15,0.000000000000000000e+00,-5.365917866666662803e+02,2.081918709956143414e-11,1.576463049966791150e-15,0.000000000000000000e+00,9.133791489807591421e-19,0.000000000000000000e+00,1.602739469966237487e-14,0.000000000000000000e+00,0.000000000000000000e+00,3.656207229922979575e-15,0.000000000000000000e+00,0.000000000000000000e+00,0.000000000000000000e+00,6.591819369861139505e-14,9.999999999789344063e-01,0.000000000000000000e+00,0.000000000000000000e+00,0.000000000000000000e+00,0.000000000000000000e+00,0.000000000000000000e+00,4.466737749905905330e-17,7.523129999841521230e-16,0.000000000000000000e+00,1.729909219963558298e-14,0.000000000000000000e+00,0.000000000000000000e+00,0.000000000000000000e+00,3.567280869924853305e-16,1.022732579978455577e-16,5.134655519891835192e-18,3.784858819920269877e-16,0.000000000000000000e+00,0.000000000000000000e+00,6.718597359858468529e-16,0.000000000000000000e+00,1.032641089978246690e-35,0.000000000000000000e+00,0.000000000000000000e+00,0.000000000000000000e+00,1.965054409958605004e-14,1.300570419972602736e-15,4.397676519907360687e-14,2.096412249955837762e-16,0.000000000000000000e+00,0.000000000000000000e+00,4.956396199895590094e-19,3.762829929920733641e-16,8.730581379816085442e-23,2.216857179953300707e-14,0.000000000000000000e+00,0.000000000000000000e+00,0.000000000000000000e+00,0.000000000000000000e+00,5.197548779890510644e-14
1.087499999999999925e-02,1.418024830000000014e+00,0.000000000000000000e+00,3.000000000000000000e+02,6.516985520000000420e-01,1.000000000000000000e+00,1.495606098099813961e-11,2.763966820434277795e-15,0.000000000000000000e+00,-5.412376533333324460e+02,6.028844499635043390e-11,1.590587629903713718e-15,0.000000000000000000e+00,6.482697889607567977e-18,0.000000000000000000e+00,1.607686729902678404e-14,0.000000000000000000e+00,0.000000000000000000e+00,3.656207389778670854e-15,0.000000000000000000e+00,0.000000000000000000e+00,0.000000000000000000e+00,6.591601399600976135e-14,9.999999999394648675e-01,0.000000000000000000e+00,0.000000000000000000e+00,0.000000000000000000e+00,0.000000000000000000e+00,0.000000000000000000e+00,4.466673859729608590e-17,7.523136799544585859e-16,0.000000000000000000e+00,1.729910519895279628e-14,0.000000000000000000e+00,0.000000000000000000e+00,0.000000000000000000e+00,3.626281089780482818e-16,1.022732589938088774e-16,5.134681629689171058e-18,3.784858819770883287e-16,0.000000000000000000e+00,0.000000000000000000e+00,6.718598529593289175e-16,0.000000000000000000e+00,1.033757159937421330e-35,0.000000000000000000e+00,0.000000000000000000e+00,0.000000000000000000e+00,1.965054399881045148e-14,1.300570629921269744e-15,4.397676039733786131e-14,2.096130869873110436e-16,0.000000000000000000e+00,0.000000000000000000e+00,4.956396459699964103e-19,3.762830619772216449e-16,8.750077739470312874e-23,2.235375289864681353e-14,0.000000000000000000e+00,0.000000000000000000e+00,0.000000000000000000e+00,0.000000000000000000e+00,5.197548779685365788e-14
1.096874999999999933e-02,1.367283800000000049e+00,0.000000000000000000e+00,3.000000000000000000e+02,6.516985509999999593e-01,1.000000000000000000e+00,4.237176795164210147e-11,2.818568088211649876e-15,0.000000000000000000e+00,-5.458834133333325553e+02,1.708282589707752982e-10,1.622013279722511771e-15,0.000000000000000000e+00,4.485368659232658403e-17,0.000000000000000000e+00,1.642047589719084471e-14,0.000000000000000000e+00,0.000000000000000000e+00,3.656207559374508983e-15,0.000000000000000000e+00,0.000000000000000000e+00,0.000000000000000000e+00,6.591393868872366346e-14,9.999999998289235137e-01,6.192665808940580730e-17,0.000000000000000000e+00,0.000000000000000000e+00,0.000000000000000000e+00,0.000000000000000000e+00,4.466607969235868419e-17,7.523145618712966513e-16,0.000000000000000000e+00,1.729921459704051148e-14,0.000000000000000000e+00,0.000000000000000000e+00,0.000000000000000000e+00,3.687587039369140710e-16,1.022732599825034601e-16,5.134947289121530485e-18,3.784858859352499362e-16,0.000000000000000000e+00,0.000000000000000000e+00,6.718604188850605393e-16,0.000000000000000000e+00,1.038524639822332917e-35,0.000000000000000000e+00,0.000000000000000000e+00,0.000000000000000000e+00,1.965054399663825356e-14,1.300570819777503162e-15,4.397675549247660784e-14,2.095838929641451081e-16,0.000000000000000000e+00,0.000000000000000000e+00,4.956398719152076460e-19,3.762832299356268132e-16,8.771013868499485997e-23,2.363724019595622234e-14,0.000000000000000000e+00,0.000000000000000000e+00,0.000000000000000000e+00,0.000000000000000000e+00,5.197548779110821983e-14
1.106249999999999942e-02,1.316107230000000072e+00,0.000000000000000000e+00,3.000000000000000000e+02,6.516985499999999876e-01,1.000000000000000000e+00,1.173875840135825084e-10,2.936740668777809859e-15,0.000000000000000000e+00,-5.505291733333327784e+02,4.732898807758735039e-10,1.690029639199686646e-15,0.000000000000000000e+00,3.011319348573989660e-16,0.000000000000000000e+00,1.872019339113505052e-14,0.000000000000000000e+00,0.000000000000000000e+00,3.656207718268602485e-15,0.000000000000000000e+00,0.000000000000000000e+00,0.000000000000000000e+00,6.591223696878726173e-14,9.999999995264499120e-01,6.852426886755033061e-16,0.000000000000000000e+00,0.000000000000000000e+00,0.000000000000000000e+00,0.000000000000000000e+00,4.466543067884867796e-17,7.523170556437401826e-16,0.000000000000000000e+00,1.730011859180752826e-14,0.000000000000000000e+00,0.000000000000000000e+00,0.000000000000000000e+00,3.752141978223172956e-16,1.022732639515684935e-16,5.137567447567104220e-18,3.784859228207679599e-16,0.000000000000000000e+00,0.000000000000000000e+00,6.718630836818392351e-16,0.000000000000000000e+00,1.064260379496019384e-35,0.000000000000000000e+00,0.000000000000000000e+00,0.000000000000000000e+00,1.965054389069448327e-14,1.300570899384114583e-15,4.397675117917480132e-14,2.095535519007659224e-16,0.000000000000000000e+00,0.000000000000000000e+00,4.956418007652887113e-19,3.762842228218105817e-16,8.797683215833857042e-23,3.226073138472292648e-14,0.000000000000000000e+00,0.000000000000000000e+00,0.000000000000000000e+00,0.000000000000000000e+00,5.197548777538700454e-14
1.115624999999999950e-02,1.264495120000000083e+00,0.000000000000000000e+00,3.000000000000000000e+02,6.516985459999999897e-01,1.000000000000000000e+00,3.177746836995904076e-10,3.186486981064186759e-15,0.000000000000000000e+00,-5.551749333333328877e+02,1.281236749639237181e-09,1.833781889483655084e-15,0.000000000000000000e+00,1.958329309448585575e-15,0.000000000000000000e+00,3.360883699053663150e-14,0.000000000000000000e+00,0.000000000000000000e+00,3.656207848970508018e-15,0.000000000000000000e+00,0.000000000000000000e+00,5.886735228342449194e-31,6.591186168144093905e-14,9.999999987184261530e-01,4.769711688656974214e-15,0.000000000000000000e+00,0.000000000000000000e+00,0.000000000000000000e+00,0.000000000000000000e+00,4.466506208742348043e-17,7.523332307881626152e-16,0.000000000000000000e+00,1.730734959512670286e-14,0.000000000000000000e+00,0.000000000000000000e+00,0.000000000000000000e+00,3.826723288922495074e-16,1.022732809712025259e-16,5.162544048546362372e-18,3.784862828934281475e-16,0.000000000000000000e+00,0.000000000000000000e+00,6.718752808108174143e-16,0.000000000000000000e+00,1.218588469656877344e-35,0.000000000000000000e+00,0.000000000000000000e+00,0.000000000000000000e+00,1.965054379446692026e-14,1.300570679633793241e-15,4.397675328761729448e-14,2.095219589410040984e-16,0.000000000000000000e+00,0.000000000000000000e+00,4.956576558604357038e-19,3.762919488940460417e-16,8.858398627505707361e-23,8.835440997512171090e-14,0.000000000000000000e+00,0.000000000000000000e+00,0.000000000000000000e+00,0.000000000000000000e+00,5.197548808536505679e-14
1.124999999999999958e-02,1.212447470000000083e+00,0.000000000000000000e+00,3.000000000000000000e+02,6.516985370000000222e-01,1.000000000000000000e+00,8.399357341985182574e-10,3.702577264702381718e-15,0.000000000000000000e+00,-5.598203733333325545e+02,3.386502958688330803e-09,2.130855739174671293e-15,0.000000000000000000e+00,1.231917719522850347e-14,0.000000000000000000e+00,1.267911669508909283e-13,0.000000000000000000e+00,0.000000000000000000e+00,3.656207788583868366e-15,0.000000000000000000e+00,0.000000000000000000e+00,2.259510219124840550e-30,6.591701657446885030e-14,9.999999966126773554e-01,3.064501308813049511e-14,0.000000000000000000e+00,0.000000000000000000e+00,0.000000000000000000e+00,0.000000000000000000e+00,4.466721138269937440e-17,7.524628697085542338e-16,0.000000000000000000e+00,1.736320829327483879e-14,0.000000000000000000e+00,0.000000000000000000e+00,0.000000000000000000e+00,3.966996988463492248e-16,1.022733739603872113e-16,5.392281537911447137e-18,3.784895908534024357e-16,0.000000000000000000e+00,0.000000000000000000e+00,6.719293707397465925e-16,0.000000000000000000e+00,1.571330089391388087e-35,0.000000000000000000e+00,0.000000000000000000e+00,0.000000000000000000e+00,1.965054399238889967e-14,1.300569599496260073e-15,4.397680868296679170e-14,2.094889989188601989e-16,0.000000000000000000e+00,0.000000000000000000e+00,4.957835168079718214e-19,3.763528388542300452e-16,9.135216856461725157e-23,4.411208668291438797e-13,0.000000000000000000e+00,0.000000000000000000e+00,0.000000000000000000e+00,0.000000000000000000e+00,5.197549107986871523e-14
1.134374999999999967e-02,1.159964310000000109e+00,0.000000000000000000e+00,3.000000000000000000e+02,6.516985130000000348e-01,1.000000000000000000e+00,2.166095364734542156e-09,4.745624394564613455e-15,0.000000000000000000e+00,-5.644656000000002223e+02,8.733051772298557879e-09,2.731296310718883325e-15,0.000000000000000000e+00,7.485572461970218826e-14,0.000000000000000000e+00,6.898028191815575139e-13,0.000000000000000000e+00,0.000000000000000000e+00,3.656206920962321228e-15,0.000000000000000000e+00,0.000000000000000000e+00,5.634096091482905823e-30,6.594904841735792509e-14,9.999999912632021593e-01,1.888841640497147276e-13,0.000000000000000000e+00,0.000000000000000000e+00,0.000000000000000000e+00,0.000000000000000000e+00,4.468957491176238380e-17,7.535005171983230457e-16,0.000000000000000000e+00,1.777924110467953428e-14,0.000000000000000000e+00,0.000000000000000000e+00,0.000000000000000000e+00,4.624260691217115742e-16,1.022738590269186913e-16,7.427922561955045636e-18,3.785189140996269830e-16,0.000000000000000000e+00,0.000000000000000000e+00,6.721616081769144104e-16,0.000000000000000000e+00,3.315347350872606531e-35,0.000000000000000000e+00,0.000000000000000000e+00,0.000000000000000000e+00,1.965054660517206516e-14,1.300566210342311834e-15,4.397729301157491878e-14,2.094545500551289041e-16,0.000000000000000000e+00,0.000000000000000000e+00,4.967466531307447186e-19,3.768183590991793965e-16,1.075715320283130469e-22,2.582831760679806853e-12,0.000000000000000000e+00,0.000000000000000000e+00,0.000000000000000000e+00,0.000000000000000000e+00,5.197551951368006475e-14
1.143749999999999975e-02,1.107045660000000042e+00,0.000000000000000000e+00,3.000000000000000000e+02,6.516984519999999836e-01,1.000000000000000000e+00,5.446076936058946250e-09,6.806856311189787042e-15,0.000000000000000000e+00,-5.691100800000010622e+02,2.195486480053262521e-08,3.917946410095049405e-15,0.000000000000000000e+00,4.386849580106424614e-13,0.000000000000000000e+00,3.968652480096279416e-12,0.000000000000000000e+00,0.000000000000000000e+00,3.656202580088699578e-15,0.000000000000000000e+00,0.000000000000000000e+00,1.230300790029847041e-29,6.612170760160410940e-14,9.999999780242598835e-01,1.121548760027208682e-12,1.641859700039831593e-14,0.000000000000000000e+00,0.000000000000000000e+00,0.000000000000000000e+00,4.486653900108846345e-17,7.615272520184746420e-16,0.000000000000000000e+00,2.076167400050367788e-14,0.000000000000000000e+00,0.000000000000000000e+00,0.000000000000000000e+00,9.326710980226264899e-16,1.022762850024812123e-16,2.477254980060097865e-17,3.787687880091889190e-16,0.000000000000000000e+00,0.000000000000000000e+00,6.731255880163300320e-16,0.000000000000000000e+00,1.825970270044297800e-34,0.000000000000000000e+00,0.000000000000000000e+00,0.000000000000000000e+00,1.965056410047672089e-14,1.300556700031551456e-15,4.398110160106697816e-14,2.094185320050804782e-16,0.000000000000000000e+00,0.000000000000000000e+00,5.038395310122231263e-19,3.802461840092247351e-16,2.044825550049607154e-22,1.511541760036669916e-11,0.000000000000000000e+00,0.000000000000000000e+00,0.000000000000000000e+00,0.000000000000000000e+00,5.197576520126092964e-14
1.153124999999999983e-02,1.053691589999999900e+00,0.000000000000000000e+00,3.000000000000000000e+02,6.516983079999999484e-01,1.000000000000000000e+00,1.333938893352133162e-08,1.078779820927535653e-14,0.000000000000000000e+00,-5.737526079999989861e+02,5.376343270640262976e-08,6.209905110739531913e-15,0.000000000000000000e+00,2.475426630294796183e-12,0.000000000000000000e+00,2.234234540266072719e-11,5.092521910606462822e-17,0.000000000000000000e+00,3.656183750435411280e-15,0.000000000000000000e+00,0.000000000000000000e+00,2.519865020300088171e-29,6.703812410798350354e-14,9.999999461190889338e-01,6.410456300763413808e-12,3.199402150381013413e-13,0.000000000000000000e+00,3.904522470464985619e-16,0.000000000000000000e+00,4.617686200549915523e-17,8.211859330977942392e-16,0.000000000000000000e+00,4.130253920491867570e-14,0.000000000000000000e+00,9.440011371124202406e-15,0.000000000000000000e+00,4.454163340530442668e-15,1.022879530121813711e-16,1.666062980198409566e-16,3.808121590453505338e-16,0.000000000000000000e+00,0.000000000000000000e+00,6.769882960806218933e-16,0.000000000000000000e+00,1.541793550183610581e-33,0.000000000000000000e+00,0.000000000000000000e+00,0.000000000000000000e+00,1.965066850234017772e-14,1.300531250154878861e-15,4.400967300524106774e-14,2.093812550249350138e-16,0.000000000000000000e+00,0.000000000000000000e+00,5.540144840659769625e-19,4.044941750481708339e-16,7.653296420911422468e-22,8.567804651020331328e-11,0.000000000000000000e+00,0.000000000000000000e+00,0.000000000000000000e+00,0.000000000000000000e+00,5.197779280618998599e-14
1.162499999999999992e-02,9.999022829999999473e-01,0.000000000000000000e+00,3.000000019999999950e+02,6.516979670000000446e-01,1.000000000000000000e+00,3.180712881308518622e-08,1.829759062806610263e-14,0.000000000000000000e+00,-5.783917759999984582e+02,1.281323120291758835e-07,1.053353170239849874e-14,0.000000000000000000e+00,1.342590070305709271e-11,0.000000000000000000e+00,1.212263530276033911e-10,4.323671890984505373e-16,0.000000000000000000e+00,3.656106840832499842e-15,0.000000000000000000e+00,0.000000000000000000e+00,4.383221050998065014e-29,7.180540481635017680e-14,9.999998712277011759e-01,3.521196090801780175e-11,2.369964680539643510e-12,1.242636830282949937e-20,4.490459041022483025e-15,0.000000000000000000e+00,5.544292751262441601e-17,1.246136250283746814e-15,0.000000000000000000e+00,1.769448560402905575e-13,0.000000000000000000e+00,1.100296020250538640e-13,0.000000000000000000e+00,3.002806980683742949e-14,1.023418230233033624e-16,1.277373850290859706e-15,3.968149030903552384e-16,0.000000000000000000e+00,0.000000000000000000e+00,6.919063871575479824e-16,7.887392681795968731e-16,1.418854910323074766e-32,0.000000000000000000e+00,0.000000000000000000e+00,0.000000000000000000e+00,1.965124780447461112e-14,1.300464490296117296e-15,4.421498341006780323e-14,2.093459130476683215e-16,0.000000000000000000e+00,0.000000000000000000e+00,8.942633632036248737e-19,5.689255011295450603e-16,3.872317760881731448e-21,4.672224841063871390e-10,0.000000000000000000e+00,3.629604940826465718e-20,0.000000000000000000e+00,0.000000000000000000e+00,5.199377541183904442e-14
1.171875000000000000e-02,9.456780540000000457e-01,0.000000000000000000e+00,3.000000089999999773e+02,6.516971860000000394e-01,1.000000000000000000e+00,7.379040985518605198e-08,3.212688287395029888e-14,0.000000000000000000e+00,-5.830237333333337801e+02,2.969282069176557517e-07,1.849394059487125159e-14,0.000000000000000000e+00,6.985430578062796708e-11,0.000000000000000000e+00,6.312839848249320667e-10,2.406068299332748292e-15,0.000000000000000000e+00,3.655806808986170479e-15,0.000000000000000000e+00,0.000000000000000000e+00,5.751961248404863787e-29,9.581178147342943115e-14,9.999996997226797690e-01,1.855184059485519446e-10,1.561392479566993781e-11,1.403930919610661147e-19,3.210319599109713260e-14,0.000000000000000000e+00,1.180665389672577370e-16,4.140271438851818733e-15,0.000000000000000000e+00,1.033862359713288848e-12,0.000000000000000000e+00,7.665794927874118414e-13,0.000000000000000000e+00,2.078686959423537905e-13,1.025803559715523814e-16,9.588959157340787430e-15,5.165595598567475303e-16,0.000000000000000000e+00,0.000000000000000000e+00,7.473413447927469976e-16,5.763156968401759234e-15,1.304171409638326635e-31,7.970770107789541936e-14,2.153299129402846260e-16,0.000000000000000000e+00,1.965429449454946350e-14,1.300289999639403075e-15,4.562565938734707739e-14,2.093356649419469688e-16,0.000000000000000000e+00,0.000000000000000000e+00,3.101159989139984946e-18,1.635447459546457088e-15,2.025799209438204501e-20,2.444460469322100961e-09,0.000000000000000000e+00,5.989378728339023019e-19,0.000000000000000000e+00,0.000000000000000000e+00,5.211406318554770735e-14
1.181250000000000008e-02,8.910195789999999505e-01,0.000000000000000000e+00,3.000000440000000026e+02,6.516954310000000472e-01,1.000000000000000000e+00,1.665163544580680268e-07,5.770275877935725657e-14,0.000000000000000000e+00,-5.876409813333326611e+02,6.684238918610000760e-07,3.278711989318186514e-14,2.479813189484318694e-17,3.479243999276485079e-10,1.551386749677386621e-20,3.147218659345530607e-09,1.217170309746887312e-14,3.030300559369844354e-15,3.654690999240001196e-15,0.000000000000000000e+00,0.000000000000000000e+00,1.066942969778127249e-28,2.119131769559323164e-13,9.999993147920485104e-01,9.355361978054537347e-10,9.725337057977600349e-11,9.564964658010948540e-19,2.094821089564378384e-13,0.000000000000000000e+00,5.217165948915082033e-16,2.293893519522981218e-14,0.000000000000000000e+00,6.200315778710633640e-12,0.000000000000000000e+00,4.855102718990373856e-12,1.603165479666619001e-16,1.387425499711482496e-12,1.035916999784579345e-16,6.886041458568036081e-14,1.370481389715006132e-15,0.000000000000000000e+00,0.000000000000000000e+00,9.451698538034504145e-16,3.073388959360883730e-14,1.158816339759022294e-30,4.801711009001475872e-13,2.709264479436603974e-15,0.000000000000000000e+00,1.966954899590968253e-14,1.299828589729698703e-15,5.486989828858971388e-14,2.095040079564332884e-16,0.000000000000000000e+00,2.074059019568696020e-15,1.675879319651497907e-17,8.235742128287365228e-15,1.020894419787703317e-19,1.224246319745415988e-08,0.000000000000000000e+00,5.146351968929807438e-18,0.000000000000000000e+00,0.000000000000000000e+00,5.297663508898342042e-14
1.190625000000000017e-02,8.359282369999999629e-01,0.000000000000000000e+00,3.000001930000000243e+02,6.516915300000000189e-01,1.000000000000000000e+00,3.656794500024326186e-07,1.063881771272899977e-13,0.000000000000000000e+00,-5.922274773333319899e+02,1.460249580574800027e-06,5.779430312274964788e-14,1.989057210782955424e-16,1.655081460651491924e-09,1.248182210491323793e-19,1.498556910589878967e-08,5.826139402293350937e-14,2.234846680879705717e-14,3.650758711437053337e-15,0.000000000000000000e+00,0.000000000000000000e+00,4.577648861801905674e-28,7.485409752946491827e-13,9.999984593936307453e-01,4.505107621773351687e-09,5.761333422267842138e-10,5.892917702319636671e-18,1.293324200509092900e-12,0.000000000000000000e+00,2.996433501179490055e-15,1.390734720547436784e-13,0.000000000000000000e+00,3.584770111411077577e-11,5.823151242292174684e-20,2.908024421144689700e-11,1.220194830480307164e-15,8.827273933474692419e-12,1.076892960423898886e-16,4.705320031852161238e-13,7.157350242817356958e-15,0.000000000000000000e+00,0.000000000000000000e+00,1.621781410638383952e-15,1.502810860591553648e-13,9.774345123847488750e-30,2.391448610941349267e-12,1.614598660635556449e-14,0.000000000000000000e+00,1.974229440777118550e-14,1.298579190511161592e-15,1.124827160442767124e-13,2.108041080829790990e-16,0.000000000000000000e+00,1.619543510637503231e-14,9.718479883825497955e-17,4.710304891854123474e-14,4.866390121915564041e-19,5.855552132304928815e-08,0.000000000000000000e+00,4.003828791576032062e-17,0.000000000000000000e+00,0.000000000000000000e+00,5.885406372316679396e-14
1.200000000000000025e-02,7.804069110000000364e-01,0.000000000000000000e+00,3.000008189999999786e+02,6.516828399999999855e-01,1.000000000000000000e+00,7.829921131456543437e-07,1.985069866711637712e-13,0.000000000000000000e+00,-5.967454613333327416e+02,3.092599129315441378e-06,1.003891109777784867e-13,7.857380928260738530e-16,7.500684538339694813e-09,4.995508198894225126e-19,6.797693678495303560e-08,2.651757119413023383e-13,1.094130339757810052e-13,3.637729549194775092e-15,0.000000000000000000e+00,0.000000000000000000e+00,3.716034549177441441e-27,3.110231939311538137e-12,9.999965407786469695e-01,2.066412169542591590e-08,3.241069669282576571e-09,3.409969239245190137e-17,7.573478888323581004e-12,0.000000000000000000e+00,1.738346209615210283e-14,8.193499328186338280e-13,0.000000000000000000e+00,1.972913599563288004e-10,1.973869509563076690e-18,1.652408259634233025e-10,7.525675248334163722e-15,5.331163108819926945e-11,1.235164389726591792e-16,3.049113809325067046e-12,4.430687909019250218e-14,0.000000000000000000e+00,0.000000000000000000e+00,3.834675479151180389e-15,6.946166538462439483e-13,7.737709078287229642e-29,1.106750449755016489e-11,8.489448328120828791e-14,0.000000000000000000e+00,2.007207069555697076e-14,1.295106099713323182e-15,4.529080478997470465e-13,2.188152209515644004e-16,0.000000000000000000e+00,9.508377127895283431e-14,5.464805408790344699e-16,2.642332879415109391e-13,2.172951649519008958e-18,2.667956789409437272e-07,0.000000000000000000e+00,2.933648639350625383e-16,2.982345729339846894e-15,2.004426849556312567e-15,9.678848797857550126e-14
1.209375000000000033e-02,7.244620240000000377e-01,0.000000000000000000e+00,3.000032959999999775e+02,6.516630199999999817e-01,1.000000000000000000e+00,1.642110954768843175e-06,3.839680335608408228e-13,0.000000000000000000e+00,-6.011004586666662135e+02,6.342610208382373359e-06,1.709554649563993300e-13,2.674794379317817764e-15,3.229408019176368351e-08,1.797878089541467262e-18,2.929430949252874376e-07,1.146058659707707955e-12,4.815214438771922240e-13,3.597604109082463233e-15,0.000000000000000000e+00,0.000000000000000000e+00,3.380239079137900032e-26,1.297310959669132441e-11,9.999920677449608553e-01,9.002848077703903945e-08,1.726318549559717737e-08,1.856006819526642179e-16,4.196281918929775816e-11,1.991610969492057484e-19,9.642381457540795745e-14,4.584667748830721241e-12,0.000000000000000000e+00,1.028753839737625478e-09,1.342863809657514334e-17,8.887578347733301910e-10,4.296474698904222150e-14,3.045797939223196437e-10,1.816381169536748218e-16,1.867434499523727441e-11,2.694188409312871127e-13,0.000000000000000000e+00,0.000000000000000000e+00,1.073833429726128350e-14,3.044667339223484796e-12,5.704449358545130854e-28,4.841187088765298670e-11,4.178452558934322654e-13,1.320371479663251063e-14,2.148927689451935036e-14,1.285328699672188220e-15,2.353433179399777934e-12,2.642406799326077669e-16,0.000000000000000000e+00,5.117555068694814004e-13,2.919566989255390621e-15,1.411070069640119044e-12,8.995056217705890539e-18,1.154756789705489504e-06,0.000000000000000000e+00,2.027250909482967734e-15,1.541188469606933612e-13,1.435704549633836335e-14,3.278818209163766358e-13
1.218750000000000042e-02,6.681088560000000287e-01,0.000000000000000000e+00,3.000125830000000065e+02,6.516157609999999600e-01,1.000000000000000000e+00,3.403330439314807074e-06,8.341448230518983530e-13,3.695443591333120352e-04,-6.050497493333331249e+02,1.258246619862426816e-05,2.845536359688876903e-13,8.459449159075067674e-15,1.316891279856014689e-07,7.094492369224307835e-18,1.195640459869272170e-06,4.689877949487221765e-12,1.984526069783017499e-12,3.484747409618987428e-15,0.000000000000000000e+00,0.000000000000000000e+00,2.927591989679905258e-25,5.192039869432317016e-11,9.999808868906648884e-01,3.714046889593916718e-07,8.675787659051412973e-08,9.459053318965774893e-16,2.192356059760293855e-10,1.381586049848941170e-18,5.051838509447646347e-13,2.420100379735392894e-11,0.000000000000000000e+00,5.063463379446375842e-09,7.845558419142187690e-17,4.509486629506944921e-09,2.303948419748092756e-13,1.640094109820676732e-09,3.839497429580200411e-16,1.076875429882257451e-10,1.551826239830327639e-12,0.000000000000000000e+00,3.593945059607048224e-16,3.122664869658576319e-14,1.263142139861891606e-11,3.893590759574285803e-27,2.003043969780992762e-10,1.938571029788042155e-12,9.862750718921634642e-14,2.724349279702127538e-14,1.258307629862420254e-15,1.233905219865088303e-11,5.052448059447579880e-16,0.000000000000000000e+00,2.584581369717409195e-12,1.472501129839000706e-14,7.116264099221927335e-12,3.404265889627787023e-17,4.733285669482475539e-06,0.000000000000000000e+00,1.316803619856024442e-14,1.127773479876692311e-12,8.479696909072853237e-14,1.651289949819452580e-12
1.228125000000000050e-02,6.113854420000000012e-01,0.000000000000000000e+00,3.000454060000000140e+02,6.514967919999999912e-01,9.999987256475234565e-01,7.073990056668806927e-06,2.682559187063701574e-12,4.388956783422426344e-01,-6.079886506666666719e+02,2.411563120703110326e-05,4.620948141347273524e-13,2.525032640736193168e-14,5.068639951477801575e-07,4.005566111167853680e-17,4.605943461342898654e-06,1.810880430527976521e-11,7.699630822244886805e-12,3.202939180933842186e-15,0.000000000000000000e+00,0.000000000000000000e+00,2.338498850681807625e-24,1.967822430573734286e-10,9.999505492915434779e-01,1.445824590421541656e-06,4.097639031194699287e-07,4.485803741307871977e-15,1.075677540313622172e-09,6.852032611997764102e-18,2.486182240724865697e-12,1.199640230349764478e-10,0.000000000000000000e+00,2.343134740683159674e-08,4.168168171215262489e-16,2.149950100626834858e-08,1.158999700337915637e-12,8.289590172416896684e-09,1.049198400305902176e-15,5.822071501697470983e-10,8.388185182445641381e-12,0.000000000000000000e+00,5.760071871679394341e-15,8.889121992591693175e-14,4.943974511441454391e-11,2.449288050714109517e-26,7.818176352279451334e-10,8.461752652467089888e-12,4.980980431452243936e-13,4.923084831435363731e-14,1.188307440346460455e-15,6.149563261792954049e-11,1.700257540495723734e-15,0.000000000000000000e+00,1.225455720357291319e-11,6.979879432035038594e-14,3.373166310983473466e-11,1.154910920336723254e-16,1.831048370533856578e-05,0.000000000000000000e+00,8.004320102333723515e-14,6.987520132037266293e-12,4.601616061341636631e-13,8.742789612549029361e-12
1.237500000000000058e-02,5.543865059999999456e-01,0.000000000000000000e+00,3.001542860000000132e+02,6.511841019999999869e-01,9.999548082162009743e-01,1.503605179100069378e-05,1.685280552776186741e-11,4.716950578390234128e+00,-6.082805546666652390e+02,4.459785910604867055e-05,7.313953340991968865e-13,7.128676640966839914e-14,1.834248480248773413e-06,3.336136460452469570e-16,1.668153150226246121e-05,6.571188570891228763e-11,2.806559890380644815e-11,2.607249500353613217e-15,0.000000000000000000e+00,0.000000000000000000e+00,1.712943200232321240e-23,7.020374120952151240e-10,9.998629461356083326e-01,5.290290680717505573e-06,1.810594760245565146e-06,1.966189420266668249e-14,4.933461120669109362e-09,2.958484140401249636e-17,1.143536600155094273e-11,5.557533250753750694e-10,0.000000000000000000e+00,1.014867980137643343e-07,1.986319200269398411e-15,9.587421441300312465e-08,5.446132650738641443e-12,3.914115650530859187e-08,3.108448610421589067e-15,2.936550930398275020e-09,4.230686690573794317e-11,0.000000000000000000e+00,1.998267350271018717e-14,2.422690790328581970e-13,1.818495320246636942e-10,1.416168590192070672e-25,2.867896660388963901e-09,3.461268100469441200e-11,2.240925870303929526e-12,1.279327550173511344e-13,1.028612020139507483e-15,2.870331190389293819e-10,7.210433360977929652e-15,0.000000000000000000e+00,5.434398360737050449e-11,3.095123110419781338e-13,1.495775200202867388e-10,3.418223440463602735e-16,6.658989120903137306e-05,0.000000000000000000e+00,4.529516710614323846e-13,3.974580730539059864e-11,2.317491640314314205e-12,4.410659710598204118e-11
1.242187500000000062e-02,5.258733549999999868e-01,0.000000000000000000e+00,3.002943970000000036e+02,6.508321030000000507e-01,9.998828207403432922e-01,2.286233711007628272e-05,6.018003973712868634e-11,2.411312286283023099e+01,-6.059930666666660954e+02,6.023687432346253100e-05,9.140424113560235411e-13,1.216125930473686414e-13,3.642419931418738826e-06,1.245783440485238275e-15,3.314151311290877016e-05,1.306710640508969593e-10,5.598458192180624721e-11,2.162628130842353308e-15,0.000000000000000000e+00,0.000000000000000000e+00,5.045089601965084297e-23,1.381806690538219694e-09,9.997550823894090222e-01,1.057969560412083967e-05,4.098916351596546211e-06,4.391352511710451006e-14,1.145474630446167411e-08,6.318678022461152513e-17,2.659485181035881325e-11,1.299271740506072095e-09,0.000000000000000000e+00,2.266799570882928269e-07,4.517421011759556384e-15,2.183962690850662901e-07,1.285604070500748508e-11,9.271244053611189951e-08,5.610026752185131259e-15,7.282024332836380918e-09,1.049110830408633308e-10,0.000000000000000000e+00,3.500434511363434945e-14,4.054409941579210648e-13,3.648716561421191180e-10,3.546178261381252352e-25,5.744509122237511828e-09,7.441491922898493947e-11,5.103292591987755359e-12,2.361946990919988972e-13,8.985645093499949117e-16,6.746993032627983554e-10,1.669903230650434895e-14,0.000000000000000000e+00,1.233240330480352462e-10,7.023770172735790144e-13,3.394363271322119727e-10,5.632684872193955261e-16,1.326511010516681871e-04,0.000000000000000000e+00,1.219134110474858122e-12,1.072081020417580293e-10,5.724643952229774786e-12,1.096817390427215313e-10
1.246875000000000067e-02,4.974674299999999882e-01,0.000000000000000000e+00,3.005736570000000256e+02,6.501809229999999662e-01,9.997200587423555884e-01,3.631874918482684708e-05,2.366271462247031821e-10,1.094242138749575162e+02,-6.004703573333329132e+02,8.107654679046782400e-05,1.138514849866144704e-12,2.095366499753647888e-13,7.419407529127700546e-06,4.930461799420325801e-15,6.753785739205957238e-05,2.665764629686585973e-10,1.146082429865255179e-10,1.614442349810190236e-15,0.000000000000000000e+00,0.000000000000000000e+00,1.581226569814095252e-22,2.787424069672282634e-09,9.995400818824841105e-01,2.171967989744641770e-05,9.662980848863923254e-06,1.025857869879390009e-13,2.777898269673402582e-08,1.387317869836893165e-16,6.460331149240459877e-11,3.175232369626688029e-09,0.000000000000000000e+00,5.264020059381109285e-07,1.039957619877732314e-14,5.184438799390465776e-07,3.176234939626570072e-11,2.299325549729668364e-07,1.037594889878010028e-14,1.901229099776472495e-08,2.739055129677969043e-10,0.000000000000000000e+00,6.059746239287556794e-14,6.847836749194900801e-13,7.517673159116146729e-10,9.134886238926011239e-25,1.181420679861100545e-08,1.655843309805322632e-10,1.209505929857798440e-11,4.641746079454269899e-13,7.216801049151520984e-16,1.659030029804947852e-09,4.082192899520057307e-14,0.000000000000000000e+00,2.915154789657265722e-10,1.660284159804800449e-12,8.023616139056663810e-10,9.313848988904969808e-16,2.711572469681200600e-04,0.000000000000000000e+00,3.489648699589721885e-12,3.075329539638433757e-10,1.488182389825034571e-11,2.874071429662095730e-10
1.251562500000000071e-02,4.693203819999999804e-01,0.000000000000000000e+00,3.011143710000000056e+02,6.489876140000000460e-01,9.993733354638681954e-01,5.999712807999070004e-05,9.527598510152699858e-10,4.511721364383641912e+02,-5.898815573333322391e+02,1.084430920049984600e-04,1.413626650065158235e-12,3.596056900165752429e-13,1.507563440069487997e-05,1.962232930090445074e-14,1.372742100063273785e-04,5.424637240250037161e-10,2.340471990107879094e-10,1.033512380047637605e-15,3.067661330141397650e-26,4.786415760220620292e-16,5.197101880239550056e-22,5.609555210258560712e-09,9.991158420460521938e-01,4.448290980205034633e-05,2.274014910104816092e-05,2.405867930110893177e-13,6.724683600309959191e-08,2.988243990137737274e-16,1.565846650072174241e-10,7.746002910357035417e-09,0.000000000000000000e+00,1.220258420056245246e-06,2.310668260106505346e-14,1.228559580056628066e-06,7.833794610361082231e-11,5.692646310262390894e-07,1.924588460088709876e-14,4.954554820228369744e-08,7.137864840329004731e-10,0.000000000000000000e+00,1.032749470047602365e-13,1.151665700053083569e-12,1.545040560071215582e-09,2.365795210109046084e-24,2.423934010111726334e-08,3.677105860169488063e-10,2.860127790131831696e-11,9.298429900428591371e-13,5.108545600235468823e-16,4.072201620187699936e-09,9.996007450460744626e-14,0.000000000000000000e+00,6.878876320317067299e-10,3.917757540180580811e-12,1.893324000087268657e-09,1.521407750070126397e-15,5.529574800254874294e-04,0.000000000000000000e+00,9.965910500459358453e-12,8.800471370405639252e-10,3.857977610177825171e-11,7.518333750346542340e-10
1.256250000000000075e-02,4.416696840000000068e-01,0.000000000000000000e+00,3.021297420000000216e+02,6.468411469999999497e-01,9.986692953278127893e-01,1.021256231257514530e-04,3.748146259104862379e-09,1.705704840982451742e+03,-5.718211413333325481e+02,1.438250599324464155e-04,1.752593479176819517e-12,6.097596097136003006e-13,3.010950658585778174e-05,7.531089206462701960e-14,2.741779258712206350e-04,1.084977129490394027e-09,4.697345587793691052e-10,5.333165497495051933e-16,1.368042499357440381e-25,1.700931139201085263e-15,1.852955739129680404e-21,1.110313599478493782e-08,9.982942185311085570e-01,8.953092715794796921e-05,5.238473177539526945e-05,5.566370297385516355e-13,1.592004399252247031e-07,6.179410457097575310e-16,3.708362078258209573e-10,1.847569379132210226e-08,0.000000000000000000e+00,2.770193228698860377e-06,4.842891447725328875e-14,2.849170218661765598e-06,1.888741829112871870e-10,1.377557559352971170e-06,3.541162058336741925e-14,1.259963209408204667e-07,1.815175569147425197e-09,0.000000000000000000e+00,1.730106359187381618e-13,1.912434119101743526e-12,3.119510498534788375e-09,6.133131167119312632e-24,4.887145137704543654e-08,8.005201916240015884e-10,6.618209876891474100e-11,1.850698639130740333e-12,3.017513348582696296e-16,9.771036275410615610e-09,2.393860588875621146e-13,0.000000000000000000e+00,1.588799779253752378e-09,9.048756685749865571e-12,4.372963467946051099e-09,2.473419528838253176e-15,1.108364589479409216e-03,0.000000000000000000e+00,2.770141098698884859e-11,2.450809938848872174e-09,9.746645785422071114e-11,1.919144509098592007e-09
1.260937500000000079e-02,4.148655680000000179e-01,0.000000000000000000e+00,3.039748190000000250e+02,6.430843830000000372e-01,9.973003748382505140e-01,1.769168963380515769e-04,1.408999839455647850e-08,5.919005300694355356e+03,-5.435726079999999456e+02,1.887961279904532236e-04,2.179008009889815104e-12,1.016774549948585070e-12,5.863658989703494559e-05,2.716322109862644668e-13,5.337096399730120256e-04,2.116268579892987288e-09,9.190789519535252289e-10,2.057617639895953167e-16,3.981273899798679935e-25,3.973106909799093053e-15,7.492016079621153073e-21,2.145266519891520829e-08,9.967432279495980207e-01,1.756606209911174238e-04,1.170136949940830078e-04,1.261507459936209725e-12,3.650064059815428311e-07,1.224388119938086948e-15,8.492763169570549541e-10,4.266708959784247104e-08,0.000000000000000000e+00,6.101467909691468888e-06,9.498758189519680031e-14,6.405104659676115199e-06,4.408588469777072014e-10,3.226521659836845522e-06,6.441754929674262394e-14,3.095326389843479268e-07,4.459269309774509816e-09,0.000000000000000000e+00,2.850024959855883592e-13,3.118636079842301052e-12,6.136280459689709055e-09,1.608463029918665632e-23,9.604603139514327056e-08,1.692974239914392043e-09,1.484587539924929369e-10,3.609129869817498508e-12,1.391846809929618972e-16,2.269396099885244115e-08,5.543675909719674432e-13,0.000000000000000000e+00,3.557947679820086673e-09,2.026371929897533124e-11,9.792767969504811366e-09,4.121098209791609945e-15,2.166323119890456016e-03,0.000000000000000000e+00,7.417919129624901162e-11,6.574086919667570093e-09,2.374958169879906457e-10,4.731972779760719525e-09
1.265625000000000083e-02,3.893856019999999973e-01,0.000000000000000000e+00,3.072094920000000116e+02,6.367455939999999703e-01,9.947503133800295050e-01,3.076989296415030676e-04,5.027955495540103990e-08,2.741472214220173555e+04,-4.880796053333419309e+02,2.448603470956314896e-04,2.740751011070414795e-12,1.662715790649382543e-12,1.107692710432615343e-04,9.066590573541005842e-13,1.006975360393279686e-03,4.006538901564775251e-09,1.743975570681118842e-09,5.146433152009966793e-17,1.024578970400154764e-24,8.110431253167574038e-15,3.415765041334045482e-20,4.028177461573226116e-08,9.939072983881758194e-01,3.342242261305330715e-04,2.519818530984128469e-04,2.784986671087691702e-12,8.056076833146343965e-07,2.367753110924738745e-15,1.867715220729446374e-09,9.482733073703532836e-08,0.000000000000000000e+00,1.296356500506299031e-05,1.757034240686219000e-13,1.387623790541943884e-05,9.904727513868345137e-10,7.271312612839849855e-06,1.161531470453642327e-13,7.301219642851529600e-07,1.051836560410800328e-08,0.000000000000000000e+00,4.628193191807565774e-13,4.974248561942719083e-12,1.169503870456756124e-08,4.375527331708885503e-23,1.830327840714844514e-07,3.457708041350426531e-09,3.209793231253602199e-10,6.840131682671449922e-12,4.534876741771120095e-17,5.071052571980526410e-08,1.232840980481492652e-12,0.000000000000000000e+00,7.680408882999624832e-09,4.374252871708387576e-11,2.113923540825604386e-08,7.241872292828351772e-15,4.107782541604316877e-03,0.000000000000000000e+00,1.902164780742900854e-10,1.688259190659358601e-08,5.548546312167014616e-10,1.120111410437465600e-08
1.274999999999999918e-02,3.436281389999999991e-01,0.000000000000000000e+00,3.202005490000000236e+02,6.131031279999999972e-01,9.837742096467383401e-01,8.389252703143285604e-04,4.270784618129502597e-07,1.318293563189062406e+05,-4.052667519999995420e+02,3.928062701126531575e-04,4.562312811308428740e-12,3.998072291146609428e-12,3.307063330948434841e-04,6.051558481735529823e-12,2.989793260857444724e-03,1.203575220345174012e-08,5.242364421503461067e-09,2.436860790698868690e-18,5.553516861592696269e-24,2.611335940748906648e-14,5.722117811641048760e-19,1.197288710343371092e-07,9.818758112815927364e-01,1.009160710289417826e-03,9.160296372627087019e-04,1.062586960304739963e-11,3.031631990869443442e-06,7.970682192285916935e-15,6.944475161991610142e-09,3.605350841033980322e-07,0.000000000000000000e+00,4.619914471324947688e-05,5.113341271466458330e-13,5.086863471458864198e-05,3.834712721099759790e-09,2.825439980810309513e-05,3.413717130979022092e-13,3.027666130868306176e-06,4.361665001250884394e-08,0.000000000000000000e+00,1.125000630322639569e-12,1.134508870325366499e-11,3.528392881011909628e-08,3.612906771036147285e-22,5.539651041588718863e-07,1.159565600332552540e-08,1.173691750336603828e-09,2.054184470589120570e-11,3.322409740952835458e-18,1.942714250557152195e-07,4.668255771338811899e-12,0.000000000000000000e+00,2.801969750803578499e-08,1.595816490457665027e-10,7.711986872211724244e-08,2.244715320643763168e-14,1.235272850354264713e-02,0.000000000000000000e+00,8.897944042551847217e-10,7.909460482268358297e-08,2.265505490649725490e-09,4.668529491338890473e-08
1.284374999999999926e-02,3.056343810000000105e-01,0.000000000000000000e+00,3.467710159999999746e+02,5.711738069999999778e-01,9.597049714782623919e-01,1.944446242249129675e-03,2.477214782059364960e-06,3.626628095078758779e+05,-3.430305493333335107e+02,5.854795607138529217e-04,9.441431535385596873e-12,8.723109305736670392e-12,8.032898986074002955e-04,2.308287448871848221e-11,7.176283886492665180e-03,2.984336318541436521e-08,1.279868179374477631e-08,5.837939437146768091e-20,3.385932058345160715e-23,7.486248216341173230e-14,5.920326837106500747e-18,2.978710248544186133e-07,9.557263815328985723e-01,2.473854998790929027e-03,2.585873758736180472e-03,3.133084288468737656e-11,8.757985095719624452e-06,2.842534138610740637e-14,1.919467929061879860e-08,1.050055429486796303e-06,1.047002439488288400e-21,1.284267839372327084e-04,1.656109859190593369e-12,1.443638499294436380e-04,1.142423659441652217e-08,8.395337975896865709e-05,1.010756779506002958e-12,9.444097735384294473e-06,1.360470329335084045e-07,0.000000000000000000e+00,2.684495418687980541e-12,2.236358488907002546e-11,8.583103525805096039e-08,4.510165837795702794e-21,1.360388669335123937e-06,3.048020668510310947e-08,3.327447818373744232e-09,4.996080837558217371e-11,1.337577189346272979e-19,5.687683207220203314e-07,1.327128269351379764e-11,0.000000000000000000e+00,7.930232486124180752e-08,4.516535527792590098e-10,2.182651738933251456e-07,6.358203806892493997e-14,3.026955758520606665e-02,0.000000000000000000e+00,3.068172478500462220e-09,2.721859338669719652e-07,7.009776586574043384e-09,1.462052419285437007e-07
1.289062499999999931e-02,2.895548239999999884e-01,0.000000000000000000e+00,3.677575029999999856e+02,5.428219210000000405e-01,9.397441783477580302e-01,2.824408547527757114e-03,5.511579476992297797e-06,6.545553155084637692e+05,-3.156890453333322739e+02,6.944569549613472835e-04,1.580899729912009091e-11,1.306479569927282965e-11,1.188644169933841506e-03,3.866842619784775691e-11,1.050977229941503846e-02,4.534005329747642395e-08,1.898273169894344302e-08,2.614812669854462801e-21,1.038234449942212994e-22,1.338446759925503808e-13,1.674563919906795774e-17,4.596652279744155686e-07,9.341215939480079777e-01,3.678017029795286035e-03,4.121465369770604265e-03,5.182877479711527288e-11,1.409318299921558923e-05,5.942475599669249200e-14,2.911058629837973902e-08,1.697031709905545297e-06,7.037586719608296000e-21,2.030644499886976771e-04,3.586313849800390266e-12,2.305442749871681617e-04,1.885764819895040661e-08,1.373765049923537950e-04,1.895692539894488171e-12,1.583901349911841715e-05,2.281606249873008489e-07,0.000000000000000000e+00,4.363902059757110280e-12,3.000084199833018848e-11,1.266029299929534234e-07,2.079215959884273420e-20,2.024316119887328807e-06,4.642632169741596710e-08,5.313898039704235346e-09,7.370952609589742107e-11,1.081338939939813938e-20,9.213313959487198184e-07,2.074234589884550590e-11,7.687426199572127131e-22,1.265450369929566575e-07,7.207167959598857782e-10,3.482888479806146524e-07,1.060632279940966485e-13,4.507829029749099020e-02,0.000000000000000000e+00,5.464373109695859565e-09,4.824848229731454974e-07,1.187367179933912628e-08,2.457334719863227596e-07
1.293749999999999935e-02,2.747569000000000261e-01,0.000000000000000000e+00,3.950588210000000231e+02,5.108781860000000119e-01,9.129278410286182366e-01,3.967183647004828180e-03,1.155539672303902324e-05,1.040560123605413246e+06,-3.147305173333340917e+02,8.074682069055135435e-04,2.712360639682611134e-11,1.940292829772955020e-11,1.699294809801155885e-03,5.884509139311419884e-11,1.481945209826589054e-02,6.705877159215307863e-08,2.719692079681753163e-08,9.082140308937246719e-23,3.299331109613926328e-22,2.397287259719479740e-13,4.287693369498271765e-17,6.963060199185212882e-07,9.051433768940839730e-01,5.283531179381743999e-03,6.333313649258902854e-03,8.309931159027608413e-11,2.181858709744688429e-05,1.263960379852096689e-13,4.156394449513636130e-08,2.638747759691225007e-06,4.986012979416558308e-20,3.095351699637795381e-04,8.046465599058436655e-12,3.547023219584942411e-04,3.012493719647490688e-08,2.166356899746502108e-04,3.550795439584500765e-12,2.557529209700728552e-05,3.683944219568920370e-07,0.000000000000000000e+00,7.064090639173390426e-12,3.906229799542909740e-11,1.798620479789533107e-07,1.031433989879305882e-19,2.910298479659449026e-06,6.787960239205701669e-08,8.179859069042827657e-09,1.048007649877366580e-10,4.332999299492971537e-21,1.435359599832040396e-06,3.075105869640163922e-11,4.511299659472107560e-21,1.946503809772228258e-07,1.108599799870276383e-09,5.357287629373112566e-07,1.732089109797318298e-13,6.497484139239691203e-02,0.000000000000000000e+00,9.404620258899511527e-09,8.253307409034232959e-07,1.947852849772070598e-08,3.976525309534683907e-07
1.298437499999999939e-02,2.600039069999999786e-01,0.000000000000000000e+00,4.286430720000000179e+02,4.776426979999999767e-01,8.791166964876245826e-01,5.355476403751919558e-03,2.260502522708012732e-05,1.469428342496604659e+06,-3.415736106666657292e+02,9.201103171600612599e-04,4.715131940820238670e-11,2.822964700491079567e-11,2.333810420405986897e-03,8.248579061434912551e-11,2.001838390348237295e-02,9.596641501669420921e-08,3.742283900651003910e-08,2.587411500450102970e-24,1.057903730184031800e-21,4.231328790736077183e-13,9.944506021729933729e-17,1.032357350179587644e-06,8.686439181511083074e-01,7.290162571268188341e-03,9.289831421616047760e-03,1.279225600222532399e-10,3.215098790559295166e-05,2.715403130472368245e-13,5.494645010955842338e-08,3.904017880679138180e-06,3.484253490606116741e-19,4.505519470783775175e-04,1.822255750316997504e-11,5.204289690905332692e-04,4.609036440801783005e-08,3.252978230565884321e-04,6.589644411146327311e-12,3.921112000682112523e-05,5.647765690982478814e-07,0.000000000000000000e+00,1.125669650195820095e-11,4.928392060857336984e-11,2.447917550425837051e-07,5.149156930895740902e-19,4.018442490699043701e-06,9.446047911643223965e-08,1.201372640208989304e-08,1.426550670248161202e-10,2.162991230376271341e-20,2.126626510369945370e-06,4.249334210739209345e-11,1.189322670206893256e-20,2.857056600497010495e-07,1.627190320283064123e-09,7.863270381367885448e-07,2.736341440476010811e-13,9.012084251567732684e-02,0.000000000000000000e+00,1.534544360266947584e-08,1.336997680232582459e-06,3.047330970530110153e-08,6.109057331062724482e-07
1.303124999999999943e-02,2.439926440000000085e-01,0.000000000000000000e+00,4.679881639999999834e+02,4.452607239999999966e-01,8.389375701570999100e-01,6.940127848358225611e-03,4.127564616382154643e-05,1.867842230210162466e+06,-3.914236373333332608e+02,1.028369050138989212e-03,8.156203481102351201e-11,3.962109940535499536e-11,3.076077680415747161e-03,1.089585600147262966e-10,2.590097110350064388e-02,1.325679780179172342e-07,4.940226640667696234e-08,7.753146421047877213e-26,3.295218420445365550e-21,7.215792680975250653e-13,2.116970170286119142e-16,1.498612550202544989e-06,8.252995151115433137e-01,9.650354721304293948e-03,1.297307530175337460e-02,1.888726360255270903e-10,4.497585360607870674e-05,5.772417580780171279e-13,6.656926740899717199e-08,5.480164700740671782e-06,2.227569770301067047e-18,6.246954990844307736e-04,4.033849350545194672e-11,7.262855920981612073e-04,6.741414800911136620e-08,4.635280560626481197e-04,1.201116260162336919e-11,5.685670380768446757e-05,8.188764041106751940e-07,3.996758730540182087e-15,1.747907920236238483e-11,6.031631520815204313e-11,3.190444040431204532e-07,2.420659600327164184e-18,5.322688560719387507e-06,1.248366280168722828e-07,1.678913640226913455e-08,1.855815690250822761e-10,1.157452290156435387e-19,2.988208040403871217e-06,5.410406610731243562e-11,2.915168050393999658e-20,3.990920970539392622e-07,2.272963760307202654e-09,1.098377240148451166e-06,4.162683140562607424e-13,1.201339150162366864e-01,0.000000000000000000e+00,2.355802030318398339e-08,2.038503640275514107e-06,4.512075830609829135e-08,8.874210791199394266e-07
1.307812499999999947e-02,2.256446609999999964e-01,0.000000000000000000e+00,5.123111900000000105e+02,4.151838210000000084e-01,7.936377604148717735e-01,8.652396071971801481e-03,7.083481153133435381e-05,2.170226764391866047e+06,-4.564802986666663855e+02,1.129225460573453485e-03,1.383952970702811431e-10,5.301219072692112387e-11,3.898991021980020323e-03,1.386542710704126357e-10,3.219542181634976741e-02,1.767657970897667659e-07,6.269630103183899015e-08,5.362077492723017802e-26,9.669944764910677994e-21,1.170633290594481369e-12,4.208461632137178372e-16,2.134507471083964422e-06,7.764544833943060054e-01,1.227992530623609954e-02,1.728094840877576407e-02,2.683154801362583463e-10,5.986837623040289425e-05,1.188964190603790280e-12,7.337561743726226498e-08,7.314246253714385218e-06,1.242032720630739905e-17,8.266550924197992771e-04,8.517420964325392228e-11,9.660237144905746594e-04,9.456181754802121909e-08,6.278815373188563476e-04,2.141215601087371327e-11,7.812250113967287234e-05,1.125060310571338179e-06,8.629941384382535411e-15,2.626366991333745096e-11,7.183636073648058137e-11,3.993345562027936367e-07,1.024327450520182985e-17,6.776749923441429310e-06,1.569687940797132927e-07,2.236785701135904229e-08,2.311482491173837420e-10,5.432688632758876057e-19,3.991652872027076654e-06,6.282973923190675614e-11,6.590807463347002564e-20,5.315618312699423606e-07,3.027421301537411820e-09,1.462936140742921186e-06,6.095963373095705968e-13,1.541738800782939678e-01,0.000000000000000000e+00,3.392971251723049253e-08,2.928235071487042709e-06,6.298670693198645987e-08,1.221227410620174613e-06
1.312499999999999951e-02,2.042471469999999900e-01,0.000000000000000000e+00,5.607919679999999971e+02,3.880847800000000181e-01,7.448086468254708770e-01,1.041949999134179905e-02,1.154825295399665805e-04,2.340367380674918182e+06,-5.291714133333325663e+02,1.220888910056969288e-03,2.288160700106770252e-10,6.756297310315261575e-11,4.770495420222600237e-03,1.729025520080679757e-10,3.862525530180233035e-02,2.278247540106307643e-07,7.678364210358288445e-08,1.824150980085118797e-25,2.638293960123108296e-20,1.797383460083869590e-12,7.959575290371410028e-16,2.991647160139595952e-06,7.238237340337750902e-01,1.507688830070351774e-02,2.205266580102901997e-02,3.688403440172108184e-10,7.620448860355585321e-05,2.351462160109723685e-12,7.301456090340700110e-08,9.325757830435157518e-06,5.923187450276387356e-17,1.048544540048927231e-03,1.694548300079071003e-10,1.230166680057402087e-03,1.278886130059675194e-07,8.121590790378970101e-04,3.747867660174882910e-11,1.022228440047699206e-04,1.471988210068685961e-06,1.411465310065861774e-14,3.804396500177520699e-11,8.366116470390380339e-11,4.821905260224999024e-07,3.826562630178554668e-17,8.324557090388441557e-06,1.885433900087978217e-07,2.853416670133146413e-08,2.768585780129187589e-10,2.195564320102449262e-18,5.094535200237721374e-06,6.561842650306188166e-11,1.369040340063882168e-19,6.780539140316393511e-07,3.861737060180196001e-09,1.866068840087074624e-06,8.615730390402027980e-13,1.911241020089182174e-01,0.000000000000000000e+00,4.567386140213123553e-08,3.981460840185783285e-06,8.266825010385746560e-08,1.600024890074660455e-06
1.317187499999999956e-02,1.794422370000000044e-01,0.000000000000000000e+00,6.126992729999999483e+02,3.640613070000000007e-01,6.941016019725695374e-01,1.217703745102758500e-02,1.811400546154365396e-04,2.375457146289378405e+06,-6.037982506666661493e+02,1.302705399908631956e-03,3.677545849742066994e-10,8.288792709418647746e-11,5.659376669603066387e-03,2.139176219849964238e-10,4.495521709684696665e-02,2.844632989800485064e-07,9.115515059360663139e-08,5.992668739579691396e-25,6.708282999529499823e-20,2.628075969815674132e-12,1.463903229897326000e-15,4.138820639709714601e-06,6.691865309530651285e-01,1.794015129874172720e-02,2.710348739809903887e-02,4.945147369653160790e-10,9.329988139345620163e-05,4.473201109686262145e-12,6.491977079544670958e-08,1.142396909919875379e-05,2.421549209830159449e-16,1.281594179910112465e-03,3.167998549777805404e-10,1.508089079894226652e-03,1.677331679882356763e-07,1.008805599929245159e-03,6.512582889543226176e-11,1.281661659910107644e-04,1.845359489870571623e-06,2.080692569854066081e-14,5.304733999627940908e-11,9.584140199327795258e-11,5.645534679604037937e-07,1.259194889911683633e-16,9.910601209304898055e-06,2.174006309847520972e-07,3.504180799754226977e-08,3.209171129774917395e-10,7.672924309461841653e-18,6.250126279561633479e-06,6.018528739577876933e-11,2.638270999814958919e-19,8.328007919415896738e-07,4.743060619667335077e-09,2.291892769839252900e-06,1.181165829917156287e-12,2.297871279838833714e-01,0.000000000000000000e+00,5.685153539601259167e-08,5.156009119638372308e-06,1.016248769928723126e-07,2.008147269859154133e-06
1.321874999999999960e-02,1.511391940000000045e-01,0.000000000000000000e+00,6.674228859999999486e+02,3.428939810000000143e-01,6.430158391261450168e-01,1.387564516681940793e-02,2.768894061111376093e-04,2.296996914930069353e+06,-6.767406506666662835e+02,1.374889259108940482e-03,5.730404626286150676e-10,9.956111423547488785e-11,6.539206065761969319e-03,2.653783488280094686e-10,5.101313746693861284e-02,3.450753677763581518e-07,1.053776279317052352e-07,1.861911498793303501e-24,1.608651318957440199e-19,3.718109007590309493e-12,2.696774828252232275e-15,5.669061176325906356e-06,6.141575526019671383e-01,2.078273738653079947e-02,3.225554757909531584e-02,6.536081045763994806e-10,1.105230879283704753e-04,8.227744404667635150e-12,5.116418656684071551e-08,1.352392069123520666e-05,8.635010914403687323e-16,1.517590559016456257e-03,5.587040126379063948e-10,1.789801798840037457e-03,2.145249648609673261e-07,1.210259669215636019e-03,1.136866779263201718e-10,1.549462448995800161e-04,2.230675008554309436e-06,2.907380148115740385e-14,7.120106005385490073e-11,1.087303159295323645e-10,6.440951455825647713e-07,3.666649597623660756e-16,1.148720239255519462e-05,2.418297138432712277e-07,4.165548437300326698e-08,3.628523287648369847e-10,2.369875978464093905e-17,7.415409235194105982e-06,4.674389536970548401e-11,4.803555496886836667e-19,9.903010893581902222e-07,5.640060156344702471e-09,2.725253338233775495e-06,1.582625498974307269e-12,2.690391038256368939e-01,0.000000000000000000e+00,6.378467165866143181e-08,6.400858425851631755e-06,1.161883439246988488e-07,2.429571068425405436e-06
1.326562499999999964e-02,1.194169759999999941e-01,0.000000000000000000e+00,7.244547519999999849e+02,3.242386640000000098e-01,5.927808296113310504e-01,1.548246289691341399e-02,4.171138928335129488e-04,2.137681223100726027e+06,-7.459845525333324758e+02,1.438213910865683478e-03,8.655808495210066788e-10,1.198559430721431816e-10,7.390117494448227020e-03,3.344221792012939542e-10,5.669171633412362771e-02,4.080542572456142378e-07,1.191189360716995545e-07,5.597050313368951756e-24,3.735594552248512507e-19,5.232601873149584460e-12,5.179446663117590910e-15,7.709340654640374182e-06,5.600599823371088526e-01,2.353816911416799218e-02,3.735802512248637824e-02,8.651620295207545946e-10,1.273604530766602556e-04,1.475319090888017584e-11,3.624498682181642583e-08,1.555787400936452973e-05,2.765186831664409392e-15,1.749765311053211097e-03,9.425169725673156220e-10,2.067059601244195487e-03,2.690132711619233232e-07,1.409894970848637888e-03,2.008494411208944016e-10,1.816796771093558279e-04,2.615228591574146907e-06,3.937146622369830443e-14,9.209892975543578012e-11,1.230405270740600099e-10,7.192824044329472902e-07,9.541501525743179010e-16,1.301797140783572067e-05,2.606961951569171017e-07,4.817765972899888968e-08,4.038182202430644779e-10,6.713170764040762093e-17,8.555772005149853981e-06,2.958924771781023261e-11,8.524298745130908599e-19,1.145943500689761316e-06,6.526482473928391187e-09,3.153439611898104764e-06,2.093708891260235974e-12,3.079236911853440728e-01,0.000000000000000000e+00,6.144159343698265090e-08,7.664288164613254699e-06,1.219645170734123344e-07,2.850110811715526397e-06
1.331249999999999968e-02,8.444895010000000313e-02,0.000000000000000000e+00,7.833561670000000277e+02,3.077361610000000081e-01,5.443192289943106221e-01,1.697928986394429268e-02,6.260009453187365212e-04,1.984933203278653091e+06,-7.950437290666367289e+02,1.493742748835969521e-03,1.278545689003666253e-09,1.491532628837691814e-10,8.198883343610846933e-03,4.365012276598472050e-10,6.193857595173306307e-02,4.720428006321506705e-07,1.321354318970306685e-07,1.703626128672413400e-23,8.804226093139119712e-19,7.617080374064230028e-12,1.079925229158445483e-14,1.043339639186955562e-05,5.078856096042194679e-01,2.616127727961327365e-02,4.229601036703994205e-02,1.171439499087131216e-09,1.434387098882223611e-04,2.611747917964740343e-11,2.446434118093564695e-08,1.748026748637813177e-05,8.258090163564710200e-15,1.973132608462394889e-03,1.560715228783779815e-09,2.333784128181349421e-03,3.325366107408637960e-07,1.602469948751241444e-03,3.598707677195631261e-10,2.076745598381651966e-04,2.989119097670665892e-06,5.249425425909274667e-14,1.150784009103227320e-10,1.399124168909703098e-10,7.892818973849353769e-07,2.261656968237556456e-15,1.447819408871756172e-05,2.734312017869229858e-07,5.445989215756098384e-08,4.464329466521076914e-10,1.818686528582750158e-16,9.646532072482736115e-06,1.530816138807079064e-11,1.543440618797241218e-18,1.296266428989857061e-06,7.382644184246919039e-09,3.566898417220418909e-06,2.769414457841875119e-12,3.456910977306129062e-01,0.000000000000000000e+00,4.760403296290355141e-08,8.899591623064805740e-06,1.151250209102864031e-07,3.258580197460682665e-06
1.333593750000000057e-02,6.581511269999999747e-02,0.000000000000000000e+00,8.133592129999999543e+02,3.001959229999999756e-01,5.209701779014780376e-01,1.768378875270913350e-02,7.720640238363371327e-04,1.874380812236260390e+06,-8.259653717333632130e+02,1.518955830118077794e-03,1.554262010120822577e-09,1.712382300133114241e-10,8.584793870667349266e-03,5.110010770397232948e-10,6.439472230500579986e-02,5.040084160391797168e-07,1.382950400107505370e-07,3.134009460243625857e-23,1.400604530108877685e-18,9.510478480739309084e-12,1.630123020126719775e-14,1.215237100094468033e-05,4.827522420375273682e-01,2.741385110213104964e-02,4.467625910347296225e-02,1.389071580107981242e-09,1.511090390117466524e-04,3.494338190271637225e-11,2.026589990157539573e-08,1.839055310142961148e-05,1.419505640110347187e-14,2.080381330161720950e-03,2.027045730157575165e-09,2.461814490191371971e-03,3.684368160286409102e-07,1.694773830131745358e-03,4.905268160381316646e-10,2.202272520171196337e-04,3.169709650246401434e-06,6.075833920472312529e-14,1.271059170098807528e-10,1.499883150116595311e-10,8.222188310639162141e-07,3.401348300264407884e-15,1.517674370117978351e-05,2.774130050215650243e-07,5.747642650446800277e-08,4.697153780365139384e-10,3.044970530236704774e-16,1.016793020079041722e-05,1.054165740081946967e-11,2.161235600168005935e-18,1.368632030106392472e-06,7.794843370605941085e-09,3.765886600292745925e-06,3.211254730249630647e-12,3.639713810282937390e-01,0.000000000000000000e+00,3.880239610301635166e-08,9.493033470737952963e-06,1.066764930082926347e-07,3.455585090268624130e-06
1.335937499999999972e-02,4.645654929999999683e-02,0.000000000000000000e+00,8.437014490000000251e+02,2.930686069999999810e-01,4.982806634540344337e-01,1.835888174435995612e-02,9.563558957745877396e-04,1.760497820644310908e+06,-8.556325546666340642e+02,1.542650560559768753e-03,1.886693470684609185e-09,2.000229510725806803e-10,8.957722343250415498e-03,6.095230082211725445e-10,6.674075812421767506e-02,5.357514451944036604e-07,1.441897530523209341e-07,5.875733482132079202e-23,2.273096650824819829e-18,1.212407480439936251e-11,2.522976260915491570e-14,1.414303150513196370e-05,4.583315091663109908e-01,2.862464951038678693e-02,4.698853061705034195e-02,1.664686000604050849e-09,1.585095140575170226e-04,4.673253691695744544e-11,1.705119090618722620e-08,1.926460330699038829e-05,2.436371350884066023e-14,2.184326320792608512e-03,2.644376170959542768e-09,2.585865980938312041e-03,4.070698471477100315e-07,1.783981690647338820e-03,6.687906442426785148e-10,2.324267440843387814e-04,3.345281661213874806e-06,7.045914432556693434e-14,1.393973840505819589e-10,1.614038700585672867e-10,8.537778443098033331e-07,5.036358251827502760e-15,1.585288670575240902e-05,2.798498921015467962e-07,6.039913792191654044e-08,4.946913911795046115e-10,5.101857831851269617e-16,1.067178810387238441e-05,7.242049112627862127e-12,3.079351011117378605e-18,1.438879080522114102e-06,8.195019992973659557e-09,3.959008961436572979e-06,3.741568421357672215e-12,3.817842411385349299e-01,0.000000000000000000e+00,3.022143821096620518e-08,1.006543130365236017e-05,9.544504943463335531e-08,3.646888371323316322e-06
1.338281250000000061e-02,2.640266130000000142e-02,0.000000000000000000e+00,8.743343760000000202e+02,2.863236029999999821e-01,4.762912303548460513e-01,1.900494125998964876e-02,1.192229647954963934e-03,1.645803602603602689e+06,-8.840200580266987345e+02,1.564965110798197199e-03,2.290381051168189572e-09,2.381176981214499177e-10,9.317416384752270214e-03,7.432357083790810948e-10,6.897937933518236142e-02,5.670711802892298824e-07,1.497807350763944056e-07,1.133629080578197979e-22,3.779476821927690209e-18,1.582379470807079140e-11,3.996228432038242696e-14,1.645150880839095370e-05,4.346667062216981181e-01,2.979264711519548706e-02,4.922789952510827488e-02,2.014927051027696721e-09,1.656278660844770901e-04,6.254921023190269815e-11,1.462706300746040923e-08,2.010146551025258118e-05,4.198760692141541968e-14,2.284785631165335822e-03,3.474392011772084425e-09,2.705715971380027660e-03,4.483265932286651941e-07,1.869806970953679119e-03,9.134773644659114823e-10,2.442395621245723575e-04,3.515399211792999911e-06,8.204378114184573962e-14,1.518944420774724666e-10,1.744865350889953860e-10,8.839787824508659307e-07,7.360745003754284953e-15,1.650604690841877005e-05,2.807877981432134930e-07,6.322213463224592407e-08,5.217461442661122022e-10,8.612203174392581658e-16,1.115736270569071791e-05,5.098418312600405342e-12,4.480442492285212011e-18,1.506869340768566020e-06,8.582408514377384919e-09,4.145879702114571200e-06,4.387672282237895109e-12,3.990904482035527168e-01,0.000000000000000000e+00,2.298962701172566530e-08,1.061317970541316303e-05,8.241281824203396018e-08,3.832000281954479469e-06
1.340624999999999976e-02,5.683441190000000122e-03,0.000000000000000000e+00,9.052107650000000376e+02,2.799329660000000053e-01,4.550301518265181810e-01,1.962263770298192100e-02,1.497870953785175293e-03,1.532319970022520516e+06,-9.111137361066320182e+02,1.586030462613772585e-03,2.783541774587266894e-09,2.888629604760451059e-10,9.663815705925934973e-03,9.283645045299413783e-10,7.111420681719596293e-02,5.977378999850698365e-07,1.550147202554637130e-07,2.255040323716297862e-22,6.445419850622028396e-18,2.114651313484937720e-11,6.454705900637332034e-14,1.913232163152999866e-05,4.117879176786249928e-01,3.091746745095187363e-02,5.139100768469219427e-02,2.457580894050084460e-09,1.724570342842085752e-04,8.376898873805099293e-11,1.280694512110579871e-08,2.090076783444439230e-05,7.281143621999298662e-14,2.381646563924945219e-03,4.600755827582029037e-09,2.821226224649370749e-03,4.918860558106264413e-07,1.952020613216923044e-03,1.250071492060113401e-09,2.556412394212958595e-04,3.679767186064242881e-06,9.610944775838802763e-14,1.645648042712022072e-10,1.896289713125078557e-10,9.128549365043816338e-07,1.063968681753416647e-14,1.713599922824006531e-05,2.802873164619124592e-07,6.594157770867147516e-08,5.512164969084028508e-10,1.463792042412324120e-15,1.162425901915673701e-05,3.752883646184739028e-12,6.652541000963363885e-18,1.572512202591494526e-06,8.956522754760316531e-09,4.326243617129633639e-06,5.185739988546081024e-12,4.158604216853364344e-01,0.000000000000000000e+00,1.753156492889195604e-08,1.113313481834736489e-05,6.888690081352536404e-08,4.010600496609454902e-06
1.342968750000000065e-02,-1.567078699999999852e-02,0.000000000000000000e+00,9.362846250000000055e+02,2.738712640000000031e-01,4.345151755998936105e-01,2.021286115993272542e-02,1.898214707132381360e-03,1.421815033585436177e+06,-9.369398613333671619e+02,1.605969351710684074e-03,3.389514153610522080e-09,3.565984973798499644e-10,9.997013970648853734e-03,1.188510401266005498e-09,7.314950337791910340e-02,6.275095796684254031e-07,1.598177921702384506e-07,4.624077884925583531e-22,1.126629501200089707e-17,2.889167053077550804e-11,1.058582951127606240e-13,2.224994042370071476e-05,3.897139074151246274e-01,3.199925833408572007e-02,5.347582775696263502e-02,3.011494713207854807e-09,1.789942561906653084e-04,1.121762181194904869e-10,1.144023791218618188e-08,2.166259972307507832e-05,1.270701101353555316e-13,2.474854192636223235e-03,6.136858706537003490e-09,2.932328553123526686e-03,5.372121885722402922e-07,2.030438942162830687e-03,1.713344841825060958e-09,2.666151682839993601e-04,3.838212584088477527e-06,1.134397021208363603e-13,1.774061051889736034e-10,2.073044772208214386e-10,9.404492850017698564e-07,1.523650661622998105e-14,1.774280121889969527e-05,2.784207152965746904e-07,6.855535737302541412e-08,5.833851606214239190e-10,2.498643632661563888e-15,1.207236671285952687e-05,2.911060563100871832e-12,1.005292621070841118e-17,1.635757181742414289e-06,9.317115549924623588e-09,4.499955324793367740e-06,6.183477446586661785e-12,4.320730624602457381e-01,0.000000000000000000e+00,1.366400481455494665e-08,1.162255611238038846e-05,5.621396925987931313e-08,4.182516434455230534e-06
1.345312499999999981e-02,-3.763031499999999752e-02,0.000000000000000000e+00,9.675384759999999460e+02,2.681080659999999782e-01,4.147537697212457242e-01,2.077668805002606464e-02,2.427634084020965227e-03,1.315471405324992258e+06,-9.615109546666303686e+02,1.624894740785827853e-03,4.138401402001404159e-09,4.469470952161514723e-10,1.031724530498960048e-02,1.557889380753422792e-09,7.509004123631486671e-02,6.561673663173340706e-07,1.640904670793570434e-07,9.759344994719790494e-22,2.014850640974417224e-17,4.025453781946780456e-11,1.755313560848900349e-13,2.587945501251575752e-05,3.684523911781900640e-01,3.303864871597807229e-02,5.548161902683188679e-02,3.696550411787716787e-09,1.852409150895857669e-04,1.500491880725664464e-10,1.041440210503658920e-08,2.238749681082698921e-05,2.228797381077885553e-13,2.564408471240192926e-03,8.233383553981809914e-09,3.039020831469724151e-03,5.836226822822502465e-07,2.104921811017977217e-03,2.350501781136744032e-09,2.771526881340358834e-04,3.990682551929964765e-06,1.350358310653056900e-13,1.904469630921035210e-10,2.280823121103046050e-10,9.668128224675676191e-07,2.165173701047116060e-14,1.832676920886315000e-05,2.752726211331266671e-07,7.106303003436732498e-08,6.184778092991067920e-10,4.269001062064564512e-15,1.250184190604611043e-05,2.374871131148529419e-12,1.540390380744959761e-17,1.696592230820501721e-06,9.664172134673763516e-09,4.666974862257031336e-06,7.442907483599521104e-12,4.477157232165231981e-01,0.000000000000000000e+00,1.095952760530022115e-08,1.207917250584169919e-05,4.543188102197165537e-08,4.347718012102632877e-06
1.347656250000000069e-02,-6.016572800000000165e-02,0.000000000000000000e+00,9.989272220000000289e+02,2.626242389999999816e-01,3.957457447725850064e-01,2.131529288678751799e-02,3.133517116951704557e-03,1.214072709371251054e+06,-9.848200192000357447e+02,1.642909939455652283e-03,5.068893258320516786e-09,5.672716898120450511e-10,1.062483659647965768e-02,2.086040819308828868e-09,7.694080197450710312e-02,6.835604577735149653e-07,1.677029149444347567e-07,2.115635179299023766e-21,3.678752668781113176e-17,5.703806488110149684e-11,2.931576599028676472e-13,3.010900209002394034e-05,3.480028688846957263e-01,3.403658868872261323e-02,5.740857678097873590e-02,4.534514738497572735e-09,1.912013349366489736e-04,2.002356949336556181e-10,9.652228676801912735e-09,2.307628839235410282e-05,3.918766848701589245e-13,2.650348169121856563e-03,1.108669529632663062e-08,3.141346398959173145e-03,6.304644057911073720e-07,2.175353849279237309e-03,3.225589388931260931e-09,2.872510919048246571e-04,4.137216268629210060e-06,1.621546179462731044e-13,2.037467689324923007e-10,2.526557349162872120e-10,9.920003916713189579e-07,3.057063818987098933e-14,1.888839209374168352e-05,2.709350209102307142e-07,7.346534317565863547e-08,6.566817977824207042e-10,7.275215417589491883e-15,1.291302219572150945e-05,2.028222329327986421e-12,2.384971659209783661e-17,1.755032969418502445e-06,9.997852626687398171e-09,4.827337738400550684e-06,9.045127757003065117e-12,4.627822908466657226e-01,0.000000000000000000e+00,9.035952517006105866e-09,1.250106549585800406e-05,3.704046058772733042e-08,4.506280698506927646e-06
1.349999999999999985e-02,-8.324744720000000486e-02,0.000000000000000000e+00,1.030406320000000051e+03,2.574024619999999985e-01,3.774849937250792098e-01,2.182989736734729236e-02,4.081069503778530713e-03,1.118125793947103666e+06,-1.006858359466628031e+03,1.660109179050774748e-03,6.230219206437654477e-09,7.271643945842184245e-10,1.092017809375600730e-02,2.844455448373583537e-09,7.870681155499663351e-02,7.096563575942293301e-07,1.704936389025143216e-07,4.698988917313189760e-21,6.842827716087373732e-17,8.198136645312428990e-11,4.916275207188948131e-13,3.504257797996318698e-05,3.283585038122495692e-01,3.499424817999081949e-02,5.925759456611740666e-02,5.550481726826319024e-09,1.968820688874258233e-04,2.662306538477733289e-10,9.101393584795961722e-09,2.373000348643154630e-05,6.886203486062572620e-13,2.732740078437460949e-03,1.494736509145332211e-08,3.239380128147771511e-03,6.773658216126924592e-07,2.241630028718270048e-03,4.425343057469656084e-09,2.969120418302301765e-04,4.277926847553945813e-06,1.963415668877348709e-13,2.173946708756970103e-10,2.818774818388267469e-10,1.016068279419027539e-06,4.292843037545417486e-14,1.942827768889120692e-05,2.655040638481888394e-07,7.576391365667934360e-08,6.981694186007972971e-10,1.232983639294998702e-14,1.330637069239161909e-05,1.806924228966828188e-12,3.720875097872460280e-17,1.811115278964431771e-06,1.031845619410006313e-08,4.981134657151863142e-06,1.109657759365514442e-11,4.772718787271031937e-01,0.000000000000000000e+00,7.633596755635224568e-09,1.288658899263164293e-05,3.099417358227800135e-08,4.658360377336420201e-06
1.352343750000000074e-02,-1.068456899999999932e-01,0.000000000000000000e+00,1.061931000000000040e+03,2.524272129999999836e-01,3.599606557509003046e-01,2.232173790452685394e-02,5.359159217381938463e-03,1.027913957483740989e+06,-1.027621888000036961e+03,1.676577908804260204e-03,7.684490514519400745e-09,9.390448103302706973e-10,1.120370379200948813e-02,3.935743407193017587e-09,8.039303674266347344e-02,7.345857014760916348e-07,1.722740068771337386e-07,1.065453299240115834e-20,1.294182449076985765e-16,1.192605909149430296e-10,8.259494674109307276e-13,4.080291587089925553e-05,3.095073797792585180e-01,3.591295017438678877e-02,6.103010665647317506e-02,6.774481345168422713e-09,2.022914988557251526e-04,3.522374597487833584e-10,8.727573423775472157e-09,2.434981808263364538e-05,1.205775079140038079e-12,2.811671977994708183e-03,2.012679508564551929e-08,3.333218627622739575e-03,7.245280614832646398e-07,2.303645098357034321e-03,6.066853655673104410e-09,3.061402687816599535e-04,4.412991076852643016e-06,2.394543418292205178e-13,2.315080648348878461e-10,3.168036997740548119e-10,1.039072619258930584e-06,5.999328505721263608e-14,1.994711678577366570e-05,2.590784078152245899e-07,7.796101944439798829e-08,7.431228864700028742e-10,2.072600078521816441e-14,1.368244079024164708e-05,1.675711718804878181e-12,5.838380125836051303e-17,1.864890568669955218e-06,1.062640049242122459e-08,5.128498276342341281e-06,1.373706309020269047e-11,4.911879426496835177e-01,0.000000000000000000e+00,6.590424965299691844e-09,1.323433099056124027e-05,2.689163878082081250e-08,4.804178706573647281e-06
1.354687499999999989e-02,-1.309305779999999919e-01,0.000000000000000000e+00,1.093457670000000007e+03,2.476842479999999957e-01,3.431581261636753033e-01,2.279204095232304633e-02,7.084482267910784288e-03,9.651746283166947542e+05,-1.042305355497206165e+03,1.692393198418537829e-03,9.509994651113354901e-09,1.218873808861019409e-09,1.147587638927633109e-02,5.504785334856035805e-09,8.200430982337081343e-02,7.586711842910572598e-07,1.728404678384886922e-07,2.447009587713384064e-20,2.483298607679473741e-16,1.751972948362863218e-10,1.387473558703470988e-12,4.753496155558080725e-05,2.914335917276689725e-01,3.679411556561762442e-02,6.272795404138366282e-02,8.243208702297107146e-09,2.074395568061574325e-04,4.632125605671495888e-10,8.510370222047457301e-09,2.493701277669753167e-05,2.096479488040938231e-12,2.887246647302003227e-03,2.699963967477010080e-08,3.422971866801393162e-03,7.729883682776785737e-07,2.361283417793491254e-03,8.307965282236595325e-09,3.149423277057011384e-04,4.542642195755113984e-06,2.936772287255723855e-13,2.462319647699077727e-10,3.587513026647637161e-10,1.061068159008481450e-06,8.347559642199596528e-14,2.044565528089449237e-05,2.517576627647442936e-07,8.005942412518820580e-08,7.917619082601355888e-10,3.445486616780354028e-14,1.404184618687855232e-05,1.615287548490589531e-12,9.202473271400719100e-17,1.916421608209193435e-06,1.092220778979370813e-08,5.269591925075812573e-06,1.715053308397363190e-11,5.045374915285333328e-01,0.000000000000000000e+00,5.804962244575534908e-09,1.354306968734463550e-05,2.422914907735899559e-08,4.944013865380050359e-06
1.355859379999999927e-02,-1.431451460000000009e-01,0.000000000000000000e+00,1.109204520000000002e+03,2.453974019999999867e-01,3.350172510379880175e-01,2.301958242034415555e-02,8.180064325734556427e-03,9.242742720655396115e+05,-1.051724850025891101e+03,1.700074647230213638e-03,1.060106178272859614e-08,1.392344467731572179e-09,1.160792368108820236e-02,6.537766959348574959e-09,8.278355246512783538e-02,7.706001537445270358e-07,1.725875007188179367e-07,3.796748673814281876e-20,3.472496574342558241e-16,2.137543746517482870e-10,1.801130337065572268e-12,5.133786771635959385e-05,2.826770985394583269e-01,3.722130583935850945e-02,6.355013349646319865e-02,9.089135285191848716e-09,2.099207526579940583e-04,5.303920541358775211e-10,8.459622916217458127e-09,2.521898155891286910e-05,2.762005325500100543e-12,2.923834695236445826e-03,3.124686724909214944e-08,3.466380454352522861e-03,7.985163996990454319e-07,2.388415756108758572e-03,9.737779264135068297e-09,3.191888354799728915e-04,4.605588282496508748e-06,3.259780064689118553e-13,2.538947095863510478e-10,3.830275043759660233e-10,1.071707838253957946e-06,9.839973663968571703e-14,2.068768286629532613e-05,2.477905895962959382e-07,8.107328836791422657e-08,8.176099456679380001e-10,4.442137342762804871e-14,1.421561767683970787e-05,1.608747727379004648e-12,1.164389288102960117e-16,1.941385446837066856e-06,1.106587418197131654e-08,5.337892711303427202e-06,1.924538976864513014e-11,5.110068701674601588e-01,0.000000000000000000e+00,5.487586781059544122e-09,1.368238787770845458e-05,2.328916486205695291e-08,5.011858301834607468e-06
1.357031250000000078e-02,-1.554699940000000002e-01,0.000000000000000000e+00,1.124935150000000021e+03,2.431638369999999938e-01,3.270508003776084194e-01,2.324217269223283547e-02,9.453103597234431207e-03,8.848120723196471808e+05,-1.060815534146298660e+03,1.707618547587102338e-03,1.182563508329015320e-08,1.591342607751402616e-09,1.173730438341496693e-02,7.774878549013948071e-09,8.354574498194826393e-02,7.825295758942707572e-07,1.719583707570195525e-07,5.882732001687588197e-20,4.868773033120331300e-16,2.612066276309100596e-10,2.336707076698188039e-12,5.545237352164474320e-05,2.741084026126796025e-01,3.763963684681447680e-02,6.435437860906603746e-02,1.001484248584883737e-08,2.123406916999585577e-04,6.062005051434271327e-10,8.445197958066774442e-09,2.549327116397752095e-05,3.627871094873749091e-12,2.959622635817996637e-03,3.609681394899451728e-08,3.508806515041989257e-03,8.252252808339409572e-07,2.414393286588416548e-03,1.140652898388235722e-08,3.233309565431271865e-04,4.667286033405036573e-06,3.620532704884118185e-13,2.617788756301014742e-10,4.097254714210500985e-10,1.082114108470952138e-06,1.158723648362701517e-13,2.092491237043269826e-05,2.436359476557377476e-07,8.206354798404264144e-08,8.444985018067074906e-10,5.704221581939825471e-14,1.438545087967308538e-05,1.616689427715587020e-12,1.474030887917166410e-16,1.965812617222269296e-06,1.120673388416467132e-08,5.404689242363071191e-06,2.163369606943117692e-11,5.173379202689916134e-01,0.000000000000000000e+00,5.211725162635733785e-09,1.381146918048413040e-05,2.255741366812594434e-08,5.078327692824226815e-06
1.358203120000000055e-02,-1.679013729999999927e-01,0.000000000000000000e+00,1.140644440000000031e+03,2.409820669999999943e-01,3.192562699216934807e-01,2.345995506010609827e-02,1.093650172536089933e-02,8.467747172418739647e+05,-1.069577687135259566e+03,1.715032396378198942e-03,1.320165297212078397e-08,1.819729296157100508e-09,1.186407957494546757e-02,9.257606700449808851e-09,8.429143372199357498e-02,7.945510793220691119e-07,1.709345026390209602e-07,9.147757930681788566e-20,6.849006455536285279e-16,3.198369963245690788e-10,3.030425143600356107e-12,5.990539487349194007e-05,2.657247984388430573e-01,3.804929521964759559e-02,6.514098556243543003e-02,1.102809867671088991e-08,2.147009955465949919e-04,6.916362965394042543e-10,8.466872632119681002e-09,2.576005724559997788e-05,4.753456579961662630e-12,2.994625393675958043e-03,4.162198181210280833e-08,3.550264232502561065e-03,8.535189301975409132e-07,2.439193204848918300e-03,1.335500147179694279e-08,3.273695723086617678e-04,4.727779420015887970e-06,4.022833941504589338e-13,2.699114864300016148e-10,4.391238450726593846e-10,1.092293037693298533e-06,1.363226307121142179e-13,2.115744315531976682e-05,2.393058664946344477e-07,8.303062352465614467e-08,8.724779341575033872e-10,7.302304964579011368e-14,1.455142946927032907e-05,1.638647426539508750e-12,1.868906186053248848e-16,1.989712655798129967e-06,1.134487957604191265e-08,5.470006488448453933e-06,2.435944064855779669e-11,5.235322128944061015e-01,0.000000000000000000e+00,4.971712179500751192e-09,1.393017347058229508e-05,2.199527375355043769e-08,5.143471459138030673e-06
1.359374999999999993e-02,-1.804355400000000054e-01,0.000000000000000000e+00,1.156327359999999999e+03,2.388506669999999887e-01,3.116310550571505522e-01,2.367306966363678933e-02,1.266643609140535344e-02,8.101848458147475030e+05,-1.078038690298432812e+03,1.722323276618621234e-03,1.474949757104281225e-08,2.081910435912656364e-09,1.198831017646375709e-02,1.103418287833696377e-08,8.502114953308087530e-02,8.067651924161053521e-07,1.695018656672227464e-07,1.429016397194460795e-19,9.668092961018962504e-16,3.924581002295003526e-10,3.928865502286591995e-12,6.472624627292516552e-05,2.575234754944129012e-01,3.845046732451150306e-02,6.591025937060063233e-02,1.213762097617061981e-08,2.170033685739646521e-04,7.877907544533572566e-10,8.525280273262607870e-09,2.601951804891676568e-05,6.212776317802667974e-12,3.028858044053546125e-03,4.789930530596091894e-08,3.590767352950368935e-03,8.838598832647479567e-07,2.462790105164887940e-03,1.563072466931273026e-08,3.313055243495591608e-04,4.787115830601618189e-06,4.470716481222794367e-13,2.783220164535798381e-10,4.715366340742482130e-10,1.102250407835989127e-06,1.602507616853851310e-13,2.138537475801481838e-05,2.348122945390010048e-07,8.397494453513484035e-08,9.016066472299062549e-10,9.321842541698743688e-14,1.471363747111321539e-05,1.674553766712405677e-12,2.374610705338007488e-16,2.013095276047758745e-06,1.148041037746089931e-08,5.533869929135541519e-06,2.747336804606246900e-11,5.295914319602711418e-01,0.000000000000000000e+00,4.763235370648502607e-09,1.403835657243897285e-05,2.157388765764472041e-08,5.207342439776601729e-06
1.360546869999999971e-02,-1.930687520000000101e-01,0.000000000000000000e+00,1.171978929999999991e+03,2.367682700000000029e-01,3.041724691475445330e-01,2.388165309950236043e-02,1.468474220630436831e-02,7.749616821701901499e+05,-1.086162149708057768e+03,1.729497815525078436e-03,1.649244865732725648e-08,2.382958673834306683e-09,1.211005716866630534e-02,1.316176296594510940e-08,8.573540687816726125e-02,8.192797878801865411e-07,1.676521545662149768e-07,2.242927624196624437e-19,1.369527696456468970e-15,4.825766637513758637e-10,5.092154616824503174e-12,6.994685961901871900e-05,2.495015383544369747e-01,3.884333799949631766e-02,6.666251082751668833e-02,1.335314716544992094e-08,2.192496044327111584e-04,8.958767616819987284e-10,8.621656757692230430e-09,2.627183313202397113e-05,8.099374389043589461e-12,3.062335702076479215e-03,5.501101265766390145e-08,3.630329000606846886e-03,9.167647876279527579e-07,2.485155613569880843e-03,1.828921235267829159e-08,3.351395941328561175e-04,4.845346227463098415e-06,4.968447807144583760e-13,2.870427062573025652e-10,5.073180786873595864e-10,1.111991747122820338e-06,1.882412385129425591e-13,2.160880654408913891e-05,2.301669754044634345e-07,8.489694718033670470e-08,9.319520535886570212e-10,1.186769636929339075e-13,1.487215826151961468e-05,1.724619965537699383e-12,3.024672422173929629e-16,2.035970294732108040e-06,1.161343206995127782e-08,5.596305335520058405e-06,3.103405981970213622e-11,5.355173596143965042e-01,0.000000000000000000e+00,4.582796508142421900e-09,1.413586646342470364e-05,2.127174234496126231e-08,5.269997006364351950e-06
1.361718750000000082e-02,-2.057972690000000049e-01,0.000000000000000000e+00,1.187594229999999925e+03,2.347335690000000030e-01,2.968777553177231465e-01,2.408583850821598843e-02,1.704025017788323229e-02,7.411311051995684393e+05,-1.093985339670804251e+03,1.736562235810995168e-03,1.845718505547684029e-08,2.728753473417591890e-09,1.222938137049979675e-02,1.570825526210791932e-08,8.643470439149875117e-02,8.322085539925132423e-07,1.653839126010543069e-07,3.536977701467960656e-19,1.946695035304104662e-15,5.945803475657295038e-10,6.597931884084205136e-12,7.560201981762978160e-05,2.416560194170676856e-01,3.922809040537243025e-02,6.739805553741971822e-02,1.468558656457484101e-08,2.214415974658297227e-04,1.017256897546132219e-09,8.757782608874125885e-09,2.651718393603418980e-05,1.053138377459577491e-11,3.095073412533940003e-03,6.304541374791934143e-08,3.668961461149584328e-03,9.528005627016164840e-07,2.506258033954304569e-03,2.139542604838909719e-08,3.388724901825582170e-04,4.902525398173932375e-06,5.520540966683129878e-13,2.961089522857141175e-10,5.468682236808226444e-10,1.121522317294619169e-06,2.209779604669481230e-13,2.182783784734601657e-05,2.253814234563259218e-07,8.579707229303686520e-08,9.635916636755856655e-10,1.506892476365013729e-13,1.502707506375108989e-05,1.789293765683794038e-12,3.863267560680871473e-16,2.058347535034771560e-06,1.174405747167051418e-08,5.657338596353141439e-06,3.510921031530815517e-11,5.413118646942258749e-01,0.000000000000000000e+00,4.427502589319801546e-09,1.422253936569182110e-05,2.107283624916726181e-08,5.331495257139153705e-06
1.362890620000000060e-02,-2.186173550000000132e-01,0.000000000000000000e+00,1.203168409999999994e+03,2.327453080000000118e-01,2.897441026661737862e-01,2.428575523727213512e-02,1.979010273071889897e-02,7.086102023283856688e+05,-1.101471481721735472e+03,1.743522345527474642e-03,2.067434994696565857e-08,3.126143871980740426e-09,1.234634306832886434e-02,1.875436085189086252e-08,8.711952387651890339e-02,8.456695678306679985e-07,1.627035215826290271e-07,5.603243825626424804e-19,2.776394542877926011e-15,7.339612321172250426e-10,8.546416898076525657e-12,8.172961699034522450e-05,2.339838963997788734e-01,3.960490529840454688e-02,6.811721202526409280e-02,1.614719845857881933e-08,2.235813374264637634e-04,1.153474767041078892e-09,8.935985247077196192e-09,2.675575303136549821e-05,1.365765366496505978e-11,3.127086081978323710e-03,7.209778641505303233e-08,3.706676010491545461e-03,9.925820004538048502e-07,2.526061993520084797e-03,2.502549173580400690e-08,3.425048331213984064e-04,4.958712207279792323e-06,6.131772554270629793e-13,3.055597692161707204e-10,5.906392714848780122e-10,1.130847057099123987e-06,2.592620583349347080e-13,2.204256694345587962e-05,2.204669054344529769e-07,8.667576337765725151e-08,9.966142924434609415e-10,1.908434145104438729e-13,1.517846986106382506e-05,1.869243475204971768e-12,4.948815937305177744e-16,2.080236834663726125e-06,1.187240756954461400e-08,5.716995615334625807e-06,3.977712409796276521e-11,5.469768895968817324e-01,0.000000000000000000e+00,4.294954388982479601e-09,1.429819596332192380e-05,2.096533414621922139e-08,5.391901316168565595e-06
1.364062499999999997e-02,-2.315252790000000005e-01,0.000000000000000000e+00,1.218696680000000015e+03,2.308022829999999970e-01,2.827686588506119203e-01,2.448152883345467573e-02,2.300125977692832682e-02,6.774157735892136116e+05,-1.108658127608031236e+03,1.750383534673502191e-03,2.317919372946464574e-08,3.583140529096338453e-09,1.246100246208059655e-02,2.239597543184801821e-08,8.779033073284997490e-02,8.597840293836376238e-07,1.596259795142508078e-07,8.915931902868407468e-19,3.972476407911571285e-15,9.075877002381688283e-10,1.106689176632293851e-11,8.837091153108324890e-05,2.264821063108045096e-01,3.997396027835740245e-02,6.882030009057665820e-02,1.775179134598047917e-08,2.256709303132729502e-04,1.306291596024894373e-09,9.159164232128241482e-09,2.698772461787511020e-05,1.766530504624366414e-11,3.158388350388878756e-03,8.227147664964411038e-08,3.743482668608410190e-03,1.036771486845056690e-06,2.544528052256884044e-03,2.926871431093395672e-08,3.460371489469930254e-04,5.013969964742258015e-06,6.807211059285343938e-13,3.154383510401065594e-10,6.391428560550587669e-10,1.139970586531016937e-06,3.040328570748140308e-13,2.225309193228281623e-05,2.154344313444231017e-07,8.753346593363162349e-08,1.031121426862250006e-09,2.410917932663465882e-13,1.532642335336098578e-05,1.965353574019338958e-12,6.358768630649974284e-16,2.101647893604588728e-06,1.199861146348767272e-08,5.775302152425488972e-06,4.512846846267198994e-11,5.525144383186731956e-01,0.000000000000000000e+00,4.183170887270418310e-09,1.436263795629383104e-05,2.094060813627676464e-08,5.451283603411493404e-06
1.365234369999999975e-02,-2.445173109999999872e-01,0.000000000000000000e+00,1.234174310000000105e+03,2.289033390000000112e-01,2.759485376740362095e-01,2.467328097232539610e-02,2.675226236143065858e-02,6.474651659816970350e+05,-1.115508072498785168e+03,1.757150836406428350e-03,2.601231344680188789e-08,4.109143881596337457e-09,1.257341937428593966e-02,2.674704124529928342e-08,8.844757371911474153e-02,8.746752142111905635e-07,1.561754036806036918e-07,1.424706697086313915e-18,5.701143378340519429e-15,1.124036367701218899e-09,1.432598287070174896e-11,9.557081110454691169e-05,2.191475535518185302e-01,4.033542981750949663e-02,6.950764005784904054e-02,1.951494556008973543e-08,2.277126015343020559e-04,1.477729576977876415e-09,9.430830060712888706e-09,2.721328384434576502e-05,2.278905985339380386e-11,3.188994553478146678e-03,9.367929930841527141e-08,3.779389972270721584e-03,1.086081337778841105e-06,2.561612374761213819e-03,3.422994182999591235e-08,3.494698572852947662e-04,5.068366909634618014e-06,7.552259584554777724e-13,3.257927273337171235e-10,6.929583205828220667e-10,1.148897167650375737e-06,3.563925572711370688e-13,2.245950985406777134e-05,2.102947485699235283e-07,8.837062651927210329e-08,1.067228757817396792e-09,3.038315933786301251e-13,1.547101506836003030e-05,2.078726375748770410e-12,8.196007343238241397e-16,2.122590305659063311e-06,1.212280817520749171e-08,5.832283738072321504e-06,5.126832259515050067e-11,5.579265698589772615e-01,0.000000000000000000e+00,4.090531991634400438e-09,1.441564507051838067e-05,2.099257145706782289e-08,5.509715258732010985e-06
1.366406250000000086e-02,-2.575897269999999906e-01,0.000000000000000000e+00,1.249596639999999979e+03,2.270473650000000010e-01,2.692808331107266473e-01,2.486112938598198860e-02,3.113531703978710680e-02,6.187674393073836109e+05,-1.122059699454739757e+03,1.763828835613558219e-03,2.922050372733193310e-08,4.715215708273795136e-09,1.268365306845719610e-02,3.194293962056154364e-08,8.909168517843911450e-02,8.904676907855081703e-07,1.523851636210354315e-07,2.285652024315843566e-18,8.205233809594516343e-15,1.393996896533288316e-09,1.853822005389755526e-11,1.033781517429102956e-04,2.119771254728369803e-01,4.068948469880988295e-02,7.017955102547143720e-02,2.145426184664569295e-08,2.297087104287405654e-04,1.670123385846593199e-09,9.755154095740041175e-09,2.743261743177820132e-05,2.932274732707766172e-11,3.218918521994915474e-03,1.064452987352826401e-07,3.814404730514009498e-03,1.141278927161769196e-06,2.577266303590631732e-03,4.003233760044412897e-08,3.528032621226183732e-04,5.121976587262227137e-06,8.372718219178002024e-13,3.366765391627237648e-10,7.527421821280158248e-10,1.157630707121104159e-06,4.176353029613885220e-13,2.266191684364239067e-05,2.050583404900432335e-07,8.918769117820036150e-08,1.105067997251821635e-09,3.820028090500024782e-13,1.561232246117393193e-05,2.210687864502270768e-12,1.059741227364544216e-15,2.143073424670419820e-06,1.224514676954771329e-08,5.887965495357299757e-06,5.831857345496834478e-11,5.632153855993473623e-01,0.000000000000000000e+00,4.015733840013326594e-09,1.445697286404715312e-05,2.111722094748387528e-08,5.567274546154821352e-06
1.367578120000000064e-02,-2.707388079999999975e-01,0.000000000000000000e+00,1.264959049999999934e+03,2.252332969999999990e-01,2.627626258648781965e-01,2.504518791736164846e-02,3.625875248386274674e-02,5.912421961969195399e+05,-1.128274994026754257e+03,1.770421776260972056e-03,3.285774303060635395e-08,5.414402048565097721e-09,1.279176287298453875e-02,3.814452371944097826e-08,8.972308121051006391e-02,9.072868080838629139e-07,1.482976256868039979e-07,3.680434322227136043e-18,1.183974767499513941e-14,1.730764246344726342e-09,2.397946604935675837e-11,1.118459837637877685e-04,2.049676995671201041e-01,4.103629161333373354e-02,7.083635095039773899e-02,2.358963975018004904e-08,2.316617635107438085e-04,1.886181496016494064e-09,1.013702967859118063e-08,2.764591384161343523e-05,3.763347822052027807e-11,3.248173593140045792e-03,1.207069217450740047e-07,3.848531721872124663e-03,1.203194737458922498e-06,2.591436054527037746e-03,4.682062620111755026e-08,3.560375522480693430e-04,5.174878579070956487e-06,9.274873030412005831e-13,3.481499472647275062e-10,8.192389182698149569e-10,1.166174707537106551e-06,4.892814339666660381e-13,2.286040865172014387e-05,1.997354355781703675e-07,8.998510620995668588e-08,1.144788877582272157e-09,4.792069929879426104e-13,1.575042116673602496e-05,2.362797165009909495e-12,1.374533717097064832e-15,2.163106375431644632e-06,1.236578827388417267e-08,5.942372097450054819e-06,6.642071435972330989e-11,5.683830217996079792e-01,0.000000000000000000e+00,3.957753981641453334e-09,1.448635196940566404e-05,2.131232525498960422e-08,5.624045438122342620e-06
1.368750000000000001e-02,-2.839608370000000215e-01,0.000000000000000000e+00,1.280256980000000112e+03,2.234601109999999891e-01,2.563909913621394976e-01,2.522556638307022620e-02,4.224991354407384159e-02,5.648927056672405452e+05,-1.134192785889241122e+03,1.776933465503986558e-03,3.698633490641683739e-08,6.222116114256744903e-09,1.289780746736584986e-02,4.554291078476691077e-08,9.034216167141542742e-02,9.252584676589025481e-07,1.439634526357423539e-07,5.946413144954330722e-18,1.712376905667328240e-14,2.150835184557936839e-09,3.100395162155351836e-11,1.210318466937641190e-04,1.981161524987246902e-01,4.137601269531003545e-02,7.147835451914480442e-02,2.594358893435729107e-08,2.335744334090078306e-04,2.129058874613035956e-09,1.058214407322496230e-08,2.785336292952516349e-05,4.817907997809684618e-11,3.276772411709080301e-03,1.366176356543288082e-07,3.881773390178301381e-03,1.272733076779719057e-06,2.604062343411177836e-03,5.476488856143337422e-08,3.591727860912177230e-04,5.227159056774194287e-06,1.026562027402583427e-12,3.602806970884144960e-10,8.932932727397812264e-10,1.174532247028187689e-06,5.731178425498920490e-13,2.305507974166582784e-05,1.943360175082892344e-07,9.076331747034981399e-08,1.186561546997751030e-09,5.998510574822514407e-13,1.588538455980665487e-05,2.536859113581215583e-12,1.788297775475232977e-15,2.182697924477317853e-06,1.248490676841057529e-08,5.995527624830060806e-06,7.573911290836419512e-11,5.734316445490980074e-01,0.000000000000000000e+00,3.915824520092144717e-09,1.450348806330314095e-05,2.157721244540513840e-08,5.680118195628113133e-06
1.369921869999999979e-02,-2.972521020000000180e-01,0.000000000000000000e+00,1.295485950000000003e+03,2.217268229999999896e-01,2.501630083111726077e-01,2.540237078170051732e-02,4.925852892317978543e-02,5.396413377587003633e+05,-1.139774976960156891e+03,1.783367355221115872e-03,4.167823208831496931e-08,7.156591090822505069e-09,1.300184556515899571e-02,5.436516185431784664e-08,9.094931085628341072e-02,9.445091684690017505e-07,1.394404756263417810e-07,9.636599864176832115e-18,2.481625653349995387e-14,2.674627382832809264e-09,4.006581609263575519e-11,1.309980396489649737e-04,1.914193694870541251e-01,4.170880608823303998e-02,7.210587350677812035e-02,2.854157602351722681e-08,2.354495723690665189e-04,2.402443363562180004e-09,1.109706277026323603e-08,2.805515702482068205e-05,6.152949903511958922e-11,3.304726861144333810e-03,1.543500055863887538e-07,3.914129459511320186e-03,1.350885216380037007e-06,2.615080072992378296e-03,6.406499172832524227e-08,3.622089010293899191e-04,5.278911615854116546e-06,1.135263746957837406e-12,3.731453630000834844e-10,9.758643023849793626e-10,1.182705956830706521e-06,6.712455262012655059e-13,2.324602443770770058e-05,1.888698484938860661e-07,9.152277095474671703e-08,1.230579246702420575e-09,7.493207339920474880e-13,1.601728375707853287e-05,2.734939722671190418e-12,2.333494143746942989e-15,2.201856484099692127e-06,1.260269096622860733e-08,6.047455513794652428e-06,8.646482686830047020e-11,5.783634384501612491e-01,0.000000000000000000e+00,3.889412299577553921e-09,1.450806366112278617e-05,2.191262644128080492e-08,5.735590094630356460e-06
1.371093749999999917e-02,-3.106088969999999949e-01,0.000000000000000000e+00,1.310641509999999926e+03,2.200324879999999983e-01,2.440757637590816598e-01,2.557570310319460041e-02,5.746060272471086028e-02,5.154878069366175914e+05,-1.145060629591871248e+03,1.789726454220476283e-03,4.701657074817043669e-08,8.239412303392649120e-09,1.310393575768375313e-02,6.488097429048131556e-08,9.154489720437609945e-02,9.651663038832098723e-07,1.347921755647186458e-07,1.565773644943681800e-17,3.602648068366048647e-14,3.327339419255096676e-09,5.174623293289704625e-11,1.418118525420501274e-04,1.848742504029896871e-01,4.203482446425787361e-02,7.271921566516945101e-02,3.141241129856059726e-08,2.372902342337239424e-04,2.710657701246533386e-09,1.168932426225192588e-08,2.825149090876809128e-05,7.839296934684732728e-11,3.332047919239891978e-03,1.740992534377851612e-07,3.945596557258573486e-03,1.438744575353894286e-06,2.624418111525024782e-03,7.495574885794707139e-08,3.651457028208431239e-04,5.330238072787181021e-06,1.254461485948995496e-12,3.868307997508159182e-10,1.068041376550997758e-09,1.190697956154905688e-06,7.861355524613500040e-13,2.343333622432725019e-05,1.833464844079232736e-07,9.226391310205419580e-08,1.277061485876013665e-09,9.341881769832469416e-13,1.614618694785947657e-05,2.959384160443326718e-12,3.053469790139497759e-15,2.220589962829098059e-06,1.271934645892569739e-08,6.098178400307288210e-06,9.882005928088258265e-11,5.831806041167478805e-01,0.000000000000000000e+00,3.878205017476198886e-09,1.449974205317630423e-05,2.232063482792047031e-08,5.790566211300653097e-06
1.372265620000000068e-02,-3.240275189999999861e-01,0.000000000000000000e+00,1.325719260000000077e+03,2.183761959999999946e-01,2.381263573472174322e-01,2.574566161414008209e-02,6.706253297666019131e-02,4.923573200020455406e+05,-1.150011178619033217e+03,1.796013386077097759e-03,5.309744798402308535e-08,9.496135289258278472e-09,1.320413677115915910e-02,7.741040863091803686e-08,9.212927439876869573e-02,9.873587028433839011e-07,1.300858307158629170e-07,2.549533314431238466e-17,5.237454948560206410e-14,4.139965410957373619e-09,6.678734945412122328e-11,1.535457796646210534e-04,1.784777146101640399e-01,4.235421600748875276e-02,7.331868453985529444e-02,3.458867392445045951e-08,2.390996964777518234e-04,3.058779283318929607e-09,1.236754787298646010e-08,2.844256253787496826e-05,9.964763178234688914e-11,3.358745492663735115e-03,1.960872825717007235e-07,3.976167761315143809e-03,1.537523706641698095e-06,2.631999024251114889e-03,8.771292160841500845e-08,3.679828721962416505e-04,5.381249438246125977e-06,1.385156846974502016e-12,4.014358551231726768e-10,1.171062467442132892e-09,1.198509827382181488e-06,9.206949149889927198e-13,2.361710854841485608e-05,1.777753076116982538e-07,9.298719219689479955e-08,1.326257597103151445e-09,1.162456507460930297e-12,1.627215996445789824e-05,3.212836732982433061e-12,4.006101091249763102e-15,2.238905775109720150e-06,1.283509717196522611e-08,6.147718076571983936e-06,1.130633637530438695e-10,5.878853517159244868e-01,0.000000000000000000e+00,3.882103151520603055e-09,1.447817276837637320e-05,2.280458555018959389e-08,5.845160377232839307e-06
1.373437500000000006e-02,-3.375042699999999951e-01,0.000000000000000000e+00,1.340714870000000019e+03,2.167570739999999940e-01,2.323119113122946167e-01,2.591234052570699775e-02,7.830426106566901190e-02,4.702469919849646976e+05,-1.154666046575154269e+03,1.802230305024379387e-03,6.003197913426294869e-08,1.095697896974983132e-08,1.330250776327426485e-02,9.233216134508816862e-08,9.270278044406496387e-02,1.011217397208217909e-06,1.253904536538204061e-07,4.157697298521375377e-17,7.622355958956101517e-14,5.150460695780542010e-09,8.613420786219957143e-11,1.662776665409384852e-04,1.722267125245142694e-01,4.266712318220405170e-02,7.390457809596327754e-02,3.810716729479324257e-08,2.408814843349712988e-04,3.452778250467524967e-09,1.314154666371864957e-08,2.862857302096186496e-05,1.263777746510945931e-10,3.384828280655122288e-03,2.205671533910553568e-07,4.005831998940646843e-03,1.648572765448599206e-06,2.637738952717696549e-03,1.026601947165744115e-07,3.707199619765115094e-04,5.432066955003079528e-06,1.528525675780026550e-12,4.170733568485384539e-10,1.286334926448669905e-09,1.206142576670066006e-06,1.078343927022894090e-12,2.379743453429973649e-05,1.721655535246831253e-07,9.369305854133099026e-08,1.378450886194354965e-09,1.443838066013833281e-12,1.639526525473573951e-05,3.498261090341955398e-12,5.268574445454452045e-15,2.256810653769367791e-06,1.295018816424695330e-08,6.196095302893739998e-06,1.294957376424864911e-10,5.924798933642738685e-01,0.000000000000000000e+00,3.901219699229462446e-09,1.444299936012558094e-05,2.336915863548212739e-08,5.899496143712594523e-06
1.374609369999999983e-02,-3.510354549999999962e-01,0.000000000000000000e+00,1.355624049999999897e+03,2.151742809999999950e-01,2.266295682281328217e-01,2.607583046287376485e-02,9.145594151127370286e-02,4.546031160007706494e+05,-1.157882377035086392e+03,1.808378914806529382e-03,6.794868210485866180e-08,1.265751726364896555e-08,1.339910826151919504e-02,1.100896546838342927e-07,9.326573943215078766e-02,1.036876647022201228e-06,1.207746266531482052e-07,6.784884510514537824e-17,1.109986296812238208e-13,6.405014901605483022e-09,1.109831126812683702e-10,1.800908144827984448e-04,1.661182235229262394e-01,4.297368327658417780e-02,7.447718988610947666e-02,4.200936417935360115e-08,2.426393953031656138e-04,3.899671688800559903e-09,1.402241705972911922e-08,2.880972801726154508e-05,1.599025225407770611e-10,3.410303570205973096e-03,2.478280372882644125e-07,4.034573538413136623e-03,1.773399544906986440e-06,2.641547632413758246e-03,1.201772856548637035e-07,3.733564039277603610e-04,5.482823234253918080e-06,1.685973675158064234e-12,4.338724687539647109e-10,1.415459275934952493e-09,1.213596566514680458e-06,1.263104826372498117e-12,2.397440783114806526e-05,1.665263465217541665e-07,9.438196752894509336e-08,1.433963405881810566e-09,1.790047864859174046e-12,1.651556225256907122e-05,3.818952349032377754e-12,6.943546660058877818e-15,2.274310653468423170e-06,1.306488786247904162e-08,6.243329802069825491e-06,1.484678075736163440e-10,5.969664422855762709e-01,0.000000000000000000e+00,3.935906708696497703e-09,1.439386955866234700e-05,2.402075503101496351e-08,5.953708012901587913e-06
1.375195310000000039e-02,-3.578199510000000250e-01,0.000000000000000000e+00,1.363044579999999996e+03,2.143964560000000130e-01,2.238360317099565844e-01,2.615642475652391052e-02,9.891674472893513537e-02,4.442182738851078902e+05,-1.159969792129120606e+03,1.811427113162677365e-03,7.233317842697479045e-08,1.361401654861321168e-08,1.344677994924445286e-02,1.202292345461886945e-07,9.354340934691569853e-02,1.050444006035046307e-06,1.185206265526379374e-07,8.723348737073281738e-17,1.341072054938056344e-13,7.145734683028065917e-09,1.259904435244427445e-10,1.874419032924910951e-04,1.631154033843127127e-01,4.312467183722375891e-02,7.475873131781941849e-02,4.412401183345170579e-08,2.435112770808544561e-04,4.146337864349439277e-09,1.450809894523845149e-08,2.889859169092081449e-05,1.797983413213421235e-10,3.422819787080394905e-03,2.626418310086452411e-07,4.048594454718376645e-03,1.841696443048424234e-06,2.642685950025049166e-03,1.300766645090191088e-07,3.746370585859136113e-04,5.508247899208842169e-06,1.770679713316480498e-12,4.427681213287495000e-10,1.485950154391206433e-09,1.217256825405403051e-06,1.367338654838911603e-12,2.406169650917791789e-05,1.636975623821153168e-07,9.472036104247323935e-08,1.463123324477367472e-09,1.992993862477344400e-12,1.657469803743796884e-05,3.994063354924206553e-12,7.988745079846081792e-15,2.282913991383026417e-06,1.312223065046948113e-08,6.266534036346652748e-06,1.590734853995691442e-10,5.991707487383998165e-01,0.000000000000000000e+00,3.959456365054833527e-09,1.436387544578282996e-05,2.438344960796344485e-08,5.980838487425024129e-06
1.375781249999999921e-02,-3.646166780000000274e-01,0.000000000000000000e+00,1.370441849999999931e+03,2.136274029999999935e-01,2.210745869563071897e-01,2.623625251055008295e-02,1.069878454951234958e-01,4.340650231519199442e+05,-1.161978188892945354e+03,1.814458764224794038e-03,7.702178305484884432e-08,1.464732735337930216e-08,1.349403055705010804e-02,1.312883035821249726e-07,9.381855420138671131e-02,1.064515346611774322e-06,1.163110956297956403e-07,1.120643466433125599e-16,1.620156044843236485e-13,7.970469894630944818e-09,1.429856395448937627e-10,1.950981843790257136e-04,1.601472314902704364e-01,4.327411756226364620e-02,7.503704476116603017e-02,4.635325455246311139e-08,2.443787432221715883e-04,4.409585515964814623e-09,1.502547815217569339e-08,2.898631620774000844e-05,2.020469093569087715e-10,3.435185449066213790e-03,2.782844911142536405e-07,4.062375127069943991e-03,1.914108573907620463e-06,2.643301961586684654e-03,1.407955805518644354e-07,3.758921468035801008e-04,5.533713282386849859e-06,1.859597704081121894e-12,4.520126895612974857e-10,1.560620485032731044e-09,1.220872096114109558e-06,1.480215265288651239e-12,2.414817992313921961e-05,1.608648154879864496e-07,9.505467059745231420e-08,1.493258525247135941e-09,2.217940542940559594e-12,1.663314954705866412e-05,4.179437136697349427e-12,9.194568390734785405e-15,2.291417512706690799e-06,1.317958925805093748e-08,6.289458129981403430e-06,1.704776814573898699e-10,6.013487770859785586e-01,0.000000000000000000e+00,3.987146067309389397e-09,1.433024455438854002e-05,2.477101582115680746e-08,6.007994440877269548e-06
1.376367189999999976e-02,-3.714251729999999974e-01,0.000000000000000000e+00,1.377815319999999929e+03,2.128670249999999875e-01,2.183448830273021501e-01,2.631532397547955981e-02,1.157309562368163125e-01,4.241534504146518884e+05,-1.163927943610824059e+03,1.817473924205890209e-03,8.203729313846497824e-08,1.576432684974329992e-08,1.354086785683169050e-02,1.433549835429840851e-07,9.409121040003706749e-02,1.079108296559800891e-06,1.141536106360781004e-07,1.439956085409417772e-16,1.957500853759483908e-13,8.888912871662130344e-09,1.622335594827991489e-10,2.030716453526072718e-04,1.572133394988036170e-01,4.342203616157047641e-02,7.531216525990469535e-02,4.870413714473113456e-08,2.452423622181669808e-04,4.690758135045855281e-09,1.557642935034231747e-08,2.907292890731545611e-05,2.269349232765310964e-10,3.447400959009680032e-03,2.948068530601552710e-07,4.075911927005986500e-03,1.990879273653073791e-06,2.643382471572892391e-03,1.524026795141399911e-07,3.771215617977358376e-04,5.559239922277133766e-06,1.953010753773798695e-12,4.616283385283280605e-10,1.639738734772510045e-09,1.224442196096476255e-06,1.602471604891317731e-12,2.423387022274238367e-05,1.580292404962025038e-07,9.538495529591260028e-08,1.524422765140137638e-09,2.467322322134172346e-12,1.669092314678930812e-05,4.375609566050549512e-12,1.058763756624659336e-14,2.299821692668164477e-06,1.323700555780040479e-08,6.312104189877000911e-06,1.827429084174152982e-10,6.035008040760384551e-01,0.000000000000000000e+00,4.019055937187242724e-09,1.429293845443408822e-05,2.518428001971247398e-08,6.035196520759783809e-06
1.376953120000000072e-02,-3.782449760000000105e-01,0.000000000000000000e+00,1.385164489999999887e+03,2.121152269999999895e-01,2.156465705658930088e-01,2.639364921421350971e-02,1.252136819851243088e-01,4.093831003794775461e+05,-1.166708366044363629e+03,1.820472613529745300e-03,8.740423388935118099e-08,1.697252983967687764e-08,1.358729985170853416e-02,1.565257594436820856e-07,9.436141366462424962e-02,1.094240876110890679e-06,1.120553696017370580e-07,1.851736823418627115e-16,2.365685581591970181e-13,9.911807024771831950e-09,1.840344133459118794e-10,2.113746002487404006e-04,1.543133614515453111e-01,4.356844274515069004e-02,7.558412773136176377e-02,5.118419691808306337e-08,2.461027241253110334e-04,4.991327562260012795e-09,1.616296384255420627e-08,2.915845729636611612e-05,2.547846630944539785e-10,3.459466597704495289e-03,3.122635608901647267e-07,4.089200745466317448e-03,2.072266352634829557e-06,2.642913940606655271e-03,1.649722024136620606e-07,3.783251926553709253e-04,5.584849340150539909e-06,2.051235882709575031e-12,4.716388743237190411e-10,1.723591353874077090e-09,1.227966915635606624e-06,1.734908743833853221e-12,2.431877941356711372e-05,1.551919694484225751e-07,9.571127535982661796e-08,1.556673414467330401e-09,2.743834120247968540e-12,1.674802524047480312e-05,4.583150743710738950e-12,1.219896175664291269e-14,2.308126951796542597e-06,1.329452355274910872e-08,6.334474207486252191e-06,1.959366813036092906e-10,6.056271058475031221e-01,0.000000000000000000e+00,4.055287495586851217e-09,1.425192164934636103e-05,2.562415890892758603e-08,6.062466338453011484e-06
1.378125000000000010e-02,-3.919173979999999724e-01,0.000000000000000000e+00,1.399788450000000012e+03,2.106366319999999903e-01,2.103446514267122425e-01,2.654806616278705678e-02,1.464468040977053576e-01,3.909235825384631753e+05,-1.170105045781555646e+03,1.826422354810825540e-03,9.926625951796779091e-08,1.968509194407133113e-08,1.367894706113580161e-02,1.864775144701858925e-07,9.489450813038867449e-02,1.126155776800401240e-06,1.080574846929904318e-07,3.034663581378008398e-16,3.449241620200122312e-13,1.230367586504317835e-08,2.364422973282274782e-10,2.289933563493911923e-04,1.486157345777575911e-01,4.385668967539573665e-02,7.611847758373455064e-02,5.655044613933063660e-08,2.478148032959162856e-04,5.654702903934034203e-09,1.744794925042743036e-08,2.932629211667905160e-05,3.204361210895868759e-10,3.483140770103808868e-03,3.501145640052654103e-07,4.115014078308549920e-03,2.249493393608809465e-06,2.640303232498452876e-03,1.932110244510548678e-07,3.806540209184976382e-04,5.636351683986172621e-06,2.263034443570336857e-12,4.929092565995616439e-10,1.906285054583922399e-09,1.234878566491501446e-06,2.033147634223484203e-12,2.448624493043044225e-05,1.495186715751922032e-07,9.635196772624779684e-08,1.624565895384334086e-09,3.386382580378715506e-12,1.686019585209733482e-05,5.033697215698416476e-12,1.617782685403606345e-14,2.324435683395885502e-06,1.340994046190009394e-08,6.378375891877956950e-06,2.252904233599118649e-10,6.098020582674493761e-01,0.000000000000000000e+00,4.140819418235232991e-09,1.415882725977238029e-05,2.658468582446841802e-08,6.117242892619879686e-06
1.379296869999999987e-02,-4.056295080000000275e-01,0.000000000000000000e+00,1.414309310000000096e+03,2.091913069999999930e-01,2.051636898240267459e-01,2.669961913572089715e-02,1.714040605659765959e-01,3.732731381752669695e+05,-1.173169181144889080e+03,1.832305185547348971e-03,1.128698537257170640e-07,2.286457054443722810e-08,1.376907466654002724e-02,2.221244434602194997e-07,9.541821016812597478e-02,1.160453017180004537e-06,1.043710377463698748e-07,4.999757647850181118e-16,5.031387487773318362e-13,1.526281706291011007e-08,3.034835702625102146e-10,2.480798223971458338e-04,1.430489336523794175e-01,4.413907979273844207e-02,7.664066301375695167e-02,6.253167704804292789e-08,2.495215463936422979e-04,6.415820254409033919e-09,1.890103755406894067e-08,2.949014912833653493e-05,4.023204770223284455e-10,3.506217791479605220e-03,3.924274850463692402e-07,4.139779349939998535e-03,2.448539834049848538e-06,2.635338573595912611e-03,2.263202434500233497e-07,3.828787650695734111e-04,5.688464556176567837e-06,2.498803563927703894e-12,5.160847827458719871e-10,2.111770224868226517e-09,1.241604916982798928e-06,2.383282464208429400e-12,2.465074384009668452e-05,1.438520856504277069e-07,9.697761436433649112e-08,1.697570165874766217e-09,4.174632219855303759e-12,1.696975885876210368e-05,5.536911216544854605e-12,2.150912024773108486e-14,2.340353724312749894e-06,1.352633956712989275e-08,6.421200294395959991e-06,2.592784273699322937e-10,6.138778075082269581e-01,0.000000000000000000e+00,4.245455429683197322e-09,1.405065886585575502e-05,2.766873073276273113e-08,6.172571935000147742e-06
1.380468749999999925e-02,-4.193776430000000222e-01,0.000000000000000000e+00,1.428723050000000057e+03,2.077785530000000047e-01,2.001009977470082912e-01,2.684838000841545044e-02,2.007225193031138832e-01,3.564241665204922901e+05,-1.175941358682976215e+03,1.838119846057323196e-03,1.284844997244070457e-07,2.659576024295339980e-08,1.385775017027580588e-02,2.645280364326003954e-07,9.593277409422890090e-02,1.197299737431851020e-06,1.010367407832811480e-07,8.265286732271365671e-16,7.339693794256717362e-13,1.891774225942237047e-08,3.891081481653821536e-10,2.687423804235607454e-04,1.376101697048329464e-01,4.441571900473046536e-02,7.715094673451501628e-02,6.920552915155754377e-08,2.512285934611270164e-04,7.291657934359751896e-09,2.054244365593746891e-08,2.965026513640163958e-05,5.042367649184369627e-10,3.528693932431124780e-03,4.397880680566761679e-07,4.163444821069614728e-03,2.672027844268631622e-06,2.627901604363280103e-03,2.651315664313057972e-07,3.849982891741975566e-04,5.741398167684983277e-06,2.762838564073847175e-12,5.414292118386609504e-10,2.343099124974167599e-09,1.248141867322796952e-06,2.794457074006026694e-12,2.481237824677866795e-05,1.382013327035649364e-07,9.758872899067697059e-08,1.776300016189923839e-09,5.140431338974027070e-12,1.707675326337120044e-05,6.098272936919503896e-12,2.865993293852584983e-14,2.355881274946750549e-06,1.364415637073395438e-08,6.462959476137269057e-06,2.986559123593977217e-10,6.178565076747281060e-01,0.000000000000000000e+00,4.370809620624828338e-09,1.392729157012664345e-05,2.889020653803192551e-08,6.228665456639818429e-06
1.381640620000000076e-02,-4.331581469999999934e-01,0.000000000000000000e+00,1.443025699999999915e+03,2.063976949999999921e-01,1.951539282670153308e-01,2.699441694264249209e-02,2.351996675188869068e-01,3.403191175249409280e+05,-1.178382513568007653e+03,1.843864295376498180e-03,1.464242556328401922e-07,3.098074622231557246e-08,1.394504456503270831e-02,3.149738012102011170e-07,9.643844075817996353e-02,1.236872436898534171e-06,9.808742315404514002e-08,1.372000846559698759e-15,1.070725137315149612e-12,2.342805504125399597e-08,4.983421997504035606e-10,2.910928932700826421e-04,1.322967116682651212e-01,4.468670608794778759e-02,7.764958540529315334e-02,7.666063630777294564e-08,2.529420663657460473e-04,8.302807069180656273e-09,2.239490214384463550e-08,2.980688482525904081e-05,6.309251094179510990e-10,3.550562161096941505e-03,4.928727887641181039e-07,4.185948139503707296e-03,2.922863502670900446e-06,2.617870503435672496e-03,3.106135592211344081e-07,3.870113540295664440e-04,5.795382925468038458e-06,3.060678862325327556e-12,5.692490465726042024e-10,2.603744083471094617e-09,1.254484056854372901e-06,3.277476291781706735e-12,2.497125383738441260e-05,1.325756456675656890e-07,9.818584725379833892e-08,1.861453775332392171e-09,6.323213514144500168e-12,1.718121345691799444e-05,6.723830563139949774e-12,3.827705610402002760e-14,2.371016804054659683e-06,1.376387196548699961e-08,6.503663443692020558e-06,3.443028741366582321e-10,6.217402914409820847e-01,0.000000000000000000e+00,4.518807218669060660e-09,1.378869316542476023e-05,3.026436242411190649e-08,6.285756744238422649e-06
1.382812500000000014e-02,-4.469673760000000273e-01,0.000000000000000000e+00,1.457213369999999941e+03,2.050480779999999947e-01,1.903198762675766265e-01,2.713779440745967345e-02,2.758875508273043731e-01,3.171936441830367548e+05,-1.181597738666707755e+03,1.849535596500615636e-03,1.670555216839252588e-07,3.614394393161442238e-08,1.403103257345280838e-02,3.750519682903888930e-07,9.693543801659484926e-02,1.279357347579412412e-06,9.554844291921909841e-08,2.291674685664073727e-15,1.562951797042841779e-12,2.899416054514205973e-08,6.376392767935647196e-10,3.152457454035443034e-04,1.271058887595113152e-01,4.495213211494903521e-02,7.813682885216245710e-02,8.499904293917890787e-08,2.546686125181583135e-04,9.474543582073841950e-09,2.448435555367476584e-08,2.996026184331416269e-05,7.884465295082322874e-10,3.571811593242010894e-03,5.524643679547185992e-07,4.207214992039806124e-03,3.204256583937437323e-06,2.605121235071021848e-03,3.638915403115047698e-07,3.889166082641565465e-04,5.850671158930330522e-06,3.399518183567995951e-12,5.999012998649663501e-10,2.897654264517539559e-09,1.260624787614854939e-06,3.845127822724886730e-12,2.512748115245794900e-05,1.269843977597412041e-07,9.876953201312468292e-08,1.953826056303294573e-09,7.772419425294317351e-12,1.728316806729965767e-05,7.420328525960484428e-12,5.127422710298741454e-14,2.385756725486067026e-06,1.388601777372718049e-08,6.543319827619815219e-06,3.972438942484009957e-10,6.255312698164735563e-01,0.000000000000000000e+00,4.691762091123026249e-09,1.363493787420223214e-05,3.180732783981945243e-08,6.344102757996740627e-06
1.385156249999999929e-02,-4.746610729999999889e-01,0.000000000000000000e+00,1.485233269999999948e+03,2.024386679999999883e-01,1.809860755222222894e-01,2.741671036318779620e-02,3.773499010303541512e-01,2.893892999639068148e+05,-1.184644565333286437e+03,1.860653457459300565e-03,2.176015857028676968e-07,4.924185683276085129e-08,1.419925558061109136e-02,5.300078582762807910e-07,9.790398796631330502e-02,1.373454018124565218e-06,9.174418227472444524e-08,6.067486151714922288e-15,3.295636655499848733e-12,4.400486453991190209e-08,1.035398788586175606e-09,3.691947314958691291e-04,1.170873688401186385e-01,4.546639313791620007e-02,7.907740089202078271e-02,1.046247548571361774e-07,2.581785546474603594e-04,1.238362328309031329e-08,2.945763735977595550e-08,3.025792785868316814e-05,1.220923788332843621e-09,3.612397825067315080e-03,6.934273240531335464e-07,4.245796464202417422e-03,3.867013434719640693e-06,2.571258686488977954e-03,4.973454373208809169e-07,3.924004134641820513e-04,5.965783091853795960e-06,4.226205304229169026e-12,6.708197460840038218e-10,3.597210615088053147e-09,1.272279098262718563e-06,5.283495482785452266e-12,2.543221476527262294e-05,1.159420178416825998e-07,9.989782196359075373e-08,2.162459797047187657e-09,1.164533298409844200e-11,1.747956057613187671e-05,9.045435477648567385e-12,9.115723807552591393e-14,2.414021496703683355e-06,1.413897648069340022e-08,6.619474610961188333e-06,5.280753542789195578e-10,6.328387331358664714e-01,0.000000000000000000e+00,5.118664803010525559e-09,1.328378338186115674e-05,3.541668695163895323e-08,6.465200221171847961e-06
1.387500000000000018e-02,-5.024261799999999445e-01,0.000000000000000000e+00,1.512751240000000053e+03,1.999470919999999929e-01,1.720707434963415772e-01,2.768570925398429125e-02,5.167921524069085670e-01,2.640318051938671852e+05,-1.186485333333379913e+03,1.871415106993474164e-03,2.845730485428185814e-07,6.742106159168455691e-08,1.436329447692462000e-02,7.484480547975792895e-07,9.884034334120785081e-02,1.481951967619166996e-06,8.973362275583827654e-08,1.623770527391328040e-14,6.940200768850206481e-12,6.648438249318937811e-08,1.672303917313356862e-09,4.316873423064717850e-04,1.075251488272552514e-01,4.595944032616377378e-02,7.997565917151494563e-02,1.292676897923247303e-07,2.618330965793515025e-04,1.634182697374600482e-08,3.574713724257036696e-08,3.054595155092633733e-05,1.879322246980770884e-09,3.650288024135622551e-03,8.718971895992519206e-07,4.278250703126767682e-03,4.695705972456104218e-06,2.525197165943139296e-03,6.794501579084279597e-07,3.954396383647056394e-04,6.089585000216764954e-06,5.361048801387195797e-12,7.588369327808890003e-10,4.490058692786486787e-09,1.283011377938775421e-06,7.267108968325011455e-12,2.572788695866681070e-05,1.051489428310727542e-07,1.009804458377696572e-07,2.412186346124697496e-09,1.738354447207243072e-11,1.766621457161830945e-05,1.104643498225332814e-11,1.632757807376889644e-13,2.440619016079018357e-06,1.440918817685089126e-08,6.691504799249748884e-06,7.040642038688842408e-10,6.398026409721238039e-01,0.000000000000000000e+00,5.683061810869865630e-09,1.287692027931255843e-05,3.994808623582132025e-08,6.594957019404858463e-06
1.389843749999999933e-02,-5.302344300000000343e-01,0.000000000000000000e+00,1.539739769999999908e+03,1.975686759999999986e-01,1.635549639558419310e-01,2.794516213012132946e-02,7.063768513110100233e-01,2.467365634818174003e+05,-1.186976712433816601e+03,1.881753687597504656e-03,3.733367055233490392e-07,9.264679708171487036e-08,1.452396798145678437e-02,1.055215728652772251e-06,9.974583367265130174e-02,1.607345367947850811e-06,8.956924598564406726e-08,4.291498094520906911e-14,1.454352168143181916e-11,9.978912217259602609e-08,2.682365726575337760e-09,5.036153473570181578e-04,9.840063507436876133e-02,4.643165924071920858e-02,8.083333459679747923e-02,1.602852177953587249e-07,2.657078966607621961e-04,2.176889137220695943e-08,4.367347454424067386e-08,3.082663226064265099e-05,2.872415036332695709e-09,3.685191005294998368e-03,1.098405178597630957e-06,4.303388684505725544e-03,5.726038912689381922e-06,2.466067266851492898e-03,9.267967178167289834e-07,3.980192644918360920e-04,6.224939552052420127e-06,6.992302571072703441e-12,8.697124338896101983e-10,5.631890392809585495e-09,1.292698178349570798e-06,9.998844347234154732e-12,2.601564996678498417e-05,9.468325977911484260e-08,1.020234088697434465e-07,2.714528296534274543e-09,2.581433896704200618e-11,1.784311457721912334e-05,1.350180848276180861e-11,2.928749236260771947e-13,2.465415896852324149e-06,1.470307448122811369e-08,6.759353691370116839e-06,9.408561547987789382e-10,6.464386681746711050e-01,0.000000000000000000e+00,6.421946871800895084e-09,1.241969908414337169e-05,4.561980254175573895e-08,6.736497561399297840e-06
1.391015620000000085e-02,-5.441442539999999939e-01,0.000000000000000000e+00,1.553025219999999990e+03,1.964210789999999984e-01,1.594389087180085041e-01,2.807144214480876074e-02,8.282921261253403111e-01,2.355938262784167891e+05,-1.187007202102671044e+03,1.886725067500590958e-03,4.286488044321543232e-07,1.089188108557115374e-07,1.460345818065430200e-02,1.254094348338658408e-06,1.001874628672782541e-01,1.677767797777403686e-06,9.021192948049318503e-08,7.159828920515129745e-14,2.111816177202404969e-11,1.222863848380030505e-07,3.395405325501990811e-09,5.434987772800087009e-04,9.399485007548180615e-02,4.666009003818778755e-02,8.124775849236831604e-02,1.788811837630299909e-07,2.677645826452831283e-04,2.526165926653501906e-08,4.839543243588892140e-08,3.096520735897933125e-05,3.548661605298967104e-09,3.701355925096687545e-03,1.235140668363766950e-06,4.312584544286971779e-03,6.333938141609216388e-06,2.431217076779283726e-03,1.083601228564516433e-06,3.991280534712614400e-04,6.298350151656360570e-06,8.123071049239091419e-12,9.368786757588848243e-10,6.324775421621354670e-09,1.297082068281711091e-06,1.174510158444086296e-11,2.615714516534873964e-05,8.960051328130313881e-08,1.025330078641710257e-07,2.891539176169479810e-09,3.148020785829709288e-11,1.792787007625033910e-05,1.493853918021040725e-11,3.954524724761306490e-13,2.477061776718551401e-06,1.486210958031165670e-08,6.791667441002846529e-06,1.090643228555187804e-09,6.496403361393993103e-01,0.000000000000000000e+00,6.876542760890409272e-09,1.217420488387241628e-05,4.902028833506115121e-08,6.813276020974221187e-06
1.392187500000000022e-02,-5.580545540000000360e-01,0.000000000000000000e+00,1.566168130000000019e+03,1.953000659999999944e-01,1.554168343412976883e-01,2.819543033336357335e-02,9.699202315134813901e-01,2.249648736109852034e+05,-1.186767388874210610e+03,1.891551768978801422e-03,4.924111847341602553e-07,1.281140449308346340e-07,1.468249829207330694e-02,1.489615289195796302e-06,1.006217439456769946e-01,1.753720989053212566e-06,9.134646125068447720e-08,1.181378379362205200e-13,3.060006738347983618e-11,1.495495829192621514e-07,4.289070987684444382e-09,5.860498996836072897e-04,8.969307405157708746e-02,4.688332117468894250e-02,8.165252785591796403e-02,1.998119938921268015e-07,2.699119108542817136e-04,2.938147198413772162e-08,5.368503667101687256e-08,3.110282408320841244e-05,4.375434407637818314e-09,3.716584297993514620e-03,1.389574319249805599e-06,4.319291197668129537e-03,7.008550666216269205e-06,2.392806318708187371e-03,1.265791429316632936e-06,4.001125277839898456e-04,6.375980336557777393e-06,9.531464234854216648e-12,1.013126329453040038e-09,7.109454226161793982e-09,1.301132769297552819e-06,1.379451919255270515e-11,2.629718808580284520e-05,8.463078175431008845e-08,1.030354159443739131e-07,3.087890818332929669e-09,3.832766567930790728e-11,1.801008899027682967e-05,1.653000269107589248e-11,5.333019717120843821e-13,2.488164278656706306e-06,1.503019869188559152e-08,6.822863006316516932e-06,1.264681169317232157e-09,6.527649796475895050e-01,0.000000000000000000e+00,7.395907646007145445e-09,1.191861139356545786e-05,5.282486907148125548e-08,6.894539126277821368e-06
1.393359370000000000e-02,-5.719619249999999822e-01,0.000000000000000000e+00,1.579165549999999939e+03,1.942051170000000104e-01,1.514865696971567921e-01,2.831715112030308568e-02,1.134988330179063531e+00,2.148105743320745241e+05,-1.186220346793253384e+03,1.896215427030332893e-03,5.660110191135689215e-07,1.507977427638353217e-07,1.476125227688237021e-02,1.768906357229711943e-06,1.010487718417472924e-01,1.835735397125050893e-06,9.298828305437085245e-08,1.944361976954930444e-13,4.429236153063363814e-11,1.826057427140207741e-07,5.408572931529622896e-09,6.313432070112520288e-04,8.549336216610865791e-02,4.710133452623450206e-02,8.204783077150470949e-02,2.234142726501104382e-07,2.721634525737642342e-04,3.425860144634752984e-08,5.960709270664920244e-08,3.123976855107533029e-05,5.386377851564382071e-09,3.730790004157201814e-03,1.564196747550308143e-06,4.323232583229376022e-03,7.755736677853722899e-06,2.350776966318443399e-03,1.477305977686387858e-06,4.009689143720417061e-04,6.458319169885612797e-06,1.131044268228669091e-11,1.100021648277253687e-09,7.998512987473510617e-09,1.304818517956520983e-06,1.620144217462688593e-11,2.643599505859853073e-05,7.978413747504989421e-08,1.035317728378586643e-07,3.306186774822173478e-09,4.661049782700319891e-11,1.808972507166964200e-05,1.829503627134810648e-11,7.195447378731195356e-13,2.498680476086810935e-06,1.520856467618183316e-08,6.852905569267649963e-06,1.467080677702401824e-09,6.558144429729275693e-01,0.000000000000000000e+00,7.989848717487080054e-09,1.165382388174892095e-05,5.708485491059928693e-08,6.980886139067219854e-06
1.394531249999999938e-02,-5.858630040000000205e-01,0.000000000000000000e+00,1.592014670000000024e+03,1.931357250000000081e-01,1.476459971544996364e-01,2.843662257743788391e-02,1.327532211914545179e+00,2.051236274285594118e+05,-1.185409815081902025e+03,1.900694638444967765e-03,6.510591064673432231e-07,1.776362078546689226e-07,1.483990418785889782e-02,2.100305418281658354e-06,1.014686209169845671e-01,1.924438848425541778e-06,9.515875422214693011e-08,3.198361867383295764e-13,6.406364454758704473e-11,2.226676558178269187e-07,6.809400164428964848e-09,6.794403834441233633e-04,8.139387753340850129e-02,4.731409236129049956e-02,8.243384803255765503e-02,2.500764897954026851e-07,2.745337897753932321e-04,4.004895916723438701e-08,6.623253564581258338e-08,3.137630837432982094e-05,6.621512184582683175e-09,3.743871176936993447e-03,1.761832818558576141e-06,4.324097006462288006e-03,8.581525692979120475e-06,2.305088328114117315e-03,1.722619708590657834e-06,4.016926996713595754e-04,6.545878314644561772e-06,1.358655568888431033e-11,1.199431709018698300e-09,9.006244172631642320e-09,1.308102558929790378e-06,1.902978168443099502e-11,2.657380507825893924e-05,7.507043263858195251e-08,1.040233409148944546e-07,3.549401507096096507e-09,5.662981935366894340e-11,1.816672008513709903e-05,2.025625308342757054e-11,9.717741662049538664e-13,2.508559357947650146e-06,1.539853458740186224e-08,6.881751534369771032e-06,1.702673998606976054e-09,6.587905364610178172e-01,0.000000000000000000e+00,8.669744172906945165e-09,1.138070219068900524e-05,6.185985464939005045e-08,7.072968914213329036e-06
1.395703119999999915e-02,-5.997544660000000416e-01,0.000000000000000000e+00,1.604712819999999965e+03,1.920913919999999997e-01,1.438930514391137949e-01,2.855385686224972894e-02,1.552176198927821327e+00,1.958681380917618226e+05,-1.184298648325655904e+03,1.904964568073848688e-03,7.494396032422252264e-07,2.094260757882447243e-07,1.491866178491541538e-02,2.493758407478506438e-06,1.018813478969855385e-01,2.020566987956960853e-06,9.788621750102509716e-08,5.261543734679937881e-13,9.261122130635877769e-11,2.711864427257974317e-07,8.560122501344672639e-09,7.303873192614894093e-04,7.739289782174633980e-02,4.752153425194993730e-02,8.281075301626823759e-02,2.802519987166310403e-07,2.770385477198802600e-04,4.694135965253656879e-08,7.364018592554080384e-08,3.151268256813683746e-05,8.129208211780380104e-09,3.755707796202521504e-03,1.985692027992223589e-06,4.321534245630402442e-03,9.492000690402430108e-06,2.255718667719193177e-03,2.006801667970878702e-06,4.022784145932475366e-04,6.639188743286970773e-06,1.653338638328273155e-11,1.313588358671802030e-09,1.014885348973827199e-08,1.310942358674477449e-06,2.235510197739626939e-11,2.671088227299204371e-05,7.049922512871669874e-08,1.045115238943261119e-07,3.820923246136581271e-09,6.874769383048770768e-11,1.824100268155612564e-05,2.244170737730869967e-11,1.314002578671383318e-12,2.517740737454257329e-06,1.560154638422493516e-08,6.909346943013808961e-06,1.977150268000860078e-09,6.616950333309457033e-01,0.000000000000000000e+00,9.448841410446070059e-09,1.110001348877653465e-05,6.721744423203498289e-08,7.171493572748745623e-06
1.396875000000000026e-02,-6.136330250000000541e-01,0.000000000000000000e+00,1.617257450000000063e+03,1.910716339999999902e-01,1.402257210093372231e-01,2.866885883874992214e-02,1.814317724113823527e+00,1.870370845318404608e+05,-1.182929335165185876e+03,1.908996416289653617e-03,8.633689973219464723e-07,2.471265795196820247e-07,1.499776027085018663e-02,2.961223134244534153e-06,1.022869868011938715e-01,2.124979825869865528e-06,1.012070308032928844e-07,8.659474303169350105e-13,1.338356117398756341e-10,3.299083473587864871e-07,1.074564697911464315e-08,7.842110934757986519e-04,7.348882505716630709e-02,4.772357360724393399e-02,8.317871173833292497e-02,3.144742903887842918e-07,2.796944364563828445e-04,5.516582569277908861e-08,8.191790724078346140e-08,3.164909033848647583e-05,9.968153040625787415e-09,3.766159062680051513e-03,2.239428715647421778e-06,4.315152871613021392e-03,1.049317807960534180e-05,2.202666635718872768e-03,2.335576405460547896e-06,4.027193882172701842e-04,6.738796456902400553e-06,2.039063516036853456e-11,1.445166007191159435e-09,1.144468577775598176e-08,1.313288857447477248e-06,2.626711824894693997e-11,2.684751984781886373e-05,6.607968517156679043e-08,1.049978877959249499e-07,4.124600191983381230e-09,8.340213013789869121e-11,1.831248706440764910e-05,2.488720195162896049e-11,1.779216876541894529e-12,2.526154035090139418e-06,1.581915566925371242e-08,6.935625896519841116e-06,2.297222255535093490e-09,6.645296717084128169e-01,0.000000000000000000e+00,1.034255637989809291e-08,1.081238267898493338e-05,7.323451135766059499e-08,7.277221335855911933e-06
1.398046870000000004e-02,-6.274954190000000542e-01,0.000000000000000000e+00,1.629646109999999908e+03,1.900759820000000044e-01,1.366420486195943917e-01,2.878162492746859369e-02,2.120309335684065655e+00,1.785976045878057776e+05,-1.181263013277865866e+03,1.912756957720421246e-03,9.954675918136250175e-07,2.918990666521215737e-07,1.507746738203103072e-02,3.517153775808338895e-06,1.026855448776217844e-01,2.238684037331988911e-06,1.051666518746648652e-07,1.426291338300179647e-12,1.933879487695247750e-10,4.009415335221673218e-07,1.347124978394528181e-08,8.409166539978153590e-04,6.968019571695678593e-02,4.792009414288996016e-02,8.353788270044151809e-02,3.533755815788553441e-07,2.825192706633002137e-04,6.500366482253016646e-08,9.116390049135301583e-08,3.178567516211857691e-05,1.220970158544876540e-08,3.775060455500971798e-03,2.527209686988130751e-06,4.304517774869977102e-03,1.159085828618628790e-05,2.145952087442505075e-03,2.715385896763866971e-06,4.030074575197052124e-04,6.845256871841984060e-06,2.549136336961999152e-11,1.597376428096284288e-09,1.291446578460884419e-08,1.315085578432711975e-06,3.087275976320657590e-11,2.698404376784105412e-05,6.182049082632379675e-08,1.054841838742864264e-07,4.464788254678970406e-09,1.011250868794815085e-10,1.838107257809387023e-05,2.763964526705972262e-11,2.412928987124328049e-12,2.533716946980375672e-06,1.605304298086836000e-08,6.960508481704630038e-06,2.670828536816969380e-09,6.672961552047321776e-01,0.000000000000000000e+00,1.136877888645095669e-08,1.051824458746460393e-05,7.999893950465915050e-08,7.390967761191618644e-06
1.399218749999999942e-02,-6.413384039999999731e-01,0.000000000000000000e+00,1.641876420000000053e+03,1.891039830000000033e-01,1.331401307255133670e-01,2.889214302860461728e-02,2.477669965784119466e+00,1.705431472878617933e+05,-1.179339687849356778e+03,1.916207848734686548e-03,1.148847179241391318e-06,3.451570127720854228e-07,1.515808858999078725e-02,4.179111057240443134e-06,1.030770039319360287e-01,2.362861028439751918e-06,1.098208409274829221e-07,2.351903828446987115e-12,2.794741898154571628e-10,4.868375696785306248e-07,1.686763688886193791e-08,9.004829934053916679e-04,6.596569105644142783e-02,4.811094496823131034e-02,8.388841634460666996e-02,3.977099717373835063e-07,2.855319798114570678e-04,7.679999294928730422e-08,1.014882539329851191e-07,3.192250747892088231e-05,1.494078679013427584e-08,3.782220237502518286e-03,2.853788998115581674e-06,4.289148117167782860e-03,1.279043099155420249e-05,2.085616678622822205e-03,3.153448617917709611e-06,4.031326097338028378e-04,6.959127595404738008e-06,3.230110817867088381e-11,1.774084148828534014e-09,1.458154509037149200e-08,1.316267589130839971e-06,3.629995737603035569e-11,2.712081688209153933e-05,5.772971656187982528e-08,1.059723789300241491e-07,4.846397676799819093e-09,1.225648169190677925e-10,1.844664168781928398e-05,3.076197797968720056e-11,3.278191587835339239e-12,2.540334008322562605e-06,1.630502128923344487e-08,6.983898435388380379e-06,3.107377467948131937e-09,6.699961505575871001e-01,0.000000000000000000e+00,1.254816969171417359e-08,1.021779949325296511e-05,8.761149194214824608e-08,7.513599905038608099e-06
1.400390619999999919e-02,-6.551587319999999659e-01,0.000000000000000000e+00,1.653946030000000064e+03,1.881552089999999899e-01,1.297181183541258886e-01,2.900039095205220185e-02,2.895342941579664764e+00,1.628434855455006473e+05,-1.177116342970159849e+03,1.919304947421656034e-03,1.327219108217048635e-06,4.086301344510569393e-07,1.523997397952701720e-02,4.968543263325389267e-06,1.034613148610127736e-01,2.498901406643041295e-06,1.152370538451935575e-07,3.884145484782140966e-12,4.040419234572206068e-10,5.906921492064796507e-07,2.109733497165839124e-08,9.628585397065210407e-04,6.234415031624850057e-02,4.829593503512050190e-02,8.423045528684701411e-02,4.483825533976545911e-07,2.887525986120973126e-04,9.097945157778058073e-08,1.130147858481788877e-07,3.205956115693201722e-05,1.826755257545984899e-08,3.787415674912084692e-03,3.224589415668171187e-06,4.268515954265787553e-03,1.409661768106297175e-05,2.021723997284068704e-03,3.657812015086190697e-06,4.030825904585093713e-04,7.080959720487623364e-06,4.147432004428448343e-11,1.979946507340191576e-09,1.647214647787174955e-08,1.316760478231098362e-06,4.270234464263478366e-11,2.725824306338198836e-05,5.381472102770670863e-08,1.064646918569781181e-07,5.274935432913789716e-09,1.485139648004902085e-10,1.850905937513541184e-05,3.434043285386796495e-11,4.462737654004875192e-12,2.545895076579910922e-06,1.657704517773083346e-08,7.005680360588752715e-06,3.618040285139618964e-09,6.726312880964047114e-01,0.000000000000000000e+00,1.390442288132116239e-08,9.910975016685854923e-06,9.618790557078368676e-08,7.646030749728522649e-06
1.401562500000000031e-02,-6.689531229999999828e-01,0.000000000000000000e+00,1.665852570000000014e+03,1.872292610000000079e-01,1.263742179072008809e-01,2.910633471262917896e-02,3.384013276962117178e+00,1.554925084273593966e+05,-1.174627390410223825e+03,1.921997558717438792e-03,1.535027558975666266e-06,4.844471586767253671e-07,1.532352608977451298e-02,5.911792446055023053e-06,1.038383919307079711e-01,2.648446818232674154e-06,1.214960429189249067e-07,6.427122415711139333e-12,5.845394806099330909e-10,7.162700325220283686e-07,2.636278108240794684e-08,1.027955449314038767e-03,5.881458546075265387e-02,4.847482656765243758e-02,8.456413404356979968e-02,5.064861386620184498e-07,2.922022288050115366e-04,1.080659829278868715e-07,1.258832019159973417e-07,3.219668577851494295e-05,2.231990208510578679e-08,3.790388687470648988e-03,3.645788137567142294e-06,4.242045727169256077e-03,1.551313298964798602e-05,1.954359388695843438e-03,4.237392557172361331e-06,4.028424417311806489e-04,7.211287155187861729e-06,5.393615226400806157e-11,2.220583308518190158e-09,1.861558758757769964e-08,1.316479089121505047e-06,5.026509466645778105e-11,2.739677298171795713e-05,5.008203706657993288e-08,1.069636319286224850e-07,5.756538216158625749e-09,1.799450328799215299e-10,1.856817098760934137e-05,3.849525617431186521e-11,6.089198485936638214e-12,2.550273768298185762e-06,1.687122158874172494e-08,7.025716435311693653e-06,4.216101607186568780e-09,6.752031625494326894e-01,0.000000000000000000e+00,1.546444148968047732e-08,9.597397413595595920e-06,1.058611939293581402e-07,7.789209814802209789e-06
1.402734370000000008e-02,-6.827182290000000098e-01,0.000000000000000000e+00,1.677593540000000075e+03,1.863257769999999980e-01,1.231066909934147580e-01,2.920992750827840559e-02,3.956497256377963456e+00,1.484624835163728567e+05,-1.171822285558313297e+03,1.924227418633375070e-03,1.777613418737503016e-06,5.752432465914506853e-07,1.540920908905606991e-02,7.041396004999058789e-06,1.042081109259893057e-01,2.813440028001838453e-06,1.286936879085991701e-07,1.066023549242888739e-11,8.465340953987743789e-10,8.681597383834154612e-07,3.291656197662199874e-08,1.095642369221852715e-03,5.537619716067070791e-02,4.864732626544969463e-02,8.488957803970971494e-02,5.733476725927969689e-07,2.959029667898437793e-04,1.287076939085892021e-07,1.402515599003905098e-07,3.233357197703605078e-05,2.725718808064139540e-08,3.790840927307668334e-03,4.124402147070767180e-06,4.209114847010602192e-03,1.704223858789625951e-05,1.883629678662208408e-03,4.901995986518503892e-06,4.023939947142116829e-04,7.350613614779446517e-06,7.100142594957336019e-11,2.502781038222474473e-09,2.104446138505380045e-08,1.315326229065828958e-06,5.921215255794634786e-11,2.753690918044273268e-05,4.653726926694830115e-08,1.074720469236711839e-07,6.297989815527040801e-09,2.180552348451327804e-10,1.862380048677300201e-05,4.339656686917888744e-11,8.329792054084013397e-12,2.553325848186576723e-06,1.718982218779144279e-08,7.043842374997321987e-06,4.917375966507580452e-09,6.777133315186743001e-01,0.000000000000000000e+00,1.725835298774277295e-08,9.276374973411732110e-06,1.167841199170575616e-07,7.944108494357934516e-06
1.403906249999999946e-02,-6.964505800000000413e-01,0.000000000000000000e+00,1.689166230000000041e+03,1.854444440000000138e-01,1.199138557755493883e-01,2.931110684931145099e-02,4.628215787600669096e+00,1.417475763079304888e+05,-1.168724943893110776e+03,1.925927728397121719e-03,2.061414588284361084e-06,6.843000184304824914e-07,1.549756038710195516e-02,8.397774143010843924e-06,1.045702989129700250e-01,2.996184807506386630e-06,1.369430288860274124e-07,1.773058588524349080e-11,1.227622688978295185e-09,1.051963869124489448e-06,4.107434036581534874e-08,1.165735319029801700e-03,5.202839395669869860e-02,4.881307575937468557e-02,8.520690322908544556e-02,6.505868714585406337e-07,2.998777837504228399e-04,1.537079928720745364e-07,1.562990018699181289e-07,3.246970787297666957e-05,3.327531437230619110e-08,3.788428276847031779e-03,4.668364446114693392e-06,4.169055996530249449e-03,1.868416138444986373e-05,1.809662768493884707e-03,5.662308595287470201e-06,4.017153096656672119e-04,7.499397033758530150e-06,9.454814132131108932e-11,2.834736967640753528e-09,2.379473958019652060e-08,1.313191338907079435e-06,6.981515814189543552e-11,2.767921237696361776e-05,4.318500186405872265e-08,1.079931879101212678e-07,6.906714344251798019e-09,2.643231137800136935e-10,1.867574828445686840e-05,4.928782975897956363e-11,1.142750929048930799e-11,2.554887627873661967e-06,1.753529928540601834e-08,7.059862804124338629e-06,5.740699005222228535e-09,6.801633174339252186e-01,0.000000000000000000e+00,1.931924698392130474e-08,8.946897592553828678e-06,1.291317318925284614e-07,8.111698683248933848e-06
1.405078119999999924e-02,-7.101465169999999771e-01,0.000000000000000000e+00,1.700567579999999907e+03,1.845850109999999933e-01,1.167940880604027426e-01,2.940979261588272040e-02,5.417763039050841556e+00,1.353222136857946462e+05,-1.165271870839906796e+03,1.927021899107045008e-03,2.394208968890557111e-06,8.157288636220026216e-07,1.558920449277618157e-02,1.003141869535158215e-05,1.049247289513793452e-01,3.199416798517435457e-06,1.463764399321712109e-07,2.958292728629168773e-11,1.783289349173648585e-09,1.274530699409400365e-06,5.123107397626024172e-08,1.237985989426334523e-03,4.877081377740028617e-02,4.897163897730722609e-02,8.551621596037298212e-02,7.401902296570062369e-07,3.041503268590609694e-04,1.840643069147071719e-07,1.742286719192648620e-07,3.260432558489160908e-05,4.061553808117932946e-08,3.782754778247124448e-03,5.286576817550273679e-06,4.121161308090311864e-03,2.043633979053008595e-05,1.732607609197134085e-03,6.529847656974160533e-06,4.007800698142841228e-04,7.658030296451376220e-06,1.272709509410244296e-10,3.226348108504955609e-09,2.690575378753225119e-08,1.309949029392987949e-06,8.240437336181497017e-11,2.782430808710660751e-05,4.002872108145125172e-08,1.085307779497083547e-07,7.590734986482560035e-09,3.205797858514478346e-10,1.872378779132365771e-05,5.652056297380915894e-11,1.572673469271245062e-11,2.554774498816153207e-06,1.791030369170061445e-08,7.073545626722217808e-06,6.708500806891375264e-09,6.825546036837137898e-01,0.000000000000000000e+00,2.168247268995264606e-08,8.607655956011331269e-06,1.431037829336877121e-07,8.292922116157175447e-06
1.406250000000000035e-02,-7.238021049999999734e-01,0.000000000000000000e+00,1.711793979999999920e+03,1.837473059999999991e-01,1.137458232582587575e-01,2.950588356746659119e-02,6.347576530558093566e+00,1.291807002502952673e+05,-1.161469190268572447e+03,1.927422177673647529e-03,2.785405606638082043e-06,9.747118458235462524e-07,1.568486958106873885e-02,1.200572938550937202e-05,1.052711088729402916e-01,3.426386775864433035e-06,1.571477788103263914e-07,4.952648444022271927e-11,2.595690936867062744e-09,1.544231018136150215e-06,6.388116162289695490e-08,1.312067148416366314e-03,4.560334834495784889e-02,4.912248674071033328e-02,8.581761059642020739e-02,8.446041489805830882e-07,3.087446236273526227e-04,2.210156387332394266e-07,1.942706017655200169e-07,3.273633216048802487e-05,4.957526854016384078e-08,3.773365835445637896e-03,5.988916832771520408e-06,4.064689325094017480e-03,2.229246627309352637e-05,1.652634628005309478e-03,7.516857610927332674e-06,3.995569655177443362e-04,7.826817280553218575e-06,1.730515107911309881e-10,3.689548315546803177e-09,3.041999276328379662e-08,1.305457678424343852e-06,9.738193438246234541e-11,2.797289436623738647e-05,3.707075335525648945e-08,1.090891028683320583e-07,8.358585709911388172e-09,3.890980465303679450e-10,1.876766167734788374e-05,6.560550412081573460e-11,2.171751097378748467e-11,2.552779596918856295e-06,1.831770697789096593e-08,7.084615321449039159e-06,7.847466610528295842e-09,6.848886361733558248e-01,0.000000000000000000e+00,2.438426497056877511e-08,8.257084720033896301e-06,1.589267248081792637e-07,8.488647799754404591e-06
1.407421870000000012e-02,-7.374130140000000333e-01,0.000000000000000000e+00,1.722841100000000097e+03,1.829312590000000127e-01,1.107675588205973838e-01,2.959925376776434761e-02,7.444704152023531307e+00,1.232992448693289625e+05,-1.157231201146931426e+03,1.927028168546663723e-03,3.246388737551621385e-06,1.167819649119247504e-06,1.578540788809487672e-02,1.440067698913921950e-05,1.056090699203511840e-01,3.680957407223875643e-06,1.694342828722151550e-07,8.320848223724536990e-11,3.786830097144028109e-09,1.871280678588707363e-06,7.964307393993435026e-08,1.387554528953526857e-03,4.252616996792738663e-02,4.926497816284507170e-02,8.611116903505620923e-02,9.668516702708144608e-07,3.136846447634236419e-04,2.660999557993112990e-07,2.166842658365798907e-07,3.286422357521428665e-05,6.052109445435587116e-08,3.759740947164458107e-03,6.786166664881971911e-06,3.998875216984106723e-03,2.424129538171757028e-05,1.569937108815976394e-03,8.636137153486752335e-06,3.980090626998274302e-04,8.005942403962035937e-06,2.374987328208819671e-10,4.238694436803239237e-09,3.438263907406911865e-08,1.299558189019892218e-06,1.152377109130893975e-10,2.812574997878797162e-05,3.431222237412222485e-08,1.096731209172861285e-07,9.219162263047043010e-09,4.727028866434944094e-10,1.880707538581597889e-05,7.728762014171080682e-11,3.009938527729948410e-11,2.548672778077828335e-06,1.876062518585101078e-08,7.092745044650755299e-06,9.189286633069574917e-09,6.871668194817487363e-01,0.000000000000000000e+00,2.745939897929052359e-08,7.893435014046886508e-06,1.768548158666186734e-07,8.699613843438877445e-06
1.408593749999999950e-02,-7.509743749999999718e-01,0.000000000000000000e+00,1.733703559999999925e+03,1.821369280000000035e-01,1.078578578898444773e-01,2.968974721007106368e-02,8.741650153997090555e+00,1.176719979628930159e+05,-1.152535520151580613e+03,1.925725057338461979e-03,3.790916374760587190e-06,1.403432788060320091e-06,1.589182087803596780e-02,1.731750557606553378e-05,1.059381488535832277e-01,3.967714314516235429e-06,1.834377857464712557e-07,1.402813278061176500e-10,5.538251652345600998e-09,2.268101446865264370e-06,9.928875376277333954e-08,1.463904937976741880e-03,3.953976154535222831e-02,4.939833733172672298e-02,8.639695788059105486e-02,1.110677828464936014e-06,3.189936585591199433e-04,3.212215405560407488e-07,2.417602456658639861e-07,3.298597385441019605e-05,7.390410869785738827e-08,3.741285904829181209e-03,7.689819059371926497e-06,3.922945194578110299e-03,2.626521076369894012e-05,1.484733897947954290e-03,9.900782036316162446e-06,3.960932224525609059e-04,8.195431198673122059e-06,3.287338685456580100e-10,4.890996673240169876e-09,3.884074374631833860e-08,1.292072778214230535e-06,1.365679588112498608e-10,2.828374346090913193e-05,3.175302475611425137e-08,1.102885988475704956e-07,1.018149818592818570e-08,5.749068472054230972e-10,1.884168917395896408e-05,9.265507897194172592e-11,4.187296904212750856e-11,2.542199956486433908e-06,1.924244427340508008e-08,7.097547230190503462e-06,1.077149038511275914e-08,6.893905170471956723e-01,0.000000000000000000e+00,3.093750015724138473e-08,7.514881089613708559e-06,1.971697137274924075e-07,8.926349187662922929e-06
1.409765619999999928e-02,-7.644805930000000416e-01,0.000000000000000000e+00,1.744374639999999999e+03,1.813645299999999960e-01,1.050153544278651097e-01,2.977717265713859113e-02,1.027724245952196291e+01,1.122765555888655799e+05,-1.147260299689271278e+03,1.923381838935343769e-03,4.435570987544763562e-06,1.692301399063254699e-06,1.600528949114053689e-02,2.088471168843961451e-05,1.062577719411827715e-01,4.292091137624183968e-06,1.993846538896339336e-07,2.372386518686804994e-10,8.120314875505134339e-09,2.749700268477949171e-06,1.237774719314850422e-07,1.540430559147319993e-03,3.664494837971579710e-02,4.952162407258812321e-02,8.667502575202247483e-02,1.280728929291073648e-06,3.246933048202713763e-04,3.887267297848267487e-07,2.698201948506454690e-07,3.309889448167865444e-05,9.027723755002852825e-08,3.717324997942336555e-03,8.711704255177780184e-06,3.836136037876570343e-03,2.833858168431364707e-05,1.397273699226562159e-03,1.132383119373187953e-05,3.937596037820408935e-04,8.395098525353032257e-06,4.585238537461917253e-10,5.666980146863136579e-09,4.384192427573202675e-08,1.282804319289924895e-06,1.620967759102740012e-10,2.844784308425316776e-05,2.939182458373064089e-08,1.109422779385897451e-07,1.125445379377028290e-08,7.000729286124862750e-10,1.887110568955421475e-05,1.132954209372871973e-10,5.846973336763504700e-11,2.533083018597854023e-06,1.976684458905839004e-08,7.098562646070708108e-06,1.263835309300424948e-08,6.915610446171979175e-01,0.000000000000000000e+00,3.483759988071622345e-08,7.119666426059026939e-06,2.201777538781242498e-07,9.169070374924612180e-06
1.410937500000000039e-02,-7.779251069999999491e-01,0.000000000000000000e+00,1.754845800000000054e+03,1.806144869999999902e-01,1.022387584831944418e-01,2.986129674853950366e-02,1.209741064786053855e+01,1.071066622807616513e+05,-1.141338032375633702e+03,1.919849326563105281e-03,5.200252490690561638e-06,2.048288936333174095e-06,1.612721137112923045e-02,2.526553175476990590e-05,1.065672328092244214e-01,4.660507361656807575e-06,2.175235166105916417e-07,4.021819962800178946e-10,1.193518727863375023e-08,3.334025854031461079e-06,1.542926627237868563e-07,1.616269977106569956e-03,3.384292963941473720e-02,4.963369851114626113e-02,8.694539854435123782e-02,1.482769737345560677e-06,3.308022764078011563e-04,4.714832341559555631e-07,3.012138654607700148e-07,3.319945724056666954e-05,1.103135928025177329e-07,3.687093393399403125e-03,9.863377242342683812e-06,3.737720593308770968e-03,3.042602334553164365e-05,1.307841387658715800e-03,1.291780967687466842e-05,3.909513053001229693e-04,8.604480444596346084e-06,6.439009748472950351e-10,6.590951208200946777e-09,4.943244521150654406e-08,1.271536077723709105e-06,1.927000466550303473e-10,2.861912694876633025e-05,2.722606345126017951e-08,1.116420808001394964e-07,1.244631087771874133e-08,8.536054894718842443e-10,1.889485216617462987e-05,1.415149797466613229e-10,8.193176765332658380e-11,2.521020355486894783e-06,2.033781846359144673e-08,7.095247497298160769e-06,1.484185247343026798e-08,6.936796657581818515e-01,0.000000000000000000e+00,3.916060202989509606e-08,6.706292257994463937e-06,2.462040575592480181e-07,9.427547343122900510e-06
1.412109370000000017e-02,-7.913001050000000314e-01,0.000000000000000000e+00,1.765106219999999894e+03,1.798874699999999938e-01,9.952686466272299415e-02,2.994183426442432669e-02,1.425565272654826821e+01,1.021408506200359407e+05,-1.134591169744400759e+03,1.914958217506816619e-03,6.108693392046775083e-06,2.489352986758982356e-06,1.625924687883124192e-02,3.066709916007291024e-05,1.068656588608660613e-01,5.080516113385412064e-06,2.381194936899798879e-07,6.826758451111888559e-10,1.757815437711408948e-08,4.042233784737206412e-06,1.922782667496629713e-07,1.690357217799236299e-03,3.113531015946332386e-02,4.973317693524979821e-02,8.720807448645928606e-02,1.723935867755518561e-06,3.373344835608067457e-04,5.729526922540431570e-07,3.363113665621387662e-07,3.328307435666704313e-05,1.348236708244660680e-07,3.649730735248226353e-03,1.115522858547642996e-05,3.627040205277768086e-03,3.248082685771152574e-05,1.216766238415828731e-03,1.469417508086889241e-05,3.876042474953579186e-04,8.822745568513210861e-06,9.094447938159466565e-10,7.691422529986137485e-09,5.565453682754047125e-08,1.258032438362102349e-06,2.294311127012917352e-10,2.879879516250535374e-05,2.525198636712312657e-08,1.123973668536640387e-07,1.376427718207957446e-08,1.042164528643151823e-09,1.891235377537702633e-05,1.806383027648176032e-10,1.151483068500824413e-10,2.505688176737714333e-06,2.095967737271151026e-08,7.086958980773119938e-06,1.744264277729051865e-08,6.957475890941701158e-01,0.000000000000000000e+00,4.387978844287062566e-08,6.273748321831882086e-06,2.755831736412039996e-07,9.700933027369852915e-06
1.413281249999999954e-02,-8.045961520000000089e-01,0.000000000000000000e+00,1.775142090000000053e+03,1.791844609999999893e-01,9.687856039913825268e-02,3.001843966085510074e-02,1.681281910249638756e+01,9.859336571217460732e+04,-1.128777178550598364e+03,1.908517247448510232e-03,7.188962260389102385e-06,3.038805625937431688e-06,1.640337417807039011e-02,3.735122725006527776e-05,1.071519858567488992e-01,5.560959532565573160e-06,2.614429396504779039e-07,1.158310398451458985e-09,2.591404766535560464e-08,4.898763843450861057e-06,2.394656716798591691e-07,1.761391417645202231e-03,2.852412556186619680e-02,4.981837663339799133e-02,8.746301548307100493e-02,2.012983047308850293e-06,3.442965515397111579e-04,6.972373010678659392e-07,3.754871574980125909e-07,3.334383435542274672e-05,1.647675217797228848e-07,3.604276885181455052e-03,1.259538818316127142e-05,3.503544465316124103e-03,3.444413825395176181e-05,1.124431968496751068e-03,1.666270127772369395e-05,3.836473314871032643e-04,9.048583617902981416e-06,1.290441788274813145e-09,9.001424117966028917e-09,6.254280491638675758e-08,1.242040588339520437e-06,2.735461046342972169e-10,2.898818076124580611e-05,2.346467466863016049e-08,1.132192368486376102e-07,1.521391987966056417e-08,1.273887588296944358e-09,1.892289447470204948e-05,2.353967716852989360e-10,1.621363857832404382e-10,2.486742696675482654e-06,2.163704127107351587e-08,7.072938720544213937e-06,2.051101837257889328e-08,6.977659560671591876e-01,0.000000000000000000e+00,4.893168923458340022e-08,5.821776672216887843e-06,3.086494755873676411e-07,9.987551766647677432e-06
1.413867190000000010e-02,-8.112101090000000125e-01,0.000000000000000000e+00,1.780068989999999985e+03,1.788425750000000036e-01,9.557760623619546148e-02,3.005511072799210703e-02,1.828450781745464937e+01,9.624497703985981934e+04,-1.124644923455162370e+03,1.904632328335833635e-03,7.806076283179466105e-06,3.365820447059124785e-06,1.648091928559984945e-02,4.130123286391317999e-05,1.072901249062555851e-01,5.827970024907829202e-06,2.742348467603881380e-07,1.519187838672614479e-09,3.152605277245420813e-08,5.393546385287406036e-06,2.672600147664823607e-07,1.795176998431469769e-03,2.725546957618561750e-02,4.985482635643950777e-02,8.758758892347061342e-02,2.179586688095593016e-06,3.479399006959886216e-04,7.698162353273755291e-07,3.967529026533384236e-07,3.336274227084940988e-05,1.822196848407861239e-07,3.578082316873661649e-03,1.337369418831477782e-05,3.436779346997124659e-03,3.536522636909974582e-05,1.077938749058154335e-03,1.772252658451499690e-05,3.814079586667460330e-04,9.163692521993252335e-06,1.543507658651365243e-09,9.749696481481234787e-09,6.624710404211679850e-08,1.233003238922667255e-06,2.989224017388175315e-10,2.908713247458521040e-05,2.263897808021926247e-08,1.136605239006894715e-07,1.598995628602882735e-08,1.409791048768199516e-09,1.892519218346417299e-05,2.711788987630583062e-10,1.929168348314395191e-10,2.475763807836809023e-06,2.199869948077870400e-08,7.063422163828356751e-06,2.225319708055633796e-08,6.987571653894631973e-01,0.000000000000000000e+00,5.154893565495928268e-08,5.588595015116983268e-06,3.267180917145311204e-07,1.013488959114467173e-05
1.414453119999999932e-02,-8.177997409999999689e-01,0.000000000000000000e+00,1.784932549999999992e+03,1.785072540000000041e-01,9.429226105552890314e-02,3.009062906554293981e-02,1.988555381245634024e+01,9.393439884874480776e+04,-1.120154964672040705e+03,1.900276277528707269e-03,8.479048338973070874e-06,3.732608365145775444e-06,1.656243917846069238e-02,4.570748834055781220e-05,1.074247128602951046e-01,6.114144982048608205e-06,2.878036306257138876e-07,1.988136157414446382e-09,3.833750055014241505e-08,5.936290532279906469e-06,2.981646666122394405e-07,1.827571657623259073e-03,2.601203586617157476e-02,4.988687333512255295e-02,8.771017708593367712e-02,2.362507936927578820e-06,3.516883495426323717e-04,8.500121498945666755e-07,4.191698884548731880e-07,3.337284715659890439e-05,2.014794747379776928e-07,3.549442495383981107e-03,1.418990878154614637e-05,3.366661255621686104e-03,3.623422715287771047e-05,1.031308328658792550e-03,1.883296057550790104e-05,3.789851565071331312e-04,9.279887577931586332e-06,1.846621777598484627e-09,1.056514568626012050e-08,7.012511210880290101e-08,1.223239878409187238e-06,3.267283035750926955e-10,2.918909936203983066e-05,2.185792847157395640e-08,1.141238028515829897e-07,1.679993197815183371e-08,1.560501567970581129e-09,1.892536777538772233e-05,3.136545785920949424e-10,2.294958517015426292e-10,2.463738136795930257e-06,2.237617007089998552e-08,7.052111410828790705e-06,2.414458236860018230e-08,6.997363160899990886e-01,0.000000000000000000e+00,5.419997122951341352e-08,5.350954713041130687e-06,3.458220535502614463e-07,1.028438498662524638e-05
1.415039059999999987e-02,-8.243631769999999470e-01,0.000000000000000000e+00,1.789729800000000068e+03,1.781787459999999990e-01,9.302241674030151120e-02,3.012492655129812846e-02,2.162799809319261257e+01,9.166979360249616730e+04,-1.115329897259015070e+03,1.895418108598984682e-03,9.212842113190245185e-06,4.144892896936264874e-06,1.664830718769425358e-02,5.062803286257783615e-05,1.075555349204993516e-01,6.420964995253886465e-06,3.021719747766468643e-07,2.598417068079357119e-09,4.661007726554774051e-08,6.530896245172629814e-06,3.324920867542354897e-07,1.858325918626401807e-03,2.479421548167313333e-02,4.991418726310548754e-02,8.783075903507911453e-02,2.563545378105132636e-06,3.555386647372004208e-04,9.385479973062638569e-07,4.427705796727221656e-07,3.337285197533215996e-05,2.227186288353755219e-07,3.518209407399483946e-03,1.504299318888083811e-05,3.293176497565818931e-03,3.703914637262218219e-05,9.846124452722148767e-04,1.999425848522106311e-05,3.763683287218039806e-04,9.396771903054292068e-06,2.209769578366629001e-09,1.145319979153426391e-08,7.417646004517180684e-08,1.212715949103610332e-06,3.571906477359793504e-10,2.929429207834686455e-05,2.112063138438849387e-08,1.146111589152841329e-07,1.764364418695854285e-08,1.727646778722994489e-09,1.892325928601270598e-05,3.641022237308705897e-10,2.729911287982161441e-10,2.450618468188603702e-06,2.277006398316930178e-08,7.038869154797156450e-06,2.619705838063620645e-08,7.007035314820687644e-01,0.000000000000000000e+00,5.685721245797348169e-08,5.109195056223492180e-06,3.659820657294810518e-07,1.043545959228653625e-05
1.415625000000000043e-02,-8.308983410000000402e-01,0.000000000000000000e+00,1.794457409999999982e+03,1.778573370000000042e-01,9.176797274884446187e-02,3.015792934478296258e-02,2.352433361310540505e+01,8.944605807311163517e+04,-1.110111786189926988e+03,1.890025309229444173e-03,1.001274099591784535e-05,4.609284658120812416e-06,1.673893239317560122e-02,5.612781317711691058e-05,1.076823589560983313e-01,6.749999917248051245e-06,3.173567508706148678e-07,3.392444908616913562e-09,5.665053447690380145e-08,7.181311757072206537e-06,3.705686418489206222e-07,1.887171889230607321e-03,2.360242709037738140e-02,4.993640327964112696e-02,8.794930816414341102e-02,2.784669858864701129e-06,3.594861938534388963e-04,1.036176759577554710e-06,4.675790678093698514e-07,3.336130248639872312e-05,2.461174598996588696e-07,3.484230098579493146e-03,1.593132659350485837e-05,3.216328718688714946e-03,3.776739618460237680e-05,9.379285946176101237e-04,2.120641199135422995e-05,3.735466318477065253e-04,9.513877786121230080e-06,2.644725718921755789e-09,1.241950669493661534e-08,7.839919176803696461e-08,1.201396879510195108e-06,3.905517868407735633e-10,2.940293138801253957e-05,2.042612609167234849e-08,1.151248689530640331e-07,1.852066269244919847e-08,1.913002289220076606e-09,1.891867919228692958e-05,4.239960428271384901e-10,3.246962738676225982e-10,2.436356979006706793e-06,2.318098119054920496e-08,7.023547207136526891e-06,2.842321188841196611e-08,7.016589257139363989e-01,0.000000000000000000e+00,5.948908307574653757e-08,4.863757828017064154e-06,3.872144408421341821e-07,1.058742499568354859e-05
1.416210939999999925e-02,-8.374029299999999898e-01,0.000000000000000000e+00,1.799111630000000105e+03,1.775433519999999876e-01,9.052883738430061999e-02,3.018955603917025665e-02,2.558759304827977488e+01,8.726447109053534223e+04,-1.104476131960968587e+03,1.884063807250190795e-03,1.088434058411419948e-05,5.133473032507645972e-06,1.683476267542950017e-02,6.227960440910232094e-05,1.078049278426576607e-01,7.102897629633252821e-06,3.333672115134473589e-07,4.424311273542674841e-09,6.882472749954964320e-08,7.891442148482365310e-06,4.127329013976123587e-07,1.913823367206756365e-03,2.243711716725281177e-02,4.995311862709294476e-02,8.806579177146713067e-02,3.028049355580532721e-06,3.635245924694323447e-04,1.143670968330801399e-06,4.936082712795739832e-07,3.333657245134494696e-05,2.718622606032144005e-07,3.447347554968562770e-03,1.685251397540359297e-05,3.136140965422772042e-03,3.840580734394635775e-05,8.913404316990800351e-04,2.246910676720612402e-05,3.705090504592384987e-04,9.630655185943965205e-06,3.165314225380193514e-09,1.346988838034056879e-08,8.278951057916792117e-08,1.189248348264280660e-06,4.270697423766876317e-10,2.951524855692221080e-05,1.977339057114054512e-08,1.156674278311822740e-07,1.943030937164127602e-08,2.118500626908028017e-09,1.891141007239861371e-05,4.950214412775114038e-10,3.861106984364676929e-10,2.420905446466665220e-06,2.360949676554171310e-08,7.005985919774696105e-06,3.083629255499413811e-08,7.026026079745447683e-01,0.000000000000000000e+00,6.205869830942472532e-08,4.615195413264078262e-06,4.095267714022917087e-07,1.073947098432563847e-05
1.416796870000000021e-02,-8.438743869999999481e-01,0.000000000000000000e+00,1.803688300000000027e+03,1.772371570000000063e-01,8.930492742917722770e-02,3.021971717003409108e-02,2.783138352330660581e+01,8.401857678463580669e+04,-1.095277588149015628e+03,1.877498047420725780e-03,1.183353288374329792e-05,5.726453882133097181e-06,1.693628907673322068e-02,6.916496630498236416e-05,1.079229578517373195e-01,7.481368279722225905e-06,3.502029015188973474e-07,5.762781982083190223e-09,8.357636758518424046e-08,8.665029408096132309e-06,4.593319503689777201e-07,1.937976557337641424e-03,2.129875787074013427e-02,4.996388873136047709e-02,8.818017077885960397e-02,3.296078265471904836e-06,3.676455074949350134e-04,1.261807428266550874e-06,5.208557952844573935e-07,3.329684885425736654e-05,3.001402075876725666e-07,3.407401845318970644e-03,1.780318347554229712e-05,3.052657925806311675e-03,3.894068674650395974e-05,8.449380468392386984e-04,2.378167526732914583e-05,3.672444794954859287e-04,9.746459346610483222e-06,3.787672864796560982e-09,1.461027967992865066e-08,8.734151238001174192e-08,1.176236718384106422e-06,4.670185343584180318e-10,2.963148555929278011e-05,1.916134567367647719e-08,1.162415648403093548e-07,2.037164117201379335e-08,2.346237786776778903e-09,1.890119887403385963e-05,5.790803602044695152e-10,4.589628193694848192e-10,2.404215366697130393e-06,2.405614366695208804e-08,6.986013740402735348e-06,3.345015175404675912e-08,7.035346810334962564e-01,0.000000000000000000e+00,6.452243891136020367e-08,4.364176834004569852e-06,4.329128844052718169e-07,1.089065318503860997e-05
1.417968749999999958e-02,-8.567097259999999492e-01,0.000000000000000000e+00,1.812595700000000079e+03,1.766491550000000021e-01,8.690302254722702402e-02,3.027536073059785074e-02,3.283542649587393214e+01,8.094026127582181653e+04,-1.084377581322220067e+03,1.862450148522735646e-03,1.398248668890932497e-05,7.149103234329450458e-06,1.715785388639067682e-02,8.539516263226598972e-05,1.081445039142215903e-01,8.319482903401126061e-06,3.862853606936048965e-07,9.613180742374986578e-09,1.224524929028727224e-07,1.041110079174208996e-05,5.668139355504126615e-07,1.977868828431187612e-03,1.910451968484661381e-02,4.996624486036761043e-02,8.840241832988067483e-02,3.913260136896067367e-06,3.760979957016853691e-04,1.531925398784902355e-06,5.788836785408390673e-07,3.316680647369263737e-05,3.647337127106992651e-07,3.317941517368264148e-03,1.977789368431250724e-05,2.876149387718686303e-03,3.965996856854237391e-05,7.530112044027240667e-04,2.655173817893960225e-05,3.600100437144460345e-04,9.972833632089714837e-06,5.391493665723557268e-09,1.717718808637534365e-08,9.690179002313912263e-08,1.147548839089783427e-06,5.580821785573385840e-10,2.987631367630260739e-05,1.805545358567871522e-08,1.174922179068071331e-07,2.234449098227672144e-08,2.874560117719947122e-09,1.887114318503172551e-05,7.921995383716405072e-10,6.444866724888039333e-10,2.367017788122520879e-06,2.500443318016690143e-08,6.938362664496606538e-06,3.931599736881520684e-08,7.053639264405170417e-01,0.000000000000000000e+00,6.897470614529042273e-08,3.857457756940328954e-06,4.827679306170765083e-07,1.118707429112660011e-05
1.418554690000000014e-02,-8.630635279999999687e-01,0.000000000000000000e+00,1.816909589999999980e+03,1.763690330000000084e-01,8.572427595585783988e-02,3.030050886672569152e-02,3.569765884816951029e+01,7.889560576651059091e+04,-1.076460388435585401e+03,1.853845938824455909e-03,1.520219669036011983e-05,8.016889904916401629e-06,1.727988108904263478e-02,9.505543583972431371e-05,1.082469589313594244e-01,8.785309904429138139e-06,4.054650167428902099e-07,1.245866289209982396e-08,1.481285719060700532e-07,1.139386279277502583e-05,6.287101376013280026e-07,1.992599768736470593e-03,1.804984668855439539e-02,4.995605616832232004e-02,8.851017534387473074e-02,4.270906367291771473e-06,3.803907217587900857e-04,1.686345128930670110e-06,6.096045206134431153e-07,3.306940587903032077e-05,4.017219437452636664e-07,3.267867417927809368e-03,2.078986888681691393e-05,2.783330748235059507e-03,3.980827277475713672e-05,7.077602475512014208e-04,2.800670278224064207e-05,3.560006287742561114e-04,1.008086459360761327e-05,6.441707065915242813e-09,1.862240328819132916e-08,1.018772579353985201e-07,1.131764669282335736e-06,6.100847496131385782e-10,3.000583288097296872e-05,1.755802818886626130e-08,1.181799559250608008e-07,2.337274328517908681e-08,3.182746447981785702e-09,1.885013648804692262e-05,9.288396494110125196e-10,7.637640505156888017e-10,2.346331848512165037e-06,2.550793828382513596e-08,6.910023705618277967e-06,4.261929407297464168e-08,7.062617975521516822e-01,0.000000000000000000e+00,7.085299475507133189e-08,3.604204027714534591e-06,5.092943176770508711e-07,1.132849879281647528e-05
1.419140630000000070e-02,-8.693709400000000365e-01,0.000000000000000000e+00,1.821123820000000023e+03,1.760986790000000080e-01,8.456051292622447646e-02,3.032374527823447977e-02,3.879080541101388491e+01,7.688457046643485955e+04,-1.067837284317379499e+03,1.844482738656307496e-03,1.652527738796145208e-05,9.005951463439227717e-06,1.741008028731688001e-02,1.058689639228752179e-04,1.083434569210725701e-01,9.283914873236735773e-06,4.253330766901478858e-07,1.608138578828482703e-08,1.787865218697553018e-07,1.245089319092961416e-05,6.963090124927438234e-07,2.003500898540463895e-03,1.702420148759798899e-02,4.993764146362078549e-02,8.861557523544419390e-02,4.664354586602051518e-06,3.847064937197440830e-04,1.854151028649264293e-06,6.413423695327866504e-07,3.294780267599776622e-05,4.419530646780403526e-07,3.214090767658557991e-03,2.180944158411197946e-05,2.687645128042069793e-03,3.980295197100383310e-05,6.631117725169278967e-04,2.950549727850545876e-05,3.517204547437741851e-04,1.018428459258082072e-05,7.684991894401538772e-09,2.018053518529862610e-08,1.069650739220767101e-07,1.114997689187732253e-06,6.667281125142934229e-10,3.014033807804298050e-05,1.709643068754537280e-08,1.189129889133727367e-07,2.442661908220538325e-08,3.522861407433620706e-09,1.882468118628635441e-05,1.088048429207364536e-09,9.033664333419039457e-10,2.324212708306827581e-06,2.603100588103660009e-08,6.878462744989089518e-06,4.618374576635547433e-08,7.071484014848473665e-01,0.000000000000000000e+00,7.243517684723148678e-08,3.352230897557924105e-06,5.367906666089519026e-07,1.146376469164872916e-05
1.419726559999999992e-02,-8.756277190000000266e-01,0.000000000000000000e+00,1.825231250000000045e+03,1.758387399999999934e-01,8.341169730293111761e-02,3.034493104157626187e-02,4.212987751898277367e+01,7.489786693199613364e+04,-1.058380209577664800e+03,1.834319279957127629e-03,1.795850249958026918e-05,1.013642309976308615e-05,1.754922519958983240e-02,1.179739169972426693e-04,1.084335539974656537e-01,9.816937329770553678e-06,4.458003379895805850e-07,2.067941949951667089e-08,2.152901299949681603e-07,1.358254309968254395e-05,7.698396879820070051e-07,2.010215509953016105e-03,1.602814149962538195e-02,4.991027839883347555e-02,8.871852249792643030e-02,5.096952139880871695e-06,3.890210669909076411e-04,2.035750119952419578e-06,6.739568899842480748e-07,3.279912729923340582e-05,4.855504889886515888e-07,3.156463849926225730e-03,2.282691679946648094e-05,2.589273609939482610e-03,3.963268309907369422e-05,6.191862099855280745e-04,3.104508749927440558e-05,3.471592589918860304e-04,1.028180239975969060e-05,9.152506869786084250e-09,2.185644599948916356e-08,1.121446689973789158e-07,1.097224889974355156e-06,7.283350829829770631e-10,3.028011709929228002e-05,1.666933949961039720e-08,1.196955759972024478e-07,2.550385009940391526e-08,3.897672509908901831e-09,1.879422989956073297e-05,1.272484229970258885e-09,1.066256229975079069e-09,2.300612649946229061e-06,2.657360139937890871e-08,6.843444939840052605e-06,5.002471719883080548e-08,7.080238049834517433e-01,0.000000000000000000e+00,7.366221389827834115e-08,3.102742399927481300e-06,5.651650799867906976e-07,1.159109339972908886e-05
1.420312500000000047e-02,-8.818291919999999839e-01,0.000000000000000000e+00,1.829223960000000034e+03,1.755899320000000041e-01,8.227780221597169596e-02,3.036391481117181948e-02,4.572939562544294034e+01,7.195051515878250939e+04,-1.042952545930886117e+03,1.823313789191319950e-03,1.950860399134750337e-05,1.143210989492960584e-05,1.769816139215047227e-02,1.315222419416669695e-04,1.085167659518704170e-01,1.038587069539363744e-05,4.667513967929854182e-07,2.648930858825140381e-08,2.585941408853077433e-07,1.478773939344131090e-05,8.494535906232485094e-07,2.012389269107460986e-03,1.506222659331957030e-02,4.987317307788014659e-02,8.881890426060685961e-02,5.572176727528616060e-06,3.933055028255603124e-04,2.231350189010346908e-06,7.072614706863139317e-07,3.262030188553217302e-05,5.325920257637836576e-07,3.094849668627365925e-03,2.383111428943037325e-05,2.488429018896326679e-03,3.928784098257497270e-05,5.761082877444832773e-04,3.262179068553151226e-05,3.423072338481791843e-04,1.037196399539980454e-05,1.087853499517512994e-08,2.365428608950880357e-08,1.173917949479341362e-07,1.078427189521693703e-06,7.952289076472983226e-10,3.042546368650563218e-05,1.627538959278150608e-08,1.205323569465412443e-07,2.660193958820145260e-08,4.310000538088419242e-09,1.875814719168034851e-05,1.484682049341510587e-09,1.255571629443126357e-09,2.275484498990772694e-06,2.713546918796481835e-08,6.804723386981954459e-06,5.415732687598002477e-08,7.088880706855924529e-01,0.000000000000000000e+00,7.447630606696811516e-08,2.857012308732851734e-06,5.942994897364150175e-07,1.170851509480701627e-05
1.421484370000000025e-02,-8.940512400000000248e-01,0.000000000000000000e+00,1.836840410000000020e+03,1.751277880000000065e-01,8.005509943704643139e-02,3.039481324204368687e-02,5.363407915111003632e+01,6.912417203520955809e+04,-1.024478786223745828e+03,1.798660068880231049e-03,2.297822088569473719e-05,1.460081919091015170e-05,1.802787478877661276e-02,1.634202738982614973e-04,1.086610469323522621e-01,1.163419289275704880e-05,5.096528486827118598e-07,4.255711507350575287e-08,3.688134267703925247e-07,1.740805568916248624e-05,1.026755749360785798e-06,2.002169428753534670e-03,1.322245759176826109e-02,4.976736076901696476e-02,8.901155064458519950e-02,6.659925145853814734e-06,4.016795337499314607e-04,2.663833398341610971e-06,7.751321815174357551e-07,3.216329077997651012e-05,6.368046546035526177e-07,2.959432278157583460e-03,2.576057688396256358e-05,2.280180448580457209e-03,3.805627427630779106e-05,4.928878096931491298e-04,3.587180887766773648e-05,3.317148127934884815e-04,1.052548519344728192e-05,1.521167829052985651e-08,2.762300628280309269e-08,1.280019909203114356e-07,1.037740679353947012e-06,9.458298104111666790e-10,3.073354178086660799e-05,1.558224339029916161e-08,1.223815569238104697e-07,2.885156188203824964e-08,5.254554506728738747e-09,1.866705108837869148e-05,1.997723408756302615e-09,1.722356348927734365e-09,2.220560828617573587e-06,2.831453828237257517e-08,6.715519225819204611e-06,6.333035686057322515e-08,7.105830515576213591e-01,0.000000000000000000e+00,7.470012705349489319e-08,2.380887198517761469e-06,6.542859645926695239e-07,1.190735789258698690e-05
1.422070310000000080e-02,-9.000540710000000111e-01,0.000000000000000000e+00,1.840433510000000069e+03,1.749174179999999912e-01,7.896578534971264440e-02,3.040616590958914595e-02,5.807683179384267191e+01,6.724647369819949381e+04,-1.011020411646451635e+03,1.784880038739712366e-03,2.491683088240645303e-05,1.657696178829515683e-05,1.821202238714065419e-02,1.823297478712586101e-04,1.087203269232335651e-01,1.231711439130299681e-05,5.310923376250005517e-07,5.376119406203970706e-08,4.383189986905069116e-07,1.881062258671798698e-05,1.124523299205984347e-06,1.988798928595727177e-03,1.234998689127978638e-02,4.969552116491044585e-02,8.910337003708490577e-02,7.282711974857742180e-06,4.056467927135764336e-04,2.900282027952136735e-06,8.090086914287662572e-07,3.187433207749381948e-05,6.942214605098165123e-07,2.885246697962753296e-03,2.665108298118190930e-05,2.173549508465276274e-03,3.716095647376098924e-05,4.531027226800682806e-04,3.753218587349886289e-05,3.259410787698559827e-04,1.058351669252707341e-05,1.793860198733371569e-08,2.979960657895876769e-08,1.332666489059016230e-07,1.015811709282744568e-06,1.030407809272438327e-09,3.089732367818367434e-05,1.527887668921172129e-08,1.234125999128594734e-07,2.999570897882030109e-08,5.795259565908019039e-09,1.860922868686019048e-05,2.305421688372162701e-09,2.008948898581499231e-09,2.190586108453247165e-06,2.892982777957291011e-08,6.664135475294514527e-06,6.841998285168926019e-08,7.114142894976768217e-01,0.000000000000000000e+00,7.403251984772629744e-08,2.154212188478930442e-06,6.849427945163681342e-07,1.198160409153989742e-05
1.422656249999999963e-02,-9.059780440000000379e-01,0.000000000000000000e+00,1.843871759999999995e+03,1.747218140000000031e-01,7.789136826235516786e-02,3.041458145802713661e-02,6.281507074863688445e+01,6.445784678537182481e+04,-9.890225024960307110e+02,1.770092909573763983e-03,2.699636789349930887e-05,1.886173779545811794e-05,1.841017979556685072e-02,2.034220049510162458e-04,1.087703749738082315e-01,1.303910299686020143e-05,5.522822468670111333e-07,6.748353548375006315e-08,5.185838178751255936e-07,2.026378389512050609e-05,1.227811709704344463e-06,1.969657429525708929e-03,1.150976059722846542e-02,4.960994838805398571e-02,8.919195007852269430e-02,7.960926038083019490e-06,4.094123719014140187e-04,3.148751379241784868e-06,8.423750287971572317e-07,3.154150069240484265e-05,7.548102048182427401e-07,2.806713479324146956e-03,2.747427919338423015e-05,2.065617049502601731e-03,3.608134999131165752e-05,4.146719969001475296e-04,3.920808389055874667e-05,3.198437399229820365e-04,1.062686849744106469e-05,2.107904989492419217e-08,3.210273989226970052e-08,1.384635099666581735e-07,9.928340177609268506e-07,1.121435969729959697e-09,3.106784889251890000e-05,1.500287929638732671e-08,1.245207149700155686e-07,3.114943989249925472e-08,6.383573888462843930e-09,1.854214799553507710e-05,2.646643269362691832e-09,2.333724629438041853e-09,2.158900689480139409e-06,2.956037289288189849e-08,6.607964458408810834e-06,7.385347398221617785e-08,7.122345798284948071e-01,0.000000000000000000e+00,7.281307648246671361e-08,1.936490559533695728e-06,7.157287708276534181e-07,1.203631189710167161e-05
1.423828119999999940e-02,-9.175681020000000521e-01,0.000000000000000000e+00,1.850248170000000073e+03,1.743779510000000033e-01,7.578757850915857075e-02,3.042198270202641636e-02,7.304076994371433784e+01,6.086501838402527210e+04,-9.541511076218414473e+02,1.737391698105383853e-03,3.159068246555053077e-05,2.452145077325949005e-05,1.885199277944200544e-02,2.527971047243261337e-04,1.088407938813097109e-01,1.459742018408159272e-05,5.931085603532183632e-07,1.037481068868632532e-07,7.145061882208348296e-07,2.327893627461444795e-05,1.448290628420646999e-06,1.913501667913336795e-03,9.927251299174386437e-03,4.939426184613582294e-02,8.935866470255486582e-02,9.489527929651721058e-06,4.161555565461846559e-04,3.675484435991904144e-06,9.059455460120713037e-07,3.073450986648417784e-05,8.838343360361833942e-07,2.636714917124676621e-03,2.886374236852424631e-05,1.847065917985784558e-03,3.339094676358735238e-05,3.422365226267929652e-04,4.257795545356896696e-05,3.066735836655740794e-04,1.066289018837217568e-05,2.870892656869306896e-08,3.707611755956869382e-08,1.485211398380385012e-07,9.437959239707956855e-07,1.323493488556737524e-09,3.142969616572608631e-05,1.452807268415721434e-08,1.269860208615224147e-07,3.347538046349527963e-08,7.706621271595970214e-09,1.837681027996018520e-05,3.422423866267865228e-09,3.103999466615105331e-09,2.090335407720500549e-06,3.085957876634779571e-08,6.480571462932972351e-06,8.576175320647727882e-08,7.138421672215590208e-01,0.000000000000000000e+00,6.868022392510458795e-08,1.531430838329982984e-06,7.765657451531592750e-07,1.207896148682795876e-05
1.425000000000000051e-02,-9.287496079999999488e-01,0.000000000000000000e+00,1.855846450000000004e+03,1.741075669999999909e-01,7.374324370076607016e-02,3.041487344829460135e-02,8.440761022506617905e+01,5.736688895716608386e+04,-9.129201191258637209e+02,1.700232239313248560e-03,3.679056208513969538e-05,3.217166018700534511e-05,1.936626679217764990e-02,3.136636958733061303e-04,1.088654939560274593e-01,1.629665149341751724e-05,6.295738927457049653e-07,1.549553259374110331e-07,9.618245016115034601e-07,2.631290888937178949e-05,1.681021739321007973e-06,1.832399679259864031e-03,8.477792626575681584e-03,4.910810588016443351e-02,8.950914806384580036e-02,1.125852219545250111e-05,4.212889948298345275e-04,4.224962898293469049e-06,9.614528596116535206e-07,2.971172748799895332e-05,1.020057249587982336e-06,2.449746919010507493e-03,2.978664128796869391e-05,1.628114229342378155e-03,3.008281328784906478e-05,2.765399488883010662e-04,4.589567828146199583e-05,2.921604368819916511e-04,1.061279059571332216e-05,3.838122628449720170e-08,4.248495698283963770e-08,1.577429969362850443e-07,8.908187216401838468e-07,1.553393379372559012e-09,3.182128338714686422e-05,1.414422859428691584e-08,1.298457889475531880e-07,3.580175148553908669e-08,9.230908966271486373e-09,1.815845819266550515e-05,4.299600538263321738e-09,4.043434918366790984e-09,2.014484189186317257e-06,3.218693838699917834e-08,6.330797997442887962e-06,9.909754315997289395e-08,7.154066267110357202e-01,0.000000000000000000e+00,6.244056737477923086e-08,1.174536469525585833e-06,8.347080266628478835e-07,1.200968219514909503e-05
1.426171870000000029e-02,-9.394478450000000036e-01,0.000000000000000000e+00,1.860538469999999961e+03,1.739222599999999952e-01,7.175854270398551726e-02,3.039107949669458963e-02,9.678205898664397466e+01,5.396225349576683948e+04,-8.644828822064145015e+02,1.658387039290110760e-03,4.259861948176522960e-05,4.255710638178300710e-05,1.996644199145316406e-02,3.880594528338872557e-04,1.088376119534109621e-01,1.810910489224821658e-05,6.591564377178414970e-07,2.236102109042814120e-07,1.259745189460753424e-06,2.918477028750716688e-05,1.914525419180468030e-06,1.726442039260979141e-03,7.163224486933709653e-03,4.873890047913682910e-02,8.964021486162861152e-02,1.325764519432493133e-05,4.241217498184504534e-04,4.769271707958465407e-06,1.004035009570212717e-06,2.845064598782141532e-05,1.156889249504782039e-06,2.247018799038141140e-03,3.011955968710702133e-05,1.412406649395405020e-03,2.630808578873856303e-05,2.182765409065645429e-04,4.905190357900284090e-05,2.762910568817308400e-04,1.045710519552373117e-05,5.017518857852200545e-08,4.822614687935631156e-08,1.656948259290726703e-07,8.342446706428932796e-07,1.811234819224682708e-09,3.224375648619773587e-05,1.383984799407571396e-08,1.331690039429956695e-07,3.810279188368971750e-08,1.094387709531536430e-08,1.787379269234894543e-05,5.217765827766483409e-09,5.140252097799663335e-09,1.931066479173387729e-06,3.350729908565686479e-08,6.156563817364621415e-06,1.138175889512792325e-07,7.169282436931116997e-01,0.000000000000000000e+00,5.449134457667443519e-08,8.710005966271595479e-07,8.874647946201117156e-07,1.180540049494657962e-05
1.427343749999999967e-02,-9.495785469999999950e-01,0.000000000000000000e+00,1.864179789999999912e+03,1.738351499999999938e-01,6.983362049412722428e-02,3.034819396413540940e-02,1.099067104268653452e+02,5.148611801429688785e+04,-8.221602894493613576e+02,1.611705659427188370e-03,4.898907368258894197e-05,5.668261807985459450e-05,2.066787929265449103e-02,4.780545948300960412e-04,1.087495919613496315e-01,1.998836509289599476e-05,6.794107237585326644e-07,3.102355408897400557e-07,1.598956899431719452e-06,3.167233118874343323e-05,2.133204189241844019e-06,1.597164449432356441e-03,5.983952447873260895e-03,4.827257628284358643e-02,8.974769346810304582e-02,1.544703489451001402e-05,4.238510688493603404e-04,5.271666128126412698e-06,1.028610049634424835e-06,2.693715129042634673e-05,1.285159639543245231e-06,2.030767519278250770e-03,2.976348028942185005e-05,1.203800069572161062e-03,2.226447689208704752e-05,1.678897759403307920e-04,5.190052648155418861e-05,2.590796389079212561e-04,1.017757149638281794e-05,6.389284127729204508e-08,5.414192388075758518e-08,1.719208019388981313e-07,7.745823987247078983e-07,2.095666689255185485e-09,3.269709078837922421e-05,1.360418919516497515e-08,1.370319619512978822e-07,4.035123638565888291e-08,1.280779139544801942e-08,1.750827719377743511e-05,6.081656977838536171e-09,6.355512727741205978e-09,1.839870889346096940e-06,3.477210578764174886e-08,5.956138327883147298e-06,1.297771049538762982e-07,7.184073697446730078e-01,0.000000000000000000e+00,4.544933268384698645e-08,6.226578147787029612e-07,9.317203716688599939e-07,1.144553379593217736e-05
1.427929690000000022e-02,-9.543959130000000401e-01,0.000000000000000000e+00,1.865545409999999947e+03,1.738340519999999889e-01,6.889350064370462767e-02,3.031857043589641920e-02,1.167040422279553837e+02,4.985351517796773260e+04,-7.917988189916272859e+02,1.586528529670291595e-03,5.238048348911441627e-05,6.564666498635747093e-05,2.106340779562265383e-02,5.296563528899280934e-04,1.086798509774144078e-01,2.092807259565078072e-05,6.852462808575937313e-07,3.591728439253576032e-07,1.776713929630767745e-06,3.268213669320807962e-05,2.230959599536367509e-06,1.524902099683098653e-03,5.444726158868489971e-03,4.799696369002538765e-02,8.979050728133995685e-02,1.658544909655325467e-05,4.222157629122561917e-04,5.491924848858681579e-06,1.032536129785420982e-06,2.608432049457921922e-05,1.342462569721012782e-06,1.918780589601243617e-03,2.930643069390961064e-05,1.103609699770650467e-03,2.022320199579726163e-05,1.457178819697172443e-04,5.314034318895650397e-05,2.499824399480492839e-04,9.985606287924814490e-06,7.125547928519186633e-08,5.708502678813672776e-08,1.742168449637946862e-07,7.438371348454175514e-07,2.246722219533091531e-09,3.293478929315557389e-05,1.350874809719264446e-08,1.391990189710719892e-07,4.144423219138716548e-08,1.377109809713812336e-08,1.728946979640694293e-05,6.450091458659557845e-09,6.980730708549281340e-09,1.791280969627740357e-06,3.536019989265153541e-08,5.845557848785190195e-06,1.381250029712952035e-07,7.191312538505518770e-01,0.000000000000000000e+00,4.078034189152513097e-08,5.187131788922023072e-07,9.498242508026098569e-07,1.120126799767218043e-05
1.428515630000000078e-02,-9.590353790000000211e-01,0.000000000000000000e+00,1.866586569999999938e+03,1.738631579999999899e-01,6.796840626532094087e-02,3.028315545672272818e-02,1.235242522037468547e+02,4.825256381872921338e+04,-7.592987216904009529e+02,1.560134449488994983e-03,5.589117458169345941e-05,7.608952677507769657e-05,2.149106239296083576e-02,5.858705118081044150e-04,1.085919039644319128e-01,2.185701529284097254e-05,6.880781187746274660e-07,4.110112658653777307e-07,1.955804179359397346e-06,3.350189558902681811e-05,2.317706339240860675e-06,1.448131489525680262e-03,4.938837468382336997e-03,4.769113848437928765e-02,8.982521077057872838e-02,1.773623749419068953e-05,4.194585208626109576e-04,5.684792298138007915e-06,1.030320359662529858e-06,2.516873059175625538e-05,1.393181529543678552e-06,1.804791209408860295e-03,2.866126239061231554e-05,1.006652599670281988e-03,1.819954789403893840e-05,1.255501739588774025e-04,5.422506158223916911e-05,2.405702179212038507e-04,9.757441616804057182e-06,7.883658647417793789e-08,5.998564868035236020e-08,1.759166369423804312e-07,7.125880847665995870e-07,2.403053829212905997e-09,3.317934948913246702e-05,1.342722319560205943e-08,1.415331159536423614e-07,4.251169898607575486e-08,1.474210379517138505e-08,1.704505129441708178e-05,6.758476767786335120e-09,7.604761457509142454e-09,1.740711769429848825e-06,3.590895248823841206e-08,5.728024728123848036e-06,1.466620979519624370e-07,7.198446457642226903e-01,0.000000000000000000e+00,3.612537138816752229e-08,4.277405658598982416e-07,9.644855446840933601e-07,1.091282729642562290e-05
1.429101560000000000e-02,-9.634843379999999957e-01,0.000000000000000000e+00,1.867281819999999925e+03,1.739244659999999998e-01,6.705830245252830668e-02,3.024159997223814858e-02,1.302885871113561507e+02,4.668075375591843476e+04,-7.245950097278937392e+02,1.532538410175442612e-03,5.950721750681229596e-05,8.824506841010216086e-05,2.195326180251317219e-02,6.468780580740536319e-04,1.084846640124191436e-01,2.276332290260591113e-05,6.878233810787409339e-07,4.645753620531838808e-07,2.131534880244015101e-06,3.410016780390372936e-05,2.390742990273688759e-06,1.367511660156550592e-03,4.465820270511240697e-03,4.735313780542091400e-02,8.985089381028599220e-02,1.888035150216139466e-05,4.154603490475612367e-04,5.843999890669011712e-06,1.021575090116948300e-06,2.419265150276953715e-05,1.435565030164341181e-06,1.689420420193402063e-03,2.783054000318599587e-05,9.133767541045619215e-04,1.622196110185706531e-05,1.073509710122893672e-04,5.512090780631015294e-05,2.308570910264281508e-04,9.492218061086653714e-06,8.649139700990140573e-08,6.280844980719021465e-08,1.769732980202596268e-07,6.809463090779536838e-07,2.563934970293514978e-09,3.343014360382702793e-05,1.335875450152929007e-08,1.440447420164900185e-07,4.354838660498535277e-08,1.570575150179797005e-08,1.677360340192021634e-05,6.991027130800322302e-09,8.212764560940185608e-09,1.688181990193260611e-06,3.640799280416793334e-08,5.603534150641483684e-06,1.553233260177811922e-07,7.205476340824871206e-01,0.000000000000000000e+00,3.158317280361559435e-08,3.490274690399561586e-07,9.751611231116348154e-07,1.057966830121114393e-05
1.429687500000000056e-02,-9.677300300000000188e-01,0.000000000000000000e+00,1.867609560000000101e+03,1.740200130000000012e-01,6.616312923760794829e-02,3.019355391472576533e-02,1.369040641232944040e+02,4.514586519838809181e+04,-6.877291190225698756e+02,1.503764949562930121e-03,6.321218888162735661e-05,1.023680559702466866e-04,2.245250079347417202e-02,7.128132577928205857e-04,1.083570429685059844e-01,2.363421569313070553e-05,6.844765178010566509e-07,5.183678098493362369e-07,2.298668409331891412e-06,3.444937798998728014e-05,2.447530179288624532e-06,1.283790379626865681e-03,4.025083238830108080e-03,4.698104178634494171e-02,8.986654417388025007e-02,1.999574099418823030e-05,4.101097268808014530e-04,5.963775278266626358e-06,1.006077849707582948e-06,2.315960509326865248e-05,1.467974679573332582e-06,1.573356839542703299e-03,2.682178579220423714e-05,8.241977647604466304e-04,1.431650219583890279e-05,9.106452097353206294e-05,5.579261948378385418e-05,2.208616629358064684e-04,9.189767237328990280e-06,9.404975537266441033e-08,6.551569628095783573e-08,1.773464189484541705e-07,6.490313058113587829e-07,2.728506589206958402e-09,3.368634329020905345e-05,1.330267179613357221e-08,1.467442019573487397e-07,4.454811488705207719e-08,1.664504169516211132e-08,1.647399679521182819e-05,7.134284867926416897e-09,8.788465627445627931e-09,1.633727779525156399e-06,3.684639828929057609e-08,5.472150678409516620e-06,1.640321059523240194e-07,7.212403157903712891e-01,0.000000000000000000e+00,2.724029789208259617e-08,2.817235899181169647e-07,9.813593657147676081e-07,1.020216169703473745e-05
1.430273439999999938e-02,-9.717597100000000543e-01,0.000000000000000000e+00,1.867548340000000053e+03,1.741518519999999959e-01,6.528279591917271474e-02,3.013866911228404999e-02,1.432647795606872023e+02,4.365102988105102850e+04,-6.487355144811433547e+02,1.473848949882134145e-03,6.698723319464294497e-05,1.187319219905048429e-04,2.299132979816135430e-02,7.837516729373222510e-04,1.082079569913464573e-01,2.445633249804419468e-05,6.781204529457697633e-07,5.706104649543675209e-07,2.451599039803942228e-06,3.452708629723882168e-05,2.485760569801210151e-06,1.197791649904210876e-03,3.615910509710830792e-03,4.657302009627549422e-02,8.987104349281288540e-02,2.105743909831600801e-05,4.033074139677469559e-04,6.039017239517051435e-06,9.837831999213255150e-07,2.207441609823467693e-05,1.488908759880930102e-06,1.457348139883453799e-03,2.564749149794893826e-05,7.394897509408619772e-04,1.250613489899986708e-05,7.661624729387289244e-05,5.620424759550526835e-05,2.106077699831574183e-04,8.850707239292197062e-06,1.013212719918972086e-07,6.806797289455651372e-08,1.770036329858447892e-07,6.169697979506601259e-07,2.895780559768420567e-09,3.394689899728522124e-05,1.325852249893969818e-08,1.496414029880329754e-07,4.550356679636102328e-08,1.754133989859719320e-08,1.614547259870882317e-05,7.178105769425957454e-09,9.314754449255085485e-09,1.577406489873852615e-06,3.721289869702403865e-08,5.334016119573431788e-06,1.726999619861889416e-07,7.219228019422668785e-01,0.000000000000000000e+00,2.316928169814712139e-08,2.248737369820165423e-07,9.826177649214187278e-07,9.781700499217744316e-06
1.430859370000000033e-02,-9.755608460000000370e-01,0.000000000000000000e+00,1.867077279999999973e+03,1.743220269999999905e-01,6.441717451981740505e-02,3.007660552046672459e-02,1.492536271664612855e+02,4.219543952796575468e+04,-6.076572686624409698e+02,1.442836188355139937e-03,7.081120681927391609e-05,1.376242998431057572e-04,2.357232937312710858e-02,8.596977360199285767e-04,1.080363458768365675e-01,2.521612207125315441e-05,6.689318282374053445e-07,6.193198882939638236e-07,2.584613737053492629e-06,3.431731796087762184e-05,2.503480057145986356e-06,1.110399008734124513e-03,3.237464436309230725e-03,4.612738534741392393e-02,8.986316499755432619e-02,2.203803557487623042e-05,3.949720295497245368e-04,6.065538053085174736e-06,9.548365179114686068e-07,2.094322007612433941e-05,1.497077408293304034e-06,1.342188748469880059e-03,2.432492877226913159e-05,6.595764662480705764e-04,1.081009478767629217e-05,6.391457952713619820e-05,5.632046363579362589e-05,2.001251637718536079e-04,8.476522860336607070e-06,1.081028578767607425e-07,7.042506561971411419e-08,1.759221107994455582e-07,5.848942433332097161e-07,3.064647506506245138e-09,3.421052426099937182e-05,1.322609638492200430e-08,1.527456158258671719e-07,4.640611254709617327e-08,1.837489517905228008e-08,1.578771758200170941e-05,7.116651541886885068e-09,9.774414168856987483e-09,1.519300398267969428e-06,3.749614335725370454e-08,5.189356184084038489e-06,1.812267037933982057e-07,7.225952121762280189e-01,0.000000000000000000e+00,1.942667317785323261e-08,1.774533877976998378e-07,9.785165698844729663e-07,9.320791349374125601e-06
1.431445309999999915e-02,-9.791213530000000276e-01,0.000000000000000000e+00,1.866176429999999982e+03,1.745325379999999871e-01,6.356609349780083240e-02,3.000703626363675908e-02,1.547451910548662397e+02,4.078766714564936410e+04,-5.646474041710163192e+02,1.410783910372661459e-03,7.466091211972182703e-05,1.593401320420900194e-04,2.419807980639197137e-02,9.405724962484540925e-04,1.078411850284864693e-01,2.590030910684162021e-05,6.571806641735955767e-07,6.624173681749789080e-07,2.692215990711154478e-06,3.381181250893145889e-05,2.499214270660172425e-06,1.022535200270104734e-03,2.888790540763079735e-03,4.564265421205659923e-02,8.984157482373184012e-02,2.290848860605132478e-05,3.850462241017107664e-04,6.040324231595563180e-06,9.195809522429091361e-07,1.977342210522318926e-05,1.491491680393980570e-06,1.228703680324564522e-03,2.287572270604266864e-05,5.847230491544557797e-04,9.243408122441665756e-06,5.285331901396131502e-05,5.610833191482113389e-05,1.894501130500436344e-04,8.069620712131608123e-06,1.141884520301631096e-07,7.254700041916343339e-08,1.740899270459862052e-07,5.529410991460606042e-07,3.233889990854238563e-09,3.447568540910682188e-05,1.320544670348824537e-08,1.560652000412249338e-07,4.724568571248004356e-08,1.912554760505205197e-08,1.540092820406818746e-05,6.949143551835630565e-09,1.015097730268140232e-08,1.459520430385535259e-06,3.768503000995457531e-08,5.038485611330926159e-06,1.895012750500571481e-07,7.232576751910499979e-01,0.000000000000000000e+00,1.605176970424010940e-08,1.384045800365598604e-07,9.687036302558850248e-07,8.823111572330643874e-06
1.432031249999999971e-02,-9.824298479999999945e-01,0.000000000000000000e+00,1.864827359999999999e+03,1.747853089999999998e-01,6.272933027844806997e-02,2.992965438326637695e-02,1.596097670576647829e+02,3.943059861783101223e+04,-5.198629552513469889e+02,1.377761050648188251e-03,7.851142193693686768e-05,1.841723090866466286e-04,2.487112701170099416e-02,1.026202240482792247e-03,1.076215050506321574e-01,2.649642201246563765e-05,6.432247553026146458e-07,6.978679073283224304e-07,2.769487241302946948e-06,3.301103641553053658e-05,2.472086111163029838e-06,9.351384684399499875e-04,2.568824581208541732e-03,4.511761072122625477e-02,8.980483384225003418e-02,2.363925441112144069e-05,3.735030641757200952e-04,5.961778562804808551e-06,8.785542594133290296e-07,1.857360030873822838e-05,1.471550790692313087e-06,1.117728830525852425e-03,2.132517601003275094e-05,5.151289052423500521e-04,7.816603933677438760e-06,4.331443872037792379e-05,5.553946142612937282e-05,1.786258130840371835e-04,7.633348903591222521e-06,1.193803860561642913e-07,7.439521033500034568e-08,1.715071930806881075e-07,5.212488472452294173e-07,3.402200831600616275e-09,3.474059871634423239e-05,1.319690400620868184e-08,1.596073140750896646e-07,4.801074002258737307e-08,1.977358880930278107e-08,1.498585840705032091e-05,6.680224273142811642e-09,1.042966040490679142e-08,1.398209520657808570e-06,3.776908131776903072e-08,4.881811152296721790e-06,1.974033800928714050e-07,7.239103273405744776e-01,0.000000000000000000e+00,1.306639220614728069e-08,1.066699980501844995e-07,9.529235644483172247e-07,8.293514533901808424e-06
1.432617190000000026e-02,-9.854759330000000261e-01,0.000000000000000000e+00,1.863013570000000072e+03,1.750821409999999967e-01,6.190660501369601998e-02,2.984417911260658918e-02,1.637187757634380603e+02,3.813012758534332534e+04,-4.735311385319615169e+02,1.343848399967583060e-03,8.233649309801384256e-05,2.123999359948763833e-04,2.559394479938261260e-02,1.116308889973071901e-03,1.073764069974098012e-01,2.699336549934885229e-05,6.274992509848631608e-07,7.238370679825392167e-07,2.812453809932156597e-06,3.192482279922989396e-05,2.421912639941577763e-06,8.491366049795166879e-04,2.276401729945087393e-03,4.455137489892531388e-02,8.975140639783496521e-02,2.420170479941619390e-05,3.603521749913073959e-04,5.829912699859367739e-06,8.324740689799186810e-07,1.735335289958139164e-05,1.437116469965333271e-06,1.010088539975633999e-03,1.970135989952475329e-05,4.509222409891226226e-04,6.535644969842344318e-06,3.517120239915158287e-05,5.459239919868309732e-05,1.677025259959545979e-04,7.171972779826994418e-06,1.235015709970208216e-07,7.593379409816829034e-08,1.681868789959429309e-07,4.899558639881809851e-07,3.568206749913925885e-09,3.500323859915563434e-05,1.320108249968155702e-08,1.633776059960589103e-07,4.868831789882551541e-08,2.030072379951029475e-08,1.454384599964916614e-05,6.319834719847549390e-09,1.059830659974434342e-08,1.335545279967783415e-06,3.773885719908964352e-08,4.719832259886145885e-06,2.048059619950595832e-07,7.245533089825220152e-01,0.000000000000000000e+00,1.047575789974729754e-08,8.122346289804069610e-08,9.310479879775407854e-07,7.737970409813341350e-06
1.433203119999999949e-02,-9.882504939999999793e-01,0.000000000000000000e+00,1.860721140000000105e+03,1.754246770000000011e-01,6.109757456669592107e-02,2.975036299856147898e-02,1.669511281579615911e+02,3.688699403561187501e+04,-4.258961668429786869e+02,1.309138390288038705e-03,8.610905961894584624e-05,2.442746120537456840e-04,2.636889340580172297e-02,1.210503120266336963e-03,1.071050820235654316e-01,2.738200490602462871e-05,6.105020971343236536e-07,7.388497151625628283e-07,2.818421780620113462e-06,3.057251620672661331e-05,2.349269670516889984e-06,7.654197741684087798e-04,2.010267540442302065e-03,4.394346890966850661e-02,8.967967021973147212e-02,2.456976360540587766e-05,3.456450210760493818e-04,5.646463641242344376e-06,7.822115751721033936e-07,1.612308650354742946e-05,1.388564510305514133e-06,9.065710331994650999e-04,1.803401300396787098e-05,3.921566850862829006e-04,5.402080031188574525e-06,2.829146020622472880e-05,5.325505491171726057e-05,1.567373600344855965e-04,6.690599761472076267e-06,1.264073950278123584e-07,7.713081021697044405e-08,1.641552560361177020e-07,4.591981421010335266e-07,3.730496660820790127e-09,3.526135440775826087e-05,1.321887720290843785e-08,1.673799070368271801e-07,4.926425661083919874e-08,2.069106110455247891e-08,1.407681410309720346e-05,5.882582701294295088e-09,1.064825220234284494e-08,1.271741810279810643e-06,3.758637950826981104e-08,4.553138911001788814e-06,2.115785350465518444e-07,7.251867621595566860e-01,0.000000000000000000e+00,8.270327691819649454e-09,6.109544271344231955e-08,9.031036001987022990e-07,7.163432761576109922e-06
1.433789060000000004e-02,-9.907459899999999653e-01,0.000000000000000000e+00,1.857939190000000053e+03,1.758143490000000086e-01,6.030182798507498915e-02,2.964799858722225179e-02,1.692003982056678524e+02,3.570960773152569891e+04,-3.772997235211504972e+02,1.273734560201419865e-03,8.980178801420064816e-05,2.800053610442781874e-04,2.719817630430093960e-02,1.308281090206882659e-03,1.068068290168897178e-01,2.765573000437329099e-05,5.927762380937375927e-07,7.419317031173240793e-07,2.786240320440597147e-06,2.898254510458310600e-05,2.255513760356671796e-06,6.848135141082918988e-04,1.769090630279752073e-03,4.329387890684620321e-02,8.958793171416683243e-02,2.472165640390931816e-05,3.294786540521015602e-04,5.414913130856277900e-06,7.287549071152404438e-07,1.489375240235519855e-05,1.326805110209812023e-06,8.079033761277564429e-04,1.635331630258600517e-05,3.388103770535772072e-04,4.413402120697906048e-06,2.254096960356447864e-05,5.152689900814811833e-05,1.457936050230548407e-04,6.195050720979643738e-06,1.279961240202404379e-07,7.795954461232799714e-08,1.594518710252146349e-07,4.291069710678560539e-07,3.887653570614767137e-09,3.551250040561570884e-05,1.325145020209549524e-08,1.716159220271381957e-07,4.972355160786294573e-08,2.093204920331005345e-08,1.358724530214859617e-05,5.386651080851808734e-09,1.057503060167226495e-08,1.207050110190874773e-06,3.730554300589924690e-08,4.382406370693004016e-06,2.175913500344084421e-07,7.258108281147748198e-01,0.000000000000000000e+00,6.428394611016542551e-09,4.539272550717809972e-08,8.692945271374644818e-07,6.577628521040141679e-06
1.434375000000000060e-02,-9.929567400000000044e-01,0.000000000000000000e+00,1.854660429999999906e+03,1.762523430000000058e-01,5.951888400606000773e-02,2.953692464596800391e-02,1.703821070784491383e+02,3.460083358698304801e+04,-3.280912721439777897e+02,1.237750749040345075e-03,9.338767352759452876e-05,3.197431947520962226e-04,2.808379747822602537e-02,1.409025688907552046e-03,1.064810709174429243e-01,2.781095417843756600e-05,5.748897235542755793e-07,7.327152954319100324e-07,2.716458347893871274e-06,2.719139257891792558e-05,2.142754448338676365e-06,6.080535055285630217e-04,1.551476848797106586e-03,4.260310876696888488e-02,8.947444533062853811e-02,2.464162448089481447e-05,3.119972757581017386e-04,5.140396996014538957e-06,6.731645924780809153e-07,1.367653838939628486e-05,1.253265739028315941e-06,7.147272574458565873e-04,1.468862638861159068e-05,2.907877507745459727e-04,3.563580217237079212e-06,1.778659058620967246e-05,4.942064116168311055e-05,1.349395938953784223e-04,5.691679765587117754e-06,1.282166319005908942e-07,7.839967683921503485e-08,1.541290118805004665e-07,3.998066356900213093e-07,4.038289056869026742e-09,3.575407647227909461e-05,1.330020618968806327e-08,1.760849528634775255e-07,5.005088296119447103e-08,2.101526998370640801e-08,1.307812878986024531e-05,4.852366106237856125e-09,1.037883399195306609e-08,1.141756889114771077e-06,3.689248437139645768e-08,4.208386806737146530e-06,2.227201958273202318e-07,7.264256434367865056e-01,0.000000000000000000e+00,4.919117276186101546e-09,3.331190557417255969e-08,8.300152263564712323e-07,5.988777985356771361e-06
1.434960939999999942e-02,-9.948791580000000412e-01,0.000000000000000000e+00,1.850881550000000061e+03,1.767395539999999932e-01,5.874819097883139662e-02,2.941703214596362928e-02,1.704404815307638899e+02,3.356539117064190214e+04,-2.786670762718534888e+02,1.201309809865310028e-03,9.684064928914229594e-05,3.635664479592372040e-04,2.902751889674545782e-02,1.512012849830474299e-03,1.061273719881010852e-01,2.784750809687775941e-05,5.574149549375030382e-07,7.114922109202280257e-07,2.611348219707217446e-06,2.524199639716988544e-05,2.013773979774217595e-06,5.357637149399306891e-04,1.355984439847968126e-03,4.187221949530531978e-02,8.933743688998355137e-02,2.432142909727310096e-05,2.933910199671052772e-04,4.829501819458520131e-06,6.165244699308757388e-07,1.248253119860046696e-05,1.169834039868839097e-06,6.275773819296365024e-04,1.306726419853490995e-05,2.479240629722029798e-04,2.843718869681164550e-06,1.389921109844163289e-05,4.696310929473452856e-05,1.242470859860695200e-04,5.187149799418421335e-06,1.270725179857527082e-07,7.843826809120556637e-08,1.482506539833782596e-07,3.714122219583575595e-07,4.181078219531221166e-09,3.598337879596557302e-05,1.336675669850133076e-08,1.807836609797306874e-07,5.023129189436810475e-08,2.093700799765256073e-08,1.255288289859258015e-05,4.300598829517819646e-09,1.006467029887155715e-08,1.076181449879339321e-06,3.634588009592493426e-08,4.031897729547947320e-06,2.268516269745655815e-07,7.270313359184858992e-01,0.000000000000000000e+00,3.705687519584521206e-09,2.414681559729267612e-08,7.858507559118909466e-07,5.405260679393966807e-06
1.435546870000000037e-02,-9.965119519999999786e-01,0.000000000000000000e+00,1.846603560000000016e+03,1.772765560000000018e-01,5.798913012731103656e-02,2.928826790841939504e-02,1.693538870275705506e+02,3.260264931285867351e+04,-2.294229784620146688e+02,1.164542019603448386e-03,1.001361729659014805e-04,4.114682068598861657e-04,3.003082108977385770e-02,1.616423259449572799e-03,1.057454469639913935e-01,2.776888639054409265e-05,5.409083598158090039e-07,6.792044067687161639e-07,2.474785529157281658e-06,2.318167459210613795e-05,1.871897029362578749e-06,4.684393848404862660e-04,1.181140069597796287e-03,4.110285178600359135e-02,8.917513006963394273e-02,2.376146099190870701e-05,2.738916149067339946e-04,4.489957868471072557e-06,5.598919868093446106e-07,1.132236549614448984e-05,1.078763089632658002e-06,5.468640648137810655e-04,1.151344829607942165e-05,2.099924919284930217e-04,2.242792279236280677e-06,1.075627929633725475e-05,4.419510378495061060e-05,1.137892269612523138e-04,4.688176848403574080e-06,1.246220159575635113e-07,7.807049437341531083e-08,1.418908879516830971e-07,3.440276088828511608e-07,4.314793368530719678e-09,3.619766038767391325e-05,1.345287219541900632e-08,1.857058739367631423e-07,5.025097238288846101e-08,2.069853319295170221e-08,1.201525649590854556e-05,3.751197578722635858e-09,9.642181836716629621e-09,1.010670629655844894e-06,3.566714438785456404e-08,3.853807518687694840e-06,2.298882409217180895e-07,7.276280257522269590e-01,0.000000000000000000e+00,2.748347999064128382e-09,1.729045529411222686e-08,7.375623767488440786e-07,4.835251168353492257e-06
1.436132809999999919e-02,-9.978562330000000369e-01,0.000000000000000000e+00,1.841831940000000031e+03,1.778635789999999939e-01,5.724102161704986563e-02,2.915063834129223708e-02,1.671381904080173229e+02,3.171782487826842407e+04,-1.807901832951868357e+02,1.127583079716234409e-03,1.032517639740158493e-04,4.633470918833948481e-04,3.109486979217471886e-02,1.721359269566805723e-03,1.053351739734915415e-01,2.758231529305868462e-05,5.258917298676550013e-07,6.373712948396002113e-07,2.311991669418168531e-06,2.105973479470014552e-05,1.720819259566941795e-06,4.064360888977170240e-04,1.025455249741935885e-03,4.029722618985887017e-02,8.898577627760599629e-02,2.297129329421908529e-05,2.537648629361379839e-04,4.130249878960589311e-06,5.042519618731008084e-07,1.020588239743160519e-05,9.825458627527340842e-07,4.728614308810005144e-04,1.004745579747147421e-05,1.767134499555285930e-04,1.748396879560001506e-06,8.243849617925367876e-06,4.117011198963920165e-05,1.036382099739185957e-04,4.201260488942718598e-06,1.209736459695559896e-07,7.730006198054680037e-08,1.351318869659929596e-07,3.177437459200371993e-07,4.438334518883056560e-09,3.639419599084110085e-05,1.356042499658740697e-08,1.908424709519729114e-07,5.009812688739238980e-08,2.030606069488981497e-08,1.146921549711367692e-05,3.221638869189248212e-09,9.125126277703586019e-09,9.455917027620340038e-07,3.486050909122706566e-08,3.675018519075151215e-06,2.317536099416772949e-07,7.282158198167384411e-01,0.000000000000000000e+00,2.007033099494913594e-09,1.223227589692164756e-08,6.860582928273477843e-07,4.286355438921303844e-06
1.436718749999999975e-02,-9.989155549999999550e-01,0.000000000000000000e+00,1.836576679999999897e+03,1.785004980000000074e-01,5.650313463692897137e-02,2.900420958585983935e-02,1.638475256583886051e+02,3.091043442728365335e+04,-1.331685838140422788e+02,1.090571839125797958e-03,1.061674539148962048e-04,5.190024525839677686e-04,3.222048737417206737e-02,1.825866528536386089e-03,1.048965949159149230e-01,2.729861917811743407e-05,5.128362515889106525e-07,5.879613225286904469e-07,2.129163948293263099e-06,1.892496428482975401e-05,1.564408738745970421e-06,3.499656247194676589e-04,8.874427162886261823e-04,3.945812176837038693e-02,8.876768522884384560e-02,2.196956018238921025e-05,2.333002638129865987e-04,3.759176856986644993e-06,4.504774526388974335e-07,9.141817122671921949e-06,8.837705702915697921e-07,4.057021746747892536e-04,8.685064883038055345e-06,1.477655348815511930e-04,1.347469598919868946e-06,6.258085204983520835e-06,3.795190406957776901e-05,9.386277662475963626e-05,3.732420687008092781e-06,1.162780429067915560e-07,7.613925493896680568e-08,1.280615108973459316e-07,2.926372677654220549e-07,4.550754576352117326e-09,3.657035127068521851e-05,1.369132208902504050e-08,1.961813378427411171e-07,4.976381136010934488e-08,1.977038848415206396e-08,1.091882169124747633e-05,2.726041547814805859e-09,8.530557623161907512e-09,8.813235592935312734e-07,3.393297047279934582e-08,3.496448417197248007e-06,2.323964468137110832e-07,7.287948164157983522e-01,0.000000000000000000e+00,1.443482618842904760e-09,8.551859513144832293e-09,6.323513194931074182e-07,3.765280076981752600e-06
1.437304690000000031e-02,-9.996958430000000284e-01,0.000000000000000000e+00,1.830852030000000013e+03,1.791868369999999877e-01,5.577469980696399265e-02,2.884910746684760802e-02,1.595722029157157067e+02,3.017987724200308003e+04,-8.693671707001223581e+01,1.053647840509318182e-03,1.088661330526243356e-04,5.781347132794620834e-04,3.340813461614901975e-02,1.928959140932431362e-03,1.044299190504799357e-01,2.693188011301848541e-05,5.021500712427321929e-07,5.332241352577529968e-07,1.933033450934400968e-06,1.682322220813210433e-05,1.406497780679880943e-06,2.990989191445801373e-04,7.656323893700957674e-04,3.858882881865329656e-02,8.851925684278895423e-02,2.078312361004626494e-05,2.127984821028637520e-04,3.385399361636454129e-06,3.993005431930161967e-07,8.137538063933569350e-06,7.849708973794437533e-07,3.453792871669513929e-04,7.437307143595088188e-06,1.227974500593585522e-04,1.026927700496402143e-06,4.706197882274909289e-06,3.461119031673055315e-05,8.452575614085855286e-05,3.286961721588870423e-06,1.107168890535189751e-07,7.460859653606472597e-08,1.207706690583788411e-07,2.687695071299193451e-07,4.651278072248361665e-09,3.672364881775168897e-05,1.384743290669365193e-08,2.017074100975024912e-07,4.924269392380322028e-08,1.910624830923569047e-08,1.036811180501179688e-05,2.274623061099520454e-09,7.877780513808007491e-09,8.182465673955287041e-07,3.289410331590054032e-08,3.319010601604362377e-06,2.317936041120457403e-07,7.293651023525647981e-01,0.000000000000000000e+00,1.022760190494387562e-09,5.910101492856859232e-09,5.775072342791587258e-07,3.277563881584327715e-06
1.437890630000000086e-02,-1.000205240000000106e+00,0.000000000000000000e+00,1.824676210000000083e+03,1.799217840000000013e-01,5.505492459951805834e-02,2.868551442019201883e-02,1.544337667158475540e+02,2.952529721624161903e+04,-4.242998310376742666e+01,1.016948640253288912e-03,1.113337710277296312e-04,6.403510691594906839e-04,3.465789910863216472e-02,2.029647160505519774e-03,1.039355170258869782e-01,2.649890380660001879e-05,4.941698831230817055e-07,4.755049211184328877e-07,1.730399700430986623e-06,1.479534160368504115e-05,1.250684820311504983e-06,2.537755790632072986e-04,6.585864941640326778e-04,3.769308040938813137e-02,8.823901122197748415e-02,1.944557290484326341e-05,1.925576550479598777e-04,3.017013970751440769e-06,3.512946320874961065e-07,7.198852391793001142e-06,6.884862161714796275e-07,2.917545210726665947e-04,6.310523081571747401e-06,1.014401550252654565e-04,7.741980121928277112e-07,3.506846910873442323e-06,3.122165000777630742e-05,7.568183651884989919e-05,2.869281940714645428e-06,1.044901810260251264e-07,7.273612791811622457e-08,1.133505750282319660e-07,2.461859590613169948e-07,4.739312201180408782e-09,3.685183110917859963e-05,1.403051200349454691e-08,2.074027930516573478e-07,4.853364601208816205e-08,1.833143470456576742e-08,9.820982732446088324e-06,1.873604120466654328e-09,7.187175521790093591e-09,7.567316401884773184e-07,3.175574920790933167e-08,3.143594560782967635e-06,2.299516090572735136e-07,7.299267581818010830e-01,0.000000000000000000e+00,7.141824981778797013e-10,4.038957491005973701e-09,5.225889301301599062e-07,2.827394880704212481e-06
1.438476560000000008e-02,-1.000453849999999978e+00,0.000000000000000000e+00,1.818070860000000039e+03,1.807042239999999966e-01,5.434301003820623394e-02,2.851366524943073702e-02,1.485777607643651947e+02,2.894057258443904357e+04,7.509301293484081652e-02,9.806073039250347550e-04,1.135595168755133252e-04,7.051762752269688864e-04,3.596949556056937281e-02,2.126964527668370221e-03,1.034139128866351787e-01,2.601852287147786937e-05,4.891567754637745948e-07,4.170641985428042147e-07,1.527692688325306550e-06,1.287551238588555446e-05,1.100163918793974007e-06,2.138190927656063881e-04,5.649133983807283661e-04,3.677496415968640325e-02,8.792561730361382610e-02,1.799519718027323126e-05,1.728597588105070025e-04,2.661191367082737918e-06,3.068685056636033279e-07,6.329891753061020463e-06,5.963451873462720723e-07,2.445727607318934696e-04,5.306686884182682785e-06,8.331852390866423155e-05,5.776176713668017172e-07,2.590050647160724289e-06,2.785574286946386694e-05,6.737573552614110352e-05,2.482743157278357181e-06,9.780321079278576750e-08,7.055634852265444563e-08,1.058900768839207573e-07,2.249161777534415048e-07,4.814450184722283987e-09,3.695291385949133021e-05,1.424212418438744170e-08,2.132469717662335523e-07,4.764010294777577154e-08,1.746579988085357108e-08,9.281090629825845006e-06,1.525502178327707926e-09,6.479007252897556917e-09,6.971292562357901470e-07,3.053160096653052564e-08,2.971047196743066970e-06,2.269065907512595439e-07,7.304798591992304191e-01,0.000000000000000000e+00,4.917246084609596379e-10,2.730686037006556558e-09,4.686021194863071429e-07,2.417524947349850981e-06
1.439062500000000064e-02,-1.000453409999999987e+00,0.000000000000000000e+00,1.811060379999999896e+03,1.815327830000000031e-01,5.363816814578177550e-02,2.833384043183258261e-02,1.421649306523666212e+02,2.842452118418290775e+04,4.035908113461138669e+01,9.447499100978640858e-04,1.155356680119680316e-04,7.720677140799765518e-04,3.734227430386818924e-02,2.219995990229963780e-03,1.028657680106555838e-01,2.551078660264259485e-05,4.872961910504777930e-07,3.599238220372835881e-07,1.330606180137834060e-06,1.109025570114880978e-05,9.575962800991949736e-07,1.789562820185376180e-04,4.832798210500616849e-04,3.583882060371244849e-02,8.757791750907197026e-02,1.647263350170635849e-05,1.539582340159481317e-04,2.323905810240727190e-06,2.662712040275823455e-07,5.533082000573157914e-06,5.101826420528485377e-07,2.034809910210780498e-04,4.423942490458264181e-06,6.806190060705034580e-05,4.267025980442009621e-07,1.896691610196473358e-06,2.458073540254625099e-05,5.964091210617803937e-05,2.129607730220600619e-06,9.085454720941138625e-08,6.810888100705521178e-08,9.847318261020058588e-08,2.049741360212327436e-07,4.876467200505140332e-09,3.702522950383534811e-05,1.448357350150031594e-08,2.192170840227081167e-07,4.657014750482407612e-08,1.653020770171232159e-08,8.751767380906572212e-06,1.229708850127382228e-09,5.772324280597939725e-09,6.397591210662710575e-07,2.923671070302855417e-08,2.802156010290267946e-06,2.227225630230712501e-07,7.310244820757249018e-01,0.000000000000000000e+00,3.340036360345985243e-10,1.827335610189288812e-09,4.164478820431387461e-07,2.049283190212279819e-06
1.439648439999999946e-02,-1.000216929999999893e+00,0.000000000000000000e+00,1.803671199999999999e+03,1.824058799999999925e-01,5.293963868446470433e-02,2.814636019006100387e-02,1.353617232038765508e+02,2.797192011707150596e+04,7.828494871397055022e+01,9.094933674709775170e-04,1.172575389317951386e-04,8.404335585111474003e-04,3.877523887744571685e-02,2.307901148657569550e-03,1.022918709405001847e-01,2.499609608546059147e-05,4.887016237157383271e-07,3.057542668221527952e-07,1.143833609334669502e-06,9.458024474498579224e-06,8.250318555201060517e-07,1.488392999134250706e-04,4.124211157601082056e-04,3.488913147970613277e-02,8.719494664928155447e-02,1.491843849132243341e-05,1.360679409208537607e-04,2.009771938830981956e-06,2.296057288664458744e-07,4.809194987202649427e-06,4.311948087491881572e-07,1.680501819022507139e-04,3.657280547872680220e-06,5.531307796782619602e-05,3.122920488183499932e-07,1.377710789198630731e-06,2.145533768752013522e-05,5.249889376946312070e-05,1.811043688946575393e-06,8.382604505124114246e-08,6.543695146193747768e-08,9.117693714696537089e-08,1.863589658916011079e-07,4.925309667135108961e-09,3.706745647843908271e-05,1.475584189141701264e-08,2.252882488689572288e-07,4.533630397362936369e-08,1.554553719095767224e-08,8.235958305209413919e-06,9.832266814280892997e-10,5.084043907042778850e-09,5.849011626597822154e-07,2.788695418377907302e-08,2.637634818465774361e-06,2.174882558734942237e-07,7.315607055744751674e-01,0.000000000000000000e+00,2.239591928697302858e-10,1.211017429295590929e-09,3.668862507865943150e-07,1.722677538997975152e-06
1.440234370000000041e-02,-9.997582350000000506e-01,0.000000000000000000e+00,1.795930980000000091e+03,1.833217900000000122e-01,5.224670467601725404e-02,2.795157538835356392e-02,1.283312151695357386e+02,2.757400345334921076e+04,1.137710345769422702e+02,8.749436049129671444e-04,1.187232418524978623e-04,9.096526158698445405e-04,4.026707184997205952e-02,2.389934577030737670e-03,1.016931128736561496e-01,2.449435086956814060e-05,4.934214343869716021e-07,2.558106126821800687e-07,9.709210007937245474e-07,7.989396520073947864e-06,7.038831631254931849e-07,1.230684368470993690e-04,3.511494365637307853e-04,3.393040915784474587e-02,8.677594809218927563e-02,1.337082908338803733e-05,1.193582178517089536e-04,1.721991777860591738e-06,1.968490637554340978e-07,4.157474024834740180e-06,3.601328385525697856e-07,1.377983948287988169e-04,2.999283366273680403e-06,4.473541694442056960e-05,2.265868577184877566e-07,9.930924147661788640e-07,1.852724757698168582e-05,4.595923844290009347e-05,1.527192048102611394e-06,7.687555070448955952e-08,6.258578922224321195e-08,8.406973289555147589e-08,1.690560727899641802e-07,4.961079733836337776e-09,3.707863635393338059e-05,1.505954218128997543e-08,2.314339387124657160e-07,4.395505804539009101e-08,1.453180928194563115e-08,7.736181790388542431e-06,7.814456770291293518e-10,4.428286964498282121e-09,5.327884423380618686e-07,2.649848916707818900e-08,2.478112676921184613e-06,2.113127657374643408e-07,7.320886170904506995e-01,0.000000000000000000e+00,1.483463598156940031e-10,7.953024580119136173e-10,3.205132576017933099e-07,1.436566358215205319e-06
1.440820309999999924e-02,-9.990916050000000492e-01,0.000000000000000000e+00,1.787867829999999913e+03,1.842787019999999887e-01,5.155870527248531537e-02,2.774985979897928029e-02,1.212251515238774999e+02,2.722720905961333483e+04,1.468196402362008541e+02,8.411941770500809459e-04,1.199334090071402952e-04,9.790943660582908988e-04,4.181616670248954060e-02,2.465460750146782412e-03,1.010704700060172795e-01,2.402417020143029030e-05,5.014480170298539808e-07,2.109168330125570368e-07,8.142350830484758758e-07,6.687762260398158476e-06,5.949468510354205116e-07,1.012140980060258314e-04,2.983596590177629891e-04,3.296708890196271141e-02,8.632038210513912069e-02,1.186379970070631705e-05,1.039494030061886864e-04,1.462402630087064800e-06,1.678757690099945617e-07,3.575818390212888321e-06,2.973299670177016806e-07,1.122133960066806719e-04,2.440870390145318406e-06,3.601799700214434677e-05,1.631042040097104930e-07,7.107354570423139624e-07,1.583175890094255049e-05,4.002008410238261669e-05,1.277284650076043911e-06,7.013254610417536882e-08,5.960104500354838306e-08,7.721012290459674423e-08,1.530385200091112197e-07,4.984016070296726218e-09,3.705817690220627943e-05,1.539488770091654141e-08,2.376263750141471941e-07,4.244614700252704893e-08,1.350748560080417579e-08,7.254510090431900118e-06,6.188632720368443284e-10,3.815993370227186904e-09,4.836023510287914647e-07,2.508723870149358038e-08,2.324126200138367993e-06,2.043204260121643222e-07,7.326083150436162317e-01,0.000000000000000000e+00,9.714120460578335356e-11,5.179027070308335532e-10,2.777519620165360740e-07,1.188875850070780425e-06
1.441406249999999979e-02,-9.982313299999999723e-01,0.000000000000000000e+00,1.779509620000000041e+03,1.852747839999999979e-01,5.087504599466800836e-02,2.754160249577453784e-02,1.141777891639039950e+02,2.692389490553460200e+04,1.774845547325371626e+02,8.083253473232678401e-04,1.208908780483470462e-04,1.048137820419174420e-03,4.342066361736492131e-02,2.533963641013390125e-03,1.004249850401622568e-01,2.360224160943907859e-05,5.127284812050518087e-07,1.714914760685833740e-07,6.750305572699601858e-07,5.550373402219722162e-06,4.984640491993471940e-07,8.283663993312827527e-05,2.530330671011937435e-04,3.200343301279890557e-02,8.582792913432456261e-02,1.042576120416950026e-05,8.991278173595818176e-05,1.231606810492547883e-06,1.424826570569820695e-07,3.061009341224168014e-06,2.427544680970830863e-07,9.077342293630238739e-05,1.971990220788644024e-06,2.887886081154932035e-05,1.165735420466204437e-07,5.052957912020794395e-07,1.339144480535554719e-05,3.466919571386500534e-05,1.059797450423837355e-06,6.369660282547373866e-08,5.652732542260657651e-08,7.064615132825302188e-08,1.382686250552967941e-07,4.994472911997404562e-09,3.700584261479949029e-05,1.576168170630345896e-08,2.438369240975159954e-07,4.083168671632953361e-08,1.248896480499462463e-08,6.792569532716505169e-06,4.896845251958361511e-10,3.254815241301675429e-09,4.374702941749544635e-07,2.366842960946554872e-08,2.176115460870278472e-06,1.966453110786429740e-07,7.331199092931914851e-01,0.000000000000000000e+00,6.293605142516957426e-11,3.346558481338365743e-10,2.388563290955241213e-07,9.768387563906603746e-07
1.441992190000000035e-02,-9.971913770000000454e-01,0.000000000000000000e+00,1.770883270000000039e+03,1.863082420000000128e-01,5.019520540218992688e-02,2.732719962132890146e-02,1.073019419470564202e+02,2.665823723570618313e+04,2.058781765740290552e+02,7.764036679181469513e-04,1.216003639871801736e-04,1.116188109882324756e-03,4.507848879524755520e-02,2.595050759726414379e-03,9.975774398948294985e-02,2.324283509754960600e-05,5.271760389444220566e-07,1.376036689854930086e-07,5.535913329416370881e-07,4.569600929518245811e-06,4.142076449563317805e-07,6.750313419288341596e-05,2.142389229774136860e-04,3.104344869672721538e-02,8.529848879100733472e-02,9.078764499042862702e-06,7.727357569185336361e-05,1.029159059891499914e-06,1.204124779873054047e-07,2.608958729724948003e-06,1.960789509793282132e-07,7.296506099230760294e-05,1.582220909833192857e-06,2.306654059756818793e-05,8.279691409127105840e-08,3.570661689623559833e-07,1.121680029881745957e-05,2.988538559684930388e-05,8.726231269080028538e-07,5.763823029392344054e-08,5.340691769436952546e-08,6.441518209320897115e-08,1.246996729868534166e-07,4.992898759473619742e-09,3.692173549610749364e-05,1.615932819829638980e-08,2.500364829736396810e-07,3.913521309587413508e-08,1.149027819878862707e-08,6.351556989330381848e-06,3.882729709590659688e-10,2.749254759710157465e-09,3.944658149584130883e-07,2.225620669765361844e-08,2.034423229785519127e-06,1.884257929801350519e-07,7.336235249226571442e-01,0.000000000000000000e+00,4.037700149574321686e-11,2.147318099773616847e-10,2.039255119785009794e-07,7.972315829159511152e-07
1.442578119999999957e-02,-9.959850749999999975e-01,0.000000000000000000e+00,1.762014300000000048e+03,1.873773659999999897e-01,4.951873865789895024e-02,2.710704772876776358e-02,1.006870348162185991e+02,2.642092952721431720e+04,2.321386148752227996e+02,7.454819989779801854e-04,1.220681449963943916e-04,1.182690119965066223e-03,4.678739459861800537e-02,2.648452109921770829e-03,9.906985769707370160e-02,2.295750299932188901e-05,5.446813499839113018e-07,1.090467149967790071e-07,4.494167749867252579e-07,3.734257849889698699e-06,3.415838589899103964e-07,5.480055729838132237e-05,1.811340779946496969e-04,3.009082509911118614e-02,8.473217299749720433e-02,7.838297119768475950e-06,6.601629269805004156e-05,8.537852889747811635e-07,1.013751619970056044e-07,2.214961709934575372e-06,1.567565049953697835e-07,5.829762219827802172e-05,1.261257249962745409e-06,1.836013499945768175e-05,5.849349629827223555e-08,2.509419449925877838e-07,9.307631249725072700e-06,2.564016789924264728e-05,7.132472309789323038e-07,5.200152479846399056e-08,5.027875969851488085e-08,5.854417159827074231e-08,1.122776899966835699e-07,4.979815909852907077e-09,3.680626679891282996e-05,1.658686119951006125e-08,2.561958459924325519e-07,3.738071709889586261e-08,1.052296589968917535e-08,5.932268959824774288e-06,3.094507669908595363e-10,2.300992879932033816e-09,3.546109439895255973e-07,2.086333549938374285e-08,1.899297279943899155e-06,1.797995079946891272e-07,7.341193009783157919e-01,0.000000000000000000e+00,2.567381249924165376e-11,1.369193559959557012e-10,1.729254729948921698e-07,6.465922409809010991e-07
1.443164060000000012e-02,-9.946248819999999879e-01,0.000000000000000000e+00,1.752926359999999931e+03,1.884805740000000118e-01,4.884527805432662545e-02,2.688153834497822997e-02,9.439918973888609344e+01,2.620846961050708705e+04,2.564554391234369177e+02,7.155999364967391288e-04,1.223017599139887026e-04,1.247138539122923453e-03,4.854499806585969857e-02,2.694014788105377183e-03,9.836244643082453498e-02,2.275496468399708879e-05,5.651232186025652038e-07,8.541733333992845007e-08,3.614250907458201377e-07,3.030865427868479520e-06,2.797365838032692777e-07,4.434529776881323122e-05,1.529608968924269982e-04,2.914888727950042460e-02,8.412929544083429245e-02,6.713574255278536487e-06,5.609165106055235552e-05,7.036087705051722202e-07,8.506574644017569987e-08,1.873937618682113566e-06,1.240955409127271821e-07,4.631380826742883237e-05,9.992787022972360787e-07,1.456825198975456674e-05,4.114366967106484163e-08,1.755023378765742374e-07,7.654933044616505500e-06,2.189951128459870574e-05,5.789150065928657706e-07,4.680797286708129961e-08,4.717768056682129735e-08,5.305030866269124207e-08,1.009431769290095726e-07,4.955801686514727087e-09,3.666012317421798848e-05,1.704299228801415128e-08,2.622860278155417865e-07,3.559174327496934715e-08,9.596102363251338190e-09,5.535139576107295512e-06,2.486661708251202398e-10,1.909345158657212665e-09,3.178803967764438606e-07,1.950099858628550751e-08,1.770895138754580361e-06,1.708989858798116656e-07,7.346073894833717866e-01,0.000000000000000000e+00,1.619426828861103770e-11,8.682257873894018272e-11,1.457146778975230703e-07,5.214058926333102118e-07
1.443750000000000068e-02,-9.931222069999999791e-01,0.000000000000000000e+00,1.743641000000000076e+03,1.896164469999999935e-01,4.817453068216856482e-02,2.665105306803821489e-02,8.848273156782279614e+01,2.601416979646899563e+04,2.790224255043727339e+02,6.867845734391708930e-04,1.223097449001217258e-04,1.309084638930999760e-03,5.034881905888508730e-02,2.731694147769295287e-03,9.763662382026981612e-02,2.264116068151119979e-05,5.883782115195296705e-07,6.619087874594844005e-08,2.881507337646957413e-07,2.444774988003593731e-06,2.276452298141046289e-07,3.578919887077449541e-05,1.290437918946226749e-04,2.822056997695504901e-02,8.349035863182167894e-02,5.708207955338670023e-06,4.742426036127329073e-05,5.763640885293403895e-07,7.117865944187542188e-08,1.580646788709241920e-06,9.732717452052251607e-08,3.659678027011502603e-05,7.872030733571690032e-07,1.152713099058693126e-05,2.884321067644659943e-08,1.222209909001941741e-07,6.242999074901959660e-06,1.862557098479033490e-05,4.667789926188277107e-07,4.206080026565310129e-08,4.413391766396018928e-08,4.794193436085055311e-08,9.063276912598917363e-08,4.921471885981119737e-09,3.648422907020693376e-05,1.752617158568810716e-08,2.682785597809233804e-07,3.379060957240654774e-08,8.716438062882145184e-09,5.160284205786105598e-06,2.020565008350004101e-10,1.571780258716482295e-09,2.842071667679161178e-07,1.817868178515526586e-08,1.649290978653186831e-06,1.618481228678346209e-07,7.350879523997262410e-01,0.000000000000000000e+00,1.014251409171761068e-11,5.479384695525527702e-11,1.220709779003166973e-07,4.182525486584544632e-07
1.444335939999999950e-02,-9.914873029999999865e-01,0.000000000000000000e+00,1.734177529999999933e+03,1.907837480000000030e-01,4.750627427072698361e-02,2.641595990164719715e-02,8.296278625538583640e+01,2.583371826349979165e+04,3.000506886487690963e+02,6.590515166714224589e-04,1.221013959391249672e-04,1.368139659317898658e-03,5.219631367397693789e-02,2.761542528623202146e-03,9.689348415169267426e-02,2.261944698872282107e-05,6.143288946937194353e-07,5.078602667468006351e-08,2.279193358863682460e-07,1.961092189022275371e-06,1.842097039081601794e-07,2.882257618563017926e-05,1.087846579457641896e-04,2.730840718638508774e-02,8.281603795871113338e-02,4.821118697596377104e-06,3.992033388009727296e-05,4.695851107658831223e-07,5.941843007037627622e-08,1.329874939336975970e-06,7.566131186227821174e-08,2.877399598565440100e-05,6.168393526924678459e-07,9.098236035463972400e-06,2.017391018994207305e-08,8.480710115771846991e-08,5.051529027481503702e-06,1.577830279213355015e-05,3.740214098135274333e-07,3.774936428117962744e-08,4.117289127947279271e-08,4.321964587845235914e-08,8.128076745947656940e-08,4.877466787568283885e-09,3.627970748191234473e-05,1.803465749100862023e-08,2.741457278633216167e-07,3.199778248404714513e-08,7.888617616067041302e-09,4.807545197603144713e-06,1.664372069170208527e-10,1.284444529359625803e-09,2.534890008736202007e-07,1.690414339157225022e-08,1.534483769234966066e-06,1.527595719238400205e-07,7.355611606332778107e-01,0.000000000000000000e+00,6.313118386852524720e-12,3.444248018282832157e-11,1.017173239492876818e-07,3.339151028335228598e-07
1.444921870000000046e-02,-9.897292159999999672e-01,0.000000000000000000e+00,1.724552899999999909e+03,1.919814380000000043e-01,4.684035099267032376e-02,2.617661051019375476e-02,7.784850214172956839e+01,2.565987697831881815e+04,3.197313718128696678e+02,6.324060736565118414e-04,1.216865679339065550e-04,1.423975419226574963e-03,5.408490627062405992e-02,2.783696488488049924e-03,9.613409154778526644e-02,2.269089318767555943e-05,6.428705926508281036e-07,3.861554877902616217e-08,1.789906599027821395e-07,1.565384079149769645e-06,1.483190919194412465e-07,2.317477878741273781e-05,9.165755205021667705e-05,2.641453638565308126e-02,8.210716435540391100e-02,4.047558797801589145e-06,3.347485838181830074e-05,3.807590777931926907e-07,4.950715667311044595e-08,1.116580889393534742e-06,5.832979366831847526e-08,2.251833798776928282e-05,4.809572267387705785e-07,7.165568086108057805e-06,1.409345939234520947e-08,5.866949696813396248e-08,4.057562677796155855e-06,1.331689049276699951e-05,2.979487728381706369e-07,3.385322028161279527e-08,3.831520637918929608e-08,3.887749997888388408e-08,7.282049886044791710e-08,4.824439467379630637e-09,3.604784138042080218e-05,1.856659138991565144e-08,2.798607818479950643e-07,3.023142768357995550e-08,7.115443806135283348e-09,4.476537617568591850e-06,1.392449469243698117e-10,1.042648719433690644e-09,2.255953038774690547e-07,1.568345219148161540e-08,1.426406389225254651e-06,1.437330209219321537e-07,7.360271906002305853e-01,0.000000000000000000e+00,3.908910537876895535e-12,2.157996778827894980e-11,8.434468655418862132e-08,2.654503598558220423e-07
1.445507809999999928e-02,-9.878557820000000156e-01,0.000000000000000000e+00,1.714781809999999950e+03,1.932086809999999932e-01,4.617666074847994601e-02,2.593333872255626157e-02,7.313634917694007243e+01,2.549135410622957716e+04,3.382803700037184740e+02,6.068445411201461338e-04,1.210755070239711228e-04,1.476322720292289536e-03,5.601201551108953708e-02,2.798363500554033878e-03,9.535947271887974808e-02,2.285464610452487758e-05,6.739166791334253303e-07,2.912247130576581349e-08,1.396662580276518249e-07,1.244174350246327776e-06,1.189030890235410123e-07,1.861289890368507608e-05,7.720286411528500654e-05,2.554071450505667612e-02,8.136470721610898627e-02,3.380137050669216145e-06,2.797782940553918970e-05,3.074441990608693135e-07,4.118922060815484935e-08,9.360070171853153047e-07,4.461666970883342605e-08,1.754711790347406606e-05,3.732922570739062825e-07,5.632894811115228475e-06,9.844906761949144112e-09,4.049063220801653848e-08,3.237124880640901906e-06,1.120094710221761860e-05,2.360590440467361386e-07,3.034563620600797729e-08,3.557683860704368086e-08,3.490423750691051235e-08,6.518550161290575013e-08,4.763046520943011349e-09,3.579003600708589107e-05,1.912007130378548591e-08,2.853980930565045278e-07,2.850713390564398213e-08,6.398159401266739401e-09,4.166692810824942565e-06,1.184570730234527231e-10,8.412875781665623109e-10,2.003740240396710520e-07,1.452108100287495636e-08,1.324935070262317171e-06,1.348542980266991072e-07,7.364862201458132196e-01,0.000000000000000000e+00,2.409774860477099237e-12,1.348736970267029607e-11,6.963125791378593546e-08,2.102280810416220055e-07
1.446093749999999983e-02,-9.858736620000000395e-01,0.000000000000000000e+00,1.704876800000000003e+03,1.944648419999999989e-01,4.551515350836791984e-02,2.568645932442007937e-02,6.881335020812962000e+01,2.532395717708251323e+04,3.558808069085206967e+02,5.823555159886681376e-04,1.202787079976595390e-04,1.524967969970326184e-03,5.797507779887187823e-02,2.805808769945402487e-03,9.457060999815977698e-02,2.310832109955034345e-05,7.074025089862348582e-07,2.180281079957574501e-08,1.083632029978914016e-07,9.852502779808282172e-07,9.496716009815206434e-08,1.493920679970930353e-05,6.502126979873477171e-05,2.468834159951959970e-02,8.058975609843184451e-02,2.809761689945325636e-06,2.331933809954623874e-05,2.473521769951868516e-07,3.423377669933385555e-08,7.837545229847491812e-07,3.387691009934080224e-08,1.361954149973498286e-05,2.885048699943860839e-07,4.421045739913972804e-06,6.884344399866040154e-09,2.789483189945720441e-08,2.566526439950059040e-06,9.391471879817254605e-06,1.860837989963790658e-07,2.719644869947079291e-08,3.296946049935845708e-08,3.128446719939124879e-08,5.831051629886535453e-08,4.693940649908661709e-09,3.550778489930906485e-05,1.969322119961679775e-08,2.907332869943427420e-07,2.683779689947777271e-08,5.736726529888371511e-09,3.877298699924553154e-06,1.025037109980054073e-10,6.751773129868619758e-10,1.776581949965430279e-07,1.342003999973886395e-08,1.229898829976067785e-06,1.261951919975444062e-07,7.369384269856601444e-01,0.000000000000000000e+00,1.480455439971192312e-12,8.414819779836259435e-12,5.725757349888584426e-08,1.659443439967709489e-07
1.446679690000000039e-02,-9.837884140000000555e-01,0.000000000000000000e+00,1.694848359999999957e+03,1.957494869999999998e-01,4.485582184261537042e-02,2.543626782565557021e-02,6.485997753018978074e+01,2.515497544594412466e+04,3.727074444483295110e+02,5.589211950377627252e-04,1.193068010080608097e-04,1.569748650106058113e-03,5.997156630405190564e-02,2.806342750189606914e-03,9.376843750633534480e-02,2.344839170158426056e-05,7.432881960502193142e-07,1.621718470109569324e-08,8.365826910565226261e-08,7.778143380525520560e-07,7.561357450510873000e-08,1.198781090080994219e-05,5.476765700370031070e-05,2.385849120161196921e-02,7.978350340539046293e-02,2.326449510157183586e-06,1.939345280131029708e-05,1.983997770134046288e-07,2.843553920192120904e-08,6.558276450443102496e-07,2.554554640172595230e-08,1.053316680071165936e-05,2.221091370150065001e-07,3.465373610234133545e-06,4.824581200325966931e-09,1.919465950129686350e-08,2.023313640136702753e-06,7.851567350530481347e-06,1.460091300098649055e-07,2.437425180164681530e-08,3.050086400206075103e-08,2.799976350189177031e-08,5.213229030352225229e-08,4.617765080311993783e-09,3.520263830237842055e-05,2.028425280137047883e-08,2.958433310199882774e-07,2.523364030170487780e-08,5.130089530346607897e-09,3.607535790243738598e-06,9.018283910609309615e-11,5.393077470364376630e-10,1.572718810106258683e-07,1.238203660083657711e-08,1.141088490077096023e-06,1.178138260079599420e-07,7.373839850498203896e-01,0.000000000000000000e+00,9.071801250612924973e-13,5.244668500354348795e-12,4.691766250316993173e-08,1.306156720088249032e-07
1.447265629999999921e-02,-9.816045719999999530e-01,0.000000000000000000e+00,1.684705169999999953e+03,1.970623659999999888e-01,4.419869365341190515e-02,2.518304054803822273e-02,6.125253407805501382e+01,2.498311564385441670e+04,3.889242742306299192e+02,5.365185927993822157e-04,1.181704519558130948e-04,1.610548219397775612e-03,6.199900587681701769e-02,2.800309758952893979e-03,9.295383826524221405e-02,2.387055269107420200e-05,7.815604377077549116e-07,1.199401449551513695e-08,6.430842907595346122e-08,6.125166967709645849e-07,6.005106057754539710e-08,9.620953666402483096e-06,4.614520508274514457e-05,2.305194329138029671e-02,7.894722787047965540e-02,1.919976119282072686e-06,1.610095039397944921e-05,1.587349709406450122e-07,2.361432549117000752e-08,5.486519777948452400e-07,1.913948049284326593e-08,8.119807486963800681e-06,1.703844439362889824e-07,2.713443278985375248e-06,3.392206768731568676e-09,1.320017729506412165e-08,1.586893719406620689e-06,6.546934867551936311e-06,1.140796559573427418e-07,2.184797019183049486e-08,2.817543668946449608e-08,2.502964709064078701e-08,4.659020168257875779e-08,4.535149218304193550e-09,3.487617608695892747e-05,2.089151739218813715e-08,3.007066138875582258e-07,2.370234349113709861e-08,4.576412548288764219e-09,3.356508688744916914e-06,8.058419686986753948e-11,4.290147848395805887e-10,1.390353539480111700e-07,1.140764729573439539e-08,1.058265159604287944e-06,1.097554679589596749e-07,7.378230627241094686e-01,0.000000000000000000e+00,5.549360337924955040e-13,3.267792058778090466e-12,3.832661448566871957e-08,1.025599489616502658e-07
1.447851560000000017e-02,-9.793257480000000514e-01,0.000000000000000000e+00,1.674454250000000002e+03,1.984034080000000033e-01,4.354382525108783236e-02,2.492703517495034257e-02,5.796511314805376713e+01,2.480416571400385510e+04,4.046525241492062719e+02,5.151206726092004201e-04,1.168802839113280062e-04,1.647290628750272155e-03,6.405498545140426991e-02,2.788077917884806706e-03,9.212764313010676775e-02,2.437004028151151000e-05,8.222336643762071173e-07,8.826963823303367227e-09,4.925382936263326138e-08,4.814031666347803669e-07,4.759593686389103135e-08,7.725246824139190999e-06,3.889974467048845516e-05,2.226921848310531304e-02,7.808227884076236747e-02,1.580364608801046348e-06,1.335103578987114953e-05,1.267435969038451446e-07,1.961375308511989943e-08,4.590724566517217173e-07,1.425412548918601482e-08,6.241238045265044554e-06,1.302801749011621065e-07,2.122979188389387969e-06,2.395473868182658008e-09,9.077605043113216117e-09,1.238884639060112214e-06,5.446174715868224356e-06,8.878998483263890396e-08,1.958791118513950633e-08,2.599466108027898022e-08,2.235243138304218114e-08,4.162671906841962155e-08,4.446705466626478005e-09,3.452998417380360454e-05,2.151354698367860929e-08,3.053029877683798997e-07,2.224924888312046425e-08,4.073287496909774137e-09,3.123273077630508753e-06,7.302451374459947344e-11,3.400841567419929762e-10,1.227694449068601830e-07,1.049649439203676757e-08,9.811678942556305474e-07,1.020536319225763549e-07,7.382558204399174429e-01,0.000000000000000000e+00,3.391605327426936560e-13,2.036826088454748664e-12,3.122512327631085547e-08,8.036922903902736739e-08
1.448437500000000072e-02,-9.769547269999999672e-01,0.000000000000000000e+00,1.664101200000000063e+03,1.997727039999999954e-01,4.289129528434723615e-02,2.466849137367545589e-02,5.497102870512593853e+01,2.461947372496281241e+04,4.200351571834174251e+02,4.946973566474721857e-04,1.154468119177310916e-04,1.679935008802856252e-03,6.613716645286978058e-02,2.770030488026039867e-03,9.129063003494511386e-02,2.494190158222607567e-05,8.653507093833398289e-07,6.468881075390191467e-09,3.760889077319941539e-08,3.778087377307685604e-07,3.766733627315776618e-08,6.208061435576054278e-06,3.281448667661596678e-05,2.151061188467125879e-02,7.719006154499334638e-02,1.298224709074868047e-06,1.106222139211691621e-05,1.010421339279960540e-07,1.629940418838483146e-08,3.843363627261168740e-07,1.055677019247710603e-08,4.784967736590169985e-06,9.932067222922279336e-08,1.660078428817006570e-06,1.700663498788084943e-09,6.245950325549054806e-09,9.632464703135781145e-07,4.520923506778330660e-06,6.886762115092403271e-08,1.756639588748195690e-08,2.395760668292749563e-08,1.994592998578627058e-08,3.718771587349955083e-08,4.353026916897976069e-09,3.416563437565312526e-05,2.214908458421627144e-08,3.096138087793651533e-07,2.087761838512233697e-08,3.617911267421829034e-09,2.906858237928534968e-06,6.699440825225890392e-11,2.688000098084495636e-10,1.082990419228246868e-07,9.647415803125125237e-09,9.095205493518637733e-07,9.473134803249321102e-08,7.386824104736052776e-01,0.000000000000000000e+00,2.072677948522982620e-13,1.270893339094344948e-12,2.538161558191272823e-08,6.287849455519196152e-08
1.449023439999999954e-02,-9.744935729999999463e-01,0.000000000000000000e+00,1.653650329999999940e+03,2.011704940000000053e-01,4.224119922811817029e-02,2.440763184946423067e-02,5.224390010221272007e+01,2.442817715257403324e+04,4.351796289658311139e+02,4.752164189072305574e-04,1.138803869777688132e-04,1.708470569666480565e-03,6.824328928667787453e-02,2.746558639463830050e-03,9.044352518234405336e-02,2.558120939500615736e-05,9.109832458221623005e-07,4.724017289077800027e-09,2.864626079440781665e-08,2.962209759421731484e-07,2.977874489418673802e-08,4.994205759025055029e-06,2.770517649459152795e-05,2.077622519594416600e-02,7.627202438511054838e-02,1.064964119792102796e-06,9.162556048211330454e-06,8.046145318429270095e-08,1.355670479735352539e-08,3.220661769371277887e-07,7.778189188481578784e-09,3.660263069285461217e-06,7.551537548525824899e-08,1.297681249746673031e-06,1.214938449762825674e-09,4.302284679160129112e-09,7.462519528543203312e-07,3.745861749268750900e-06,5.325072528960464750e-08,1.575807699692378407e-08,2.206139779569328007e-08,1.778802809652750660e-08,3.322265719351443649e-08,4.254685689169420449e-09,3.378466909340471899e-05,2.279710419554965817e-08,3.136219599387762349e-07,1.958891669617594651e-08,3.207232919373899630e-09,2.706285499471692161e-06,6.211607578787400156e-11,2.119521809586237160e-10,9.545578018136558353e-08,8.858625248270662068e-09,8.430377658354262692e-07,8.780251848285960921e-08,7.391029748557158552e-01,0.000000000000000000e+00,1.267543259752556486e-13,7.943371098449332749e-13,2.059256219598001860e-08,4.913336779040842597e-08
1.449609370000000050e-02,-9.719437250000000361e-01,0.000000000000000000e+00,1.643104929999999968e+03,2.025971569999999999e-01,4.159364481521016926e-02,2.414466318596837982e-02,4.975830371216702730e+01,2.422725136091480454e+04,4.501559886678713269e+02,4.566442416248374619e-04,1.121911539078277771e-04,1.732911888576301905e-03,7.037117694218555930e-02,2.718055577766942833e-03,8.958700372639852305e-02,2.628322517840664426e-05,9.592321692119293115e-07,3.439779047174000709e-09,2.177725118210859063e-08,2.321315418092890595e-07,2.352760048067056655e-08,4.022963016694877826e-06,2.341570128076250043e-05,2.006599678351449548e-02,7.532964633811187194e-02,8.728970842828589746e-07,7.589378553764838717e-06,6.402545044739898820e-08,1.128870029072560775e-08,2.702263387779917242e-07,5.703637125314096068e-09,2.794530777704113750e-06,5.727703155294324421e-08,1.014280179166703881e-06,8.740561512819068091e-10,2.968281507561366416e-09,5.763482135264929942e-07,3.098622937454282353e-06,4.106342336626376410e-08,1.414003168838305702e-08,2.030164028332090043e-08,1.585712758697235066e-08,2.968468107561213147e-08,4.152231746588674874e-09,3.338858727256913621e-05,2.345682228072871747e-08,3.173118677393079026e-07,1.838309978489710339e-08,2.838073297668340932e-09,2.520583107929179344e-06,5.811030945225865169e-11,1.668148538629508946e-10,8.407999513092288253e-08,8.127857403322444644e-09,7.814300523580050463e-07,8.127327003322878748e-08,7.395176463924387766e-01,0.000000000000000000e+00,7.762965043622226451e-14,4.976441525911533264e-13,1.668149928629508066e-08,3.835886156848573731e-08
1.450195309999999932e-02,-9.693060810000000416e-01,0.000000000000000000e+00,1.632467339999999922e+03,2.040531969999999917e-01,4.094874801589915708e-02,2.387977704901396783e-02,4.749025004002085382e+01,2.401893216426255094e+04,4.650631463971996027e+02,4.389464627432212453e-04,1.103890129354236771e-04,1.753294788974342315e-03,7.251873725757734812e-02,2.684911798429357246e-03,8.872169224809881016e-02,2.704351468417984949e-05,1.010228119409027889e-06,2.498829738538212443e-09,1.653135969032934355e-08,1.818886258935971918e-07,1.858423328912843413e-08,3.245514198101410739e-06,1.981415568840894258e-05,1.937972848866307760e-02,7.436442675649763967e-02,7.152753665815719300e-07,6.288752356321150217e-06,5.092750317020798342e-08,9.413856144493000829e-09,2.270871418671566062e-07,4.164014707564098337e-09,2.130116698753905862e-06,4.334943967464106718e-08,7.928438305361952757e-07,6.336563276293182008e-10,2.052309788799421802e-09,4.439529887402924901e-07,2.559632938502643613e-06,3.159069398151980227e-08,1.269170669257549440e-08,1.867280358907662153e-08,1.413247909173265828e-08,2.653059418447990215e-08,4.046192227633023371e-09,3.297883568070775440e-05,2.412770148588556429e-08,3.206695168124119744e-07,1.725889508990374169e-08,2.507219808533304688e-09,2.348797838625979643e-06,5.477122916795945039e-11,1.311072679233037359e-10,7.402203375669794218e-08,7.452496415640374605e-09,7.244080685762294656e-07,7.514325505604204087e-08,7.399265475671513714e-01,0.000000000000000000e+00,4.764802927212644146e-14,3.126957318170765164e-13,1.349720849210428509e-08,2.993046638249101548e-08
1.450781249999999988e-02,-9.665810900000000316e-01,0.000000000000000000e+00,1.621739190000000008e+03,2.055392309999999889e-01,4.030662979062288320e-02,2.361315121007702411e-02,4.541737393664042344e+01,2.380231723661569777e+04,4.799597228384707819e+02,4.220884978668004001e-04,1.084835899657655425e-04,1.769672679441539618e-03,7.468396357643178329e-02,2.647511559164517601e-03,8.784817087227751731e-02,2.785802289120877166e-05,1.064132249664188914e-06,1.811998169428182930e-09,1.253657349604380000e-08,1.425584699550124483e-07,1.468102489536706949e-08,2.622739579172334782e-06,1.678935569470173814e-05,1.871711009409339141e-02,7.337787547684394840e-02,5.862646188149908354e-07,5.214707628354381173e-06,4.050683138721715038e-08,7.863970407518346135e-09,1.911881899396662456e-07,3.027697929044541335e-09,1.621535289488287664e-06,3.274510318966654169e-08,6.199289238043673457e-07,4.631386968538460588e-10,1.422768109551013288e-09,3.412190598923205782e-07,2.111903529333540870e-06,2.425424219234602610e-08,1.139477399640411970e-08,1.716855029458207651e-08,1.259441629602554655e-08,2.372079729251436389e-08,3.937070918757567995e-09,3.255680058972596744e-05,2.480944969217081500e-08,3.236824618978546372e-07,1.621406159488328432e-08,2.211499629302110892e-09,2.190003899308894763e-06,5.194717718360688736e-11,1.029448999675133927e-10,6.514302347944263836e-08,6.829686917844736813e-09,6.716861227880342596e-07,6.940685937809709671e-08,7.403297907663720645e-01,0.000000000000000000e+00,2.933070339074402925e-14,1.971867949377732317e-13,1.091140789655665744e-08,2.334828019263192013e-08
1.451367190000000043e-02,-9.637688140000000292e-01,0.000000000000000000e+00,1.610921450000000050e+03,2.070559800000000006e-01,3.966741359728424843e-02,2.334495047744227642e-02,4.351905756114847179e+01,2.357830988664154211e+04,4.949074121482797750e+02,4.060359640529075565e-04,1.064842150138751726e-04,1.782113400232214224e-03,7.686493341001571222e-02,2.606230110339598748e-03,8.696697531133203152e-02,2.872311710374270073e-05,1.121137490146087130e-06,1.312197780170982692e-09,9.501450721238063975e-09,1.118006200145679155e-07,1.160233010151181445e-08,2.123373190276681002e-06,1.424777610185652375e-05,1.807774020235557860e-02,7.237150460943019004e-02,4.808851630626606289e-07,4.328390230564001397e-06,3.222610410419914791e-08,6.582250970857684625e-09,1.613031320210182235e-07,2.193296610285792411e-09,1.233116440160678362e-06,2.469247140321749277e-08,4.849541530631908169e-07,3.413927990444843938e-10,9.894532901289282009e-10,2.617914280341121432e-07,1.740800250226830954e-06,1.859025290242235798e-08,1.023294090133337948e-08,1.578201680205643787e-08,1.122450780146258257e-08,2.121916050276491356e-08,3.825348180498453235e-09,3.212380340418582027e-05,2.550201460332298008e-08,3.263398300425229743e-07,1.524562440198654278e-08,1.947834610253807906e-09,2.043309480266248783e-06,4.952642260645342282e-11,8.078728731052679825e-11,5.731520030746831931e-08,6.256427940815229506e-09,6.229849810811765145e-07,6.405429710834645036e-08,7.407274800965187866e-01,0.000000000000000000e+00,1.811994600236107613e-14,1.248657720162703568e-13,8.816222351148776757e-09,1.821445760237339340e-08
1.451953119999999965e-02,-9.608690029999999993e-01,0.000000000000000000e+00,1.600014599999999973e+03,2.086042610000000130e-01,3.903122325419416255e-02,2.307532783485504585e-02,4.177639477523930367e+01,2.334471906476232471e+04,5.099257603167044977e+02,3.907550138438549447e-04,1.043999049582819774e-04,1.790696629284440570e-03,7.905980686840782812e-02,2.561431788976456080e-03,8.607860026560314182e-02,2.963560368815766364e-05,1.181470279527886507e-06,9.493896126206253156e-10,7.199453997123109281e-09,8.775893076493166766e-08,9.175455306333504221e-09,1.722473579311702199e-06,1.211088389516051198e-05,1.746114429302255550e-02,7.134682097148993540e-02,3.949323898421856827e-07,3.597189248562568801e-06,2.565107638974987272e-08,5.521584867793583660e-09,1.364067879454920902e-07,1.583443149367258773e-09,9.370384496255609535e-07,1.859202059257065940e-08,3.796110718483080658e-07,2.538378458985668059e-10,6.906179947240302152e-10,2.005737079198510752e-07,1.433800099427055989e-06,1.422951089431391114e-08,9.191742246326995725e-09,1.450604489420340819e-08,1.000564229600176182e-08,1.899285879241048691e-08,3.711480908516898052e-09,3.168109698734028869e-05,2.620557638952829430e-08,3.286323368686790881e-07,1.435007899426573235e-08,1.713280789315375803e-09,1.907861349237621814e-06,4.742655168104842729e-11,6.338673827467075504e-11,5.042189087985149469e-08,5.729650517710440785e-09,5.780340647690185859e-07,5.907257817639469079e-08,7.411197117038498261e-01,0.000000000000000000e+00,1.124172579550782499e-14,7.944524746825381909e-14,7.121625007154210261e-09,1.421395299432012859e-08
1.452539060000000021e-02,-9.578811440000000177e-01,0.000000000000000000e+00,1.589018710000000056e+03,2.101849789999999940e-01,3.839818132701394021e-02,2.280442543569411590e-02,4.017214133339899718e+01,2.310425692943440299e+04,5.250759463425832791e+02,3.762125869254311170e-04,1.022393469797351948e-04,1.795511699644112679e-03,8.126682478389214703e-02,2.513468729501807091e-03,8.518350218311582234e-02,3.059272619393623040e-05,1.245393179753151310e-06,6.865218268639248337e-10,5.455660978918636690e-09,6.896856368632977026e-08,7.262810578560442448e-09,1.400169959722473080e-06,1.031283049795590014e-05,1.686679129665684049e-02,7.030532008606482641e-02,3.248880329356041129e-07,2.993892279406582471e-06,2.043262129595005931e-08,4.643009169079711835e-09,1.156452969770780109e-07,1.139603239774119963e-09,7.117062248589331505e-07,1.398019799722899329e-08,2.973893459410546080e-07,1.903805609622647702e-10,4.840241879040618479e-10,1.535138059695721067e-07,1.180250539766063367e-06,1.088007669784346581e-08,8.258335438363121025e-09,1.333336989735719911e-08,8.922061018231563635e-09,1.701218339662802401e-08,3.595902729287258090e-09,3.122986439380994275e-05,2.692054049466409685e-08,3.305522889344814162e-07,1.352356669731950142e-08,1.505055319701683732e-09,1.782847989646622640e-06,4.558664019096429927e-11,4.974055589014095253e-11,4.435723339120797969e-08,5.246280518960138062e-09,5.365730958936461203e-07,5.444634828920821806e-08,7.415065728530263467e-01,0.000000000000000000e+00,7.008444688610860803e-15,5.081489168992800673e-14,5.752979258859705193e-09,1.109835549780020119e-08
1.453125000000000076e-02,-9.548045139999999931e-01,0.000000000000000000e+00,1.577933520000000044e+03,2.117991210000000069e-01,3.776840816132769063e-02,2.253237534031737183e-02,3.869060443531748206e+01,2.285649616577393317e+04,5.403781957198000327e+02,3.623765868025688040e-04,1.000108969455117326e-04,1.796655859021139895e-03,8.348430415451579822e-02,2.462679968658274855e-03,8.428210165408114851e-02,3.159215138278785470e-05,1.313208289284533486e-06,4.963269927295895358e-10,4.135753357746745524e-09,5.427814527042800164e-08,5.755230576864416675e-09,1.140642919378551176e-06,8.798468485206389366e-06,1.629410579112259075e-02,6.924848016227182212e-02,2.678302318540798123e-07,2.495899598640175775e-06,1.629124059112415419e-08,3.914380247867354629e-09,9.830957024643865098e-08,8.178331985544254110e-10,5.404301447055611029e-07,1.050017429427926093e-08,2.331964138729491727e-07,1.440113719215392492e-10,3.407836378143331381e-10,1.174140469360300801e-07,9.711383044709013377e-07,8.312494115471159941e-09,7.421308005956698477e-09,1.225676879332222643e-08,7.959348905663562431e-09,1.525033629169126248e-08,3.479024348104546633e-09,3.077121808323512607e-05,2.764753078493698129e-08,3.320935898190676784e-07,1.276201969304695474e-08,1.320553249280531700e-09,1.667501249091506558e-06,4.396150527604874854e-11,3.904823267872561364e-11,3.902570947873788474e-08,4.803288127383056563e-09,4.983532897284855299e-07,5.015860407267242141e-08,7.418881465958021559e-01,0.000000000000000000e+00,4.393143637606513543e-15,3.269173358218878389e-14,4.648760907467246276e-09,8.672506525275017285e-09
1.453710939999999958e-02,-9.516382220000000336e-01,0.000000000000000000e+00,1.566758509999999887e+03,2.134477499999999917e-01,3.714202081428067542e-02,2.225930067936847043e-02,3.731754496388233378e+01,2.260260728396099876e+04,5.558645230658130458e+02,3.492160109590319796e-04,9.772256988853574597e-05,1.794232799789510649e-03,8.571063628994490813e-02,2.409391089717343674e-03,8.337478749021894064e-02,3.263194699617180103e-05,1.385261989837488970e-06,3.588404249579028705e-10,3.137065179631976838e-09,4.278559619498063208e-08,4.566390129464297100e-09,9.313015408907448857e-07,7.521654479117602119e-06,1.574248029815318237e-02,6.817775739200176988e-02,2.213475429740327370e-07,2.084514089755456700e-06,1.300395229847444885e-08,3.309229999611779899e-09,8.381208489016764678e-08,5.853741499313271506e-10,4.103610089518587606e-07,7.878363449075755057e-09,1.830543589785250921e-07,1.098417469871139858e-10,2.411310339717118587e-10,8.976745538946898691e-08,7.988732719062806915e-07,6.347376629255361400e-09,6.670503949217453733e-09,1.126917389867796425e-08,7.104396019166551474e-09,1.368321729839476234e-08,3.361233909605678689e-09,3.030620099644464768e-05,2.838738479666975258e-08,3.332517469609047516e-07,1.206127939858503741e-08,1.157356079864225472e-09,1.561097149816860896e-06,4.251749979501208477e-11,3.067418209640148288e-11,3.434155029597123799e-08,4.397725909484083368e-09,4.631381489456672426e-07,4.619129059458110323e-08,7.422645089129216167e-01,0.000000000000000000e+00,2.770246189675010504e-15,2.116454839751709484e-14,3.758503729559073926e-09,6.783551279204191995e-09
1.454296870000000054e-02,-9.483812449999999838e-01,0.000000000000000000e+00,1.555492979999999989e+03,2.151320039999999878e-01,3.651913275356122313e-02,2.198531614597016084e-02,3.604004539234860260e+01,2.234070896261328744e+04,5.715243881627238807e+02,3.367010270064919463e-04,9.538204020183906626e-05,1.788351590034481216e-03,8.794428160169565079e-02,2.353913980045386004e-03,8.246191820158994823e-02,3.371055520064997467e-05,1.461951190028187894e-06,2.595050770050034982e-10,2.381415620045916136e-09,3.378588870065142608e-08,3.628199460069955508e-09,7.621223340146945334e-07,6.443805650124242784e-06,1.521128400029328996e-02,6.709458230129364265e-02,1.834599580035372984e-07,1.744313950033632041e-06,1.039335140020039477e-08,2.805792960054098479e-09,7.166687030138182089e-08,4.179604220080587246e-10,3.116393270060087431e-07,5.905740210113868673e-09,1.438593810027737652e-07,8.444488430162818872e-11,1.715306100033072792e-10,6.861959860132304838e-08,6.570907390126693864e-07,4.845139740093419049e-09,5.996870060115625427e-09,1.036375790019982362e-08,6.345337410122344739e-09,1.228920970023694993e-08,3.242897570062526759e-09,2.983578810057526274e-05,2.914115260056186907e-08,3.340238690064402844e-07,1.141719140022013631e-08,1.013234030019536132e-09,1.462955770028207336e-06,4.122944440079494498e-11,2.411600520046498295e-11,3.022806390058282809e-08,4.026756900077639693e-09,4.307039330083044021e-07,4.252579410081994309e-08,7.426357330143187330e-01,0.000000000000000000e+00,1.758021650033896581e-15,1.379289530026594060e-14,3.040984550058633644e-09,5.312068770102422269e-09
1.454882809999999936e-02,-9.450324549999999935e-01,0.000000000000000000e+00,1.544136060000000043e+03,2.168530889999999989e-01,3.589985336682633560e-02,2.171052908055582167e-02,3.484642086693028062e+01,2.207354482297053255e+04,5.873985390995048874e+02,3.248030100560709665e-04,9.299664481605408298e-05,1.779125820307132008e-03,9.018376651556848922e-02,2.296546960396454642e-03,8.154382631407697257e-02,3.482676610601217408e-05,1.543731490266495649e-06,1.877412520324099073e-10,1.809440610312365048e-09,2.672893000461423664e-08,2.887049590498393593e-09,6.251203361079150976e-07,5.532675450955110196e-06,1.469987090253765082e-02,6.600035591139369329e-02,1.525484240263345455e-07,1.462608570252491144e-06,8.318582471436043108e-09,2.386186110411929171e-09,6.147246591061203649e-08,2.977206480513957232e-10,2.367212890408654044e-07,4.423085600763560620e-09,1.131916770195403801e-07,6.540428421129079531e-11,1.226991650211816685e-10,5.245400820905517961e-08,5.404735460933023934e-07,3.697613990638321841e-09,5.392321880930880882e-09,9.533993231645861315e-09,5.671478700979072006e-09,1.104896980190739297e-08,3.124359970539360455e-09,2.936088800506859355e-05,2.991010060516340379e-08,3.344086640577292252e-07,1.082567940186884503e-08,8.861429571529756000e-10,1.372440590236925540e-06,4.007839680691876232e-11,1.897791860327617400e-11,2.661692330459490203e-08,3.687674550636606210e-09,4.008398630691973117e-07,3.914333850675734320e-08,7.430018881282649534e-01,0.000000000000000000e+00,1.122967170193858722e-15,9.049545661562231430e-15,2.462647160425128788e-09,4.164945720718997936e-09
1.455468749999999992e-02,-9.415906520000000279e-01,0.000000000000000000e+00,1.532686809999999923e+03,2.186122809999999916e-01,3.528428798176058007e-02,2.143503996744830151e-02,3.372609296825623915e+01,2.180078486956788765e+04,6.034867051233345592e+02,3.134945479765957306e-04,9.057338569323814556e-05,1.766672969868107214e-03,9.242767889309971840e-02,2.237574919832951547e-03,8.062082009398116589e-02,3.597969259731389406e-05,1.631128019878226242e-06,1.358760379898560264e-10,1.376148889897262169e-09,2.118583439841834670e-08,2.300776469828233238e-09,5.139266449616322160e-07,4.761319579644538316e-06,1.420758659893931776e-02,6.489644689515508547e-02,1.272931709904968051e-07,1.228973749908249679e-06,6.667939299502197968e-09,2.035723809848020753e-09,5.289757029605087624e-08,2.115587859842058663e-10,1.798485159865732333e-07,3.309398809752933187e-09,8.916566349334325023e-08,5.100443369619221169e-11,8.825678339341109145e-11,4.009844389700640724e-08,4.445943409668083358e-07,2.821267789789375411e-09,4.849627649637945536e-09,8.773691469344989854e-09,5.073212819621253694e-09,9.945223479257528787e-09,3.005944929775587867e-09,2.888234599784375779e-05,3.069572149770838009e-08,3.344064319750345664e-07,1.028280389923232728e-08,7.742163989422000166e-10,1.288957279903771448e-06,3.905004479708467647e-11,1.494876769888398493e-11,2.344744649824950699e-08,3.377915719747818083e-09,3.733480969721273455e-07,3.602530199731048871e-08,7.433630419445034221e-01,0.000000000000000000e+00,7.217850539461144136e-16,5.975233209553913437e-15,1.996257089850967235e-09,3.269691769755897691e-09
1.456054690000000047e-02,-9.380545820000000257e-01,0.000000000000000000e+00,1.521144199999999955e+03,2.204109200000000102e-01,3.467253764999269489e-02,2.115894327949393791e-02,3.266952461033811517e+01,2.152284718498182337e+04,6.197946888761234732e+02,3.027494309544490449e-04,8.811893628674183463e-05,1.751113939736531535e-03,9.467466448575548310e-02,2.177269659672412955e-03,7.969318708800954276e-02,3.716875049440767525e-05,1.724749309740498242e-06,9.834236798520364199e-11,1.047439569842404724e-09,1.682194549746901015e-08,1.836216989723726975e-09,4.234509399362885824e-07,4.107225319382036720e-06,1.373377289793364930e-02,6.378418929040317875e-02,1.066201439839581926e-07,1.034860479844297382e-06,5.352770479194634603e-09,1.742354299737849519e-09,4.566911149312872744e-08,1.499108949774447578e-10,1.366334999794424480e-07,2.472812909627946363e-09,7.031230988942097447e-08,4.001864939397888465e-11,6.380637169039985151e-11,3.064893429538863609e-08,3.657773699449660186e-07,2.151781739676248213e-09,4.362307959343657015e-09,8.077026108784749272e-09,4.541932239316631665e-09,8.962572628651511480e-09,2.887956019565484998e-09,2.840094679572686086e-05,3.149975339526062067e-08,3.340190509497442857e-07,9.784809988527800904e-09,6.757517018983280058e-10,1.211952259817652483e-06,3.813357959426251385e-11,1.178398349822700867e-11,2.066588759689065633e-08,3.095068249534323376e-09,3.480435509476342018e-07,3.315346499501180822e-08,7.437192608881016964e-01,0.000000000000000000e+00,4.661320019298669304e-16,3.964600519403496197e-15,1.619792289756289754e-09,2.569931219613334104e-09
1.456640629999999929e-02,-9.344229569999999985e-01,0.000000000000000000e+00,1.509507170000000087e+03,2.222504150000000067e-01,3.406469942222155323e-02,2.088232802903324317e-02,3.166812493741845103e+01,2.109329605886385980e+04,6.446014489661021116e+02,2.925426099866681290e-04,8.563964839609720101e-05,1.732572729921042594e-03,9.692342269558296142e-02,2.115890219903573694e-03,7.876119619641065717e-02,3.839364659825030771e-05,1.825305169916816527e-06,7.106283749676149533e-11,7.972652479636667381e-10,1.337500019939046952e-08,1.467192809933136596e-09,3.496108289840673712e-07,3.551580319838146178e-06,1.327777319939489956e-02,6.266488049714422082e-02,8.965309119591430163e-08,8.732714099602029147e-07,4.302250609803935586e-09,1.496219269931813728e-09,3.956250099819703550e-08,1.057654949951800097e-10,1.037372809952724424e-07,1.843425479915990750e-09,5.548692269747132805e-08,3.156364089856156230e-11,4.630554839788974777e-11,2.340840399893322153e-08,3.009785879862836769e-07,1.639739799925273025e-09,3.924549199821148467e-09,7.438541379661007514e-09,4.069939649814522947e-09,8.087312989631441970e-09,2.770677459873733410e-09,2.791741729872773556e-05,3.232421019852690677e-08,3.332499539848129522e-07,9.328171999574891487e-09,5.891851459731494451e-10,1.140910899948006046e-06,3.732098819829919576e-11,9.291198429576577608e-12,1.822475749916945428e-08,2.836873979870716523e-09,3.247535689852001861e-07,3.051021139860957337e-08,7.440706109660909506e-01,0.000000000000000000e+00,3.010800329862790538e-16,2.633195369879999186e-15,1.315649979940042656e-09,2.021845569907859438e-09
1.457812500000000080e-02,-9.268690659999999637e-01,0.000000000000000000e+00,1.485947010000000091e+03,2.260576810000000103e-01,3.286122555916869137e-02,2.032788905121326803e-02,2.979592176653867952e+01,2.051554712306020883e+04,6.784041745244842332e+02,2.736723229312694309e-04,8.062461467975179266e-05,1.686956179576334794e-03,1.014215939745288092e-01,1.990671479500059297e-03,7.688520028069091572e-02,4.094983088971578542e-05,2.049540219485274832e-06,3.782415379050077287e-11,4.692725698821461457e-10,8.598272237840615621e-09,9.494097247615635831e-10,2.417708929392812212e-07,2.687340749325096319e-06,1.241712949688154009e-02,6.040960228482861877e-02,6.459933108377640700e-08,6.300455288417692571e-07,2.816343149292698525e-09,1.121098279718445272e-09,3.014547639242921548e-08,5.359760418653940070e-11,6.112249088464958814e-08,1.041767599738368637e-09,3.517839989116523378e-08,2.028681309490513353e-11,2.568802669354866216e-11,1.391374399650567725e-08,2.056195469483603539e-07,9.713646347560496648e-10,3.181655809200953558e-09,6.320522508412652627e-09,3.282820669175546528e-09,6.621420238337085217e-09,2.539114929362322509e-09,2.694620809323268086e-05,3.404054239145099566e-08,3.305909529169747970e-07,8.528720377858082319e-09,4.471616428876989958e-10,1.015201399745040576e-06,3.598936009096156435e-11,5.869826018525841087e-12,1.423226899642568247e-08,2.387724319400342770e-09,2.837029499287503281e-07,2.585528809350665842e-08,7.447588788129599902e-01,0.000000000000000000e+00,1.358160169658909348e-16,1.254631909684909517e-15,8.830561117782276853e-10,1.275676109679624392e-09
1.458984370000000058e-02,-9.189190510000000423e-01,0.000000000000000000e+00,1.461999340000000075e+03,2.300464560000000103e-01,3.167434780369692698e-02,1.977234069775038114e-02,2.805846708281969626e+01,1.992354603229101849e+04,7.130494589890211046e+02,2.566762188070257820e-04,7.557917174317808548e-05,1.631024838773763351e-03,1.059125299203728804e-01,1.863953598598642883e-03,7.499474224361747654e-02,4.364914356718371677e-05,2.312116908261705004e-06,2.016437028484002888e-11,2.776497597912574401e-10,5.578478435805990014e-09,6.190260965346040402e-10,1.689122118730084783e-07,2.056437088453930232e-06,1.161947269126425118e-02,5.814086165628855329e-02,4.743088956434052261e-08,4.592580266547207708e-07,1.858633638602642451e-09,8.531026573586205439e-10,2.332064208246708395e-08,2.703536987967427614e-11,3.628457937272053491e-08,5.883247805576858771e-10,2.249259458308962393e-08,1.332327388998330026e-11,1.473569358892141602e-11,8.313756473749553296e-09,1.409702018940158124e-07,5.788495205648095244e-10,2.580673528059798812e-09,5.378416445956400191e-09,2.659407928000604891e-09,5.453037855900298084e-09,2.313369398260763489e-09,2.597393398047228403e-05,3.586662287303476574e-08,3.264972177545329607e-07,7.855841004093824327e-09,3.380306527458618918e-10,9.078531343174580551e-07,3.500573517368199258e-11,3.729135997196361902e-12,1.114867349161820657e-08,2.013212228486427528e-09,2.488534648129070228e-07,2.191609688352304391e-08,7.454286684395721174e-01,0.000000000000000000e+00,6.338421985234648693e-17,6.199453305339128923e-16,5.984759655500540155e-10,8.127810043889352007e-10
1.460156249999999996e-02,-9.105629669999999454e-01,0.000000000000000000e+00,1.437656719999999950e+03,2.342303239999999898e-01,3.050470982027883929e-02,1.921625290002547393e-02,2.641438397117860148e+01,1.932067964431430300e+04,7.485036736156877168e+02,2.413905959881625400e-04,7.054345049654064395e-05,1.565871409923212058e-03,1.103874859945867676e-01,1.737347519914803030e-03,7.309154529641570530e-02,4.649562999771992070e-05,2.623182119871362882e-06,1.078780599947098161e-11,1.652789469918949384e-10,3.654426319820792054e-09,4.068584019800482739e-10,1.192556589941518726e-07,1.592152759921922970e-06,1.087992019946646544e-02,5.586750949726033977e-02,3.551111269825858696e-08,3.382252839834139541e-07,1.237881149939296135e-09,6.597302719676478366e-10,1.832385709910142537e-08,1.359202789933346630e-11,2.171059189893534139e-08,3.322443619837072356e-10,1.450376249928875779e-08,8.916498379562748145e-12,8.760105359570416742e-12,4.995557019755025111e-09,9.701582859524247562e-08,3.471305329829772289e-10,2.093807709897323067e-09,4.582352029775288267e-09,2.164308769893865330e-09,4.518707099778408972e-09,2.095070549897260915e-09,2.500461289877380975e-05,3.782746049814499923e-08,3.210471829842562829e-07,7.288878369642563406e-09,2.545600699875167583e-10,8.159855559599852265e-07,3.434941209831555932e-11,2.383602599883111410e-12,8.763326819570259893e-09,1.700835689916593438e-09,2.192320509892491538e-07,1.858383709908867414e-08,7.460805669634132942e-01,0.000000000000000000e+00,3.066210159849637567e-17,3.178794209844116904e-16,4.097716699799054227e-10,5.230594349743499739e-10
1.461328119999999973e-02,-9.017914769999999525e-01,0.000000000000000000e+00,1.412912790000000086e+03,2.386239970000000044e-01,2.935291362829058059e-02,1.866015807384231034e-02,2.483258944291261727e+01,1.870762097418174744e+04,7.846713827353582928e+02,2.276643807868975996e-04,6.555332813863963342e-05,1.492638568602834429e-03,1.148382478925071004e-01,1.612288278490837945e-03,7.117724743337543181e-02,4.949577185367010296e-05,2.995999827195631677e-06,5.788706054581554313e-12,9.893669400739154465e-11,2.416071377738466551e-09,2.694929867477444643e-10,8.506310122037775777e-08,1.247482638832309647e-06,1.019382349045819779e-02,5.359773474983051122e-02,2.709984507463353017e-08,2.515765937645149010e-07,8.323298932209080106e-10,5.187635205144178747e-10,1.462929738630643062e-08,6.797435053637345933e-12,1.306912288776681159e-08,1.873556758246280664e-10,9.420035131182494483e-09,6.060491614327152591e-12,5.396718234948469153e-12,3.013883377178892353e-09,6.699300123729204508e-08,2.091027598042719781e-10,1.698582658410062911e-09,3.907305566342616101e-09,1.769675548343517534e-09,3.768646966472405719e-09,1.885593948235013209e-09,2.404164477749612036e-05,3.995508046260054759e-08,3.143388897057670034e-07,6.810495983625120570e-09,1.909404318212726158e-10,7.371449633100046874e-07,3.401168956816378300e-11,1.531779358566197192e-12,6.914164463528082530e-09,1.440027758652080022e-09,1.940104568183989336e-07,1.576334178524492101e-08,7.467152153010465643e-01,0.000000000000000000e+00,1.532722398565314409e-17,1.685080228422701678e-16,2.833352627347875811e-10,3.396449416820795932e-10
1.462500000000000085e-02,-8.925960699999999637e-01,0.000000000000000000e+00,1.387762649999999894e+03,2.432433900000000038e-01,2.821952871931288770e-02,1.810456249834382220e-02,2.329117598761313346e+01,1.778146983524156531e+04,8.399106560000310537e+02,2.153571899524377902e-04,6.064070978660733959e-05,1.412521349688041026e-03,1.192570499736617662e-01,1.490040719670920498e-03,6.925345108470519484e-02,5.265831338837027045e-05,3.447246399238666430e-06,3.094022679316676870e-12,5.931201258690078570e-11,1.607173729645051436e-09,1.795582879603440748e-10,6.119916528648400680e-08,9.891655327815402551e-07,9.556795567889356940e-03,5.133906118866163326e-02,2.104494739535216871e-08,1.888277779582968793e-07,5.643974228753512773e-10,4.148951159083693082e-10,1.187375749737764864e-08,3.343690539261537024e-12,7.855191178265160643e-09,1.045675469769059895e-10,6.138161118644370766e-09,4.163918339080387269e-12,3.428764009242748456e-12,1.812736409599652257e-09,4.634134248976539636e-08,1.255857669722640349e-10,1.376795409695931164e-09,3.332421069264025941e-09,1.453585379678971864e-09,3.163857329301253827e-09,1.686078329627625041e-09,2.308789379490097687e-05,4.229144159065982043e-08,3.064871229323114594e-07,6.406340108585142614e-09,1.425346909685208386e-10,6.692471858521950241e-07,3.399547649249201283e-11,9.849698167824667903e-13,5.476783998790437588e-09,1.221930279730133302e-09,1.724868779619058136e-07,1.337230179704669305e-08,7.473333228349494650e-01,0.000000000000000000e+00,7.782467868281221675e-18,9.082944477994006703e-17,1.973581179564129229e-10,2.217243829510315682e-10
1.464843750000000000e-02,-8.729106639999999473e-01,0.000000000000000000e+00,1.336237599999999929e+03,2.532285939999999735e-01,2.600959058581944414e-02,1.699646788263686412e-02,2.026519344663570266e+01,1.654229152907295065e+04,9.146241706666983191e+02,1.946050070841554849e-04,5.113195852211163331e-05,1.235502090534283497e-03,1.279758880553422129e-01,1.257229330543679566e-03,6.538285662827432454e-02,5.949789692572941710e-05,4.640548642006771105e-06,9.390468274060837273e-13,2.261882920978134410e-11,7.611834593291681643e-10,8.441876913650626697e-11,3.370810631457682056e-08,6.587010822848504532e-07,8.416256243639546469e-03,4.687626652027129109e-02,1.348612450583197481e-08,1.129271190488344910e-07,2.756365371191969866e-10,2.874274111242958242e-10,8.410368353637000319e-09,9.005721933894458073e-13,3.239933341401085127e-09,3.581657521548860730e-11,2.875367361243431126e-09,2.197864710950450375e-12,1.713865270741148076e-12,7.219945443122212274e-10,2.359282131020253751e-08,5.134729032220475112e-11,9.077313503925417067e-10,2.429693421050702647e-09,1.003898000434128168e-09,2.295567140992700531e-09,1.319746610570714414e-09,2.121529040917439246e-05,4.774903842064871635e-08,2.877936781244542459e-07,5.784460352501446499e-09,7.872088523404225084e-11,5.606149972424337038e-07,3.498733481513001194e-11,4.341549051877470447e-13,3.536640021529393659e-09,8.901045023849191232e-10,1.386177940599442286e-07,9.650605564173333506e-09,7.485229883236931281e-01,0.000000000000000000e+00,2.615348961130988000e-18,3.445176261489840524e-17,1.060348670458539878e-10,1.048693430453499550e-10
1.467187499999999915e-02,-8.514741599999999799e-01,0.000000000000000000e+00,1.283103209999999990e+03,2.643361929999999971e-01,2.387804746710362608e-02,1.589596406139366300e-02,1.729585123498166865e+01,1.529462888511924211e+04,9.900354133332933770e+02,1.780220039760806790e-04,4.223276809432553383e-05,1.046339149859412069e-03,1.364877819816612825e-01,1.046168029859435118e-03,6.149423249173753547e-02,6.709430159098510088e-05,6.358393049145675754e-06,2.858925549615869998e-13,8.808229908816511692e-12,3.749897059496157444e-10,4.115693119447008666e-11,1.941451259739143196e-08,4.628049269378167906e-07,7.423339739002587576e-03,4.252986839428561650e-02,9.019506208788124445e-09,7.057920999051685107e-08,1.410856399810434932e-10,2.161392639709591923e-10,6.421916789137140253e-09,2.460369079669420641e-13,1.432420499807537670e-09,1.251984949831781142e-11,1.425442859808475131e-09,1.246097829832572173e-12,1.015625709863538840e-12,2.965356409601569865e-10,1.240722629833294407e-08,2.227135989700758454e-11,5.932995529202832630e-10,1.759484039763592829e-09,7.069805469050089664e-10,1.713146849769818851e-09,1.001897319865383467e-09,1.940251699739304518e-05,5.477910139263979283e-08,2.662290029642290629e-07,5.338639119282692435e-09,4.253341819428514132e-11,4.771571009358883788e-07,3.742036829497213880e-11,1.953462479737529590e-13,2.338079849685851495e-09,6.547614299120251875e-10,1.133055349847760812e-07,6.938162599067777746e-09,7.496576428992748342e-01,0.000000000000000000e+00,1.026619699862061589e-18,1.528411079794639956e-17,6.097883159180679209e-11,5.282953449290173651e-11
1.469531250000000004e-02,-8.282702050000000371e-01,0.000000000000000000e+00,1.228402679999999918e+03,2.767447120000000038e-01,2.182846329292319199e-02,1.480680093997456363e-02,1.442939899678198223e+01,1.405090704304862993e+04,1.064802602666707799e+03,1.647490568441816014e-04,3.408372186776387983e-05,8.555871481907923121e-04,1.447452938631010044e-01,8.604744961861698037e-04,5.760180374552065219e-02,7.552596162856812199e-05,8.681446311789153887e-06,8.744843021729195183e-14,3.504505396685465625e-12,1.925101408179253592e-10,2.084753338028256245e-11,1.169044378894326864e-08,3.423222746762342072e-07,6.553503213801746725e-03,3.833684986374129994e-02,6.168389614165984474e-09,4.602159615647312793e-08,7.578910272831924538e-11,1.770183118325774367e-10,5.286544835000026839e-09,6.917326493457645438e-14,6.873650093498954683e-10,4.534643695711168556e-12,7.530665092877555442e-10,7.593023172818576401e-13,7.065733423317283587e-13,1.259006278809241456e-10,6.762275233604291442e-09,1.034719979021369651e-11,3.826784476380656749e-10,1.258247548809958949e-09,5.071661395203261179e-10,1.313680528757531128e-09,7.345753613052442401e-10,1.765907498329818062e-05,6.428657543919824844e-08,2.429190857702489575e-07,5.022183485250057770e-09,2.243970087877670462e-11,4.112166946110743676e-07,4.162451526063185068e-11,8.993923161493617168e-14,1.587598428498461648e-09,4.869718705394257579e-10,9.401574851108062081e-08,4.952333495316121089e-09,7.507445392899515513e-01,0.000000000000000000e+00,4.746196335511083575e-19,7.943477862487119101e-18,3.766514806437659271e-11,2.848176987306215781e-11
1.471874999999999920e-02,-8.033138939999999728e-01,0.000000000000000000e+00,1.172227840000000015e+03,2.906618220000000141e-01,1.986397942159213309e-02,1.373271432161996507e-02,1.175503797623585811e+01,1.311908622093809208e+04,1.119188988539538286e+03,1.540185820204114818e-04,2.678487720354969683e-05,6.734540570892502990e-04,1.527073210202377351e-01,7.011833610929251717e-04,5.372070810711940259e-02,8.485099601124497255e-05,1.154668610153023861e-05,2.674121900354391312e-14,1.419464940188116377e-12,1.029167700136391758e-10,1.096653820145335352e-11,7.339718070972704686e-09,2.651903760351446626e-07,5.786326900766840080e-03,3.432568600454905666e-02,4.232075550560861085e-09,3.120691550413573166e-08,4.249604640563184062e-11,1.578030140209130472e-10,4.664914990618223490e-09,2.033547550269498125e-14,3.634499490481666355e-10,1.731398260229455539e-12,4.274051830566423737e-10,4.977937510659706374e-13,5.622018900745065045e-13,5.551888150735771002e-11,3.834112700508120652e-09,5.218029290691525461e-12,2.425464390321437972e-10,8.836621271171083749e-10,3.698726230490177991e-10,1.032983990136897434e-09,5.173030280685562410e-10,1.599068050211918416e-05,7.778028231030792906e-08,2.189004580290100597e-07,4.801684780636348909e-09,1.153414850152857648e-11,3.574174330473671802e-07,4.818617390638593316e-11,4.234652190561202799e-14,1.110510740147171677e-09,3.668148060486125708e-10,7.896676421046517403e-08,3.497996650463576298e-09,7.517910650996320054e-01,0.000000000000000000e+00,2.589764490343211786e-19,4.812750390637815131e-18,2.496899300330904469e-11,1.648420910218459125e-11
1.473046870000000071e-02,-7.901984539999999946e-01,0.000000000000000000e+00,1.143641759999999977e+03,2.982573359999999840e-01,1.891487011541436239e-02,1.320273321926198132e-02,1.051341661616325318e+01,1.249949848693238710e+04,1.154844523330097900e+03,1.493554190104860800e-04,2.347847320164839891e-05,5.889600630413502694e-04,1.565640720109922057e-01,6.310241240443035778e-04,5.179018360363613072e-02,8.984356650630782035e-05,1.309938880091969517e-05,1.451612530101916207e-14,8.980656030630522456e-13,7.563821840531047598e-11,8.003112330561890488e-12,5.860041030411427434e-09,2.362920950165898381e-07,5.435346620381609553e-03,3.239708420227456476e-02,3.488014760244889655e-09,2.589771770181825122e-08,3.209672510225347657e-11,1.529827940107407546e-10,4.470467130313867072e-09,1.092174470076680494e-14,2.688944420188788015e-10,1.067394930074940642e-12,3.262002720229022245e-10,4.085015830286804331e-13,5.181089160363758217e-13,3.657631350256798148e-11,2.894110000203192417e-09,3.739943140262576965e-12,1.908985220134027762e-10,7.333398770514870537e-10,3.167188450222364679e-10,9.222915760647531011e-10,4.267405250299609767e-10,1.518585000106618202e-05,8.697588430610648411e-08,2.069465070145294921e-07,4.717386960331203205e-09,8.157459850572727025e-12,3.337293040234307588e-07,5.270012270370001701e-11,2.889587210202874546e-14,9.362660240657341245e-10,3.196206420224402462e-10,7.258431980509607052e-08,2.922368160205176551e-09,7.523013750528183552e-01,0.000000000000000000e+00,1.994999170140066908e-19,3.886909960272895700e-18,2.056818230144407057e-11,1.269509930089131003e-11
1.474218750000000008e-02,-7.766650619999999616e-01,0.000000000000000000e+00,1.114743510000000015e+03,3.063240839999999965e-01,1.798843621462243095e-02,1.267799039894465345e-02,9.354398654545748926e+00,1.188924871843654000e+04,1.189275267092253443e+03,1.450890709826412799e-04,2.040753729755840387e-05,5.098021089390063166e-04,1.603332829808174209e-01,5.668969999321753651e-04,4.986848149403363961e-02,9.504118998862909091e-05,1.469114269824232546e-05,7.860047869059609942e-15,5.692064999318990179e-13,5.607931149329057178e-11,5.887503699295608271e-12,4.717989549435530731e-09,2.124085519745870487e-07,5.104504939389287871e-03,3.052265719634821364e-02,2.861205689657679905e-09,2.166088659740845120e-08,2.439552099708127423e-11,1.511429799819169746e-10,4.336528769481170210e-09,5.943984459288851348e-15,2.038588729756099558e-10,6.695199519198973393e-13,2.534356089696785033e-10,3.403000189592858682e-13,4.867746389417613745e-13,2.430283779709236262e-11,2.204834129736209744e-09,2.735305589672743220e-12,1.493513139821313243e-10,6.048193319276383311e-10,2.719849009674592116e-10,8.278851339009503100e-10,3.475566329584176835e-10,1.440086229827705418e-05,9.837791118822987570e-08,1.951218979766552350e-07,4.647230969443996352e-09,5.727258409314780569e-12,3.118544089626891342e-07,5.828786899302634150e-11,1.980206289763084484e-14,7.960013639047649156e-10,2.797007779665360958e-10,6.684960109200198069e-08,2.433947159708798118e-09,7.528038129099331455e-01,0.000000000000000000e+00,1.596814979808954036e-19,3.238633539612523692e-18,1.716598619794623037e-11,9.929694758811992008e-12
1.475390629999999946e-02,-7.627281830000000040e-01,0.000000000000000000e+00,1.085563149999999951e+03,3.148978069999999740e-01,1.708490044402480659e-02,1.215891800014489051e-02,8.283019534489829638e+00,1.128985258888369208e+04,1.222168926587440183e+03,1.411524209638490316e-04,1.757587279549859094e-05,4.367104168881528353e-04,1.640120879579943791e-01,5.083786098697977603e-04,4.795753698771745843e-02,1.004112529742833920e-04,1.627719019583120179e-05,4.216726098920042420e-15,3.601026989077730224e-13,4.185152028928128209e-11,4.358917768883625105e-12,3.824801149020418619e-09,1.924155339507198855e-07,4.792172538772662693e-03,2.870410519264850885e-02,2.331720789402816018e-09,1.824482389532726734e-08,1.860423109523521552e-11,1.519891639610735966e-10,4.247210288912234445e-09,3.264083729164026053e-15,1.583347589594484252e-10,4.259060088909199290e-13,2.004093619486725538e-10,2.875652279263508163e-13,4.638360488812056194e-13,1.625204649583764089e-11,1.695226399565830720e-09,2.041642729477108735e-12,1.160754979702715686e-10,4.955009338730957900e-10,2.341127619400406869e-10,7.468453168087232359e-10,2.791484289285064740e-10,1.363551909650776826e-05,1.127049509711348079e-07,1.835020449530027496e-07,4.587660158825041376e-09,3.984007668979644172e-12,2.915092769253407348e-07,6.524316308329038882e-11,1.357622279652295419e-14,6.824938778252045514e-10,2.458874219370250225e-10,6.166205288420754568e-08,2.020645999482486458e-09,7.532990738070702852e-01,0.000000000000000000e+00,1.323829249660950008e-19,2.772891059289826770e-18,1.449444279628778687e-11,7.878449467982227470e-12
1.476562499999999924e-02,-7.484059520000000409e-01,0.000000000000000000e+00,1.056135780000000068e+03,3.240165239999999724e-01,1.620444258514210437e-02,1.164593118471146660e-02,7.301337064864905635e+00,1.070220896996573902e+04,1.253161272154602329e+03,1.374856079596912053e-04,1.498563659560642902e-05,3.702053218914611553e-04,1.675981999508626419e-01,4.549897058666036017e-04,4.605923758649609762e-02,1.058988879689519842e-04,1.781237129477767383e-05,2.232841509345363714e-15,2.267786749335117853e-13,3.138365369079876435e-11,3.242774989049265238e-12,3.117990699085850569e-09,1.754574179485584334e-07,4.496893868681576395e-03,2.694281179210076052e-02,1.884781039447409292e-09,1.546329339546638696e-08,1.419928949583697475e-11,1.553097849544654423e-10,4.188236438772070509e-09,1.805335639470702201e-15,1.258938479630897430e-10,2.744251109195425247e-13,1.612351099527282161e-10,2.461448609278338698e-13,4.460605258692215419e-13,1.092543609679682074e-11,1.315374999614351151e-09,1.555101419544066851e-12,8.957567587373771743e-11,4.031062318818151359e-10,2.018771249408125579e-10,6.768299188015633411e-10,2.208250739352572857e-10,1.288941619622100920e-05,1.308874999616256884e-07,1.721485449495285417e-07,4.534748908670477341e-09,2.741962789196096440e-12,2.724665569201167545e-07,7.393033647832469554e-11,9.287468877277049793e-15,5.900984508269916859e-10,2.171956539363213831e-10,5.693854758330644230e-08,1.672270339509714459e-09,7.537877467790002894e-01,0.000000000000000000e+00,1.132902949667849278e-19,2.428780069287916919e-18,1.235800789637681176e-11,6.331887208143583025e-12
1.477734370000000075e-02,-7.337205310000000091e-01,0.000000000000000000e+00,1.026501960000000054e+03,3.337204539999999997e-01,1.534720510318173144e-02,1.113942815483112345e-02,6.408421657302683094e+00,1.012737312837941499e+04,1.281877239990508770e+03,1.340360349092738516e-04,1.263728319144609056e-05,3.105858167897710136e-04,1.710898778841928869e-01,4.062241867250355044e-04,4.417541747009860048e-02,1.114206799245816981e-04,1.925378348696752404e-05,1.162577589213076034e-15,1.417657449040417611e-13,2.360421048402280809e-11,2.419857038362050291e-12,2.552633178272176662e-09,1.608805178911033747e-07,4.217370207145351019e-03,2.523988508291566055e-02,1.508821608978710603e-09,1.317778359108023794e-08,1.082034089267594013e-11,1.609588558910503528e-10,4.146757387193147481e-09,1.003405419320816305e-15,1.023488099307222654e-10,1.788827178789180744e-13,1.318881219107277324e-10,2.130262388558070599e-13,4.309972487082671107e-13,7.376719095006855883e-12,1.029971619302834075e-09,1.208433869182036619e-12,6.861470845355615777e-11,3.255916167796139655e-10,1.743114878820122464e-10,6.159508865830759794e-10,1.718189438836994064e-10,1.216193299176784585e-05,1.541135808956837781e-07,1.611100958909479976e-07,4.484068806964828741e-09,1.864079568738244406e-12,2.545458538277033423e-07,8.477155034261993982e-11,6.323151445719994082e-15,5.143874716518220071e-10,1.927896218695047771e-10,5.261063796438897216e-08,1.379993439065911596e-09,7.542703154894504491e-01,0.000000000000000000e+00,9.965243403254738609e-20,2.166205128533741791e-18,1.061650369281391444e-11,5.146708756516302354e-12
1.478906250000000012e-02,-7.186984680000000347e-01,0.000000000000000000e+00,9.967078860000000304e+02,3.440518559999999892e-01,1.451330015627557909e-02,1.063979193266989358e-02,5.600713570539394226e+00,9.566578861193023840e+03,1.307953185933624354e+03,1.307582580608251206e-04,1.052940600489798760e-05,2.579305571199821652e-04,1.744858730811660041e-01,3.615806381681973408e-04,4.230786031968044453e-02,1.168583790543592830e-04,2.056292650956530429e-05,5.927461302757290972e-16,8.769748894079444808e-14,1.777031870826626164e-11,1.807742040840911705e-12,2.095922990974965340e-09,1.481837900689310164e-07,3.952443491838567198e-03,2.359619631097629663e-02,1.194434320555617829e-09,1.128443400524920681e-08,8.215175623821472441e-12,1.688093790785254382e-10,4.111332581912477996e-09,5.587449312599127108e-16,8.493306103950851184e-11,1.177697110547832166e-13,1.095867110509767124e-10,1.860142590865287051e-13,4.167905691938794443e-13,4.998344302325091958e-12,8.138529293785818679e-10,9.575148884454095017e-13,5.216134622426401758e-11,2.610910051214522977e-10,1.506509260700786343e-10,5.626778092617421611e-10,1.312992150610767618e-10,1.145223340532726321e-05,1.838523720855230343e-07,1.504238010699729851e-07,4.430599902060992411e-09,1.249346630581161464e-12,2.376056951105276044e-07,9.818668484567373209e-11,4.272069661987248772e-15,4.518766432102005026e-10,1.719570770799896893e-10,4.862222052261771467e-08,1.136037540528453164e-09,7.547471583510875215e-01,0.000000000000000000e+00,8.961074724168444715e-20,1.958162060910882694e-18,9.168991864265161377e-12,4.223870291964828141e-12
1.480078119999999990e-02,-7.033709569999999633e-01,0.000000000000000000e+00,9.668055799999999635e+02,3.550547909999999807e-01,1.370281928999195556e-02,1.014739330215722567e-02,4.872644441850791708e+00,9.019506694317151414e+03,1.330957435915007864e+03,1.276137279661691967e-04,8.658499077704604485e-06,2.121117759437685373e-04,1.777853499528685710e-01,3.205939369150095355e-04,4.045830808927437794e-02,1.220535879676432197e-04,2.170725399424533830e-05,2.946010459219003778e-16,5.350203838581644327e-14,1.336124829645789273e-11,1.348899109642402722e-12,1.723621779543062491e-09,1.369820719636856314e-07,3.701081269018832113e-03,2.201241499416444272e-02,9.336750807524798225e-10,9.704555897427293525e-09,6.203476818355439815e-12,1.786908749526285037e-10,4.072066448920482655e-09,3.105838309176632647e-16,7.179312498096743299e-11,7.814031547928477024e-14,9.238757177550778077e-11,1.634936579566573347e-13,4.020829778934065859e-13,3.395994199099711599e-12,6.489479168279619665e-10,7.729994997950754465e-13,3.935314258956736220e-11,2.078833089448895062e-10,1.302870089654605004e-10,5.157623338632698376e-10,9.838539017391773230e-11,1.075929129714767991e-05,2.218328009411914468e-07,1.401167199628546407e-07,4.368742138841832962e-09,8.236444587816493331e-13,2.215365289412699838e-07,1.144724849696529920e-10,2.855063369243114069e-15,3.998162558940074859e-10,1.540902269591501925e-10,4.492754258808957208e-08,9.334837427525304244e-10,7.552185577997893029e-01,0.000000000000000000e+00,8.182176277830880296e-20,1.786179989526478186e-18,7.942279627894478382e-12,3.494227529073669769e-12
1.481249999999999928e-02,-6.877737329999999982e-01,0.000000000000000000e+00,9.368524240000000418e+02,3.667749479999999895e-01,1.291584682521813854e-02,9.662595445509035430e-03,4.217419973243554665e+00,8.486899123777549903e+03,1.350534103611998034e+03,1.245704260336343776e-04,7.018679671895064670e-06,1.728210980466621835e-04,1.809877790488672034e-01,2.828636520763740223e-04,3.862847791042980233e-02,1.268048910342376866e-04,2.266115070611857666e-05,1.420375210383505560e-16,3.207158010865941961e-14,1.000869780270237876e-11,1.002840580270769746e-12,1.417663910382773371e-09,1.269784800342845665e-07,3.462363240934848013e-03,2.048904090553210072e-02,7.196105151942969488e-10,8.377810432262032190e-09,4.652772451256261951e-12,1.903116770513847103e-10,4.020827231085634773e-09,1.716159660463367998e-16,6.167081921665130072e-11,5.211158661407028386e-14,7.891880012130830121e-11,1.442632010389514839e-13,3.859624071042109796e-13,2.311576310624132513e-12,5.221768891409893237e-10,6.351067081714806084e-13,2.946939150795681547e-11,1.643789450443827994e-10,1.127318550304379324e-10,4.741792271280297331e-10,7.216783011948552445e-11,1.008195780272215680e-05,2.699461660728862527e-07,1.302075150351564313e-07,4.292484491158983841e-09,5.327849241438535190e-13,2.062547160556893641e-07,1.336304280360806067e-10,1.880740490507805718e-15,3.560321770961297290e-10,1.386712730374416608e-10,4.148950081120229128e-08,7.661610262068657008e-10,7.556847202040370970e-01,0.000000000000000000e+00,7.525789682031984756e-20,1.637574340442149658e-18,6.883004811858431372e-12,2.909028260785446019e-12
1.482421870000000079e-02,-6.719472290000000347e-01,0.000000000000000000e+00,9.069111090000000104e+02,3.792591960000000206e-01,1.215247002240168323e-02,9.185759068025427243e-03,3.627856321553286190e+00,7.968005598270935479e+03,1.366229221422063802e+03,1.216023779506587990e-04,5.601435827727169215e-06,1.396047239433541982e-04,1.840928349253027618e-01,2.480754588993412690e-04,3.682008248505993370e-02,1.308693199468986563e-04,2.340638789050265557e-05,6.608968177318354786e-17,1.881649159236504711e-14,7.449900136977139529e-12,7.408385826993984412e-13,1.164500579527493920e-09,1.179435889521433848e-07,3.235469388687180897e-03,1.902642919227986312e-02,5.460333527784422487e-10,7.257319917055280833e-09,3.462825488594928959e-12,2.031705119175618291e-10,3.951466278396658631e-09,9.384305686192236670e-17,5.370179357821004074e-11,3.482440658586970142e-14,6.820217507232638796e-11,1.274227719482971294e-13,3.679246438507114269e-13,1.574913249360965474e-12,4.239976088279593498e-10,5.303231107848168524e-13,2.191050899110962588e-11,1.291188629476089249e-10,9.758937266040228141e-11,4.370807178226507888e-10,5.172860767901067276e-11,9.419089206178125282e-06,3.300421308660826190e-07,1.207080579510216664e-07,4.195775958297528664e-09,3.372668358631511111e-13,1.916973909222171380e-07,1.551885639370309348e-10,1.216518569506387403e-15,3.188044498706423910e-10,1.252613949491741196e-10,3.827818428446829886e-08,6.285824157449472990e-10,7.561457866931874383e-01,0.000000000000000000e+00,6.913377877194838925e-20,1.503747369389841685e-18,5.952237527584829024e-12,2.433548739012566740e-12
1.483593750000000017e-02,-6.559366620000000037e-01,0.000000000000000000e+00,8.770494499999999789e+02,3.925549689999999758e-01,1.141279158294914581e-02,8.717248572241639848e-03,3.097167114594732595e+00,7.462997984192747936e+03,1.377675615250779856e+03,1.186890720599507949e-04,4.395473292220188532e-06,1.119043550565237781e-04,1.871002800945058553e-01,2.160119251091093288e-04,3.503485581769638646e-02,1.339704190676695291e-04,2.393212691208830843e-05,2.951920951491038943e-17,1.076149630543571718e-14,5.495436532775788837e-12,5.423071702739236877e-13,9.539230984818341722e-10,1.096996820554101765e-07,3.019670141525259734e-03,1.762481140890242992e-02,4.072867252057237341e-10,6.306180913185302092e-09,2.555760201290935022e-12,2.164795951093455647e-10,3.859964091949698409e-09,5.055170812553406857e-17,4.728609702388458302e-11,2.324299811174022278e-14,5.953377133007099060e-11,1.122977710567224967e-13,3.478327131756930593e-13,1.073027570541994843e-12,3.473933911754711429e-10,4.492975142269437408e-13,1.618145100817337815e-11,1.007800710509048069e-10,8.453248354269802288e-11,4.037614922039431559e-10,3.616516011826730540e-11,8.769744054429666786e-06,4.036024732038628426e-07,1.116249240563826398e-07,4.073111032057360773e-09,2.083769771052528759e-13,1.778181120898173294e-07,1.780976760899585414e-10,7.695643843887130895e-16,2.867742411448519343e-10,1.134921150573257749e-10,3.526962871781497224e-08,5.159050422605877935e-10,7.566018533821656789e-01,0.000000000000000000e+00,6.291330513177801991e-20,1.379094120696591220e-18,5.121826322587075476e-12,2.042793281031831213e-12
1.484765629999999954e-02,-6.397919570000000222e-01,0.000000000000000000e+00,8.473399869999999510e+02,4.067095130000000225e-01,1.069693700489182490e-02,8.257437708909713334e-03,2.619600974603305321e+00,6.971543649748477947e+03,1.384492989836787501e+03,1.158147900299044241e-04,3.386731940874484798e-06,8.909959512300631723e-05,1.900098710490622511e-01,1.865500760481689094e-04,3.327457780859179731e-02,1.358149590350686423e-04,2.423453310625757281e-05,1.258857630325048291e-17,5.975529891542935718e-15,4.006824131034598056e-12,3.922924361012934038e-13,7.782017792009386994e-10,1.021088400263654291e-07,2.814318300726681953e-03,1.628430970420475382e-02,2.981697680769901309e-10,5.494983571418854594e-09,1.869933570482833655e-12,2.291353560591648212e-10,3.744448880966849856e-09,2.670920010689655330e-17,4.200378451084575384e-11,1.544187070398723046e-14,5.240296481353091730e-11,9.839253892540584427e-14,3.258634020841409066e-13,7.304253881886024263e-13,2.871645220741484505e-10,3.854815430995348041e-13,1.187757200306689591e-11,7.818237722018739205e-11,7.328552431892298858e-11,3.736321030964751724e-10,2.461462950635571960e-11,8.133439272100126147e-06,4.913109431268608157e-07,1.029606930265853758e-07,3.920277841012250617e-09,1.253358310323628343e-13,1.645831200424968314e-07,2.007788450518429011e-10,4.741805701224377619e-16,2.588719310668430857e-10,1.030581390266105384e-10,3.244475020837752656e-08,4.238983441094543272e-10,7.570529791954778709e-01,0.000000000000000000e+00,5.633901071454723930e-20,1.260252830325408557e-18,4.371974521128883779e-12,1.718563530443748631e-12
1.485937499999999932e-02,-6.235674989999999696e-01,0.000000000000000000e+00,8.178593650000000252e+02,4.217689569999999999e-01,1.000505997240578107e-02,7.806715097569682030e-03,2.190836773083112643e+00,6.493146727496995481e+03,1.386314949610268059e+03,1.129678850267094750e-04,2.558621690604945915e-06,7.054781911667992115e-05,1.928212770455895453e-01,1.596452450377456081e-04,3.154109890745739747e-02,1.361192640321832450e-04,2.431607620574915149e-05,5.098739841205516270e-18,3.209101840758741492e-15,2.880813630681123090e-12,2.797226080661359562e-13,6.314375381492933373e-10,9.506394032247636595e-08,2.618842650619184094e-03,1.500494680354768316e-02,2.139003490505733514e-10,4.800038551134893304e-09,1.356100530320628605e-12,2.397778020566916335e-10,3.605061370852360053e-09,1.378657970325961749e-17,3.755902820888023495e-11,1.017886340240663168e-14,4.643691311097927334e-11,8.536643902018354010e-14,3.024375180715065699e-13,4.963420891173522405e-13,2.394290110566091893e-10,3.342420170790262494e-13,8.671972882050351063e-12,6.029243501425518746e-11,6.361119951503986082e-11,3.461989490818532809e-10,1.627740920384853671e-11,7.510427271775721720e-06,5.925867491401077732e-07,9.471502332239387087e-08,3.735140740883115781e-09,7.322450691731277894e-14,1.519681360359304676e-07,2.213487120523343956e-10,2.834650520670208264e-16,2.342608680553872748e-10,9.371093722215647552e-11,2.978843360704300719e-08,3.489108530824944461e-10,7.574991901790987248e-01,0.000000000000000000e+00,4.942514081168580147e-20,1.145544420270845807e-18,3.689636560872356197e-12,1.447445600342225523e-12
1.487109370000000083e-02,-6.073216900000000251e-01,0.000000000000000000e+00,7.886874790000000530e+02,4.377772329999999879e-01,9.337343566563903116e-03,7.365488125303894761e-03,1.808063816561654713e+00,6.027743621794364117e+03,1.382851401167426275e+03,1.101400219728847332e-04,1.892492839534088845e-06,5.561821528630739872e-05,1.955340239518616741e-01,1.353033619666897777e-04,2.983635859265461668e-02,1.346440669668521012e-04,2.418461329404601149e-05,1.951679949519517561e-18,1.661070779591062640e-15,2.038461469498152976e-12,1.961967219516985229e-13,5.090628828746743190e-10,8.848184557821673612e-08,2.432742819401085502e-03,1.378664969660587866e-02,1.501143249630434780e-10,4.202088228965491207e-09,9.748829447599944598e-13,2.469595989392012175e-10,3.443670079152205948e-09,6.928878018294186022e-18,3.374250829169296277e-11,6.637647058365884720e-15,4.136206648981710987e-11,7.302489178202207190e-14,2.781357559315260111e-13,3.364359879171731578e-13,2.012686259504498539e-10,2.922742289280452986e-13,6.303876458448054933e-12,4.622280248862045242e-11,5.530146888638537977e-11,3.210491919209611778e-10,1.043729529743045156e-11,6.901926348300821433e-06,7.051979188263880078e-07,8.688550627860973907e-08,3.518268689133840411e-09,4.147333568978971762e-14,1.399556499655444338e-07,2.379693539414145537e-10,1.638044179596731323e-16,2.122926149477358743e-10,8.525249477901176085e-11,2.728875479328180943e-08,2.878311929291390946e-10,7.579404788134033177e-01,0.000000000000000000e+00,4.238862338956438897e-20,1.034511109745314542e-18,3.067374339244845984e-12,1.219415659699793282e-12
1.488281250000000021e-02,-5.911163310000000504e-01,0.000000000000000000e+00,7.599064090000000533e+02,4.547748329999999894e-01,8.693996195462121157e-03,6.934185387038570292e-03,1.469722694966877130e+00,5.575747706686720448e+03,1.373914768703048139e+03,1.073254330980362686e-04,1.368312161249882825e-06,4.371797873993412548e-05,1.981474701809975425e-01,1.135465601037189526e-04,2.816239782572490385e-02,1.312338531198753845e-04,2.385238012178792264e-05,7.028601376420266453e-19,8.262815617547657680e-16,1.417713201295008253e-12,1.351661071234673026e-13,4.074553063721895279e-10,8.229824107517522050e-08,2.255584742060360789e-03,1.262925011153617078e-02,1.028840200939792772e-10,3.685349693366377726e-09,6.949385986347907693e-13,2.494015982278155617e-10,3.263470032981012135e-09,3.381784643089086286e-18,3.040571322777405797e-11,4.271452363901752568e-15,3.697715563377672863e-11,6.131448395600763177e-14,2.536068302316568122e-13,2.273447882076677872e-13,1.704764001557214340e-10,2.572087322349469838e-13,4.567906084172547477e-12,3.522535043217655214e-11,4.817165754400233526e-11,2.978392332720608334e-10,6.475884035915387687e-12,6.310223965764064969e-06,8.250943017536812573e-07,7.946829717259020183e-08,3.273212162989911137e-09,2.274094602077268571e-14,1.285327071174080304e-07,2.492085552276392104e-10,9.121109878331664687e-17,1.924706161758120198e-10,7.752891527081867723e-11,2.493631782277804719e-08,2.380427622174398473e-10,7.583767896927382512e-01,0.000000000000000000e+00,3.553881873246288427e-20,9.275103118472329572e-19,2.502345672285763999e-12,1.026863710937987201e-12
1.489453119999999998e-02,-5.750158359999999469e-01,0.000000000000000000e+00,7.315991880000000265e+02,4.727973939999999820e-01,8.075245078682109431e-03,6.513256856449177457e-03,1.174959010275329563e+00,5.137079513465211676e+03,1.359310850940436012e+03,1.045202259304290102e-04,9.654759753573577984e-07,3.430996817716251875e-05,2.006608048664356991e-01,9.437875123717940761e-05,2.652136188234678962e-02,1.258536389162290216e-04,2.333502888446768622e-05,2.372336428420919830e-19,3.941481417376462454e-16,9.686033673552762072e-13,9.140546833915848473e-14,3.236431167845759469e-10,7.646368064910407796e-08,2.086996368610848692e-03,1.153248159232372373e-02,6.874135105424422769e-11,3.236797117845515680e-09,4.915140596728373389e-13,2.462632838360816960e-10,3.068518917957525440e-09,1.600077398934952690e-18,2.744313268173324124e-11,2.707637148197736501e-15,3.313397587794528783e-11,5.030910476651314418e-14,2.294786008472539770e-13,1.530963368980956761e-13,1.453753759032349250e-10,2.273434688486751161e-13,3.304332347800563163e-12,2.667973818224137186e-11,4.205699007200593228e-11,2.762855958160981565e-10,3.879660657417611302e-12,5.738586086180269072e-06,9.465749823699386271e-07,7.245855875176996930e-08,3.006295557998942896e-09,1.206230579197105982e-14,1.176892269216634338e-07,2.542912178307380899e-10,4.881804216750561651e-17,1.744201108839020957e-10,7.042378745312436589e-11,2.272369368487460429e-08,1.973737028686236963e-10,7.588080064949205283e-01,0.000000000000000000e+00,2.917101008058312762e-20,8.253522954506271007e-19,1.995157218671978817e-12,8.639023134249673625e-13
1.490624999999999936e-02,-5.590863440000000129e-01,0.000000000000000000e+00,7.038484690000000228e+02,4.918741229999999964e-01,7.481327351102302035e-03,6.103172199352261719e-03,9.229291869326222697e-01,4.712648179031663858e+03,1.339017809142682609e+03,1.017218010214091255e-04,6.636641271396796409e-07,2.692233610566627583e-05,2.030730700427402502e-01,7.775799941636552383e-05,2.491549530524389891e-02,1.186142440249644332e-04,2.265082300476726029e-05,7.481757441574665772e-20,1.800585790378964594e-16,6.503531251368781331e-13,6.069140701277356119e-14,2.550929390536887958e-10,7.094051681493066755e-08,1.926662980405499832e-03,1.049597390220906139e-02,4.469420340940667155e-11,2.845630630598912615e-09,3.452426710726623502e-13,2.373358260499514587e-10,2.863274160602625996e-09,7.332854771543326437e-19,2.477977100521533591e-11,1.688889590355456377e-15,2.972351530625582992e-11,4.017672440845589647e-14,2.062849890434162887e-13,1.027271240216207037e-13,1.246875600262426651e-10,2.014578170424002915e-13,2.390408580503103060e-12,2.007853470422587911e-11,3.681074190774746268e-11,2.561572950539128081e-10,2.239398900471320587e-12,5.190951331092526169e-06,1.062825910223690160e-06,6.585074711385943330e-08,2.725915880573716221e-09,6.188312781302439393e-15,1.074168220226077505e-07,2.531741980532849295e-10,2.507184700527680722e-17,1.578628530332249732e-10,6.385146181343864933e-11,2.064494650434508552e-08,1.640445620345260210e-10,7.592339381597940084e-01,0.000000000000000000e+00,2.349801040494556741e-20,7.289913581534289426e-19,1.548436550325895471e-12,7.258738341527727666e-13
1.491796869999999914e-02,-5.433947959999999577e-01,0.000000000000000000e+00,6.767352019999999584e+02,5.120260140000000293e-01,6.912478417823992097e-03,5.704417258971175055e-03,7.121544288792855948e-01,4.302841065176978191e+03,1.312997917875421081e+03,9.892840751053775074e-05,4.436337200472554427e-07,2.115145790225303227e-05,2.053832100218772327e-01,6.358080960677255740e-05,2.334712880248691197e-02,1.097775880116934029e-04,2.182003220232424677e-05,2.199849790234325739e-20,7.874593200838793873e-17,4.297230330457736614e-13,3.961654570421991319e-14,1.995704840212580606e-10,6.570046740699835110e-08,1.774321730188999037e-03,9.519246411013980100e-03,2.822845390300686774e-11,2.502891880266605613e-09,2.411339410256853560e-13,2.230895170237632715e-10,2.652188440282508854e-09,3.255008490346720278e-19,2.236230650238201305e-11,1.036413080110397781e-15,2.666578190284041361e-11,3.112540780331545207e-14,1.844197880196442254e-13,6.869146590731694352e-14,1.074383200114442301e-10,1.786807420190329111e-13,1.732882000184584795e-12,1.501087200159894434e-11,3.230327110344090875e-11,2.372690730252737021e-10,1.242724440132373776e-12,4.671452130497598685e-06,1.166752090124281386e-06,5.963876780635266535e-08,2.441480060260063918e-09,3.072258960327253958e-15,9.770802931040776008e-08,2.464505120262516601e-10,1.234553260131503292e-17,1.425956990151891648e-10,5.775051450615152637e-11,1.869523840199139717e-08,1.366157530145521877e-10,7.596543020809175539e-01,0.000000000000000000e+00,1.862762160198419544e-20,6.392887850680964850e-19,1.165162530124111970e-12,6.090011250648701383e-13
1.492968750000000025e-02,-5.280080360000000139e-01,0.000000000000000000e+00,6.503373880000000327e+02,5.332638600000000340e-01,6.368920536798554528e-03,5.317489277362650972e-03,5.401092448382901479e-01,3.908751757688599355e+03,1.281362767518932515e+03,9.613886014101823206e-05,2.878682478233911360e-07,1.665987578977906754e-05,2.075901358726422452e-01,5.168035236829379752e-05,2.181866068661412333e-02,9.973713243881067512e-05,2.086447728719951795e-05,6.022742156305013034e-21,3.298739977976202901e-17,2.800514588281867505e-13,2.547713978436962333e-14,1.550635219048676214e-10,6.072264936274629778e-08,1.629755379000135621e-03,8.601700094722806306e-03,1.729222608939111934e-11,2.201184128649560685e-09,1.677269938970985164e-13,2.045644968744984713e-10,2.439403248503411353e-09,1.400692599140666930e-19,2.015278608763614630e-11,6.262124396158150043e-16,2.390223208533583785e-11,2.333918488568127195e-14,1.641226168993097825e-13,4.579095087190698027e-14,9.288574434301404217e-11,1.583952899028235334e-13,1.261690649225945366e-12,1.114635129316164820e-11,2.842135478256333056e-11,2.194751128653507038e-10,6.616533385940716902e-13,4.183864047433174767e-06,1.251928499231934531e-06,5.381604006698354062e-08,2.162216178673467354e-09,1.477667449093442304e-15,8.855582964567046897e-08,2.351443038557375604e-10,5.828846876423967292e-18,1.284725389211813413e-10,5.207773166805000854e-11,1.687050278964984600e-08,1.139364179300993315e-10,7.600687155336933731e-01,0.000000000000000000e+00,1.457373439105892782e-20,5.568618346583619787e-19,8.469930054803648113e-13,5.101456826870225819e-13
1.494140629999999963e-02,-5.129920019999999470e-01,0.000000000000000000e+00,6.247289950000000545e+02,5.555860099999999635e-01,5.850852033754604282e-03,4.942891576734457539e-03,4.031462619887681287e-01,3.531315257744328392e+03,1.244247655456682423e+03,9.335240261103071964e-05,1.810297070213908605e-07,1.317097760155631106e-05,2.096928010247777752e-01,4.183712060494355938e-05,2.033253590240253691e-02,8.897460671051343176e-05,1.980710960234045002e-05,1.535283650181412628e-21,1.325602480156635907e-17,1.805374420213326919e-13,1.618743940191274030e-14,1.197514110141500815e-10,5.599195940661612770e-08,1.492785170176390720e-03,7.742609310914883372e-03,1.026287720121268433e-11,1.934452220228578995e-09,1.163836220137521267e-13,1.831509960216415154e-10,2.228554760263330704e-09,5.852112040691498353e-20,1.812410310214158480e-11,3.731785550440955944e-16,2.139006830252749619e-11,1.692251110199960259e-14,1.454938050171918760e-13,3.044790630359779309e-14,8.046752370950821792e-11,1.401680770165625794e-13,9.247767501092736341e-13,8.220443090971345253e-12,2.506744660296202375e-11,2.026630730239471223e-10,3.373846490398660889e-13,3.731109370440876044e-06,1.313448790155199892e-06,4.837548860571615053e-08,1.896117120224049164e-09,6.896746060814934750e-16,7.995333070944746059e-08,2.204751950260518169e-10,2.641265930312097731e-18,1.153892360136346378e-10,4.680288490553032661e-11,1.516717800179218598e-08,9.509581451123672906e-11,7.604766940898595173e-01,0.000000000000000000e+00,1.128325640133325431e-20,4.820197820569564983e-19,5.929545680700648316e-13,4.266470200504135493e-13
1.495312499999999940e-02,-4.984110370000000012e-01,0.000000000000000000e+00,5.999790739999999687e+02,5.789758980000000443e-01,5.358435435014919854e-03,4.581127754637308314e-03,2.967371991203592851e-01,3.171399564834390276e+03,1.201816327749687161e+03,9.056868695691330101e-05,1.101977849475750591e-07,1.046188419502291573e-05,2.116902898992915338e-01,3.379781108392119901e-05,1.889122309101278277e-02,7.800083906289227123e-05,1.867149909111731583e-05,3.647468888264771518e-22,5.122112947563231270e-18,1.155078599450488693e-13,1.019419529515026531e-14,9.200268185623111376e-11,5.149772917550073204e-08,1.363262979351448096e-03,6.941112406697869976e-03,5.900123377193105044e-12,1.697787099192303309e-09,8.069684146160968974e-14,1.603346299237231952e-10,2.022683619037738606e-09,2.378842678868301312e-20,1.625674369226609853e-11,2.199073258953823919e-16,1.909791869091445286e-11,1.187066879435270757e-14,1.285279189388547838e-13,2.020773949038647062e-14,6.976010366681267867e-11,1.236965099411532512e-13,6.838931566746481232e-13,6.022034067135107230e-12,2.215866138945834930e-11,1.867484449111572370e-10,1.645640069217111460e-13,3.314925038422974159e-06,1.348481419358480147e-06,4.330948957939615993e-08,1.649217939215409204e-09,3.130018328510940566e-16,7.189350426579774355e-08,2.036549409031142137e-10,1.150734159452555434e-18,1.032713539508702042e-10,4.190445798006458555e-11,1.358199319353856958e-08,7.937823406223699478e-11,7.608776506380239280e-01,0.000000000000000000e+00,8.665015605877749898e-21,4.147724228026782341e-19,3.988332548102610333e-13,3.562210028305331877e-13
1.496484369999999918e-02,-4.843273120000000098e-01,0.000000000000000000e+00,5.761510510000000522e+02,6.033993680000000470e-01,4.891786886073397345e-03,4.232695916129580044e-03,2.159086416806484665e-01,2.830009550806579227e+03,1.154296771000334047e+03,8.778782537021147226e-05,6.491064397797425523e-08,8.355671467164719365e-06,2.135819019275264907e-01,2.729705749073745111e-05,1.749719179406277955e-02,6.729329127716576558e-05,1.748117449406821626e-05,8.100463027251318766e-23,1.909434629352082705e-18,7.358858927502961487e-14,6.383765027833835387e-15,7.038315417611729102e-11,4.723260438397284271e-08,1.241063239578877285e-03,6.196202237897479106e-03,3.290263508883534217e-12,1.487236769495344769e-09,5.599540518099940961e-14,1.374763269533509741e-10,1.824224659380996563e-09,9.431406236799696309e-21,1.453644499506743342e-11,1.285555739563779894e-16,1.700256959423061848e-11,8.073016067260631892e-15,1.131529319616044911e-13,1.339478309545482696e-14,6.044655247948902817e-11,1.087690889630920318e-13,5.112577908265178594e-13,4.383242758512660060e-12,1.962545439334061190e-11,1.716693089417484633e-10,7.676868697395053851e-14,2.935751619003828864e-06,1.356435279539728774e-06,3.860978718689876733e-08,1.425296879516362373e-09,1.384478659530212832e-16,6.436892417815808205e-08,1.857491059369708464e-10,4.833445448359895149e-19,9.206442366876031664e-11,3.736635598732069046e-11,1.211179839589017442e-08,6.622244907752912197e-11,7.612709007416824658e-01,0.000000000000000000e+00,6.613295647755949704e-21,3.548854458795788306e-19,2.574151489126528135e-13,2.968972838992555572e-13
1.497656250000000029e-02,-4.708003390000000121e-01,0.000000000000000000e+00,5.533021830000000136e+02,6.288019120000000184e-01,4.450966069045575457e-03,3.898082317680632430e-03,1.557146932000095241e-01,2.508235379074654702e+03,1.101983581796636372e+03,8.501046608195650476e-05,3.704090479213805529e-08,6.713690488575017630e-06,2.153672259542882550e-01,2.207717149531411685e-05,1.615288709657154362e-02,5.724380058784998864e-05,1.625885359654905449e-05,1.671301549645265835e-23,6.898993938535686943e-19,4.682268569006187546e-14,3.986681569153826024e-15,5.366165878861029800e-11,4.319161479083256592e-08,1.126074849760990435e-03,5.506716138831198315e-03,1.786764109620758875e-12,1.299622459724154812e-09,3.893132479173682010e-14,1.156677799754494839e-10,1.635047889652960679e-09,3.657102229223779937e-21,1.295251109725082640e-11,7.481620428412023488e-17,1.508651829679788333e-11,5.342847228865979454e-15,9.926440007893111349e-14,8.872343258116844191e-15,5.229082418890125761e-11,9.523571267978620157e-14,3.869143419178773357e-13,3.171259639326899622e-12,1.741006409630470892e-11,1.573816019665957433e-10,3.430352289271907535e-14,2.592834969449670399e-06,1.338751289715849577e-06,3.426739499272674174e-08,1.225973619739786818e-09,5.983239468730055693e-17,5.737147748782289192e-08,1.676083249644251196e-10,1.965104349582906042e-19,8.172652248265353549e-11,3.317551289295848925e-11,1.075343189771758281e-08,5.518664198828662407e-11,7.616556728383384600e-01,0.000000000000000000e+00,5.023775798933703344e-21,3.019548889359099955e-19,1.594513029661564193e-13,2.469791949475786137e-13
1.498828120000000007e-02,-4.578865240000000170e-01,0.000000000000000000e+00,5.314831010000000333e+02,6.551059919999999703e-01,4.035965604116003615e-03,3.577754319740967474e-03,1.116196555816704739e-01,2.206743521841648999e+03,1.045141994060883007e+03,8.223786223085961941e-05,2.054904350771099409e-08,5.428459762037020563e-06,2.170462030814462040e-01,1.790274260671797255e-05,1.486070110557645256e-02,4.812666711805944973e-05,1.502567950563835925e-05,5.147509011931593040e-24,2.431709840912494856e-19,2.982512251119183010e-14,2.488708920933884268e-15,4.080669851531264767e-11,3.937140721477405429e-08,1.018193320382075173e-03,4.871325991827956704e-03,9.519289853572098127e-13,1.132368480424919310e-09,2.714246451018516267e-14,9.567076473590028124e-11,1.456524610546558259e-09,1.391014560521975835e-21,1.149660890431408253e-11,4.349228431632040340e-17,1.333616780500437369e-11,3.459150361298040393e-15,8.674924603255250895e-14,5.874606802204436306e-15,4.511702081693008735e-11,8.298582293114029000e-14,2.966748721113267453e-13,2.281801760856242316e-12,1.546484460580315586e-11,1.438549430539813058e-10,1.474312300553233348e-14,2.284479690857247019e-06,1.298428150487232806e-06,3.027249541135970157e-08,1.051092430394420608e-09,2.532945260950483292e-17,5.089205401909715921e-08,1.498560020562332041e-10,7.778427882918841841e-20,7.222282272710148847e-11,2.932025021100237225e-11,9.503616593566216139e-09,4.591946521723120258e-11,7.620311172859508542e-01,0.000000000000000000e+00,3.802517931426888371e-21,2.554787210958679400e-19,9.499494293564669084e-14,2.050139850769311645e-13
1.499999999999999944e-02,-4.456387139999999913e-01,0.000000000000000000e+00,5.107373949999999923e+02,6.822087119999999949e-01,3.646701753195814768e-03,3.272152023797793557e-03,7.973020076702176662e-02,1.926426488486312564e+03,9.841558363982518358e+02,7.947191120145612468e-05,1.115838810020444863e-08,4.417379670080937804e-06,2.186191680040056318e-01,1.456900140026693880e-05,1.362293830024960579e-02,4.009092250073456479e-05,1.380059510025286058e-05,0.000000000000000000e+00,8.438361960154611817e-20,1.905100380034906212e-14,1.555610340028502714e-15,3.097305730056750543e-11,3.576961620065538721e-08,9.173135090168074409e-04,4.288528990078576200e-03,5.034366660092242003e-13,9.833551000180175376e-10,1.898398670034783408e-14,7.792517210142777599e-11,1.289600040023628565e-09,5.206415240095394272e-22,1.016191140018619184e-11,2.532493930046401110e-17,1.174051990021511470e-11,2.205111450040403273e-15,7.549882180138331894e-14,3.888942630071254612e-15,3.879282930071077838e-11,7.193280050131799093e-14,2.305392910042240311e-13,1.633770040029934565e-12,1.375061620025194400e-11,1.310690390024014997e-10,6.141590550112529008e-15,2.008369490036798268e-06,1.239432090022709469e-06,2.661434520048763966e-08,8.992435120164762999e-10,1.053290350019298843e-17,4.492023100082305008e-08,1.329123340024352711e-10,3.023115910055390864e-20,6.352178510116387269e-11,2.578921160047251990e-11,8.358882930153154983e-09,3.813736310069877046e-11,7.623963230139689795e-01,0.000000000000000000e+00,2.869762090052581374e-21,2.149131980039377275e-19,5.468575150100198246e-14,1.697662940031105261e-13
1.501171869999999922e-02,-4.341056870000000178e-01,0.000000000000000000e+00,4.911011819999999943e+02,7.099801759999999629e-01,3.283003965627762696e-03,2.981678361768693754e-03,5.687909031444345759e-02,1.667705649428550942e+03,9.193890159401153142e+02,7.671516056980528175e-05,5.995058285455072470e-09,3.617371023291547791e-06,2.200868812002632624e-01,1.190453951083227644e-05,1.244177351132111885e-02,3.317386863018583485e-05,1.259994651146504492e-05,0.000000000000000000e+00,2.918703552655810603e-20,1.221558531111530439e-14,9.747155198869211361e-16,2.348095762136598432e-11,3.238435162946743607e-08,8.233229867491647204e-04,3.756640043418272776e-03,2.684366222442580238e-13,8.507995927741665251e-10,1.332155801212166096e-14,6.260029625696178185e-11,1.134861541032642333e-09,1.924228131750909423e-22,8.942495138137027555e-12,1.479956771346654277e-17,1.029024510936338414e-11,1.393936201268381859e-15,6.541391805952196341e-14,2.573988112342144384e-15,3.321660733022472623e-11,6.200326775641851415e-14,1.815028101651545010e-13,1.164793211059878114e-12,1.223514031113309866e-11,1.190106501082911625e-10,2.509663532283613871e-15,1.761876401603180916e-06,1.166128981061093664e-06,2.328119822118421672e-08,7.682875096990863895e-10,4.315129383926456846e-18,3.944397533589118092e-08,1.170354021064938290e-10,1.167204531062072340e-20,5.559263525058530114e-11,2.257071002053772377e-11,7.315511156656589212e-09,3.160768862876072557e-11,7.627503316940479339e-01,0.000000000000000000e+00,2.160405251965813905e-21,1.797106001635237072e-19,3.065367422789264035e-14,1.401918781275645478e-13
1.502343750000000033e-02,-4.233315509999999726e-01,0.000000000000000000e+00,4.726026370000000156e+02,7.382629059999999965e-01,2.944605921267648852e-03,2.706687527255361922e-03,4.059865322460928100e-02,1.431050747477112736e+03,8.513234290200795158e+02,7.397078280225513061e-05,3.233034190098564570e-09,2.980439780090863945e-06,2.214505460067512921e-01,9.769924600297852070e-06,1.131920180034508457e-02,2.732819970083314723e-05,1.143733290034868628e-05,5.204841980158679488e-25,1.021456120031140841e-20,7.867141370239844507e-15,6.126554470186779101e-16,1.779164120054240894e-11,2.921377930089063218e-08,7.360961860224411518e-04,3.273786830099806918e-03,1.467194120044730152e-13,7.331656520223518780e-10,9.377483370285889963e-15,4.966441780151409966e-11,9.925976820302609120e-10,7.049116810214904865e-23,7.832919550238800593e-12,8.689468880264913383e-18,8.977032750273681007e-12,8.799358550268264114e-16,5.640506970171960057e-14,1.703235420051926059e-15,2.830766760086300920e-11,5.313015390161976240e-14,1.446743610044106485e-13,8.274615650252265902e-13,1.089178650033205443e-11,1.076710340032825408e-10,1.022105050031160657e-15,1.542307220047019830e-06,1.082829940033011848e-06,2.026025150061766887e-08,6.557907670199929050e-10,1.747389280053271934e-18,3.444938520105024476e-08,1.023648130031207735e-10,4.541587270138458123e-21,4.840379760147566803e-11,1.965235360059913688e-11,6.369492630194184811e-09,2.613667350079681923e-11,7.630921610232641594e-01,0.000000000000000000e+00,1.622692440049470743e-21,1.493407590045529155e-19,1.691233420051560271e-14,1.154113780035185234e-13
1.503515629999999971e-02,-4.133550619999999953e-01,0.000000000000000000e+00,4.552614879999999857e+02,7.668727370000000265e-01,2.631136153620490092e-03,2.447471747108163204e-03,2.903097229142993091e-02,1.216594628784447195e+03,7.804803433828144534e+02,7.124252689289909573e-05,1.777655329822817004e-09,2.470107599753798767e-06,2.227118249778018144e-01,8.053958209197242433e-06,1.025697989897766255e-02,2.245353459776200722e-05,1.032366129897101818e-05,0.000000000000000000e+00,3.672343199633969891e-21,5.090415789492627110e-15,3.864889839614777629e-16,1.348282409865613689e-11,2.625578209738302423e-08,6.554894399346658301e-04,2.837908989717139070e-03,8.325618089170166895e-14,6.290974359372964241e-10,6.619788859340190862e-15,3.895407639611735587e-11,8.628476429139980717e-10,2.570385769743804117e-23,6.827940819319443930e-12,5.128513479488829585e-18,7.793144279223239780e-12,5.581029549443725831e-16,4.839082869517677989e-14,1.126664919887702841e-15,2.399928549760793488e-11,4.524852699548997789e-14,1.166385729883743551e-13,5.861475599415773062e-13,9.698416169033336620e-12,9.704381129032742309e-11,4.221974419579186039e-16,1.347067849865734731e-06,9.934856129009768776e-07,1.753762399825198591e-08,5.593303979442503073e-10,7.019873349300313211e-19,2.992049369701775527e-08,8.895932029113321273e-11,1.807156799819876607e-21,4.192201229582153341e-11,1.702085649830349117e-11,5.516508129450157075e-09,2.156108459785095920e-11,7.634208289239080569e-01,0.000000000000000000e+00,1.216178329878780934e-21,1.233011589877102966e-19,9.304449439072604922e-15,9.468509199056252103e-14
1.504687499999999949e-02,-4.042088469999999822e-01,0.000000000000000000e+00,4.390884950000000231e+02,7.956015010000000443e-01,2.342109838518442819e-03,2.204247194115486162e-03,2.081370304604763036e-02,1.024177008283403211e+03,7.074355517250328376e+02,6.853465020811276575e-05,1.009390340119486271e-09,2.058608590243687252e-06,2.238728540265008671e-01,6.669025360789442859e-06,9.256562621095741974e-03,1.842478320218102875e-05,9.267333341097017365e-06,1.340718790158707115e-24,1.371978450162407494e-21,3.309828660391799827e-15,2.448155780289799588e-16,1.022627820121053207e-11,2.350768680278271554e-08,5.813369590688154728e-04,2.446762350289634434e-03,4.928617110583423434e-14,5.373731200636113453e-10,4.684338950554506995e-15,3.023240010357875285e-11,7.454422160882415077e-10,9.372387261109453367e-24,5.922321830701052370e-12,3.043173410360234219e-18,6.731112900796793075e-12,3.573088600422963455e-16,4.129560370488834785e-14,7.449639050881847560e-16,2.023390150239518315e-11,3.829335680453296681e-14,9.500301061124595669e-14,4.143588470490495791e-13,8.636478561022339931e-12,8.712317531031317122e-11,1.795395200212529405e-16,1.173751470138942438e-06,9.015192781067170624e-07,1.509837330178726481e-08,4.766711900564258111e-10,2.809207730332538913e-19,2.583915010305869933e-08,7.682504440909414330e-11,7.435389670880160688e-22,3.611191970427473218e-11,1.466197020173560677e-11,4.751922820562506820e-09,1.774243220210025360e-11,7.637353820904069224e-01,0.000000000000000000e+00,9.095887931076722985e-22,1.011203240119700884e-19,5.171910590612223858e-15,7.738991920916101097e-14
1.505859369999999926e-02,-3.959186219999999978e-01,0.000000000000000000e+00,4.240849969999999871e+02,8.242217280000000423e-01,2.076923009863952153e-03,1.977139583419019412e-03,1.496710369402442023e-02,8.534210932416983724e+02,6.328446598627240292e+02,6.585183660036728710e-05,5.955504720033217397e-10,1.724734220009619775e-06,2.249362520012545830e-01,5.546500190030936412e-06,8.319036370046399911e-03,1.511310540008429279e-05,8.274494950046152109e-06,0.000000000000000000e+00,5.351799150029849957e-22,2.162994650012064070e-15,1.557887260008688966e-16,7.768576700043330165e-12,2.096605130011693893e-08,5.134478820028638571e-04,2.097929620011700948e-03,3.033952320016921759e-14,4.568729250025482301e-10,3.321196230018524325e-15,2.323262050012958049e-11,6.400385350035697835e-10,3.434364900019155756e-24,5.110714960028505678e-12,1.815832630010127695e-18,5.783550300032257722e-12,2.315758250012916320e-16,3.504781300019548180e-14,4.923650490027462572e-16,1.695999210009459658e-11,3.219856470017958959e-14,7.808207320043550105e-14,2.925812340016319135e-13,7.690293730042892539e-12,7.790241470043450099e-11,7.927620420044216195e-17,1.020170280005689910e-06,8.097650950045164582e-07,1.292655730007209876e-08,4.058421340022636009e-10,1.124816000006273587e-19,2.218499410012373587e-08,6.593455860036774652e-11,3.177158070017720662e-22,3.093597110017254726e-11,1.256050270007005750e-11,4.070798300022705198e-09,1.456281490008122427e-11,7.640349310042614528e-01,0.000000000000000000e+00,6.788934430037865781e-22,8.235803740045936452e-20,2.934777370016369272e-15,6.299926730035137674e-14
1.507031250000000037e-02,-3.885024420000000034e-01,0.000000000000000000e+00,4.102425850000000196e+02,8.524933030000000356e-01,1.834848070956215981e-03,1.766170772019838965e-03,1.079572238346185493e-02,7.036833324276332178e+02,5.574296636999083603e+02,6.319910151187808889e-05,3.647132360685467581e-10,1.452203990272937218e-06,2.259051310424581849e-01,4.632704890870703576e-06,7.445055551399275967e-03,1.239861630233028295e-05,7.349297261381278543e-06,2.877365740540792242e-25,2.175890930408952281e-22,1.421021610267076818e-15,9.964756991872845158e-17,5.915167491111737824e-12,1.862650760350079760e-08,4.516045050848777119e-04,1.788838100336206851e-03,1.927156130362203205e-14,3.865575170726522963e-10,2.358121310443202082e-15,1.768731830332427614e-11,5.461504331026473305e-10,1.271422570238959986e-24,4.387600270824635981e-12,1.089873030204838452e-18,4.943033670929027680e-12,1.521287690285921389e-16,2.957858750555920115e-14,3.252889610611370812e-16,1.413013660265571694e-11,2.689689320505518963e-14,6.467881321215617708e-14,2.065611190388225458e-13,6.846491441286777372e-12,6.937270841303839709e-11,3.640046910684135299e-17,8.843526361662113505e-07,7.204736991354108328e-07,1.100534320206842153e-08,3.451481150648695934e-10,4.527624850850953819e-20,1.893553430355887550e-08,5.623885971056992911e-11,1.407016720264444686e-22,2.635456880495325986e-11,1.070040300201110795e-11,3.467921480651785370e-09,1.192176470224065958e-11,7.643186801436514521e-01,0.000000000000000000e+00,5.056987780950445617e-22,6.660454191251812587e-20,1.709096670321219735e-15,5.106622050959774173e-14
1.508203120000000015e-02,-3.819700910000000116e-01,0.000000000000000000e+00,3.975429980000000114e+02,8.801718320000000428e-01,1.615035224198294169e-03,1.571247372872537759e-03,7.809555955159826375e-03,5.739476333932177567e+02,4.819094958528430084e+02,6.058168524505619498e-05,2.305371231714565623e-10,1.228447750913628963e-06,2.267830871686645766e-01,3.885589042889815278e-06,6.634786354934465655e-03,1.017627940756836824e-05,6.494143554829865731e-06,1.278282510950692658e-27,9.172027716821480216e-23,9.387549616981767428e-16,6.410404504767586415e-17,4.517485793359773270e-12,1.648366121225933128e-08,3.955617822941897709e-04,1.516784791128072962e-03,1.252854190931780759e-14,3.254538022420486171e-10,1.675875171246392746e-15,1.334608250992583438e-11,4.631759673444762143e-10,5.589916494157368833e-25,3.747267612786941887e-12,6.583149874896062725e-19,4.202054803125179026e-12,1.012968240753371278e-16,2.482102371846005249e-14,2.148452851597861098e-16,1.169990340870152625e-11,2.232028491660018520e-14,5.393528824011309540e-14,1.459664421085591048e-13,6.093573324531951236e-12,6.152219354575567734e-11,1.732960911288848621e-17,7.645235275685963319e-07,6.353542494725297599e-07,9.317164706929420576e-09,2.931477062180217236e-10,1.840965301369174604e-20,1.606633391194895677e-08,4.767465513545690060e-11,6.422093034776280791e-23,2.232638031660472002e-11,9.064902796741808549e-12,2.937850092184956571e-09,9.733710177239218542e-12,7.645859675686428325e-01,0.000000000000000000e+00,3.759639902796143967e-22,5.347980193977434140e-20,1.021603040759793274e-15,4.120985103064885258e-14
1.509374999999999953e-02,-3.763226900000000152e-01,0.000000000000000000e+00,3.859583079999999882e+02,9.070181250000000084e-01,1.416515218362455206e-03,1.392152804121832288e-03,5.664319424858018683e-03,4.630173288253695318e+02,4.070521474225024008e+02,5.800493797886710549e-05,1.494466559455521999e-10,1.043701009619749036e-06,2.275741889170880827e-01,3.272107358807875660e-06,5.887864357854879008e-03,8.357287186955195994e-06,5.709914177919712006e-06,3.455758138740966148e-25,3.986219008547704148e-23,6.237679857727430421e-16,4.149968448488044559e-17,3.462651788738454788e-12,1.453104569470591427e-08,3.450481768742888499e-04,1.278968539534034322e-03,8.281945336982645354e-15,2.726460509006670969e-10,1.191519019565894835e-15,9.984757636362260936e-12,3.904231498577574565e-10,1.842309669328792926e-25,3.183833628840036398e-12,4.004056918541204821e-19,3.553018408705531520e-12,6.830822017511332296e-17,2.070989839245477917e-14,1.418799409483090074e-16,9.627279346492500331e-12,1.840056719329613820e-14,4.523007918352135683e-14,1.033606549623426988e-13,5.421571318024762980e-12,5.433530658020406372e-11,8.521822006895251779e-18,6.590799537598779003e-07,5.556329137975666320e-07,7.843924297142227949e-09,2.486183089094210763e-10,7.597511297232004799e-21,1.355130349506286251e-08,4.016895078536527227e-11,3.003784518905633507e-23,1.880878739314740840e-11,7.636705357217724602e-12,2.474973079098294814e-09,7.925851137112380306e-12,7.648362877213478184e-01,0.000000000000000000e+00,2.789964538983534234e-22,4.263316008446749870e-20,6.247720967723772925e-16,3.310430688793913390e-14
1.510546869999999930e-02,-3.715525680000000275e-01,0.000000000000000000e+00,3.754514290000000187e+02,9.328080309999999820e-01,1.238210407465245360e-03,1.228543747438559522e-03,4.117960524727296706e-03,3.693978155567318140e+02,3.335755367443469481e+02,5.547419810168211022e-05,9.884080320299709800e-11,8.903334370269970902e-07,2.282829330069220952e-01,2.766192520083877284e-06,5.203370550157779273e-03,6.868034420208255819e-06,4.996172660151496128e-06,0.000000000000000000e+00,1.778696650053934444e-23,4.169797770126438173e-16,2.705061650082023853e-17,2.665300260080818324e-12,1.276113410038694912e-08,2.997678470090897021e-04,1.072528190032521729e-03,5.541562350168034111e-15,2.272709450068914002e-10,8.470939650256859038e-16,7.409085010224661845e-12,3.271344530099194892e-10,1.964576670059570787e-25,2.691286530081606327e-12,2.453767370074403769e-19,2.988278770090611944e-12,4.658567720141258933e-17,1.718173630052099104e-14,9.369833480284114329e-17,7.872450550238711439e-12,1.507030890045696852e-14,3.810796550115552175e-14,7.342703340222647480e-14,4.821780080146208176e-12,4.779240490144918105e-11,4.316940080130900169e-18,5.665672780171797303e-07,4.821168040146189207e-07,6.567232330199134752e-09,2.105203830063834903e-10,3.196645380096930099e-21,1.136308850034455612e-08,3.364225520102011658e-11,1.433578120043469631e-23,1.575843760047783118e-11,6.398212620194009513e-12,2.073583520062876225e-09,6.436341320195165078e-12,7.650693230231987441e-01,0.000000000000000000e+00,2.066733290062668424e-22,3.374335330102318105e-20,3.892475450118029493e-16,2.647019700080263977e-14
1.511718750000000042e-02,-3.676434630000000037e-01,0.000000000000000000e+00,3.659769570000000272e+02,9.573417349999999715e-01,1.078947255702895945e-03,1.079951792849096490e-03,2.999819994469801569e-03,2.914729820486345488e+02,2.621799160323732849e+02,5.299466970013376932e-05,6.646395970016776629e-11,7.623486290019243499e-07,2.289141950005778026e-01,2.347201850005924878e-06,4.579829650011559873e-03,5.648133070014257337e-06,4.351359270010983709e-06,8.349278420021076017e-26,8.127360110020514458e-24,2.804838120007080204e-16,1.776147630004483071e-17,2.061144490005202521e-12,1.116540420002818290e-08,2.594040820006548271e-04,8.945849780022580890e-04,3.741558550009444504e-15,1.885154590004758692e-10,6.019157080015193171e-16,5.454863000013768597e-12,2.725101890006878494e-10,2.983534750007531377e-26,2.263551210005713478e-12,1.515881170003826295e-19,2.500204860006310734e-12,3.208046320008097541e-17,1.417512100003578164e-14,6.189296540015622891e-17,6.397800650016149039e-12,1.226374780003095662e-14,3.223145500008136179e-14,5.238848250013224148e-14,4.286546440010820426e-12,4.186966790010568409e-11,2.250105400005679233e-18,4.856591480012258706e-07,4.152581260010482088e-07,5.468671750013803614e-09,1.779658680004492105e-10,1.376773490003475389e-21,9.473532980023913480e-09,2.801112320007070549e-11,6.963289730017576507e-24,1.313186370003314767e-11,5.331778110013458978e-12,1.727960060004361677e-09,5.212725060013157947e-12,7.652849530019317781e-01,0.000000000000000000e+00,1.528402840003857964e-22,2.651867090006693869e-20,2.461159510006212310e-16,2.106778430005317885e-14
1.512890629999999979e-02,-3.645710289999999909e-01,0.000000000000000000e+00,3.574823039999999992e+02,9.804516389999999859e-01,9.374762969779566789e-04,9.457905520606676433e-04,2.189089341224654400e-03,2.274969454686073220e+02,1.934850282027912272e+02,5.057130450048722396e-05,4.534209390043684723e-11,6.550093840063107420e-07,2.294731490022108578e-01,1.998728550019256909e-06,4.015232480038685541e-03,4.648266550044783509e-06,3.772977630036350928e-06,0.000000000000000000e+00,3.797051270036582465e-24,1.898682330018292939e-16,1.175168270011321980e-17,1.601943170015433815e-12,9.734452960093788195e-09,2.236238030021544859e-04,7.422868370071516184e-04,2.543569970024506002e-15,1.556167350014993007e-10,4.273049130041168919e-16,3.986102480038404331e-12,2.257306170021748060e-10,2.073961860019981634e-25,1.894567810018253410e-12,9.444498790090993072e-20,2.081264310020051964e-12,2.226987850021455874e-17,1.163114970011206058e-14,4.090088640039405465e-17,5.168032190049791703e-12,9.917708080095552687e-15,2.734718620026347643e-14,3.757748790036204016e-14,3.809102940036699270e-12,3.653926510035203933e-11,1.206495170011623987e-18,4.151415510039997013e-07,3.552162560034223289e-07,4.530073440043645639e-09,1.501921450014470146e-10,6.090530610058679850e-22,7.854190550075672877e-09,2.319037240022343049e-11,3.437594710033119406e-24,1.088613330010488197e-11,4.419971660042584076e-12,1.432452210013800963e-09,4.210591520040567356e-12,7.654832670073751233e-01,0.000000000000000000e+00,1.128474420010872328e-22,2.069701010019940804e-20,1.574855210015173089e-16,1.669154840016081553e-14
1.514062499999999957e-02,-3.623036359999999845e-01,0.000000000000000000e+00,3.499090659999999957e+02,1.002008130000000108e+00,8.124929290204530681e-04,8.253679504058283921e-04,1.599863082311196684e-03,1.756812213503171165e+02,1.280200875523729280e+02,4.820869420689742813e-05,3.133887200448379075e-11,5.645547740807733954e-07,2.299651840329021424e-01,1.707688590244326741e-06,3.507081630501773621e-03,3.828231080547722125e-06,3.257777130466104242e-06,0.000000000000000000e+00,1.812135600259270413e-24,1.293502860185067403e-16,7.836768241121241344e-18,1.251595240179071311e-12,8.458152221210145964e-09,1.920828550274821336e-04,6.128522050876834826e-04,1.738205950248693170e-15,1.278631600182939525e-10,3.029657340433467032e-16,2.892144140413791972e-12,1.859763100266084515e-10,5.541112080792791349e-27,1.578376420225825456e-12,5.936055890849298211e-20,1.724116330246677002e-12,1.555924590222613143e-17,9.493943421358341940e-15,2.704505260386945130e-17,4.150338880593807298e-12,7.972437581140652907e-15,2.326248980332826717e-14,2.712010250388019162e-14,3.383435520484083188e-12,3.176976530454544224e-11,6.656105580952318084e-19,3.539006750506341731e-07,3.019164580431965185e-07,3.733785880534208581e-09,1.265411910181048180e-10,2.774814980397004750e-22,6.476850510926671437e-09,1.909507870273201915e-11,1.723623640246606456e-24,8.979488491284735888e-12,3.645839390521626349e-12,1.181564450169051702e-09,3.392417610485368532e-12,7.656645561095470898e-01,1.901322490272031020e-21,8.319151551190257544e-23,1.604562060229571805e-20,1.017895600145634853e-16,1.316575080188368354e-14
1.515234369999999935e-02,-3.608034070000000204e-01,0.000000000000000000e+00,3.431945349999999735e+02,1.021922750000000102e+00,7.026613797883477300e-04,7.179029402377291175e-04,1.170776489673220049e-03,1.342782114717339255e+02,6.621770147113437588e+01,4.591097820614105433e-05,2.192305690293243031e-11,4.879849080652729104e-07,2.303958070308177730e-01,1.463615460195773476e-06,3.052457610408296999e-03,3.155267130422049070e-06,2.801930630374786833e-06,3.247085110434330406e-27,8.828503751180901836e-25,8.868316101186227271e-17,5.267852130704628356e-18,9.831351861315044357e-13,7.325834790979904788e-09,1.644317530219944351e-04,5.036105820673629887e-04,1.192579380159519565e-15,1.045959600139907650e-10,2.144849580286895558e-16,2.084349310278802866e-12,1.524462970203912452e-10,1.634335220218609030e-25,1.309200990175118943e-12,3.764299200503513475e-20,1.421704740190167248e-12,1.092481140146130316e-17,7.711137761031443241e-15,1.789729990239394543e-17,3.314575780443357930e-12,6.372309720852361500e-15,1.982892650265232074e-14,1.970573370263584003e-14,3.004177700401839448e-12,2.752673860368197992e-11,3.778681850505436576e-19,3.009138810402502733e-07,2.551043430341227547e-07,3.062923130409696862e-09,1.064430790142378300e-10,1.304430990174480826e-22,5.314044420710807288e-09,1.564235510209232388e-11,8.774365081173660728e-25,7.371936410986070999e-12,2.993143860400363286e-12,9.700337551297518476e-10,2.726573140364706556e-12,7.658293001024374380e-01,3.804697420508916985e-21,6.124028290819151045e-23,1.236040460165333054e-20,6.637157390887786265e-17,1.034071970138317588e-14
1.516406250000000046e-02,-3.600274150000000173e-01,0.000000000000000000e+00,3.372732669999999757e+02,1.040148770000000056e+00,6.066393419573090032e-04,6.225454151049282514e-04,8.578039315828747246e-04,1.016330211737600564e+02,8.400505175489216825e+00,4.368177108524811964e-05,1.550969549476218116e-11,4.228959298571827422e-07,2.307705429220658910e-01,1.258112049575119756e-06,2.648100479105703047e-03,2.602678689121042880e-06,2.401204709189083182e-06,2.084553389296020278e-24,4.388056998518098438e-25,6.118371397933749406e-17,3.569316028794596931e-18,7.764399567377864953e-13,6.326498117863462293e-09,1.403215279526116692e-04,4.120376968608497042e-04,8.207195367228327122e-16,8.521072077122327658e-11,1.515965789488039309e-16,1.492740829495882766e-12,1.243734559579975367e-10,1.104193779627100030e-27,1.081526449634754834e-12,2.408486559186624015e-20,1.167343149605773468e-12,7.698965337399962009e-18,6.234298777894599443e-15,1.185541379599627760e-17,2.633389399110671393e-12,5.066350708289030755e-15,1.693064009428230945e-14,1.442091739512987463e-14,2.666525259099481141e-12,2.377349949197139118e-11,2.207099509254634802e-19,2.552430529138012272e-07,2.143951539275960848e-07,2.501577259155186125e-09,8.940287276980753314e-11,6.334137097860882729e-23,4.339501878534495541e-09,1.275287679569319311e-11,4.533833198468867861e-25,6.025758277965025450e-12,2.446570739173762575e-12,7.928965387322288877e-10,2.186464899261603531e-12,7.659781467413195877e-01,5.452159828158737515e-21,4.502104458479582917e-23,9.464719066803646256e-21,4.362210488526826466e-17,8.089644947268025728e-15
1.517578120000000023e-02,-3.599289720000000137e-01,0.000000000000000000e+00,3.320786120000000210e+02,1.056679149999999900e+00,5.231017684172190605e-04,5.383979294920729656e-04,6.292324159652471329e-04,7.621190965384511173e+01,-4.522212171894751975e+01,4.152411280067791444e-05,1.108864480018103163e-11,3.673526850059973269e-07,2.310948380037728123e-01,1.084421920017704096e-06,2.290501080037394156e-03,2.148703130035079435e-06,2.051118570033486137e-06,1.054021180017207692e-24,2.223769390036305036e-25,4.247133460069337292e-17,2.437515480039794246e-18,6.164921080100646844e-13,5.449012370088959961e-09,1.194093200019494532e-04,3.357835660054819382e-04,5.661505700092429209e-16,6.915837030112906565e-11,1.069714990017463995e-16,1.062818690017351487e-12,1.010368020016495110e-10,1.628872010026592602e-28,8.901641860145326674e-13,1.554688210025381648e-20,9.547861440155875900e-13,5.439656540088806570e-18,5.019224170081943299e-15,7.862726100128364588e-18,2.082284570033995045e-12,4.008571870065443144e-15,1.447605490023633220e-14,1.063036260017354996e-14,2.366166760038629528e-12,2.047192520033422100e-11,1.325718030021643289e-19,2.160295960035268597e-07,1.793171440029275144e-07,2.034985300033222853e-09,7.499011840122427399e-11,3.206147890052342849e-23,3.528530660057606159e-09,1.035211190016900605e-11,2.377557910038815941e-25,4.905911310080092402e-12,1.991892130032519512e-12,6.455414570105389875e-10,1.749799070028566917e-12,7.661118850125074875e-01,6.869414270112150099e-21,3.305877890053970929e-23,7.207705270117671368e-21,2.888111400047151277e-17,6.305744690102946871e-15
1.518749999999999961e-02,-3.604589209999999877e-01,0.000000000000000000e+00,3.275441299999999956e+02,1.071542580000000022e+00,4.507615915023606987e-04,4.645377323374256205e-04,4.621353169499643407e-04,5.665728737042158514e+01,-9.454466327609645759e+01,3.944044079508083749e-05,8.006507239001397840e-12,3.197898709601145838e-07,2.313739759711421762e-01,9.370922008831222373e-07,1.975995399753546593e-03,1.775589639778541857e-06,1.747087199782096662e-06,8.518999478937479189e-25,1.148930229856700988e-25,2.965919329630078943e-17,1.677454429790781432e-18,4.920732439386267620e-13,4.682320519416003310e-09,1.013634339873575646e-04,2.726924899659887314e-04,3.913058399511949033e-16,5.594531179302228510e-11,7.536911599059967353e-17,7.526758409061233713e-13,8.177047398980127151e-11,0.000000000000000000e+00,7.303026339089139507e-13,1.012331439873738127e-20,7.782825559029296291e-13,3.849959149519818822e-18,4.026110589497848374e-15,5.222516509348628210e-18,1.639617679795500544e-12,3.158105909606109427e-15,1.239190429845443460e-14,7.892571579015609753e-15,2.099226319738176928e-12,1.758328899780694802e-11,8.182181958979486815e-20,1.824904699772390857e-07,1.493484979813726883e-07,1.649645109794249905e-09,6.283029779216356403e-11,1.648126579794439715e-23,2.858305089643501362e-09,8.371232028955909311e-12,1.318037979835609487e-25,3.980310759503560916e-12,1.616081079798436293e-12,5.237464789346762714e-10,1.397944789825643067e-12,7.662314109044326971e-01,8.081388588992059125e-21,2.425283129697509453e-23,5.462223919318731129e-21,1.925364569759860874e-17,4.899711599388888984e-15
1.519921880000000072e-02,-3.615668710000000119e-01,0.000000000000000000e+00,3.236048349999999800e+02,1.084798010000000090e+00,3.883886776416545770e-04,4.000377563336295745e-04,3.398855907900807049e-04,4.178564786522377261e+01,-1.395583127821360847e+02,3.743258409359384836e-05,5.834997169001408237e-12,2.789349759522635209e-07,2.316130009603621365e-01,8.117075718610856842e-07,1.700856019708918247e-03,1.468848739748623500e-06,1.484545539745937083e-06,0.000000000000000000e+00,6.040148758966298526e-26,2.083379749643453485e-17,1.163093739800949827e-18,3.947867249324368072e-13,4.015620049312773229e-09,8.586761978530475336e-05,2.208147649622101160e-04,2.709400349536317562e-16,4.513255899227608544e-11,5.303934739092292238e-17,5.304746579092153803e-13,6.596946948871008337e-11,4.057798689305555044e-29,5.975415058977376414e-13,6.648470808862192021e-21,6.326089828917363053e-13,2.727812929533166202e-18,3.219584159449005691e-15,3.475371879405230089e-18,1.286517249779827465e-12,2.479162599575720000e-15,1.061890689818269579e-14,5.900471508990203546e-15,1.862215669681303022e-12,1.506905359742110526e-11,5.183171349112960065e-20,1.539147449736592476e-07,1.239475849787878028e-07,1.333379399771807562e-09,5.259773909099850575e-11,8.816681478491125827e-24,2.308056519605002849e-09,6.747699578845209028e-12,2.005955809656703644e-24,3.219989009448935960e-12,1.307376259776257712e-12,4.236998069274886686e-10,1.115384629809114670e-12,7.663376978688500873e-01,9.111859098440611132e-21,1.778336289695658546e-23,4.122513799294479562e-21,1.291976429778893068e-17,3.797391559350121080e-15
1.521093750000000050e-02,-3.632023129999999989e-01,0.000000000000000000e+00,3.201982239999999820e+02,1.096528420000000059e+00,3.348240600658409236e-04,3.439855052009875916e-04,2.503924634058248867e-04,3.059422855604950797e+01,-1.803342520928141823e+02,3.550177670552234489e-05,4.289883500667296752e-12,2.437479670379152389e-07,2.318166600360593577e-01,7.046795791096137288e-07,1.461375830227318534e-03,1.216641500189249933e-06,1.259051210195846918e-06,0.000000000000000000e+00,3.227548410502048557e-26,1.471932590228960631e-17,8.123925891263685714e-19,3.183300810495166066e-13,3.438518710534865401e-09,7.262445151129681708e-05,1.784105490277519668e-04,1.879478380292355125e-16,3.633386350565177902e-11,3.729895890580188978e-17,3.723004610579117815e-13,5.309236280825857908e-11,7.864181571223282324e-29,4.879096170758949573e-13,4.403534930684975181e-21,5.130837780798107463e-13,1.934134780300856843e-18,2.568604530399549707e-15,2.318265730360608638e-18,1.006740570156599765e-12,1.940831260301898838e-15,9.108593691416853440e-15,4.439963920690641957e-15,1.651993440256969431e-12,1.289158040200529877e-11,3.365592610523521917e-20,1.296603280201688170e-07,1.025766630159559180e-07,1.075351080167272119e-09,4.400962630684574598e-11,4.864886830756737912e-24,1.859168340289195732e-09,5.425550070843950649e-12,3.741542550582001611e-26,2.599139310404298919e-12,1.055299670164153072e-12,3.420055990531993352e-10,8.892399211383222672e-13,7.664317641192193165e-01,9.983153941552892143e-21,1.304066740202849154e-23,3.101702340482473513e-21,8.727859651357628043e-18,2.937669090456958362e-15
1.522265620000000028e-02,-3.653155960000000202e-01,0.000000000000000000e+00,3.172650879999999916e+02,1.106834389999999946e+00,2.889904366651932445e-04,2.954990660040832324e-04,1.848446533789165980e-04,2.225506855123747485e+01,-2.170124074137381456e+02,3.364868688938513360e-05,3.180297178996738078e-12,2.133739879326886987e-07,2.319893609268162682e-01,6.130796508065968473e-07,1.253940339604429910e-03,1.009283149681609937e-06,1.066365039663602870e-06,0.000000000000000000e+00,1.761849359444204182e-26,1.045956319670040881e-17,5.715519878196972315e-19,2.579552659186249713e-13,2.941159779072176795e-09,6.135775408064398566e-05,1.439468499545902916e-04,1.306644989587803618e-16,2.921293779078443700e-11,2.622982609172549362e-17,2.603800659178600897e-13,4.266140748654195828e-11,4.420507748605499707e-29,3.978676548744880137e-13,2.941502509072069303e-21,4.155632758689056955e-13,1.372263639567103405e-18,2.046262869354482734e-15,1.551226079510647547e-18,7.864804607518956053e-13,1.516765029521518883e-15,7.820965387532786835e-15,3.361164898939681287e-15,1.465730069537618413e-12,1.101472689652527525e-11,2.236864419294355000e-20,1.091505949655671668e-07,8.471947867327425550e-08,8.660363947267986924e-10,3.682084248838443931e-11,2.764381669127943713e-24,1.495185179528326227e-09,4.355406128626035983e-12,2.076276629345014320e-26,2.095058609339088998e-12,8.506334497316576956e-13,2.756764379130346735e-10,7.088613037763814232e-13,7.665146437581940031e-01,1.071593999661953148e-20,9.571963676980410966e-24,2.329293059265197319e-21,5.934232108127977284e-18,2.270550409283728607e-15
1.523437499999999965e-02,-3.678587209999999996e-01,0.000000000000000000e+00,3.147500850000000128e+02,1.115827960000000063e+00,2.498989116913126387e-04,2.537398695907289105e-04,1.368100957075172013e-04,1.609782628916723368e+01,-2.497927244489619341e+02,3.187345811393453468e-05,2.376597561039007992e-12,1.871061890817996447e-07,2.321351451014855294e-01,5.345066332336771750e-07,1.075086620470009410e-03,8.388402333667265780e-07,9.025101173945620293e-07,1.854540660810773779e-25,9.765884024269478671e-27,7.476388993268548708e-18,4.050207781770681548e-19,2.100692900918387035e-13,2.514315231099216026e-09,5.181410222265224057e-05,1.160889100507520863e-04,9.109687243982599805e-17,2.347995681026503697e-11,1.846307130807173725e-17,1.816351770794077992e-13,3.426051561497811497e-11,2.562834811120428171e-29,3.242980571417775722e-13,1.981998970866496494e-21,3.364231141470784347e-13,9.744974634260335337e-19,1.629498600712388934e-15,1.042209530455636277e-18,6.141382612684907909e-13,1.184783730517967268e-15,6.722737432939066695e-15,2.558558391118558418e-15,1.300877080568721181e-12,9.404315694111405829e-12,1.519498430664298763e-20,9.187081934016436300e-08,6.989342513055621471e-08,6.971640373047882131e-10,3.081946341347374181e-11,1.615634150706327647e-24,1.201750870525385069e-09,3.494272281527636344e-12,1.069770950467685675e-26,1.688008980737968750e-12,6.853636472996293150e-13,2.221150880971049415e-10,5.654760612472165634e-13,7.665873623351389110e-01,9.605155324199211682e-21,7.041470223078410217e-24,1.748735960764517593e-21,4.062345961775988491e-18,1.755441190767449215e-15
1.524609369999999943e-02,-3.707859669999999941e-01,0.000000000000000000e+00,3.126021170000000211e+02,1.123627139999999969e+00,2.166522490257118475e-04,2.179220816072091138e-04,1.015879066246283194e-04,1.158766525173314399e+01,-2.789004846912378071e+02,3.017575811170996626e-05,1.789691970694505474e-12,1.643564820637799606e-07,2.322576750901295950e-01,4.669817541812163727e-07,9.215480673576147185e-04,6.988040502711769210e-07,7.638108722964034520e-07,2.615437541014943779e-26,5.506849982136981052e-27,5.376857032086536433e-18,2.891223211121964407e-19,1.719391950667225089e-13,2.149447590834112048e-09,4.376347231698279400e-05,9.368739363635621674e-05,6.374880592473828262e-17,1.888755440732947852e-11,1.302407930505410609e-17,1.265306600491013274e-13,2.753164771068389267e-11,1.530923500594087930e-29,2.644846831026355962e-13,1.347646420522965989e-21,2.725280351057568968e-13,6.931360882689775265e-19,1.298761560503995877e-15,7.039675042731807013e-19,4.800787811862987255e-13,9.264301303595094783e-16,5.786015422245313624e-15,1.957337680759561817e-15,1.155139910448262111e-12,8.028472003115517982e-12,1.053346350408760335e-20,7.736432143002188869e-08,5.765709262237433341e-08,5.616292142179451621e-10,2.582277081002075139e-11,9.699030643763794454e-25,9.664914843750554695e-10,2.805163721088568092e-12,0.000000000000000000e+00,1.361018560528155071e-12,5.525993822144410311e-13,1.790883020694967562e-10,4.518851951753580177e-13,7.666509172975055630e-01,8.671238453364951361e-21,5.200520562018106705e-24,1.315161930510360095e-21,2.801208431087033263e-18,1.359616610527611287e-15
1.525781250000000054e-02,-3.740543459999999820e-01,0.000000000000000000e+00,3.107745150000000081e+02,1.130351289999999898e+00,1.884446504257600860e-04,1.873188351876579492e-04,7.573992801284209651e-05,7.178431323012766541e+00,-3.147392000000119765e+02,2.855483320652425086e-05,1.357038180310058071e-12,1.446325170330458427e-07,2.323602360530900024e-01,4.088653970934181648e-07,7.902856111805656300e-04,5.838265451333934695e-07,6.469148601478081108e-07,0.000000000000000000e+00,3.157158940721352410e-27,3.891954100889239145e-18,2.079649930475161260e-19,1.414742530323242508e-13,1.838743350420118864e-09,3.699916960845362726e-05,7.576278671731038073e-05,4.483157181024317866e-17,1.522653720347898258e-11,9.220829372106788293e-18,8.817385662014609189e-14,2.217012380506546325e-11,9.408199192149598388e-30,2.160850910493714317e-13,9.252568712114041393e-22,2.211936700505386430e-13,4.944323741129686014e-19,1.037644290237082533e-15,4.786823071093700122e-19,3.763813830859961808e-13,7.265102481659941437e-16,4.987280331139501685e-15,1.504030190343643067e-15,1.026453580234525717e-12,6.857838831566889056e-12,7.436615101699129325e-21,6.522839711490347789e-08,4.761408261087893574e-08,4.533913791035915235e-10,2.167370150495203840e-11,5.975377531365263092e-25,7.788605501779551975e-10,2.256622170515596390e-12,3.876196180885639327e-27,1.099642890251247952e-12,4.464759291020114296e-13,1.446953990330602008e-10,3.622040950827569491e-13,7.667062611751781498e-01,7.312423471670753329e-21,3.865237850883134781e-24,9.933348822269586895e-22,1.946680330444780508e-18,1.056879450241477451e-15
1.528124999999999969e-02,-3.814310459999999958e-01,0.000000000000000000e+00,3.078957599999999957e+02,1.141113140000000081e+00,1.440417783515939780e-04,1.388320995241442172e-04,4.268149152839724166e-05,4.411761998414392316e+00,-3.444991808034607743e+02,2.553587350302047689e-05,7.998297390946068020e-13,1.126244800133216286e-07,2.325180700275030765e-01,3.155254100373214824e-07,5.822699150688729480e-04,4.112502800486441392e-07,4.652733830550342449e-07,1.022651420120962968e-26,1.099886480130098601e-27,2.084955700246616001e-18,1.102672820130427934e-19,9.745325951152712657e-14,1.348821910159543422e-09,2.653220140313832383e-05,4.986177370589782768e-05,2.251167550266276204e-17,9.964575071178644402e-12,4.676230520553121795e-18,4.359054530515604531e-14,1.446943060171149688e-11,3.823515290452259215e-30,1.450487560171568737e-13,4.480219340529936496e-22,1.465998370173403483e-13,2.563408340303209296e-19,6.672383230789234012e-16,2.261879760267543473e-19,2.333777240276047719e-13,4.506665690533064779e-16,3.724326310440526936e-15,9.094386031075716936e-16,8.124482640960992587e-13,5.014914750593182203e-12,3.909743550462458646e-21,4.655720060550695064e-08,3.258722020385453588e-08,2.974054020351781615e-10,1.535540550181629125e-11,2.426464970287011537e-25,5.090386490602108608e-10,1.469889970173863886e-12,1.376617810162831435e-27,7.224816960854576576e-13,2.933413510346974403e-13,9.506698381124485951e-11,2.349454070277901926e-13,7.667963440906994110e-01,5.218769730617295494e-21,2.176946890257497213e-24,5.735618370678429662e-22,9.663399581143021565e-19,6.458037970763879739e-16
1.529296880000000081e-02,-3.854681629999999748e-01,0.000000000000000000e+00,3.067714189999999803e+02,1.145375040000000011e+00,1.266367721523051606e-04,1.197790024614294770e-04,3.221396396303765236e-05,2.709808915559458242e+00,-3.687340319318780644e+02,2.413461681475853360e-05,6.179792513778997630e-13,9.957727686089239236e-08,2.325782571422236600e-01,2.778080881698821159e-07,5.005649603060998310e-04,3.464142262118353897e-07,3.954038062417929093e-07,7.610616174653959496e-26,6.578206984022631007e-28,1.535331550938868771e-18,8.089985024947098517e-20,8.129146564971045606e-14,1.157277240707685344e-09,2.251791421376990446e-05,4.060429832482989284e-05,1.605688770981892978e-17,8.092218054948463127e-12,3.348147772047421728e-18,3.032304951854281342e-14,1.173485850717596901e-11,2.514291831537511667e-30,1.192480650729212525e-13,3.153891681928632648e-22,1.197842700732491270e-13,1.836418171122986007e-19,5.373212363285766565e-16,1.567126010958311421e-19,1.846551921129182821e-13,3.566502312180947622e-16,3.223857581971417766e-15,7.063090514319142893e-16,7.235794244424752223e-13,4.295814632626928257e-12,2.887070141765469151e-21,3.942897612411117257e-08,2.703610641653281807e-08,2.418043241478654844e-10,1.296106120792580390e-11,1.591048100972939798e-25,4.131029122526160747e-10,1.190930590728264587e-12,8.323556885089927931e-28,5.878665113594855569e-13,2.386850341459579868e-13,7.735377364730252077e-11,1.900484951162163341e-13,7.668327334689249986e-01,4.419227752702397748e-21,1.644524091005640953e-24,4.384457202681134998e-22,6.843481314184848966e-19,5.074235853102940146e-16
1.531640620000000036e-02,-3.941103300000000087e-01,0.000000000000000000e+00,3.050242670000000089e+02,1.152067139999999990e+00,9.935555340279654275e-05,8.998618051060375386e-05,1.874020343400437674e-05,1.278542128661186883e+00,-3.971420485090829402e+02,2.153965971362205387e-05,3.780731932391001033e-13,7.836352154955845262e-08,2.326695261471442566e-01,2.170166821372451470e-07,3.729589852358658215e-04,2.494370411577483475e-07,2.885048001824554669e-07,1.717624401086255565e-25,2.507797711585975159e-28,8.548356875406129286e-19,4.476567062831059510e-20,5.767950653647751892e-14,8.593585455434734299e-10,1.639441961036811532e-05,2.746010931736625336e-05,8.408197145317490601e-18,5.446610853444531571e-12,1.763670031115375518e-18,1.514961990958088239e-14,7.878502254982502315e-12,1.162048550734899765e-30,8.201194505186579241e-14,1.620265071024683704e-22,8.148878595153492859e-14,9.738342376158698714e-20,3.563513302253628379e-16,7.822511724947093656e-20,1.187677000751107591e-13,2.294646421451174496e-16,2.434897451539871722e-15,4.344344962747439239e-16,5.764936653645847174e-13,3.180076902011136324e-12,1.645149671040421594e-21,2.860367231808945962e-08,1.888728631194464944e-08,1.630751371031315585e-10,9.351905035914307938e-12,7.301514474617604994e-26,2.776525121755923186e-10,7.981638855047727364e-13,3.199473752023402908e-28,3.970026522510714059e-13,1.611906811019398021e-13,5.223914553303694727e-11,1.271404380804058389e-13,7.668912384849954078e-01,3.204751772026741331e-21,9.790782956191862696e-25,2.659156811681696758e-22,3.573244412259781982e-19,3.226174252040289380e-16
1.535156250000000062e-02,-4.080723749999999872e-01,0.000000000000000000e+00,3.032717739999999935e+02,1.158870529999999954e+00,7.124653464166300174e-05,5.978641601340470752e-05,8.676362870669492982e-06,3.359662985371014710e-01,-4.280265066666664779e+02,1.812230521103613915e-05,1.884562011147662187e-13,5.541385833374597981e-08,2.327578461417450784e-01,1.520496480925953475e-07,2.440918311486472666e-04,1.568770970955351424e-07,1.837672861119107727e-07,5.167033083146624842e-26,6.547915003987555303e-29,3.728300882270463720e-19,1.940712321181856612e-20,3.575240802177253047e-14,5.601552003411237811e-10,1.041754500634408489e-05,1.589626480968052267e-05,3.373852122054611283e-18,3.134705411908975672e-12,7.119318934335529191e-19,5.522230693362933441e-15,4.519201892752107618e-12,4.130996662515698318e-31,4.847857012952252060e-14,6.395954033895013883e-23,4.751884152893806167e-14,3.925257332390406670e-20,2.013868051226407172e-16,2.966824081806739171e-20,6.465388153937298757e-14,1.249582780760972085e-16,1.623899240988923681e-15,2.139746851303064834e-16,4.136752972519203371e-13,2.064022061256949794e-12,7.629710584646346962e-22,1.809864771102173234e-08,1.137732860692857608e-08,9.407929575729249736e-11,5.882352073582239752e-12,2.562820691560708806e-26,1.594723850971156244e-10,4.568242742781972803e-13,8.456760985150006059e-29,2.294193781397119811e-13,9.314867645672576128e-14,3.018788031838384574e-11,7.270905394427841878e-14,7.669530474670597231e-01,2.026530291234118348e-21,4.868268282964682007e-25,1.349676800821927284e-22,1.434889120873820020e-19,1.732836171055264233e-16
1.544531250000000071e-02,-4.481998600000000055e-01,0.000000000000000000e+00,3.010931519999999750e+02,1.167480779999999996e+00,3.282239642272405915e-05,2.138235710390323736e-05,1.294238314701175249e-06,6.874564998046725495e-02,-4.450742704309286637e+02,1.124034340837436453e-05,3.404065732536121953e-14,2.286617361703592384e-08,2.328616141734882738e-01,6.177874944602685354e-08,8.236144736136153050e-05,4.977779933708582352e-08,5.829604494343214785e-08,0.000000000000000000e+00,2.690260322004317624e-30,4.915818803662419548e-20,2.538788471891467446e-21,1.153759790859582675e-14,1.875344961397183357e-10,3.303396762461121249e-06,4.166172433103912600e-06,3.535142732633778178e-19,8.153695706074726797e-13,7.481351385573811471e-20,6.966387285190149675e-16,1.162468320866070615e-12,3.782730342818237904e-32,1.324513500986798946e-14,6.617355654930110016e-24,1.263706980941496270e-14,5.261502203919963636e-21,5.037794363753294398e-17,2.811775032094849647e-21,1.505952311121975571e-14,2.911259782168968166e-17,5.889700194387987115e-16,3.995085112976447870e-17,1.745580991300505845e-13,6.842502005097850419e-13,1.258387220937532820e-22,5.701613494247857571e-09,3.208657802390537995e-09,2.449355151824836609e-11,1.847657041376555012e-12,2.261046121684541414e-27,4.113830603064915886e-11,1.170379620871964940e-13,3.526969462627688774e-30,5.992676074464707488e-14,2.433142331812757697e-14,7.885391795874832934e-12,1.889901511408028450e-14,7.670371125714636751e-01,6.351672284732169182e-22,9.880509177361250849e-26,2.765512342060382621e-23,1.543666441150073812e-20,3.981829562966571573e-17
1.552734379999999928e-02,-4.847098810000000091e-01,0.000000000000000000e+00,3.003974089999999819e+02,1.170285650000000066e+00,1.761386751640719620e-05,8.588878004833744149e-06,2.410857035322656311e-07,1.532563601516344701e-02,-4.506068814728927805e+02,7.211070360305347258e-06,7.504839460317787079e-15,1.015963760043020169e-08,2.328926880098616259e-01,2.711571080114818943e-08,3.019500640127858361e-05,1.734658040073452481e-08,2.018203750085458879e-08,1.378451310058369370e-27,1.648075960069786535e-31,7.762545300328697170e-21,4.002510890169482867e-22,4.146257770175569728e-15,6.830161510289217676e-11,1.145070840048487076e-06,1.212951780051361395e-06,4.472356170189377822e-20,2.359388320099906501e-13,9.411555140398525071e-21,9.750981680412895990e-17,3.325643250140821857e-13,4.721160660199913386e-33,4.006160740169637700e-15,8.451969030357893282e-25,3.728774400157892128e-15,7.577483760320862201e-22,1.405556940059516858e-17,3.260149380138048291e-22,3.934756170166613698e-15,7.607287440322122757e-18,2.328928200098616575e-16,8.109263450343379011e-18,7.892376180334195959e-14,2.468854470104541758e-13,2.694510730114096563e-23,1.965698080083235952e-09,9.975136250422388604e-10,7.088113150300140119e-12,6.370308050269745122e-13,2.693587460114057313e-28,1.180116360049970941e-11,3.336352450141275109e-14,2.178665460092253623e-31,1.739449830073655632e-14,7.062503740299056379e-15,2.288834410096918520e-12,5.483937910232212356e-15,7.670674700324807693e-01,2.168884710091839222e-22,2.290154470096974624e-26,6.423016460271977009e-24,1.995967170084517507e-21,1.030713350043644601e-17
1.563281249999999914e-02,-5.322348030000000341e-01,0.000000000000000000e+00,3.001014470000000074e+02,1.171507379999999987e+00,8.381398719432848270e-06,2.723474574400967759e-06,2.828217640237511484e-08,4.168864902919689960e-03,-4.509901795555595072e+02,3.924367078320005100e-06,1.048379819551195654e-15,3.387437708549860541e-09,2.329051199002948602e-01,8.912933536184432352e-09,7.790260666665041161e-06,4.193453418204810618e-09,4.831304607931750390e-09,0.000000000000000000e+00,4.315024348152766969e-33,6.523847707207183920e-22,3.360002118561606015e-23,1.059010819546644670e-15,1.747760619251795275e-11,2.750280978822622922e-07,2.337477468999341400e-07,2.805947618798792810e-21,4.515257698067048316e-14,5.837360707501064687e-22,9.147491526084020522e-18,6.268455647316516175e-14,3.055206338692086465e-34,8.097439986533539777e-16,5.413158737682663007e-26,7.306983466871928500e-16,6.884331767052863622e-23,2.569253518900119527e-18,1.850802139207683838e-23,6.633273457160339149e-16,1.282483299450977288e-18,6.765343887103801948e-17,1.036211269556404778e-18,2.688204088849197712e-14,6.240761127328371101e-14,3.717541518408545085e-24,4.690352177992091268e-10,2.084629189107584127e-10,1.355730089419621013e-12,1.523285379347891643e-13,1.635934499299667374e-29,2.232417669044316719e-12,6.262187627319199522e-15,5.569605237615688947e-33,3.339552658570359921e-15,1.355923299419538149e-15,4.394310848118824750e-13,1.055991859547937034e-15,7.670826346716169697e-01,5.083707297823698606e-23,3.354678188563884515e-27,9.383273405983082833e-25,1.318983079435352197e-22,1.722322889262684975e-18
1.570312499999999833e-02,-5.639450499999999478e-01,0.000000000000000000e+00,3.000375490000000127e+02,1.171781830000000024e+00,5.171240391599007530e-06,1.284730153574053673e-06,6.656980858574426186e-09,1.347834479321659848e-03,-4.495315946666672744e+02,2.550725629325321318e-06,2.663452629295504357e-16,1.537851319593231148e-09,2.329076779383948415e-01,4.004545258940779271e-09,2.907135199231048961e-06,1.487401879606575273e-09,1.700784089550134737e-09,3.764665899004228547e-26,3.649660489034647550e-34,1.086516569712611378e-22,5.601142138518470908e-24,3.929142368960723829e-16,6.481373918285646248e-12,9.709707277431737463e-08,6.933752338165990252e-08,3.714876059017398246e-22,1.331977799647685651e-14,7.642491257978526703e-23,1.387072059633113053e-18,1.826561019516866139e-14,4.205956898887504907e-35,2.495301929339981367e-16,7.301148738068813727e-27,2.196737439418952661e-16,1.003048749734689089e-23,7.304638578067888943e-19,2.258260889402679366e-24,1.766048839532871956e-16,3.414533179096839944e-19,2.768386909267748611e-17,2.113915079440859670e-19,1.239842159672055980e-14,2.292407529393647431e-14,9.419213437508574643e-25,1.647486839564232103e-10,6.595833658255371428e-11,3.997435208942659937e-13,5.360839568582033246e-14,2.136938099434769962e-30,6.524100838274344974e-13,1.818620119518966755e-15,4.962066198687510649e-34,9.876580587387598305e-16,4.010083928939314248e-16,1.299598189656250234e-13,3.131788479171627647e-16,7.670866887971019565e-01,1.758378649534900872e-23,7.962261347893944036e-28,2.220852829412574586e-25,1.775057639530489055e-23,4.554088398795422398e-19
1.579687499999999842e-02,-6.060886370000000412e-01,0.000000000000000000e+00,3.000097670000000107e+02,1.171909859999999970e+00,2.737498264912919085e-06,5.179205719103099363e-07,1.019669517407412875e-09,4.536557164921022132e-04,-4.473618631110937258e+02,1.398246659222062996e-06,4.276012917620971307e-17,5.203037897105205767e-10,2.329087688704174486e-01,1.337144909256057900e-09,7.641092415748755213e-07,3.660962147963164940e-10,4.152757707689546589e-10,2.262877548741011753e-26,1.904483348940410173e-35,9.487482904721486718e-24,4.888013427280475577e-25,1.026831509428705884e-16,1.690130839059668500e-12,2.380083688675802139e-08,1.370461879237521476e-08,2.433656828645996071e-23,2.615011908545096257e-15,4.936969817253237719e-24,1.395447249223620470e-19,3.532358138034716361e-15,2.901225288385856311e-36,5.167500157124978262e-17,4.896380857275820035e-28,4.413536757544457679e-17,9.447073234743971102e-25,1.371182499237120605e-19,1.352416439247561524e-25,3.062451018296155783e-17,5.921057176705724918e-20,8.267663455400152154e-18,2.755032878467193405e-20,4.281900057617696479e-15,5.906414526713871746e-15,1.510452129159635654e-25,4.012787907767420942e-11,1.410858379215046334e-11,7.843232365636291082e-14,1.309111449271654885e-14,1.382026499231087511e-31,1.266258769295496376e-13,3.502857518051128836e-16,1.484791649173912167e-35,1.944991668917872630e-16,7.897045095606352116e-17,2.559294388576095474e-14,6.190690166555709180e-17,7.670890285732177016e-01,4.198309337664203115e-24,1.204629189329785233e-28,3.347203528137729541e-26,1.226506169317613436e-24,7.834342415641238646e-20
1.586718750000000108e-02,-6.375437680000000107e-01,0.000000000000000000e+00,3.000033000000000243e+02,1.171943729999999961e+00,1.678535387677823547e-06,2.738126798876319429e-07,2.425528819080974954e-10,1.549708806461029314e-04,-4.449237653333327671e+02,8.690768500947973391e-07,1.022371720111518508e-17,2.184930770238328559e-10,2.329090320254053048e-01,5.555318310605964311e-10,2.604404660284084439e-07,1.180778400128797075e-10,1.331008030145184053e-10,9.421867041027721773e-27,0.000000000000000000e+00,1.336368480145768824e-24,6.890783320751634898e-26,3.484154290380045220e-17,5.722905800624245194e-13,7.653944820834880533e-09,3.676931130401073313e-09,2.696113890294087092e-24,6.976095010760940366e-16,5.401681510589206831e-25,1.953797440213116920e-20,9.303423481014802286e-16,3.362156480366738766e-37,1.442275040157320886e-17,5.532537010603480051e-29,1.200689260130969001e-17,1.230551430134226601e-25,3.521335470384101785e-20,1.387985130151399229e-26,7.349625770801683442e-18,1.421006000155000824e-20,3.136173000342088305e-18,4.884029890532742214e-21,1.828669990199468404e-15,1.980026120215978144e-15,3.610432430393820322e-26,1.283608870140013904e-11,4.046779500441415930e-12,2.091282320228113557e-14,4.196699310457769537e-15,1.515084320165262858e-32,3.345334220364903368e-14,9.194303681002897613e-17,1.894041530206598389e-36,5.202239920567451184e-17,2.112210840230396104e-17,6.845306290746674866e-15,1.661206420181201456e-17,7.670898260836728211e-01,1.320387430144025569e-24,2.570886770280427738e-29,7.119473350776579672e-27,1.385595960151138573e-25,1.867454210203698838e-20
1.596093750000000117e-02,-6.792553709999999967e-01,0.000000000000000000e+00,3.000007170000000087e+02,1.171960560000000040e+00,8.532933759992368800e-07,1.233258091594743314e-07,3.390089774802648619e-11,5.844972301143853624e-05,-4.427565866666819261e+02,4.456645928508527115e-07,1.420607349524575650e-18,6.417614257852262487e-11,2.329091529220539969e-01,1.607591769461998942e-10,5.725080958084028658e-08,2.404098159195437903e-11,2.690250429099673375e-11,0.000000000000000000e+00,0.000000000000000000e+00,8.466819757166471236e-26,4.357687348541644830e-27,7.613632207452000646e-18,1.246751179582758596e-13,1.554186139479871681e-09,5.857665068039657075e-10,1.233714419587121933e-25,1.102998619630867481e-16,2.431847589186151419e-26,1.748327199414900023e-21,1.446357219515958060e-16,1.632906039453527189e-38,2.421028389189771770e-18,2.598942819130230646e-30,1.948200539348009775e-18,1.011881199661361183e-26,5.296039548227612747e-21,5.831923128048272256e-28,1.011951959661337247e-18,1.956548869345216233e-21,8.102559687288375032e-19,5.349411498209751822e-22,5.499947138159372627e-16,4.254858908576057332e-16,5.016287398321235679e-27,2.587733679133981748e-12,7.044435757642489692e-13,3.304365778894152360e-15,8.485528747160209487e-16,6.817633817718391529e-34,5.222065408252369491e-15,1.423014149523770221e-17,0.000000000000000000e+00,8.253788947237764739e-18,3.351199388878478484e-18,1.086065149636534508e-15,2.647116069114108651e-18,7.670903417432834992e-01,2.600736529129630455e-25,3.044941018980971525e-30,8.395642577190290615e-28,6.867551007701686154e-27,2.548840999146997534e-21
1.600781249999999947e-02,-7.000095859999999615e-01,0.000000000000000000e+00,3.000003050000000258e+02,1.171964250000000041e+00,5.998870154202292232e-07,8.336878692142037484e-08,1.192421573686677569e-11,2.493283869890296163e-05,-4.409264924444506164e+02,3.140520498251529789e-07,4.935158987252372469e-19,3.291308908167579318e-11,2.329091778703288873e-01,8.171075435450792658e-11,2.453229228634176225e-08,9.804909394541161829e-12,1.092054149392004023e-11,2.288656808725801331e-26,0.000000000000000000e+00,1.833463958979227722e-26,9.454970734735988786e-28,3.250170318190482613e-18,5.311728767042719912e-14,6.327917876476960914e-10,2.028968858870381128e-10,2.160041798797406942e-26,3.800892907883870429e-17,4.208336597657028269e-27,3.723216797927116455e-22,4.926790607257032195e-17,2.978507758341729541e-39,8.689216685162319517e-19,4.630759277421846748e-31,6.833034376195740700e-19,1.996202018888624271e-27,1.763470369018196247e-21,9.573059144670244319e-29,3.168150078236147107e-19,6.125430216589695242e-22,3.837043657863744111e-19,1.335560329256433119e-22,2.861058448407119117e-16,1.796914288999576571e-16,1.742606589029811694e-27,1.048677659416153743e-12,2.590915118557519898e-13,1.138159479366335087e-15,3.445374048081804318e-16,1.209108509326834509e-34,1.783797959006879230e-15,4.832416867309574376e-18,3.148822588246908075e-37,2.850957388412742641e-18,1.157544369355542593e-18,3.751398947911426038e-16,9.170659454894279073e-19,7.670904825729260024e-01,1.038014759422090372e-25,8.561466485233442675e-31,2.353165158689886131e-28,1.190224449337348075e-27,7.930736995584599577e-22
1.607812499999999867e-02,-7.310122300000000406e-01,0.000000000000000000e+00,3.000000870000000077e+02,1.171967130000000079e+00,3.516289277722858414e-07,4.730723529678652104e-08,2.519037370729087811e-12,1.037923889089865190e-05,-4.390858666666492809e+02,1.843954678689989776e-07,1.032737169266307097e-19,1.217005149135396643e-11,2.329091968345330943e-01,2.983262987880584730e-11,7.053728404988782634e-09,2.633252128129245187e-12,2.914998827929081817e-12,1.837798638694363110e-26,0.000000000000000000e+00,1.917507228637735242e-27,9.874339252984921580e-29,9.296714993395285175e-19,1.515196178923551397e-14,1.696081198795044161e-10,4.372382366893705357e-11,1.688194808800646643e-27,8.134789464220758127e-18,3.239949527698225836e-28,4.718073896648113335e-23,1.038371639262304089e-17,2.457317168254234898e-40,1.963469768605081819e-19,3.705820157367254797e-32,1.497237668936309627e-19,2.322772468349820351e-28,3.606830797437580493e-22,6.993262415031740193e-30,5.974584155755444544e-20,1.155150429179340368e-22,1.271611889096602155e-19,2.047191068545603103e-23,1.079508329233079208e-16,5.064162146402240657e-17,3.646567777409349635e-28,2.792831778015873897e-13,6.050009895701858748e-14,2.434473998270464043e-16,9.199825333464118826e-17,9.393088843326817800e-36,3.773533507319149067e-16,1.014342939279374957e-18,8.736249723793460371e-38,6.120947465651462793e-19,2.485224288234409033e-19,8.054177324278027295e-17,1.976730028595661126e-19,7.670906114550317678e-01,2.707216908076697862e-26,1.404549149002158817e-31,3.844839237268490709e-29,9.865842532990957661e-29,1.483607028945993230e-22
1.612500000000000044e-02,-7.515943800000000063e-01,0.000000000000000000e+00,3.000000370000000203e+02,1.171968200000000015e+00,2.448442265538143256e-07,3.253775803358871983e-08,8.815779118520920771e-13,3.691356363002874542e-06,-4.368707199999989825e+02,1.284768109224381415e-07,3.577675997840145792e-20,6.200561166256701994e-12,2.329092038593920111e-01,1.506798979090340654e-11,3.018914558177472043e-09,1.074077639351576000e-12,1.183842819285310402e-12,4.277080377417913933e-26,0.000000000000000000e+00,4.120139527512658979e-28,2.126701978716103416e-29,3.964393227606683283e-19,6.448795316106842299e-15,6.908314655829428637e-11,1.522550589080831317e-11,2.953612848216895029e-28,2.818539218298439082e-18,5.604836156616343320e-29,9.551689284233614818e-24,3.557585247852274690e-18,4.473274667299470611e-41,7.077023865727578236e-20,6.594746236018732031e-33,5.277322866814064592e-20,4.302337697402664842e-29,1.209084589270071715e-22,1.161316299298909837e-30,1.885836098861514659e-20,3.646152327798806588e-23,5.988375196384799325e-20,4.818784547090884849e-24,5.576601526633388231e-17,2.137087158709833756e-17,1.263237409237379736e-28,1.132395889316369072e-13,2.233000368651930794e-14,8.431294974909999821e-17,3.737154757743868115e-17,1.632661169014357382e-36,1.296376129217373740e-16,3.464922027908215657e-19,0.000000000000000000e+00,2.125662808716730647e-19,8.630606604789675892e-20,2.797028648311425148e-17,6.884572735843762891e-20,7.670906645369049981e-01,1.081448439347126360e-26,3.992875457589488187e-32,1.089654059342172508e-29,1.722686268960009085e-29,4.654944557189796053e-23
1.621875000000000053e-02,-7.925510099999999447e-01,0.000000000000000000e+00,3.000000069999999823e+02,1.171969360000000071e+00,1.174794712558807031e-07,1.542119882749566232e-08,1.103151701023703556e-13,1.259654854727033696e-06,-4.346527146666844601e+02,6.164328564566860510e-08,4.478345193317794795e-21,1.651260101223340582e-12,2.329092111725514225e-01,3.951238882927286401e-12,5.951241794408993359e-10,1.954286491447838358e-13,2.139793421585271579e-13,0.000000000000000000e+00,0.000000000000000000e+00,2.121915781572027084e-29,1.092756560809571593e-30,7.767665475754695697e-20,1.259486920933094304e-15,1.254683260929535494e-11,2.153802591595650558e-12,1.087802210805901293e-29,3.956281592931021664e-19,2.029969351503908109e-30,7.795218865775109297e-25,4.907826363635977006e-19,1.751176031297363371e-42,1.056420570782652020e-20,2.494884711848342164e-34,7.607356255635930482e-21,3.193050982365580247e-30,1.613196291195141115e-23,4.050737183000999160e-32,2.296766771701565994e-21,4.440662333289876543e-24,1.403363681039685875e-20,4.577960983391595169e-25,1.522228301127746931e-17,4.115171253048735589e-18,1.581492431171652994e-29,2.041403891512379524e-14,3.460310042563580619e-15,1.182678160876190150e-17,6.757627405006405772e-18,1.019135990755029891e-37,1.795914821330508283e-17,4.758110513525059132e-20,1.299705770962890537e-39,2.994356302218376772e-20,1.215767250900704500e-20,3.940088962919025683e-18,9.741584657217080035e-21,7.670907265683012399e-01,1.902402141409399794e-27,4.168001363087875341e-33,1.132378890838926074e-30,7.026406495205532381e-31,5.618668394162605277e-24
1.626562499999999883e-02,-8.129253560000000434e-01,0.000000000000000000e+00,3.000000029999999924e+02,1.171969679999999903e+00,8.027868959973885649e-08,1.049647391646417049e-08,3.669459187262254067e-14,4.237190846420572185e-07,-4.324332586666660063e+02,4.210206782715254822e-08,1.483199540956547968e-21,8.127926505241877753e-13,2.329092131502082663e-01,1.927423381243037641e-12,2.444881471576757696e-10,7.636273944924800073e-14,8.326868935370180148e-14,0.000000000000000000e+00,0.000000000000000000e+00,4.222444912723147911e-30,2.181495861406894513e-31,3.179093082050266763e-20,5.144448613317767192e-16,4.897305983158380155e-12,7.152719804612945681e-13,1.752312741130104771e-30,1.307115050842986924e-19,3.231822612084273311e-31,1.530147640986825643e-25,1.602886091033736304e-19,2.939011061895432376e-43,3.635046042344321572e-21,4.089197522637212893e-35,2.558114621649784188e-21,5.707541843680918483e-31,5.154010693323934427e-24,6.238312484023223981e-33,6.895319614446941953e-22,1.333169130859790003e-24,6.381899914115827404e-21,9.839297916345579118e-26,7.601365904902286213e-18,1.666143941074532682e-18,5.255536603389410844e-30,7.930774755114729583e-15,1.220116120786879782e-15,3.905709802518877184e-18,2.630356131696373988e-18,0.000000000000000000e+00,5.881840763793327214e-18,1.549237790999137260e-20,1.029334550663840419e-38,9.916473696395351944e-21,4.026282462596638274e-21,1.304847690841524763e-18,3.235739432086799571e-21,7.670907444947135945e-01,7.276864924693008775e-28,1.124024320724907831e-33,3.044168321963250664e-31,1.100195730709540370e-31,1.676495431081208668e-24
1.635937499999999892e-02,-8.534659740000000161e-01,0.000000000000000000e+00,3.000000009999999975e+02,1.171970039999999935e+00,3.712724977809537304e-08,4.843681743128681486e-09,4.200368693996743556e-15,1.378117149728651559e-07,-4.302129919999826484e+02,1.948909478955455227e-08,1.806385489031842818e-22,2.045243158903823891e-13,2.329092158751691066e-01,4.773757907441439218e-13,4.523041277575814184e-11,1.300607169302921802e-14,1.410286719244137388e-14,0.000000000000000000e+00,2.995409778394569127e-40,1.927937978966695237e-31,9.934520914675457212e-33,5.844995076867295130e-21,9.427458174947222731e-17,8.334946695532771778e-13,9.448199944936107616e-14,5.692357486949102812e-32,1.713092169081844808e-20,1.032393869446674219e-32,1.198468939357664197e-26,2.064211068893657756e-20,1.015430499455766059e-44,5.070212367282550789e-22,1.364902669268461444e-36,3.444146308154062591e-22,4.062016297822907025e-32,6.421512806558303040e-25,1.958020768950571890e-34,7.829363255803745744e-23,1.513760889188679192e-25,1.413690199242313485e-21,8.608144305386346643e-27,1.961891018948497586e-18,3.009581048386973872e-19,6.387557636576500816e-31,1.339602099282021730e-15,1.767544079052660319e-16,5.115324217258371802e-19,4.456757027611340632e-19,0.000000000000000000e+00,7.606877165922990246e-19,1.985886098935637057e-21,0.000000000000000000e+00,1.304333489300924587e-21,5.295849487161616452e-22,1.716292129080129542e-19,4.275346877708568817e-22,7.670907645888671578e-01,1.198681739357550043e-28,1.092503589414457708e-34,2.945525188421305011e-32,3.995667207858467873e-33,1.886445548988933650e-25
1.640625000000000069e-02,-8.736322079999999657e-01,0.000000000000000000e+00,3.000000000000000000e+02,1.171970139999999994e+00,2.482259732399904968e-08,3.248492531267447202e-09,1.332337882305155752e-15,4.161328503448898957e-08,-4.279922453333328463e+02,1.308184819868628220e-08,3.641966389634262944e-23,9.760483999019822795e-14,2.329092169766105724e-01,2.256921929773353051e-13,1.789788529820264144e-11,4.877560889510180642e-15,5.276772479470090871e-15,0.000000000000000000e+00,1.083024969891239330e-40,3.654493119633004942e-32,1.851192689814097647e-33,2.303898149768635645e-21,3.708318699627599587e-17,3.128378819685839217e-13,3.002813149698448573e-14,8.502512989146151493e-33,5.415765529456132672e-21,1.523799959846975284e-33,2.288859439770146026e-27,6.448881179352384765e-21,1.582229449841107850e-45,1.671254399832167680e-22,2.075397019791582378e-37,1.108743699888656824e-22,7.055015509291514245e-33,1.962905909802879184e-25,2.828644289715939098e-35,2.243544129774696631e-23,4.337759269564389260e-26,6.226980629374667823e-22,1.710321129828244228e-27,9.503687929045611422e-19,1.173116279882192168e-19,1.272073329872254630e-31,5.003695979497513519e-16,5.974536479400018469e-17,1.616419629837674262e-19,1.667992329832495128e-19,0.000000000000000000e+00,2.383326719760659440e-19,6.184705069378912736e-22,4.298818419568299218e-40,4.133550149584896082e-22,1.678302379831459809e-22,5.439084209453791161e-20,1.359037409863521215e-22,7.670907699229664312e-01,4.405597719557576526e-29,2.805071309718306015e-35,7.538452369242966583e-33,5.749559479422611991e-34,5.371776369460551116e-26
1.650000000000000078e-02,-9.137564809999999538e-01,0.000000000000000000e+00,3.000000000000000000e+02,1.171970259999999930e+00,1.129962126474273365e-08,1.462415923029000391e-09,1.425080692468763918e-16,1.381079377105660213e-08,-4.257712213333502973e+02,5.893629670607535647e-09,9.433480170972437832e-23,2.356343010242900090e-14,2.329092170240091020e-01,5.360866330552617485e-14,3.153693890325093904e-12,7.782930820802292727e-16,8.495712450875767646e-16,0.000000000000000000e+00,0.000000000000000000e+00,1.177641710121395452e-33,7.699587250793700734e-35,4.033937230415832378e-22,6.471216840667075442e-18,5.061928470521802060e-14,3.752239070386794849e-15,2.508270760258561473e-34,6.713520910692054281e-22,4.416240700455241734e-35,1.726155510177938043e-28,7.852820140809496210e-22,4.964507390511759628e-47,2.207366400227543025e-23,6.287623730648150967e-39,1.412622170145618152e-23,4.839268410498848939e-34,2.314437140238580349e-26,8.226320380847998890e-37,2.403787930247790851e-24,4.647581030479089462e-27,1.321607990136236117e-22,1.404686240144800114e-28,2.354759140242737014e-19,2.017198380207940002e-20,3.303317630340517940e-31,8.034002900828173504e-17,8.201636050845453883e-18,2.002377650206412331e-20,2.686630440276947615e-20,6.006171160619137225e-41,2.914732920300461070e-20,7.495662630772680046e-23,1.726178400177940340e-41,5.142876040530145607e-23,2.088108540215249736e-23,6.767194150697586606e-21,1.698696160175107541e-23,7.670907770790743596e-01,6.893399550710595560e-30,2.566939080264608751e-36,6.867129740707888259e-34,1.910446410196935349e-35,5.702807750587865635e-27
1.654687499999999908e-02,-9.337145070000000269e-01,0.000000000000000000e+00,3.000000000000000000e+02,1.171970289999999970e+00,7.404368871950670011e-09,9.718474507384842307e-10,4.426732455858914294e-17,3.842047411335254616e-09,-4.235500266666660991e+02,3.917385006401209044e-09,0.000000000000000000e+00,1.111872718978554150e-14,2.329092177860329349e-01,2.505698487698085840e-14,1.229828548870191435e-12,2.778411907447551765e-16,3.128639967125807772e-16,0.000000000000000000e+00,4.947777675454618125e-41,3.227102197035352579e-34,1.397725138715949656e-35,1.566840678560587865e-22,2.508216797695771954e-18,1.870077538282013137e-14,1.168736498926314923e-15,3.620017486674392722e-35,2.079756688089386540e-22,6.313428544200032210e-36,3.224463047037777414e-29,2.403232517792218295e-22,7.502495203107669795e-48,7.137918833442597484e-24,9.265255181488272891e-40,4.458369955904222123e-24,8.223228322445552922e-35,6.937779293626459278e-27,1.165536378929254799e-37,6.731031873816392270e-25,1.301404968804436291e-27,5.749388984718200010e-23,2.632584647581519337e-29,1.128064238963679420e-19,7.746258002883733379e-21,0.000000000000000000e+00,2.953410567286785441e-17,2.721501077499834281e-18,6.200187144304064778e-21,9.896470120908393534e-21,0.000000000000000000e+00,8.946446941781154549e-21,2.286527597899432107e-23,2.546201877660876610e-41,1.597176928532719011e-23,6.484851744042550824e-24,2.101626878069295181e-21,5.292061345138333311e-24,7.670907782952954834e-01,2.492247017710443487e-30,6.420110894102025868e-37,1.711829018427391459e-34,2.637002217577460664e-36,1.586577798542456093e-27
1.664062499999999917e-02,-9.734223220000000065e-01,0.000000000000000000e+00,3.000000000000000000e+02,1.171970320000000010e+00,3.295354706351528304e-09,4.378619106333397328e-10,7.165871336357561940e-18,7.958838919222272317e-10,-4.205882453333317699e+02,1.765242360413954642e-09,3.056074840716659211e-23,2.871604230673400450e-15,2.329092180546179225e-01,6.380645221496281515e-15,2.416530810566683895e-13,4.007935480939873290e-17,5.684111741332941638e-17,1.331385360312214153e-25,0.000000000000000000e+00,2.724515890638907511e-35,6.955527511631092893e-37,3.061847820718012677e-23,4.887187131146060196e-19,3.412310770800197511e-15,1.701953380399113288e-16,1.333936240312812061e-36,3.007450730705256543e-23,2.292552470537611117e-37,2.571895210603117348e-30,3.421221150802286505e-23,2.920654990684902640e-49,1.091154700255879310e-24,3.496428390819923520e-41,6.603879991548630256e-25,5.902373931384124056e-36,9.632558502258865258e-28,4.296331751007503229e-39,8.561043522007592573e-26,1.655226800388155951e-28,1.321328810309855656e-23,2.039987510478383495e-30,2.980108890698844805e-20,1.490142060349442982e-21,1.064292570249579763e-31,5.352966981255287342e-18,4.303091641009088218e-19,8.960439982101252261e-22,1.798640960421786904e-21,0.000000000000000000e+00,1.278441810299798479e-21,3.241616540760168700e-24,9.658376232264919903e-43,2.317052290543355467e-24,9.407687212206131463e-25,3.048866630714968550e-22,7.708377921807639030e-25,7.670907801798850789e-01,4.416200841035613410e-31,7.099779831664920961e-38,1.885386480442129011e-35,1.043927990244804382e-37,2.001615940469385218e-28
1.673437499999999925e-02,-1.012852469999999894e+00,0.000000000000000000e+00,3.000000000000000000e+02,1.171970340000000110e+00,1.425184490990408761e-09,1.910261878034645053e-10,1.150771803264295265e-18,1.515401029872332837e-10,-4.176265600000018026e+02,7.701773021769674111e-10,0.000000000000000000e+00,7.041695141618005294e-16,2.329092180535166923e-01,1.542252410354371035e-15,4.490128031031718651e-14,0.000000000000000000e+00,9.759839562242563935e-18,3.924660280901788636e-26,0.000000000000000000e+00,0.000000000000000000e+00,3.106553280713807576e-38,5.657703441299998296e-24,9.004090772068913454e-20,5.884607411352135062e-16,2.341101780537926340e-17,4.355769651000846625e-38,4.107981050943910779e-24,7.464236401715094625e-39,2.006140400460960501e-31,4.600631931057109490e-24,1.019365970234224771e-50,1.575581050362028868e-25,1.182572280271725283e-42,9.239750772123063258e-26,4.176322890959615047e-37,1.265524040290785518e-28,1.428373440328204097e-40,1.028821710236397392e-26,1.989165500457059951e-29,2.887482620663470751e-24,1.523617140350089011e-31,7.478791841718438659e-21,2.710220240622740750e-22,0.000000000000000000e+00,9.169144482106839162e-19,6.426977691476757676e-20,1.223202860281061045e-22,3.089436000709875035e-22,1.507971700346494121e-42,1.725680510396518056e-22,4.341102990997476950e-25,0.000000000000000000e+00,3.175129430729565394e-25,1.289164910296217867e-25,4.177957620959989823e-23,1.060578050243694266e-25,7.670907811762582851e-01,7.394029291698961080e-32,7.423238971705674316e-39,1.963344260451126945e-36,3.633087920834791890e-39,2.386058110548256189e-29
1.682812499999999933e-02,-1.052004960000000100e+00,0.000000000000000000e+00,3.000000000000000000e+02,1.171970340000000110e+00,6.091282930446937166e-10,7.934303629317665723e-11,1.689497275540392490e-18,4.577363041013049645e-11,-4.154050133333161057e+02,3.199048808976584440e-10,1.282764889589627438e-22,1.510609999516736914e-16,2.329092179254894091e-01,3.253157998959274008e-16,6.957735767774133606e-15,0.000000000000000000e+00,1.378844179558890321e-18,1.047860419664776293e-25,0.000000000000000000e+00,1.533843099509304223e-37,1.008894969677241825e-39,8.710142237213516793e-25,1.381433609558062033e-20,8.355680137326912330e-17,2.554540529182770225e-18,1.357225819565806394e-39,4.446273658577581328e-25,1.679685329462647327e-40,1.392914269554389150e-32,4.890129648435586699e-25,2.482451519205832634e-52,1.818823709418135420e-26,2.779485249110807628e-44,1.028293719671035952e-26,2.699487569136400221e-38,1.311024899580586477e-29,3.351064438927951809e-42,9.605741926927002193e-28,1.857212949405854543e-30,5.454836958254929145e-25,1.060336549660785047e-32,1.648402139472655702e-21,4.095706218689732539e-23,4.507812858557894568e-31,1.291715479586764148e-19,7.716366427531439036e-21,1.323015839576750726e-23,4.366382068603139449e-23,0.000000000000000000e+00,1.842319059410619051e-23,4.592220198530891196e-26,2.946263499057453396e-44,3.449417938896488486e-26,1.400531469551952431e-26,4.538877078547956603e-24,1.157601579629668814e-26,7.670907817545981056e-01,1.014149179675560963e-32,5.910153438109267833e-40,1.555988029502220112e-37,9.343273027010969872e-41,2.207164329293900538e-30
1.687500000000000111e-02,-1.071477070000000031e+00,0.000000000000000000e+00,3.000000000000000000e+02,1.171970350000000050e+00,3.848775130776643743e-10,5.059718390147827972e-11,1.305545850207518643e-20,1.191570663181404085e-11,-4.131836800000003223e+02,2.040055989583811580e-10,0.000000000000000000e+00,6.658017738641707716e-17,2.329092179524845652e-01,1.419419549710426547e-16,2.504663589489027677e-15,0.000000000000000000e+00,4.672957869046677305e-19,0.000000000000000000e+00,3.484795209289072957e-44,2.137841479563862536e-37,1.577937499678087521e-40,3.122334939363017590e-25,4.941012288991992699e-21,2.840836229420445185e-17,7.261215318518652084e-19,1.457562189702645082e-40,1.256668759743629116e-25,2.046403969582516468e-41,2.461484599497836596e-33,1.364625319721605231e-25,3.201311739346906051e-53,5.376711718903106062e-27,3.489435289288126527e-45,2.963476009395426260e-27,4.543073159073175227e-39,3.611306189263263291e-30,4.141007389155200159e-43,2.443294329501547336e-28,4.723963899036271665e-31,2.214273259548270161e-25,1.599157599673758411e-33,7.383890918493624801e-22,1.450615479704062329e-23,0.000000000000000000e+00,4.369188949108649372e-20,2.343627779521880560e-21,3.737486909237521431e-24,1.480074509698052515e-23,0.000000000000000000e+00,5.157002508947927773e-24,1.277170729739446604e-26,0.000000000000000000e+00,9.774729108005874205e-27,3.968732199190345767e-27,1.286196549737605087e-24,3.291110679328586108e-27,7.670907818435070968e-01,3.369919419312508666e-33,1.336804979727280617e-40,3.507363829284468611e-38,1.064179729782898440e-41,5.576361978862375635e-31
1.696875000000000119e-02,-1.110213040000000095e+00,0.000000000000000000e+00,3.000000000000000000e+02,1.171970350000000050e+00,1.560458169354141278e-10,2.126465782245508751e-11,1.268916264763232347e-21,2.202001472563913667e-12,-4.102218666666645390e+02,8.573870269264882986e-11,0.000000000000000000e+00,1.562733409866012364e-17,2.329092179800305584e-01,3.282636129718549059e-17,4.434026489619830309e-16,0.000000000000000000e+00,7.638348539345094811e-20,0.000000000000000000e+00,0.000000000000000000e+00,0.000000000000000000e+00,6.423246299449276365e-42,5.496352369528747415e-26,8.671854329256482361e-22,4.669595859599632144e-18,9.459523919188948413e-20,0.000000000000000000e+00,1.625451509860635044e-26,6.052824209481035966e-43,1.843179459841967261e-34,1.737119839851060784e-26,1.013572749913097007e-54,7.360365289368927924e-28,1.069254749908322760e-46,3.928302629663190671e-28,3.449946419704204218e-40,4.546289299610205393e-31,1.285074619889818832e-44,2.772881019762255286e-29,5.361199999540334743e-32,4.630428219602990669e-26,1.348895549884346641e-34,1.773885169847908361e-22,2.512702739784562550e-24,0.000000000000000000e+00,7.119588019389572332e-21,3.320827589715275173e-22,4.831386599585760267e-25,2.418583789792632204e-24,7.091874109391948387e-45,6.590091939434971647e-25,1.618935069861193774e-27,0.000000000000000000e+00,1.268478199891241684e-27,5.150270999558420542e-28,1.669112549856891699e-25,4.288562049632301697e-28,7.670907819342303036e-01,5.364129079540083528e-34,1.316049599887162978e-41,3.438713929705166986e-39,3.455647989703715531e-43,6.276510989461856482e-32
1.706250000000000128e-02,-1.148671339999999930e+00,0.000000000000000000e+00,3.000000000000000000e+02,1.171970350000000050e+00,5.767527112149606082e-11,8.655256253245913949e-12,1.417962476845515617e-18,3.913167188010614561e-13,-4.072598400000014749e+02,3.489792639878213372e-11,5.211200119818139412e-23,3.495493939878014052e-18,2.329092179918719197e-01,7.224000859747894783e-18,7.451024259739972665e-17,0.000000000000000000e+00,1.189274679958496681e-20,9.044986599684348252e-26,0.000000000000000000e+00,0.000000000000000000e+00,2.360613449917619296e-43,9.183929769679498507e-27,1.444647409949584499e-22,7.403509289741631272e-19,1.169834639959174966e-20,1.737795399939354073e-41,1.995879239930347923e-27,1.618944859943501981e-44,1.349059449952920308e-35,2.099331249926737549e-27,2.898099549898861832e-56,9.563280899666259298e-29,3.040772619893882471e-48,4.942841939827504511e-29,2.902569199898705851e-41,5.465015519809280663e-32,3.640769939872943845e-46,2.989322759895678332e-30,5.779677119798300284e-33,9.230122589677887559e-27,8.702051339696314040e-36,4.057618489858397372e-23,4.131074819855833502e-25,1.875557759934546870e-31,1.100973719961578150e-21,4.465732899844154736e-23,5.928929649793091148e-26,3.750668859869108680e-25,2.430964089915164110e-45,7.994909259720994303e-26,1.948284669932008568e-28,1.438460019949800352e-46,1.562654119945466343e-28,6.344683249778582769e-29,2.056200599928242863e-26,5.304882069814869727e-29,7.670907819732299959e-01,8.102279429717246422e-35,1.231887799957009568e-42,3.205674419888128018e-40,1.030222589964047156e-44,6.711087799765794900e-33
1.715625000000000136e-02,-1.186851950000000100e+00,0.000000000000000000e+00,3.000000000000000000e+02,1.171970350000000050e+00,1.620656545784252956e-11,3.339703435397420743e-12,8.328938759686547896e-24,9.191621816810307867e-14,-4.050385066666805187e+02,1.346567499981867697e-11,1.398953939981162021e-23,6.791187929908552248e-19,2.329092179968637322e-01,1.371938719981525807e-18,1.031733049986106911e-17,0.000000000000000000e+00,1.552479949979094892e-21,0.000000000000000000e+00,1.663211059977603598e-46,0.000000000000000000e+00,6.138869019917335793e-45,1.263286239982989069e-27,1.980212479973335031e-23,1.032649779986094618e-19,1.134830389984718810e-21,9.651617399870034958e-42,1.920342789974141190e-28,2.935675479960468671e-46,8.643772479883607123e-37,1.983259259973294088e-28,5.653293399923874230e-58,9.820753729867757155e-30,6.095188709917924810e-50,4.891481939934133025e-30,2.446692999967053566e-42,5.147119879930690773e-33,7.447946049899707891e-48,2.477723799966635907e-31,4.790530979935491902e-34,1.572533759978824776e-27,0.000000000000000000e+00,8.063090379891425037e-24,5.576018769924915592e-26,4.929307129933623116e-32,1.383626529981368677e-22,4.771939459935741736e-24,5.700787819923235108e-27,4.729098479936319934e-26,0.000000000000000000e+00,7.586351859897845291e-27,1.831680209975335141e-29,0.000000000000000000e+00,1.509179839979677739e-29,6.127567289917488495e-30,1.985837109973259508e-27,5.147632079930683306e-30,7.670907819896706226e-01,9.906672699866600062e-36,8.697561969882882198e-44,2.252892109969663310e-41,2.387146419967855286e-46,5.510667759925795216e-34
1.720312499999999967e-02,-1.205838130000000064e+00,0.000000000000000000e+00,3.000000000000000000e+02,1.171970350000000050e+00,6.157576788310684928e-12,2.051603965969750976e-12,9.181187492209174699e-19,8.627939988808241340e-15,-4.028170666666659372e+02,8.272064089931573880e-12,0.000000000000000000e+00,2.859067909976349524e-19,2.329092179980733757e-01,5.625990769953461644e-19,3.456615169971406651e-18,0.000000000000000000e+00,5.303491439956129676e-22,5.857008659951551798e-26,0.000000000000000000e+00,9.256953979923426359e-41,8.495663549929723212e-46,4.213797199965142694e-28,6.589775909945488915e-24,4.345709039964052213e-20,2.972943339975407743e-22,0.000000000000000000e+00,5.001176269958630135e-29,3.114321959974237962e-47,1.434910579988130495e-37,5.097308389957834996e-29,6.308575609947815341e-59,2.679582259977834265e-30,5.415405339955203720e-51,1.299885089989247309e-30,6.314984899947761770e-43,1.343672499988884958e-33,9.027992669925318965e-49,5.786057769952136290e-32,1.118699699990746105e-34,5.995345229950405493e-28,0.000000000000000000e+00,3.399584339971878007e-24,1.836644559984807387e-26,0.000000000000000000e+00,4.343482959964070770e-23,1.339125109988922564e-24,1.484020039987724209e-27,1.487873169987692358e-26,0.000000000000000000e+00,1.956059829983819422e-27,4.691282179961193442e-30,6.085110399949662718e-47,3.941033209967399733e-30,1.600137099986763827e-30,5.185763709957102294e-28,1.348817579988842540e-30,7.670907819936546579e-01,3.052254189974751420e-36,1.799587499985113762e-44,4.644938719961575953e-42,2.274905849981181727e-47,1.277938069989428919e-34
1.729687499999999975e-02,-1.243602230000000031e+00,0.000000000000000000e+00,3.000000000000000000e+02,1.171970350000000050e+00,0.000000000000000000e+00,8.132492445753358754e-13,1.806379634071844177e-18,0.000000000000000000e+00,-3.998552533333325414e+02,3.279020449989247615e-12,4.156981309986368261e-22,6.726113559977944569e-20,2.329092179992362510e-01,1.199946429996065047e-19,5.600494889981635291e-19,0.000000000000000000e+00,1.313205779995693714e-22,1.152356849996221282e-25,1.285625339995784116e-48,7.579947509975144302e-41,3.349574929989016551e-47,6.787851499977741188e-29,1.058271629996529709e-24,1.907303419993745521e-20,3.520355449988455943e-23,1.961294389993568519e-41,5.879027669980722117e-30,7.839198409974293742e-49,9.854271529967686611e-39,5.895293929980668694e-30,1.672961289994514008e-60,3.337456269989056072e-31,7.376847039975810694e-52,1.566734269994862618e-31,8.620309599971732352e-44,1.609540219994721947e-34,4.153786389986379244e-50,5.953852829980476255e-33,1.151141849996225228e-35,1.156956829996206162e-28,0.000000000000000000e+00,7.541292949975270892e-25,2.910045039990457397e-27,1.453009319995235426e-30,6.464383099978802489e-24,1.727640869994334976e-25,1.743801249994281635e-28,2.220789729992717958e-27,2.514808629991753388e-47,2.271204179992552216e-28,5.402386509982285445e-31,0.000000000000000000e+00,4.648318539984757493e-31,1.887308909993811450e-31,6.116437139979943414e-29,1.597586759994761497e-31,7.670907819974845943e-01,4.434078909985460809e-37,1.602760679994744446e-45,4.119701939986490518e-43,2.276362349992535243e-48,1.303998339995724016e-35
1.739062499999999983e-02,-1.281088659999999990e+00,0.000000000000000000e+00,3.000000000000000000e+02,1.171970350000000050e+00,0.000000000000000000e+00,3.150304367081254409e-13,1.425270667098339249e-26,0.000000000000000000e+00,-3.968933333333330893e+02,1.270202639998386442e-12,3.229579289995897733e-23,1.745768009997782343e-20,2.329092179997041268e-01,2.488958199996838016e-20,8.821171029988794993e-20,0.000000000000000000e+00,7.149273619990918182e-23,0.000000000000000000e+00,9.708998229987666394e-48,1.226076429998442749e-41,1.605641209997960122e-48,1.062952149998649727e-29,1.652134559997901500e-25,1.275559859998379751e-20,4.051865959994852594e-24,2.231076349997165960e-41,6.717485069991467213e-31,1.898135039997588958e-50,6.297898439991999853e-40,6.627291759991580808e-31,4.193926669994671905e-62,4.040532059994866876e-32,4.771056179993939603e-53,1.835508459997668339e-32,1.248983359998413390e-44,1.909562619997574122e-35,3.009647669996176973e-51,5.954793049992435864e-34,1.151323619998537429e-36,2.173872749997238638e-29,1.480347299998119516e-38,1.627057569997933096e-25,4.482209319994305601e-28,1.180265569998500685e-31,9.352303359988120098e-25,2.166529639997247900e-26,1.992917829997468418e-29,3.222196589995906554e-28,3.940101029994994260e-48,2.563283999996744176e-29,6.047074919992317780e-32,1.374304539998254091e-47,5.329051299993230575e-32,2.163699859997251171e-32,7.012171679991091634e-30,1.839265329997663311e-32,7.670907819990255838e-01,6.261259099992047159e-38,1.387381089998237380e-46,3.551292069995488817e-44,1.644938299997910195e-49,1.293291909998356955e-36
1.748437499999999992e-02,-1.318297410000000003e+00,0.000000000000000000e+00,3.000000000000000000e+02,1.171970350000000050e+00,0.000000000000000000e+00,1.181327347425903862e-13,1.057497021604746269e-27,0.000000000000000000e+00,-3.939314133333336940e+02,4.763111719997730939e-13,1.079456639999485782e-22,1.076483759999487229e-20,2.329092179998890622e-01,4.926247399997653692e-21,1.324310979999369251e-20,0.000000000000000000e+00,6.274660369997012188e-23,0.000000000000000000e+00,8.792761319995812529e-47,6.499640339996903700e-42,3.686378019998244287e-49,1.586572389999244465e-30,2.458437119998829358e-26,1.824487039999130896e-20,4.450260249997880917e-25,0.000000000000000000e+00,7.324699369996510242e-32,4.363517819997921904e-52,3.380589929998390078e-41,7.110407629996613247e-32,1.030738639999508996e-63,4.666511379997777427e-33,0.000000000000000000e+00,2.051783949999022959e-33,1.785583599999149508e-45,2.200170389998951914e-36,2.681287139998722886e-52,5.688899739997291250e-35,1.099914729999476129e-37,3.904467809998140371e-30,3.403836899998378822e-39,3.350962309998404146e-26,6.580425989996865695e-29,3.685617299998244313e-31,1.289804219999385642e-25,2.591342289998765530e-27,2.182618389998960658e-30,4.456638049997877686e-29,0.000000000000000000e+00,2.760920039998684907e-30,6.460188619996923571e-33,0.000000000000000000e+00,5.830107359997223500e-33,2.367138539998872714e-33,7.671480679996346536e-31,2.020623509999037575e-33,7.670907819996346522e-01,8.428313189995984924e-39,1.148482549999453126e-47,2.927723259998605239e-45,6.406516559996948145e-51,1.225285889999416481e-37
1.757812500000000000e-02,-1.355228480000000069e+00,0.000000000000000000e+00,3.000000000000000000e+02,1.171970350000000050e+00,0.000000000000000000e+00,4.166143711692067447e-14,7.912730495067533967e-18,0.000000000000000000e+00,-3.917098666666778399e+02,1.679789099999717414e-13,2.258854159999620494e-23,9.282988329998440269e-21,2.329092179999608658e-01,8.297843139998604949e-22,1.615675389999728557e-21,0.000000000000000000e+00,6.149895649998967474e-23,5.047825999999151454e-25,0.000000000000000000e+00,0.000000000000000000e+00,0.000000000000000000e+00,1.922644979999676952e-31,2.968591779999501185e-27,2.090333569999648707e-20,3.787123859999363903e-26,1.488160099999749887e-41,6.181886719998960661e-33,9.512347999998401874e-54,1.046746989999824031e-42,5.891319939999010100e-33,2.887159969999514795e-65,4.206067639999292347e-34,3.467879149999416731e-55,1.781517689999700568e-34,2.006352339999662818e-46,1.977396859999667738e-37,2.479846429999583183e-53,4.131553719999305208e-36,7.988111809998656821e-39,5.911689769999006552e-31,3.303397199999444624e-41,5.913234909999006246e-27,7.822587609998686185e-30,7.533425109998733479e-32,1.426076349999760348e-26,2.431350049999591471e-28,1.919975449999677367e-31,4.943943129999169406e-30,3.814102279999358763e-49,2.297782259999613935e-31,5.326533499999104531e-34,0.000000000000000000e+00,4.939187679999169500e-34,2.005407619999662728e-34,6.499174199998907761e-32,1.720029429999710927e-34,7.670907819998711297e-01,9.060706999998476185e-40,7.098418899998807454e-49,1.801254409999697303e-46,9.566203499998392229e-52,8.815119349998518345e-39
1.762499999999999831e-02,-1.373589879999999930e+00,0.000000000000000000e+00,3.000000000000000000e+02,1.171970350000000050e+00,0.000000000000000000e+00,2.439290542118677954e-14,1.913192852195118772e-18,0.000000000000000000e+00,-3.894886400000005438e+02,9.835219209999033019e-14,1.765928919999826185e-22,5.677151009999442616e-21,2.329092179999771028e-01,3.159747569999689164e-22,4.976803579999509696e-22,0.000000000000000000e+00,6.138822879999396411e-23,1.220497099999879937e-25,1.931842939999810333e-52,0.000000000000000000e+00,0.000000000000000000e+00,5.895195119999419837e-32,9.080116119999107137e-28,1.467664809999855739e-20,9.032233769999112464e-27,0.000000000000000000e+00,1.465390199999855769e-33,0.000000000000000000e+00,0.000000000000000000e+00,1.377560899999864542e-33,0.000000000000000000e+00,1.046335369999897029e-34,0.000000000000000000e+00,4.312286509999575417e-35,6.326762569999377544e-47,5.196171609999488349e-38,4.912990529999516676e-54,8.749552089999139893e-37,1.691673509999833511e-39,2.092051519999794162e-31,0.000000000000000000e+00,2.318623519999772014e-27,2.367204669999766917e-30,6.169558919999393083e-31,4.104365689999596066e-27,6.227365749999387784e-29,5.067447559999501263e-32,1.426215999999859676e-30,0.000000000000000000e+00,5.390679229999470272e-32,1.240995469999877925e-34,5.033173039999505027e-55,1.174100379999884544e-34,4.767079169999530997e-35,1.544926699999848202e-32,4.103125379999596132e-35,7.670907819999245314e-01,2.556944519999748403e-40,1.326942659999869420e-49,3.355259839999670002e-47,0.000000000000000000e+00,1.853445849999817545e-39
1.771874999999999839e-02,-1.410104440000000015e+00,0.000000000000000000e+00,3.000000000000000000e+02,1.171970350000000050e+00,0.000000000000000000e+00,8.909816795027722817e-15,7.238113046229445220e-19,0.000000000000000000e+00,-3.865267199999987611e+02,3.592437989999870333e-14,2.712550309999902509e-23,3.420260189999876949e-21,2.329092179999916190e-01,6.078103949999781909e-23,7.234731979999740118e-23,0.000000000000000000e+00,6.134935339999779109e-23,4.617462359999834496e-26,5.482816489999802666e-48,0.000000000000000000e+00,0.000000000000000000e+00,8.519470599999693546e-33,1.308133639999952840e-28,9.397686159999662785e-21,9.554284429999655995e-28,9.505010269999657313e-42,1.538694429999944569e-34,8.567884269999692258e-56,0.000000000000000000e+00,1.422848439999948867e-34,0.000000000000000000e+00,1.164900709999957994e-35,7.562597389999728183e-57,4.644008119999832633e-36,9.234906949999667542e-48,6.354733379999771594e-39,5.810526459999790348e-55,8.030237049999710673e-38,1.552598229999944032e-40,3.649801519999868756e-32,0.000000000000000000e+00,4.643145399999833656e-28,3.363960589999879490e-31,8.063700339999709782e-32,5.473416619999802146e-28,7.184550859999742308e-30,9.775962099999648247e-33,1.907514779999931613e-31,1.135097199999959020e-50,5.590113629999798684e-33,1.276221209999954083e-35,0.000000000000000000e+00,1.237011879999955711e-35,5.022512359999818885e-36,1.627708099999941457e-33,4.341406479999843217e-36,7.670907819999723820e-01,3.326455209999880201e-41,1.052409649999962162e-50,2.650417319999904408e-48,1.730748989999937695e-53,1.686695479999939218e-40
1.781249999999999847e-02,-1.446341319999999930e+00,0.000000000000000000e+00,3.000000000000000000e+02,1.171970350000000050e+00,0.000000000000000000e+00,3.142141490429965424e-15,6.084823185544950471e-32,0.000000000000000000e+00,-3.835647999999993090e+02,1.266911329999983896e-14,0.000000000000000000e+00,2.435471059999969461e-21,2.329092179999970591e-01,1.116185249999985956e-23,1.004510159999987207e-23,0.000000000000000000e+00,6.134411999999922530e-23,0.000000000000000000e+00,0.000000000000000000e+00,4.710435549999940134e-45,2.514524409999968141e-52,1.175975089999985173e-33,1.800072219999977432e-29,8.200294619999897452e-21,9.673508699999877350e-29,0.000000000000000000e+00,1.546541059999980586e-35,2.989129699999962140e-58,0.000000000000000000e+00,1.406946689999981987e-35,3.687227509999953260e-67,1.240814449999984115e-36,0.000000000000000000e+00,4.786257389999939741e-37,1.265272959999983871e-48,7.553701669999903481e-40,3.383329469999956804e-56,7.063198719999911337e-39,1.365627149999982827e-41,6.092743639999922456e-33,0.000000000000000000e+00,8.879804919999888831e-29,4.566363229999941958e-32,0.000000000000000000e+00,6.974637179999911863e-29,7.928177159999900350e-31,4.543086699999942151e-33,2.437774509999969094e-32,0.000000000000000000e+00,5.549502869999929946e-34,1.256519419999984085e-36,3.022438589999962201e-51,1.247498519999983986e-36,5.065090299999935023e-37,1.641506849999979229e-34,4.396712059999944727e-37,7.670907819999903676e-01,4.135616919999947156e-42,8.009213859999899445e-52,2.009315779999974504e-49,0.000000000000000000e+00,1.471153789999981437e-41
1.790624999999999856e-02,-1.482300519999999899e+00,0.000000000000000000e+00,3.000000000000000000e+02,1.171970350000000050e+00,0.000000000000000000e+00,1.027686362411692154e-15,1.467805198183266884e-33,0.000000000000000000e+00,-3.813433599999880244e+02,4.143629779999983320e-15,2.152372229999990657e-24,4.415935319999981849e-21,2.329092179999990297e-01,1.710050409999992633e-24,1.115025619999995148e-24,0.000000000000000000e+00,6.134343079999974814e-23,0.000000000000000000e+00,2.490564089999989144e-48,1.050267289999995628e-45,5.512212999999976646e-53,1.296585029999994394e-34,1.977623689999991617e-30,1.133908799999995173e-20,7.491821209999967399e-30,0.000000000000000000e+00,1.187897269999994825e-36,0.000000000000000000e+00,0.000000000000000000e+00,1.060956559999995364e-36,0.000000000000000000e+00,1.017714629999995589e-37,0.000000000000000000e+00,3.781966659999983821e-38,1.300113229999994365e-49,6.784107349999972207e-41,3.783313249999984295e-57,4.669971129999980476e-40,9.029109239999961088e-43,8.426892589999963613e-34,2.857987059999988116e-44,1.427930639999994237e-29,4.938831269999979699e-33,6.045523119999974901e-33,7.016036239999970440e-30,6.768692659999971144e-32,3.175236749999986414e-33,2.460420259999989830e-33,1.300639049999994460e-52,4.203461909999982286e-35,9.429198149999959921e-38,0.000000000000000000e+00,9.618381329999959916e-38,3.905252769999983385e-38,1.265623859999994636e-35,3.406101099999985518e-38,7.670907819999968069e-01,4.044331789999983120e-43,4.506564249999980613e-53,1.125899469999995232e-50,0.000000000000000000e+00,9.635764969999958913e-43
1.795312500000000033e-02,-1.500175990000000015e+00,0.000000000000000000e+00,3.000000000000000000e+02,1.171970350000000050e+00,0.000000000000000000e+00,5.735583716179900961e-16,5.200232142628813496e-18,0.000000000000000000e+00,-3.791219200000001592e+02,2.312585719999995224e-15,2.602099349999994483e-22,4.501239859999990736e-21,2.329092179999994738e-01,6.023414289999986288e-25,3.168349789999993436e-25,0.000000000000000000e+00,6.134337399999985719e-23,3.317422099999992491e-25,1.566456009999996599e-50,4.265838239999990242e-46,2.243407969999995085e-53,3.666981799999991650e-35,5.579182159999987918e-31,1.135183119999997555e-20,1.641510799999996588e-30,1.881457759999995998e-41,2.586736169999994160e-37,1.602061509999996483e-58,0.000000000000000000e+00,2.278617499999994789e-37,4.773690439999989538e-66,2.327078389999994877e-38,6.459799609999985700e-59,8.411632719999981825e-39,3.789066119999991877e-50,1.795546129999996129e-41,7.239736349999985157e-58,9.075140959999980240e-41,1.754624089999995932e-43,2.769968789999994023e-34,3.896081529999991568e-45,5.202136449999988769e-30,1.378152529999996884e-33,9.541096899999979728e-31,1.860194699999995986e-30,1.594110789999996481e-32,2.494775179999994494e-33,6.538850549999985406e-34,6.430708799999986452e-53,9.058012599999980102e-36,2.017711329999995589e-38,0.000000000000000000e+00,2.100419929999995292e-38,8.528119829999980330e-39,2.763813899999993862e-36,7.464628129999982689e-39,7.670907819999983612e-01,1.050914839999997658e-43,7.717689849999982292e-54,1.922760549999995879e-51,4.572364759999989972e-56,1.858998159999996188e-43
1.804687500000000042e-02,-1.535718670000000063e+00,0.000000000000000000e+00,3.000000000000000000e+02,1.171970350000000050e+00,0.000000000000000000e+00,1.860838538729026355e-16,2.466114110973746262e-18,0.000000000000000000e+00,-3.769004800000121804e+02,7.502899559999993471e-16,2.874337619999997675e-23,2.299782309999998428e-21,2.329092179999998069e-01,8.742596439999992937e-26,3.425705559999997044e-26,0.000000000000000000e+00,6.134335549999993959e-23,1.573226199999998483e-25,0.000000000000000000e+00,0.000000000000000000e+00,0.000000000000000000e+00,3.937864929999995990e-36,5.969718729999994554e-32,9.919157629999989754e-22,1.233582129999998894e-31,9.134298809999991160e-44,1.927789289999998259e-38,2.727005239999997250e-62,0.000000000000000000e+00,1.666916369999998360e-38,1.576211199999998615e-68,1.852994669999998212e-39,1.364128399999998774e-61,6.450586479999994184e-40,3.863500499999996794e-51,1.658589249999998199e-42,0.000000000000000000e+00,5.814984079999994697e-42,1.124292289999999048e-44,3.743805329999996532e-35,4.257332819999996341e-45,8.193329149999994064e-31,1.451427859999998651e-34,1.081606249999999128e-31,1.820525619999998536e-31,1.321779449999998750e-33,2.257953109999997830e-35,6.420966419999994139e-35,0.000000000000000000e+00,6.656172999999993971e-37,1.468822699999998720e-39,0.000000000000000000e+00,1.571347689999998657e-39,6.379982139999993604e-40,2.067640179999998672e-37,5.611251399999995224e-40,7.670907819999993604e-01,9.994814179999991538e-45,4.199834419999996186e-55,1.043049089999999157e-52,2.492494179999998058e-58,1.179942339999998910e-44
1.809374999999999872e-02,-1.553385879999999997e+00,0.000000000000000000e+00,3.000000000000000000e+02,1.171970350000000050e+00,0.000000000000000000e+00,1.045407435537466987e-16,-1.951867379333849489e-35,0.000000000000000000e+00,-3.746791466666670658e+02,4.215082779999997973e-16,0.000000000000000000e+00,6.275751489999996608e-22,2.329092179999998902e-01,2.867682129999998752e-26,9.725603089999995880e-27,0.000000000000000000e+00,6.134335399999997009e-23,0.000000000000000000e+00,0.000000000000000000e+00,0.000000000000000000e+00,0.000000000000000000e+00,1.112614449999999468e-36,1.682420669999999248e-32,0.000000000000000000e+00,2.685792209999998734e-32,0.000000000000000000e+00,4.170850499999998057e-39,4.728879659999997672e-62,0.000000000000000000e+00,3.555942839999998769e-39,2.561432339999998999e-73,4.214009449999997989e-40,2.866336939999998382e-62,1.426086429999999274e-40,1.144933579999999614e-51,4.646047349999997708e-43,3.697648659999998515e-61,1.120120249999999410e-42,2.165685289999998948e-45,1.232204139999999508e-35,8.421113749999995911e-46,2.996272119999998722e-31,4.045051929999998402e-35,0.000000000000000000e+00,4.815682149999997519e-32,3.097984899999998858e-34,0.000000000000000000e+00,1.702574839999999155e-35,0.000000000000000000e+00,1.424779729999999495e-37,3.121675489999998449e-40,0.000000000000000000e+00,3.409526969999998228e-40,1.384335339999999333e-40,4.486387729999998075e-38,1.221969429999999362e-40,7.670907819999996935e-01,2.589915639999998677e-45,7.096871149999996778e-56,1.761186649999999292e-53,2.146464159999998942e-59,2.256145599999998960e-45
1.818749999999999881e-02,-1.588512050000000064e+00,0.000000000000000000e+00,3.000000000000000000e+02,1.171970350000000050e+00,0.000000000000000000e+00,3.635278397846041005e-17,1.489482360640727306e-37,0.000000000000000000e+00,-3.717172266666652831e+02,1.465744249999999757e-16,0.000000000000000000e+00,0.000000000000000000e+00,2.329092179999999457e-01,2.152427229999999765e-27,1.287222299999999761e-27,0.000000000000000000e+00,6.134335349999999202e-23,0.000000000000000000e+00,4.192251099999999038e-49,0.000000000000000000e+00,0.000000000000000000e+00,1.463682459999999782e-37,2.206187439999999561e-33,0.000000000000000000e+00,2.565963979999999159e-33,3.312498189999999266e-45,3.954874009999998864e-40,0.000000000000000000e+00,0.000000000000000000e+00,3.315628459999998929e-40,2.980116309999999413e-78,4.241940539999998963e-41,0.000000000000000000e+00,1.387617389999999904e-41,1.542038509999999683e-52,6.060757379999998790e-44,0.000000000000000000e+00,9.259920019999997189e-44,1.790349959999999474e-46,1.973889519999999343e-36,1.153960519999999653e-46,5.526825779999999015e-32,5.230093579999998038e-36,0.000000000000000000e+00,5.832596759999998352e-33,3.234260919999999416e-35,0.000000000000000000e+00,2.068277559999999562e-36,0.000000000000000000e+00,1.333899419999999840e-38,2.897802009999999674e-41,2.035214889999999514e-49,3.244158039999999473e-41,1.317192299999999646e-41,4.268788909999999246e-39,1.167759719999999933e-41,7.670907819999998045e-01,3.057474959999999130e-46,5.026828729999999190e-57,1.250133209999999608e-54,0.000000000000000000e+00,1.849098259999999591e-46
1.828124999999999889e-02,-1.623360539999999963e+00,0.000000000000000000e+00,3.000000000000000000e+02,1.171970350000000050e+00,0.000000000000000000e+00,1.281139712305398369e-17,2.997223171009200595e-37,0.000000000000000000e+00,-3.687554133333342179e+02,5.165555319999999256e-17,6.068358570000000478e-23,0.000000000000000000e+00,2.329092180000000012e-01,0.000000000000000000e+00,1.716460679999999848e-28,0.000000000000000000e+00,6.134335340000000581e-23,0.000000000000000000e+00,1.702450189999999945e-51,6.843490729999999344e-54,2.815203309999999923e-61,1.939793869999999935e-38,2.914304159999999712e-34,0.000000000000000000e+00,2.456927039999999961e-34,0.000000000000000000e+00,3.757954400000000019e-41,6.797579080000000213e-63,0.000000000000000000e+00,3.097207739999999943e-41,0.000000000000000000e+00,4.283163249999999429e-42,5.574139959999999974e-63,1.353585089999999926e-42,2.088078420000000043e-53,8.227675139999999993e-45,0.000000000000000000e+00,7.654461979999999790e-45,1.479944270000000102e-47,3.186978550000000380e-37,0.000000000000000000e+00,1.031846480000000020e-32,6.810562970000000160e-37,2.141099210000000201e-31,7.107312299999999671e-34,3.388903069999999419e-36,0.000000000000000000e+00,2.527945340000000036e-37,0.000000000000000000e+00,1.251181130000000000e-39,2.694710089999999888e-42,0.000000000000000000e+00,3.093462649999999960e-42,1.256007009999999825e-42,4.070498109999999438e-40,1.118438349999999865e-42,7.670907820000000266e-01,3.629801010000000130e-47,3.526065130000000191e-58,8.852520080000000437e-56,1.497903849999999959e-60,1.515162799999999850e-47
1.837499999999999897e-02,-1.657931360000000076e+00,0.000000000000000000e+00,3.000000000000000000e+02,1.171970350000000050e+00,0.000000000000000000e+00,4.803106870045659809e-18,-7.393631087844991620e-48,0.000000000000000000e+00,-3.643124799999997094e+02,1.936612689999999924e-17,0.000000000000000000e+00,0.000000000000000000e+00,2.329092180000000012e-01,0.000000000000000000e+00,2.692131330000000089e-29,0.000000000000000000e+00,6.134335340000000581e-23,0.000000000000000000e+00,4.837353520000000305e-51,0.000000000000000000e+00,0.000000000000000000e+00,3.025291829999999550e-39,4.531588740000000189e-35,0.000000000000000000e+00,2.838158070000000169e-35,0.000000000000000000e+00,4.310217369999999507e-42,4.182862179999999979e-66,0.000000000000000000e+00,3.496261089999999991e-42,0.000000000000000000e+00,5.198319720000000089e-43,5.072971700000000171e-66,1.590922970000000038e-43,3.581114370000000093e-54,1.518737720000000012e-45,0.000000000000000000e+00,7.706468859999999792e-46,1.489999469999999926e-48,5.877862909999999605e-38,0.000000000000000000e+00,2.195379449999999920e-33,1.045212030000000019e-37,0.000000000000000000e+00,1.026309950000000055e-34,4.256829490000000321e-37,0.000000000000000000e+00,3.660492250000000225e-38,1.868589439999999813e-62,1.417835870000000028e-40,3.029114639999999878e-43,1.645386040000000026e-52,3.559696519999999862e-43,1.445307199999999882e-43,4.683986750000000570e-41,1.292305670000000049e-43,7.670907820000000266e-01,5.116998799999999677e-48,2.961771620000000009e-59,7.703527930000000598e-57,7.508732849999999461e-63,1.512949109999999899e-48
1.856249999999999914e-02,-1.726239950000000078e+00,0.000000000000000000e+00,3.000000000000000000e+02,1.171970350000000050e+00,0.000000000000000000e+00,7.655878893851975797e-19,1.594130596577315953e-35,0.000000000000000000e+00,-3.598697599999995873e+02,3.086850369999999938e-18,3.668506769999999977e-23,0.000000000000000000e+00,2.329092180000000012e-01,0.000000000000000000e+00,1.247504200000000128e-30,0.000000000000000000e+00,6.134335340000000581e-23,1.009781849999999846e-42,3.719110739999999665e-54,5.385415569999999746e-54,3.364735209999999925e-61,1.398170839999999941e-40,2.086673800000000014e-36,0.000000000000000000e+00,9.171330360000000225e-37,4.294736669999999661e-48,1.381337630000000041e-43,0.000000000000000000e+00,0.000000000000000000e+00,1.099997190000000015e-43,0.000000000000000000e+00,1.779411770000000109e-44,0.000000000000000000e+00,5.245549760000000113e-45,1.543604069999999899e-55,6.402007930000000098e-47,0.000000000000000000e+00,2.126161320000000059e-47,4.110805180000000226e-50,3.419812349999999731e-39,0.000000000000000000e+00,1.506010810000000023e-34,4.736304909999999966e-39,1.245294360000000015e-31,4.318980379999999761e-36,1.517142259999999883e-38,0.000000000000000000e+00,1.545597789999999996e-39,0.000000000000000000e+00,4.480741729999999652e-42,9.483878650000000657e-45,0.000000000000000000e+00,1.145149579999999922e-44,4.649533850000000340e-45,1.506832239999999770e-42,4.177221270000000269e-45,7.670907820000000266e-01,2.091804010000000057e-49,6.652237239999999371e-61,1.802948910000000046e-58,0.000000000000000000e+00,4.135185580000000305e-50
1.865624999999999922e-02,-1.759977740000000068e+00,0.000000000000000000e+00,3.000000000000000000e+02,1.171970350000000050e+00,0.000000000000000000e+00,2.862579439484460603e-19,2.009823654663012990e-37,0.000000000000000000e+00,-3.569077333333317483e+02,1.154192029999999899e-18,3.421651140000000049e-23,0.000000000000000000e+00,2.329092180000000012e-01,0.000000000000000000e+00,1.502091070000000063e-31,0.000000000000000000e+00,6.134335340000000581e-23,6.551895799999999690e-45,4.210972089999999828e-54,0.000000000000000000e+00,0.000000000000000000e+00,1.728830250000000199e-41,2.571640080000000253e-37,0.000000000000000000e+00,8.162133849999999895e-38,0.000000000000000000e+00,1.219880210000000030e-44,1.903579570000000103e-66,0.000000000000000000e+00,9.548300320000000616e-45,0.000000000000000000e+00,1.670826250000000155e-45,1.868655870000000209e-66,4.756785710000000011e-46,1.877618240000000014e-56,7.669472049999999628e-48,0.000000000000000000e+00,1.631492639999999834e-48,3.154392980000000342e-51,5.179389609999999898e-40,0.000000000000000000e+00,2.639431279999999937e-35,5.752921639999999934e-40,1.232203880000000069e-31,4.904870610000000696e-37,1.478875449999999821e-39,0.000000000000000000e+00,1.760598949999999950e-40,4.578109990000000462e-65,3.905651140000000308e-43,8.194858939999998671e-46,2.211427110000000137e-53,1.014887359999999971e-45,4.120643529999999581e-46,1.335428170000000106e-43,3.718577290000000083e-46,7.670907820000000266e-01,2.313334690000000264e-50,3.982422089999999404e-62,1.183860830000000065e-59,3.204601020000000253e-64,3.145185480000000250e-51
1.874999999999999931e-02,-1.793437839999999950e+00,0.000000000000000000e+00,3.000000000000000000e+02,1.171970350000000050e+00,0.000000000000000000e+00,1.361109885912746974e-19,1.659742650801657263e-43,0.000000000000000000e+00,-3.524649599999997918e+02,5.487995059999999449e-19,0.000000000000000000e+00,0.000000000000000000e+00,2.329092180000000012e-01,0.000000000000000000e+00,2.185607400000000228e-32,0.000000000000000000e+00,6.134335340000000581e-23,0.000000000000000000e+00,1.492366950000000005e-54,1.655939869999999929e-56,3.518320860000000015e-63,2.567492819999999875e-42,3.807473590000000026e-38,0.000000000000000000e+00,8.914961130000000186e-39,8.211063390000000666e-50,1.322731670000000081e-45,0.000000000000000000e+00,0.000000000000000000e+00,1.018647170000000037e-45,0.000000000000000000e+00,1.919369509999999858e-46,0.000000000000000000e+00,5.288187740000000344e-47,3.038546990000000158e-57,1.307825789999999954e-48,0.000000000000000000e+00,1.548882209999999973e-49,2.994670649999999995e-52,9.152091150000000566e-41,0.000000000000000000e+00,5.396126849999999657e-36,8.403728380000000222e-41,0.000000000000000000e+00,6.731591950000000086e-38,1.759612169999999960e-40,0.000000000000000000e+00,2.422985310000000341e-41,4.869663879999999872e-65,4.183095250000000005e-44,8.705062179999999496e-47,1.536492350000000018e-56,1.104135539999999959e-46,4.483008850000000134e-47,1.452864399999999906e-44,4.062596650000000097e-47,7.670907820000000266e-01,3.097132160000000368e-51,2.296482129999999972e-63,9.689648989999999799e-61,0.000000000000000000e+00,2.960993399999999954e-52
1.893749999999999947e-02,-1.859525019999999973e+00,0.000000000000000000e+00,3.000000000000000000e+02,1.171970350000000050e+00,0.000000000000000000e+00,6.959196577380960851e-20,2.276848636536657504e-45,0.000000000000000000e+00,-3.465411733333327788e+02,2.805948060000000187e-19,0.000000000000000000e+00,0.000000000000000000e+00,2.329092180000000012e-01,0.000000000000000000e+00,3.564401209999999807e-34,0.000000000000000000e+00,6.134335340000000581e-23,0.000000000000000000e+00,1.421989749999999876e-55,7.585525520000000296e-57,4.929743310000000530e-64,1.530799820000000033e-43,2.262380089999999796e-39,0.000000000000000000e+00,3.796329319999999471e-40,1.126397880000000063e-51,5.588614680000000023e-47,0.000000000000000000e+00,0.000000000000000000e+00,4.229087909999999964e-47,0.000000000000000000e+00,8.631987259999998612e-48,0.000000000000000000e+00,2.295337939999999699e-48,1.850245480000000180e-58,8.341656690000000769e-50,0.000000000000000000e+00,5.674008810000000453e-51,1.097035489999999990e-53,6.655416979999999041e-42,0.000000000000000000e+00,4.628324050000000713e-37,4.919302259999999896e-42,0.000000000000000000e+00,3.677620929999999877e-39,8.221285589999998783e-42,0.000000000000000000e+00,1.327733769999999831e-42,0.000000000000000000e+00,1.744054290000000086e-45,3.597351949999999798e-48,0.000000000000000000e+00,4.681872509999999508e-48,1.900932929999999907e-48,6.160589589999999374e-46,1.730486189999999726e-48,7.670907820000000266e-01,1.646304740000000164e-52,1.367074870000000080e-65,3.031809349999999912e-62,0.000000000000000000e+00,1.075028190000000102e-53
1.912499999999999964e-02,-1.924501489999999926e+00,0.000000000000000000e+00,3.000000000000000000e+02,1.171970350000000050e+00,0.000000000000000000e+00,8.382111259920635604e-22,4.407860776753389207e-46,0.000000000000000000e+00,-3.420983466666666573e+02,3.379667260000000243e-21,0.000000000000000000e+00,0.000000000000000000e+00,2.329092180000000012e-01,0.000000000000000000e+00,0.000000000000000000e+00,0.000000000000000000e+00,6.134335340000000581e-23,0.000000000000000000e+00,2.659381760000000154e-57,3.444716870000000160e-59,0.000000000000000000e+00,6.534126240000000177e-45,9.620866530000000515e-41,0.000000000000000000e+00,1.125476160000000003e-41,2.180652840000000097e-52,1.642932119999999961e-48,0.000000000000000000e+00,0.000000000000000000e+00,1.220147079999999894e-48,0.000000000000000000e+00,2.713554859999999780e-49,0.000000000000000000e+00,6.945712330000000713e-50,7.269364399999999736e-60,3.172161680000000061e-51,0.000000000000000000e+00,1.432420150000000018e-52,2.769498219999999765e-55,3.593529130000000137e-43,0.000000000000000000e+00,2.956477939999999929e-38,2.057998489999999828e-43,0.000000000000000000e+00,1.426896229999999838e-40,2.692823410000000101e-43,0.000000000000000000e+00,5.168613089999999696e-44,0.000000000000000000e+00,5.054691959999999928e-47,1.032749419999999935e-49,2.750919780000000131e-57,1.381694249999999899e-49,5.609952260000000376e-50,1.818086939999999945e-47,5.131793969999999912e-50,7.670907820000000266e-01,6.199923790000000207e-54,0.000000000000000000e+00,6.476719260000000152e-64,0.000000000000000000e+00,2.688226029999999923e-55
1.921874999999999972e-02,-1.956573209999999952e+00,0.000000000000000000e+00,3.000000000000000000e+02,1.171970350000000050e+00,0.000000000000000000e+00,1.021190729166666541e-22,1.184833129948706144e-37,0.000000000000000000e+00,-3.376555199999993420e+02,4.117441019999999746e-22,3.768925000000000592e-23,0.000000000000000000e+00,2.329092180000000012e-01,0.000000000000000000e+00,0.000000000000000000e+00,0.000000000000000000e+00,6.134335340000000581e-23,6.224508669999999858e-49,0.000000000000000000e+00,2.377520420000000202e-59,9.985913330000000814e-67,9.030187039999999757e-46,1.325477129999999959e-41,0.000000000000000000e+00,1.139216569999999987e-42,0.000000000000000000e+00,1.650793009999999994e-49,7.119902950000000357e-72,0.000000000000000000e+00,1.206005520000000023e-49,0.000000000000000000e+00,2.890522770000000084e-50,9.010697610000000046e-72,7.157354720000000420e-51,1.066563680000000115e-60,4.725229990000000334e-52,0.000000000000000000e+00,1.258386890000000138e-53,2.433015350000000101e-56,5.945467240000000524e-44,0.000000000000000000e+00,5.658723659999999889e-39,2.796845539999999778e-44,1.371416950000000177e-31,1.820443050000000054e-41,2.972285120000000111e-44,0.000000000000000000e+00,6.611722620000000533e-45,0.000000000000000000e+00,5.015998279999999444e-48,1.016351829999999998e-50,1.346645950000000054e-57,1.393000630000000121e-50,5.655858440000000266e-51,1.832964319999999724e-48,5.195790360000000040e-51,7.670907820000000266e-01,7.711569549999999720e-55,0.000000000000000000e+00,4.898783960000000096e-65,9.466012570000000431e-70,2.341703429999999788e-56
1.940624999999999989e-02,-2.019883619999999880e+00,0.000000000000000000e+00,3.000000000000000000e+02,1.171970350000000050e+00,0.000000000000000000e+00,7.959897643849339776e-21,3.537435273972221771e-48,0.000000000000000000e+00,-3.317316799999992440e+02,3.209430730000000396e-20,0.000000000000000000e+00,0.000000000000000000e+00,2.329092180000000012e-01,0.000000000000000000e+00,5.949328100000000185e-34,0.000000000000000000e+00,6.134335340000000581e-23,0.000000000000000000e+00,0.000000000000000000e+00,1.968926679999999752e-61,1.837158790000000089e-69,5.061829359999999699e-47,7.404166160000000601e-43,0.000000000000000000e+00,4.536604300000000499e-44,1.750084109999999829e-54,6.521651329999999802e-51,0.000000000000000000e+00,0.000000000000000000e+00,4.680578980000000404e-51,0.000000000000000000e+00,1.216599860000000038e-51,0.000000000000000000e+00,2.905959190000000266e-52,6.085315059999999499e-62,2.760511990000000267e-53,0.000000000000000000e+00,4.302315880000000056e-55,8.318268930000000450e-58,4.087711309999999926e-45,0.000000000000000000e+00,4.596250339999999635e-40,1.538722530000000005e-45,0.000000000000000000e+00,9.338190819999999768e-43,1.300402400000000046e-45,0.000000000000000000e+00,3.401274079999999887e-46,0.000000000000000000e+00,1.955114840000000028e-49,3.926041610000000298e-52,4.227273010000000130e-59,5.523353820000000192e-52,2.242591070000000106e-52,7.267843480000000282e-50,2.069654790000000100e-52,7.670907820000000266e-01,3.845883650000000019e-56,0.000000000000000000e+00,1.427904890000000138e-66,0.000000000000000000e+00,7.933824579999999804e-58
1.959375000000000006e-02,-2.082083309999999798e+00,0.000000000000000000e+00,3.000000000000000000e+02,1.171970350000000050e+00,0.000000000000000000e+00,1.610429735221446959e-34,7.448104912155919518e-50,0.000000000000000000e+00,-3.258079466666664530e+02,0.000000000000000000e+00,0.000000000000000000e+00,0.000000000000000000e+00,2.329092180000000012e-01,0.000000000000000000e+00,7.252972920000000038e-34,0.000000000000000000e+00,6.134335330000000784e-23,0.000000000000000000e+00,2.161659570000000044e-60,7.932445399999998595e-62,7.704393070000000036e-69,2.757580200000000108e-48,4.019640949999999927e-44,0.000000000000000000e+00,1.754845950000000102e-45,3.684716579999999794e-56,2.502658940000000259e-52,0.000000000000000000e+00,0.000000000000000000e+00,1.764490190000000031e-52,0.000000000000000000e+00,4.974325990000000676e-53,0.000000000000000000e+00,1.146095580000000066e-53,3.323083120000000016e-63,1.529034930000000083e-54,0.000000000000000000e+00,1.428549659999999938e-56,2.762014810000000259e-59,2.735746419999999721e-46,0.000000000000000000e+00,3.631197810000000081e-41,8.227114790000000359e-47,0.000000000000000000e+00,4.655220920000000107e-44,5.527176619999999595e-47,0.000000000000000000e+00,1.700255369999999886e-47,0.000000000000000000e+00,7.402167019999999731e-51,1.473101170000000165e-53,2.629340279999999985e-62,2.127333210000000107e-53,8.637394319999999147e-54,2.799227670000000038e-51,8.008069869999999266e-54,7.670907820000000266e-01,1.863623060000000098e-57,0.000000000000000000e+00,4.041521780000000043e-68,0.000000000000000000e+00,2.610561509999999859e-59
1.978125000000000022e-02,-2.143172299999999808e+00,0.000000000000000000e+00,3.000000000000000000e+02,1.171970350000000050e+00,0.000000000000000000e+00,2.308641776297559631e-34,3.631161884904820657e-38,0.000000000000000000e+00,-3.198841600000005769e+02,0.000000000000000000e+00,2.031972509999999997e-23,0.000000000000000000e+00,2.329092180000000012e-01,0.000000000000000000e+00,1.039754539999999972e-33,0.000000000000000000e+00,6.134335330000000784e-23,0.000000000000000000e+00,0.000000000000000000e+00,7.587011010000000194e-63,3.133800409999999704e-70,1.461884770000000008e-49,2.123538770000000142e-45,0.000000000000000000e+00,6.602397399999999916e-47,0.000000000000000000e+00,9.341063539999999506e-54,3.775146879999999885e-76,0.000000000000000000e+00,6.469644500000000049e-54,0.000000000000000000e+00,1.978356569999999959e-54,6.013742750000000110e-76,4.396598279999999816e-55,1.757065830000000126e-64,8.118399049999999659e-56,0.000000000000000000e+00,4.612859450000000107e-58,8.918686119999999498e-61,1.784339629999999890e-47,0.000000000000000000e+00,2.793741759999999714e-42,4.280413389999999469e-48,7.412115929999999315e-32,2.258272480000000167e-45,2.285252719999999683e-48,0.000000000000000000e+00,8.269699979999999113e-49,6.372067710000000673e-73,2.725769610000000028e-52,5.375877979999999922e-55,0.000000000000000000e+00,7.969306400000000080e-55,3.235696329999999707e-55,1.048632300000000005e-52,3.013786619999999843e-55,7.670907820000000266e-01,8.785984250000000659e-59,0.000000000000000000e+00,1.112262599999999895e-69,4.450223729999999804e-74,8.353396859999999122e-61
1.996875000000000039e-02,-2.203150579999999970e+00,0.000000000000000000e+00,3.000000000000000000e+02,1.171970350000000050e+00,0.000000000000000000e+00,3.514365606439079917e-34,9.541576519728432335e-46,0.000000000000000000e+00,-3.139603733333323703e+02,0.000000000000000000e+00,0.000000000000000000e+00,0.000000000000000000e+00,2.329092180000000012e-01,0.000000000000000000e+00,1.582782410000000008e-33,0.000000000000000000e+00,6.134335330000000784e-23,6.086927649999999960e-53,9.121063089999999994e-63,0.000000000000000000e+00,0.000000000000000000e+00,7.550609340000000444e-51,1.092986159999999952e-46,0.000000000000000000e+00,2.419097529999999725e-48,0.000000000000000000e+00,3.395283319999999745e-55,0.000000000000000000e+00,0.000000000000000000e+00,2.310034769999999963e-55,0.000000000000000000e+00,7.662864329999999641e-56,0.000000000000000000e+00,1.642521750000000005e-56,9.036555929999999956e-66,4.160597050000000144e-57,0.000000000000000000e+00,1.450329400000000020e-59,2.804124599999999727e-62,1.135428789999999928e-48,0.000000000000000000e+00,2.095604899999999745e-43,2.169677909999999909e-49,0.000000000000000000e+00,1.066964949999999940e-46,9.202403939999999725e-50,0.000000000000000000e+00,3.917967040000000362e-50,0.000000000000000000e+00,9.774585269999999338e-54,1.910473329999999987e-56,9.017639200000000660e-65,2.907317950000000038e-56,1.180428710000000085e-56,3.825561939999999714e-54,1.104552429999999874e-56,7.670907820000000266e-01,4.034775439999999958e-60,0.000000000000000000e+00,2.980100670000000067e-71,0.000000000000000000e+00,2.602616349999999911e-62
2.015625000000000056e-02,-2.262018149999999839e+00,0.000000000000000000e+00,3.000000000000000000e+02,1.171970350000000050e+00,0.000000000000000000e+00,3.579431451568137681e-34,3.796190440384427842e-37,0.000000000000000000e+00,-3.080366399999995224e+02,0.000000000000000000e+00,6.845212619999999670e-23,0.000000000000000000e+00,2.329092180000000012e-01,0.000000000000000000e+00,1.612086440000000077e-33,0.000000000000000000e+00,6.134335330000000784e-23,0.000000000000000000e+00,0.000000000000000000e+00,1.930668870000000144e-65,6.139885470000000814e-73,3.803844410000000304e-52,5.487049069999999207e-48,0.000000000000000000e+00,8.641629879999999610e-50,0.000000000000000000e+00,1.203213889999999888e-56,2.106965610000000045e-78,0.000000000000000000e+00,8.041478499999999518e-57,0.000000000000000000e+00,2.893966919999999784e-57,3.689675730000000164e-78,5.982803390000000076e-58,4.530716930000000616e-67,2.067786309999999971e-58,0.000000000000000000e+00,4.445195469999999768e-61,8.594517820000001075e-64,7.056191620000000586e-50,0.000000000000000000e+00,1.534216629999999933e-44,1.072667420000000165e-50,2.388620370000000040e-31,4.875693519999999478e-48,3.613289440000000235e-51,0.000000000000000000e+00,1.807462609999999975e-51,1.299795619999999917e-75,3.417343899999999603e-55,6.619265760000000633e-58,0.000000000000000000e+00,1.034077750000000047e-57,4.198560640000000131e-58,1.360679689999999916e-55,3.946852170000000419e-58,7.670907820000000266e-01,1.806920089999999903e-61,0.000000000000000000e+00,7.782626420000000819e-73,2.779031279999999840e-76,7.904629810000000700e-64
2.034375000000000072e-02,-2.319775019999999799e+00,0.000000000000000000e+00,3.000000000000000000e+02,1.171970350000000050e+00,0.000000000000000000e+00,7.990651479322785464e-34,1.331547041944920802e-55,0.000000000000000000e+00,-3.021128000000006750e+02,0.000000000000000000e+00,0.000000000000000000e+00,0.000000000000000000e+00,2.329092180000000012e-01,0.000000000000000000e+00,3.598789659999999712e-33,0.000000000000000000e+00,6.134335330000000784e-23,0.000000000000000000e+00,1.338128319999999942e-65,0.000000000000000000e+00,0.000000000000000000e+00,1.871090650000000027e-53,2.689628760000000028e-49,0.000000000000000000e+00,3.013007439999999952e-51,6.587417579999999156e-62,4.161678529999999987e-58,0.000000000000000000e+00,0.000000000000000000e+00,2.732153140000000056e-58,0.000000000000000000e+00,1.066797089999999987e-58,0.000000000000000000e+00,2.127005870000000018e-59,2.217735619999999773e-68,9.999270929999999377e-60,0.000000000000000000e+00,1.329593279999999882e-62,2.570688549999999968e-65,4.286782700000000409e-51,0.000000000000000000e+00,1.097384420000000079e-45,5.177921030000000446e-52,0.000000000000000000e+00,1.869213129999999796e-49,1.384864660000000039e-52,0.000000000000000000e+00,7.927753010000000825e-53,1.506540560000000049e-77,1.166091179999999875e-56,2.238352649999999854e-59,0.000000000000000000e+00,3.589833709999999949e-59,1.457543659999999986e-59,4.723642729999999887e-57,1.376504890000000098e-59,7.670907820000000266e-01,7.899763079999999232e-63,0.000000000000000000e+00,1.983229029999999904e-74,0.000000000000000000e+00,2.342898379999999873e-65
2.053125000000000089e-02,-2.376421169999999972e+00,0.000000000000000000e+00,3.000000000000000000e+02,1.171970350000000050e+00,0.000000000000000000e+00,8.280701704135440966e-34,2.122413833757307001e-49,0.000000000000000000e+00,-2.961890133333324115e+02,0.000000000000000000e+00,0.000000000000000000e+00,0.000000000000000000e+00,2.329092180000000012e-01,0.000000000000000000e+00,3.729421029999999718e-33,0.000000000000000000e+00,6.134335330000000784e-23,1.353966970000000027e-56,7.108841959999999933e-67,0.000000000000000000e+00,0.000000000000000000e+00,8.995633849999999353e-55,1.288572320000000189e-50,0.000000000000000000e+00,1.026388170000000026e-52,0.000000000000000000e+00,1.406366460000000075e-59,1.236571700000000072e-81,0.000000000000000000e+00,9.069247299999999960e-60,0.000000000000000000e+00,3.842368330000000246e-60,2.461399779999999918e-81,7.388343909999999506e-61,1.061024040000000051e-69,4.716513409999999757e-61,0.000000000000000000e+00,3.885071450000000239e-64,7.511551689999999905e-67,2.548256340000000089e-52,0.000000000000000000e+00,7.676126999999999652e-47,2.442870720000000138e-53,0.000000000000000000e+00,0.000000000000000000e+00,5.186292169999999768e-54,0.000000000000000000e+00,1.463027069999999936e-54,2.423491110000000034e-79,3.887541400000000194e-58,7.395073769999998774e-61,0.000000000000000000e+00,1.217588950000000007e-60,4.943652559999999853e-61,1.602150870000000107e-58,4.690419189999999766e-61,7.670907820000000266e-01,3.375073260000000019e-64,0.000000000000000000e+00,4.936543649999999968e-76,1.700773999999999923e-79,6.783824870000000183e-67
2.071875000000000105e-02,-2.431956609999999852e+00,0.000000000000000000e+00,3.000000000000000000e+02,1.171970350000000050e+00,0.000000000000000000e+00,1.347339517069108950e-33,3.112138401707531310e-63,0.000000000000000000e+00,-2.902652799999995636e+02,0.000000000000000000e+00,0.000000000000000000e+00,0.000000000000000000e+00,2.329092180000000012e-01,0.000000000000000000e+00,6.068080349999999695e-33,0.000000000000000000e+00,6.134335330000000784e-23,0.000000000000000000e+00,0.000000000000000000e+00,3.816461450000000156e-69,2.132473389999999966e-76,4.231003980000000274e-56,6.039461340000000111e-52,0.000000000000000000e+00,3.419400580000000152e-54,0.000000000000000000e+00,4.647856179999999607e-61,2.959177619999999889e-83,0.000000000000000000e+00,2.944117749999999885e-61,0.000000000000000000e+00,1.353516869999999965e-61,5.798078799999999982e-83,2.509917819999999759e-62,4.966439030000000294e-71,2.174185589999999893e-62,0.000000000000000000e+00,1.110081870000000084e-65,2.146276429999999720e-68,1.483489319999999992e-53,0.000000000000000000e+00,5.255704509999999323e-48,1.127485049999999978e-54,0.000000000000000000e+00,0.000000000000000000e+00,1.899631879999999905e-55,0.000000000000000000e+00,0.000000000000000000e+00,0.000000000000000000e+00,1.267467370000000055e-59,2.389310469999999996e-62,0.000000000000000000e+00,4.038800669999999663e-62,1.639833159999999942e-62,5.314410940000000231e-60,1.563048909999999909e-62,7.670907820000000266e-01,1.410459950000000067e-65,0.000000000000000000e+00,1.201443180000000029e-77,4.214859859999999981e-81,1.920740989999999712e-68
2.090625000000000122e-02,-2.486381349999999824e+00,0.000000000000000000e+00,3.000000000000000000e+02,1.171970350000000050e+00,0.000000000000000000e+00,2.246886971967804265e-33,6.154623910674986486e-59,0.000000000000000000e+00,-2.843414400000007163e+02,0.000000000000000000e+00,0.000000000000000000e+00,0.000000000000000000e+00,2.329092180000000012e-01,0.000000000000000000e+00,1.011941719999999926e-32,0.000000000000000000e+00,6.134335330000000784e-23,0.000000000000000000e+00,1.809562129999999942e-70,8.649790690000000156e-71,7.082927750000000107e-78,1.948577610000000104e-57,2.771714970000000072e-53,0.000000000000000000e+00,1.115097119999999975e-55,3.044806530000000209e-65,1.503585749999999787e-62,0.000000000000000000e+00,0.000000000000000000e+00,9.355238949999999871e-63,0.000000000000000000e+00,4.667367509999999654e-63,0.000000000000000000e+00,8.346471110000000030e-64,2.276489030000000250e-72,9.809803320000000859e-64,0.000000000000000000e+00,3.104470550000000158e-67,6.002306810000000175e-70,8.464762249999999565e-55,1.329437430000000112e-52,3.525311609999999599e-49,5.095359729999999498e-56,0.000000000000000000e+00,2.318241660000000049e-51,6.811518840000000404e-57,0.000000000000000000e+00,1.451585799999999932e-55,0.000000000000000000e+00,4.044974049999999463e-61,7.556433960000001040e-64,0.000000000000000000e+00,1.311375470000000012e-63,5.324444470000000270e-64,1.725558829999999944e-61,5.098682180000000256e-64,7.670907820000000266e-01,5.770838300000000017e-67,0.000000000000000000e+00,2.861655109999999863e-79,0.000000000000000000e+00,5.322760229999999675e-70
2.109375000000000139e-02,-2.539695370000000008e+00,0.000000000000000000e+00,3.000000000000000000e+02,1.171970350000000050e+00,0.000000000000000000e+00,9.916229275603663450e-34,3.365738768547868205e-74,0.000000000000000000e+00,-2.784177066666655378e+02,0.000000000000000000e+00,0.000000000000000000e+00,0.000000000000000000e+00,2.329092180000000012e-01,0.000000000000000000e+00,4.466021760000000169e-33,0.000000000000000000e+00,2.575341390000000051e-23,0.000000000000000000e+00,0.000000000000000000e+00,0.000000000000000000e+00,0.000000000000000000e+00,8.794555940000000883e-59,1.246577820000000000e-54,0.000000000000000000e+00,3.562651200000000189e-57,0.000000000000000000e+00,4.765394610000000142e-64,0.000000000000000000e+00,0.000000000000000000e+00,2.912357430000000038e-64,0.000000000000000000e+00,1.576869329999999932e-64,0.000000000000000000e+00,2.719256630000000196e-65,1.022694600000000003e-73,4.337529939999999821e-65,0.000000000000000000e+00,8.505000540000000232e-69,1.644390620000000140e-71,4.737640229999999981e-56,0.000000000000000000e+00,2.318312080000000170e-50,2.256591739999999995e-57,4.099153049999999448e-34,8.008754600000000173e-52,2.393279490000000078e-58,0.000000000000000000e+00,6.302420059999999517e-56,0.000000000000000000e+00,1.264695769999999840e-62,2.341261220000000236e-65,0.000000000000000000e+00,4.171557780000000196e-65,1.693735200000000000e-65,5.489097940000000005e-63,1.629450970000000006e-65,7.670907820000000266e-01,2.313573720000000059e-68,0.000000000000000000e+00,6.676461689999999984e-81,0.000000000000000000e+00,1.444963470000000104e-71
2.128125000000000155e-02,-2.591898689999999839e+00,0.000000000000000000e+00,3.000000000000000000e+02,1.171970350000000050e+00,0.000000000000000000e+00,4.790850802109353702e-34,2.093588228194402183e-61,0.000000000000000000e+00,-2.724939199999996617e+02,0.000000000000000000e+00,0.000000000000000000e+00,0.000000000000000000e+00,2.329092180000000012e-01,0.000000000000000000e+00,2.157679430000000116e-33,0.000000000000000000e+00,1.174607520000000104e-23,0.000000000000000000e+00,0.000000000000000000e+00,0.000000000000000000e+00,4.056185969999999880e-83,3.891109710000000360e-60,5.496085509999999618e-56,0.000000000000000000e+00,1.115777010000000118e-58,1.035738090000000002e-67,1.480514850000000002e-65,0.000000000000000000e+00,0.000000000000000000e+00,8.887422880000000026e-66,0.000000000000000000e+00,5.222365270000000352e-66,0.000000000000000000e+00,8.684454490000000472e-67,4.503547959999999464e-75,1.879820400000000033e-66,0.000000000000000000e+00,2.283975549999999856e-70,4.415929110000000056e-73,2.601209139999999778e-57,9.641552069999999922e-53,1.494504370000000051e-51,9.797019210000000682e-59,0.000000000000000000e+00,1.540673500000000028e-51,8.254776770000000457e-60,0.000000000000000000e+00,9.550836649999999783e-56,6.613505759999999457e-89,3.876128159999999921e-64,7.110888060000001073e-67,0.000000000000000000e+00,1.300806250000000073e-66,5.281531390000000569e-67,1.711651450000000170e-64,5.104675840000000095e-67,7.670907820000000266e-01,9.092397560000000271e-70,0.000000000000000000e+00,1.526830650000000180e-82,0.000000000000000000e+00,3.845088260000000293e-73
2.146875000000000172e-02,-2.642991299999999821e+00,0.000000000000000000e+00,3.000000000000000000e+02,1.171970350000000050e+00,0.000000000000000000e+00,1.929326947543713490e-35,-4.582410882346169252e-78,0.000000000000000000e+00,-2.665701333333387311e+02,0.000000000000000000e+00,0.000000000000000000e+00,0.000000000000000000e+00,2.329092180000000012e-01,0.000000000000000000e+00,8.689206239999999901e-35,0.000000000000000000e+00,3.878838260000000071e-25,0.000000000000000000e+00,9.709234800000001203e-74,0.000000000000000000e+00,0.000000000000000000e+00,1.670222969999999907e-61,2.350941769999999992e-57,0.000000000000000000e+00,3.399202910000000034e-60,0.000000000000000000e+00,4.474517960000000421e-67,0.000000000000000000e+00,0.000000000000000000e+00,2.638637570000000140e-67,0.000000000000000000e+00,1.681758809999999972e-67,0.000000000000000000e+00,2.697562349999999978e-68,1.917061089999999828e-76,7.850160639999999409e-68,0.000000000000000000e+00,5.972301460000000158e-72,1.154708500000000036e-74,1.384859680000000124e-58,4.724235009999999626e-54,9.314788000000000974e-53,4.127104920000000020e-60,0.000000000000000000e+00,8.099849769999999952e-53,2.765502369999999733e-61,0.000000000000000000e+00,6.802038559999999964e-57,1.862052329999999784e-85,1.155766590000000065e-65,2.101282639999999867e-68,0.000000000000000000e+00,3.945804549999999694e-68,1.602074919999999834e-68,5.192043090000000635e-66,1.555570749999999928e-68,7.670907820000000266e-01,3.470000270000000243e-71,0.000000000000000000e+00,3.403116209999999720e-84,0.000000000000000000e+00,9.963535129999999631e-75
2.165624999999999842e-02,-2.692973199999999956e+00,0.000000000000000000e+00,3.000000000000000000e+02,1.171970350000000050e+00,0.000000000000000000e+00,7.915048770469052495e-37,1.764775346592948193e-35,0.000000000000000000e+00,-2.621272533333323054e+02,0.000000000000000000e+00,8.022823829999999028e-24,0.000000000000000000e+00,2.329092180000000012e-01,0.000000000000000000e+00,3.564740089999999416e-36,7.024438780000000303e-21,7.688753860000000941e-27,0.000000000000000000e+00,1.144834779999999958e-75,0.000000000000000000e+00,0.000000000000000000e+00,5.075095710000000256e-63,7.116872970000000544e-59,0.000000000000000000e+00,7.173991839999999055e-62,0.000000000000000000e+00,9.364343519999999793e-69,4.097999719999999748e-92,0.000000000000000000e+00,5.419625099999999929e-69,0.000000000000000000e+00,3.763395049999999862e-69,1.610799129999999987e-91,5.810911850000000292e-70,5.224488659999999930e-78,2.013217519999999969e-69,0.000000000000000000e+00,1.073550670000000156e-73,2.075645519999999906e-76,5.373978050000000733e-60,0.000000000000000000e+00,4.241997359999999991e-54,1.229073589999999842e-61,1.166541749999999987e-32,0.000000000000000000e+00,6.451406289999999949e-63,0.000000000000000000e+00,0.000000000000000000e+00,0.000000000000000000e+00,2.384661090000000117e-67,4.294602300000000290e-70,1.872668759999999924e-76,8.289748369999999620e-70,3.365802310000000027e-70,1.090797330000000089e-67,3.283991849999999933e-70,7.670907820000000266e-01,9.298387570000000674e-73,0.000000000000000000e+00,5.177846930000000247e-86,1.810116030000000103e-90,1.774050569999999852e-76
2.174999999999999850e-02,-2.717547629999999881e+00,0.000000000000000000e+00,3.000000000000000000e+02,1.171970350000000050e+00,0.000000000000000000e+00,8.460081221204551845e-38,2.927837262785831230e-39,0.000000000000000000e+00,-2.576844800000015425e+02,0.000000000000000000e+00,9.259101609999999715e-27,1.165917069999999897e-32,2.329092180000000012e-01,0.000000000000000000e+00,3.810209080000000319e-37,1.010067199999999979e-21,0.000000000000000000e+00,0.000000000000000000e+00,1.384621780000000026e-86,5.920160410000000112e-81,7.234249719999999866e-87,5.282488150000000436e-64,7.383646019999999984e-60,0.000000000000000000e+00,5.403018729999999406e-63,0.000000000000000000e+00,6.999250539999999484e-70,9.591025069999999227e-96,0.000000000000000000e+00,3.982660210000000253e-70,0.000000000000000000e+00,2.987983039999999966e-70,3.841949579999999977e-95,4.458057579999999746e-71,5.792053639999999890e-79,2.173416810000000128e-70,0.000000000000000000e+00,6.986676469999999613e-75,1.350831789999999926e-77,6.828412039999999947e-61,0.000000000000000000e+00,6.223643479999999820e-55,1.257063659999999955e-62,3.269011039999999920e-35,0.000000000000000000e+00,5.313564070000000606e-64,3.884145070000000073e-45,0.000000000000000000e+00,2.081869689999999863e-92,1.759593039999999906e-68,3.141795719999999923e-71,3.495592479999999926e-81,6.217689250000000403e-71,2.524505199999999781e-71,8.181477370000000347e-69,2.473966439999999919e-71,7.670907820000000266e-01,8.668333710000000404e-74,0.000000000000000000e+00,2.889705729999999774e-87,6.881343070000000571e-93,1.144540620000000045e-77
2.193749999999999867e-02,-2.765863470000000213e+00,0.000000000000000000e+00,3.000000000000000000e+02,1.171970350000000050e+00,0.000000000000000000e+00,3.543335353871773353e-39,5.367869332298459941e-44,0.000000000000000000e+00,-2.517606933333309485e+02,0.000000000000000000e+00,4.415548720000000358e-30,6.961418389999999596e-34,2.329092180000000012e-01,0.000000000000000000e+00,1.595829660000000051e-38,3.883205910000000164e-23,0.000000000000000000e+00,3.572671350000000008e-70,2.230497879999999858e-92,2.471953009999999806e-85,2.905749950000000011e-88,2.197831190000000164e-65,3.061224779999999671e-61,0.000000000000000000e+00,1.589474390000000216e-64,0.000000000000000000e+00,2.042542360000000130e-71,0.000000000000000000e+00,0.000000000000000000e+00,1.141532830000000030e-71,0.000000000000000000e+00,9.296684380000000492e-72,9.608334919999999677e-100,1.337437200000000052e-72,2.465015550000000036e-80,9.222087900000000333e-72,2.392558700000000115e-104,1.761737059999999892e-76,3.406212419999999859e-79,3.535634149999999612e-62,0.000000000000000000e+00,3.779862849999999994e-56,5.131715620000000399e-64,1.564144010000000084e-38,0.000000000000000000e+00,1.719339110000000012e-65,3.532249160000000017e-46,0.000000000000000000e+00,0.000000000000000000e+00,5.065391890000000214e-70,8.962531520000001173e-73,2.446893859999999933e-86,1.821173840000000095e-72,7.394327150000000968e-73,2.396371380000000118e-70,7.280043140000000305e-73,7.670907820000000266e-01,3.201943240000000146e-75,0.000000000000000000e+00,6.203152209999999374e-89,7.114884860000000389e-96,2.859732369999999943e-79
2.212499999999999883e-02,-2.813068599999999808e+00,0.000000000000000000e+00,3.000000000000000000e+02,1.171970350000000050e+00,0.000000000000000000e+00,1.460237109075770186e-40,9.665451839336641818e-49,0.000000000000000000e+00,-2.458369066666674598e+02,0.000000000000000000e+00,2.105647260000000039e-33,4.041501299999999988e-35,2.329092180000000012e-01,0.000000000000000000e+00,6.576542879999999735e-40,1.466255720000000008e-24,0.000000000000000000e+00,1.033808790000000055e-71,3.615757869999999882e-98,6.659267290000000025e-88,1.191222119999999963e-89,8.997474470000000210e-67,1.248788629999999900e-62,0.000000000000000000e+00,4.599888660000000230e-66,0.000000000000000000e+00,5.863626970000000650e-73,0.000000000000000000e+00,0.000000000000000000e+00,3.218655270000000567e-73,0.000000000000000000e+00,2.845560430000000485e-73,1.882513060000000141e-104,3.947138150000000004e-74,1.015390859999999986e-81,3.803126570000000529e-73,4.515164459999999896e-107,4.369743479999999908e-78,8.448635600000000137e-81,1.802500750000000041e-63,0.000000000000000000e+00,2.259566119999999978e-57,2.061258029999999971e-65,7.459026500000000069e-42,0.000000000000000000e+00,5.473139730000000089e-67,2.382547569999999778e-47,0.000000000000000000e+00,1.848217989999999968e-96,1.434451050000000042e-71,2.515088740000000182e-74,1.712805300000000062e-91,5.247464759999999946e-74,2.130574820000000023e-74,6.904818280000000246e-72,2.107418989999999916e-74,7.670907820000000266e-01,1.163643619999999953e-76,0.000000000000000000e+00,1.309745170000000030e-90,7.294680929999999942e-99,7.028492720000000464e-81
2.231249999999999900e-02,-2.859163019999999999e+00,0.000000000000000000e+00,3.000000000000000000e+02,1.171970350000000050e+00,0.000000000000000000e+00,5.924900627255064697e-42,1.713306092787505965e-53,0.000000000000000000e+00,-2.399131199999992532e+02,0.000000000000000000e+00,1.004088549999999984e-36,2.310534789999999820e-36,2.329092180000000012e-01,0.000000000000000000e+00,2.668427120000000090e-41,5.450497220000000757e-26,0.000000000000000000e+00,0.000000000000000000e+00,0.000000000000000000e+00,0.000000000000000000e+00,4.807801199999999999e-91,3.626525089999999784e-68,5.015628499999999610e-64,0.000000000000000000e+00,1.310376970000000136e-67,0.000000000000000000e+00,1.656975800000000123e-74,0.000000000000000000e+00,0.000000000000000000e+00,8.933264169999999760e-75,0.000000000000000000e+00,8.573832779999999484e-75,3.361360809999999904e-109,1.146702179999999949e-75,4.092779249999999654e-83,1.532316400000000140e-74,7.821337260000000391e-110,1.066830420000000117e-79,2.062652309999999984e-82,9.053189469999999806e-65,0.000000000000000000e+00,1.330322770000000006e-58,8.151550350000001232e-67,3.556872690000000126e-45,0.000000000000000000e+00,1.715094469999999835e-68,1.442717019999999961e-48,0.000000000000000000e+00,4.838527009999999242e-98,3.998609340000000006e-73,6.947436659999999481e-76,1.198946320000000072e-96,1.488339039999999882e-75,6.042951879999999654e-76,1.958414420000000248e-73,6.005138529999999723e-76,7.670907820000000266e-01,4.163228999999999865e-78,0.000000000000000000e+00,2.721814519999999849e-92,7.472972999999999607e-102,1.700285820000000150e-82
2.249999999999999917e-02,-2.904146729999999899e+00,0.000000000000000000e+00,3.000000000000000000e+02,1.171970350000000050e+00,0.000000000000000000e+00,2.368359478212600763e-43,2.991672404365177886e-58,0.000000000000000000e+00,-2.339893333333334056e+02,0.000000000000000000e+00,4.787891699999999949e-40,1.301682420000000167e-37,2.329092180000000012e-01,0.000000000000000000e+00,1.066649900000000080e-42,1.995918920000000227e-27,0.000000000000000000e+00,0.000000000000000000e+00,0.000000000000000000e+00,1.453876360000000015e-90,1.911723030000000058e-92,1.440014850000000044e-69,1.984572630000000142e-65,0.000000000000000000e+00,3.676779399999999589e-69,0.000000000000000000e+00,4.611990119999999438e-76,0.000000000000000000e+00,0.000000000000000000e+00,2.442098000000000220e-76,0.000000000000000000e+00,2.544580849999999882e-76,1.056549239999999925e-113,3.281295539999999896e-77,1.621454450000000014e-84,6.052861480000000036e-76,1.310745759999999955e-112,2.565242040000000160e-81,4.959740820000000053e-84,4.482223129999999955e-66,0.000000000000000000e+00,7.718393880000000083e-60,3.175768989999999967e-68,1.696056809999999778e-48,0.000000000000000000e+00,5.293978380000000113e-70,8.281671630000000797e-50,0.000000000000000000e+00,5.816602459999999723e-100,1.097868369999999993e-74,1.890219080000000077e-77,8.392463179999999605e-102,4.157916179999999735e-77,1.688196489999999935e-77,5.471147890000000253e-75,1.685456789999999895e-77,7.670907820000000266e-01,1.467266999999999900e-79,0.000000000000000000e+00,5.570548890000000081e-94,7.650657859999999626e-105,4.051105889999999735e-84
2.268749999999999933e-02,-2.948019729999999949e+00,0.000000000000000000e+00,3.000000000000000000e+02,1.171970350000000050e+00,0.000000000000000000e+00,9.332011767971135109e-45,5.148858702443660179e-63,0.000000000000000000e+00,-2.280655466666675579e+02,0.000000000000000000e+00,2.282970199999999974e-43,7.230474989999999782e-39,2.329092180000000012e-01,0.000000000000000000e+00,4.202904799999999831e-44,7.204169280000000387e-29,0.000000000000000000e+00,0.000000000000000000e+00,4.588088939999999392e-109,8.946596170000000199e-92,7.492525210000000133e-94,5.636400670000000353e-71,7.740451280000000785e-67,0.000000000000000000e+00,1.016759309999999953e-70,0.000000000000000000e+00,1.265145690000000057e-77,0.000000000000000000e+00,0.000000000000000000e+00,6.579461409999999691e-78,0.000000000000000000e+00,7.442996120000000209e-78,3.942128330000000328e-117,9.253864020000000329e-79,6.326809280000000049e-86,2.349781820000000067e-77,2.134055989999999915e-115,6.078735289999999553e-83,1.175286819999999989e-85,2.188716990000000179e-67,0.000000000000000000e+00,4.415502979999999412e-61,1.219582249999999913e-69,8.087162940000001130e-52,0.000000000000000000e+00,1.610551689999999982e-71,4.605397989999999869e-51,0.000000000000000000e+00,4.548957550000000026e-101,2.970754260000000012e-76,5.068426500000000185e-79,5.858255630000000387e-107,1.144795760000000080e-78,4.648098020000000079e-79,1.506366809999999853e-76,4.662206749999999957e-79,7.670907820000000266e-01,5.096956600000000130e-81,0.000000000000000000e+00,1.123479130000000033e-95,7.827635280000000222e-108,9.512084309999999883e-86
2.287499999999999950e-02,-2.990782020000000152e+00,0.000000000000000000e+00,3.000000000000000000e+02,1.171970350000000050e+00,0.000000000000000000e+00,3.626660693866223132e-46,8.731676879659955295e-68,0.000000000000000000e+00,-2.221417599999993229e+02,0.000000000000000000e+00,1.087382009999999926e-46,3.962188040000000112e-40,2.329092180000000012e-01,0.000000000000000000e+00,1.633357310000000125e-45,2.564504529999999949e-30,0.000000000000000000e+00,1.092921129999999930e-78,0.000000000000000000e+00,9.731765600000000077e-96,2.896079189999999955e-95,2.175897160000000049e-72,2.977599500000000016e-68,0.000000000000000000e+00,2.772651109999999802e-72,0.000000000000000000e+00,3.422322279999999994e-79,0.000000000000000000e+00,0.000000000000000000e+00,1.747991950000000159e-79,0.000000000000000000e+00,2.146921960000000169e-79,1.641143359999999758e-120,2.573540200000000132e-80,2.434168099999999760e-87,8.980705060000000348e-79,3.379963820000000392e-118,1.420360929999999833e-84,2.746182219999999999e-87,1.054678460000000047e-68,0.000000000000000000e+00,2.492029769999999966e-62,4.619235180000000495e-71,3.852004810000000033e-55,0.000000000000000000e+00,4.831831330000000495e-73,2.505885029999999962e-52,0.000000000000000000e+00,6.329969119999999857e-103,7.926943819999999793e-78,1.340155380000000140e-80,0.000000000000000000e+00,3.108178779999999964e-80,1.261982279999999997e-80,4.089862590000000033e-78,1.271721370000000102e-80,7.670907820000000266e-01,1.746146029999999925e-82,0.000000000000000000e+00,2.234135730000000248e-97,8.003794570000000363e-111,2.202302509999999965e-87
2.306249999999999967e-02,-3.032433600000000062e+00,0.000000000000000000e+00,3.000000000000000000e+02,1.171970350000000050e+00,0.000000000000000000e+00,1.390838603386067096e-47,1.948164935558297607e-72,0.000000000000000000e+00,-2.162180266666664750e+02,0.000000000000000000e+00,6.908150870000000181e-50,2.143081250000000088e-41,2.329092180000000012e-01,0.000000000000000000e+00,6.263989359999999544e-47,9.008180639999999903e-32,0.000000000000000000e+00,0.000000000000000000e+00,0.000000000000000000e+00,0.000000000000000000e+00,1.104630280000000101e-96,8.289165110000000120e-74,1.130319830000000049e-69,0.000000000000000000e+00,7.459968900000000490e-74,0.000000000000000000e+00,9.134169630000000020e-81,0.000000000000000000e+00,0.000000000000000000e+00,4.581934010000000198e-81,0.000000000000000000e+00,6.110255099999999987e-81,0.000000000000000000e+00,7.061662059999999818e-82,9.241332329999999817e-89,3.383637700000000387e-80,5.213276690000000417e-121,3.274344840000000188e-86,6.330748290000000053e-89,5.017726640000000179e-70,0.000000000000000000e+00,1.388270870000000023e-63,1.726475390000000065e-72,2.454490149999999989e-58,0.000000000000000000e+00,1.430311880000000048e-74,1.340814790000000093e-53,0.000000000000000000e+00,0.000000000000000000e+00,2.086920350000000037e-79,3.496203310000000127e-82,0.000000000000000000e+00,8.326221240000000240e-82,3.380611100000000072e-82,1.095596590000000096e-79,3.422608169999999849e-82,7.670907820000000266e-01,5.902746010000000113e-84,0.000000000000000000e+00,4.383009919999999832e-99,8.179032309999999358e-114,5.030569209999999908e-89
2.324999999999999983e-02,-3.072974480000000064e+00,0.000000000000000000e+00,3.000000000000000000e+02,1.171970350000000050e+00,0.000000000000000000e+00,5.266362653344434795e-49,2.597321439343030651e-76,0.000000000000000000e+00,-2.102941866666652402e+02,0.000000000000000000e+00,0.000000000000000000e+00,1.144718009999999875e-42,2.329092180000000012e-01,0.000000000000000000e+00,2.371838079999999828e-48,3.124007439999999686e-33,0.000000000000000000e+00,1.656928249999999827e-83,1.390453010000000205e-118,1.866038559999999912e-96,4.159775359999999668e-98,3.117778809999999906e-75,4.236407039999999888e-71,0.000000000000000000e+00,1.981405700000000080e-75,2.438485950000000091e-110,2.406671550000000072e-82,0.000000000000000000e+00,0.000000000000000000e+00,1.185628559999999991e-82,0.000000000000000000e+00,1.716747429999999969e-82,0.000000000000000000e+00,1.912849229999999691e-83,3.464191310000000097e-90,1.258049970000000070e-81,7.838877060000000734e-124,7.451118659999999557e-88,1.440628860000000003e-90,2.358115530000000151e-71,0.000000000000000000e+00,7.637716149999999371e-65,6.371012510000000196e-74,0.000000000000000000e+00,0.000000000000000000e+00,4.179848959999999985e-76,7.073827360000000245e-55,0.000000000000000000e+00,0.000000000000000000e+00,5.423717729999999583e-81,9.003842179999999034e-84,8.159419480000000906e-119,2.201830049999999916e-83,8.939867090000000140e-84,2.897253670000000203e-81,9.093206269999999808e-84,7.670907820000000266e-01,1.969968899999999891e-85,0.000000000000000000e+00,8.487621610000000359e-101,8.353252960000000312e-117,1.134298559999999961e-90
2.343750000000000000e-02,-3.112404639999999834e+00,0.000000000000000000e+00,3.000000000000000000e+02,1.171970350000000050e+00,0.000000000000000000e+00,1.969824224257563235e-50,2.455139678377312045e-75,0.000000000000000000e+00,-2.043704533333347797e+02,0.000000000000000000e+00,0.000000000000000000e+00,6.041272929999999589e-44,2.329092180000000012e-01,0.000000000000000000e+00,8.871595850000000826e-50,1.070158339999999890e-34,0.000000000000000000e+00,1.566225199999999905e-82,0.000000000000000000e+00,0.000000000000000000e+00,1.547353230000000108e-99,1.158405139999999918e-76,1.568461680000000000e-72,0.000000000000000000e+00,5.197882699999999869e-77,6.379907860000000075e-112,6.263093419999999583e-84,0.000000000000000000e+00,0.000000000000000000e+00,3.030129479999999984e-84,0.000000000000000000e+00,4.764079860000000010e-84,0.000000000000000000e+00,5.117693760000000009e-85,1.282881440000000015e-91,4.619749659999999583e-83,1.150210490000000080e-126,1.674608119999999829e-89,3.237753800000000224e-92,1.095221839999999959e-72,0.000000000000000000e+00,4.151779270000000014e-66,2.322378869999999735e-75,0.000000000000000000e+00,0.000000000000000000e+00,1.206486660000000021e-77,3.685485829999999809e-56,0.000000000000000000e+00,0.000000000000000000e+00,1.392200059999999978e-82,2.290187649999999845e-85,1.335646360000000041e-121,5.750897729999999763e-85,2.334978639999999896e-85,7.567255049999999662e-83,2.386127359999999798e-85,7.670907820000000266e-01,6.494063539999999767e-87,0.000000000000000000e+00,1.623209519999999987e-102,8.526369149999999901e-120,2.525986789999999876e-92
2.362500000000000017e-02,-3.150724100000000139e+00,0.000000000000000000e+00,3.000000000000000000e+02,1.171970350000000050e+00,0.000000000000000000e+00,7.281791884540660630e-52,5.225145545205052091e-93,0.000000000000000000e+00,-1.984466666666665446e+02,0.000000000000000000e+00,0.000000000000000000e+00,3.151631119999999943e-45,2.329092180000000012e-01,0.000000000000000000e+00,3.279537020000000107e-51,3.622909929999999891e-36,0.000000000000000000e+00,0.000000000000000000e+00,0.000000000000000000e+00,4.444797290000000483e-99,5.688355909999999835e-101,4.253709379999999732e-78,5.739070689999999836e-74,0.000000000000000000e+00,1.347444870000000022e-78,1.642268769999999837e-113,1.610659679999999860e-85,0.000000000000000000e+00,0.000000000000000000e+00,7.652466349999999804e-86,0.000000000000000000e+00,1.306446279999999835e-85,0.000000000000000000e+00,1.353013820000000003e-86,4.695764410000000362e-93,1.676692619999999911e-84,1.648552549999999904e-129,3.718908399999999995e-91,7.190285090000000468e-94,5.029436570000000553e-74,0.000000000000000000e+00,2.230965110000000102e-67,8.366540969999999931e-77,0.000000000000000000e+00,0.000000000000000000e+00,3.441363499999999904e-79,1.898128450000000147e-57,0.000000000000000000e+00,0.000000000000000000e+00,3.531299449999999827e-84,5.756271849999999968e-87,2.293924220000000010e-124,1.484288499999999935e-86,6.026505970000000055e-87,1.953084569999999914e-84,6.187307529999999736e-87,7.670907820000000266e-01,2.115624369999999962e-88,0.000000000000000000e+00,3.067291940000000412e-104,8.698301970000000509e-123,5.558328420000000144e-94
2.381250000000000033e-02,-3.187932850000000151e+00,0.000000000000000000e+00,3.000000000000000000e+02,1.171970350000000050e+00,0.000000000000000000e+00,2.661631351651401800e-53,8.554832305714170171e-86,0.000000000000000000e+00,-1.925228799999983380e+02,0.000000000000000000e+00,2.253400080000000039e-57,1.625997349999999828e-46,2.329092180000000012e-01,0.000000000000000000e+00,1.198732220000000092e-52,1.212680440000000051e-37,0.000000000000000000e+00,0.000000000000000000e+00,2.318535830000000220e-126,7.273743050000000553e-101,2.067600829999999775e-102,1.544444070000000072e-79,2.076373970000000038e-75,0.000000000000000000e+00,3.453305380000000355e-80,4.175628460000000286e-115,4.095196470000000038e-87,0.000000000000000000e+00,0.000000000000000000e+00,1.910634240000000048e-87,0.000000000000000000e+00,3.542024269999999924e-87,0.000000000000000000e+00,3.536489769999999615e-88,1.699685650000000146e-94,6.018251939999999815e-86,2.310140829999999734e-132,8.164646909999999705e-93,1.578585240000000073e-95,2.284609709999999941e-75,0.000000000000000000e+00,1.185602429999999951e-68,2.980246180000000143e-78,7.204582000000000189e-66,0.000000000000000000e+00,9.704918510000000396e-81,9.671786250000000364e-59,0.000000000000000000e+00,0.000000000000000000e+00,8.855313049999999354e-86,1.430364649999999930e-88,2.735250420000000127e-126,3.787388399999999931e-88,1.537754889999999922e-88,4.983593080000000182e-86,1.586168329999999936e-88,7.670907820000000266e-01,6.814464359999999813e-90,0.000000000000000000e+00,5.729775789999999863e-106,8.868981180000000909e-126,1.209138050000000045e-95
2.400000000000000050e-02,-3.224030889999999872e+00,0.000000000000000000e+00,3.000000000000000000e+02,1.171970350000000050e+00,0.000000000000000000e+00,9.623985945045793953e-55,1.263434361062486430e-79,0.000000000000000000e+00,-1.865990933333348494e+02,0.000000000000000000e+00,3.214843780000000175e-58,8.299967579999998908e-48,2.329092180000000012e-01,0.000000000000000000e+00,4.334402669999999767e-54,4.015264280000000128e-39,0.000000000000000000e+00,8.059919139999999357e-87,4.695731300000000124e-130,2.336997749999999926e-102,7.434143160000000706e-104,5.547180090000000363e-81,7.431297189999999471e-77,0.000000000000000000e+00,8.753868960000000101e-82,1.050165780000000113e-116,1.029937279999999913e-88,0.000000000000000000e+00,0.000000000000000000e+00,4.718363319999999780e-89,0.000000000000000000e+00,9.498612509999999958e-89,0.000000000000000000e+00,9.142949209999999261e-90,6.086577530000000217e-96,2.137508269999999861e-87,3.167962159999999800e-135,1.772889290000000033e-94,3.427774500000000253e-97,1.026998180000000015e-76,0.000000000000000000e+00,6.234006099999999946e-70,1.050148060000000020e-79,1.174394770000000004e-66,0.000000000000000000e+00,2.707119789999999855e-82,4.889238390000000248e-60,0.000000000000000000e+00,1.805848020000000074e-112,2.196400549999999837e-87,3.515518020000000200e-90,3.734925720000000156e-129,9.558766909999999802e-90,3.881049149999999804e-90,1.257779760000000019e-87,4.021961960000000280e-90,7.670907820000000266e-01,2.171180980000000159e-91,0.000000000000000000e+00,1.058584850000000008e-107,9.038345379999999383e-129,2.601529940000000220e-97
2.418750000000000067e-02,-3.259018220000000188e+00,0.000000000000000000e+00,3.000000000000000000e+02,1.171970350000000050e+00,0.000000000000000000e+00,3.443913916180960060e-56,9.312549904689372742e-98,0.000000000000000000e+00,-1.806753066666666427e+02,0.000000000000000000e+00,0.000000000000000000e+00,4.193668189999999458e-49,2.329092180000000012e-01,0.000000000000000000e+00,1.551052729999999898e-55,1.315692989999999959e-40,0.000000000000000000e+00,0.000000000000000000e+00,0.000000000000000000e+00,2.483575270000000200e-104,2.645274859999999927e-105,1.971791269999999983e-82,2.632156169999999745e-78,0.000000000000000000e+00,2.195845849999999961e-83,2.613756740000000299e-118,2.563409660000000097e-90,0.000000000000000000e+00,0.000000000000000000e+00,1.153025059999999928e-90,0.000000000000000000e+00,2.520651250000000112e-90,0.000000000000000000e+00,2.339049960000000161e-91,2.157313510000000257e-97,7.515943869999999495e-89,4.255115830000000305e-138,3.809296230000000134e-96,7.365044480000000126e-99,4.570634579999999577e-78,0.000000000000000000e+00,3.244633959999999969e-71,3.662133589999999815e-81,0.000000000000000000e+00,0.000000000000000000e+00,7.472609599999999624e-84,2.557321279999999684e-61,0.000000000000000000e+00,3.400719219999999966e-114,5.390800279999999833e-89,8.549975219999999590e-92,0.000000000000000000e+00,2.387262120000000157e-91,9.692758200000000866e-92,3.141252419999999812e-89,1.009167910000000034e-91,7.670907820000000266e-01,6.845822029999999992e-93,0.000000000000000000e+00,1.935159459999999829e-109,9.206342229999999780e-132,5.538596359999999906e-99
2.437500000000000083e-02,-3.292894840000000212e+00,0.000000000000000000e+00,3.000000000000000000e+02,1.171970350000000050e+00,0.000000000000000000e+00,1.220189251179572556e-57,4.651728914153896694e-99,0.000000000000000000e+00,-1.747515199999984077e+02,0.000000000000000000e+00,0.000000000000000000e+00,2.098246970000000130e-50,2.329092180000000012e-01,0.000000000000000000e+00,5.495427339999999838e-57,4.268309649999999365e-42,0.000000000000000000e+00,0.000000000000000000e+00,2.497703980000000008e-135,2.575993579999999919e-105,9.319141760000000001e-107,6.939459729999999892e-84,9.230689230000000080e-80,0.000000000000000000e+00,5.452937479999999730e-85,6.440928460000000173e-120,6.316861140000000117e-92,0.000000000000000000e+00,0.000000000000000000e+00,2.789394449999999995e-92,0.000000000000000000e+00,6.622150469999999313e-92,0.000000000000000000e+00,5.924094609999999883e-93,7.571406260000000474e-99,2.617579299999999915e-90,5.602808310000000030e-141,8.102477289999999541e-98,1.566565110000000027e-100,2.014706099999999841e-79,0.000000000000000000e+00,1.672314019999999916e-72,1.264418130000000021e-82,0.000000000000000000e+00,0.000000000000000000e+00,2.042094420000000006e-85,2.382378679999999876e-62,0.000000000000000000e+00,0.000000000000000000e+00,1.309843049999999983e-90,2.058560590000000014e-93,0.000000000000000000e+00,5.902346299999999877e-93,2.396469799999999761e-93,7.766537029999999779e-91,2.506777550000000058e-93,7.670907820000000266e-01,2.137022560000000166e-94,0.000000000000000000e+00,3.501891719999999874e-111,9.372928490000000277e-135,1.167292309999999865e-100
2.456250000000000100e-02,-3.325660749999999943e+00,0.000000000000000000e+00,3.000000000000000000e+02,1.171970350000000050e+00,0.000000000000000000e+00,4.282151162919789439e-59,1.362283879515980657e-100,0.000000000000000000e+00,-1.688277333333325601e+02,0.000000000000000000e+00,0.000000000000000000e+00,1.040022820000000083e-51,2.329092180000000012e-01,0.000000000000000000e+00,1.928573830000000061e-58,1.371517509999999914e-43,0.000000000000000000e+00,0.000000000000000000e+00,0.000000000000000000e+00,5.856096929999999646e-107,3.251833530000000104e-108,2.419072019999999843e-85,3.206376110000000029e-81,0.000000000000000000e+00,1.341130199999999912e-86,1.572221180000000022e-121,1.541936570000000003e-93,0.000000000000000000e+00,1.702780460000000043e-103,6.683285080000000159e-94,0.000000000000000000e+00,1.723072539999999972e-93,0.000000000000000000e+00,1.485999209999999932e-94,2.632361089999999864e-100,9.033319320000000474e-92,7.238124160000000146e-144,1.706815630000000133e-99,3.300025049999999973e-102,8.799333809999999731e-81,0.000000000000000000e+00,8.538901400000000928e-74,4.324169000000000050e-84,0.000000000000000000e+00,0.000000000000000000e+00,5.527163820000000250e-87,1.193727379999999912e-62,0.000000000000000000e+00,2.445737800000000063e-117,3.152061080000000102e-92,4.908748749999999834e-95,4.845571480000000109e-138,1.445308420000000002e-94,5.868239189999999791e-95,1.901793089999999887e-92,6.167085239999999667e-95,7.670907820000000266e-01,6.607391520000000367e-96,0.000000000000000000e+00,6.275814329999999334e-113,9.538070180000000708e-138,2.436432409999999843e-102
2.475000000000000117e-02,-3.357315949999999827e+00,0.000000000000000000e+00,3.000000000000000000e+02,1.171970350000000050e+00,0.000000000000000000e+00,1.489135515958923039e-60,4.760434854825560014e-102,0.000000000000000000e+00,-1.629039999999997121e+02,0.000000000000000000e+00,0.000000000000000000e+00,5.108896750000000541e-53,2.329092180000000012e-01,0.000000000000000000e+00,6.706694079999999836e-60,4.366859530000000328e-45,0.000000000000000000e+00,0.000000000000000000e+00,3.523663009999999822e-141,2.108939839999999813e-108,1.124364639999999941e-109,8.356183449999999776e-87,1.103647270000000012e-82,0.000000000000000000e+00,3.268158699999999876e-88,3.803384580000000145e-123,3.730122780000000011e-95,0.000000000000000000e+00,1.483991850000000179e-104,1.586569400000000140e-95,0.000000000000000000e+00,4.442280670000000285e-95,0.000000000000000000e+00,3.693254359999999853e-96,9.069798450000000491e-102,3.090349259999999888e-93,9.181752090000000226e-147,3.562311980000000353e-101,6.887515319999999999e-104,3.809437850000000246e-82,0.000000000000000000e+00,4.321077449999999762e-75,1.465371639999999907e-85,0.000000000000000000e+00,0.000000000000000000e+00,1.482283530000000050e-88,1.094998279999999820e-62,0.000000000000000000e+00,1.479076990000000179e-118,7.515527569999999702e-94,1.159755640000000080e-96,0.000000000000000000e+00,3.506611770000000003e-96,1.423754009999999988e-96,4.614136280000000242e-94,1.503266240000000015e-96,7.670907820000000266e-01,2.024263750000000215e-97,0.000000000000000000e+00,1.114295709999999921e-114,9.701742569999999995e-141,5.038541430000000438e-104
2.493750000000000133e-02,-3.387860449999999801e+00,0.000000000000000000e+00,3.000000000000000000e+02,1.171970350000000050e+00,0.000000000000000000e+00,5.133540049958368108e-62,3.527706653518914837e-86,0.000000000000000000e+00,-1.569801600000008648e+02,0.000000000000000000e+00,0.000000000000000000e+00,2.488166000000000009e-54,2.329092180000000012e-01,0.000000000000000000e+00,2.312018100000000007e-61,1.378267039999999987e-46,0.000000000000000000e+00,2.250455690000000012e-93,5.264772559999999402e-144,8.045216380000000804e-110,3.853765300000000204e-111,2.861385109999999803e-88,3.765778709999999692e-84,0.000000000000000000e+00,7.894098550000000726e-90,9.122955250000000196e-125,8.947227190000000596e-97,0.000000000000000000e+00,6.479340270000000045e-106,3.733299020000000244e-97,0.000000000000000000e+00,1.135223739999999990e-96,0.000000000000000000e+00,9.098489669999999057e-98,3.098177080000000232e-103,1.048466810000000000e-94,1.144587129999999919e-149,7.369365199999999684e-103,1.424822300000000117e-105,1.635351089999999925e-83,0.000000000000000000e+00,2.167991449999999975e-76,4.922654839999999983e-87,0.000000000000000000e+00,0.000000000000000000e+00,3.940374889999999881e-90,1.050139439999999943e-62,0.000000000000000000e+00,0.000000000000000000e+00,1.776189770000000057e-95,2.715978529999999813e-98,1.118328359999999915e-143,8.432990500000000450e-98,3.423961599999999998e-98,1.109645719999999965e-95,3.632110889999999648e-98,7.670907820000000266e-01,6.147442290000000126e-99,0.000000000000000000e+00,1.960969180000000064e-116,9.863930279999999829e-144,1.032778759999999951e-105
2.512500000000000150e-02,-3.417294229999999988e+00,0.000000000000000000e+00,3.000000000000000000e+02,1.171970350000000050e+00,0.000000000000000000e+00,1.755008612822647705e-63,4.388924648020664420e-89,0.000000000000000000e+00,-1.510564266666656579e+02,0.000000000000000000e+00,0.000000000000000000e+00,1.201893750000000011e-55,2.329092180000000012e-01,0.000000000000000000e+00,7.904120039999999948e-63,4.313835289999999702e-48,0.000000000000000000e+00,2.799858779999999848e-96,5.712166049999999636e-146,2.587829340000000234e-111,1.309883520000000017e-112,9.716793309999999176e-90,1.274257280000000005e-85,0.000000000000000000e+00,1.890777209999999978e-91,2.170900440000000294e-126,2.129084409999999901e-98,0.000000000000000000e+00,2.414771759999999879e-107,8.710887920000001002e-99,0.000000000000000000e+00,2.876741739999999699e-98,0.000000000000000000e+00,2.222644599999999779e-99,1.049640250000000057e-104,3.529047630000000092e-96,1.403242239999999977e-152,1.511655840000000233e-104,2.922695379999999744e-107,6.964061080000000097e-85,0.000000000000000000e+00,1.078859139999999987e-77,1.639935319999999790e-88,0.000000000000000000e+00,0.000000000000000000e+00,1.038704010000000044e-91,1.008262569999999852e-62,0.000000000000000000e+00,1.426568060000000001e-122,4.162513050000000468e-97,6.306983199999999976e-100,0.000000000000000000e+00,2.011006749999999915e-99,8.165086740000000050e-100,2.646160970000000308e-97,8.702033079999999624e-100,7.670907820000000266e-01,1.851322919999999982e-100,0.000000000000000000e+00,3.421792040000000186e-118,1.002462720000000044e-146,2.099102930000000016e-107
2.531250000000000167e-02,-3.445617309999999822e+00,0.000000000000000000e+00,3.000000000000000000e+02,1.171970350000000050e+00,0.000000000000000000e+00,5.952382880932556293e-65,2.406777136231387488e-90,0.000000000000000000e+00,-1.451326400000024819e+02,0.000000000000000000e+00,7.937433280000000412e-69,5.760529569999999758e-57,2.329092180000000012e-01,0.000000000000000000e+00,2.680804440000000053e-64,1.339458220000000007e-49,0.000000000000000000e+00,1.535372930000000127e-97,6.839056809999999875e-148,1.070034670000000105e-112,4.416921539999999814e-114,3.273539920000000254e-91,4.277666949999999958e-87,0.000000000000000000e+00,4.492472540000000508e-93,5.127855669999999918e-128,5.029083520000000030e-100,0.000000000000000000e+00,8.454903269999999700e-109,2.016215139999999939e-100,0.000000000000000000e+00,7.231578169999999782e-100,0.000000000000000000e+00,5.386173540000000321e-101,3.528359049999999764e-106,1.178947389999999973e-97,1.693240950000000055e-155,3.075880399999999854e-106,5.947029190000000143e-109,2.942942130000000017e-86,0.000000000000000000e+00,5.327079870000000163e-79,5.420001279999999974e-90,2.793305629999999832e-77,0.000000000000000000e+00,2.716207620000000192e-93,9.668713159999999251e-63,0.000000000000000000e+00,0.000000000000000000e+00,9.676695050000000588e-99,1.452851990000000001e-101,0.000000000000000000e+00,4.757209550000000201e-101,1.931521550000000155e-101,6.259721540000000207e-99,2.068186229999999999e-101,7.670907820000000266e-01,5.530947689999999686e-102,0.000000000000000000e+00,5.922678700000000090e-120,1.018383660000000069e-149,4.232072540000000015e-109
2.549999999999999836e-02,-3.472829679999999808e+00,0.000000000000000000e+00,3.000000000000000000e+02,1.171970350000000050e+00,0.000000000000000000e+00,2.004263018595614761e-66,6.498317055673494882e-108,0.000000000000000000e+00,-1.392088533333339342e+02,0.000000000000000000e+00,3.056318710000000118e-71,2.742203980000000240e-58,2.329092180000000012e-01,0.000000000000000000e+00,9.026699570000000517e-66,4.128689149999999854e-51,0.000000000000000000e+00,0.000000000000000000e+00,0.000000000000000000e+00,3.182147889999999852e-114,1.478592459999999980e-115,1.094867509999999966e-92,1.425622890000000052e-88,0.000000000000000000e+00,1.059432570000000057e-94,1.203313839999999896e-129,1.180136080000000074e-101,0.000000000000000000e+00,2.873294570000000256e-110,4.631783739999999798e-102,0.000000000000000000e+00,1.804353309999999971e-101,0.000000000000000000e+00,1.295503739999999909e-102,1.177840039999999907e-107,3.914123810000000019e-99,2.013941669999999978e-158,6.211511800000000155e-108,1.200958330000000095e-110,1.235122200000000077e-87,0.000000000000000000e+00,2.612596390000000184e-80,1.778335980000000004e-91,1.719647099999999975e-79,0.000000000000000000e+00,7.050185909999999898e-95,9.258267249999999914e-63,0.000000000000000000e+00,5.837116030000000310e-125,2.232731079999999805e-100,3.321673810000000292e-103,0.000000000000000000e+00,1.116947740000000071e-102,4.535029639999999818e-103,1.469723319999999847e-100,4.878669939999999859e-103,7.670907820000000266e-01,1.640289149999999986e-103,0.000000000000000000e+00,1.017345269999999911e-121,1.034157110000000034e-152,8.468026020000001106e-111
2.568749999999999853e-02,-3.498931339999999945e+00,0.000000000000000000e+00,3.000000000000000000e+02,1.171970350000000050e+00,0.000000000000000000e+00,6.767769014709963754e-68,1.432963791104621583e-92,0.000000000000000000e+00,-1.332850666666657276e+02,0.000000000000000000e+00,0.000000000000000000e+00,1.314205960000000124e-59,2.329092180000000012e-01,0.000000000000000000e+00,3.048033970000000043e-67,1.275190670000000135e-52,0.000000000000000000e+00,9.141410649999999902e-100,0.000000000000000000e+00,1.075038749999999989e-115,4.963506710000000142e-117,3.672019710000000177e-94,4.764173160000000208e-90,0.000000000000000000e+00,2.498254700000000113e-96,2.827859569999999850e-131,2.773391620000000312e-103,0.000000000000000000e+00,9.753273970000000979e-112,1.063792990000000012e-103,0.000000000000000000e+00,4.503599599999999733e-103,0.000000000000000000e+00,3.116259050000000318e-104,3.966567739999999933e-109,1.324736060000000036e-100,2.407306380000000293e-161,1.253035519999999831e-109,2.422668570000000078e-112,5.204153609999999311e-89,0.000000000000000000e+00,1.290163859999999997e-81,5.849935620000000254e-93,0.000000000000000000e+00,0.000000000000000000e+00,1.831111860000000014e-96,8.851044789999999265e-63,0.000000000000000000e+00,9.442401710000000357e-128,5.150579939999999716e-102,7.592345949999999156e-105,0.000000000000000000e+00,2.622259840000000145e-104,1.064689570000000028e-104,3.450471579999999946e-102,1.150772830000000006e-104,7.670907820000000266e-01,4.872780800000000423e-105,0.000000000000000000e+00,1.744054230000000222e-123,1.049768300000000061e-155,1.692486920000000098e-112
2.587499999999999870e-02,-3.523922289999999791e+00,0.000000000000000000e+00,3.000000000000000000e+02,1.171970350000000050e+00,0.000000000000000000e+00,2.946270974188176268e-69,9.478339710371657969e-94,0.000000000000000000e+00,-1.243993866666669419e+02,0.000000000000000000e+00,1.827767390000000098e-73,8.062614149999999091e-61,2.329092180000000012e-01,0.000000000000000000e+00,1.326926789999999881e-68,5.088859689999999865e-54,0.000000000000000000e+00,6.046586530000000189e-101,3.484078239999999971e-152,4.556492710000000383e-117,2.149872350000000330e-118,1.588031269999999852e-95,2.053148560000000197e-91,0.000000000000000000e+00,7.654284389999998687e-98,8.700641070000000535e-133,8.533072120000000533e-105,0.000000000000000000e+00,4.832701260000000085e-113,3.175968929999999798e-105,0.000000000000000000e+00,1.458953540000000111e-104,0.000000000000000000e+00,9.736002379999999274e-106,1.957911710000000000e-110,7.435253039999999655e-102,4.516447709999999829e-164,3.292915720000000029e-111,6.366653869999999938e-114,2.756667349999999974e-90,0.000000000000000000e+00,8.119959519999999630e-83,2.482613980000000298e-94,7.686637399999999587e-82,0.000000000000000000e+00,6.167866959999999384e-98,8.446864539999999431e-63,0.000000000000000000e+00,6.613817479999999698e-129,1.544372780000000023e-103,2.256016429999999905e-106,6.951384520000000975e-154,7.999409659999999461e-106,3.247919180000000149e-106,1.052593470000000095e-103,3.526793049999999899e-106,7.670907820000000266e-01,1.871973219999999918e-106,0.000000000000000000e+00,3.904185689999999890e-125,7.291858900000000375e-159,4.407400240000000000e-114
2.624999999999999903e-02,-3.570572059999999937e+00,0.000000000000000000e+00,3.000000000000000000e+02,1.171970350000000050e+00,0.000000000000000000e+00,4.907982392450735151e-71,1.545968828347527902e-112,0.000000000000000000e+00,-1.125518400000005670e+02,0.000000000000000000e+00,0.000000000000000000e+00,2.183013139999999715e-62,2.329092180000000012e-01,0.000000000000000000e+00,2.210432569999999959e-70,7.748967599999999236e-56,0.000000000000000000e+00,0.000000000000000000e+00,8.817624180000000275e-155,7.621427350000000219e-119,3.562434939999999484e-120,2.627355930000000250e-97,3.384605290000000078e-93,0.000000000000000000e+00,8.884707289999999970e-100,1.019332959999999980e-134,9.997020469999999425e-107,0.000000000000000000e+00,8.345917750000000223e-115,3.590078930000000175e-107,0.000000000000000000e+00,1.793006459999999935e-106,0.000000000000000000e+00,1.152934830000000039e-107,3.364232260000000199e-112,1.415263359999999945e-103,1.432093160000000009e-167,3.267474520000000160e-113,6.317464840000000194e-116,5.631995140000000145e-92,0.000000000000000000e+00,1.985416639999999879e-84,4.028102549999999822e-96,0.000000000000000000e+00,0.000000000000000000e+00,7.889428400000000459e-100,7.644289329999999736e-63,0.000000000000000000e+00,0.000000000000000000e+00,1.753476759999999817e-105,2.537874169999999898e-108,5.056408929999999576e-156,9.244137470000000538e-108,3.753303400000000071e-108,1.216379600000000141e-105,4.094905599999999677e-108,7.670907820000000266e-01,2.740929900000000056e-108,0.000000000000000000e+00,3.290166310000000034e-127,1.899737270000000026e-162,4.332857890000000035e-116
2.662499999999999936e-02,-3.612779000000000185e+00,0.000000000000000000e+00,3.000000000000000000e+02,1.171970350000000050e+00,0.000000000000000000e+00,8.082119056341936274e-73,2.516688683235213235e-114,0.000000000000000000e+00,-1.007042666666664843e+02,0.000000000000000000e+00,1.006953829999999962e-78,2.940837479999999831e-63,2.329092180000000012e-01,0.000000000000000000e+00,3.639984369999999915e-72,1.166402180000000029e-57,0.000000000000000000e+00,0.000000000000000000e+00,5.273185109999999747e-156,1.239859549999999861e-120,5.835203429999999391e-122,4.297042070000000419e-99,5.515516350000000311e-95,0.000000000000000000e+00,1.019399260000000082e-101,1.188533009999999996e-136,1.165644839999999892e-108,0.000000000000000000e+00,1.382567320000000144e-116,4.011369549999999804e-109,0.000000000000000000e+00,2.178155089999999806e-108,0.000000000000000000e+00,1.349579099999999888e-109,5.561259039999999823e-114,2.503983640000000152e-105,8.813546480000000849e-171,3.204769859999999852e-115,6.196229150000000671e-118,1.138078639999999980e-93,0.000000000000000000e+00,4.799382960000000170e-86,6.460718969999998765e-98,0.000000000000000000e+00,0.000000000000000000e+00,9.975289180000000228e-102,6.852167919999999558e-63,0.000000000000000000e+00,9.567156089999999970e-133,1.967927539999999847e-107,2.822009860000000252e-110,0.000000000000000000e+00,1.055935079999999903e-109,4.287306119999999855e-110,1.389440490000000120e-107,4.699703829999999984e-110,7.670907820000000266e-01,3.967096699999999755e-110,0.000000000000000000e+00,2.740625830000000009e-129,4.947997919999999425e-166,4.210356969999999983e-118
2.699999999999999969e-02,-3.650543100000000152e+00,0.000000000000000000e+00,3.000000000000000000e+02,1.171970350000000050e+00,0.000000000000000000e+00,1.317394242575631347e-74,4.071604276718069790e-116,0.000000000000000000e+00,-8.885669333333241582e+01,0.000000000000000000e+00,5.846889209999999675e-79,2.220000019999999829e-63,2.329092180000000012e-01,0.000000000000000000e+00,5.933214319999999825e-74,1.737846949999999969e-59,0.000000000000000000e+00,0.000000000000000000e+00,4.870924920000000062e-158,2.016865939999999906e-122,9.460590480000000373e-124,6.956448930000000133e-101,8.896748650000000515e-97,0.000000000000000000e+00,1.157678350000000042e-103,1.384458180000000038e-138,1.357799059999999973e-110,0.000000000000000000e+00,2.244576789999999992e-118,4.436313520000000039e-111,0.000000000000000000e+00,2.619036750000000205e-110,0.000000000000000000e+00,1.563662490000000111e-111,9.027181010000000975e-116,4.241371920000000034e-107,5.259811590000000672e-173,3.111110270000000230e-117,6.015143989999999627e-120,2.277513450000000113e-95,0.000000000000000000e+00,1.148487669999999963e-87,1.025715390000000106e-99,2.384116819999999800e-87,0.000000000000000000e+00,1.248400200000000007e-103,6.069314259999999274e-63,0.000000000000000000e+00,0.000000000000000000e+00,2.186046130000000028e-109,3.105900750000000223e-112,0.000000000000000000e+00,1.193851170000000041e-111,4.847272850000000083e-112,1.570915850000000039e-109,5.338749110000000489e-112,7.670907820000000266e-01,5.683323320000000495e-112,0.000000000000000000e+00,2.259477520000000030e-131,1.290027299999999967e-169,4.049457539999999984e-120
2.737500000000000003e-02,-3.683864359999999838e+00,0.000000000000000000e+00,3.000000000000000000e+02,1.171970350000000050e+00,0.000000000000000000e+00,2.128308269775187255e-76,3.122956897863582287e-101,0.000000000000000000e+00,-7.700917333333372028e+01,0.000000000000000000e+00,1.005913950000000005e-79,1.928213269999999851e-63,2.329092180000000012e-01,0.000000000000000000e+00,9.585368369999999278e-76,2.566223759999999833e-61,0.000000000000000000e+00,1.992250719999999924e-108,0.000000000000000000e+00,3.244441330000000024e-124,1.520182039999999841e-125,1.116176800000000109e-102,1.422340549999999950e-98,0.000000000000000000e+00,1.302977029999999909e-105,1.618205969999999822e-140,1.587049049999999983e-112,0.000000000000000000e+00,3.599830659999999879e-120,4.862456000000000238e-113,0.000000000000000000e+00,3.121064049999999966e-112,0.000000000000000000e+00,1.795578309999999971e-113,1.448967530000000052e-117,6.984374429999999474e-109,5.356568790000000658e-175,2.993172229999999923e-119,5.787117909999999757e-122,4.519187510000000068e-97,0.000000000000000000e+00,2.724148369999999806e-89,1.613982590000000058e-101,3.584159869999999551e-88,0.000000000000000000e+00,1.548434000000000110e-105,5.294572219999999433e-63,0.000000000000000000e+00,1.347023189999999936e-136,2.406654040000000103e-111,3.387819569999999810e-114,1.949286379999999940e-162,1.337729130000000080e-113,5.431445929999999712e-114,1.760236070000000067e-111,6.010544260000000180e-114,7.670907820000000266e-01,8.069528989999999974e-114,0.000000000000000000e+00,1.846109279999999908e-133,3.526756060000000463e-173,3.859865019999999908e-122
2.775000000000000036e-02,-3.712742800000000010e+00,0.000000000000000000e+00,3.000000000000000000e+02,1.171970350000000050e+00,0.000000000000000000e+00,3.412408348598390257e-78,1.033899706848145205e-119,0.000000000000000000e+00,-6.516157333333315194e+01,0.000000000000000000e+00,7.075246140000000934e-80,1.648877090000000020e-63,2.329092180000000012e-01,0.000000000000000000e+00,1.536863410000000034e-77,3.760731899999999469e-63,0.000000000000000000e+00,0.000000000000000000e+00,0.000000000000000000e+00,5.142784840000000110e-126,2.424204529999999994e-127,1.777398810000000153e-104,2.256741890000000046e-100,0.000000000000000000e+00,1.455311350000000068e-107,1.907591290000000167e-142,1.870867490000000125e-114,0.000000000000000000e+00,5.724367149999999907e-122,5.288803250000000353e-115,0.000000000000000000e+00,3.690954879999999670e-114,0.000000000000000000e+00,2.046218510000000165e-115,2.307002250000000053e-119,1.128590229999999977e-110,5.414940780000000105e-177,2.857638599999999572e-121,5.525071809999999884e-124,8.902841350000000852e-99,0.000000000000000000e+00,6.413739400000000365e-91,2.520430970000000077e-103,2.427849499999999893e-88,0.000000000000000000e+00,1.905943540000000103e-107,4.526850179999999940e-63,0.000000000000000000e+00,5.320174770000000251e-138,2.629278620000000070e-113,3.667084200000000135e-116,3.494906949999999900e-164,1.487497139999999984e-115,6.039533789999999752e-116,1.957306649999999990e-113,6.715191750000000875e-116,7.670907820000000266e-01,1.137060759999999991e-115,0.000000000000000000e+00,1.496776250000000117e-135,2.561089239999999965e-176,3.650951780000000079e-124
2.812500000000000069e-02,-3.737178389999999961e+00,0.000000000000000000e+00,3.000000000000000000e+02,1.171970350000000050e+00,0.000000000000000000e+00,5.463677335553705950e-80,7.195120561531866629e-107,0.000000000000000000e+00,-5.331402666666676282e+01,0.000000000000000000e+00,5.293914450000000495e-80,1.371948319999999962e-63,2.329092180000000012e-01,0.000000000000000000e+00,2.460703680000000249e-79,5.501248779999999705e-65,0.000000000000000000e+00,4.590035849999999843e-114,0.000000000000000000e+00,8.173771069999999789e-128,3.860420460000000040e-129,2.826307799999999971e-106,3.575486620000000250e-102,0.000000000000000000e+00,1.620735750000000001e-109,2.293771219999999940e-144,2.249620309999999984e-116,0.000000000000000000e+00,9.106069669999999996e-124,5.735298360000000503e-117,0.000000000000000000e+00,4.353135109999999979e-116,0.000000000000000000e+00,2.325361290000000049e-117,3.674808000000000081e-121,1.824241440000000132e-112,5.314166580000000516e-179,2.718916110000000131e-123,5.256860240000000393e-126,1.751829690000000009e-100,0.000000000000000000e+00,1.511376839999999958e-92,3.929996780000000264e-105,1.893452559999999896e-88,0.000000000000000000e+00,2.340026820000000017e-109,3.765111239999999591e-63,0.000000000000000000e+00,2.215739239999999844e-140,2.863934499999999966e-115,3.957410770000000423e-118,0.000000000000000000e+00,1.649204110000000183e-117,6.696096240000000842e-118,2.170086979999999865e-115,7.480672070000000537e-118,7.670907820000000266e-01,1.599017390000000123e-117,0.000000000000000000e+00,1.208839219999999901e-137,1.620240770000000022e-178,3.441443940000000388e-126
2.850000000000000103e-02,-3.757171150000000015e+00,0.000000000000000000e+00,3.000000000000000000e+02,1.171970350000000050e+00,0.000000000000000000e+00,1.145339457119067367e-81,3.413310676370158261e-123,0.000000000000000000e+00,-3.554268000000008954e+01,0.000000000000000000e+00,0.000000000000000000e+00,1.096843799999999886e-63,2.329092180000000012e-01,0.000000000000000000e+00,5.158322580000000200e-81,1.054765450000000074e-66,0.000000000000000000e+00,0.000000000000000000e+00,4.795620259999999913e-166,1.706911740000000048e-129,8.059652489999999335e-131,5.884593720000000147e-108,7.417725580000000887e-104,0.000000000000000000e+00,2.372317330000000018e-111,4.072123009999999460e-146,3.993754170000000204e-118,0.000000000000000000e+00,2.093590119999999917e-125,8.176366069999999959e-119,0.000000000000000000e+00,6.744381480000000828e-118,0.000000000000000000e+00,3.473745840000000322e-119,8.449371610000001151e-123,5.074691369999999674e-114,6.578744049999999968e-181,3.404490609999999872e-125,6.582377169999999632e-128,4.335893069999999838e-102,0.000000000000000000e+00,4.635515520000000073e-94,8.025607649999999393e-107,0.000000000000000000e+00,0.000000000000000000e+00,3.772601970000000310e-111,3.008363969999999920e-63,0.000000000000000000e+00,7.961214640000000046e-144,4.100893800000000417e-117,5.614683889999999854e-120,3.190926349999999799e-168,2.403334100000000110e-119,9.758013739999998817e-120,3.162400580000000140e-117,1.095282060000000049e-119,7.670907820000000266e-01,2.948593620000000177e-119,0.000000000000000000e+00,1.286321970000000113e-139,1.909444629999999990e-180,4.269469449999999526e-128
2.925000000000000169e-02,-3.783828160000000107e+00,0.000000000000000000e+00,3.000000000000000000e+02,1.171970350000000050e+00,0.000000000000000000e+00,9.083607082986398105e-84,2.689516739393301966e-125,0.000000000000000000e+00,-1.184757333333294227e+01,0.000000000000000000e+00,6.907081859999999840e-87,5.496011260000000564e-64,2.329092180000000012e-01,0.000000000000000000e+00,4.091029539999999327e-83,7.640643379999999850e-69,0.000000000000000000e+00,0.000000000000000000e+00,0.000000000000000000e+00,1.349774019999999987e-131,6.365303219999999661e-133,4.634907190000000347e-110,5.821154030000000338e-106,0.000000000000000000e+00,1.307410959999999960e-113,2.807885060000000203e-148,2.753852919999999685e-120,0.000000000000000000e+00,1.684804330000000147e-127,4.387502880000000064e-121,5.682023869999999261e-201,3.936805639999999678e-120,6.951009210000000473e-195,1.954670920000000055e-121,6.793016970000000237e-125,4.643328180000000352e-116,1.925885219999999818e-183,1.602463210000000133e-127,3.098265919999999932e-130,4.077075030000000317e-104,0.000000000000000000e+00,5.419148519999999613e-96,6.198100559999999261e-109,2.423798379999999969e-95,0.000000000000000000e+00,2.292614959999999930e-113,1.502973749999999895e-63,0.000000000000000000e+00,0.000000000000000000e+00,2.210382960000000174e-119,2.998262380000000023e-122,0.000000000000000000e+00,1.318594609999999984e-121,5.353756009999999827e-122,1.735058130000000194e-119,6.037977479999999803e-122,7.670907820000000266e-01,2.053111160000000143e-121,0.000000000000000000e+00,5.137948860000000199e-142,5.429676409999999275e-183,1.990896059999999779e-130
2.999999999999999889e-02,-3.792713839999999781e+00,0.000000000000000000e+00,3.000000000000000000e+02,1.171970350000000050e+00,0.000000000000000000e+00,7.187534632250900526e-86,7.560865465702133325e-113,0.000000000000000000e+00,-1.184757333333294227e+01,0.000000000000000000e+00,2.837463020000000017e-88,6.214898820000000465e-66,2.329092180000000012e-01,0.000000000000000000e+00,3.237085909999999676e-85,5.521847189999999882e-71,0.000000000000000000e+00,4.823358169999999325e-120,0.000000000000000000e+00,1.085208270000000007e-133,5.117734589999999885e-135,3.642194079999999954e-112,4.557688680000000251e-108,0.000000000000000000e+00,7.188594330000000348e-116,1.544068739999999949e-150,1.501707729999999849e-122,0.000000000000000000e+00,9.118123770000000072e-130,2.348911870000000314e-123,3.343618730000000203e-203,2.292656529999999980e-122,4.008433729999999959e-197,1.096560270000000018e-123,3.536497050000000136e-127,2.397200880000000030e-118,1.690925879999999808e-185,7.525145120000000513e-130,1.454941399999999855e-132,4.142949949999999889e-106,0.000000000000000000e+00,6.320756329999999704e-98,4.775691860000000171e-111,1.733729740000000213e-97,0.000000000000000000e+00,1.390000369999999962e-115,8.190065670000000155e-66,0.000000000000000000e+00,4.074326079999999898e-148,1.188635770000000003e-121,1.597372230000000061e-124,0.000000000000000000e+00,7.217734659999999829e-124,2.930543620000000142e-124,9.497376289999999885e-122,3.320852020000000204e-124,7.670907820000000266e-01,1.426280060000000123e-123,0.000000000000000000e+00,2.047478309999999806e-144,2.537652279999999728e-185,9.262198029999999855e-133
