z,u,V,T,rho,Z,PV,SourcePV,chiZ,S_n,Y.H2,Y.H,Y.O,Y.O2,Y.OH,Y.H2O,Y.HO2,Y.H2O2,Y.C,Y.CH,Y.CH2,Y.CH2(S),Y.CH3,Y.CH4,Y.CO,Y.CO2,Y.HCO,Y.CH2O,Y.CH2OH,Y.CH3O,Y.CH3OH,Y.C2H,Y.C2H2,Y.C2H3,Y.C2H4,Y.C2H5,Y.C2H6,Y.HCCO,Y.CH2CO,Y.HCCOH,Y.N,Y.NH,Y.NH2,Y.NH3,Y.NNH,Y.NO,Y.NO2,Y.N2O,Y.HNO,Y.CN,Y.HCN,Y.H2CN,Y.HCNN,Y.HCNO,Y.HOCN,Y.HNCO,Y.NCO,Y.N2,Y.AR,Y.C3H7,Y.C3H8,Y.CH2CHO,Y.CH3CHO
0.000000000000000000e+00,3.267387729999999824e-01,0.000000000000000000e+00,3.000000000000000000e+02,6.516985520000000420e-01,1.000000000000000000e+00,6.504967000796137291e-13,4.491615038578581029e-15,0.000000000000000000e+00,-1.069912000000024621e+00,2.622802689992446676e-12,2.590404149992539830e-15,0.000000000000000000e+00,2.426427619993011857e-14,0.000000000000000000e+00,0.000000000000000000e+00,0.000000000000000000e+00,1.544580699995551818e-19,3.537559119989812650e-15,1.476064069995748971e-14,0.000000000000000000e+00,0.000000000000000000e+00,0.000000000000000000e+00,9.999999999971200815e-01,3.284892029990540265e-20,0.000000000000000000e+00,0.000000000000000000e+00,4.009361429988454106e-15,4.616631349986704925e-16,2.016970679994191439e-21,1.363555079996073082e-14,0.000000000000000000e+00,6.350772199981710207e-20,7.231479969979174391e-16,5.055810439985440317e-15,0.000000000000000000e+00,0.000000000000000000e+00,0.000000000000000000e+00,7.417839149978637870e-20,4.474530339987114248e-16,0.000000000000000000e+00,0.000000000000000000e+00,0.000000000000000000e+00,1.084281129996877270e-20,0.000000000000000000e+00,3.918895509988713312e-14,0.000000000000000000e+00,0.000000000000000000e+00,0.000000000000000000e+00,0.000000000000000000e+00,0.000000000000000000e+00,6.158333799982265081e-20,0.000000000000000000e+00,0.000000000000000000e+00,0.000000000000000000e+00,0.000000000000000000e+00,1.381677119996020921e-20,1.767630939994909164e-19,0.000000000000000000e+00,4.511045979987009051e-19,1.182047419996595990e-13,3.068011039991164187e-14,0.000000000000000000e+00
3.750000000000000078e-04,3.263375559999999731e-01,0.000000000000000000e+00,3.000000000000000000e+02,6.516985520000000420e-01,1.000000000000000000e+00,1.730321607548005477e-12,5.817141433944285036e-15,0.000000000000000000e+00,-3.209733333333334659e+00,6.976656699949379207e-12,3.347597249975710881e-15,0.000000000000000000e+00,2.426427749982394397e-14,0.000000000000000000e+00,0.000000000000000000e+00,0.000000000000000000e+00,1.544580869988793065e-19,3.537557669974332699e-15,6.792130019950718339e-21,0.000000000000000000e+00,0.000000000000000000e+00,0.000000000000000000e+00,9.999999999927442484e-01,1.506383549989070070e-19,0.000000000000000000e+00,0.000000000000000000e+00,4.009363579970909452e-15,4.616629379966503143e-16,2.016588589985368241e-21,1.363555089990106452e-14,0.000000000000000000e+00,5.721060749958489256e-20,2.212351559983947679e-16,4.158028779969830472e-14,0.000000000000000000e+00,0.000000000000000000e+00,0.000000000000000000e+00,7.548585459945229828e-20,4.474530169967533370e-16,0.000000000000000000e+00,0.000000000000000000e+00,0.000000000000000000e+00,1.089553999992094487e-20,0.000000000000000000e+00,3.918895739971565643e-14,0.000000000000000000e+00,0.000000000000000000e+00,0.000000000000000000e+00,0.000000000000000000e+00,0.000000000000000000e+00,6.067980499955972255e-20,0.000000000000000000e+00,0.000000000000000000e+00,0.000000000000000000e+00,0.000000000000000000e+00,1.381677199989974959e-20,1.851971779986562225e-18,0.000000000000000000e+00,4.511044559967269062e-19,1.182047419991423334e-13,3.068010919977739058e-14,0.000000000000000000e+00
7.500000000000000156e-04,3.251339059999999725e-01,0.000000000000000000e+00,3.000000000000000000e+02,6.516985520000000420e-01,1.000000000000000000e+00,4.600029447216524945e-12,5.793889761133843196e-15,0.000000000000000000e+00,-5.349557333333237352e+00,1.854731859965081969e-11,3.334216659937228545e-15,0.000000000000000000e+00,2.426428719954318978e-14,0.000000000000000000e+00,0.000000000000000000e+00,0.000000000000000000e+00,1.544582019970920952e-19,3.537556109933400171e-15,3.102851449941584289e-27,0.000000000000000000e+00,0.000000000000000000e+00,0.000000000000000000e+00,9.999999999811735041e-01,9.137026549827980918e-19,0.000000000000000000e+00,0.000000000000000000e+00,4.009365859924518499e-15,4.616627399913085192e-16,2.016305009962040179e-21,1.363555089974329076e-14,0.000000000000000000e+00,4.517191699914956827e-20,6.752847839872866992e-17,4.174018909921418222e-14,0.000000000000000000e+00,0.000000000000000000e+00,0.000000000000000000e+00,7.679396649855424445e-20,4.474529999915760065e-16,0.000000000000000000e+00,0.000000000000000000e+00,0.000000000000000000e+00,1.124101189978837102e-20,0.000000000000000000e+00,3.918896099926220592e-14,0.000000000000000000e+00,0.000000000000000000e+00,0.000000000000000000e+00,0.000000000000000000e+00,0.000000000000000000e+00,5.973192229887546573e-20,0.000000000000000000e+00,0.000000000000000000e+00,0.000000000000000000e+00,0.000000000000000000e+00,1.381677219973987998e-20,1.267345239976140199e-17,0.000000000000000000e+00,4.511043219915073556e-19,1.182047419977746380e-13,3.068010779942240343e-14,0.000000000000000000e+00
1.124999999999999915e-03,3.231278220000000090e-01,0.000000000000000000e+00,3.000000000000000000e+02,6.516985520000000420e-01,1.000000000000000000e+00,1.220894614113903751e-11,5.770612154822895711e-15,0.000000000000000000e+00,-7.489381333333283486e+00,4.922646999756301481e-11,3.320821079835601381e-15,0.000000000000000000e+00,2.426435099879878075e-14,0.000000000000000000e+00,0.000000000000000000e+00,0.000000000000000000e+00,1.544589399923534219e-19,3.537554519824872129e-15,0.000000000000000000e+00,0.000000000000000000e+00,8.292915929589454930e-30,0.000000000000000000e+00,9.999999999504944892e-01,5.859797489709907955e-18,0.000000000000000000e+00,0.000000000000000000e+00,4.009368159801514159e-15,4.616625419771450898e-16,2.016094769900192114e-21,1.363555089932496571e-14,0.000000000000000000e+00,2.477865479877332296e-20,2.053329899898348847e-17,4.178907549793120621e-14,0.000000000000000000e+00,0.000000000000000000e+00,0.000000000000000000e+00,7.810670539613328499e-20,4.474529829778486071e-16,0.000000000000000000e+00,0.000000000000000000e+00,0.000000000000000000e+00,1.349677779933183462e-20,0.000000000000000000e+00,3.918897269805993246e-14,0.000000000000000000e+00,0.000000000000000000e+00,0.000000000000000000e+00,0.000000000000000000e+00,0.000000000000000000e+00,5.873764669709216647e-20,0.000000000000000000e+00,0.000000000000000000e+00,0.000000000000000000e+00,0.000000000000000000e+00,1.381677119931599468e-20,8.235974669592272453e-17,0.000000000000000000e+00,4.511041949776679185e-19,1.182047419941482254e-13,3.068010609848116330e-14,0.000000000000000000e+00
1.500000000000000031e-03,3.203193040000000269e-01,0.000000000000000000e+00,3.000000000000000000e+02,6.516985520000000420e-01,1.000000000000000000e+00,3.230617445945324259e-11,5.747336581239983487e-15,0.000000000000000000e+00,-9.629202666666746069e+00,1.302584899829963124e-10,3.307426649568255634e-15,0.000000000000000000e+00,2.426475879683252832e-14,0.000000000000000000e+00,0.000000000000000000e+00,0.000000000000000000e+00,1.544636819798366256e-19,3.537553219538214904e-15,0.000000000000000000e+00,0.000000000000000000e+00,8.259646988921801384e-30,0.000000000000000000e+00,9.999999998694619752e-01,3.777403559506904798e-17,0.000000000000000000e+00,0.000000000000000000e+00,4.009370239476625365e-15,4.616623429397354877e-16,2.015940599736843283e-21,1.363555089822004295e-14,0.000000000000000000e+00,3.948048549484629555e-20,6.209941669189366604e-18,4.180398739454298604e-14,0.000000000000000000e+00,0.000000000000000000e+00,0.000000000000000000e+00,7.943407348963083408e-20,4.474529679415903932e-16,0.000000000000000000e+00,0.000000000000000000e+00,0.000000000000000000e+00,2.814718199632571993e-20,0.000000000000000000e+00,3.918903759488433596e-14,0.000000000000000000e+00,0.000000000000000000e+00,0.000000000000000000e+00,0.000000000000000000e+00,0.000000000000000000e+00,5.769651399246840747e-20,0.000000000000000000e+00,0.000000000000000000e+00,0.000000000000000000e+00,0.000000000000000000e+00,1.381677019819638523e-20,5.287744289309748511e-16,0.000000000000000000e+00,4.511040729411137183e-19,1.182047419845697880e-13,3.068010399599508116e-14,0.000000000000000000e+00
1.874999999999999931e-03,3.167083529999999980e-01,0.000000000000000000e+00,3.000000000000000000e+02,6.516985509999999593e-01,1.000000000000000000e+00,8.510177235324519043e-11,5.724184914168312391e-15,0.000000000000000000e+00,-1.176902400000005677e+01,3.431303108821645679e-10,3.294103518868761807e-15,0.000000000000000000e+00,2.426733829166627768e-14,0.000000000000000000e+00,0.000000000000000000e+00,0.000000000000000000e+00,1.544939179469447689e-19,3.537553728785157937e-15,0.000000000000000000e+00,0.000000000000000000e+00,8.054315027234042794e-30,0.000000000000000000e+00,9.999999996565869242e-01,2.422078449168226430e-16,2.077342159286613350e-18,0.000000000000000000e+00,4.009370648623130645e-15,4.616621418414592126e-16,2.015844769307732601e-21,1.363555099531737401e-14,0.000000000000000000e+00,5.974785817948180857e-19,1.864670199359647795e-18,4.180860668564238026e-14,0.000000000000000000e+00,0.000000000000000000e+00,0.000000000000000000e+00,8.084085627223819096e-20,4.474529678463387916e-16,0.000000000000000000e+00,0.000000000000000000e+00,0.000000000000000000e+00,1.225922469579002265e-19,0.000000000000000000e+00,3.918944278654183174e-14,0.000000000000000000e+00,0.000000000000000000e+00,0.000000000000000000e+00,0.000000000000000000e+00,0.000000000000000000e+00,5.660769208056018709e-20,0.000000000000000000e+00,0.000000000000000000e+00,0.000000000000000000e+00,0.000000000000000000e+00,1.381676879525513970e-20,3.367558158843536789e-15,0.000000000000000000e+00,4.511039608450850516e-19,1.182047419594069426e-13,3.068010178946405163e-14,0.000000000000000000e+00
2.249999999999999830e-03,3.122949689999999778e-01,0.000000000000000000e+00,3.000000000000000000e+02,6.516985480000000441e-01,1.000000000000000000e+00,2.228279761139245250e-10,5.701477521328671479e-15,0.000000000000000000e+00,-1.497875066666660970e+01,8.984421720909721751e-10,3.281036060332222936e-15,0.000000000000000000e+00,2.428349220245883614e-14,0.000000000000000000e+00,0.000000000000000000e+00,0.000000000000000000e+00,1.546848440156626724e-19,3.537554230358196979e-15,0.000000000000000000e+00,0.000000000000000000e+00,8.027508510812828868e-30,0.000000000000000000e+00,9.999999991012554768e-01,1.539325540155865231e-15,3.283555320332477318e-17,0.000000000000000000e+00,4.009373280405970806e-15,4.616619380467458243e-16,2.015972730204128378e-21,1.363555170138067398e-14,0.000000000000000000e+00,6.099074900617564466e-18,5.471993170554069247e-19,4.181077080423357099e-14,0.000000000000000000e+00,0.000000000000000000e+00,0.000000000000000000e+00,8.289261640839332882e-20,4.474531130453070379e-16,0.000000000000000000e+00,0.000000000000000000e+00,0.000000000000000000e+00,7.256297710734739640e-19,0.000000000000000000e+00,3.919201030396840813e-14,0.000000000000000000e+00,0.000000000000000000e+00,0.000000000000000000e+00,0.000000000000000000e+00,0.000000000000000000e+00,5.546860310561649055e-20,0.000000000000000000e+00,0.000000000000000000e+00,0.000000000000000000e+00,0.000000000000000000e+00,1.381676520139902236e-20,2.124809350215148586e-14,0.000000000000000000e+00,4.511039020456766553e-19,1.182047420119688836e-13,3.068009920310653055e-14,0.000000000000000000e+00
3.000000000000000062e-03,3.010609060000000170e-01,0.000000000000000000e+00,3.000000000000000000e+02,6.516985309999999698e-01,1.000000000000000000e+00,1.153701769443410931e-09,5.659583422274952312e-15,0.000000000000000000e+00,-1.925836666666666019e+01,4.651657691617046581e-09,3.256927261132199157e-15,0.000000000000000000e+00,2.456724400854025912e-14,0.000000000000000000e+00,7.167001632491449858e-14,1.124420330390879922e-21,1.580683760549489590e-19,3.537555131229753222e-15,0.000000000000000000e+00,0.000000000000000000e+00,8.001640962781594393e-30,0.000000000000000000e+00,9.999999953476279568e-01,2.464267130856648186e-14,7.238532592516316435e-16,0.000000000000000000e+00,4.009433141393791376e-15,4.616615131604864299e-16,2.021097200702589947e-21,1.363556930474010439e-14,0.000000000000000000e+00,1.358354540472202174e-16,9.002999163129694280e-20,4.182928951454103070e-14,0.000000000000000000e+00,0.000000000000000000e+00,0.000000000000000000e+00,1.042225100362306480e-19,4.474573461555486604e-16,0.000000000000000000e+00,0.000000000000000000e+00,0.000000000000000000e+00,1.153803710401094231e-17,1.540176050535408012e-36,3.923785171364017229e-14,0.000000000000000000e+00,0.000000000000000000e+00,0.000000000000000000e+00,0.000000000000000000e+00,0.000000000000000000e+00,5.299383251842213848e-20,0.000000000000000000e+00,0.000000000000000000e+00,0.000000000000000000e+00,0.000000000000000000e+00,1.381671670480307612e-20,3.372770601172469468e-13,0.000000000000000000e+00,4.511053311568168057e-19,1.182047420410912806e-13,3.068009321066525168e-14,0.000000000000000000e+00
3.749999999999999861e-03,2.866171310000000250e-01,0.000000000000000000e+00,3.000000000000000000e+02,6.516984620000000339e-01,1.000000000000000000e+00,4.931701201998810615e-09,5.632728532442675244e-15,0.000000000000000000e+00,-2.353790000000000759e+01,1.988362840220502718e-08,3.241473210359468933e-15,0.000000000000000000e+00,2.768953020307067507e-14,0.000000000000000000e+00,1.059198930117461665e-12,1.532964600170000597e-20,1.956392970216957448e-19,3.537555040392303234e-15,0.000000000000000000e+00,0.000000000000000000e+00,8.052123660892954338e-30,0.000000000000000000e+00,9.999999801108966357e-01,2.825147530313299161e-13,1.050356060116481044e-14,3.999733730443556831e-21,4.010317380444731115e-15,4.616610510511966978e-16,2.099273650232802455e-21,1.363583400151216729e-14,0.000000000000000000e+00,1.989192420220594937e-15,1.425649830158099867e-20,4.208763320466737180e-14,0.000000000000000000e+00,0.000000000000000000e+00,0.000000000000000000e+00,4.153198760460575260e-19,4.475282690496294018e-16,0.000000000000000000e+00,0.000000000000000000e+00,0.000000000000000000e+00,1.330466230147544245e-16,3.427814730380132763e-35,3.975113130440827078e-14,1.356780870150462246e-19,0.000000000000000000e+00,0.000000000000000000e+00,0.000000000000000000e+00,0.000000000000000000e+00,5.031709800557999766e-20,0.000000000000000000e+00,0.000000000000000000e+00,0.000000000000000000e+00,0.000000000000000000e+00,1.381623840153217295e-20,3.836901370425499286e-12,0.000000000000000000e+00,4.511365090500294987e-19,1.182047400131084914e-13,3.068008580340231794e-14,0.000000000000000000e+00
4.499999999999999660e-03,2.689637060000000246e-01,0.000000000000000000e+00,3.000000000000000000e+02,6.516981910000000378e-01,1.000000000000000000e+00,1.971143836097200841e-08,5.655614590491321873e-15,0.000000000000000000e+00,-2.674734400000001955e+01,7.946576653800912618e-08,3.254642551556722237e-15,0.000000000000000000e+00,6.054730782896027357e-14,0.000000000000000000e+00,1.149381410549758474e-11,1.629832310779562019e-19,5.946160602844096674e-19,3.537547731692038089e-15,6.278708333003157389e-31,0.000000000000000000e+00,8.272589303956846643e-30,0.000000000000000000e+00,9.999999204783081019e-01,3.035082281451704370e-12,1.427404370682739009e-13,8.310258813974863619e-21,4.022828371924151094e-15,4.616605102208159709e-16,3.211555621536113160e-21,1.363962910652394407e-14,0.000000000000000000e+00,2.670420481277283450e-14,2.170134261037993089e-21,4.561925922182005654e-14,0.000000000000000000e+00,3.128836431496547656e-16,0.000000000000000000e+00,5.307826972538776112e-18,4.486542242145949285e-16,0.000000000000000000e+00,0.000000000000000000e+00,0.000000000000000000e+00,1.438861360688219043e-15,3.827020361830494682e-34,4.524755822164227341e-14,2.611371721249040005e-18,0.000000000000000000e+00,0.000000000000000000e+00,0.000000000000000000e+00,0.000000000000000000e+00,4.781013752286797433e-20,0.000000000000000000e+00,0.000000000000000000e+00,0.000000000000000000e+00,0.000000000000000000e+00,1.381180370660629972e-20,4.089948431956254864e-11,0.000000000000000000e+00,4.517068622160550764e-19,1.182047460565382871e-13,3.068007921467452931e-14,0.000000000000000000e+00
4.874999999999999993e-03,2.589334520000000084e-01,0.000000000000000000e+00,3.000000009999999975e+02,6.516977779999999498e-01,1.000000000000000000e+00,4.225055216601350293e-08,5.723807820261379411e-15,0.000000000000000000e+00,-2.888661599999998586e+01,1.703057830754030815e-07,3.293877971458368498e-15,0.000000000000000000e+00,1.870954390828367311e-13,0.000000000000000000e+00,5.173314682290490835e-11,7.327084033244074972e-19,2.144660990949550991e-18,3.537524091566243485e-15,6.724731362977382124e-32,0.000000000000000000e+00,8.492974373760274276e-30,0.000000000000000000e+00,9.999998294427510093e-01,1.378210780610204521e-11,7.915435633504567949e-13,1.064535750471324517e-20,4.086983031809516998e-15,4.616601382044005919e-16,8.939261283957869038e-21,1.365932730604768373e-14,0.000000000000000000e+00,1.454965530644187545e-13,5.877573672602302798e-22,6.313654162795377282e-14,2.889684511279411114e-19,2.267844241004090769e-15,0.000000000000000000e+00,3.333211901475784030e-17,4.551078992014995075e-16,0.000000000000000000e+00,0.000000000000000000e+00,0.000000000000000000e+00,6.570561222909123969e-15,1.753149330776208888e-33,6.677405492956428641e-14,1.368660210605975854e-17,0.000000000000000000e+00,0.000000000000000000e+00,0.000000000000000000e+00,0.000000000000000000e+00,4.873980282157960653e-20,0.000000000000000000e+00,0.000000000000000000e+00,0.000000000000000000e+00,0.000000000000000000e+00,1.379812490610913799e-20,1.845134850816935786e-10,0.000000000000000000e+00,4.554401012016465779e-19,1.182048390523353394e-13,3.068009631358364835e-14,0.000000000000000000e+00
5.250000000000000326e-03,2.481009710000000035e-01,0.000000000000000000e+00,3.000000039999999899e+02,6.516968170000000393e-01,1.000000000000000000e+00,9.446140855493984153e-08,5.882105530133856739e-15,0.000000000000000000e+00,-3.102526933333339088e+01,3.806196660326553790e-07,3.384924710290410985e-15,0.000000000000000000e+00,8.580385130736157232e-13,0.000000000000000000e+00,2.652942270227610245e-10,3.763408020322882974e-18,1.042979760089482774e-17,3.537428600303494739e-15,7.648409660656198446e-32,0.000000000000000000e+00,8.823784640757041101e-30,0.000000000000000000e+00,9.999996180857954053e-01,7.149232490613371030e-11,5.110018590438416614e-12,1.619296670138928229e-20,4.532238740388846000e-15,4.616594960396082166e-16,4.884061150419030468e-20,1.379759580118377017e-14,0.000000000000000000e+00,9.191277610788567175e-13,2.392881000205298468e-22,1.809415220155239502e-13,3.744865390321291704e-18,1.628365600139706236e-14,2.378497470204064113e-20,2.495297220214085260e-16,5.048988310433180420e-16,0.000000000000000000e+00,0.000000000000000000e+00,0.000000000000000000e+00,3.429525310294237774e-14,9.285657150796667189e-33,1.827027760156750565e-13,8.125020180697088087e-17,0.000000000000000000e+00,0.000000000000000000e+00,0.000000000000000000e+00,2.299926530197323020e-15,6.494056430557159931e-20,0.000000000000000000e+00,0.000000000000000000e+00,2.089554180179274082e-18,0.000000000000000000e+00,1.373138720117808851e-20,9.502726250815290683e-10,0.000000000000000000e+00,4.881321430418793947e-19,1.182057470101414925e-13,3.068028370263222469e-14,0.000000000000000000e+00
5.624999999999999792e-03,2.364664949999999988e-01,0.000000000000000000e+00,3.000000210000000038e+02,6.516946270000000263e-01,1.000000000000000000e+00,2.126107783399429744e-07,6.210163145081010637e-15,0.000000000000000000e+00,-3.316265333333331711e+01,8.559695203079086659e-07,3.573444881285436865e-15,0.000000000000000000e+00,4.294550901544832321e-12,0.000000000000000000e+00,1.360217590489296254e-09,1.933984110695691018e-17,5.320861341914015261e-17,3.537060601272348055e-15,8.496757303056446876e-32,0.000000000000000000e+00,9.294357073343358250e-30,0.000000000000000000e+00,9.999991373597187927e-01,3.708390611333978954e-10,3.283222711181038228e-11,5.402386731943342273e-20,7.511805952702141287e-15,4.616578691660671133e-16,3.168525361139779057e-19,1.473327920529984248e-14,0.000000000000000000e+00,5.776770662078014911e-12,6.552078742356908000e-22,9.449733083399249820e-13,2.750598330989442826e-17,1.131506360407024475e-13,1.850223300665560571e-19,1.856758680667911629e-15,8.750518473147728488e-16,0.000000000000000000e+00,0.000000000000000000e+00,0.000000000000000000e+00,1.789751890643808063e-13,5.050017961816588180e-32,7.857564842826515917e-13,4.789995951723053332e-16,0.000000000000000000e+00,0.000000000000000000e+00,0.000000000000000000e+00,1.982794060713248981e-14,1.858998120668717203e-19,0.000000000000000000e+00,1.011818690363970739e-15,1.707592400614253710e-17,3.289855631183424059e-15,1.342888190483062722e-20,4.894571641760671563e-09,0.000000000000000000e+00,7.637992682747532824e-19,1.182136440425237260e-13,3.068177041103681874e-14,0.000000000000000000e+00
6.000000000000000125e-03,2.240304999999999935e-01,0.000000000000000000e+00,3.000000959999999850e+02,6.516897249999999975e-01,1.000000000000000000e+00,4.733686591912431673e-07,6.850120703121956517e-15,0.000000000000000000e+00,-3.529748000000000729e+01,1.902263000752065114e-06,3.940389691557844266e-15,0.000000000000000000e+00,2.123182790839406327e-11,0.000000000000000000e+00,6.761952372673357383e-09,9.636928853809986262e-17,2.657375891050601259e-16,3.535713151397854664e-15,9.032914713571188536e-32,0.000000000000000000e+00,9.702934433836082575e-30,0.000000000000000000e+00,9.999980643953521042e-01,1.864795360737252040e-09,2.037481310805524066e-10,3.405383191346328061e-19,2.665519891053820974e-14,4.616522271825155437e-16,2.045261540808600204e-18,2.081202990822809603e-14,0.000000000000000000e+00,3.507102571386542983e-11,4.232787401673444278e-21,5.703612392254939843e-12,1.843316780728760632e-16,7.559761082988773541e-13,8.688000903434825737e-19,1.332015630526616301e-14,3.515134691389718834e-15,0.000000000000000000e+00,0.000000000000000000e+00,0.000000000000000000e+00,9.053601293579368002e-13,2.781177651099546431e-31,3.803975781503912845e-12,2.729410891079080613e-15,0.000000000000000000e+00,0.000000000000000000e+00,2.731607731079949331e-21,1.347152990532600765e-13,9.928417493925228498e-19,0.000000000000000000e+00,8.245292713259801856e-15,1.098362780434240842e-16,4.745159551876012424e-14,1.221669220482990533e-20,2.444326480966371711e-08,0.000000000000000000e+00,2.992196021182973144e-18,1.182781230467615972e-13,3.069256021213439046e-14,0.000000000000000000e+00
6.374999999999999591e-03,2.107939450000000103e-01,0.000000000000000000e+00,3.000004289999999969e+02,6.516788909999999824e-01,1.000000000000000000e+00,1.034129444762871811e-06,8.045092025940868455e-15,0.000000000000000000e+00,-3.742708800000001901e+01,4.139180418659326229e-06,4.621985748502947862e-15,0.000000000000000000e+00,1.012099749672182608e-10,0.000000000000000000e+00,3.229365408954014410e-08,4.612773028505931226e-16,1.277249889586301046e-15,3.530993658856317688e-15,9.323433366980155556e-32,0.000000000000000000e+00,1.012317979672112106e-29,4.105173338670341769e-14,9.999957006761032163e-01,9.007178927082589713e-09,1.211068159607737004e-09,2.240581819274279433e-18,1.441877559532978336e-13,4.616297958504789356e-16,1.269713759588741835e-17,5.854576348103713077e-14,0.000000000000000000e+00,2.039728349339335589e-10,2.927102399051916195e-20,3.403352828897659908e-11,1.173207769620000174e-15,4.830258558435487750e-12,3.652722248816889819e-18,9.138468157040066468e-14,2.149382049303818750e-14,0.000000000000000000e+00,0.000000000000000000e+00,0.000000000000000000e+00,4.398682488575274026e-12,1.565195609493036016e-30,1.827415599408103185e-11,1.491066439517046100e-14,0.000000000000000000e+00,0.000000000000000000e+00,3.565937428844999244e-19,8.541838957233312655e-13,6.081792068030117544e-18,0.000000000000000000e+00,5.104373548346702380e-14,6.586733817866568424e-16,3.087448348999980839e-13,8.350054577295432017e-21,1.172631099620186832e-07,0.000000000000000000e+00,2.017563909346514617e-17,1.187776329615281150e-13,3.076651489003477829e-14,0.000000000000000000e+00
6.749999999999999924e-03,1.967587869999999906e-01,0.000000000000000000e+00,3.000018239999999992e+02,6.516549940000000429e-01,1.000000000000000000e+00,2.209915437383424918e-06,1.019205580188611373e-14,0.000000000000000000e+00,-3.901559999999989259e+01,8.771225196940259409e-06,5.832711277965326405e-15,0.000000000000000000e+00,4.612803518390876041e-10,0.000000000000000000e+00,1.473494839485988249e-07,2.109034089264288134e-15,5.866774197953442878e-15,3.515424518773684773e-15,1.227467539571812090e-31,0.000000000000000000e+00,1.161221329594921446e-29,5.477154978089357207e-13,9.999904936511647691e-01,4.155835438550284692e-08,6.856605497608151606e-09,1.328942369536413610e-17,8.300968507104302752e-13,4.615402848389969894e-16,7.510086717380191772e-17,2.811663949019183125e-13,0.000000000000000000e+00,1.130235509605730434e-09,2.033597809290602671e-19,1.944004589321856481e-10,7.098598657523736491e-15,2.936733278975554526e-11,1.448580759494678913e-17,5.961971507920234117e-13,1.377548469519458104e-13,0.000000000000000000e+00,0.000000000000000000e+00,0.000000000000000000e+00,2.041251049287932769e-11,9.054010636841612582e-30,8.440430557055653652e-11,7.767044787290555313e-14,0.000000000000000000e+00,0.000000000000000000e+00,1.634259689429907162e-18,5.136062468208343555e-12,3.651974138726050037e-17,0.000000000000000000e+00,2.918368278981960861e-13,3.746547088693060848e-15,1.778838719379472520e-12,2.387282189167224331e-21,5.374292338125239639e-07,0.000000000000000000e+00,1.458653669491165514e-16,1.224430649572871362e-13,3.124640598910005286e-14,0.000000000000000000e+00
6.937500000000000090e-03,1.894433620000000040e-01,0.000000000000000000e+00,3.000040849999999750e+02,6.516319510000000426e-01,1.000000000000000000e+00,3.261587527707181456e-06,1.186308736936014756e-14,0.000000000000000000e+00,-4.006351466666669126e+01,1.282328490364284346e-05,6.755888561919215434e-15,0.000000000000000000e+00,1.082695320307572461e-09,0.000000000000000000e+00,3.460867000983164287e-07,4.959589321408922062e-15,1.384395890393279627e-14,3.495650790993045885e-15,2.043997550580659641e-31,2.181140890619619228e-19,1.492564140424007914e-29,1.410329060400646679e-12,9.999854422840761536e-01,9.836640032794396341e-08,1.877813610533449754e-08,3.622344261029036836e-17,2.334065260663062142e-12,4.614050961310761941e-16,2.124540780603540186e-16,7.742752342199563276e-13,0.000000000000000000e+00,3.047133370865630368e-09,6.511902551849903225e-19,5.361965901523229088e-10,2.041466260579940385e-14,8.477051142408163126e-11,3.087453910877085130e-17,1.814521580515469807e-12,4.183413751188425378e-13,0.000000000000000000e+00,0.000000000000000000e+00,0.000000000000000000e+00,4.850909721378047819e-11,2.471068230701982012e-29,2.001064760568463097e-10,2.002617630568904158e-13,0.000000000000000000e+00,0.000000000000000000e+00,3.327705340945335303e-18,1.469794700417539677e-11,1.047562200297591889e-16,0.000000000000000000e+00,8.021420882278728407e-13,1.029058120292335192e-14,4.894367601390393375e-12,1.616173340459123186e-20,1.266172800359694931e-06,0.000000000000000000e+00,4.865132731382088778e-16,1.324038010376133295e-13,3.240724450920625761e-14,0.000000000000000000e+00
7.125000000000000257e-03,1.819314529999999930e-01,0.000000000000000000e+00,3.000095959999999877e+02,6.515933929999999652e-01,1.000000000000000000e+00,4.870679399612231318e-06,1.414636538841627140e-14,0.000000000000000000e+00,-4.109522133333328497e+01,1.882495219929536558e-05,7.984253269701143718e-15,0.000000000000000000e+00,2.681976779899611711e-09,0.000000000000000000e+00,8.579394889678866160e-07,1.231253029953913372e-14,3.450023709870863118e-14,3.456180969870633032e-15,4.686892419824566082e-31,8.813528379670103893e-19,2.610407129902291195e-29,3.603621739865113885e-12,9.999768519625701346e-01,2.459814039907927458e-07,5.536458289792766193e-08,1.059783869960331591e-16,7.106013429734017137e-12,4.610681569827418853e-16,6.496800629756819687e-16,2.353012729911925145e-12,0.000000000000000000e+00,8.826193139669629469e-09,2.256429949915540234e-18,1.593776449940343689e-09,6.359969659761941919e-14,2.652019319900732928e-10,6.856818339743343871e-17,6.025404519774464942e-12,1.388129539948041224e-12,0.000000000000000000e+00,0.000000000000000000e+00,0.000000000000000000e+00,1.218539969954389244e-10,7.266569779728006779e-29,5.014137659812316787e-10,5.515699339793543269e-13,2.555348499904351516e-14,0.000000000000000000e+00,6.922301059740892446e-18,4.553328789829565710e-11,3.256137469878120354e-16,0.000000000000000000e+00,2.373213449911169077e-12,3.043762929886069717e-14,1.448612089945777320e-11,9.837412639631779250e-20,3.149725529882103773e-06,0.000000000000000000e+00,1.793685579932861400e-15,1.707156709936100062e-13,3.642739159863649354e-14,0.000000000000000000e+00
7.312500000000000423e-03,1.742260989999999954e-01,0.000000000000000000e+00,3.000227130000000102e+02,6.515267049999999838e-01,1.000000000000000000e+00,7.350868606408463895e-06,1.724085240083028760e-14,0.000000000000000000e+00,-4.209649600000010139e+01,2.759965829562259401e-05,9.599610048477467485e-15,0.000000000000000000e+00,6.697969038937678456e-09,0.000000000000000000e+00,2.144197249659922757e-06,3.081579339511250964e-14,8.668422628625157036e-14,3.380414009463854341e-15,1.282737929796553130e-30,2.536013059597778904e-18,6.509429158967581477e-29,9.045530648565346206e-12,9.999615318414025733e-01,6.201871339016361050e-07,1.646396879738875661e-07,3.116724059505676827e-16,2.183507649653687941e-11,4.602483909270030008e-16,2.003693989682207084e-15,7.269436548847040886e-12,0.000000000000000000e+00,2.578645459591017693e-08,7.960729968737399504e-18,4.778156519242166671e-09,1.998042599683103415e-13,8.366402498673058522e-10,1.533521279756778292e-16,2.016859059680118972e-11,4.645377249263227008e-12,0.000000000000000000e+00,0.000000000000000000e+00,4.593907629271390091e-16,3.086260549510508139e-10,2.192404819652276414e-28,1.266873109799069339e-09,1.532276339756975545e-12,1.483632409764690509e-13,0.000000000000000000e+00,1.413998379775734656e-17,1.422466089774391921e-10,1.020669049838118298e-15,0.000000000000000000e+00,7.080345168877031652e-12,9.080077498559866376e-14,4.322426599314447659e-11,4.348914219310246441e-19,7.899543518747104259e-06,0.000000000000000000e+00,6.662401438943320113e-15,3.137392879502398264e-13,4.995442309207704703e-14,0.000000000000000000e+00
7.499999999999999722e-03,1.663330060000000055e-01,0.000000000000000000e+00,3.000531560000000013e+02,6.514071270000000302e-01,1.000000000000000000e+00,1.123668280802125695e-05,2.130771226030236532e-14,2.737160407749210898e-03,-4.304051733333328400e+01,4.025644631012371440e-05,1.170095870294256414e-14,0.000000000000000000e+00,1.652476710415566038e-08,0.000000000000000000e+00,5.293764511331279399e-06,7.617877371915748083e-14,2.151325030541016441e-13,3.242028170815307350e-15,3.727429180937376173e-30,6.567824201651680324e-18,2.036631130512173587e-28,2.220525280558418941e-11,9.999327412514636970e-01,1.544397890388386161e-06,4.817918981211613177e-07,8.988248012260369723e-16,6.599130321659552991e-11,4.583287451152607862e-16,6.076775451528191740e-15,2.213809090556730069e-11,0.000000000000000000e+00,7.416659101865145737e-08,2.787989100701125282e-17,1.409418440354441390e-08,6.169195311551433184e-13,2.593795340652289196e-09,3.396860510854244603e-16,6.625363621666151399e-11,1.525899220383733998e-11,0.000000000000000000e+00,0.000000000000000000e+00,2.010296960505550684e-15,7.719613741941332611e-10,6.628721881666995170e-28,3.161392680795028852e-09,4.195325901055042732e-12,5.066501771274126777e-13,3.437476480864458866e-15,2.757878910693552599e-17,4.367993851098465678e-10,3.143905600790631351e-15,0.000000000000000000e+00,2.078419440522682124e-11,2.665357020670285615e-13,1.268895340319102401e-10,1.596215540401417247e-18,1.957025200492153925e-05,0.000000000000000000e+00,2.423274110609406409e-14,8.310473132089922768e-13,9.410379122366528131e-14,5.181135781302954995e-14
7.687499999999999889e-03,1.582629090000000072e-01,0.000000000000000000e+00,3.001219619999999964e+02,6.511855840000000395e-01,9.999930635637541698e-01,1.748712196251670924e-05,2.615666799363269604e-14,2.096534634413313447e-01,-4.387820266666668090e+01,5.825714672820366490e-05,1.440707870697480919e-14,0.000000000000000000e+00,3.992154971932696463e-08,0.000000000000000000e+00,1.279754650619559495e-05,1.843740930892598411e-13,5.227386742530701388e-13,3.004861991454724706e-15,1.092533470528921340e-29,1.614592050781662215e-17,7.048888903412534135e-28,5.317802872574474307e-11,9.998760264840635958e-01,3.765050421822749571e-06,1.374742060665545175e-06,2.517738591218896617e-15,1.943402580940847166e-10,4.540535182198180337e-16,1.795790170869384264e-14,6.573124393182205131e-11,0.000000000000000000e+00,2.080845981007386585e-07,9.575115524635539795e-17,4.053002631962154443e-08,1.855042890898070266e-12,7.830633593790995159e-09,7.394969643580079759e-16,2.116697261024743020e-10,4.874901792360054675e-11,0.000000000000000000e+00,0.000000000000000000e+00,4.962049122402245933e-15,1.890058510915021989e-09,1.985390380961174279e-27,7.722890003738833615e-09,1.121819940543099533e-11,1.520564590736141348e-12,2.093611171013566653e-14,5.018193542429425450e-17,1.306392490632455474e-09,9.427847814564245018e-15,0.000000000000000000e+00,5.948503382879811410e-11,7.628261373693021147e-13,3.631675061758179560e-10,5.121153262479271316e-18,4.747072842298170713e-05,0.000000000000000000e+00,8.554977234141666691e-14,2.640337251278249777e-12,2.336105251130964019e-13,2.291849031109538249e-13
7.875000000000000056e-03,1.500357459999999976e-01,0.000000000000000000e+00,3.002731559999999718e+02,6.507653540000000181e-01,9.999323567701717819e-01,2.789497318703451997e-05,1.409562030009219403e-13,1.421579670857822553e+00,-4.452379199999992920e+01,8.348255029137380018e-05,1.786086819815444787e-14,0.000000000000000000e+00,9.403739139028318804e-08,2.342439359757957181e-18,3.016356699688321698e-05,4.350738269550441240e-13,1.238276339872049819e-12,2.630833379728158116e-15,3.168286929672623451e-29,3.829671899604282614e-17,2.601526539731185974e-27,1.240183029871852772e-10,9.997605078966954606e-01,8.947472599075463555e-06,3.809053629606412818e-06,6.819792739295315905e-15,5.553555159426154357e-10,4.451193229540061617e-16,5.149730169467881580e-14,1.893923349804302140e-10,0.000000000000000000e+00,5.671199689413997779e-07,3.199057749669443883e-16,1.131543129883078409e-07,5.410203459440967035e-12,2.292745689763092080e-08,1.576611169837089949e-15,6.550772289323112913e-10,1.508678139844109378e-10,0.000000000000000000e+00,0.000000000000000000e+00,1.044913999892029636e-14,4.510298519533954087e-09,5.857340269394764451e-27,1.838980779809979359e-08,2.917235369698563703e-11,4.298469399555841994e-12,6.173963129362048572e-14,8.309940929141338783e-17,3.790003259608381666e-09,2.740786209716796414e-14,0.000000000000000000e+00,1.653042309829192180e-10,2.119826579780960060e-12,1.009219539895717933e-09,1.452911019849871736e-17,1.122626279883999733e-04,0.000000000000000000e+00,2.920218349698255587e-13,8.745874069096293325e-12,6.594963439318546042e-13,7.723559189201929356e-13
8.062500000000000222e-03,1.416875350000000033e-01,0.000000000000000000e+00,3.005955589999999802e+02,6.499595900000000315e-01,9.997742786086446509e-01,4.588802834172429055e-05,6.855853344769331908e-13,7.919234536893561049e+00,-4.483642666666664667e+01,1.182850309423549710e-04,2.224080208916116716e-14,9.635982455304001348e-16,2.154049288950245824e-07,1.373584619330597179e-17,6.912786376631123398e-05,9.986897515132985728e-13,2.851971268610120587e-12,2.102946348975150419e-15,9.020533355603934615e-29,8.811332825705883660e-17,1.072575049477291376e-26,2.811952398629623459e-10,9.995213895128932657e-01,2.067233348992554622e-05,1.022048249501915009e-05,1.782133069131495411e-14,1.535736229251574500e-09,4.279165037914592238e-16,1.428959199303611056e-13,5.280128367426782999e-10,0.000000000000000000e+00,1.497407499270253531e-06,1.032564499496790103e-15,3.058748878509349812e-07,1.526276199256184555e-11,6.492808706835794979e-08,3.287401098397918097e-15,1.958476279045556426e-09,4.510463037801871386e-10,0.000000000000000000e+00,0.000000000000000000e+00,2.039783429005931957e-14,1.046182739490153255e-08,1.699825669171607257e-26,4.257065837925361686e-08,7.357581446414357218e-11,1.165064479432217620e-11,1.539303349249835970e-13,1.213251639408734003e-16,1.063629089481651091e-08,7.701804186246603473e-14,0.000000000000000000e+00,4.448243147832193404e-10,5.704326417220053870e-12,2.715758558676502266e-09,3.605423578242932553e-17,2.581494328741934649e-04,0.000000000000000000e+00,9.611488025315938509e-13,2.857363658607492518e-11,1.912471919067975745e-12,2.375729598842212287e-12
8.250000000000000389e-03,1.332807049999999993e-01,0.000000000000000000e+00,3.012611989999999764e+02,6.484192560000000549e-01,9.994011763510880497e-01,7.802838385285341212e-05,3.298537507674777986e-12,3.850157303989652746e+01,-4.460309866666659673e+01,1.655047210347378769e-04,2.779539280583398780e-14,2.770134110581425158e-15,4.787313991004812341e-07,6.734486111413504155e-17,1.536800710322559836e-04,2.227144130467456345e-12,6.372112761337446093e-12,1.462160810306893842e-15,2.516199100528126510e-28,1.971146280413725025e-16,5.448435061143574682e-26,6.188156151298836386e-10,9.990266282096862405e-01,4.632925420972407491e-05,2.649053890556011566e-05,4.490081810942425394e-14,4.098871040860313758e-09,3.982324270835852474e-16,3.825482790802932758e-13,1.420544860298158985e-09,0.000000000000000000e+00,3.820804100801950424e-06,3.198523360671340295e-15,7.985308581676040833e-07,4.154299560871948217e-11,1.773764220372296475e-07,6.707009971407738953e-15,5.640967521183985721e-09,1.299138870272677044e-09,0.000000000000000000e+00,0.000000000000000000e+00,3.796091540796764266e-14,2.353200850493914468e-08,4.872473361022686058e-26,9.558598532006260074e-08,1.795370020376831135e-10,3.039706530638005897e-11,3.552519880745640379e-13,1.495271400313843462e-16,2.879918540604467679e-08,2.086036550437839202e-13,0.000000000000000000e+00,1.156184380242672151e-09,1.482664130311197167e-11,7.058788571481572937e-09,7.606859841596607185e-17,5.759221701208805779e-04,0.000000000000000000e+00,3.041665240638416525e-12,9.034472891896250269e-11,5.454362601144818858e-12,6.924410631453368632e-12
8.437500000000000555e-03,1.249176240000000049e-01,0.000000000000000000e+00,3.025879830000000084e+02,6.455234989999999451e-01,9.985785066338916938e-01,1.366374036314227998e-04,1.545476871368793158e-11,1.669944415856844557e+02,-4.353886399999995405e+01,2.284083780343697983e-04,3.494532990525840501e-14,5.808148430873982752e-15,1.029804900154960082e-06,3.067550210461590206e-16,3.305577280497407609e-04,4.824297830725937574e-12,1.377755340207317911e-11,8.289187131247317898e-16,6.905453881039099722e-28,4.301997970647344152e-16,3.507251230527754477e-25,1.319244000198513337e-09,9.980175451501768213e-01,1.004706650151183499e-04,6.613307010995138520e-05,1.092352460164371927e-13,1.052654810158398514e-08,3.545184730533462541e-16,9.843474321481199052e-13,3.676633640553242002e-09,0.000000000000000000e+00,9.394737261413674354e-06,9.453827101422567621e-15,2.007427350302067982e-06,1.087733380163676982e-10,4.660412620701276392e-07,1.343146800202110274e-14,1.560235230234776802e-08,3.593281530540699651e-09,0.000000000000000000e+00,0.000000000000000000e+00,6.808065161024444561e-14,5.119485560770355600e-08,1.397576960210300842e-25,2.076665700312486646e-07,4.226950860636051405e-10,7.628536931147905810e-11,7.788007701171901203e-13,1.466424740220660476e-16,7.499984101128561770e-08,5.427350650816680976e-13,0.000000000000000000e+00,2.894277560435516740e-09,3.711554480558496551e-11,1.767028310265894030e-08,1.305397650196429965e-16,1.243596870187130493e-03,0.000000000000000000e+00,9.223564411387917515e-12,2.742061980412612342e-10,1.503748110226276921e-11,1.927842020290092188e-11
8.625000000000000722e-03,1.167540870000000064e-01,0.000000000000000000e+00,3.051313900000000103e+02,6.402429170000000225e-01,9.968651913772916817e-01,2.439513348829704846e-04,6.861938501608822836e-11,6.487701298406354908e+02,-4.133578133333368498e+01,3.104814721015935336e-04,4.457238491458466494e-14,1.126153280368491847e-14,2.137678270699476035e-06,1.286605490420994002e-15,6.856614272243572979e-04,1.016735240332689019e-11,2.874087120940438560e-11,3.543968201159632736e-16,1.893841660619689386e-27,9.234281323021576687e-16,2.554641510835911557e-24,2.718741520889607324e-09,9.960124853259081368e-01,2.102008650687804301e-04,1.584361520518423345e-04,2.574733280842485969e-13,2.590998320847808149e-08,3.054935640999614359e-16,2.421589670792375570e-12,9.118073832983550337e-09,0.000000000000000000e+00,2.217991480725755313e-05,2.659492840870220501e-14,4.841242961584117950e-06,2.729524750893135719e-10,1.173069300383843419e-06,2.660830600870658070e-14,4.126703421350311058e-08,9.503935063109810409e-09,0.000000000000000000e+00,0.000000000000000000e+00,1.180990630386435265e-13,1.073674300351320109e-07,4.123171291349154951e-25,4.352260341424116229e-07,9.568062663130794663e-10,1.836110990600799318e-10,1.633504180534503762e-12,1.062497120347662893e-16,1.871039820612228466e-07,1.350444810441883154e-12,0.000000000000000000e+00,6.952191232274846833e-09,8.915330172917211400e-11,4.244487251388850935e-08,1.722561910563644599e-16,2.591532780847983185e-03,0.000000000000000000e+00,2.668394770873133353e-11,7.942087712598753699e-10,3.972978321300009874e-11,5.123211561676381061e-11
8.812499999999999153e-03,1.090036280000000052e-01,0.000000000000000000e+00,3.097960350000000176e+02,6.310408069999999814e-01,9.934881864263618301e-01,4.376671199876852971e-04,2.846092132048863220e-10,2.241751577170928613e+03,-3.780603200000003028e+01,4.149698539566075797e-04,5.879563769385186959e-14,2.172373159772840066e-14,4.265281019553989536e-06,4.857210419492093305e-15,1.365482029857214685e-03,2.094799839780951657e-11,5.761671899397515561e-11,1.056580359889515876e-16,5.372374459438223020e-27,1.979445859793014145e-15,1.833262169808300187e-23,5.403365329434982501e-09,9.921720238962509208e-01,4.226012999558095276e-04,3.624735189620970207e-04,5.897535799383307904e-13,6.080108469364216589e-08,2.823173409704787303e-16,5.652028449408980274e-12,2.155276189774627664e-08,6.610243119308782232e-26,5.003801149476763943e-05,7.162296339251055924e-14,1.114480719883461255e-05,6.532568549316904186e-10,2.814112449705734757e-06,5.292295589446596834e-14,1.037892709891469875e-07,2.390294689750052520e-08,0.000000000000000000e+00,0.000000000000000000e+00,1.981696349792778474e-13,2.161114519774017107e-07,1.313700199862629361e-24,8.764360159083531318e-07,2.072522349783281284e-09,4.218803749558849697e-10,3.277736499657254932e-12,5.257175859450269109e-17,4.447374709534948027e-07,3.194603989665947411e-12,0.000000000000000000e+00,1.594560929833260457e-08,2.044828969786177040e-10,9.735199598982012895e-08,1.662441079826162424e-16,5.192315229457051748e-03,0.000000000000000000e+00,7.322298709234324379e-11,2.181087299771928862e-09,9.991103638955252579e-11,1.293701049864720466e-10
8.999999999999999320e-03,1.019149969999999933e-01,0.000000000000000000e+00,3.179236490000000117e+02,6.159797689999999548e-01,9.872107833452734571e-01,7.760200673161468925e-04,1.094194312848099783e-09,6.790032220768433035e+03,-3.314175839999997208e+01,5.440632400066842435e-04,8.297649910101942860e-14,4.250080410052214933e-14,8.138565730099989149e-06,1.608758210019764813e-14,2.595619500031889123e-03,4.256919590052299065e-11,1.104279940013566980e-10,2.078109920025530828e-17,1.665881310020466915e-26,4.321633110053094490e-15,1.189536230014614193e-22,1.033255490012694179e-08,9.851574840121034571e-01,8.122743550099794036e-04,7.868862700096674982e-04,1.311036040016107092e-12,1.350803480016595569e-07,3.569420860043853045e-16,1.238003760015209708e-11,4.821775370059238501e-08,5.300404580065119875e-25,1.071969120013169902e-04,1.884894990023157505e-13,2.432989020029891264e-05,1.481916740018206392e-09,6.390353820078509397e-06,1.080273630013271887e-13,2.463905720030270659e-07,5.674420400069714180e-08,0.000000000000000000e+00,5.044088730061970071e-16,3.209724420039433923e-13,4.150608110050993396e-07,4.856509490059665955e-24,1.687114040020727335e-06,4.269195580052449723e-09,9.195247970112970041e-10,6.267761580077003614e-12,1.672752910020550895e-17,1.000064910012286365e-06,7.128067370087573502e-12,0.000000000000000000e+00,3.469839110042629714e-08,4.449646280054667237e-10,2.118426470026026309e-07,1.191395060014637161e-16,9.953757690122289753e-03,0.000000000000000000e+00,1.891498690023238439e-10,5.633463970069211244e-09,2.374319400029169843e-10,3.082369300037869218e-10
9.187499999999999487e-03,9.570091729999999353e-02,0.000000000000000000e+00,3.312594930000000204e+02,5.932802489999999818e-01,9.762857645750060431e-01,1.337366740224418208e-03,3.876443874443439694e-09,1.770683480055145264e+04,-2.819450613333327027e+01,6.977318920579219340e-04,1.308939900108661480e-13,8.387826760696313100e-14,1.475856290122517738e-05,4.566461160379083718e-14,4.676089370388184126e-03,8.632599230716633488e-11,2.010822690166927922e-10,2.662077810220991652e-18,5.996323750497783444e-26,9.742154160808743345e-15,6.699688230556172092e-22,1.897862370157550600e-08,9.730809690807800116e-01,1.483367200123141341e-03,1.608395160133520470e-03,2.809585820233237182e-12,2.817151370233864728e-07,6.944385820576485729e-16,2.507893320208192018e-11,1.012268950084033213e-07,4.899018570406690911e-24,2.164167690179657718e-04,5.022329510416927773e-13,4.996774550414805635e-05,3.163290630262599504e-09,1.362291070113090238e-05,2.314117630192106057e-13,5.471210080454190667e-07,1.260023860104600525e-07,0.000000000000000000e+00,2.064154580171355368e-15,5.000747870415134822e-13,7.552576600626975208e-07,2.252161130186962404e-23,3.085098910256108433e-06,8.298798910688922985e-09,1.886413820156600138e-09,1.135109580094230813e-11,3.350824840278167758e-18,2.108959030175074386e-06,1.485119850123286697e-11,0.000000000000000000e+00,7.107718650590045469e-08,9.114794650756662793e-10,4.339451260360238276e-07,8.083480910671047282e-17,1.815112210150680860e-02,0.000000000000000000e+00,4.557403760378331524e-10,1.355052060112489227e-08,5.289207280439082213e-10,6.867529580570106272e-10
9.374999999999999653e-03,9.041444740000000035e-02,0.000000000000000000e+00,3.516703909999999951e+02,5.623804019999999460e-01,9.586434020495832042e-01,2.206890061053780067e-03,1.257341700313556550e-08,3.915435493769008463e+04,-2.446857119999995334e+01,8.725744586793577175e-04,2.388609349122265329e-13,1.652451489392778914e-13,2.527028299071400604e-05,1.097449309596723672e-13,7.925043347087807818e-03,1.762548779352321429e-10,3.456094038729999631e-10,2.294385499156889066e-19,2.589126889048581509e-25,2.257603389170405575e-14,3.271946708797667997e-21,3.347582008769874434e-08,9.537087816495435355e-01,2.557031049060375962e-03,3.070363708871742987e-03,5.769347507879955583e-12,5.466069787991400023e-07,1.766190459350983551e-15,4.615667298303894344e-11,1.976315759273769333e-07,5.102989448124820369e-23,4.084509148499077783e-04,1.402954559484460573e-12,9.573582516482025248e-05,6.307617167682159054e-09,2.702523689006911770e-05,5.247546468071699954e-13,1.125552089586396699e-06,2.592138659047474902e-07,0.000000000000000000e+00,6.830654857489960349e-15,7.467780127255837635e-13,1.292517159525042478e-06,1.366915399497703952e-22,5.324053078043586437e-06,1.509659509445250107e-08,3.612766408672427703e-09,1.932489669289873875e-11,4.297954198420643893e-19,4.132680868481376339e-06,2.855324228950762604e-11,2.192999589194144747e-22,1.359357169500481241e-07,1.743215899359425792e-09,8.299255146950298146e-07,8.662673316816752732e-17,3.129578498849983070e-02,0.000000000000000000e+00,1.014125999627342374e-09,3.003388558896353730e-08,1.095454069597456806e-09,1.417145439479245929e-09
9.562499999999999820e-03,8.582659030000000522e-02,0.000000000000000000e+00,3.805998089999999934e+02,5.248749900000000412e-01,9.324086894460671404e-01,3.447843913401072574e-03,3.703579438067362201e-08,7.298143127865376300e+04,-2.353173759999998893e+01,1.061465250378743931e-03,5.069301691808789448e-13,3.204127761143272254e-13,4.064312381450196942e-05,2.251782390803463804e-13,1.256395600448297414e-02,3.616520581290419578e-10,5.577478281990113056e-10,1.419979060506666124e-20,1.315185500469274497e-24,5.230256581866220290e-14,1.481819800528731505e-20,5.680561472026894307e-08,9.250204033300587492e-01,4.138952401476828774e-03,5.438439151940502488e-03,1.139682230406652654e-11,9.796475703495504734e-07,5.187110211850825410e-15,7.574204072702569046e-11,3.562421921271116168e-07,5.732023902045257071e-22,7.160046932554792925e-04,4.153523881482028883e-12,1.699648960606455926e-04,1.168728570417016897e-08,4.953574621767497193e-05,1.237937290441711463e-12,2.128494150759473235e-06,4.901863801749045958e-07,0.000000000000000000e+00,2.380331260849331528e-14,1.067188420380786088e-12,2.068593300738099669e-06,1.051416590375158461e-21,8.625287313077608823e-06,2.551391660910368107e-08,6.416326172289423773e-09,3.070492901095590052e-11,3.735732451332955489e-20,7.469833592665329054e-06,5.002083871784805184e-11,9.239001063296589624e-22,2.411231010860356812e-07,3.092132981103311483e-09,1.472129760525274158e-06,1.529858770545872665e-16,5.077663161811772630e-02,0.000000000000000000e+00,2.066361140737303301e-09,6.078851262169009450e-08,2.094639420747393270e-09,2.687188140958821950e-09
9.749999999999999986e-03,8.141438950000000341e-02,0.000000000000000000e+00,4.185371460000000070e+02,4.842538510000000129e-01,8.965914209615066799e-01,5.069529517712590382e-03,9.792576061069135506e-08,1.154181662446628761e+05,-2.613687839999998275e+01,1.254695480302307374e-03,1.218828880293665644e-12,5.979537831440714957e-13,6.127013931476248620e-05,4.056147270977291515e-13,1.859670060448070233e-02,7.334432561767163538e-10,8.433246732031913259e-10,6.831193241645912479e-22,7.334977341767294922e-24,1.157925750278991718e-13,7.309425001761138723e-20,9.308286192242745491e-08,8.859545132134626355e-01,6.277102841512409784e-03,8.913665302147665698e-03,2.199166620529868834e-11,1.616993380389599853e-06,1.689349950407033193e-14,1.091418400262967306e-10,5.910863511424168167e-07,6.328367091524762251e-21,1.162542930280104168e-03,1.274699140307126950e-11,2.788032320671750947e-04,2.009764800484234442e-08,8.362235042014803780e-05,2.910672700701299818e-12,3.687103540888373613e-06,8.491188022045873266e-07,6.074485321463590790e-19,8.305826602001212452e-14,1.464260590352800125e-12,3.090126360744537912e-06,9.251254782229006001e-21,1.308890450315365101e-05,3.988588760961013921e-08,1.053728260253886156e-08,4.527463271090850699e-11,8.418252022028300996e-21,1.241567510299144283e-05,7.874315711897244175e-11,3.762693810906586347e-21,3.955552270953053681e-07,5.072590111222194127e-09,2.415002760581872690e-06,3.413798750822523674e-16,7.737863981864366580e-02,0.000000000000000000e+00,3.833807640923720708e-09,1.118149260269407782e-07,3.679860820886628926e-09,4.664994751123987804e-09
9.937500000000000153e-03,7.651372480000000198e-02,0.000000000000000000e+00,4.649232250000000022e+02,4.443385890000000060e-01,8.515488305217965292e-01,7.014481176110408736e-03,2.277170949852207581e-07,1.575159322761591757e+05,-3.188099306666662969e+01,1.442313910483725495e-03,3.149424531056258906e-12,1.046038130350821944e-12,8.673048522908780391e-05,6.630126162223621457e-13,2.577117090864317409e-02,1.429222400479334924e-09,1.196831720401395081e-09,2.760398470925786597e-23,4.081583671368887817e-23,2.345218390786543019e-13,4.302300801442911869e-19,1.480329540496475174e-07,8.369093532806839431e-01,8.934800822996566416e-03,1.354640860454321520e-02,4.177463541401044470e-11,2.463922150826353823e-06,5.827292301954365474e-14,1.372904450460446631e-10,9.048696953034765336e-07,6.167216492068370772e-20,1.751708190587490492e-03,3.863934231295892181e-11,4.234447481420155492e-04,3.217664171079144870e-08,1.302544980436849372e-04,6.464560182168093715e-12,5.862883321966302144e-06,1.350161710452819178e-06,8.571480062874714712e-18,2.703619030906743867e-13,1.951419890654470346e-12,4.320139541448894971e-06,8.149380412733151591e-20,1.863726490625059620e-05,5.763857451933091563e-08,1.603281520537711009e-08,6.172538542070154703e-11,4.177334921401001273e-20,1.902221940637970036e-05,1.091336790366014106e-10,1.457708560488888750e-20,6.013102592016683959e-07,7.711295892586227054e-09,3.671258661231271944e-06,8.728329182927320355e-16,1.109465090372094009e-01,0.000000000000000000e+00,6.453120232164256587e-09,1.870668480627387457e-07,5.917289831984549611e-09,7.425789092490471807e-09
1.012500000000000032e-02,7.053603860000000336e-02,0.000000000000000000e+00,5.185533679999999777e+02,4.077834579999999876e-01,7.989291122876415185e-01,9.175058299896680231e-03,4.492865430448289291e-07,1.897017306730846467e+05,-3.966280533333333125e+01,1.616406559859335460e-03,8.152273309290565730e-12,1.673060619854405162e-12,1.158788709899158560e-04,1.006435229912417016e-12,3.365657239707110088e-02,2.590314939774582948e-09,1.602545249860541638e-09,1.003366749912683815e-24,2.047720329821801186e-22,4.217112589633013922e-13,2.565786599776717242e-18,2.298368049799989078e-07,7.796811019321496783e-01,1.199728299895595936e-02,1.920622279832861351e-02,7.514283219346083845e-11,3.490039709696286056e-06,1.994498329826432646e-13,1.511254229868486039e-10,1.286877629888012158e-06,4.893167129574181991e-19,2.464279299785550759e-03,1.087508409905361750e-10,5.992526509478511652e-04,4.820774309580481765e-08,1.883920229836055598e-04,1.295113399887295334e-11,8.616990849250123733e-06,1.984344169827316378e-06,3.765254179672335760e-17,7.824458029319091291e-13,2.581898069775315442e-12,5.688872789504936819e-06,6.350821869447332358e-19,2.502928019782187465e-05,7.716903879328451118e-08,2.273872499802120631e-08,7.761414969324579106e-11,2.236858549805341994e-19,2.705587329764551664e-05,1.275727809888982294e-10,4.962196909568175083e-20,8.522814369258318668e-07,1.093005839904883298e-08,5.203666159547160836e-06,2.341334209796250003e-15,1.503946929869121873e-01,0.000000000000000000e+00,9.772051919149604823e-09,2.862915989750859898e-07,8.651985599247077733e-09,1.089693259905171511e-08
1.031250000000000049e-02,6.309926259999999731e-02,0.000000000000000000e+00,5.780926779999999781e+02,3.756940830000000120e-01,7.411831103958410605e-01,1.142678872507645743e-02,7.140566284596391201e-07,2.063370696416237915e+05,-4.834482186666662074e+01,1.772254819797340923e-03,1.977949599773819578e-11,2.397850189725803314e-12,1.471878559831689339e-04,1.437105599835665513e-12,4.177858959522257748e-02,4.242672329514845780e-09,2.039224099766812801e-09,4.799678839451152162e-26,8.468772529031587254e-22,6.592200339246175359e-13,1.270313849854738228e-17,3.507264469598940953e-07,7.169338139180179148e-01,1.530575939824977208e-02,2.562207509707008918e-02,1.152738239868183247e-10,4.639194959469503178e-06,6.408816529267145852e-13,1.444033719834873246e-10,1.716415059803726359e-06,3.057516759650370045e-18,3.264115659626745311e-03,2.686280189692821383e-10,7.972182669088374082e-04,6.771668379225652929e-08,2.552814279708083664e-04,2.279119399739380656e-11,1.182135049864821633e-05,2.722131029688721600e-06,1.582270139819065972e-16,1.969032169774839198e-12,3.488752119601057641e-12,7.115712589186310976e-06,4.018256389540508330e-18,3.193261339634847671e-05,9.608992878901202322e-08,3.031650029653327674e-08,8.984575218972605711e-11,9.614317008900595035e-19,3.607504579587477876e-05,1.142446119869360112e-10,1.387031109841391736e-19,1.136067229870089649e-06,1.457003729833390216e-08,6.936588009206794433e-06,5.977597599316456347e-15,1.940185989778137887e-01,0.000000000000000000e+00,1.292236999852231495e-08,4.043040399537674376e-07,1.132101279870543095e-08,1.483028939830414315e-08
1.050000000000000065e-02,5.403460849999999760e-02,0.000000000000000000e+00,6.423719660000000431e+02,3.480774999999999841e-01,6.809583745948915023e-01,1.365849258126232077e-02,8.531747279983669809e-07,2.070486212862317625e+05,-5.710527146666661480e+01,1.908262168384964154e-03,4.330013006335343273e-11,3.063026587407642714e-12,1.791332918483925878e-04,1.985787568319351692e-12,4.973253125790944029e-02,6.185266874765169959e-09,2.485416487896496415e-09,7.415328893724121931e-26,2.750064107672514850e-21,8.884505002480700739e-13,4.817815235922496191e-17,5.298307075515838292e-07,6.515413424485754224e-01,1.869782758417530902e-02,3.246105097252695998e-02,1.353138198854787093e-10,5.846333335052021953e-06,1.882628298406658950e-12,1.167430969011958090e-10,2.169078118164225441e-06,1.564651548675774794e-17,4.108633236522705491e-03,5.653493265215230588e-10,1.006627289148052679e-03,8.862876462499005950e-08,3.272873607230040918e-04,3.526112447015715485e-11,1.529964588705131848e-05,3.522880097018450798e-06,6.528424064474743027e-16,4.287843036371033133e-12,4.920013725836002409e-12,8.529005632781573489e-06,1.995235548311354910e-17,3.900876566698537686e-05,1.117872319053901536e-07,3.834720996754527747e-08,9.605854451870194511e-11,3.678570966886683083e-18,4.556612676143563479e-05,6.694864274333879101e-11,3.062832097407806815e-19,1.437620868783285992e-06,1.843851598439477297e-08,8.778230572570645693e-06,1.383031688829486852e-14,2.399057727969584886e-01,0.000000000000000000e+00,1.364241228845390008e-08,5.319073215498263702e-07,1.279603738917022013e-08,1.878138578410458810e-08
1.068750000000000082e-02,4.332737009999999833e-02,0.000000000000000000e+00,7.104450719999999819e+02,3.244238999999999873e-01,6.206298859179235627e-01,1.578858708236448652e-02,6.663203267028089831e-07,1.951905984388919314e+05,-6.546995093333386251e+01,2.025163850314191417e-03,8.574041491330208185e-11,3.564035500552937580e-12,2.104623850326519123e-04,2.926636160454049074e-12,5.723753580888004538e-02,8.044620291248071748e-09,2.922550620453415202e-09,3.050996060473342861e-25,7.184220251114587374e-21,1.057178560164014609e-12,1.427037900221395929e-16,7.972667251236908149e-07,5.860777770909262330e-01,2.203697220341889820e-02,3.940343350611319462e-02,1.236778300191878315e-10,7.052171671094099693e-06,5.041891260782216840e-12,8.089229091254993796e-11,2.622481670406861355e-06,7.693296581193564960e-17,4.958304220769249419e-03,1.024006620158867999e-09,1.217497530188887045e-03,1.065003080165228464e-07,4.007705230621770131e-04,4.962840420769953008e-11,1.887255650292795966e-05,4.345352550674154339e-06,2.676758300415282062e-15,8.145556891263731664e-12,7.267677381127534749e-12,9.876666921532302178e-06,7.912296751227541523e-17,4.597448340713264586e-05,1.221115210189448296e-07,4.642167700720203327e-08,9.689512621503265736e-11,1.567625290243206869e-17,5.506279160854264822e-05,2.609288940404814877e-11,5.324335910826036605e-19,1.742690390270367340e-06,2.235296560346792229e-08,1.064158000165097413e-05,2.968276750460509523e-14,2.862740840444136237e-01,0.000000000000000000e+00,9.404072701458982205e-09,6.578083721020547210e-07,1.158989520179809831e-08,2.212447990343247122e-08
1.087499999999999925e-02,3.105175430000000139e-02,0.000000000000000000e+00,7.815328520000000481e+02,3.040908330000000048e-01,5.620544240060991736e-01,1.776798202093507820e-02,1.992472793583690424e-07,1.754763548111045384e+05,-7.321042773333327602e+01,2.125070540371876756e-03,1.580561260276590014e-10,3.949697520691177221e-12,2.403017720420516016e-04,5.497742070962076586e-12,6.413887681122397433e-02,9.373276401640275383e-09,3.332457960583163055e-09,1.105022460193373092e-24,1.645913490288026605e-20,1.178108040206162767e-12,3.595022070629110766e-16,1.199274560209866960e-06,5.225513790914438905e-01,2.522566010441435955e-02,4.619008490808302475e-02,1.025302650179422695e-10,8.211420221436957443e-06,1.223152740214045484e-11,5.175387620905666222e-11,3.059595050535413699e-06,4.451104680778920503e-16,5.782246671011863695e-03,1.662331470290899487e-09,1.422014860248845339e-03,1.151017190201422122e-07,4.726794870827164918e-04,6.747948821180857622e-11,2.238815790391781237e-05,5.155090820902114801e-06,1.086141640190069206e-14,1.380229250241533061e-11,1.113903010194927424e-11,1.112787020194732039e-05,2.625385460459429217e-16,5.262831780920968584e-05,1.258992720220317127e-07,5.419927290948459562e-08,9.699046551697284774e-11,8.046787021408145994e-17,6.421178271123673847e-05,1.007513400176309629e-11,7.267169881271717490e-19,2.039932540356977832e-06,2.616818610457929956e-08,1.245724210217995424e-05,6.347209021110729001e-14,3.316680640580402240e-01,0.000000000000000000e+00,4.159556400727901306e-09,7.710058361349220810e-07,7.310506321279301367e-09,2.426494160424624281e-08
1.106249999999999942e-02,1.732479909999999970e-02,0.000000000000000000e+00,8.549518570000000182e+02,2.864825029999999995e-01,5.065157410957712436e-01,1.957489693828303942e-02,1.241565544797130744e-07,1.522345163539482455e+05,-8.023628639999992629e+01,2.210670149471871595e-03,2.797685029331634210e-10,4.395006538950034579e-12,2.681434999359406110e-04,1.415096739661934065e-11,7.038206128318576227e-02,9.753066087669995441e-09,3.682769049120188158e-09,4.045678879033488351e-24,3.695001759117265709e-20,1.333120779681518061e-12,8.717795257917322846e-16,1.809496919567711912e-06,4.623463368895456838e-01,2.820522929326178124e-02,5.263939518742447032e-02,8.982668167854043607e-11,9.294933307779443480e-06,2.591086549380990664e-11,3.274069079217826370e-11,3.469534569171129372e-06,2.944427399296577540e-15,6.559816888432863299e-03,2.545911139391782845e-09,1.614947209614189978e-03,1.090306469739526205e-07,5.407803718708077299e-04,9.450139277742365561e-11,2.573304779385238787e-05,5.927609908583896817e-06,4.199010218996857976e-14,2.155830359484973197e-11,1.754600039580827031e-11,1.226943969706883509e-05,7.645680748173449457e-16,5.884958378594085852e-05,1.231666269705755616e-07,6.143175738532397881e-08,1.026171089754848177e-10,4.235252448988200292e-16,7.278718528261117298e-05,4.822013818848023681e-12,7.759151668146342205e-19,2.321601359445370655e-06,2.978537979288428499e-08,1.417761219661297507e-05,1.424045929659796011e-13,3.750247459104067982e-01,0.000000000000000000e+00,1.911715889543292268e-09,8.631716087937886439e-07,2.970927489290246757e-09,2.513225959399591252e-08
1.124999999999999958e-02,2.280495400000000141e-03,0.000000000000000000e+00,9.300666589999999587e+02,2.711063040000000202e-01,4.547856980087579548e-01,2.120684100757315449e-02,2.486039359323615869e-06,1.286358194387900439e+05,-8.652309653333324491e+01,2.284691798732064582e-03,4.883088757290032646e-10,5.178450677126115090e-12,2.937689248369670697e-04,4.316043627604724628e-11,7.597940305783369708e-02,9.112629204942762689e-09,3.896532967837540376e-09,1.796293799003110695e-23,9.214033684886488045e-20,1.689989819062106239e-12,2.320418758712237201e-15,2.748859208474465398e-06,4.062906307745208778e-01,3.094861218282444690e-02,5.864276186745501912e-02,8.937821715039776318e-11,1.028808579429042107e-05,4.548749577475579651e-11,2.135340538814950091e-11,3.846773297865156246e-06,1.877631768957970615e-14,7.279561805960061208e-03,3.871371097851505459e-09,1.793374559004730882e-03,8.920187155049563492e-08,6.036099836650145279e-04,1.425903829208665940e-10,2.883579958399699249e-05,6.648424066310323654e-06,1.473387829182313784e-13,3.204513628221590965e-11,2.831997588428326252e-11,1.330046949261863882e-05,2.036577668869760404e-15,6.458270006415853855e-05,1.149967049361802721e-07,6.795976146228436527e-08,1.188113079340632945e-10,2.029822918873509175e-15,8.067297095522891375e-05,2.800258868445940017e-12,7.387567105900121669e-19,2.583263538566366444e-06,3.314905608160326586e-08,1.577512219124528177e-05,3.331375168151186896e-13,4.156530217693250040e-01,0.000000000000000000e+00,1.072458209404817622e-09,9.301993874837672022e-07,1.093925699392904066e-09,2.523432128599570751e-08
1.143749999999999975e-02,-1.394258519999999960e-02,0.000000000000000000e+00,1.006270629999999983e+03,2.575734430000000130e-01,4.072338682482483652e-01,2.267300994908225467e-02,1.173999078529627706e-05,1.068591326568564982e+05,-9.211291306666659295e+01,2.349609442262066278e-03,8.553893338235188148e-10,6.696381646446883979e-12,3.171584963053416606e-04,1.352224151301842221e-10,8.098068067796344860e-02,7.949742417653547011e-09,3.833898633691052839e-09,1.083948651043562319e-22,2.887999432780396627e-19,2.653940632555058826e-12,7.298613487026677392e-15,4.221234574063957528e-06,3.547762853415578621e-01,3.345097883220464474e-02,6.414961616175950121e-02,1.016989680979098088e-10,1.118779101077095081e-05,6.609601296363338132e-11,1.515889331459409631e-11,4.189815224033708793e-06,1.062400471022816931e-13,7.937028057641305409e-03,6.039764305814731424e-09,1.956113451883231564e-03,6.700132986450495514e-08,6.602742206356733336e-04,2.341544632254301995e-10,3.166259563048289297e-05,7.311532087039114538e-06,4.539273364370146440e-13,4.631850314459274456e-11,4.692808194517961065e-11,1.422731691369722752e-05,5.113474784922954882e-15,6.981765986721635516e-05,1.031122620992704495e-07,7.369325927094755917e-08,1.491099871435543405e-10,8.659229908336599328e-15,8.783356428456101032e-05,1.942096711869737341e-12,8.312092958002395293e-19,2.823073952717890151e-06,3.623880203488859974e-08,1.723777331659552062e-05,7.883807407590067353e-13,4.531704444362859574e-01,0.000000000000000000e+00,7.053221536790429006e-10,9.727835879365392313e-07,5.202636945008793627e-10,2.498366882405281498e-08
1.162499999999999992e-02,-3.121375640000000062e-02,0.000000000000000000e+00,1.083321879999999965e+03,2.455124969999999962e-01,3.638935499379981620e-01,2.398956196368642532e-02,3.880644118440916297e-05,9.234414149615445058e+04,-9.585011093333324084e+01,2.407466259546386586e-03,1.524871839712684869e-09,9.576955358195517454e-12,3.384337849362325655e-04,4.133366979221193794e-10,8.545515628389860341e-02,6.965431638687578977e-09,3.365033579365962891e-09,8.295928418436886822e-22,1.261809059762250915e-18,5.564768728951490655e-12,2.699049209491446945e-14,6.577866708760602647e-06,3.078320769419984893e-01,3.572351079326899909e-02,6.915717428696945002e-02,1.299432029755161906e-10,1.200102169773877557e-05,8.672243408365982734e-11,1.268959659760903608e-11,4.500403759152037241e-06,5.317770538998028710e-13,8.533256218392170148e-03,9.712291308170016351e-09,2.103328299603692345e-03,5.420027238978762461e-08,7.102752998661704268e-04,4.121964469223342607e-10,3.420741849355466314e-05,7.918608788507982589e-06,1.206515789772669024e-12,6.590941788758139376e-11,8.011898508490404680e-11,1.506048099716231486e-05,1.241171619766139301e-14,7.457734648594818304e-05,8.929316818317544572e-08,7.859997168519024596e-08,1.972726989628300139e-10,3.341144999370463499e-14,9.429396158223320450e-05,1.614482879695800381e-12,1.378647089740236198e-18,3.041289869426962196e-06,3.906486209263942609e-08,1.856609609650179018e-05,1.847507079651893723e-12,4.874672729081517275e-01,0.000000000000000000e+00,5.288205349003600411e-10,9.948707948125472010e-07,3.150694629406348348e-10,2.456969719537059477e-08
1.171875000000000000e-02,-4.019970429999999983e-02,0.000000000000000000e+00,1.121904929999999922e+03,2.399887609999999949e-01,3.437488430510942661e-01,2.459756034943378841e-02,7.013655345327732867e-05,8.344056877807849378e+04,-9.811438186666660499e+01,2.434265891173060387e-03,2.078784521001755845e-09,1.199623980578092748e-11,3.483404601678634924e-04,7.207377723473199209e-10,8.751791104217444828e-02,6.693025463225334824e-09,2.994569911443068424e-09,3.109549621498476373e-21,3.115259031501227660e-18,9.213354564439869726e-12,5.555278872677060720e-14,8.347923524022822815e-06,2.860136331378285157e-01,3.677964981772392783e-02,7.148167673444665027e-02,1.540481990742350410e-10,1.238057720596613753e-05,9.995002184816540318e-11,1.279873620616764553e-11,4.644865162238337106e-06,1.153804840556012873e-12,8.809683674245342294e-03,1.252935820603783375e-08,2.171372711046373662e-03,5.254915142532317645e-08,7.325470493530106698e-04,5.667061552730928882e-10,3.537608231704755509e-05,8.204006023953469486e-06,1.882594730907212864e-12,7.868116663791606068e-11,1.075682780518366150e-10,1.544561940744316485e-05,1.941485390935592151e-14,7.679151853700545206e-05,8.213406543958000052e-08,8.073525063890592242e-08,2.308592961112499235e-10,6.448611593107553482e-14,9.727922404687836856e-05,1.599979110771021779e-12,2.182679491051822427e-18,3.142803421514501179e-06,4.039126471946434482e-08,1.918230020924385437e-05,2.874620301385264887e-12,5.034288182425997737e-01,0.000000000000000000e+00,4.838703082331746170e-10,9.991294904814754741e-07,2.656570441280188303e-10,2.433468781172676312e-08
1.181250000000000008e-02,-4.939792760000000227e-02,0.000000000000000000e+00,1.160451430000000073e+03,2.347652500000000086e-01,3.245998956384284484e-01,2.517456037965646806e-02,1.229874415757556362e-04,7.525464958706904144e+04,-1.002042186666665771e+02,2.459887951218991172e-03,2.854301051414441088e-09,1.535165650760747391e-11,3.577857631772997891e-04,1.246157110617529737e-09,8.947442864433882703e-02,6.583797003262583377e-09,2.571115291274109624e-09,1.147476410568628862e-20,8.310624104118307447e-18,1.628959530807226344e-11,1.171318550580443876e-13,1.064194210527358685e-05,2.652738691314557862e-01,3.778490371872420678e-02,7.368953283651664965e-02,1.865182200924286181e-10,1.274468790631559695e-05,1.163424190576531861e-10,1.373284560680527657e-11,4.782694662370051202e-06,2.441946761210100146e-12,9.072150834495680202e-03,1.616726030801164496e-08,2.235805321107947521e-03,5.363453372657845336e-08,7.528767483730861368e-04,7.873918083901900044e-10,3.647618301807567802e-05,8.478605884201551677e-06,2.815205331395067616e-12,9.375435744645972445e-11,1.455362120721201003e-10,1.581137280783528383e-05,3.028537501500784127e-14,7.890049583909892604e-05,7.494246353713753506e-08,8.265855754096122501e-08,2.715405011345612169e-10,1.221529530605325731e-13,1.001082070496083588e-04,1.663890980824536999e-12,3.823656741894803029e-18,3.239449181605300604e-06,4.166552102064724221e-08,1.976743650979570193e-05,4.446882862203641308e-12,5.186065002569940630e-01,0.000000000000000000e+00,4.551274692255372198e-10,9.989592614950316894e-07,2.329712631154482894e-10,2.408947131193747474e-08
1.190625000000000017e-02,-5.879207310000000158e-02,0.000000000000000000e+00,1.198890200000000050e+03,2.298225789999999991e-01,3.064144918948165097e-01,2.572262219859534210e-02,2.139008048018487755e-04,6.776847351311241800e+04,-1.021203701333332106e+02,2.484482549026084241e-03,3.957404388448700016e-09,2.010690549211810232e-11,3.667953888562163790e-04,2.142541999160124794e-09,9.133253756419767999e-02,6.647413927394216290e-09,2.143654879159688268e-09,4.406935698272482908e-20,2.358842939075334360e-17,3.034167438810607904e-11,2.521102709011728751e-13,1.365347539464784480e-05,2.455774709037337467e-01,3.874176138481324333e-02,7.578505207029229140e-02,2.306742149095758209e-10,1.309686419486603470e-05,1.378021719459816085e-10,1.568381549385195095e-11,4.914657678073456958e-06,5.065082878014489404e-12,9.321250886346074335e-03,2.087162459181833274e-08,2.296735309099680582e-03,5.750935567745635531e-08,7.710843906977352374e-04,1.108290469565550608e-09,3.750892688529651589e-05,8.744417416572192934e-06,4.055935978410074573e-12,1.115882409562574598e-10,1.990556809219702595e-10,1.615899749366567971e-05,4.727013548147013165e-14,8.090952536828351191e-05,6.781189757341776928e-08,8.436866016692751272e-08,3.206508798743050105e-10,2.283559709104845810e-13,1.027884439597069751e-04,1.816727389287843640e-12,7.309191877134800416e-18,3.331496548694054951e-06,4.289582768318485622e-08,2.032273319203350054e-05,6.882936317301892149e-12,5.330200907910563890e-01,0.000000000000000000e+00,4.401219008274724128e-10,9.941903596102777252e-07,2.118070489169717582e-10,2.384053679065451951e-08
1.200000000000000025e-02,-6.836585779999999890e-02,0.000000000000000000e+00,1.237152710000000070e+03,2.251431020000000116e-01,2.891572999268812172e-01,2.624370070451262707e-02,3.708840483851854881e-04,6.095186844682235096e+04,-1.038638335999999356e+02,2.508180260406034888e-03,5.548508550898216666e-09,2.701026780437253662e-11,3.753956760607706725e-04,3.671035380594282811e-09,9.309955421507136453e-02,6.890016861115385462e-09,1.760512740284999246e-09,1.735384070280931374e-19,6.981163871130140048e-17,5.847345630946593284e-11,5.506392780891397733e-13,1.765098220285741978e-05,2.268858740367292459e-01,3.965270120641915114e-02,7.777284471259020282e-02,2.913688220471680127e-10,1.344177280217601261e-05,1.669126880270205488e-10,1.899456570307492059e-11,5.041706850816172587e-06,1.033221890167262336e-11,9.557585921547222599e-03,2.698601520436861126e-08,2.354260970381117854e-03,6.463356051046316188e-08,7.869090061273882261e-04,1.581934280256090336e-09,3.847561340622859583e-05,9.004123001457627136e-06,5.639900040913011277e-12,1.327450520214893191e-10,2.756569380446245177e-10,1.648965560266941644e-05,7.398649821197725761e-14,8.282392541340789435e-05,6.081571010984509901e-08,8.586415491390006729e-08,3.798613890614936031e-10,4.226261750684165313e-13,1.053274590170508531e-04,2.078903770336541615e-12,1.493390310241756212e-17,3.419251200553522936e-06,4.409299400713796111e-08,2.084949300337520442e-05,1.068386030172954848e-11,5.466928580885009881e-01,0.000000000000000000e+00,4.374244290708121576e-10,9.844675861593698893e-07,1.993256060322677032e-10,2.359408190381951046e-08
1.209375000000000033e-02,-7.810309220000000163e-02,0.000000000000000000e+00,1.275172980000000052e+03,2.207107339999999918e-01,2.727910269658356812e-01,2.673963118976550868e-02,6.434005795915804854e-04,5.476695187667735445e+04,-1.054358197333332186e+02,2.531093271442508546e-03,7.872860864486862303e-09,3.728806482125104107e-11,3.836136782186272431e-04,6.278060953577961906e-09,9.478225675401784345e-02,7.316340794169694622e-09,1.453460630828349396e-09,6.903937523934659721e-19,2.117267511206663130e-16,1.146986400653685090e-10,1.212417630690975392e-12,2.300467171311071010e-05,2.091585241192026323e-01,4.052014392309304797e-02,7.965766464539811298e-02,3.757507502141460501e-10,1.378574360785670468e-05,2.074125821182075882e-10,2.423057851380937752e-11,5.165057162943644821e-06,2.078386751184504355e-11,9.781741115574763348e-03,3.501343461995468688e-08,2.408457981372616984e-03,7.594008834327941686e-08,7.999778244559195518e-04,2.290653981305478872e-09,3.937775282244198466e-05,9.261343245278181520e-06,7.577058524318280779e-12,1.578913660899846980e-10,3.867412132204097151e-10,1.680439730957708426e-05,1.162944080662779388e-13,8.464904814824278020e-05,5.401291363078277963e-08,8.714345314966438591e-08,4.511713512571294188e-10,7.761546044423422883e-13,1.077325450613984186e-04,2.483985821415661428e-12,3.202092041824920925e-17,3.503059891996447287e-06,4.527149622580091296e-08,2.134906061216715277e-05,1.665109630948971476e-11,5.596505763189534299e-01,0.000000000000000000e+00,4.464076902544145554e-10,9.692939975524153134e-07,1.940258301105782905e-10,2.335671561331134839e-08
1.218750000000000042e-02,-8.798770029999999909e-02,0.000000000000000000e+00,1.312887609999999995e+03,2.165107810000000133e-01,2.572773207197671663e-01,2.721212256042835481e-02,1.118651652306487925e-03,4.917143051546996139e+04,-1.068377663999998788e+02,2.553316062264288262e-03,1.130497101002528014e-08,5.294939004695566884e-11,3.914776423471634623e-04,1.072412550951018409e-08,9.638688308547617434e-02,7.929516487031919223e-09,1.230088171090845627e-09,2.744699862434007367e-18,6.498805775763159973e-16,2.262503452006394619e-10,2.674872152372084113e-12,3.021619622679580877e-05,1.923538691705799775e-01,4.134642093666612145e-02,8.144429107222503350e-02,4.943123174383575253e-10,1.413751861253719245e-05,2.649585042349659758e-10,3.228290022862856370e-11,5.286299914687905957e-06,4.129966883662466075e-11,9.994257518862936437e-03,4.569262434052035083e-08,2.459364442180971434e-03,9.297980728245474736e-08,8.097742317181101700e-04,3.363400072982672553e-09,4.021743663566493921e-05,9.521028838443274984e-06,9.845222648730772375e-12,1.877924241665348594e-10,5.495787624873680184e-10,1.710414111516800350e-05,1.836807861628886478e-13,8.639030947661117184e-05,4.745387674208223267e-08,8.820501287822046733e-08,5.368859644761119936e-10,1.416450261256112046e-12,1.100105590975576782e-04,3.082746012733788066e-12,7.107548036302993164e-17,3.583322153177700587e-06,4.645105354119292517e-08,2.182280511935252339e-05,2.606623642311561286e-11,5.719207265071809543e-01,0.000000000000000000e+00,4.670478004141793384e-10,9.481506568408227406e-07,1.952835981731780347e-10,2.313626392051730446e-08
1.228125000000000050e-02,-9.800374089999999705e-02,0.000000000000000000e+00,1.350235719999999901e+03,2.125297800000000015e-01,2.425774775910995440e-01,2.766275554735250775e-02,1.948554018881748940e-03,4.412108426751029037e+04,-1.080714783999999185e+02,2.574924900266892420e-03,1.641225880170114136e-08,7.726531010800859359e-11,3.990179910413584529e-04,1.829334310189611529e-08,9.791914471014938337e-02,8.730114620904881886e-09,1.078852210111823624e-09,1.082147990112165300e-17,2.002372760207547461e-15,4.453905080461650101e-10,5.883417240609820659e-12,3.994558910414038586e-05,1.764301560182870987e-01,4.213375120436718690e-02,8.313744240861724311e-02,6.623450040686525050e-10,1.450933170150390144e-05,3.483571040361074240e-10,4.451323790461382753e-11,5.407565110560498190e-06,8.112291770840844695e-11,1.019559850105677956e-02,6.008810420622816569e-08,2.506959320259848165e-03,1.181516450122464892e-07,8.156116150845386893e-04,5.000576360518313058e-09,4.099808730424947854e-05,9.790012561014739651e-06,1.238894130128412183e-11,2.233014160231453508e-10,7.901505300818995552e-10,1.738964870180244838e-05,2.914019940302039894e-13,8.805330100912678217e-05,4.118559240426891183e-08,8.904789370922987176e-08,6.395651420662913351e-10,2.569625790266343413e-12,1.121677100116262463e-04,3.948150010409228605e-12,1.617690710167674638e-16,3.660510320379414534e-06,4.765887750493987874e-08,2.227211690230852188e-05,4.096291700424583124e-11,5.835318460604833612e-01,0.000000000000000000e+00,4.997156900517959182e-10,9.207267500954339081e-07,2.030864640210500349e-10,2.294279160237803386e-08
1.237500000000000058e-02,-1.081354419999999983e-01,0.000000000000000000e+00,1.387159210000000030e+03,2.087553400000000114e-01,2.286529853706464888e-01,2.809298404634044330e-02,3.392401894384402660e-03,3.957147081235554651e+04,-1.091394666666665643e+02,2.595975870855935907e-03,2.404266540792726373e-08,1.155116690380860944e-10,4.062690161339536118e-04,3.112256191026161669e-08,9.938425013276862285e-02,9.715826703203468808e-09,9.811114583234885598e-10,4.208575861387635890e-17,6.158949622030707526e-15,8.712345822872604086e-10,1.284857500423638542e-11,5.302610571748357860e-05,1.613460680531984548e-01,4.288422701413963090e-02,8.474171332794072642e-02,9.019715482973949303e-10,1.491840980491884584e-05,4.716153041554993043e-10,6.294993372075562588e-11,5.531735261823904523e-06,1.574428900519115052e-10,1.038610250342446827e-02,7.969425962627650603e-08,2.551129660841149668e-03,1.550174340511117982e-07,8.166244892692545122e-04,7.509806382476107826e-09,4.172572401375765648e-05,1.007774300332279782e-05,1.512779870498788241e-11,2.653515570874907970e-10,1.147054340378202674e-09,1.766148940582328364e-05,4.636823291528837201e-13,8.964401182955710683e-05,3.525610581162452018e-08,8.967272762956656931e-08,7.619545932512290708e-10,4.630592601526782195e-12,1.142092860376566854e-04,5.180745631708177093e-12,3.749394051236237170e-16,3.735200091231557051e-06,4.893272521613392350e-08,2.269842100748404448e-05,6.452436452127474578e-11,5.945130141960207615e-01,0.000000000000000000e+00,5.449532731796800548e-10,8.872533292925419525e-07,2.178954520718437155e-10,2.278996290751422847e-08
1.246875000000000067e-02,-1.183672669999999982e-01,0.000000000000000000e+00,1.423603249999999889e+03,2.051759509999999953e-01,2.154659438110941849e-01,2.850413781213445574e-02,5.880391316348208483e-03,3.547910672534628247e+04,-1.100455573333332637e+02,2.616500208875638910e-03,3.544016548477067503e-08,1.760962299243280437e-10,4.132715328224091807e-04,5.269826207735453342e-08,1.007869329566899036e-01,1.088271109532348755e-08,9.208013806043137642e-10,1.607857229309072839e-16,1.882856389190900090e-14,1.689123949274150742e-09,2.775900668807141720e-11,7.045461686972428745e-05,1.470612659368049080e-01,4.359980048126432112e-02,8.626153286293174183e-02,1.245040229464982128e-09,1.538895379338706690e-05,6.574020397175016012e-10,9.054027066109309085e-11,5.662693777566630937e-06,3.014928218704426795e-10,1.056591239545962360e-02,1.065546449542114101e-07,2.591619398886330951e-03,2.086796269103263259e-07,8.117911246511576350e-04,1.135607139512007660e-08,4.241084098177524188e-05,1.039718339553212745e-05,1.797508179227575837e-11,3.149687288646518311e-10,1.676667089279503791e-09,1.791998689229943445e-05,7.383009576827377499e-13,9.116919966082283528e-05,2.971735998722987283e-08,9.008318886128951141e-08,9.069362496102719073e-10,8.275206676443983442e-12,1.161393009500926940e-04,6.913391777029181584e-12,8.798847926218964992e-16,3.808113648363579968e-06,5.032476937837447289e-08,2.310320839007210398e-05,1.016416919563226067e-10,6.048934427400656233e-01,0.000000000000000000e+00,6.032394657407762957e-10,8.488433026352356244e-07,2.405901998966137508e-10,2.269686479024671796e-08
1.256250000000000075e-02,-1.286840380000000006e-01,0.000000000000000000e+00,1.459517470000000003e+03,2.017807520000000077e-01,2.029793893132905702e-01,2.889742551567085413e-02,1.010106159920620347e-02,3.180216783135990045e+04,-1.107959999999998644e+02,2.636495911943967808e-03,5.239058403862916470e-08,2.722300562007234211e-10,4.200769033097353556e-04,8.857663136531022022e-08,1.021314820753046193e-01,1.222810910901615494e-08,8.878160526546135849e-10,6.012819294433432881e-16,5.696878854200480754e-14,3.238962722388184858e-09,5.911344314358612756e-11,9.334474796882589315e-05,1.335368790984607645e-01,4.428227333265066096e-02,8.770113796466470768e-02,1.737400381281037921e-09,1.595456721176378428e-05,9.428565976951966128e-10,1.314614320969304753e-10,5.805552644280608997e-06,5.684944404191680857e-10,1.073486840791514248e-02,1.433950181057294917e-07,2.627949731937666809e-03,2.861533642109894800e-07,8.000012185898651212e-04,1.723037271270447591e-08,4.307087753175746378e-05,1.076578530793793872e-05,2.086388741538357665e-11,3.733340242752704451e-10,2.459693011813606087e-09,1.816514201339371000e-05,1.172899910864814512e-12,9.263696896830402993e-05,2.462547561815710733e-08,9.028803236657209418e-08,1.077561080794518354e-09,1.463213581078871709e-11,1.179599830869754596e-04,9.313775416867327135e-12,2.079122341532999828e-15,3.880176942860971859e-06,5.190605433827189744e-08,2.348808681731847717e-05,1.596663661177268381e-10,6.147021534532384202e-01,0.000000000000000000e+00,6.747710054975290455e-10,8.076275745954881706e-07,2.724667252008979048e-10,2.269040491673031855e-08
1.265625000000000083e-02,-1.390711629999999976e-01,0.000000000000000000e+00,1.494857909999999947e+03,1.985592379999999990e-01,1.911575611825547805e-01,2.927393692192218483e-02,1.710985251702851900e-02,2.850097650547898593e+04,-1.114008213333351733e+02,2.655913921019881219e-03,7.739811882972117589e-08,4.243602221629559840e-10,4.267529151638748265e-04,1.473882510565976628e-07,1.034217720397143658e-01,1.375446780528177040e-08,8.772436003368649329e-10,2.193541310842328619e-15,1.698167260652102955e-13,6.127666322353047954e-09,1.235932240474602985e-10,1.228336690471686131e-04,1.207360180463631083e-01,4.493327951725455821e-02,8.906456213420113621e-02,2.445468590939069569e-09,1.666091920639786028e-05,1.389076420533410624e-09,1.914917440735335917e-10,5.966745522291253700e-06,1.053169350404421209e-09,1.089234820418270508e-02,1.937616010744052204e-07,2.659299021021181274e-03,3.965897201522920470e-07,7.801758612995905989e-04,2.614234751003876320e-08,4.373305191679366166e-05,1.120633190430327705e-05,2.377509770912973280e-11,4.419362981697053016e-10,3.609148641385927294e-09,1.839651870706433571e-05,1.853306530711677202e-12,9.405761453611848283e-05,2.003758600769451434e-08,9.030373263467698951e-08,1.277244500490466832e-09,2.553535730980567526e-11,1.196710710459541674e-04,1.258291040483188667e-11,4.918023751888540409e-15,3.952590511517809934e-06,5.377092562064824952e-08,2.385484930916035594e-05,2.493871010957656508e-10,6.239677172396060900e-01,0.000000000000000000e+00,7.593038542915757048e-10,7.664350792943140540e-07,3.152662761210635012e-10,2.280835710875850050e-08
1.274999999999999918e-02,-1.495149899999999865e-01,0.000000000000000000e+00,1.529590159999999969e+03,1.955008910000000100e-01,1.799661165971208343e-01,2.963464180432789571e-02,2.844484875104695554e-02,2.553818417671385396e+04,-1.118758826666665698e+02,2.674637252929303478e-03,1.138912731247354564e-07,6.636810747268736046e-10,4.333921804746577338e-04,2.421995182652605800e-07,1.046612841146266210e-01,1.547290281694615914e-08,8.876523799721704225e-10,7.778942368519616240e-15,4.962625235435142627e-13,1.140237931248806012e-08,2.526707382767288451e-10,1.599420091751709526e-04,1.086243461189670412e-01,4.555426094989172003e-02,9.035564159895888292e-02,3.466534053796601093e-09,1.756816781924092755e-05,2.095943512295509150e-09,2.784489583049615214e-10,6.153810416739746847e-06,1.912906232095044304e-09,1.103703611208792928e-02,2.621438462871039535e-07,2.684332802939922227e-03,5.511198696035949129e-07,7.514350028229831169e-04,3.954456064330981033e-08,4.443706894866815372e-05,1.174731711286584087e-05,2.676346132931175356e-11,5.228641705726487188e-10,5.279763795782478144e-09,1.861308532038533545e-05,2.904101073180615768e-12,9.544479940453259024e-05,1.600502051752894480e-08,9.015772069874211739e-08,1.510206661654001308e-09,4.388062084805872602e-11,1.212688801328155240e-04,1.694808221856179872e-11,1.157426631267631327e-14,4.026910924410334697e-06,5.604036636137626561e-08,2.420555292651029212e-05,3.862630124230411804e-10,6.327180586929624928e-01,0.000000000000000000e+00,8.561078599376223452e-10,7.279153457972240460e-07,3.712185784065642133e-10,2.310308042530284709e-08
1.284374999999999926e-02,-1.600033539999999865e-01,0.000000000000000000e+00,1.563693629999999985e+03,1.925947369999999881e-01,1.693723283968203985e-01,2.998038780290368868e-02,4.622033901141275880e-02,2.287892713015698973e+04,-1.122448426666665711e+02,2.692451622882648891e-03,1.664569571782156220e-07,1.037235891110507054e-09,4.401238174712145275e-04,3.923324764200471872e-07,1.058531311133306951e-01,1.740564951863520089e-08,9.198650489848452017e-10,2.671058342859744438e-14,1.414783421514725091e-12,2.079805882226725300e-08,5.031371145386791516e-10,2.053987932199083507e-04,9.717077400403499599e-02,4.614642444940624672e-02,9.157804099804719988e-02,4.944833555294140866e-09,1.875238242007706686e-05,3.224006583451753126e-09,4.027169674311652514e-10,6.374657856824970008e-06,3.401032993641285113e-09,1.116660231195542100e-02,3.540414183790512354e-07,2.700985842891785813e-03,7.620351968158660030e-07,7.132914337636789585e-04,5.949918676370226480e-08,4.523696514843254763e-05,1.242243351329996547e-05,2.998557363210378621e-11,6.192958726630434914e-10,7.678703188221133522e-09,1.881299582014196251e-05,4.501626924819625671e-12,9.681710970365636098e-05,1.256386451345138847e-08,8.989217559624223585e-08,1.782226331908124464e-09,7.411204967934738791e-11,1.227451151314159345e-04,2.264978692424978879e-11,2.693598452883876706e-14,4.105135044395125147e-06,5.886284636302096987e-08,2.454259062627630041e-05,5.919595146337760217e-10,6.409802886862596694e-01,0.000000000000000000e+00,9.640611090321631771e-10,6.933628887423425903e-07,4.430820974743818244e-10,2.364587922531624644e-08
1.293749999999999935e-02,-1.705263079999999876e-01,0.000000000000000000e+00,1.597167110000000093e+03,1.898288539999999913e-01,1.593452570277741065e-01,3.031189410896786840e-02,7.314298046319185620e-02,2.049083461629447265e+04,-1.125413226666668436e+02,2.709007252486588749e-03,2.411025582213072328e-07,1.615491021482853769e-09,4.471293434104184773e-04,6.258160775744344366e-07,1.070000710982150077e-01,1.958724521797906579e-08,9.763510528961894544e-10,8.832080908106937559e-14,3.917271963595651057e-12,3.706425963402115468e-08,9.727236788928598836e-10,2.594570742381547873e-04,8.634826737925878348e-02,4.671067214287557418e-02,9.273531058512142489e-02,7.095823186513232249e-09,2.030504251863792916e-05,5.024707734612162363e-09,5.779071415304590832e-10,6.636182706091329460e-06,5.913071905427588932e-09,1.127727721035137395e-02,4.759020564368289332e-07,2.706224582484034660e-03,1.041063170955588575e-06,6.658348546111675544e-04,8.889632408159763663e-08,4.620127264240799268e-05,1.326876271217935263e-05,3.374502013097444123e-11,7.362554766758065070e-10,1.107708021016761437e-08,1.899329841743388711e-05,6.889656226323992427e-12,9.820000669013744584e-05,9.725356688926871240e-09,8.956833268221446895e-08,2.101752411929191455e-09,1.228698091127817832e-10,1.240854831138976709e-04,2.992420162746732769e-11,6.163904285657826387e-14,4.189776123845781025e-06,6.241137785728718756e-08,2.486872962282692492e-05,8.962320328226483352e-10,6.487805835955134937e-01,0.000000000000000000e+00,1.081845670993022557e-09,6.618573006075165655e-07,5.341535014902976435e-10,2.453193552251778049e-08
1.303124999999999943e-02,-1.810770570000000135e-01,0.000000000000000000e+00,1.630035120000000006e+03,1.871898750000000056e-01,1.498559149504808674e-01,3.062974298175548393e-02,1.120617850243195018e-01,1.887896885892405771e+04,-1.127441706666663634e+02,2.723773640778656344e-03,3.454861430987655141e-07,2.503357140715644825e-09,4.546639091299766030e-04,9.826276462809077194e-07,1.081045180309042619e-01,2.206452200630767160e-08,1.061022230303318580e-09,2.781283200795096535e-13,1.048934620299863126e-11,6.433544091839182818e-08,1.821212720520637486e-09,3.217420700919777104e-04,7.613473582176494281e-02,4.724748821350682748e-02,9.383098332682383858e-02,1.023988740292731762e-08,2.232984140638352098e-05,7.876814132251775682e-09,8.216881272348992279e-10,6.942275441984616261e-06,1.004742640287229783e-08,1.136331390324847590e-02,6.347252861814513643e-07,2.695858930770676006e-03,1.396669190399271372e-06,6.098610731743433827e-04,1.316993970376494278e-07,4.741095141355356016e-05,1.432344410409469897e-05,3.857832001102853773e-11,8.817087172520575465e-10,1.581891710452221555e-08,1.914956020547436128e-05,1.039615720297198966e-11,9.962814802848109024e-05,7.469474032135329339e-09,8.927132172552034576e-08,2.481423740709374389e-09,1.997757450571106950e-10,1.252681790358109372e-04,3.898438511114462262e-11,1.378790060394160133e-13,4.283918341224660361e-06,6.687618781911816863e-08,2.518708040720033217e-05,1.338695650382698210e-09,6.561440831875745561e-01,0.000000000000000000e+00,1.208133120345373844e-09,6.303364021801967730e-07,6.481102331852778820e-10,2.588579880740007658e-08
1.307812499999999947e-02,-1.863619400000000037e-01,0.000000000000000000e+00,1.646263130000000046e+03,1.859131410000000040e-01,1.453016801459742213e-01,3.078373829181723850e-02,1.378261028425307455e-01,1.784973394208985701e+04,-1.128830933333333206e+02,2.730190630587879617e-03,4.120644750887280039e-07,3.112890480670284777e-09,4.587720570987853671e-04,1.224876380263747205e-06,1.086416620233933289e-01,2.344267420504780575e-08,1.116112430240327664e-09,5.022934291081565972e-13,1.697647520365546949e-11,8.399015311808521934e-08,2.463707730530499035e-09,3.556741930765856948e-04,7.124927891534178770e-02,4.750563981022917770e-02,9.435736272031755578e-02,1.233633560265632827e-08,2.356560660507427577e-05,9.871891112125671057e-09,9.766263382102925868e-10,7.112010841531397650e-06,1.299347360279782563e-08,1.139378370245337259e-02,7.304863011572923248e-07,2.682659900577645008e-03,1.604626960345517259e-06,5.791689421247098657e-04,1.601759610344899725e-07,4.814470451036678440e-05,1.494349610321771637e-05,4.174028680898775056e-11,9.699804452088616692e-10,1.885790890406059151e-08,1.921616540413773370e-05,1.270931680273664020e-11,1.003778310216139137e-04,6.542997421408874629e-09,8.917673741920202258e-08,2.701986920581806607e-09,2.531311150545055541e-10,1.257882120270853920e-04,4.425387040952899198e-11,2.048549840441104935e-13,4.336079480933668297e-06,6.953608171497289817e-08,2.534474190545737033e-05,1.630435020351074220e-09,6.596718641420441509e-01,0.000000000000000000e+00,1.273927960274309196e-09,6.130021651319950651e-07,7.153114931540248933e-10,2.680386250577155728e-08
1.312499999999999951e-02,-1.916533350000000080e-01,0.000000000000000000e+00,1.662363470000000007e+03,1.846621159999999873e-01,1.408733279238519875e-01,3.093445089839343826e-02,1.677612748698723011e-01,1.687339886638577082e+04,-1.130325333333328217e+02,2.735850260230612407e-03,4.899756430413014538e-07,3.865900220325867602e-09,4.631619580390411851e-04,1.521197040128225964e-06,1.091689030092021506e-01,2.492170210210072021e-08,1.180634140099518846e-09,8.871454830747799475e-13,2.721925170229438428e-11,1.088534240091755686e-07,3.304896280278579133e-09,3.912006180329754049e-04,6.651213800560648592e-02,4.775675050402555105e-02,9.486955670799682161e-02,1.487884140125417901e-08,2.496296160210420025e-05,1.235780290104167409e-08,1.157982480097609640e-09,7.291876570614652783e-06,1.670784810140835044e-08,1.141453610096216341e-02,8.380629920706426296e-07,2.663369850224502847e-03,1.831914530154417248e-06,5.469677550461054822e-04,1.943443380163818206e-07,4.897478190412822503e-05,1.562799950131732809e-05,4.561992470384543184e-11,1.070979200090275711e-09,2.241370610188931230e-08,1.927404830162466500e-05,1.547837030130471645e-11,1.011579670085268901e-04,5.741785160483991057e-09,8.913573470751350455e-08,2.946111670248336234e-09,3.191614650269030400e-10,1.262556600106424425e-04,5.003906900421793752e-11,3.021273840254671689e-13,4.392092420370221882e-06,7.250310770611148205e-08,2.550168270214960578e-05,1.978777950166796662e-09,6.630982430558943763e-01,0.000000000000000000e+00,1.341318200113063308e-09,5.940952270500779675e-07,7.898026710665747524e-10,2.790588470235226328e-08
1.317187499999999956e-02,-1.969517349999999889e-01,0.000000000000000000e+00,1.678349140000000034e+03,1.834345769999999876e-01,1.365677885089805199e-01,3.108190995870835013e-02,2.025623154554221095e-01,1.594676706943319550e+04,-1.132005973333331781e+02,2.740612941170938403e-03,5.809704482482220300e-07,4.797276152049657000e-09,4.679015961999129572e-04,1.882915230804483501e-06,1.096864450468639923e-01,2.651478771132855581e-08,1.255759370536528680e-09,1.550371490662402800e-12,4.326660651848583753e-11,1.401122990598635806e-07,4.397776701878968750e-09,4.280647861828924686e-04,6.192226592645655447e-02,4.800066302050848277e-02,9.536809524074642275e-02,1.796543250767580558e-08,2.653592711133758678e-05,1.544600680659937298e-08,1.369899400585295227e-09,7.480575613196107981e-06,2.136891380912995964e-08,1.142397870488094311e-02,9.582724294094259092e-07,2.637168621126741684e-03,2.077361890887561609e-06,5.135539502194181585e-04,2.353625781005596381e-07,4.991255382132534678e-05,1.637955060699823471e-05,5.051431612158245621e-11,1.187748120507470403e-09,2.656878851135162946e-08,1.932196370825538880e-05,1.878428570802566584e-11,1.019768270435700362e-04,5.055432882159954481e-09,8.916852803809764047e-08,3.218199991374989730e-09,4.006217491711673501e-10,1.266649490541181360e-04,5.636287982408127754e-11,4.427066781891482904e-13,4.452501061902349781e-06,7.580204593238674727e-08,2.565829211096261653e-05,2.394402131023018621e-09,6.664260902847333190e-01,0.000000000000000000e+00,1.410121930602480516e-09,5.731613072448855977e-07,8.722650733726790087e-10,2.921966681248422597e-08
1.321874999999999960e-02,-2.022580129999999865e-01,0.000000000000000000e+00,1.694235730000000103e+03,1.822281749999999922e-01,1.323821414197273172e-01,3.122613373798761166e-02,2.426787517277190498e-01,1.506680094232537886e+04,-1.133955413333335969e+02,2.744319751053333513e-03,6.869971332636855123e-07,5.950670852284005265e-09,4.730709311815756092e-04,2.323599760891851635e-06,1.101944690422951983e-01,2.823723041083810485e-08,1.342876800515427233e-09,2.686413631031107670e-12,6.820231972617762891e-11,1.791441020687596783e-07,5.806527172228679977e-09,4.659757531788523313e-04,5.747903962206178663e-02,4.823714051851452772e-02,9.585354973679081902e-02,2.171395770833432096e-08,2.829815781086149139e-05,1.926691690739509201e-08,1.617156360620702006e-09,7.676336962946356585e-06,2.718935321043590539e-08,1.142026930438336425e-02,1.091735250419033375e-06,2.603219190999176043e-03,2.339068210897788285e-06,4.792531371839484598e-04,2.845914691092328041e-07,5.096919061956315641e-05,1.719978810660167620e-05,5.683764232181560290e-11,1.324128390508231060e-09,3.141570001205807503e-08,1.935845100743022420e-05,2.271950520872027256e-11,1.028438100394738294e-04,4.472792591716761226e-09,8.929811043427469066e-08,3.523707691352480702e-09,5.007585181922027262e-10,1.270097710487493199e-04,6.324987282427677412e-11,6.445824982474057206e-13,4.517875991734065244e-06,7.945710583049747953e-08,2.581491760990836299e-05,2.889576991109086552e-09,6.696581922570303824e-01,0.000000000000000000e+00,1.480144100568113727e-09,5.498790982110563723e-07,9.633390213697518295e-10,3.077671171181281478e-08
1.326562499999999964e-02,-2.075734290000000037e-01,0.000000000000000000e+00,1.710041339999999991e+03,1.810404469999999932e-01,1.283136181133365805e-01,3.136712950554518958e-02,2.884831325073054509e-01,1.423061741807642466e+04,-1.136257493333332178e+02,2.746791700730688481e-03,8.102890072155492745e-07,7.381914631963701904e-09,4.787639741273585266e-04,2.859771290760742695e-06,1.106931330294460558e-01,3.010709420800894776e-08,1.443649990384032900e-09,4.617023761228198299e-12,1.066514170283708978e-10,2.275715680605374869e-07,7.609196992024162843e-09,5.046119111342344367e-04,5.318225721414728685e-02,4.846584991289265565e-02,9.632654652562432085e-02,2.626742300698753418e-08,3.026285210805037886e-05,2.397527360637778667e-08,1.905349360506851906e-09,7.876951982095388422e-06,3.442430520915738809e-08,1.140129750303291861e-02,1.238871970329558789e-06,2.560700100681185132e-03,2.614428000695477408e-06,4.444124991182204815e-04,3.436562600914177584e-07,5.215553261387416537e-05,1.808922100481200805e-05,6.517875341733854481e-11,1.485002960395033433e-09,3.706018700985856920e-08,1.938180160515585605e-05,2.739162710728658961e-11,1.037695520276042807e-04,3.982438411059389547e-09,8.955057492382181312e-08,3.869399981029319784e-09,6.234646871658510661e-10,1.272830550338592320e-04,7.073045201881537346e-11,9.327210202481180664e-13,4.588808031220692765e-06,8.349189852221012356e-08,2.597183880690890663e-05,3.478792180925411547e-09,6.727972451789743236e-01,0.000000000000000000e+00,1.551180110412637691e-09,5.240895821394157954e-07,1.063684910282956304e-09,3.261286520867551558e-08
1.331249999999999968e-02,-2.128996360000000032e-01,0.000000000000000000e+00,1.725786589999999933e+03,1.798688350000000047e-01,1.243596045527082389e-01,3.150489313029473937e-02,3.400067726711971661e-01,1.363968366897287524e+04,-1.138287786666620605e+02,2.747829510179999185e-03,9.534136020624543354e-07,9.162696550600212949e-09,4.850912750317763734e-04,3.511515890230025356e-06,1.111825710072831264e-01,3.214622960210577274e-08,1.560090180102195179e-09,7.866780340515322862e-12,1.654930610108407882e-10,2.872876120188190539e-07,9.900096950648515831e-09,5.436322810356111800e-04,4.903211890321190064e-02,4.868634220318925065e-02,9.678778030634017926e-02,3.179913140208303063e-08,3.244278010212519621e-05,2.975298850194899943e-08,2.241066000146803428e-09,8.079846850529278312e-06,4.337737740284148098e-08,1.136467240074445426e-02,1.399845320091698300e-06,2.508844090164344832e-03,2.900212310189981618e-06,4.093916680268176169e-04,4.145120450271530481e-07,5.348206540350339413e-05,1.904702820124769535e-05,7.637667600500314313e-11,1.676618380109828665e-09,4.362440590285766690e-08,1.939002230127016388e-05,3.292614790215685952e-11,1.047660470068628047e-04,3.573112140234060163e-09,8.995550740589261641e-08,4.263776150279303269e-09,7.733840840506613241e-10,1.274769430083505083e-04,7.884580330516487235e-11,1.341343970087866177e-12,4.665900180305644953e-06,8.792946700575992270e-08,2.612923610171162376e-05,4.179155380273759525e-09,6.758458500442720007e-01,0.000000000000000000e+00,1.623025870106317871e-09,4.958104340324786612e-07,1.173986400076903278e-09,3.476918590227759538e-08
1.333593750000000057e-02,-2.155674979999999963e-01,0.000000000000000000e+00,1.733645330000000058e+03,1.792881789999999920e-01,1.224240811073028928e-01,3.157257052875477032e-02,3.687141298541654066e-01,1.324956169248382321e+04,-1.139787520000042207e+02,2.747724741499913987e-03,1.033520310564172772e-06,1.021564460557646407e-08,4.885453762666846448e-04,3.889051172122935897e-06,1.114239120608235128e-01,3.324102871814544475e-08,1.625148600887127928e-09,1.030234810562379190e-11,2.057170371122957688e-10,3.221672881758630333e-07,1.126646830615008305e-08,5.631703913074205927e-04,4.701179532566256147e-02,4.879330722663503817e-02,9.701437995295772443e-02,3.500341511910748583e-08,3.361956351835207598e-05,3.311801431807829244e-08,2.429404771326151113e-09,8.181146054465883254e-06,4.861884012653980254e-08,1.133865360618948638e-02,1.485637230810971967e-06,2.479113301353285444e-03,3.045885301662672276e-06,3.919390702139496745e-04,4.553021342485380147e-07,5.420277062958793463e-05,1.955124641067253283e-05,8.350185134558156957e-11,1.787083430975524054e-09,4.730863762582459917e-08,1.938753841058317253e-05,3.606879121968904864e-11,1.052963760574786577e-04,3.394956711853221705e-09,9.022854354925350200e-08,4.483656112447514982e-09,8.605011574697260302e-10,1.275406060696212087e-04,8.316588954539817060e-11,1.606309010876843723e-12,4.707030312569449924e-06,9.031061034929829065e-08,2.620817831430638533e-05,4.579070732499599742e-09,6.773375943697416135e-01,0.000000000000000000e+00,1.659199200905715179e-09,4.807869202624495623e-07,1.233281030673217012e-09,3.598734661964458453e-08
1.335937499999999972e-02,-2.182388749999999988e-01,0.000000000000000000e+00,1.741497710000000097e+03,1.787105459999999979e-01,1.205164383717124005e-01,3.163943024808726218e-02,3.988810101894785798e-01,1.286902442853488537e+04,-1.141419093333284991e+02,2.747176733170933298e-03,1.119794781292524816e-06,1.139414301315170711e-08,4.922102745681344827e-04,4.305389964969503657e-06,1.116629801288871598e-01,3.438948413969411612e-08,1.695141671956620047e-09,1.345194681552693177e-11,2.552685882946441383e-10,3.607648694164134036e-07,1.280057141477508088e-08,5.826716066725495368e-04,4.502859985197433385e-02,4.889796905644056002e-02,9.723832071223748041e-02,3.853728874448172409e-08,3.485528724023176698e-05,3.683689074251903974e-08,2.632761503038869228e-09,8.281934409559436514e-06,5.443341946282985980e-08,1.130715061305129568e-02,1.574845791817768305e-06,2.446791382824212678e-03,3.192729193685213086e-06,3.745784364323577866e-04,5.000227865771520985e-07,5.496262026344069337e-05,2.007164382316772657e-05,9.186420090603439727e-11,1.908583582202985317e-09,5.128143655919168434e-08,1.938034222236979069e-05,3.948636244557719732e-11,1.058497421221772373e-04,3.233224313731954474e-09,9.055307480452103271e-08,4.720183145448278931e-09,9.566735241042418265e-10,1.275809271472604903e-04,8.767085740119423233e-11,1.920752922217032357e-12,4.749938485482623907e-06,9.280178360711660202e-08,2.628723793034208592e-05,5.015306615788925618e-09,6.788075287835146909e-01,0.000000000000000000e+00,1.695513801957049609e-09,4.652237505369852492e-07,1.295387521495203120e-09,3.730491324305925835e-08
1.338281250000000061e-02,-2.209140759999999870e-01,0.000000000000000000e+00,1.749346890000000030e+03,1.781356080000000008e-01,1.186363896687492592e-01,3.170546844851879903e-02,4.307320715154187574e-01,1.249776459192292350e+04,-1.143189333333385207e+02,2.746154712319167409e-03,1.212752551024187230e-06,1.271591581073877549e-08,4.961061204189688061e-04,4.764887224024016066e-06,1.118997850945009920e-01,3.559638973006165927e-08,1.770504031495216224e-09,1.753570761480915873e-11,3.162806182671035477e-10,4.034638023407310355e-07,1.452182551226389216e-08,6.020889935084728370e-04,4.308265813638392783e-02,4.900022594138139787e-02,9.745971768230612953e-02,4.243697763583863656e-08,3.615158183053053905e-05,4.094676403458013350e-08,2.852454982408939227e-09,8.381836617078581049e-06,6.088149645141530399e-08,1.126978080951749304e-02,1.667439251408176591e-06,2.411817352036814757e-03,3.340194772820843006e-06,3.573550423017915283e-04,5.490909594637152677e-07,5.576284404709252584e-05,2.060764951740345853e-05,1.017309480859132516e-10,2.042611971725015404e-09,5.556693064692707276e-08,1.936807841635662433e-05,4.320383263648625745e-11,1.064281010898800699e-04,3.086695682606759084e-09,9.093403837679510676e-08,4.975262864201681255e-09,1.062877640897615441e-09,1.275966821077572429e-04,9.237431497801144842e-11,2.294033351937344222e-12,4.794697414049190760e-06,9.540589898057166322e-08,2.636638772226679656e-05,5.491561584637703097e-09,6.802559525744860114e-01,0.000000000000000000e+00,1.731966191462670340e-09,4.491702673793307952e-07,1.360456661148925421e-09,3.872919993270736805e-08
1.340624999999999976e-02,-2.235934260000000118e-01,0.000000000000000000e+00,1.757196149999999989e+03,1.775630360000000074e-01,1.167836582888950314e-01,3.177068008389783565e-02,4.643665160920991131e-01,1.213548812787560018e+04,-1.145107199999952456e+02,2.744626729858470546e-03,1.312955349932296014e-06,1.420126939926769610e-08,5.002548439742037813e-04,5.272346809728125805e-06,1.121343329942176698e-01,3.686725009809889791e-08,1.851723259904513720e-09,2.283626939882242484e-11,3.913497579798196110e-10,4.506769039767603826e-07,1.645161369915165510e-08,6.213774269679580567e-04,4.117411379787681153e-02,4.909996369746810752e-02,9.767869439496310036e-02,4.674263929758966475e-08,3.751013309806574988e-05,4.548776899765437310e-08,3.089936789840664079e-09,8.480479729562695002e-06,6.802834849649203853e-08,1.122614389942111317e-02,1.763372299909069768e-06,2.374142019877574939e-03,3.487735369820151038e-06,3.403130469824513691e-04,6.029733919689070366e-07,5.660468419708112085e-05,2.115856039890893822e-05,1.134267859941510145e-10,2.190892929887024182e-09,6.019180159689614393e-08,1.935036379900217679e-05,4.724858109756357508e-11,1.070335229944807068e-04,2.954224129847662441e-09,9.137670219528806750e-08,5.251099759729221970e-09,1.180180229939142609e-09,1.275865899934208801e-04,9.729298349498298247e-11,2.737017889858862609e-12,4.841377629750349206e-06,9.812588599494003500e-08,2.644558409863630494e-05,6.011931089689988461e-09,6.816831589648482126e-01,0.000000000000000000e+00,1.768561899908802021e-09,4.326839319776882025e-07,1.428652709926330156e-09,4.026817399792352805e-08
1.342968750000000065e-02,-2.262772710000000020e-01,0.000000000000000000e+00,1.765048839999999927e+03,1.769925049999999944e-01,1.149579772205681083e-01,3.183505927492442933e-02,4.998671236290671560e-01,1.178191895335110348e+04,-1.147177813333370295e+02,2.742559620786193600e-03,1.421027270407357689e-06,1.587398660455050527e-08,5.046803541446737368e-04,5.833202641672170678e-06,1.123666280322114935e-01,3.820833611095295989e-08,1.939351300555942639e-09,2.972057640851982309e-11,4.836636401386491656e-10,5.028614321441524585e-07,1.861387810533593332e-08,6.404934281836066352e-04,3.930312751126679993e-02,4.919705351410303545e-02,9.789538312806310427e-02,5.149956181476308335e-08,3.893270431116061442e-05,5.050454881447785411e-08,3.346835000959417896e-09,8.577498292458862083e-06,7.594599412177099372e-08,1.117582230320370885e-02,1.862584590533936291e-06,2.333729260668996469e-03,3.634803181041968274e-06,3.234952710927345020e-04,6.621955141898278323e-07,5.748940261648015826e-05,2.172352940622735782e-05,1.273505770365068621e-10,2.355431380675217968e-09,6.518571991868641426e-08,1.932678390554029747e-05,5.165107281480651636e-11,1.076681990308646245e-04,2.834741380812618946e-09,9.188669062634063834e-08,5.550237981591054769e-09,1.309775120375465733e-09,1.275493130365638146e-04,1.024476450293680750e-10,3.262609320935273631e-12,4.890046741401801745e-06,1.009647000289429717e-07,2.652476410760370331e-05,6.581009691886540347e-09,6.830894341958173577e-01,0.000000000000000000e+00,1.805319340517520673e-09,4.158294641192034229e-07,1.500159250430042191e-09,4.193054351201998495e-08
1.345312499999999981e-02,-2.289659689999999914e-01,0.000000000000000000e+00,1.772908380000000079e+03,1.764236959999999910e-01,1.131590884832940208e-01,3.189859940453831227e-02,5.373235250639849525e-01,1.143678056852268128e+04,-1.149404586666630763e+02,2.739919000882780776e-03,1.537669870495425424e-06,1.776215000572282459e-08,5.094087461641275951e-04,6.453649862079316335e-06,1.125966730362777668e-01,3.962681891276745161e-08,2.034016200655344181e-09,3.866806291245854564e-11,5.971476721923963178e-10,5.605296811805982884e-07,2.103562690677751667e-08,6.593953742124521612e-04,3.746987501207250243e-02,4.929135101588128648e-02,9.810992553161025642e-02,5.675917771828736618e-08,4.042116511302339013e-05,5.604729941805800627e-08,3.624989821167943802e-09,8.672539582794224877e-06,8.471435762729430819e-08,1.111838170358225679e-02,1.965005480633109489e-06,2.290557280738000044e-03,3.780855851218162361e-06,3.069429130988946073e-04,7.273522182343472395e-07,5.841829001882192118e-05,2.230155160718538625e-05,1.439960010463943946e-10,2.538572650817908197e-09,7.058189782274094221e-08,1.929689120621731004e-05,5.644552801818631516e-11,1.083344500349045210e-04,2.727261620878702931e-09,9.247001252979312580e-08,5.875623311893080259e-09,1.453010440468148685e-09,1.274834540410741735e-04,1.078642650347530398e-10,3.886217141252108967e-12,4.940768391591877391e-06,1.039253320334839395e-07,2.660384280857155199e-05,7.204001072321074124e-09,6.844750572205325900e-01,0.000000000000000000e+00,1.842273560593566429e-09,3.986777031284508519e-07,1.575187430507513091e-09,4.372585901408813849e-08
1.347656250000000069e-02,-2.316598860000000093e-01,0.000000000000000000e+00,1.780778219999999919e+03,1.758562989999999937e-01,1.113867438214165423e-01,3.196129304881729916e-02,5.768416669981727418e-01,1.109981247794241244e+04,-1.151793066666702146e+02,2.736669291701886338e-03,1.663678451034612226e-06,1.989912951237491806e-08,5.144685593199389102e-04,7.140789264440730205e-06,1.128244690701635383e-01,4.113094652557860565e-08,2.136436221328611949e-09,5.030811403128573062e-11,7.366507214581100778e-10,6.242597913882162059e-07,2.374750281476815075e-08,6.780438854216634236e-04,3.567454642218537142e-02,4.938269423071022651e-02,9.832247446114500411e-02,6.258025493891754954e-08,4.197752432610508413e-05,6.217287163866421089e-08,3.926494752441816921e-09,8.765268715450966140e-06,9.442248635871967024e-08,1.105337190687389649e-02,2.070558811287643821e-06,2.244619681395889580e-03,3.925364772441114686e-06,2.906952611807782252e-04,7.991205984969589652e-07,5.939267703693525976e-05,2.289144741423578873e-05,1.639777971019749036e-10,2.743076561705870984e-09,7.641775454752284895e-08,1.926020081197757632e-05,6.167066863835189002e-11,1.090347330678067747e-04,2.630884011636100586e-09,9.313309235791782879e-08,6.230683893874752211e-09,1.611417861002112339e-09,1.273875560792200705e-04,1.135753930706305292e-10,4.626326562877030956e-12,4.993601153105432078e-06,1.070108100665481396e-07,2.668270921659350318e-05,7.886840624904686278e-09,6.858402984265119517e-01,0.000000000000000000e+00,1.879480271168815687e-09,3.813042932371264121e-07,1.653984311028583664e-09,4.566462972839802532e-08
1.349999999999999985e-02,-2.343594009999999950e-01,0.000000000000000000e+00,1.788661820000000034e+03,1.752900129999999945e-01,1.096407041454023068e-01,3.202313163983913635e-02,6.185500234116001472e-01,1.077077149998307868e+04,-1.154342399999958388e+02,2.732773712819778003e-03,1.799961021857266882e-06,2.232481752303557993e-08,5.198910705364429789e-04,7.902800008154403083e-06,1.130500141166492223e-01,4.273025574409067541e-08,2.247436782318988826e-09,6.547055796755495859e-11,9.081830349370970881e-10,6.947083007168259101e-07,2.678446582763720912e-08,6.964022427185738006e-04,3.391734453499718055e-02,4.947090185104591892e-02,9.853319440167022936e-02,6.903034877122808617e-08,4.360396644499219942e-05,6.894607767114113160e-08,4.253746094389174055e-09,8.855373149137303894e-06,1.051699601085182831e-07,1.098032761132991010e-02,2.179167782248546200e-06,2.195926302265838615e-03,4.067823634197331796e-06,2.747893802835379507e-04,8.782750389062369506e-07,6.041394256233735652e-05,2.349184422423976329e-05,1.880656241940531439e-10,2.972209953066837056e-09,8.273570458536978452e-08,1.921618751982797732e-05,6.737060146951549665e-11,1.097716541132664846e-04,2.544794162625813490e-09,9.388280429687178472e-08,6.619431776830177129e-09,1.786747151843632328e-09,1.272600991313117184e-04,1.196219321234303660e-10,5.505214135680485472e-12,5.048597135209330343e-06,1.102241991137334453e-07,2.676122242761322712e-05,8.636336828911294368e-09,6.871854217090636041e-01,0.000000000000000000e+00,1.917019931978052676e-09,3.637882533753702931e-07,1.736841851792138022e-09,4.775845744927895424e-08
1.352343750000000074e-02,-2.370648909999999998e-01,0.000000000000000000e+00,1.796562640000000101e+03,1.747245520000000052e-01,1.079207388124797107e-01,3.208410562771261271e-02,6.626012457144718759e-01,1.044940729367613130e+04,-1.157053440000037909e+02,2.728194209426803782e-03,1.947560939590815720e-06,2.508718589472916174e-08,5.257106308895477228e-04,8.749146778161795868e-06,1.132733039762011951e-01,4.443582929066399807e-08,2.367971039502487385e-09,8.525425218208800667e-11,1.119222839764850361e-09,7.726248648376709117e-07,3.018661739365776608e-08,7.144368488498962317e-04,3.219848309323507241e-02,4.955577088958829091e-02,9.874226287925416679e-02,7.618758558399292418e-08,4.530289169048182251e-05,7.644125088393963820e-08,4.609502849031539352e-09,8.942566518121158355e-06,1.170685279754038004e-07,1.089876939771015907e-02,2.290760169518709409e-06,2.144503899549438271e-03,4.207756909115946996e-06,2.592597869455293223e-04,9.657052277971045177e-07,6.148352128708226038e-05,2.410115379493632848e-05,2.172281899543601913e-10,3.229863099321402953e-09,8.958410128117830343e-08,1.916428149597356945e-05,7.359587798453744342e-11,1.105479759767737742e-04,2.468264619481415471e-09,9.472650798009788935e-08,7.046590248519505770e-09,1.981007379583788647e-09,1.270994929732962827e-04,1.260554119735156315e-10,6.549851858623870292e-12,5.105800408927267393e-06,1.135685979761391483e-07,2.683920659436106265e-05,9.460336828012375326e-09,6.885106838553434194e-01,0.000000000000000000e+00,1.955001949589252478e-09,3.462104339272609006e-07,1.824107079616753616e-09,5.002018778949071420e-08
1.354687499999999989e-02,-2.397767349999999908e-01,0.000000000000000000e+00,1.804484079999999949e+03,1.741596450000000018e-01,1.062266268235598082e-01,3.214420424011617955e-02,7.091558205113860369e-01,1.013549747633561856e+04,-1.159921493333291806e+02,2.722891509918061188e-03,2.107683939936574103e-06,2.824418579915005967e-08,5.319650789839917848e-04,9.690813609708378903e-06,1.134943309965846664e-01,4.626061369860789877e-08,2.499144359924794496e-09,1.111206439966560933e-10,1.379109819958499141e-09,8.588683949741543399e-07,3.400015489897684852e-08,7.321177169779686513e-04,3.051818679908162649e-02,4.963707459850628945e-02,9.894987269702233690e-02,8.414281869746792196e-08,4.707695879858333538e-05,8.474397659744983212e-08,4.996956849849628809e-09,9.026591399728366104e-06,1.302438319960806305e-07,1.080820499967475277e-02,2.405275129927618776e-06,2.090396569937094488e-03,4.344728769869256289e-06,2.441381099926532498e-04,1.062437839968028559e-06,6.260290749811611786e-05,2.471754749925618482e-05,2.526910489923958966e-10,3.520696629894053190e-09,9.701837489708046702e-08,1.910386309942511423e-05,8.040477509758040161e-11,1.113666369966486970e-04,2.400654549927758367e-09,9.567208869712097950e-08,7.517755339773771711e-09,2.196513809933901354e-09,1.269040779961811045e-04,1.329409199959994667e-10,7.793011279765488140e-12,5.165245009844564071e-06,1.170471239964777481e-07,2.691644549919001267e-05,1.036792019968800233e-08,6.898163329792416087e-01,0.000000000000000000e+00,1.993568779940008433e-09,3.286518819901100094e-07,1.916193739942336713e-09,5.246408169842121700e-08
1.357031250000000078e-02,-2.424953009999999964e-01,0.000000000000000000e+00,1.812429440000000113e+03,1.735950410000000055e-01,1.045581552101877004e-01,3.220341553283487257e-02,7.582671405875093251e-01,9.908527849678181155e+03,-1.162177545290895608e+02,2.716824989995480621e-03,2.281730699996204110e-06,3.186557019994698855e-08,5.386962039991038172e-04,1.074048679998213215e-05,1.137130849998108373e-01,4.821984199991978359e-08,2.642240159995604421e-09,1.450217309997587521e-10,1.699488129997172939e-09,9.544211389984122847e-07,3.827830149993632251e-08,7.494190919987533169e-04,2.887668919995196176e-02,4.971455859991729537e-02,9.915623229983504261e-02,9.300166639984528491e-08,4.892913239991860297e-05,9.395242379984371506e-08,5.419795469990983444e-09,9.107221029984850045e-06,1.448362789997590393e-07,1.070813059998218693e-02,2.522682769995803346e-06,2.033665789996616773e-03,4.478357739992550122e-06,2.294527109996182825e-04,1.169663289998054183e-06,6.377365209989391346e-05,2.533893109995784691e-05,2.960127529995075433e-10,3.850327099993594919e-09,1.051024409998251493e-07,1.903425759996833490e-05,8.786483269985383023e-11,1.122307629998133021e-04,2.341408859996104777e-09,9.672799729983909530e-08,8.039605609986625523e-09,2.435925839995947602e-09,1.266721179997892842e-04,1.403608999997664990e-10,9.274223219984571182e-12,5.226952649991304433e-06,1.206629059997992827e-07,2.699267539995509841e-05,1.136962729998108623e-08,6.911026109988503974e-01,0.000000000000000000e+00,2.032900969996617927e-09,3.111920559994823201e-07,2.013599739996650161e-09,5.510600769990832991e-08
1.358203120000000055e-02,-2.438572220000000124e-01,0.000000000000000000e+00,1.816412340000000086e+03,1.733127770000000012e-01,1.037333165544883085e-01,3.223268735237347360e-02,7.844833724654605156e-01,9.756311867090846135e+03,-1.163718128136027588e+02,2.713488471285753923e-03,2.374603041125177508e-06,3.388117491605419457e-08,5.422594702569432084e-04,1.131133900535974289e-05,1.138216170539330108e-01,4.925715892333992170e-08,2.718845221288292632e-09,1.659842970786496741e-10,1.887237400894245302e-09,1.006131160476743120e-06,4.061402481924446635e-08,7.579209553591317915e-04,2.807046791330085680e-02,4.975176322357428155e-02,9.925905744703272804e-02,9.781468134634831811e-08,4.988614782363795676e-05,9.894046394688177000e-08,5.646075082675325451e-09,9.146194364333814922e-06,1.527243260723666069e-07,1.065430290504841560e-02,2.582539261223705486e-06,2.004333810949729747e-03,4.543830162153039745e-06,2.222816051053255011e-04,1.227758480581758820e-06,6.437917253050530540e-05,2.565070481215427772e-05,3.213855341522847084e-10,4.032320331910667285e-09,1.094174350518461416e-07,1.899571240900089160e-05,9.186812344353061003e-11,1.126813020533926882e-04,2.314752621096818106e-09,9.730109744610496302e-08,8.322708723943617260e-09,2.565768501215758486e-09,1.265416520599602600e-04,1.443123010683806632e-10,1.012168960479604088e-11,5.258670552491758585e-06,1.225242310580566540e-07,2.703030101280798564e-05,1.191073510564376052e-08,6.917386853277721626e-01,0.000000000000000000e+00,2.052958280972769882e-09,3.025246831433477058e-07,2.064584500978278910e-09,5.650871812677597980e-08
1.359374999999999993e-02,-2.452209599999999878e-01,0.000000000000000000e+00,1.820402419999999893e+03,1.730305020000000027e-01,1.029148310700497143e-01,3.226173190697348425e-02,8.114695417205564087e-01,9.606178805907424248e+03,-1.165315265345174396e+02,2.709944898718138692e-03,2.471608268830876752e-06,3.604721638294890379e-08,5.459601967417492593e-04,1.191513879436388744e-05,1.139295749461089052e-01,5.033529277619034170e-08,2.799032458675998374e-09,1.900546309101001209e-10,2.095983869008555491e-09,1.060627749498300618e-06,4.309060387961723374e-08,7.663192166375147911e-04,2.727406938709878853e-02,4.978789977644926951e-02,9.936165605299983328e-02,1.029029439513247227e-07,5.086404387594023409e-05,1.042010169507107193e-07,5.882911567217258612e-09,9.184243225655657370e-06,1.610299179238294508e-07,1.059789419498697108e-02,2.643128098749744662e-06,1.974374749066079224e-03,4.608339187820157809e-06,2.152290218981921038e-04,1.289030099390261415e-06,6.499817926925447386e-05,2.596280108771904465e-05,3.495452408346576947e-10,4.226746358000659405e-09,1.139242829461114090e-07,1.895458069103408134e-05,9.606545435455899834e-11,1.131445189464802428e-04,2.290025798916769461e-09,9.790535885368868451e-08,8.621674515921764185e-09,2.702827958721504965e-09,1.264013219402095154e-04,1.484403609297845685e-10,1.104824459477394520e-11,5.290957057497265313e-06,1.244211899411461397e-07,2.706754708719647846e-05,1.248038549409651326e-08,6.923699896724943015e-01,0.000000000000000000e+00,2.073294499019287811e-09,2.939104058609741594e-07,2.117145428998545238e-09,5.796800927257990037e-08
1.360546869999999971e-02,-2.465865580000000112e-01,0.000000000000000000e+00,1.824400020000000040e+03,1.727481919999999949e-01,1.021026744818085141e-01,3.229054724262706705e-02,8.393983881719694340e-01,9.457449465076710112e+03,-1.166923234460752923e+02,2.706188723387249837e-03,2.573007723220550791e-06,3.837868254803736475e-08,5.498050316881732428e-04,1.255436931571390075e-05,1.140369561427363870e-01,5.145703726440712212e-08,2.883041793608610903e-09,2.177438232725429635e-10,2.328311402914272513e-09,1.118098221399487570e-06,4.571805745722382663e-08,7.746108259695554587e-04,2.648752663315358594e-02,4.982292696236175628e-02,9.946406022449597040e-02,1.082867161355390070e-07,5.186329336491561333e-05,1.097531311373744658e-07,6.131002087673978486e-09,9.221345561542061819e-06,1.697787132125065563e-07,1.053883861319112464e-02,2.704446003385067961e-06,1.943801202432993537e-03,4.671837765847589007e-06,2.082974802607192699e-04,1.353692991694374043e-06,6.563086118214804738e-05,2.627486683288740736e-05,3.808537944767024693e-10,4.434720605550797103e-09,1.186343191484907597e-07,1.891075912366999153e-05,1.004692901257541815e-10,1.136208701422156050e-04,2.267182182837759118e-09,9.854201762334187441e-08,8.937752851187098636e-09,2.847615333564268543e-09,1.262508851580241675e-04,1.527637581912095023e-10,1.206258471509835078e-11,5.323809856663641769e-06,1.263541751581534595e-07,2.710436293392566318e-05,1.308057721637253875e-08,6.929965518674015001e-01,0.000000000000000000e+00,2.093942272620920001e-09,2.853580463571735326e-07,2.171379022717845604e-09,5.948642997445725050e-08
1.361718750000000082e-02,-2.479540520000000081e-01,0.000000000000000000e+00,1.828405520000000024e+03,1.724658249999999893e-01,1.012968227209107008e-01,3.231913152802561723e-02,8.684651652877591888e-01,9.234528793263420084e+03,-1.169418666666698101e+02,2.702214290285867050e-03,2.679085880283420533e-06,4.089247260432601722e-08,5.538009930585865515e-04,1.323175730139978780e-05,1.141437590120752688e-01,5.262544170556724969e-08,2.971135280314316436e-09,2.496517030264107068e-10,2.587179120273697896e-09,1.178746660124699659e-06,4.850733540513159350e-08,7.827928250828116797e-04,2.571087320271995408e-02,4.985680110527435094e-02,9.956630281053313603e-02,1.139883440120588426e-07,5.288439400559464073e-05,1.156176880122311986e-07,6.391110810676116296e-09,9.257480200979348865e-06,1.789984410189362528e-07,1.047706980110837093e-02,2.766490330292667219e-06,1.912626730202336917e-03,4.734279630500839299e-06,2.014892520213155546e-04,1.421979840150431391e-06,6.627740250701148826e-05,2.658652480281258865e-05,4.157250360439796155e-10,4.657479280492715123e-09,1.235597890130713908e-07,1.886413880199563808e-05,1.050932000111178064e-10,1.141108240120717958e-04,2.246180780237623712e-09,9.921235161049567940e-08,9.272316890980919253e-09,3.000691130317443561e-09,1.260900910133390710e-04,1.573037530166411717e-10,1.317456380139373726e-11,5.357225140566741554e-06,1.283235740135753388e-07,2.714069310287121637e-05,1.371349310145075084e-08,6.936183990733779670e-01,0.000000000000000000e+00,2.114936170223738953e-09,2.768760580292907393e-07,2.227390830235635502e-09,6.106667320646023612e-08
1.364062499999999997e-02,-2.506948769999999826e-01,0.000000000000000000e+00,1.836441060000000107e+03,1.719008419999999981e-01,9.970423392116871397e-02,3.237559289320483813e-02,9.284944006078773571e-01,8.948363348286253313e+03,-1.172823466666631163e+02,2.693595581121997328e-03,2.906174161210545275e-06,4.652483221937956871e-08,5.622648132342072252e-04,1.470971510612722299e-05,1.143555960476339839e-01,5.511096912295606000e-08,3.160359671316424456e-09,3.281834641367023826e-10,3.196194081331350794e-09,1.310183360545747095e-06,5.460833882274669640e-08,7.988170143327413255e-04,2.418754161007514308e-02,4.992095242079420264e-02,9.977034924155860074e-02,1.264208200526596411e-07,5.499286082290686430e-05,1.283461880534616462e-07,6.949840862894904428e-09,9.326778453885000228e-06,1.989315580828634686e-07,1.034526530430924379e-02,2.892636341204906225e-06,1.848543950769997255e-03,4.855810132022652273e-06,1.882507990784144621e-04,1.570111720654018240e-06,6.761197352816326271e-05,2.720722521133296973e-05,4.975240982072400003e-10,5.151256152145717125e-09,1.340930720558554749e-07,1.876221240781526193e-05,1.150467380479218657e-10,1.151326020479576383e-04,2.209582420920385422e-09,1.006571070419279757e-07,1.000100420416584307e-08,3.333438721388519133e-09,1.257368960523747589e-04,1.671011580696047473e-10,1.572419360654979615e-11,5.425699982260034595e-06,1.323710770551381947e-07,2.721170091133483243e-05,1.508375930628302800e-08,6.948478142894336518e-01,0.000000000000000000e+00,2.158023270898908594e-09,2.601523361083645384e-07,2.344947810976770248e-09,6.441913332683330940e-08
1.366406250000000086e-02,-2.534436820000000035e-01,0.000000000000000000e+00,1.844511940000000095e+03,1.713354340000000087e-01,9.813651538834781973e-02,3.243110375952300284e-02,9.935532154562599638e-01,8.668630825310656292e+03,-1.176320853333379404e+02,2.684033800166756804e-03,3.155948110196076652e-06,5.312503080330061357e-08,5.714254050355021793e-04,1.637689480101748186e-05,1.145650820071178327e-01,5.782631470359270068e-08,3.369506330209344387e-09,4.332123920269150940e-10,3.955306720245739987e-09,1.457049630090525398e-06,6.150589350382131547e-08,8.143794240505967778e-04,2.270406120141058373e-02,4.997991750310520898e-02,9.997418840621130620e-02,1.404304700087248415e-07,5.719506000355348741e-05,1.426020480088597636e-07,7.566977980470130541e-09,9.391993710583517059e-06,2.211040950137370145e-07,1.020184770063383393e-02,3.021885480187747478e-06,1.782251010110729849e-03,4.972740540308952665e-06,1.755240450109051681e-04,1.735954180107853340e-06,6.900389290428714652e-05,2.782120980172851101e-05,5.998933530372709481e-10,5.722146660355512451e-09,1.456572730090495706e-07,1.864769290115856517e-05,1.260704600078326423e-10,1.162146580072203212e-04,2.179962750135439281e-09,1.022524020063528501e-07,1.082353660067245750e-08,3.706837290230302919e-09,1.253392700077872338e-04,1.780864520110643641e-10,1.880149190116812198e-11,5.496331440341482940e-06,1.365681040084848506e-07,2.727997930169488285e-05,1.661472800103225808e-08,6.960587460432454687e-01,0.000000000000000000e+00,2.202981620136869395e-09,2.437985300151470276e-07,2.471137630153529890e-09,6.805373420422812354e-08
1.368750000000000001e-02,-2.562006840000000119e-01,0.000000000000000000e+00,1.852620280000000093e+03,1.707695100000000132e-01,9.659349543836867613e-02,3.248564329292306929e-02,1.063861587663909924e+00,8.466013628110393256e+03,-1.178984016998473123e+02,2.673478942329762364e-03,3.431703022990505355e-06,6.090379135307367688e-08,5.813556055066133616e-04,1.826368791591561174e-05,1.147721851000164661e-01,6.080788305299009999e-08,3.601569903138532905e-09,5.743498555005083379e-10,4.904599064274038244e-09,1.621572321413094510e-06,6.932338366041080136e-08,8.294662287228256759e-04,2.126072981852733870e-02,5.003324064360070017e-02,1.001781480872987046e-01,1.562745301361830494e-07,5.949597135184685594e-05,1.586144061382221025e-07,8.251063027190262979e-09,9.452968988237644103e-06,2.457981372141970125e-07,1.004627720875467430e-02,3.154455852748902466e-06,1.713888001493541402e-03,5.084843514431108520e-06,1.633168451423199711e-04,1.922155021675032524e-06,7.045434896139635963e-05,2.842452172477011384e-05,7.287736406350787092e-10,6.385833665564836716e-09,1.583906131380270936e-07,1.851950561613854022e-05,1.383219401205385447e-10,1.173614121022728015e-04,2.157186081879846921e-09,1.040100970906380021e-07,1.175699811024545581e-08,4.127092343596491291e-09,1.248949441088378074e-04,1.905577981660586738e-10,2.252786561963156563e-11,5.569022644853040042e-06,1.409173911228003016e-07,2.734486862382926465e-05,1.833127891597451040e-08,6.972513966076090419e-01,0.000000000000000000e+00,2.250168571960875002e-09,2.278635431985681782e-07,2.607235802272035693e-09,7.199789406274147065e-08
1.369921869999999979e-02,-2.575822999999999863e-01,0.000000000000000000e+00,1.856689190000000053e+03,1.704863450000000114e-01,9.583105851498560646e-02,3.251254363620984661e-02,1.102532834643976001e+00,8.330224096073749024e+03,-1.180770215380480863e+02,2.667807941750200730e-03,3.580837192349188810e-06,6.533243144286099293e-08,5.866427193848638109e-04,1.930316681266374052e-05,1.148748410753630128e-01,6.241590234094760570e-08,3.727581372445459151e-09,6.636021604353525696e-10,5.468147583587348268e-09,1.711483831122809769e-06,7.363120154830534508e-08,8.368265905489954883e-04,2.055415251348443814e-02,5.005758853284000831e-02,1.002803400657883703e-01,1.649971631082454777e-07,6.068595783981269314e-05,1.673853641098122728e-07,8.622008705656422005e-09,9.481797776220480964e-06,2.592204601700601702e-07,9.963687866536624291e-03,3.222216362113917563e-06,1.678974701101482170e-03,5.139023513371428507e-06,1.574082961032668461e-04,2.024118501327911770e-06,7.120216704671179060e-05,2.872058021884197951e-05,8.061911025288973318e-10,6.759982084434849671e-09,1.652591631084173784e-07,1.844980721210389394e-05,1.449783330951122387e-10,1.179610860773877215e-04,2.148354411409416016e-09,1.049551530688552569e-07,1.227349240805195798e-08,4.357621462858794082e-09,1.246542140817787016e-04,1.975030191295707935e-10,2.469104581619842620e-11,5.606102633677853484e-06,1.431510200939134568e-07,2.737574861795971117e-05,1.927099731264263025e-08,6.978410414578147813e-01,0.000000000000000000e+00,2.274776081492354788e-09,2.200652831443726363e-07,2.679707601758007476e-09,7.409878994861211239e-08
1.371093749999999917e-02,-2.589660209999999907e-01,0.000000000000000000e+00,1.860768049999999903e+03,1.702030360000000020e-01,9.507475435893125715e-02,3.253919171751087913e-02,1.142880789265271257e+00,8.196232006613325211e+03,-1.182579125670788045e+02,2.661868232114803900e-03,3.738052612969812375e-06,7.016558265574523381e-08,5.921550034704560440e-04,2.041239891621726596e-05,1.149768860913469720e-01,6.410810115093267166e-08,3.860767533067306951e-09,7.676255306098640397e-10,6.100456034846697853e-09,1.806881121435532940e-06,7.822832876215093133e-08,8.440595986705894246e-04,1.985776921577662307e-02,5.008032053978786480e-02,1.003827020797521674e-01,1.743036281384809376e-07,6.190276024918057616e-05,1.767065801403900536e-07,9.013770397161270108e-09,9.509483267555105307e-06,2.734053492172153797e-07,9.877844197847760951e-03,3.290925052614578247e-06,1.643600351305809365e-03,5.191872304124844731e-06,1.516306921204677461e-04,2.132422751694169500e-06,7.196489525717475336e-05,2.901223032304967066e-05,8.935481207099071651e-10,7.165228325692638406e-09,1.724842961370355441e-07,1.837622291459956150e-05,1.520173441207749098e-10,1.185788280942086446e-04,2.141229481701166224e-09,1.059457850841719293e-07,1.282603201019004172e-08,4.602879293656900629e-09,1.244008340988340977e-04,2.049829131628550548e-10,2.707988312151445609e-11,5.643642834483768264e-06,1.454238161155364984e-07,2.740546682177312789e-05,2.026927791610355742e-08,6.984261745548864253e-01,0.000000000000000000e+00,2.300074221827365720e-09,2.123853811687362006e-07,2.755283002189020733e-09,7.628919956061032744e-08
1.372265620000000068e-02,-2.603518499999999958e-01,0.000000000000000000e+00,1.864856980000000021e+03,1.699195870000000108e-01,9.432456385888229877e-02,3.256558401501535166e-02,1.185226188965668337e+00,8.063440890144615878e+03,-1.184367853363893488e+02,2.655652579641693684e-03,3.903996899473265358e-06,7.545254148981978744e-08,5.979046789193295146e-04,2.159764539708600089e-05,1.150783139844733932e-01,6.589151279110977600e-08,4.001714869460079992e-09,8.892062268800264457e-10,6.811133939081027575e-09,1.908201319742541290e-06,8.313908418878270752e-08,8.511604038851596941e-04,1.917162689741332485e-02,5.010136059324021840e-02,1.004852859864423104e-01,1.842463329751411029e-07,6.314708529148006593e-05,1.866239379748203087e-07,9.428016778727950907e-09,9.535987718713384245e-06,2.884064799610876399e-07,9.788678008679290235e-03,3.360608639546579939e-06,1.607785829783074097e-03,5.243319509292560722e-06,1.459835229803035960e-04,2.247559439696754711e-06,7.274249759018543431e-05,2.929882299604694230e-05,9.923622958661084159e-10,7.604877568973934186e-09,1.800909379757017560e-07,1.829858249753111587e-05,1.594698479784840071e-10,1.192153039839152182e-04,2.135819039711830992e-09,1.069836829855655413e-07,1.341792629818962534e-08,4.864121639343722157e-09,1.241344709832515052e-04,2.130708749712520245e-10,2.972301019598971318e-11,5.681617599233424436e-06,1.477360679800671463e-07,2.743389949629856123e-05,2.133106689712196804e-08,6.990068189056884984e-01,0.000000000000000000e+00,2.326096339686158052e-09,2.048266449723643534e-07,2.834208529617602824e-09,7.857345428939871011e-08
1.373437500000000006e-02,-2.617397870000000015e-01,0.000000000000000000e+00,1.868956050000000005e+03,1.696360080000000048e-01,9.358046892464651212e-02,3.259171636663990568e-02,1.229844041788228814e+00,7.932398537569567452e+03,-1.186169967658560296e+02,2.649153473422828729e-03,4.079382535270750828e-06,8.124870190497708396e-08,6.039048397802729328e-04,2.286575212954360879e-05,1.151791161488167486e-01,6.777392278756704242e-08,4.151065225363367979e-09,1.031686201332986264e-09,7.611077699833863499e-09,2.015919652604661428e-06,8.839000381420397218e-08,8.581234191087351538e-04,1.849577552389739671e-02,5.012062736475816904e-02,1.005881471299645419e-01,1.948825562517972621e-07,6.441965148323317242e-05,1.971873772547751973e-07,9.866555492748045230e-09,9.561266782353599236e-06,3.042813973931456384e-07,9.696121212527835861e-03,3.431310774433412347e-06,1.571552552030518451e-03,5.293287146839172015e-06,1.404659401814884801e-04,2.370064823062233159e-06,7.353487789501046213e-05,2.957967373821830762e-05,1.104405321426942755e-09,8.082632180443134744e-09,1.881060742430417650e-07,1.821670632353682552e-05,1.673698312162495679e-10,1.198712091548791441e-04,2.132136802754819001e-09,1.080705771396321798e-07,1.405284171815692150e-08,5.142721056644633215e-09,1.238547761600260991e-04,2.218520002866430586e-10,3.265232164218831238e-11,5.719997477390501174e-06,1.500880521939206928e-07,2.746091123548076673e-05,2.246181942902170945e-08,6.995829979038936663e-01,0.000000000000000000e+00,2.352872843040020892e-09,1.973910982550384261e-07,2.916760903768589835e-09,8.095609570459901122e-08
1.374609369999999983e-02,-2.631298240000000122e-01,0.000000000000000000e+00,1.873065299999999979e+03,1.693523090000000064e-01,9.284245135417804051e-02,3.261758516025065058e-02,1.277003756909042886e+00,7.802519387567529520e+03,-1.187938184797114474e+02,2.642363092329311734e-03,4.264994423759703454e-06,8.761726687723689320e-08,6.101695295378802659e-04,2.422427902135433116e-05,1.152792871016216775e-01,6.976393406149872194e-08,4.309524873798957456e-09,1.199094621057032957e-09,8.512853927504300920e-09,2.130554311878138906e-06,9.401019178287242239e-08,8.649419867624688662e-04,1.783026741571784243e-02,5.013803354419797687e-02,1.006913440887620415e-01,2.062757361818374155e-07,6.572117945793492502e-05,2.084515211837554357e-07,1.033136200910736401e-08,9.585267518449662328e-06,3.210921772830510753e-07,9.600105788462742415e-03,3.503081373088057178e-06,1.534922451353073819e-03,5.341683434708832614e-06,1.350767651190736809e-04,2.500523052204276190e-06,7.434186616553428771e-05,2.985405922631712773e-05,1.231753801085823015e-09,8.602644387583455011e-09,1.965588511732717287e-07,1.813040441598241984e-05,1.757547821549323973e-10,1.205472731062655583e-04,2.130202661877828830e-09,1.092082370962698939e-07,1.473482741298913328e-08,5.440190124795669066e-09,1.235613841089225437e-04,2.314252312040073371e-10,3.590405943165035770e-11,5.758748815076487250e-06,1.524800281344150978e-07,2.748635392422993398e-05,2.366755632086356606e-08,7.001547316172046509e-01,0.000000000000000000e+00,2.380426362098407636e-09,1.900799951675604551e-07,3.003244002647437557e-09,8.344187217355617663e-08
1.375781249999999921e-02,-2.645219449999999806e-01,0.000000000000000000e+00,1.877184700000000021e+03,1.690685090000000057e-01,9.211049434689706772e-02,3.264318584862868633e-02,1.326993515563402726e+00,7.674319918669251820e+03,-1.189706196079611686e+02,2.635273282513061598e-03,4.461698364254786224e-06,9.463084049024231205e-08,6.167138455881134886e-04,2.568161732449062568e-05,1.153788181100280918e-01,7.187105246853802064e-08,4.477872644270209628e-09,1.396309991331555714e-09,9.531010729089006859e-09,2.252671452148203066e-06,1.000316320953926326e-07,8.716080578311870579e-04,1.717515901637865425e-02,5.015348604782760011e-02,1.007949370961205432e-01,2.184963602083635493e-07,6.705238346394281723e-05,2.204762902102516447e-07,1.082459981032260769e-08,9.607926599162356290e-06,3.389060683231892187e-07,9.500563999059973702e-03,3.575972873410136216e-06,1.497917981428451614e-03,5.388398045138508890e-06,1.298144981237943157e-04,2.639570172517159678e-06,7.516320497167748756e-05,3.012121552872433866e-05,1.376850431312998582e-09,9.169574858744332742e-09,2.054806881959514558e-07,1.803947681720288970e-05,1.846660981761021546e-10,1.212442551156215194e-04,2.130043042031262055e-09,1.103984681052787017e-07,1.546834541475099691e-08,5.758202445491164403e-09,1.232539171175379804e-04,2.419059832306875503e-10,3.951968713768694965e-11,5.797833315528957290e-06,1.549122341477281373e-07,2.751006592623428222e-05,2.495493132379763920e-08,7.007220426682259085e-01,0.000000000000000000e+00,2.408768692297061435e-09,1.828938261744120783e-07,3.093990742950506067e-09,8.603573498204580840e-08
1.376953120000000072e-02,-2.659161259999999749e-01,0.000000000000000000e+00,1.881314190000000053e+03,1.687846299999999911e-01,9.138458165717128212e-02,3.266851349463761878e-02,1.380130232808698620e+00,7.547248664916054622e+03,-1.191425743250233893e+02,2.627875560803248026e-03,4.670450191427590550e-06,1.023731840312918376e-07,6.235540381905982669e-04,2.724710780832847253e-05,1.154776990352974209e-01,7.410578392265150488e-08,4.656968181423469532e-09,1.629261010498006950e-09,1.068242720326523739e-08,2.382890260728364387e-06,1.064895030325500531e-07,8.781118242684074308e-04,1.653051060505278738e-02,5.016688471533422428e-02,1.008989920308412391e-01,2.316228530707988568e-07,6.841395852091171445e-05,2.333275060713199008e-07,1.134863900346887486e-08,9.629168152943294587e-06,3.577960891093654945e-07,9.397428392872459596e-03,3.650038271115686715e-06,1.460562050446441613e-03,5.433297361660765522e-06,1.246773260381094193e-04,2.787898500852161396e-06,7.599853202323004976e-05,3.038033640928618760e-05,1.542577460471510857e-09,9.788657792992044071e-09,2.149053750656889020e-07,1.794371200548475364e-05,1.941495400593445891e-10,1.219629560372797333e-04,2.131691190651581992e-09,1.116431070341253099e-07,1.625830300496958502e-08,6.098613941864129338e-09,1.229319730375759206e-04,2.534292440774642500e-10,4.354678401331069865e-11,5.837207621784226515e-06,1.573848860481069578e-07,2.753187000841551395e-05,2.633130740804854484e-08,7.012849522143578263e-01,0.000000000000000000e+00,2.437897360745178325e-09,1.758323360537456802e-07,3.189365960974875690e-09,8.874282792712552110e-08
1.378125000000000010e-02,-2.673123339999999848e-01,0.000000000000000000e+00,1.885453629999999976e+03,1.685007000000000033e-01,9.066469773497531914e-02,3.269356300519115494e-02,1.436772148843189489e+00,7.421794793513789045e+03,-1.193127224009530067e+02,2.620160990680589063e-03,4.892305871270780719e-06,1.109413020288171040e-07,6.307076321638268104e-04,2.893117330751489600e-05,1.155759200300209427e-01,7.647974691986568306e-08,4.847760931259210454e-09,1.905176780494871512e-09,1.198672480311356244e-08,2.521888150655062616e-06,1.134225130294615955e-07,8.844413242297344485e-04,1.589638700412910124e-02,5.017812221303381143e-02,1.010035780262357602e-01,2.457425690638318509e-07,6.980656761813232194e-05,2.470775050641786425e-07,1.190607640309261365e-08,9.648901472506310877e-06,3.778416240981447170e-07,9.290631912413249704e-03,3.725329280967657694e-06,1.422878030369593809e-03,5.476219521422452766e-06,1.196631350310825977e-04,2.946261250765293740e-06,7.684736241996116622e-05,3.063057110795631266e-05,1.732345620449978446e-09,1.046577330271849409e-08,2.248691580584099536e-07,1.784288690463470785e-05,2.042557340530556040e-10,1.227042100318725460e-04,2.135187650554616765e-09,1.129440130293373067e-07,1.711008570444436024e-08,6.463486371678895962e-09,1.225951340318441911e-04,2.661532980691335169e-10,4.804006341247844678e-11,5.876822811526509808e-06,1.598981760415337014e-07,2.755157250715654449e-05,2.780484130722233283e-08,7.018434801823044689e-01,0.000000000000000000e+00,2.467791870641011282e-09,1.688945500438704967e-07,3.289769630854520700e-09,9.156847282378498454e-08
1.379296869999999987e-02,-2.687105240000000062e-01,0.000000000000000000e+00,1.889602820000000065e+03,1.682167519999999972e-01,8.995082809926539802e-02,3.271832884476205683e-02,1.497333965939871669e+00,7.297418354373065995e+03,-1.194759702358649349e+02,2.612120211525556512e-03,5.128432362995158016e-06,1.204480310703452666e-07,6.381935633727241295e-04,3.074547281795628049e-05,1.156734700675567662e-01,7.900579414614175094e-08,5.051300022950110916e-09,2.232899651304080329e-09,1.346675710786498819e-08,2.670406101559597279e-06,1.208732530705935963e-07,8.905819945201266146e-04,1.527285840891980627e-02,5.018708292931076120e-02,1.011087690590505433e-01,2.609528961524042964e-07,7.123082384160093041e-05,2.618058121529024055e-07,1.249975620730023068e-08,9.667018475645828890e-06,3.991290862331033292e-07,9.180108005361457130e-03,3.801893682220419706e-06,1.384889790808816910e-03,5.516968663222075319e-06,1.147695330670288441e-04,3.115477191819531928e-06,7.770906714538442417e-05,3.087102231802960251e-05,1.950201571138975912e-09,1.120752800654553173e-08,2.354107951374869340e-07,1.773676581035880275e-05,2.150407151255902061e-10,1.234688990721095176e-04,2.140580651250163002e-09,1.143030620667564147e-07,1.802958841052982173e-08,6.855114034003592506e-09,1.222429550713935529e-04,2.802641431636826457e-10,5.306259063099013901e-11,5.916623833455484957e-06,1.624522660948769709e-07,2.756896121610109989e-05,2.938457891716147433e-08,7.023976454102213163e-01,0.000000000000000000e+00,2.498409101459145754e-09,1.620788160946588692e-07,3.395640441983155558e-09,9.451814755520143372e-08
1.380468749999999925e-02,-2.701106389999999857e-01,0.000000000000000000e+00,1.893761479999999892e+03,1.679328290000000057e-01,8.924295930562775592e-02,3.274280459571252133e-02,1.562313695728757335e+00,7.174595073678006884e+03,-1.196354544445926820e+02,2.603743392302133430e-03,5.380119394756902080e-06,1.310254131158478355e-07,6.460323255711978739e-04,3.270308962891486037e-05,1.157703351023598448e-01,8.169814637223447349e-08,5.268745484658429907e-09,2.623277632319404979e-09,1.514920721339436566e-08,2.829254382501521928e-06,1.288885951139585126e-07,8.965161597926663830e-04,1.466000101296183016e-02,5.019364224437936062e-02,1.012146440894902411e-01,2.773625522452337031e-07,7.268727046426740057e-05,2.775999022454435851e-07,1.313279381161152931e-08,9.683390758561694699e-06,4.217527283728981791e-07,9.065790738015637104e-03,3.879770143430348967e-06,1.346621651190633203e-03,5.555308464911798132e-06,1.099938710972525060e-04,3.296435252914586238e-06,7.858284996948004017e-05,3.110074352749812594e-05,2.200958381946006123e-09,1.202134371062882679e-08,2.465715642180094716e-07,1.762510001558345978e-05,2.265665182003217078e-10,1.242579471098642630e-04,2.147926671899117246e-09,1.157221371023172286e-07,1.902324201681964446e-08,7.276055666433218853e-09,1.218749681077573363e-04,2.959807582616952143e-10,5.868735265188917859e-11,5.956548945266560047e-06,1.650472841459286957e-07,2.758380402438857833e-05,3.108055792748027853e-08,7.029474676215201612e-01,0.000000000000000000e+00,2.529677652236647129e-09,1.553828721373837624e-07,3.507459643101165725e-09,9.759745368629204666e-08
1.381640620000000076e-02,-2.715126110000000148e-01,0.000000000000000000e+00,1.897929260000000113e+03,1.676489760000000051e-01,8.854107887142527444e-02,3.276698375314261030e-02,1.632341919411812725e+00,7.052795488201008084e+03,-1.197857289142306740e+02,2.595020121634270330e-03,5.648791903557449305e-06,1.428294840899499724e-07,6.542461444120257780e-04,3.481877622192787745e-05,1.158665020729694461e-01,8.457253015326138848e-08,5.501381793464615589e-09,3.089657191945778974e-09,1.706541041074731227e-08,2.999318191888885952e-06,1.375201200866062751e-07,9.022224565681942173e-04,1.405789760885326790e-02,5.019766593161307383e-02,1.013212860638092877e-01,2.950933231858414783e-07,7.417635384671417988e-05,2.945560721855031309e-07,1.380860490869627011e-08,9.697866336107443378e-06,4.458156262807621131e-07,8.947614955634956152e-03,3.958975902493251593e-06,1.308098480823803459e-03,5.590953663521024861e-06,1.053332810663359389e-04,3.490098392197965511e-06,7.946772055004652584e-05,3.131873451972365673e-05,2.490353401568354331e-09,1.291555590813385261e-08,2.583952141627299985e-07,1.750762751102581105e-05,2.389018111504536218e-10,1.250723250787670170e-04,2.157290971358601227e-09,1.172031150738112196e-07,2.009802971265717387e-08,7.729175554867616908e-09,1.214906730765114002e-04,3.135612891974720668e-10,6.499966724093495541e-11,5.996529063776444787e-06,1.676833091056022074e-07,2.759584641737908647e-05,3.290391932072195674e-08,7.034929644430401030e-01,0.000000000000000000e+00,2.561489661613154135e-09,1.488039480937125326e-07,3.625753382283397317e-09,1.008120720634885997e-07
1.382812500000000014e-02,-2.729163560000000266e-01,0.000000000000000000e+00,1.902105720000000019e+03,1.673652509999999927e-01,8.784517574134503848e-02,3.279085891916991985e-02,1.708287275973255470e+00,6.870357767324592714e+03,-1.200013653333367643e+02,2.585939420611821186e-03,5.936022881404436097e-06,1.560479740369202409e-07,6.628591651568294194e-04,3.710929750877988657e-05,1.159619550274360728e-01,8.764631222073671623e-08,5.750637941360575035e-09,3.648499790863218452e-09,1.925310100455519382e-08,3.181561620752742791e-06,1.468246950347380370e-07,9.076751652147518586e-04,1.346663870318614425e-02,5.019900891187685510e-02,1.014287840239975758e-01,3.142839300743581054e-07,7.569839001790990127e-05,3.127803300740024148e-07,1.453095830343795734e-08,9.710265652297404637e-06,4.714296411115380941e-07,8.825516502088076240e-03,4.039472830955720769e-06,1.269345770300321424e-03,5.623557421330507445e-06,1.007847250238452032e-04,3.697505200874812642e-06,8.036246451901339735e-05,3.152393310745841654e-05,2.825237730668438528e-09,1.389952240328856275e-08,2.709278140641002930e-07,1.738407210411299224e-05,2.521226110596510369e-10,1.259130590297904539e-04,2.168748170513115745e-09,1.187478550280951985e-07,2.126148520503036994e-08,8.217704371944271581e-09,1.210895390286492360e-04,3.333097440788595914e-10,7.210155931705888800e-11,6.036487091428205231e-06,1.703603480403064763e-07,2.760480980653117410e-05,3.486701510824937331e-08,7.040341531665712527e-01,0.000000000000000000e+00,2.593682740613653333e-09,1.423389130336767233e-07,3.751077550887487746e-09,1.041676980246456013e-07
1.385156249999999929e-02,-2.757288880000000053e-01,0.000000000000000000e+00,1.910482919999999922e+03,1.667983620000000056e-01,8.647149451223869188e-02,3.283766700225974888e-02,1.871705484294601263e+00,6.634977001851252680e+03,-1.202434559999950068e+02,2.566674500354909974e-03,6.571230800908645062e-06,1.874097470259143021e-07,6.813524910942148592e-04,4.227020900584496632e-05,1.161506440160608722e-01,9.444520831305952244e-08,6.303506870871626056e-09,5.103225310705655331e-09,2.459325440340066419e-08,3.585466660495784893e-06,1.676405240231807036e-07,9.177285791269001146e-04,1.231705810170315683e-02,5.019321860694053034e-02,1.016465590140553099e-01,3.575293270494378123e-07,7.884048451090177418e-05,3.533504260488599650e-07,1.612713180222999794e-08,9.728226321345183252e-06,5.275856600729526260e-07,8.569483421184955971e-03,4.203700850581272543e-06,1.191253190164722050e-03,5.678378440785185415e-06,9.201509951272350682e-05,4.156643530574765512e-06,8.217648811136306266e-05,3.189264220440999741e-05,3.655339830505446833e-09,1.616700750223551435e-08,2.982535300412414064e-07,1.711795830236700750e-05,2.814774750389216556e-10,1.276761090176545656e-04,2.198157560303952970e-09,1.220322370168741701e-07,2.387678560330159263e-08,9.311374471287543569e-09,1.202354980166257174e-04,3.803218260525894992e-10,8.902702641231032574e-11,6.116059410845705347e-06,1.758350350243138231e-07,2.761262910381817191e-05,3.924992420542733357e-08,7.051034720974991288e-01,0.000000000000000000e+00,2.658350640367586640e-09,1.297432430179404297e-07,4.023805960556397434e-09,1.113143860153921345e-07
1.387500000000000018e-02,-2.785470939999999951e-01,0.000000000000000000e+00,1.918887050000000045e+03,1.662328690000000053e-01,8.512154974999680546e-02,3.288315687363332213e-02,2.063353718125597869e+00,6.404007019871883131e+03,-1.204283733333370208e+02,2.545834300440386402e-03,7.303263951263341925e-06,2.273844040393336718e-07,7.017805031213962628e-04,4.837110240836738480e-05,1.163362530201242223e-01,1.022926290176949078e-07,6.943088381201037380e-09,7.218059411248602923e-09,3.161525350546890986e-08,4.051016060700758055e-06,1.919302230332006876e-07,9.263804881602482038e-04,1.121196550193948212e-02,5.017470630867938014e-02,1.018689670176216172e-01,4.085987260706806943e-07,8.211383311420431051e-05,4.004230950692664225e-07,1.796045750310685591e-08,9.735068121684002881e-06,5.914020771023026066e-07,8.297089591435257219e-03,4.372794270756419534e-06,1.112562540192454453e-03,5.715956270988764397e-06,8.365164541447032466e-05,4.685111730810445602e-06,8.400953741453224296e-05,3.219657080556946539e-05,4.781290780827083314e-09,1.893163490327485583e-08,3.290154250569141470e-07,1.682392430291025659e-05,3.154729650545715571e-10,1.295578600224113388e-04,2.237050860386971995e-09,1.255918980217252878e-07,2.695247640466232252e-08,1.059265240183234998e-08,1.193070530206381201e-04,4.409252750762726593e-10,1.106367420191382954e-10,6.194405891071528354e-06,1.814718700313915740e-07,2.760418840477505949e-05,4.436696410767474019e-08,7.061557931221530415e-01,0.000000000000000000e+00,2.721630240470796539e-09,1.175561870203352500e-07,4.332353180749423915e-09,1.190884460206003084e-07
1.389843749999999933e-02,-2.813696339999999796e-01,0.000000000000000000e+00,1.927310519999999997e+03,1.656695569999999951e-01,8.379530955271813353e-02,3.292724222457812239e-02,2.286903325043438517e+00,6.177088657832504396e+03,-1.205387519999970749e+02,2.523305519589304734e-03,8.151106328673317353e-06,2.789408509545993500e-07,7.244288378820912342e-04,5.562371379094663656e-05,1.165185889810353287e-01,1.114037829818678203e-07,7.686576428748925473e-09,1.031294669832145597e-08,4.090234569334269551e-08,4.588308909253202496e-06,2.203232299641399809e-07,9.332630088481012193e-04,1.015237609834758990e-02,5.014180889183887657e-02,1.020969769833826035e-01,4.692139789236302772e-07,8.551316618608180192e-05,4.551378619259213683e-07,2.007155709673313498e-08,9.728127018416640731e-06,6.640042618919260260e-07,8.007888788696630039e-03,4.545803079260120860e-06,1.033502169831786166e-03,5.731562539067125725e-06,7.566668408768442516e-05,5.294455409138269035e-06,8.584153718602834647e-05,3.242532869472242288e-05,6.319992078971352075e-09,2.231396909636815656e-08,3.636467319408125217e-07,1.649923789731456864e-05,3.550388009422135973e-10,1.315687369785857542e-04,2.286445759627855818e-09,1.294392509789323674e-07,3.057269859502395779e-08,1.210131269803037945e-08,1.182982949807456655e-04,5.199838369153669208e-10,1.383777489774775044e-10,6.270551618979398981e-06,1.872682029695200504e-07,2.757615639551168227e-05,5.036729639180216912e-08,7.071912138848969187e-01,0.000000000000000000e+00,2.780227869547487379e-09,1.057477899827883907e-07,4.682863209237812341e-09,1.275269759792435833e-07
1.392187500000000022e-02,-2.841947610000000179e-01,0.000000000000000000e+00,1.935743259999999964e+03,1.651094180000000078e-01,8.249277814376700102e-02,3.296981960941715306e-02,2.545948635118007619e+00,6.011191134108538790e+03,-1.205493783440164322e+02,2.498959973205175551e-03,9.137499831719791756e-06,3.462441394440940154e-07,7.496422099614939542e-04,6.429200088246116455e-05,1.166974181496765461e-01,1.220402161565292425e-07,8.554609680972174945e-09,1.487025271907264216e-08,5.324368956829055780e-08,5.208398776680312067e-06,2.535304563251791059e-07,9.378979822029514949e-04,9.139481311722333357e-03,5.009255476424889775e-02,1.023317031312510339e-01,5.414768636945002646e-07,8.902674411418605145e-05,5.187668336653723111e-07,2.250582292886605363e-08,9.703973442446352249e-06,7.466177199576146690e-07,7.701485639877954543e-03,4.720970066055134045e-06,9.543211942240160473e-04,5.719244147335523694e-06,6.803380498726040702e-05,5.997904607692935714e-06,8.764556031241452683e-05,3.256754564177126264e-05,8.437657240822171318e-09,2.646183543394005048e-08,4.025811405163520805e-07,1.614094202070243540e-05,4.012955285147031614e-10,1.337204131715103112e-04,2.347616053011061287e-09,1.335840511713354290e-07,3.483109794467449538e-08,1.388609431781035633e-08,1.172021841503239709e-04,6.241484928005353089e-10,1.741446852233586330e-10,6.343311068135954530e-06,1.932194062478239418e-07,2.752454823530309149e-05,5.743050377366058129e-08,7.082098099083525833e-01,0.000000000000000000e+00,2.829488723629113079e-09,9.429372822094149322e-08,5.082313546518593974e-09,1.366546951752738350e-07
1.393359370000000000e-02,-2.856074430000000164e-01,0.000000000000000000e+00,1.939958270000000084e+03,1.648310119999999990e-01,8.185032019439678064e-02,3.299049879526574913e-02,2.699027930488434368e+00,5.899914777627248441e+03,-1.205271017510381455e+02,2.486049220971360725e-03,9.692895753787252042e-06,3.879515091515822081e-07,7.633753882982695707e-04,6.928043942706957521e-05,1.167854210456309300e-01,1.280534480500336265e-07,9.044757043534008965e-09,1.797084450702165264e-08,6.092073732380323122e-08,5.554095932170122297e-06,2.722357591063691560e-07,9.391457643669474031e-04,8.651031213380171170e-03,5.006087701956001002e-02,1.024521180400305570e-01,5.828909002277497781e-07,9.081931313548534097e-05,5.544756262166472461e-07,2.386357710932408608e-08,9.683794473783697012e-06,7.922937653095685807e-07,7.541641522946704139e-03,4.808868961878943415e-06,9.147794443574267268e-04,5.699953792227112133e-06,6.434031832513934358e-05,6.390833062497055606e-06,8.852405743458853331e-05,3.260146521273819337e-05,9.802980473830264189e-09,2.889102351128843089e-08,4.238218621655976119e-07,1.594792620623124656e-05,4.274297881670072984e-10,1.348544440526909462e-04,2.383247380931193123e-09,1.357712900530491690e-07,3.723964801455044602e-08,1.490461010582359627e-08,1.166178610455654668e-04,6.891803742692796152e-10,1.959395690765584099e-10,6.377884102491996219e-06,1.962516860766803593e-07,2.748806041074025814e-05,6.144463592400793132e-08,7.087128992769115010e-01,0.000000000000000000e+00,2.848607001113020757e-09,8.869331503465466228e-08,5.304552532072619466e-09,1.414812850552801987e-07
1.394531249999999938e-02,-2.870198760000000071e-01,0.000000000000000000e+00,1.944170370000000048e+03,1.645538850000000108e-01,8.121383103121952718e-02,3.301075070090195990e-02,2.864391449238964160e+00,5.732960010235239679e+03,-1.204482986666616142e+02,2.472627538697481399e-03,1.029354639457761649e-05,4.361502727702469011e-07,7.779183155902120051e-04,7.475701586061986770e-05,1.168724309384345100e-01,1.345747369291093753e-07,9.575842654955684863e-09,2.174831368854353164e-08,6.980021636323098715e-08,5.924828256878947894e-06,2.924426928459484949e-07,9.395845605050502864e-04,8.174836805693700553e-03,5.002416987364851492e-02,1.025747219459661880e-01,6.282344286690618257e-07,9.263147735120404386e-05,5.929368266876556928e-07,2.532101248666152194e-08,9.657566234912635429e-06,8.409766435569944161e-07,7.377367836113786839e-03,4.895884487420970452e-06,8.753165545389050362e-04,5.670775697012776879e-06,6.072766316801018121e-05,6.813084956411036393e-06,8.938119205291621713e-05,3.260877518282251071e-05,1.141215789398835961e-08,3.158264578336305057e-08,4.462813817649100624e-07,1.574529299170577277e-05,4.557643527599147148e-10,1.360288749283433771e-04,2.422467108723904705e-09,1.380347819272867295e-07,3.984550997901037887e-08,1.601617909156307387e-08,1.160082149388897706e-04,7.641985245974392714e-10,2.207670078837054454e-10,6.411040256622823778e-06,1.993193808950035084e-07,2.744378068554329865e-05,6.581048976533268084e-08,7.092117846264049952e-01,0.000000000000000000e+00,2.862807848491944380e-09,8.318055215618256382e-08,5.542181897080516662e-09,1.464787099228386646e-07
1.396875000000000026e-02,-2.898428829999999956e-01,0.000000000000000000e+00,1.952579220000000078e+03,1.640040409999999893e-01,7.995899857427604673e-02,3.304990659223104588e-02,3.216069866382558207e+00,5.515539561817434333e+03,-1.201895253333372011e+02,2.444192740679998217e-03,1.164271780323911722e-05,5.560326371546935942e-07,8.096195122252440200e-04,8.734368932429985061e-05,1.170433070325625768e-01,1.492824750415318275e-07,1.077169620299678888e-08,3.179585550884591668e-08,9.185584122555517703e-08,6.744581371876407260e-06,3.376343490939331346e-07,9.377339472608866482e-04,7.259889692019771620e-03,4.993464691389230131e-02,1.028269690286074678e-01,7.320125472036530078e-07,9.629891152679128145e-05,6.785118851887685592e-07,2.855014920794292785e-08,9.584921472666616923e-06,9.474926312636016139e-07,7.035611251957374877e-03,5.063480441408709048e-06,7.967725782216698253e-04,5.579379341552237339e-06,5.374197591495153846e-05,7.751023982156410514e-06,9.101277162532063448e-05,3.253825060905245729e-05,1.549939770431208400e-08,3.783404041052579337e-08,4.949352461376957639e-07,1.531013980425943109e-05,5.196669691445764131e-10,1.385035690385330348e-04,2.512370090698965413e-09,1.427872570397247857e-07,4.567936041270843634e-08,1.854698260515995100e-08,1.147094270319132779e-04,9.485198202638873376e-10,2.809212160781549987e-10,6.472430341800692531e-06,2.055520930571865888e-07,2.732978070760340854e-05,7.568938662105752145e-08,7.101967871975836122e-01,0.000000000000000000e+00,2.872416380799134120e-09,7.243120702015106438e-08,6.063703891686980904e-09,1.569620150436683611e-07
1.399218749999999942e-02,-2.926598249999999846e-01,0.000000000000000000e+00,1.960946999999999889e+03,1.634619589999999900e-01,7.872819063421654384e-02,3.308709760704720004e-02,3.623428599634466618e+00,5.300239859376421919e+03,-1.197439999999950118e+02,2.413448918566858323e-03,1.322551489214649357e-05,7.194007795728092234e-07,8.454507444979589195e-04,1.026061239390709743e-04,1.172096229303991877e-01,1.666699709010289087e-07,1.217927719276776478e-08,4.673747577224659459e-08,1.213615139279337576e-07,7.678374215440466659e-06,3.899489537684425122e-07,9.314108374469145775e-04,6.396381356201734369e-03,4.982024057041600784e-02,1.030904099387833783e-01,8.566146314913296231e-07,9.997647924063249552e-05,7.769341565386449246e-07,3.224675868085139583e-08,9.479128494371152720e-06,1.067648359366014727e-06,6.676056266035659305e-03,5.217728116901636038e-06,7.190728525730039110e-04,5.435540586772295354e-06,4.706729997205074772e-05,8.832067884755387868e-06,9.247903384508457869e-05,3.233956418079628848e-05,2.120339588740911016e-08,4.548657937298939370e-08,5.487643356741355768e-07,1.483173159119269888e-05,5.950190566466688667e-10,1.411633269161751238e-04,2.620047628444176928e-09,1.478343619122137585e-07,5.244449706885768319e-08,2.157395028718907090e-08,1.132909969327261312e-04,1.193920569291032394e-09,3.589507917868496992e-10,6.525221966125226269e-06,2.118983228741716308e-07,2.717515698386298829e-05,8.739492404810359498e-08,7.111650115776997350e-01,0.000000000000000000e+00,2.848869568308298864e-09,6.208221156313465876e-08,6.658916926045836552e-09,1.680174409002287567e-07
1.401562500000000031e-02,-2.954663249999999741e-01,0.000000000000000000e+00,1.969248180000000048e+03,1.629298519999999861e-01,7.752164417596972557e-02,3.312211520923998703e-02,4.083666047647121822e+00,5.141042508628846917e+03,-1.192378847483114868e+02,2.380194350072474020e-03,1.508267270045924951e-05,9.444191060287563139e-07,8.861941830269835221e-04,1.211513390036889098e-04,1.173709150035738003e-01,1.872689210057021056e-07,1.383601430042128991e-08,6.881596820209536633e-08,1.606610370048919200e-07,8.730938950265846972e-06,4.499413940137001676e-07,9.196937490280035401e-04,5.586167910170092461e-03,4.967691700151260353e-02,1.033669910031474043e-01,1.005941580030629804e-06,1.035950650031543349e-04,8.889983600270688037e-07,3.644286400110964011e-08,9.333140740284183397e-06,1.201994920036599326e-06,6.298860010191792598e-03,5.349823750162895422e-06,6.426378210195675920e-04,5.231182710159283016e-06,4.071045680123958370e-05,1.007490350030676852e-05,9.371226600285341099e-05,3.199682740097426267e-05,2.914486010088742648e-08,5.480686130166879997e-08,6.077188440185042623e-07,1.430696980043562917e-05,6.838958350208237982e-10,1.440265300043854380e-04,2.748534750083689672e-09,1.531577230046634740e-07,6.022136010183366523e-08,2.519693850076721580e-08,1.117363070034022216e-04,1.518112180046224750e-09,4.596358560139953411e-10,6.566984790199956596e-06,2.183281480066478343e-07,2.697217340082127122e-05,1.012537540030830500e-07,7.121163960216830846e-01,0.000000000000000000e+00,2.782554340084725184e-09,5.220532940158958874e-08,7.334783320223334713e-09,1.794835120054650542e-07
1.402734370000000008e-02,-2.968636379999999853e-01,0.000000000000000000e+00,1.973362030000000004e+03,1.626685579999999909e-01,7.692750247394980478e-02,3.313871945029235599e-02,4.349326621772688917e+00,5.033952314024651059e+03,-1.188338396422928014e+02,2.362539851784290542e-03,1.613121351218297915e-05,1.089627520822932955e-06,9.087867336863543694e-04,1.319289750996383644e-04,1.174494890887028548e-01,1.990113691503018370e-07,1.477388501115786596e-08,8.370025736321399543e-08,1.849549671396858612e-07,9.301824057025133110e-06,4.829633373647543700e-07,9.114466996883633472e-04,5.201762253928592095e-03,4.959252883745438739e-02,1.035111040781760000e-01,1.091387100824261998e-06,1.053473920795628332e-04,9.503470517177425060e-07,3.873829242925680893e-08,9.242126586980048121e-06,1.274825650962802589e-06,6.103736824609801680e-03,5.404411314081641741e-06,6.050700854569745915e-04,5.103766893854581943e-06,3.765828122844113986e-05,1.076478650813002423e-05,9.421096277115211643e-05,3.176508392399034794e-05,3.426553802587879103e-08,6.019902254546486152e-08,6.389915754825936093e-07,1.402607501059308827e-05,7.342642605545475272e-10,1.455427451099200768e-04,2.822084482131358172e-09,1.559122851177515838e-07,6.451249454872257527e-08,2.727555722059966260e-08,1.108994840837560143e-04,1.718201391297658725e-09,5.204871773930940594e-10,6.582635764971486665e-06,2.215598561673314254e-07,2.684907682027756626e-05,1.091323860824214125e-07,7.125858055381750766e-01,0.000000000000000000e+00,2.730463212062162227e-09,4.748091243585960172e-08,7.708716645821950015e-09,1.852742951399270437e-07
1.403906249999999946e-02,-2.982562280000000121e-01,0.000000000000000000e+00,1.977446850000000040e+03,1.624107959999999962e-01,7.633957643788367997e-02,3.315468311420172176e-02,4.628263966561092069e+00,4.927199255672125219e+03,-1.183593743333295123e+02,2.344172690752823265e-03,1.726555010554477356e-05,1.261583520405153496e-06,9.330002252996298824e-04,1.438196230461872064e-04,1.175265970377432773e-01,2.117999320680188323e-07,1.578998340507090082e-08,1.016538770326457967e-07,2.128136070683443815e-07,9.900561063179533311e-06,5.179429381663356264e-07,9.014828392895082258e-04,4.831445281551602529e-03,4.949898091589643306e-02,1.036593700332898577e-01,1.184575150380422315e-06,1.070464150343775978e-04,1.015057120325982026e-06,4.115937471321819084e-08,9.138105532934672024e-06,1.351077700433894183e-06,5.904391781896175563e-03,5.448963641749916784e-06,5.680111671824148237e-04,4.959003121592567383e-06,3.469527681114227140e-05,1.150202170369383582e-05,9.461931243038667998e-05,3.149071271011314035e-05,4.028050741293595366e-08,6.611292852123194939e-08,6.713611142156053699e-07,1.373261420441018321e-05,7.889016382533531300e-10,1.471178760472464041e-04,2.902382540932090072e-09,1.587226520509732445e-07,6.907091062218188526e-08,2.954781690948918486e-08,1.100199850353325489e-04,1.945548250624806355e-09,5.891308901891974500e-10,6.594394602117767678e-06,2.247938460721917892e-07,2.671038440857795036e-05,1.176887820377953703e-07,7.130509452289939265e-01,0.000000000000000000e+00,2.664572480855718671e-09,4.291766231378286465e-08,8.104865722602851507e-09,1.910537800613562947e-07
1.405078119999999924e-02,-2.996432459999999742e-01,0.000000000000000000e+00,1.981497699999999895e+03,1.621569740000000093e-01,7.575792272950061801e-02,3.316996820994485423e-02,4.922027294168142220e+00,4.820361840789801136e+03,-1.178040413694166375e+02,2.325062719643684189e-03,1.849176069716613934e-05,1.466076939775323902e-06,9.589963338530339138e-04,1.569420679759486574e-04,1.176021589819774837e-01,2.257261999654074954e-07,1.688982939741163564e-08,1.232510699811118126e-07,2.446711339625041980e-07,1.052481259838707518e-05,5.548086239149756941e-07,8.896826788636562995e-04,4.475454329314136961e-03,4.939551669243014836e-02,1.038121019840908127e-01,1.286012139802918773e-06,1.086751329833455528e-04,1.082934259834040429e-06,4.370077009330286439e-08,9.020076458617674409e-06,1.430543469780769488e-06,5.700946489126330723e-03,5.481458629159966950e-06,5.315348749185424106e-04,4.796607719264920247e-06,3.182660279512258388e-05,1.228841409811680251e-05,9.492486278545277025e-05,3.117134759522300090e-05,4.733255499274629256e-08,7.258117038887694328e-08,7.047020158920044751e-07,1.342637619794240955e-05,8.481253408700249181e-10,1.487548019772033615e-04,2.990066519541772548e-09,1.615820999752375636e-07,7.389351638867582909e-08,3.203017099509137908e-08,1.090942329832813180e-04,2.202432539662477591e-09,6.663441508978829200e-10,6.601824258988272044e-06,2.280206899650558555e-07,2.655480519593047983e-05,1.269711809805416951e-07,7.135117948906544161e-01,0.000000000000000000e+00,2.584197919603972049e-09,3.853368759409471707e-08,8.523413568693787119e-09,1.967640749698459530e-07
1.406250000000000035e-02,-3.010237680000000249e-01,0.000000000000000000e+00,1.985509170000000040e+03,1.619075339999999918e-01,7.518260472627304181e-02,3.318453358196896824e-02,5.231399626537841741e+00,4.713696239118117774e+03,-1.171650439041896874e+02,2.305179151421785349e-03,1.981599791222208329e-05,1.710066521054732455e-06,9.869560656087332778e-04,1.714238981057306013e-04,1.176760890725800923e-01,2.408868541485738718e-07,1.807896631115071905e-08,1.491302760919803744e-07,2.809615471732910786e-07,1.117138770689027268e-05,5.934390953660205636e-07,8.759371045402592881e-04,4.134013112549771336e-03,4.928131223039566161e-02,1.039696290641262399e-01,1.396150770861115934e-06,1.102144800679779365e-04,1.153694930711574478e-06,4.635389352859008521e-08,8.887074515481356956e-06,1.512925600933140261e-06,5.493555493388307433e-03,5.499925663392236480e-06,4.957192063057490024e-04,4.616625222847436340e-06,2.905805111792238342e-05,1.312553700809555076e-05,9.511442655866454081e-05,3.080467011899966346e-05,5.557772163427915242e-08,7.963306104911597840e-08,7.388560214557105603e-07,1.310721590808424945e-05,9.122586175626616250e-10,1.504565200927983478e-04,3.085857201903290755e-09,1.644826831014493936e-07,7.897353684870918637e-08,3.473930392142645958e-08,1.081182220666850112e-04,2.490753661536243633e-09,7.528557514643453411e-10,6.604454224073486890e-06,2.312294141426173776e-07,2.638098521627122765e-05,1.370280280845159650e-07,7.139683324403603981e-01,0.000000000000000000e+00,2.489042981535188444e-09,3.434745862118477747e-08,8.964199605528927325e-09,2.023365641247968587e-07
1.407421870000000012e-02,-3.023967900000000264e-01,0.000000000000000000e+00,1.989475390000000061e+03,1.616629499999999997e-01,7.461369254249350380e-02,3.319833604894136675e-02,5.556812547188869189e+00,4.606797115904753809e+03,-1.164312045601975001e+02,2.284490688288938129e-03,2.124441108408814163e-05,2.002012468500512163e-06,1.017082169238215338e-03,1.874023658596374320e-04,1.177483019118076429e-01,2.573832808072223781e-07,1.936287508549739400e-08,1.799885498651903059e-07,3.221121317587411096e-07,1.183605589113490719e-05,6.336528995254000257e-07,8.601510233557551266e-04,3.807326667148348918e-03,4.915547166318302158e-02,1.041322929220059035e-01,1.515370688865001802e-06,1.116432549163802696e-04,1.226939899081033794e-06,4.910605366322003812e-08,8.738197063455173987e-06,1.597805608803258908e-06,5.282410926043525252e-03,5.502380745878769542e-06,4.606461216549804626e-04,4.419478876689853091e-06,2.639594128022969142e-05,1.401456148950322651e-05,9.517413922871547803e-05,3.038841597723936655e-05,6.518353915117815440e-08,8.729312083461828784e-08,7.736288694205593755e-07,1.277506779043159731e-05,9.816268492647709344e-10,1.522261268859840763e-04,3.190568157610295216e-09,1.674151488746076563e-07,8.429975873686028775e-08,3.769179077176920956e-08,1.070874819197924969e-04,2.811736697894036039e-09,8.493273593638619493e-10,6.601779405055330506e-06,2.344071378244312857e-07,2.618751608038580179e-05,1.479069318892191222e-07,7.144205294649058624e-01,0.000000000000000000e+00,2.379227948217981264e-09,3.037726347724771988e-08,9.426500492939641470e-09,2.076908688444415304e-07
1.408593749999999950e-02,-3.037612239999999963e-01,0.000000000000000000e+00,1.993389979999999923e+03,1.614237319999999865e-01,7.405126356581745450e-02,3.321132871728471603e-02,5.898568693288576803e+00,4.499912468446511411e+03,-1.155989998890685939e+02,2.262965870733236844e-03,2.278305850738207366e-05,2.352240150762163065e-06,1.049601830340087753e-03,2.050249060664313498e-04,1.178187060381751389e-01,2.753210210892084025e-07,2.074688270672232256e-08,2.165688110701717442e-07,3.685251891194080314e-07,1.251341770405454741e-05,6.751999872187755509e-07,8.422473722729015939e-04,3.495575841132622218e-03,4.901702401588229480e-02,1.043004430337950150e-01,1.643949180532665712e-06,1.129381130365937521e-04,1.302138090421913562e-06,5.193988401682935018e-08,8.572633732777669267e-06,1.684628730545846418e-06,5.067747361642031476e-03,5.486847141777825630e-06,4.264011071381607282e-04,4.206012011362815230e-06,2.384695430772679331e-05,1.495608590484601010e-05,9.508954553081053142e-05,2.992040520969468774e-05,7.632577932473076352e-08,9.557932873096922092e-08,8.087878482620600895e-07,1.242995990402750467e-05,1.056553110342340107e-09,1.540668040499201081e-04,3.305118461070911058e-09,1.703688690552022321e-07,8.985594372911476338e-08,4.090362801325342599e-08,1.059970540343447290e-04,3.165634941025715995e-09,9.563152423098614886e-10,6.593259382136320934e-06,2.375387710769663471e-07,2.597294640841564729e-05,1.596536100517303100e-07,7.148683592316287250e-01,0.000000000000000000e+00,2.255341990730767091e-09,2.664051850863195113e-08,9.908926353210650366e-09,2.127342130689292741e-07
1.409765619999999928e-02,-3.051158939999999986e-01,0.000000000000000000e+00,1.997246079999999893e+03,1.611904239999999988e-01,7.349540222380941679e-02,3.322346216955955611e-02,6.256975945025790686e+00,4.392662374763775006e+03,-1.146573027954951556e+02,2.240573290266538713e-03,2.443780810290712061e-05,2.773364640329919383e-06,1.084769670129044020e-03,2.244494480267004749e-04,1.178872100140238577e-01,2.948090400350704356e-07,2.223606520264520018e-08,2.596380220308865128e-07,4.205534760500290482e-07,1.319681670156989301e-05,7.177545800853841197e-07,8.221712910978054871e-04,3.198911280380542597e-03,4.886491930581296494e-02,1.044744350124282850e-01,1.782025760211989584e-06,1.140736260135701957e-04,1.378614700163999962e-06,5.483284890652291324e-08,8.389699230998038881e-06,1.772690350210879148e-06,4.849846890576937387e-03,5.451409920648499016e-06,3.930725140467599180e-04,3.977516390473165295e-06,2.141791730254787344e-05,1.594994300189740344e-05,9.484571541128284451e-05,2.939858650349725313e-05,8.918334101060925122e-08,1.045011600124314545e-07,8.440601711004094434e-07,1.207202720143608781e-05,1.137353020135299469e-09,1.559817850185555817e-04,3.430547740408098004e-09,1.733317960206195425e-07,9.562038011137499305e-08,4.438960810528058695e-08,1.048414750124719374e-04,3.551396450422473879e-09,1.074219710127789053e-09,6.578317780782555840e-06,2.406067350286225635e-07,2.573579560306153057e-05,1.723107220204980758e-07,7.153117900850934907e-01,0.000000000000000000e+00,2.118483460252014652e-09,2.315299020275427895e-08,1.040929510123828991e-08,2.173612390258572987e-07
1.410937500000000039e-02,-3.064595399999999747e-01,0.000000000000000000e+00,2.001036299999999983e+03,1.609636060000000091e-01,7.294620029143115969e-02,3.323468275238437158e-02,6.632476112372780008e+00,4.285293341365536435e+03,-1.136019353682618629e+02,2.217281970581185934e-03,2.621422700687118314e-05,3.280796290859950926e-06,1.122871080294323169e-03,2.458445580644399281e-04,1.179537150309176163e-01,3.159588300828180865e-07,2.383514900624758519e-08,3.099544940812442133e-07,4.784702291254149333e-07,1.387829110363772961e-05,7.609097251994470469e-07,7.998943492096655204e-04,2.917447440764711283e-03,4.869802721276456081e-02,1.046546280274317092e-01,1.929561830505770092e-06,1.150224220301492825e-04,1.455542990381521814e-06,5.775684291513902335e-08,8.188868372146437282e-06,1.861124120487831575e-06,4.629044281213349175e-03,5.394288091413931728e-06,3.607506670945587516e-04,3.735743470979200163e-06,1.911554850501050095e-05,1.699497470445466405e-05,9.442739752475098685e-05,2.882109590755448528e-05,1.039309340272420270e-07,1.140574570298963491e-07,8.791324022304350910e-07,1.170152550306716334e-05,1.224328930320916961e-09,1.579743200414076979e-04,3.568033930935240659e-09,1.762904340462086500e-07,1.015655800266220167e-07,4.816252101262419432e-08,1.036147820271591494e-04,3.966308271039635411e-09,1.203226150315385566e-09,6.556342191718525838e-06,2.435907120638491465e-07,2.547457140667730517e-05,1.859165550487318273e-07,7.157507901876101197e-01,0.000000000000000000e+00,1.970275070516441637e-09,1.992799400522345655e-08,1.092448530286348911e-08,2.214544170580468729e-07
1.412109370000000017e-02,-3.077908069999999996e-01,0.000000000000000000e+00,2.004752690000000030e+03,1.607438959999999972e-01,7.240375653274089274e-02,3.324493377401634142e-02,7.025751029531904557e+00,4.177459377802679228e+03,-1.124215790012688956e+02,2.193061749711665634e-03,2.811745819630323792e-05,3.893343569488120130e-06,1.164225809846932639e-03,2.693894279645818284e-04,1.180181219844834845e-01,3.388833009554450457e-07,2.554841509664100467e-08,3.682227449515876757e-07,5.424341859286831196e-07,1.454857299808721604e-05,8.041741178942705844e-07,7.754185838980512694e-04,2.651256379651424286e-03,4.851513519362143229e-02,1.048413759862159012e-01,2.086296009725702746e-06,1.157554189847809711e-04,1.531940789798587052e-06,6.067792929202232746e-08,7.969811538952162913e-06,1.948893109743767751e-06,4.405732189420753266e-03,5.313917969301348406e-06,3.295267279566752071e-04,3.482894959542083898e-06,1.694617559777198662e-05,1.808876749762176504e-05,9.381921198766504275e-05,2.818632619629418256e-05,1.207292669841270371e-07,1.242341949836662056e-07,9.136510508798771024e-07,1.131884389851184565e-05,1.317763399826746251e-09,1.600476229789576130e-04,3.718913319511052957e-09,1.792298569764356310e-07,1.076581289858455782e-07,5.223216129313274085e-08,1.023105329865486418e-04,4.405646079420764184e-09,1.343240069823396430e-09,6.526684819141899836e-06,2.464674099675955214e-07,2.518779149668841599e-05,2.005035359736386316e-07,7.161853249058389714e-01,0.000000000000000000e+00,1.812846429761654751e-09,1.697563089776811690e-08,1.145027579849456622e-08,2.248851889704330600e-07
1.413281249999999954e-02,-3.091082529999999995e-01,0.000000000000000000e+00,2.008386819999999943e+03,1.605319470000000082e-01,7.186817664204386835e-02,3.325415351847888640e-02,7.437822543952326448e+00,4.069418674449505033e+03,-1.111125807470135669e+02,2.167883752595575059e-03,3.015208663610064607e-05,4.633928005548133291e-06,1.209192011447747690e-03,2.952737163535268210e-04,1.180803231413758148e-01,3.636954814354472236e-07,2.737961133278120192e-08,4.350349805208609520e-07,6.124504597332778310e-07,1.519714551819531637e-05,8.469718370140667951e-07,7.487801718965033217e-04,2.400362012873917712e-03,4.831494955784677164e-02,1.050350211257568833e-01,2.251696392695922283e-06,1.162421631391750233e-04,1.606672881923645590e-06,6.355626917609497323e-08,7.732429369257923216e-06,2.034785352436218367e-06,4.180366215005089717e-03,5.209043656236710541e-06,2.994913093585764986e-04,3.221589823857162009e-06,1.491544101785803631e-05,1.922734532302061328e-05,9.300588931135457299e-05,2.749300683291696593e-05,1.397125841672758002e-07,1.350022261616361799e-07,9.472245621340978748e-07,1.092451751307976221e-05,1.417911911697644843e-09,1.622048111942054162e-04,3.884703164651097670e-09,1.821337522180660468e-07,1.138587081363213372e-07,5.660413176777128391e-08,1.009218651208322495e-04,4.862369235821642262e-09,1.493818671788527012e-09,6.488663997768781472e-06,2.492103802983758738e-07,2.487400792978128165e-05,2.160965652587291946e-07,7.166153638579928487e-01,0.000000000000000000e+00,1.648779241974058977e-09,1.430212911712372667e-08,1.198117941434488925e-08,2.275160402724015839e-07
1.414453119999999932e-02,-3.104103480000000026e-01,0.000000000000000000e+00,2.011929669999999987e+03,1.603284439999999866e-01,7.133957242261124154e-02,3.326227655653303528e-02,7.870155901797114772e+00,3.960873500155521924e+03,-1.096633614363140623e+02,2.141720851052864201e-03,3.232199461588940951e-05,5.530423722718742073e-06,1.258170500618513519e-03,3.236972031591287490e-04,1.181402080580774144e-01,3.905069961919722117e-07,2.933187961441947419e-08,5.107993162511076834e-07,6.883287233383807124e-07,1.581236330777331778e-05,8.886456064368558683e-07,7.200524913539759495e-04,2.164734601064177786e-03,4.809609722364392020e-02,1.052358900517336854e-01,2.424911261192080333e-06,1.164512770572471534e-04,1.678460560825126957e-06,6.634629103261566614e-08,7.476884843675616890e-06,2.117415521040915631e-06,3.953469521943515572e-03,5.078810472496730037e-06,2.707328491330915680e-04,2.954806471452575140e-06,1.302801120640453597e-05,2.040482091003095790e-05,9.197256124521347776e-05,2.674029261314545992e-05,1.609735830791342041e-07,1.463151160719281263e-07,9.794268204814837904e-07,1.051923730517122953e-05,1.524995030749683710e-09,1.644488110808426068e-04,4.067126511999388764e-09,1.849845240909379127e-07,1.201223040590518411e-07,6.127844543012432400e-08,9.944157314888523043e-05,5.326911702618696124e-09,1.654102760813152660e-09,6.441566833166657698e-06,2.517898701237792655e-07,2.453183551205978907e-05,2.327111471144001927e-07,7.170408713524955013e-01,0.000000000000000000e+00,1.481014370728062935e-09,1.190934780585460338e-08,1.251028350615002356e-08,2.292036301126759226e-07
1.415625000000000043e-02,-3.116954710000000017e-01,0.000000000000000000e+00,2.015371730000000071e+03,1.601341099999999962e-01,7.081806123345145421e-02,3.326923161672359214e-02,8.324726612755112498e+00,3.852106680656460412e+03,-1.080707757686455750e+02,2.114548260739991612e-03,3.463020801211892842e-05,6.616630252315505735e-06,1.311609440459001125e-03,3.548692381241873675e-04,1.181976550413635640e-01,4.194263661467793126e-07,3.140770661099120690e-08,5.956564292084514116e-07,7.696409122693377113e-07,1.638164580573279533e-05,9.284641453249183891e-07,6.893483892412391760e-04,1.944286090680407775e-03,4.785713121674772114e-02,1.054442810369004974e-01,2.604720450911528668e-06,1.163510290407173385e-04,1.745899490610981739e-06,6.899714792414572454e-08,7.203631232520928387e-06,2.195234200768227688e-06,3.725636881303796052e-03,4.922856421722765708e-06,2.433357680851559843e-04,2.685800410939902679e-06,1.128730580395002061e-05,2.161301050756352646e-05,9.070510843174248682e-05,2.592786130907351962e-05,1.845460710645823808e-07,1.581072070553300292e-07,1.009802330353382818e-06,1.010385870353587090e-05,1.639189870573638632e-09,1.667822660583658803e-04,4.268139111493645898e-09,1.877634420657082902e-07,1.263986190442335032e-07,6.624794552318363540e-08,9.786224223424713894e-05,5.787127332025219741e-09,1.822753520637877127e-09,6.384653662234325612e-06,2.541727510889483913e-07,2.415998420845484422e-05,2.503512960876110575e-07,7.174618162510776331e-01,0.000000000000000000e+00,1.312723730459390947e-09,9.794493713427608094e-09,1.302911130455956957e-08,2.298031310804202017e-07
1.416796870000000021e-02,-3.129619200000000045e-01,0.000000000000000000e+00,2.018702980000000025e+03,1.599496970000000018e-01,7.030376470643637243e-02,3.327494168328100355e-02,8.804057233564710927e+00,3.742888690827674509e+03,-1.063244530156727592e+02,2.086344162056093330e-03,3.707873433654111899e-05,7.933379917818349052e-06,1.370009201350144831e-03,3.890079053833674777e-04,1.182525321165379256e-01,4.505571274440242926e-07,3.360890313312159611e-08,6.893883546793926522e-07,8.556813168432744560e-07,1.689174361664682339e-05,9.656339259516328826e-07,6.568214096472978865e-04,1.738866161713653472e-03,4.759653824690641966e-02,1.056604521041284439e-01,2.789490172749044008e-06,1.159100191142293845e-04,1.807486301781278649e-06,7.145349777041746813e-08,6.913433806813193746e-06,2.266546332233682585e-06,3.497537703446825311e-03,4.741395504672648169e-06,2.173784382142265751e-04,2.417999922382940533e-06,9.695264749554689774e-06,2.284102512250984332e-05,8.919057098789734948e-05,2.505601562469271734e-05,2.103860772073355900e-07,1.702920591678229318e-07,1.037873131022824458e-06,9.679407539539060612e-06,1.760621081735092935e-09,1.692073991667539799e-04,4.489957374424855595e-09,1.904508531876894370e-07,1.326326681307095788e-07,7.149658937045993083e-08,9.617641299478190959e-05,6.228449376138140284e-09,1.997899581968931072e-09,6.317164376225569745e-06,2.563225372526060298e-07,2.375729382341282828e-05,2.690071832651067509e-07,7.178781707074692875e-01,0.000000000000000000e+00,1.147154611130521573e-09,7.950082657834812325e-09,1.352752371333138288e-08,2.291738222258509335e-07
1.417968749999999958e-02,-3.142079150000000043e-01,0.000000000000000000e+00,2.021912919999999986e+03,1.597759860000000087e-01,6.979680715033981242e-02,3.327932328824422664e-02,9.311203685304654698e+00,3.633487245901462302e+03,-1.044210158036536313e+02,2.057090441717064101e-03,3.966839453311141525e-05,9.529769797954548778e-06,1.433927511196906625e-03,4.263388513558672701e-04,1.183046930987495388e-01,4.839958174039938593e-07,3.593662162999648526e-08,7.913255666605236397e-07,9.454326757891575469e-07,1.732907791446467122e-05,9.993155278341339105e-07,6.226658225197423142e-04,1.548259491292340107e-03,4.731274953949220208e-02,1.058846120883824432e-01,2.977134662485030125e-06,1.150979810960728854e-04,1.861654551553932749e-06,7.365663246148157315e-08,6.607384005515217894e-06,2.329540441944479375e-06,3.269917602729417380e-03,4.535286353785627672e-06,1.929310281610405295e-04,2.154884471798693203e-06,8.252167426888127336e-06,2.407485902009540946e-05,8.741762387296794171e-05,2.412578902013791886e-05,2.383526431989541880e-07,1.827614401525519432e-07,1.063147430887414537e-06,9.247082527718587797e-06,1.889351381577051106e-09,1.717258641433404753e-04,4.735086403952401443e-09,1.930264471611201763e-07,1.387655721158283368e-07,7.699767166427035223e-08,9.437679877877679817e-05,6.634316945537699076e-09,2.177100771817237406e-09,6.238327585207164418e-06,2.581995012155204518e-07,2.332277151946763783e-05,2.886524882409397457e-07,7.182899085995603228e-01,0.000000000000000000e+00,9.874578998242362925e-10,6.364159435312196718e-09,1.399368641168060294e-08,2.271859241896332557e-07
1.419140630000000070e-02,-3.154316039999999766e-01,0.000000000000000000e+00,2.024990610000000061e+03,1.596137840000000085e-01,6.929731350822787572e-02,3.328228531721750399e-02,9.849661525367393367e+00,3.524009198394501709e+03,-1.023555513836907238e+02,2.026773449810493049e-03,4.239865009603565471e-05,1.146449089892805155e-05,1.503984709859374934e-03,4.670936479563259319e-04,1.183539719889337150e-01,5.198298749513950657e-07,3.839141559641034345e-08,9.002610699158240954e-07,1.037542359902987989e-06,1.768014669834687706e-05,1.028644489903820057e-06,5.871153129451036744e-04,1.372184189871698476e-03,4.700415689560503985e-02,1.061169049900778927e-01,3.165088569704058787e-06,1.138866949893514014e-04,1.906819629821709258e-06,7.554596169293633054e-08,6.286904449412163949e-06,2.382329649777247937e-06,3.043598239715418746e-03,4.306079069597374579e-06,1.700532909840997507e-04,1.899852329822360770e-06,6.956519119349554210e-06,2.529701019763468670e-05,8.537712159201710064e-05,2.313905149783646178e-05,2.681899779749237957e-07,1.953850299817311688e-07,1.085130019898538631e-06,8.808254099176413725e-06,2.025371799810624611e-09,1.743385709836990530e-04,5.006346479531898719e-09,1.954696029817232841e-07,1.447355049864669918e-07,8.271210299226628098e-08,9.245654709135515297e-05,6.986901579346713786e-09,2.357334839779585130e-09,6.147373079425210613e-06,2.597609219757119133e-07,2.285563179786295908e-05,3.092413909710854170e-07,7.186970089328006406e-01,0.000000000000000000e+00,8.365152929217844514e-10,5.020766349530550081e-09,1.441413189865225470e-08,2.237285089790810094e-07
1.420312500000000047e-02,-3.166310780000000102e-01,0.000000000000000000e+00,2.027924760000000106e+03,1.594639190000000095e-01,6.880540656203580629e-02,3.328372763762479924e-02,1.042316367449428149e+01,3.414492739312640879e+03,-1.001221978547116578e+02,1.995384850948337622e-03,4.526742992151405081e-05,1.380720240656208870e-05,1.580868910751332670e-03,5.115075752431019794e-04,1.184001760562715250e-01,5.581355422652626301e-07,4.097334571947321967e-08,1.014382610482101084e-06,1.130313100537198973e-06,1.793198730852245556e-05,1.052756320500339030e-06,5.504402262616052855e-04,1.210291590575210104e-03,4.666913292218023701e-02,1.063573930505480047e-01,3.350294581592279807e-06,1.122509940533490387e-04,1.941431770922695862e-06,7.706083933662436894e-08,5.953743862829608985e-06,2.423005461151571188e-06,2.819474661339999456e-03,4.056033591927693553e-06,1.487923920707158942e-04,1.656085710787080542e-06,5.805012372758922774e-06,2.648618151258797009e-05,8.306270653947683911e-05,2.209860991050271173e-05,2.995131461423482711e-07,2.080110090988604729e-07,1.103334190524376736e-06,8.364459193975339607e-06,2.168591781030657038e-09,1.770454750841436253e-04,5.306895262522184866e-09,1.977597780939884243e-07,1.504787530715173850e-07,8.858689434210229754e-08,9.040954234296854351e-05,7.268135273454294564e-09,2.535013631204804853e-09,6.043548612872290176e-06,2.609614761240259881e-07,2.235533741062472411e-05,3.307051951571728015e-07,7.190994603417633080e-01,0.000000000000000000e+00,6.967814603311563165e-10,3.900627471853833867e-09,1.477395220702155088e-08,2.187181991039492273e-07
1.421484370000000025e-02,-3.178043799999999974e-01,0.000000000000000000e+00,2.030703760000000102e+03,1.593272330000000125e-01,6.832120349573442275e-02,3.328354105391259643e-02,1.103538634217599146e+01,3.305161136106728463e+03,-9.771870840018146964e+01,1.962922631419674983e-03,4.827095743491176526e-05,1.663986771203471258e-05,1.665341001204450689e-03,5.598166474048849994e-04,1.184430830856634531e-01,5.989758734332067874e-07,4.368213353159291432e-08,1.131235800818161321e-06,1.221712640883598294e-06,1.807268071307098942e-05,1.070815030774462420e-06,5.129433313709840089e-04,1.062167500768208079e-03,4.630605603349065291e-02,1.066060440771023632e-01,3.529211222552486843e-06,1.101698610796798713e-04,1.964035881420480486e-06,7.814269575651636521e-08,5.609961274057380121e-06,2.449704281771737850e-06,2.598509691879360810e-03,3.788103752739729805e-06,1.291808970934295233e-04,1.426422421031653970e-06,4.792568713466204370e-06,2.761712641997396978e-05,8.047147345820064633e-05,2.100829931519416054e-05,3.317997752399727696e-07,2.204676571594522971e-07,1.117295030808078805e-06,7.917391285726219197e-06,2.318829361677083450e-09,1.798453591300723975e-04,5.640242824079280590e-09,1.998769711445601595e-07,1.559308561127763246e-07,9.455403556838579783e-08,8.823074156381251350e-05,7.460997275396133633e-09,2.706034421957127376e-09,5.926141534286056577e-06,2.617537961893122644e-07,2.182164061578240608e-05,3.529485622552685381e-07,7.194972555203732467e-01,0.000000000000000000e+00,5.701570274123635925e-10,2.981995962156715906e-09,1.505715601089002519e-08,2.121081471534063089e-07
1.422656249999999963e-02,-3.189495259999999832e-01,0.000000000000000000e+00,2.033315830000000005e+03,1.592045749999999871e-01,6.784481149192624072e-02,3.328160570031830218e-02,1.168950194804694220e+01,3.196461959732280775e+03,-9.514715796120948710e+01,1.929392049791770793e-03,5.140358579445228191e-05,2.005793019783524988e-05,1.758239129810242399e-03,6.122537189339226967e-04,1.184824319872128107e-01,6.423990099306691792e-07,4.651736199497962429e-08,1.247731649865338880e-06,1.309406509858682521e-06,1.809187949804743587e-05,1.082044509883220701e-06,4.749541569487406587e-04,9.273348668999176637e-04,4.591334199504481378e-02,1.068627119884668630e-01,3.697846279600910839e-06,1.076275989883843153e-04,1.973336089787028036e-06,7.873741939150229109e-08,5.257899469432542210e-06,2.460686169734431054e-06,2.381724819742953199e-03,3.505882939621628392e-06,1.112350169879949830e-04,1.213243209869060910e-06,3.912459789577749267e-06,2.866072079690679740e-05,7.760467339162453661e-05,1.987305779785520390e-05,3.643903939606732619e-07,2.325660679749003504e-07,1.126583789878413718e-06,7.468885549193922013e-06,2.475801709732799609e-09,1.827355819802783184e-04,6.010255579351344446e-09,2.018022279782205356e-07,1.610277429826211059e-07,1.005299879891503256e-07,8.591653119072748066e-05,7.550966479185063798e-09,2.865870899690701481e-09,5.794506359374629171e-06,2.620891929717140995e-07,2.125462479770609918e-05,3.758454329594369923e-07,7.198903969223060528e-01,0.000000000000000000e+00,4.579050649505807273e-10,2.241597389758076088e-09,1.524722429835444776e-08,2.038966449779945062e-07
1.423828119999999940e-02,-3.200645269999999876e-01,0.000000000000000000e+00,2.035749109999999973e+03,1.590967889999999885e-01,6.737632269629562076e-02,3.327778959185857116e-02,1.238765187782347788e+01,3.088524123664564740e+03,-9.240621906679014330e+01,1.894806760168117653e-03,5.465764600484953039e-05,2.417116570214459807e-05,1.860482430165072074e-03,6.690434800593611031e-04,1.185179130105155632e-01,6.884369500610819178e-07,4.947871500439002059e-08,1.360210400120685198e-06,1.390817090123400883e-06,1.798134010159540465e-05,1.085761770096334822e-06,4.368219800387572308e-04,8.052579130714468793e-04,4.548948160403607638e-02,1.071271170095049047e-01,3.851821260341754661e-06,1.046150510092820173e-04,1.968262490174634851e-06,7.879790480699138150e-08,4.900148140434767219e-06,2.454423840217769878e-06,2.170187010192550867e-03,3.213509880285120259e-06,9.495326600842478424e-05,1.018383150090356534e-06,3.156501610280062013e-06,2.958435050262488272e-05,7.446842810660724487e-05,1.869897780165907832e-05,3.964997280351796105e-07,2.441040190216582513e-07,1.130822840100332842e-06,7.020898910622932222e-06,2.639116510234156888e-09,1.857118320164773866e-04,6.421144570569719309e-09,2.035181880180572635e-07,1.657068200147024257e-07,1.064160140094418127e-07,8.346508850740548037e-05,7.527496240667881044e-09,3.009706700267037604e-09,5.648098700501130229e-06,2.619185780232388076e-07,2.065474470183260210e-05,3.992347950354222681e-07,7.202789020639071005e-01,0.000000000000000000e+00,3.606190690319961118e-10,1.655594930146893326e-09,1.532788680135997458e-08,1.941345180172246891e-07
1.425000000000000051e-02,-3.211474169999999906e-01,0.000000000000000000e+00,2.037991870000000063e+03,1.590047049999999962e-01,6.691580784179634867e-02,3.327194904891668525e-02,1.313027343364529109e+01,2.981985193905496999e+03,-8.950378454948553042e+01,1.859189870901689764e-03,5.802331552814077537e-05,2.910400601411517482e-05,1.973073480956922393e-03,7.303961623542353258e-04,1.185491640574952432e-01,7.371050743574890764e-07,5.256624742549414169e-08,1.464570510710303289e-06,1.463211180709643704e-06,1.773543770860152007e-05,1.081410970524474243e-06,3.989076431934665263e-04,6.953474883372370982e-04,4.503308422184062326e-02,1.073988330520874307e-01,3.986472461933402166e-06,1.011308550490475322e-04,1.948036900944779540e-06,7.828666193796830605e-08,4.539497462201613974e-06,2.429698571178381125e-06,1.964990920953002453e-03,2.915535731414007674e-06,8.031561693895233694e-05,8.430736064088829168e-07,2.515310441219902406e-06,3.035270441472077768e-05,7.107441263447043355e-05,1.749332550848409931e-05,4.272406132072077174e-07,2.548709731236100469e-07,1.129700800547894264e-06,6.575484873189049763e-06,2.808264541361982180e-09,1.887678770915506509e-04,6.877433333335491304e-09,2.050096560994277750e-07,1.699079620824037951e-07,1.120995660543672517e-07,8.087672543922445510e-05,7.385330233581817127e-09,3.132612051519287421e-09,5.486515532660909232e-06,2.611935651266764637e-07,2.002286320971090376e-05,4.229166272051106408e-07,7.206627963495148004e-01,0.000000000000000000e+00,2.782442951349459007e-10,1.200503770582233184e-09,1.528411770741265585e-08,1.829303320887194990e-07
1.426171870000000029e-02,-3.221962850000000267e-01,0.000000000000000000e+00,2.040032699999999977e+03,1.589291230000000055e-01,6.646330930420464578e-02,3.326392782876847615e-02,1.391542153893973222e+01,2.877137617554235021e+03,-8.644519916715211139e+01,1.822575099533052263e-03,6.148851948424650438e-05,3.499510279103417462e-05,2.097099209462718709e-03,7.964998807959350943e-04,1.185757619696206355e-01,7.884028057980094891e-07,5.578066968570887063e-08,1.556465449601230308e-06,1.523816019609595114e-06,1.735163899555447128e-05,1.068597179726223031e-06,3.615744539073638213e-04,5.969676698470556498e-04,4.454292728858800371e-02,1.076772659724128389e-01,4.096993428950341528e-06,9.718269807510158162e-05,1.912234219510081781e-06,7.717836278022672504e-08,4.178883428929361528e-06,2.385698409388778733e-06,1.767236479547230205e-03,2.616757519329581195e-06,6.728327878276187601e-05,6.879189608237535912e-07,1.978604839493077228e-06,3.092905209207591396e-05,6.744045238272160627e-05,1.626451989583299395e-05,4.556610468832586152e-07,2.646541029321950507e-07,1.122987139712288346e-06,6.134763438428259694e-06,2.982614099235847620e-09,1.918953259508360157e-04,7.383900788108228957e-09,2.062641769471546799e-07,1.735743539555298736e-07,1.174568979699072932e-07,7.815419477997671816e-05,7.125463178174440534e-09,3.229760919172528411e-09,5.309541558639683441e-06,2.598677699334213252e-07,1.936028589503985134e-05,4.466484878855677153e-07,7.210421208152674177e-01,0.000000000000000000e+00,2.101479159461596459e-10,8.539915057812055510e-10,1.510332309613049383e-08,1.704524239563297071e-07
1.427343749999999967e-02,-3.232093189999999949e-01,0.000000000000000000e+00,2.041860709999999926e+03,1.588707950000000091e-01,6.601883315425777221e-02,3.325355709055723835e-02,1.473812385845681838e+01,2.774706912371379076e+03,-8.324470082260221204e+01,1.785007760007584991e-03,6.503887510027636469e-05,4.199588850017845366e-05,2.233729680009491694e-03,8.675115890036862740e-04,1.185972150005039638e-01,8.423157890035792029e-07,5.912362590025123006e-08,1.631562990006932938e-06,1.569961570006671167e-06,1.683090870007152164e-05,1.047118390004449363e-06,3.251784510013817713e-04,5.094433160021646966e-04,4.401801130018704461e-02,1.079616410004587551e-01,4.178621710017756650e-06,9.278850100039428075e-05,1.860835170007907193e-06,7.546217400032065514e-08,3.821326210016237777e-06,2.322111650009866964e-06,1.578001830006705393e-03,2.322025990009867094e-06,5.579914930023710957e-05,5.529093140023495028e-07,1.535535390006524910e-06,3.127704040013290428e-05,6.359096190027021633e-05,1.502206060006383234e-05,4.807933460020430638e-07,2.732451670011610502e-07,1.110545670004719103e-06,5.700886480024224295e-06,3.161408050013433768e-09,1.950834410008289558e-04,7.945495510033762172e-09,2.072726060008807614e-07,1.766532120007506450e-07,1.223569910005199282e-07,7.530293500031998470e-05,6.755567630028706536e-09,3.296682540014008280e-09,5.117199960021743934e-06,2.578982850010959274e-07,1.866878970007933077e-05,4.701434510019978047e-07,7.214169320030655586e-01,0.000000000000000000e+00,1.552277590006595945e-10,5.955171480025305108e-10,1.477664340006278902e-08,1.569268680006668371e-07
1.428515630000000078e-02,-3.241848469999999982e-01,0.000000000000000000e+00,2.043465889999999945e+03,1.588304050000000078e-01,6.558234073794799723e-02,3.324065670843490833e-02,1.558981324904124399e+01,2.675325092834921179e+03,-7.991876232005269287e+01,1.746545692684032050e-03,6.865769190551082157e-05,5.026792207725003545e-05,2.384214183663979376e-03,9.435468024500107045e-04,1.186129611822803742e-01,8.988200073812761283e-07,6.259793899619838992e-08,1.685851942590759928e-06,1.599243322457663018e-06,1.617801942486182817e-05,1.016994181562882116e-06,2.900584054457518894e-04,4.320684046639880526e-04,4.345761756678418603e-02,1.082509891663564483e-01,4.226869866495709820e-06,8.797746203520076340e-05,1.794266252757367623e-06,7.314370861240476389e-08,3.469862935332367605e-06,2.239207513441138282e-06,1.398312222148878799e-03,2.036039453128916231e-06,4.578897757036694358e-05,4.374673306722849300e-07,1.175022051805733975e-06,3.136298694819756780e-05,5.955714589152540176e-05,1.377639642117109851e-05,5.017125577710148324e-07,2.804479654309828868e-07,1.092346001678680077e-06,5.275999038107976451e-06,3.343764145138583150e-09,1.983190003047699047e-04,8.567219253165811575e-09,2.080296273196928536e-07,1.790963922752292448e-07,1.266667561946571646e-07,7.233123131115617869e-05,6.289762579665892979e-09,3.329536385116718480e-09,4.909804847545221018e-06,2.552473123922554019e-07,1.795064312758593841e-05,4.930701897577334976e-07,7.217873021092182650e-01,0.000000000000000000e+00,1.120453751721875344e-10,4.067811546251274762e-10,1.430025092197614036e-08,1.426307332191900901e-07
1.429687500000000056e-02,-3.251213909999999818e-01,0.000000000000000000e+00,2.044839339999999993e+03,1.588085469999999944e-01,6.515374019184083654e-02,3.322503682161740551e-02,1.645806834379257211e+01,2.579588171279115159e+03,-7.648689701076460778e+01,1.707259970069991816e-03,7.232604360296512251e-05,5.997887550245892203e-05,2.549874300104535991e-03,1.024668440042007887e-03,1.186223660048631168e-01,9.578881850392701319e-07,6.620779140271428665e-08,1.715971390070348779e-06,1.609696370065991896e-06,1.540173050063141770e-05,9.784887800401146240e-07,2.565259760105166706e-04,3.641149260149274618e-04,4.286136790175717332e-02,1.085441420044499367e-01,4.237795280173735067e-06,8.279082250339414074e-05,1.713422190070244445e-06,7.024640960287986309e-08,3.127476450128215838e-06,2.137894450087646189e-06,1.229105910050389081e-03,1.763137370072282549e-06,3.716322250152356333e-05,3.405244710139603209e-07,8.860796920363261711e-07,3.115855710127739085e-05,5.537687880227025938e-05,1.253872730051404338e-05,5.175995150212197273e-07,2.860860440117285334e-07,1.068472240043803578e-06,4.862197720199333107e-06,3.528679380144663537e-09,2.015862340082643354e-04,9.253980590379381704e-09,2.085342330085491875e-07,1.808609640074146576e-07,1.302573180053400813e-07,6.925027490283902068e-05,5.747686960235635357e-09,3.325394240136329806e-09,4.688011590192192364e-06,2.518839220103263796e-07,1.720861820070549271e-05,5.150560930211154954e-07,7.221533170296057236e-01,0.000000000000000000e+00,7.896740890323739108e-11,2.719797120111502549e-10,1.367647430056068799e-08,1.278804730052426570e-07
1.430859370000000033e-02,-3.260177180000000119e-01,0.000000000000000000e+00,2.045973649999999907e+03,1.588057039999999920e-01,6.473287827682917828e-02,3.320650014304612346e-02,1.732663334621160089e+01,2.488218826845301010e+03,-7.297479264088731554e+01,1.667235199637771793e-03,7.602292248348304564e-05,7.129714098450977075e-05,2.732093589406417444e-03,1.110875379758648022e-03,1.186247249742272553e-01,1.019498659778500831e-06,6.995880838480054609e-08,1.719529029626410263e-06,1.599967049652386617e-06,1.451479719684647298e-05,9.321259657974836345e-07,2.248564569511470360e-04,3.048421129337691000e-04,4.222928219082514728e-02,1.088397229763531648e-01,4.208296559085693392e-06,7.728220228320945267e-05,1.619666489648106432e-06,6.681217718548419775e-08,2.797021769392311091e-06,2.019746049561183870e-06,1.071198889767268096e-03,1.507109009672561212e-06,2.981953999352132022e-05,2.606194829433770562e-07,6.581139508570162794e-07,3.064361589334227832e-05,5.109418718889912887e-05,1.132073679754042423e-05,5.278024618853281356e-07,2.900102609369915299e-07,1.039128059774236145e-06,4.461487289030684115e-06,3.715039219192859765e-09,2.048668809554900347e-04,1.001042299782510806e-08,2.087901199546376442e-07,1.819098629604777322e-07,1.330110259711016321e-07,6.607410778564455015e-05,5.152948678880456110e-09,3.282507669286832826e-09,4.452859659032558734e-06,2.477858649461653448e-07,1.644598819642689499e-05,5.356942348836135019e-07,7.225150808430242932e-01,0.000000000000000000e+00,5.429994488820264000e-11,1.778756839613542255e-10,1.291455829719414545e-08,1.130158629754458552e-07
1.432031249999999971e-02,-3.268728949999999966e-01,0.000000000000000000e+00,2.046863190000000031e+03,1.588222220000000129e-01,6.431953352249619726e-02,3.318484513174979611e-02,1.817594025091073817e+01,2.402066461746296682e+03,-6.941392816609703686e+01,1.626569561272426341e-03,7.972548426236733445e-05,8.438519956601251836e-05,2.932303442293870618e-03,1.202091530940367376e-03,1.186192680927930093e-01,1.083646520847710860e-06,7.385800675777734735e-08,1.695369611326246901e-06,1.569465121227755057e-06,1.353377201058714696e-05,8.786926076873801764e-07,1.952806111527633393e-04,2.535057321983114824e-04,4.156182943251282569e-02,1.091361550853745949e-01,4.136415283235818598e-06,7.151731805594628533e-05,1.514806141184996470e-06,6.290105104920598516e-08,2.481151661940945551e-06,1.886985801476143848e-06,9.252505437238013001e-04,1.271032300994298147e-06,2.364578541849753115e-05,1.960103721533342111e-07,4.811726753764098239e-07,2.980894232331882199e-05,4.675828063657788198e-05,1.013425700792778579e-05,5.318903774160851074e-07,2.921057682285073479e-07,1.004637390785903622e-06,4.075736993188351795e-06,3.901631793052153576e-09,2.081403531628232004e-04,1.084073490848044834e-08,2.088059851633439203e-07,1.822126871425406049e-07,1.348286421054731986e-07,6.281944234914213433e-05,4.531126143544591364e-09,3.200533782503700967e-09,4.205801753290098131e-06,2.429413761900471864e-07,1.566650901225553452e-05,5.545546864338148102e-07,7.228727125654860197e-01,0.000000000000000000e+00,3.640328992847741886e-11,1.137136240889554415e-10,1.203086860941146063e-08,9.838061917696080675e-08
1.433203119999999949e-02,-3.276863360000000225e-01,0.000000000000000000e+00,2.047504480000000058e+03,1.588582890000000136e-01,6.391341111842976930e-02,3.315987105109785560e-02,1.898396624298970536e+01,2.321653778459726254e+03,-6.583532443594303629e+01,1.585374199081399874e-03,8.340938835167079535e-05,9.939208754241007481e-05,3.151965488173682963e-03,1.298156299247820280e-03,1.186051749312775905e-01,1.150356529333458654e-06,7.791358235485518668e-08,1.643755219047572670e-06,1.518476839120161679e-06,1.247856349276965010e-05,8.192276385253218061e-07,1.679780539026698948e-04,2.093672678786880797e-04,4.085996837632484974e-02,1.094316699365929235e-01,4.021613577669790644e-06,6.557291186200563734e-05,1.401037899188208345e-06,5.858980706605179986e-08,2.182244038735560786e-06,1.742424318990401692e-06,7.917330265412527877e-04,1.057156609387460457e-06,1.852337878926715292e-05,1.447903919161053114e-07,3.461425147994375458e-07,2.865843398339468437e-05,4.242211867541970571e-05,8.990875694790491693e-06,5.296913636930853392e-07,2.922979548306362222e-07,9.654401194406030898e-07,3.706638327852293891e-06,4.087167537631806993e-09,2.113840328775195350e-04,1.174845439319269032e-08,2.085957108791351294e-07,1.817467558946920013e-07,1.356360499214095374e-07,5.950535876552130618e-05,3.907582577735861678e-09,3.080690058214981354e-09,3.948713057712030531e-06,2.373508278624738021e-07,1.487438209138146191e-05,5.712002196690342473e-07,7.232263415809470075e-01,0.000000000000000000e+00,2.377895178622196273e-11,7.101597075885181442e-11,1.104839859359831895e-08,8.430146415115391349e-08
1.434375000000000060e-02,-3.284578470000000250e-01,0.000000000000000000e+00,2.047896379999999908e+03,1.589139179999999874e-01,6.351414094158898405e-02,3.313138158243057740e-02,1.972766950553329579e+01,2.247861926705976202e+03,-6.227661771356791576e+01,1.543772119391333087e-03,8.704923096567887357e-05,1.164454799540887343e-04,3.392550568662410383e-03,1.398817799448484308e-03,1.185815849532465271e-01,1.219696659519106895e-06,8.213451706761661078e-08,1.566425179382401402e-06,1.448219679429006604e-06,1.137173619551643600e-05,7.549937867023265618e-07,1.430726569435903761e-04,1.717027249323023149e-04,4.012517408417974607e-02,1.097243219567387018e-01,3.864991078476139542e-06,5.953476127652707658e-05,1.280865589494989849e-06,5.396937917872135463e-08,1.902333799249961837e-06,1.589346719373364219e-06,6.709072487354795795e-04,8.668395846582289045e-07,1.433084219434974121e-05,1.049988109586018491e-07,2.448847979034486141e-07,2.721041318927168228e-05,3.814055208496222328e-05,7.901505726884653372e-06,5.213107587944613685e-07,2.905569288854413412e-07,9.220824046364482159e-07,3.355666428676952640e-06,4.270303838316335666e-09,2.145737199153994502e-04,1.273628239497843272e-08,2.081784239179209482e-07,1.804984289288344098e-07,1.353897659466195286e-07,5.615288597786045346e-05,3.305394918696773114e-09,2.925809768846433212e-09,3.683874878547548916e-06,2.310281339089119353e-07,1.407419439445093118e-05,5.852058227692693625e-07,7.235761127147137817e-01,0.000000000000000000e+00,1.512541089403646478e-11,4.330131598292747565e-11,9.995481026059055280e-09,7.106787747197988922e-08
1.435546870000000037e-02,-3.291876479999999994e-01,0.000000000000000000e+00,2.048040289999999914e+03,1.589889349999999979e-01,6.312127059107656979e-02,3.309918993238696039e-02,2.038463130939922152e+01,2.180876819525866267e+03,-5.877316790115234113e+01,1.501895529913195842e-03,9.061913119476252675e-05,1.356444859921602294e-04,3.655521069788723963e-03,1.503731689913089670e-03,1.185476179931483631e-01,1.291792239925338997e-06,8.653008949499886767e-08,1.466514459915240589e-06,1.360821989921349495e-06,1.023753649940830649e-05,6.874276659602691379e-07,1.206298779930280261e-04,1.398103019919194590e-04,3.935942679772516661e-02,1.100120239936416972e-01,3.669398819787921932e-06,5.349460629690819995e-05,1.156987279933130262e-06,4.914090169715983222e-08,1.643047459905037637e-06,1.431344679917273509e-06,5.628060029674717595e-04,7.005404329595113295e-07,1.094724569936728858e-05,7.471759079568159081e-08,1.703085599901567743e-07,2.549766619852632366e-05,3.396804969803676668e-05,6.875922639602595499e-06,5.071254899706899209e-07,2.869000039834182409e-07,8.752007109494166088e-07,3.024039669825220984e-06,4.449677409742824300e-09,2.176842539874186331e-04,1.380594479920206547e-08,2.075783909880027013e-07,1.784645829896853883e-07,1.340805259922506237e-07,5.278440769694925437e-05,2.743710619841423377e-09,2.740273879841621802e-09,3.413923039802687675e-06,2.240015689870534931e-07,1.327081929923299492e-05,5.961808809655429132e-07,7.239221849581599644e-01,0.000000000000000000e+00,9.363680699458812987e-12,2.576393119851093711e-11,8.903126059485430659e-09,5.891465999659494008e-08
1.436718749999999975e-02,-3.298763989999999868e-01,0.000000000000000000e+00,2.047940270000000055e+03,1.590829719999999892e-01,6.273429487480718103e-02,3.306312597925722269e-02,2.093447555664390336e+01,2.121208017220843431e+03,-5.536275045226295077e+01,1.459886199756465141e-03,9.409307888430361181e-05,1.570511949738010859e-04,3.942289119342357040e-03,1.612455489731014040e-03,1.185023979802316968e-01,1.366828359771988840e-06,9.110887618480142546e-08,1.348347499775071894e-06,1.259240099789936395e-06,9.100997158481793870e-06,6.180978748968903387e-07,1.006582759832084248e-04,1.130196819811463160e-04,3.856524339356663666e-02,1.102925619816012420e-01,3.439459379426237130e-06,4.754714849206829558e-05,1.032194779827811710e-06,4.421266629262454474e-08,1.405576799765525031e-06,1.272184409787777228e-06,4.672358059220568273e-04,5.578844019069350578e-07,8.255665638622808583e-06,5.216323749129825508e-08,1.163961839805830514e-07,2.356701139606860469e-05,2.995663219500270674e-05,5.922462799012028600e-06,4.877568849186334835e-07,2.813924779530587538e-07,8.255052888622911788e-07,2.712715179547471265e-06,4.623925389228647580e-09,2.206899959631850126e-04,1.495800809750474179e-08,2.068248179654979681e-07,1.756540319706977979e-07,1.317349409780242918e-07,4.942328039175532348e-05,2.236275839626949953e-09,2.529830169577979351e-09,3.141788959475894033e-06,2.163146189639148970e-07,1.246936279791989052e-05,6.037912238992769583e-07,7.242647078791798476e-01,0.000000000000000000e+00,5.641577719058884886e-12,1.495636739750501257e-11,7.807421348697583784e-09,4.801296189199058942e-08
1.437890630000000086e-02,-3.305251840000000274e-01,0.000000000000000000e+00,2.047602920000000040e+03,1.591954680000000066e-01,6.235264970123091666e-02,3.302304017251875279e-02,2.136118988276725972e+01,2.069277616411171493e+03,-5.207821686705843689e+01,1.417890861137150729e-03,9.744567437815158787e-05,1.806879801449120507e-04,4.254198293411874492e-03,1.724459311383019213e-03,1.184450770949931342e-01,1.445061701158941736e-06,9.587805247689435586e-08,1.217075860976096900e-06,1.147037280919925545e-06,7.986156536404911149e-06,5.485829164399643671e-07,8.311196826665592503e-05,9.069698687273912755e-05,3.774560703027203534e-02,1.105636430886722255e-01,3.181321512551424842e-06,4.178417073351096598e-05,9.091818627291652128e-07,3.929179383151208319e-08,1.190619500954878760e-06,1.115488690894623709e-06,3.837833963077949117e-04,4.377641723510875501e-07,6.145865074928992742e-06,3.571622792864446905e-08,7.815142126267757083e-08,2.147447241722256063e-05,2.615323372097493501e-05,5.047493264048097579e-06,4.640194773721443529e-07,2.741454152198650244e-07,7.737538566205518104e-07,2.422355991942733280e-06,4.791724193842970206e-09,2.235657201793000710e-04,1.619185101298588774e-08,2.059514521651733711e-07,1.720896961380162202e-07,1.284134001029877400e-07,4.609304493696669180e-05,1.791857281437072392e-09,2.301227591845588157e-09,2.870581982302211359e-06,2.080255451668368271e-07,1.167500560936337242e-05,6.077803234874407934e-07,7.246038345811333103e-01,0.000000000000000000e+00,3.306602502651900145e-12,8.467516216790960337e-12,6.737040885403117626e-09,3.845694413084252953e-08
1.439062500000000064e-02,-3.311354730000000135e-01,0.000000000000000000e+00,2.047037270000000035e+03,1.593256929999999905e-01,6.197570831917291467e-02,3.297880576032903577e-02,2.165367616191941735e+01,2.024999257329803868e+03,-4.894834751294809649e+01,1.376056120980205955e-03,1.006528930716980668e-04,2.065341381471204503e-04,4.592514403271385701e-03,1.839140841310075167e-03,1.183748560843219527e-01,1.526815411087596375e-06,1.008427440718333003e-07,1.078273680768086659e-06,1.028172170732397849e-06,6.915224834925921749e-06,4.804249013422210047e-07,6.789492474836358871e-05,7.224937645146539721e-05,3.690386552628772965e-02,1.108229530789425071e-01,2.902390432067459785e-06,3.629086632585106973e-05,7.904492715630606948e-07,3.448137672456211797e-08,9.983742027111718885e-07,9.646278426871332799e-07,3.118306622221263388e-04,3.384804672411097788e-07,4.516477833217222693e-06,2.398086931708229327e-08,5.153859223671248731e-08,1.928346161373618650e-05,2.259756791609692549e-05,4.255252733031143818e-06,4.368580873111870980e-07,2.653113171889891948e-07,7.207236885133931234e-07,2.153311621533868251e-06,4.951830983527337676e-09,2.262874891611913809e-04,1.750571381246984317e-08,2.049959631460247640e-07,1.678086051195350767e-07,1.242067740884762136e-07,4.281661203049955458e-05,1.413597191006947694e-09,2.061811631468690155e-09,2.603454961854518739e-06,1.992059101419003409e-07,1.089283390775929261e-05,6.079864914330869498e-07,7.249397315163962352e-01,0.000000000000000000e+00,1.885193921342880033e-12,4.674365953329691245e-12,5.720830624075119199e-09,3.027176622156348975e-08
1.440234370000000041e-02,-3.317090839999999874e-01,0.000000000000000000e+00,2.046254410000000007e+03,1.594727629999999896e-01,6.160282163690008334e-02,3.293032425507247396e-02,2.180682794001602431e+01,1.988276736265145246e+03,-4.599660374782870065e+01,1.334527640917774864e-03,1.036924200713108482e-04,2.345249001612863368e-04,4.958384113409956481e-03,1.955834101345056957e-03,1.182910100813505255e-01,1.612465671108917113e-06,1.060048940729011756e-07,9.374919286447274575e-07,9.067120906235596711e-07,5.907343384062570326e-06,4.150322272854240138e-07,5.486996993773491239e-05,5.713076063928968981e-05,3.604369422478779367e-02,1.110681840763832751e-01,2.610867121795533256e-06,3.114142342141643088e-05,6.781700834663879085e-07,2.987432402054502641e-08,8.285611675698140461e-07,8.225003195656459078e-07,2.505928521723365505e-04,2.579228441773775030e-07,3.276779632253491477e-06,1.578865201085809703e-08,3.337828962295476080e-08,1.705962081173216120e-05,1.932070631328714573e-05,3.547734022439830643e-06,4.072780072800912977e-07,2.550780011754209798e-07,6.671872054588347894e-07,1.905641121310538583e-06,5.103101453509481184e-09,2.288332231573720938e-04,1.889668281299553537e-08,2.039992991402934303e-07,1.628626831120031489e-07,1.192302870819964935e-07,3.961583502724441171e-05,1.100207470756629312e-09,1.819049651250987977e-09,2.343484581611650074e-06,1.899392941306241524e-07,1.012774780696500560e-05,6.043530674156227521e-07,7.252725554987810019e-01,0.000000000000000000e+00,1.045566480719051975e-12,2.515961121730264856e-12,4.781324453288189304e-09,2.341937691610586050e-08
1.441406249999999979e-02,-3.322481090000000137e-01,0.000000000000000000e+00,2.045267100000000028e+03,1.596356740000000052e-01,6.123332834341178865e-02,3.287752699947892737e-02,2.182154911599950609e+01,1.958948282789788891e+03,-4.324063249336732184e+01,1.293445741080498238e-03,1.065442190890032210e-04,2.645539912209989432e-04,5.352821284471555481e-03,2.073830081732403428e-03,1.181929090987341308e-01,1.702423411422143545e-06,1.113626760930284030e-07,7.998373686681554463e-07,7.865446406570513427e-07,4.977688624158182587e-06,3.536065822953902899e-07,4.386743933664528905e-05,4.484397163746105182e-05,3.516897862937890668e-02,1.112970850929736050e-01,2.315202671934037558e-06,2.639525642204965396e-05,5.740930134795767125e-07,2.554905252134276647e-08,6.804508755684243087e-07,6.914005625775713165e-07,1.991559351663677241e-04,1.937423961618454663e-07,2.347518821961033369e-06,1.019373070851547899e-08,2.122775341773290677e-08,1.486616201241865950e-05,1.634394461365314908e-05,2.924677562443170872e-06,3.762754753143270200e-07,2.436604362035451864e-07,6.138845875128172034e-07,1.679119581402676425e-06,5.244518894381083344e-09,2.311834281931223834e-04,2.036082811700870541e-08,2.030048291695829828e-07,1.573180911314178951e-07,1.136161170949108398e-07,3.651085103049986309e-05,8.469870057075426732e-10,1.580035081319904867e-09,2.093529961748860238e-06,1.803186801506317787e-07,9.384307917839314686e-06,5.969322544986557699e-07,7.256024576061423925e-01,0.000000000000000000e+00,5.642346524713414934e-13,1.320478581103080558e-12,3.934383703286643092e-09,1.781045071487821154e-08
1.442578119999999957e-02,-3.327548330000000276e-01,0.000000000000000000e+00,2.044089240000000018e+03,1.598133369999999998e-01,6.086657344429979855e-02,3.282037584838827515e-02,2.170429908729363078e+01,1.936465990442946577e+03,-4.068803973102352955e+01,1.252942150786409128e-03,1.091909340685336778e-04,2.964779591860843607e-04,5.776692033625740151e-03,2.192397241376058039e-03,1.180800330741129250e-01,1.797107811127954680e-06,1.169100310733785694e-07,6.696321384202945933e-07,6.711224414212299123e-07,4.136939412596549604e-06,2.970878801864672173e-07,3.469507982177636460e-05,3.494215492193143561e-05,3.428370262151816256e-02,1.115075090699876870e-01,2.023536311270072523e-06,2.209450691386761749e-05,4.794828153009473619e-07,2.156635541353612266e-08,5.529192043470396969e-07,5.729396863596055280e-07,1.565204630982400388e-04,1.435161570900779172e-07,1.661139131042613839e-06,6.455086214051534528e-09,1.325740460832100927e-08,1.275968620800861765e-05,1.367843990858527235e-05,2.383723701496144088e-06,3.447771052163993169e-07,2.312915491451701273e-07,5.615000063524253828e-07,1.473260520924691977e-06,5.375213953373752607e-09,2.333217431464443769e-04,2.189336301374136866e-08,2.020574021268213163e-07,1.512536720949343546e-07,1.075054460674757815e-07,3.351958142103856150e-05,6.470174114061003832e-10,1.351050550847986658e-09,1.856110141164987351e-06,1.704434421069788070e-07,8.666612255439597653e-06,5.858813303677283523e-07,7.259295794556296366e-01,0.000000000000000000e+00,2.963691931860161187e-13,6.759130154242367613e-13,3.188964122001552780e-09,1.331924860835982462e-08
1.443750000000000068e-02,-3.332316479999999914e-01,0.000000000000000000e+00,2.042735380000000077e+03,1.600046230000000125e-01,6.050192607767360120e-02,3.275886285654321106e-02,2.146603196579706818e+01,1.920427494922295637e+03,-3.834145425687521680e+01,1.213137150564085921e-03,1.116181830519003530e-04,3.301221371535006011e-04,6.230704772897159571e-03,2.310802311074479365e-03,1.179519850548454429e-01,1.896915810882029982e-06,1.226364950570236702e-07,5.501869202558265316e-07,5.632672782619085825e-07,3.391128001576810651e-06,2.461229401144425227e-07,2.714801041262331378e-05,2.702883071256789992e-05,3.339183661552657528e-02,1.116974450519372108e-01,1.743178940810545245e-06,1.826294290849192570e-05,3.951003921837142234e-07,1.796774360835466330e-08,4.445199402066934100e-07,4.680265582176235139e-07,1.216461610565631806e-04,1.048864620487702235e-07,1.161417870540037538e-06,4.010219391864676657e-09,8.131370733780935418e-09,1.078692380501571655e-05,1.132553390526615966e-05,1.920685950893082901e-06,3.135933821458150050e-07,2.182125661014647373e-07,5.106419722374389309e-07,1.287345950598591589e-06,5.494477922554828461e-09,2.352353301093799965e-04,2.348883381092186390e-08,2.012023420935552924e-07,1.447585010673099719e-07,1.010407930469820736e-07,3.065734441425509236e-05,4.922940362289074395e-10,1.137231080528791196e-09,1.633305710759456366e-06,1.604160160745904397e-07,7.978195783709711715e-06,5.714521372657144156e-07,7.262540563376944647e-01,0.000000000000000000e+00,1.515943180704885017e-13,3.375359001569478274e-13,2.547564441184569547e-09,9.798990584556345309e-09
1.444921870000000046e-02,-3.336809600000000264e-01,0.000000000000000000e+00,2.041220139999999901e+03,1.602083990000000013e-01,6.013879501868978072e-02,3.269300903321646634e-02,2.112096709639935810e+01,1.910070033644135492e+03,-3.619406423865978439e+01,1.174137210412769250e-03,1.138147180400116772e-04,3.652875841284172406e-04,6.715405292360808118e-03,2.428330100853681554e-03,1.178084970414156885e-01,2.002190910703872021e-06,1.285273350451839081e-07,4.437025401559840670e-07,4.650520161634894879e-07,2.741863510963904796e-06,2.010599450706828223e-07,2.101804060738891243e-05,2.075672970729705119e-05,3.249723201142443868e-02,1.118650580393262817e-01,1.480201580520366479e-06,1.490631020524032905e-05,3.212218861129259290e-07,1.477533740519428559e-08,3.535687611242974935e-07,3.769060501325017044e-07,9.349370963286780226e-05,7.566680832660074079e-08,8.026451152821707278e-07,2.445033290859554143e-09,4.898663431722130783e-09,8.982705923157880144e-06,9.277684303261580335e-06,1.529914000537842758e-06,2.833890900996257186e-07,2.046636190719497113e-07,4.618288621623564180e-07,1.120462150393899576e-06,5.601769301969308141e-09,2.369150850832877232e-04,2.514132330883845670e-08,2.004844080704805079e-07,1.379287390484889801e-07,9.435931373317210696e-08,2.793659680982114177e-05,3.746591701317118147e-10,9.423581603312867798e-10,1.426692660501555406e-06,1.503384960528516583e-07,7.321958662574041557e-06,5.539753871947505399e-07,7.265760092554285343e-01,0.000000000000000000e+00,7.555636212656192226e-14,1.645135030578348937e-13,2.007228600705643248e-09,7.095875442494562136e-09
1.446093749999999983e-02,-3.341051110000000102e-01,0.000000000000000000e+00,2.039557739999999967e+03,1.604235669999999891e-01,5.977664143247954365e-02,3.262286144651081743e-02,2.068511585440198530e+01,1.904801074191515227e+03,-3.423533126258538317e+01,1.136033409787247589e-03,1.157724889783185449e-04,4.017583029247601438e-04,7.231176728645771074e-03,2.544300739523512513e-03,1.176494299779670405e-01,2.113195219604248388e-06,1.345639969747993426e-07,3.512941239342108935e-07,3.777656999292533661e-07,2.186867199590451313e-06,1.619670549696673776e-07,1.610176729698451878e-05,1.582556249703624576e-05,3.160352949408139905e-02,1.120087059790234041e-01,1.239170019767932684e-06,1.201400049775006047e-05,2.576909989517405600e-07,1.199317999775395952e-08,2.782318719478936947e-07,2.992435929439586942e-07,7.106084798669197434e-05,5.391128138990369070e-08,5.484888438972809485e-07,1.463608959725900463e-09,2.899057849457074476e-09,7.369262038619911698e-06,7.519863828591707003e-06,1.204708329774386656e-06,2.546709109523061813e-07,1.908752689642535585e-07,4.154801899221903489e-07,9.715388878180536892e-07,5.696714068933139671e-09,2.383556749553616115e-04,2.684465249497263106e-08,1.999467979625546773e-07,1.308640719754922361e-07,8.758755678359691006e-08,2.536680969524939707e-05,2.864743869463501250e-10,7.687952718560227859e-10,1.237312429768280565e-06,1.403094119737233455e-07,6.700126938745224365e-06,5.338417829000240961e-07,7.268955528638695318e-01,0.000000000000000000e+00,3.671866939312346167e-14,7.829652358533690536e-14,1.560868909707686068e-09,5.060454389052295603e-09
1.447265629999999921e-02,-3.345063079999999744e-01,0.000000000000000000e+00,2.037761549999999943e+03,1.606490959999999912e-01,5.941498769451496881e-02,3.254849092848213082e-02,2.017501258875583758e+01,1.903900109480916399e+03,-3.244907711606230549e+01,1.098900500522804287e-03,1.174865750558944837e-04,4.393081312090017418e-04,7.778243683700515262e-03,2.658083661264588546e-03,1.174747720558888819e-01,2.230088541060969307e-06,1.407248120669501103e-07,2.731148001299349433e-07,3.019548491436556640e-07,1.720725910818638990e-06,1.286704340612152426e-07,1.220705760580753478e-05,1.197892100569899748e-05,3.071408471461229209e-02,1.121269610533446315e-01,1.023043240486714801e-06,9.561746044549021369e-06,2.039953890970512380e-07,9.609680044571825201e-09,2.166124341030538073e-07,2.342405651114404421e-07,5.341088982541034800e-05,3.794955201805458186e-08,3.706896351763563811e-07,8.604638854093675306e-10,1.685348630801808165e-09,5.956747572833934701e-06,6.031251792869380853e-06,9.377462934461348365e-07,2.277902001083716596e-07,1.770614620842373817e-07,3.719136361769386784e-07,8.393897603993413895e-07,5.779100412749419725e-09,2.395554011139689637e-04,2.859256971360297540e-08,1.996302140949744992e-07,1.236640960588334450e-07,8.083789413845880964e-08,2.295447301092064129e-05,2.210281221051545856e-10,6.175555802938034309e-10,1.065677660506998432e-06,1.304209420620480503e-07,6.114245722908864969e-06,5.114822082433387358e-07,7.272127893459729986e-01,0.000000000000000000e+00,1.740876780828225644e-14,3.639937311731707843e-14,1.198672310570270836e-09,3.555730521691646313e-09
1.448437500000000072e-02,-3.348865690000000228e-01,0.000000000000000000e+00,2.035843830000000025e+03,1.608840470000000022e-01,5.905342258255610877e-02,3.246998844021482117e-02,1.960649703034607683e+01,1.906582887896943930e+03,-3.081544881257931934e+01,1.062796690738169970e-03,1.189550460826207265e-04,4.777067693317932546e-04,8.356679975804167174e-03,2.769107591923295354e-03,1.172846290814605341e-01,2.352917791634228846e-06,1.469859211020896731e-07,2.085453681448460524e-07,2.375250901649740528e-07,1.335759030927757113e-06,1.008052670700147218e-07,9.157722766360535554e-06,9.000539746251362558e-06,2.983191592071987933e-02,1.122186190779419224e-01,8.332305295787237374e-07,7.514967595219552128e-06,1.593566731106818420e-07,7.600804935279170786e-09,1.668289541158717610e-07,1.807637091255501812e-07,3.969274202756876269e-05,2.639301441833137930e-08,2.477114931720490696e-07,4.967711073450343848e-10,9.617482466679861843e-10,4.744767743295498734e-06,4.787036253324855958e-06,7.214858205011110591e-07,2.029574281409649432e-07,1.634142781135000717e-07,3.313473992301387464e-07,7.227516065019901445e-07,5.848868994062356507e-09,2.405159291670513617e-04,3.037892482109980853e-08,1.995720571386136102e-07,1.164249860808634569e-07,7.420663815154052826e-08,2.070321481437950548e-05,1.727154861199602569e-10,4.884777373392742110e-10,9.118096826333011978e-07,1.207567440838720891e-07,5.565202163865334790e-06,4.873492323384905121e-07,7.275278095053074878e-01,0.000000000000000000e+00,8.048786875590318175e-15,1.651822111147279880e-14,9.093948786316240891e-10,2.461966501709969320e-09
1.449609370000000050e-02,-3.352476859999999892e-01,0.000000000000000000e+00,2.033815450000000055e+03,1.611275889999999877e-01,5.869160282025914777e-02,3.238746246433274467e-02,1.899393030039059482e+01,1.912158942526890996e+03,-2.931332559648032543e+01,1.027764089955742529e-03,1.201787429948248585e-04,5.167245799777488591e-04,8.966419139613887937e-03,2.876866479876116333e-03,1.170792179949583373e-01,2.481620449893136577e-06,1.533223499933976433e-07,1.564126069932645424e-07,1.838841309920815980e-07,1.022907399955951465e-06,7.787318949664662080e-08,6.796371849707334881e-06,6.710142049711048471e-06,2.895967259875293839e-02,1.122826959951648829e-01,6.697906949711575197e-07,5.832404659748845220e-06,1.228257149947108774e-07,5.933686259744484216e-09,1.270816289945276148e-07,1.374746019940800510e-07,2.915249359874463582e-05,1.811975399921972760e-08,1.634467569929616721e-07,2.810532969878972731e-10,5.368531519768820822e-10,3.724619709839610516e-06,3.760160809838079854e-06,5.485242769763794220e-07,1.802640339922374688e-07,1.501005799935363581e-07,2.939070909873437910e-07,6.203211479732877248e-07,5.906100179745671823e-09,2.412419109896116306e-04,3.219783789861350084e-08,1.998057569913959729e-07,1.092367729952960401e-07,6.777383059708151906e-08,1.861401449919844391e-05,1.370459739940985286e-10,3.804806429836157271e-10,7.753004089666139999e-07,1.113906109952032919e-07,5.053272779782396718e-06,4.619021799801095425e-07,7.278406939686576926e-01,0.000000000000000000e+00,3.607077439844672400e-15,7.268469909687006390e-15,6.814285739706562946e-10,1.678635219927714457e-09
1.450781249999999988e-02,-3.355912030000000046e-01,0.000000000000000000e+00,2.031685819999999921e+03,1.613790109999999889e-01,5.832925125724476578e-02,3.230103442827224336e-02,1.834956917642612950e+01,1.923313610706220970e+03,-2.722696533333287761e+01,9.938295377126045872e-04,1.211610240868759815e-04,5.561358713987656728e-04,9.607267046888690043e-03,2.980921702137407335e-03,1.168588470837911980e-01,2.616046181875780974e-06,1.597091351145161059e-07,1.151993210826012612e-07,1.401117871004642212e-07,7.725928425539715095e-07,5.930283064252185530e-08,4.985571113574798989e-06,4.959088723555811530e-06,2.809962432014824832e-02,1.123184280805355761e-01,5.317909093813095510e-07,4.469715773204916007e-06,9.338521836695990716e-08,4.570891023277461347e-09,9.570509236862333739e-08,1.029639490738281411e-07,2.113734411515608963e-05,1.224723550878162339e-08,1.060406080760342009e-07,1.540680721104712788e-10,2.887902062070709869e-10,2.882041302066507547e-06,2.922881312095790929e-06,4.119089442953507220e-07,1.597074521145148712e-07,1.372604350984197121e-07,2.596362161861667235e-07,5.307874213805899742e-07,5.950999254267039721e-09,2.417405411733350125e-04,3.404389852441046322e-08,2.003602871436641573e-07,1.021815930732671727e-07,6.160504104417261392e-08,1.668548441196397860e-05,1.105179920792446144e-10,2.918739412092821391e-10,6.553895384699333093e-07,1.023861400734138471e-07,4.578187793282693577e-06,4.355982913123366800e-07,7.281515155221057745e-01,0.000000000000000000e+00,1.504342011078657181e-15,2.965861522126609020e-15,5.037442453611993212e-10,1.124217540806096681e-09
1.453125000000000076e-02,-3.362293350000000181e-01,0.000000000000000000e+00,2.027146889999999985e+03,1.619037449999999878e-01,5.760244051134012083e-02,3.211693266463662433e-02,1.709208749835207186e+01,1.944370233710671300e+03,-2.474897066666741097e+01,9.292926351043141568e-04,1.224185940137416026e-04,6.354680560713319663e-04,1.098080640123260711e-02,3.176807750356600013e-03,1.163745820130631797e-01,2.901357640325680724e-06,1.725561060193695929e-07,6.037449560677709837e-08,7.897918880886549943e-08,4.313595350484205590e-07,3.362887300377487392e-08,2.658489900298418428e-06,2.707464120303916045e-06,2.642197420296589494e-02,1.123035520126061948e-01,3.287304040369003444e-07,2.568880560288359534e-06,5.291629540593991154e-08,2.660304080298622110e-09,5.351951170600761790e-08,5.667411870636173185e-08,1.099819270123455919e-05,5.671259830636605215e-09,4.572757670513297331e-08,4.835468380542787100e-11,8.834532690991685933e-11,1.678785140188445573e-06,1.733711330194610940e-06,2.287106590256730090e-07,1.247771540140063869e-07,1.133386110127223803e-07,2.005128020225077962e-07,3.864626200433808543e-07,6.004783160674043873e-09,2.420856690271743828e-04,3.780249380424336891e-08,2.024995760227307816e-07,8.869320180995590646e-08,5.022875760563823657e-08,1.329908000149283601e-05,7.602711860853413110e-11,1.668459070187286294e-10,4.621256470518741059e-07,8.562440490961143305e-08,3.736075610419378656e-06,3.818047120428579985e-07,7.287670380818048743e-01,0.000000000000000000e+00,3.096292250347562312e-16,5.944045490667225500e-16,2.760644860309885567e-10,5.080191420570256792e-10
1.455468749999999992e-02,-3.368093890000000146e-01,0.000000000000000000e+00,2.022278939999999920e+03,1.624544209999999878e-01,5.687166199865609922e-02,3.191888984986897271e-02,1.583051824385810313e+01,1.967313332783977785e+03,-2.243123199999919137e+01,8.691652696247601038e-04,1.227939799469868394e-04,7.140427866917303324e-04,1.247341399461492258e-02,3.354418098551815650e-03,1.158358589499908220e-01,3.205002028616322312e-06,1.853247569199907688e-07,2.993812828707497802e-08,4.240869568169112812e-08,2.312768739001521332e-07,1.827782429210901644e-08,1.375038529406362224e-06,1.447598369375036363e-06,2.481115378928841833e-02,1.121714159515728587e-01,1.979968159145199400e-07,1.421797969386175057e-06,2.881590158755947141e-08,1.489308079357029436e-09,2.897803258748947585e-08,2.984583058711482592e-08,5.525705277614418078e-06,2.558454268895453100e-09,1.926000259168498452e-08,1.452589989372881468e-11,2.552660038897954391e-11,9.357450845960159570e-07,9.959804045700109660e-07,1.225556829470897070e-07,9.700950085811862915e-08,9.225137496017282227e-08,1.529648539339613344e-07,2.789791068795579142e-07,6.013802847403694435e-09,2.416537718956721483e-04,4.161523198203369028e-08,2.061447699110022847e-07,7.639298046701928653e-08,4.029075808260549410e-08,1.049256219547010445e-05,5.502866677624278049e-11,9.100790436070965408e-11,3.204118888616703794e-07,7.073035206946397269e-08,3.027340188693023189e-06,3.288657988580206156e-07,7.293750056851110442e-01,0.000000000000000000e+00,5.959015727427346133e-17,1.115481289518419447e-16,1.472582449364250231e-10,2.225886199039030504e-10
1.457812500000000080e-02,-3.373351210000000155e-01,0.000000000000000000e+00,2.017106299999999919e+03,1.630294650000000123e-01,5.613658462520052655e-02,3.170804238419790144e-02,1.462115404168479493e+01,1.989723412526336688e+03,-2.016870400000032149e+01,8.132783807951700968e-04,1.223673399691809426e-04,7.905893848008845861e-04,1.408018359645380781e-02,3.512611029115324419e-03,1.152469299709742573e-01,3.523118249112678053e-06,1.978743799501639605e-07,1.411720589644448266e-08,2.177202369451656408e-08,1.194644519699120286e-07,9.554653727593594446e-09,6.922245698256583797e-07,7.596302788086818722e-07,2.327325479413847042e-02,1.119223879718115600e-01,1.181505559702429528e-07,7.603047108085119911e-07,1.513236969618880818e-08,8.048058967973040833e-10,1.523724989616239280e-08,1.508665159620032218e-08,2.687904639323032658e-06,1.128363469715813797e-09,7.959338257995385319e-09,4.256552198927957902e-12,7.022815028231255162e-12,5.006464138739087049e-07,5.558211318600125989e-07,6.352785008400006877e-08,7.514877428107326648e-08,7.416548238132090946e-08,1.155343429709018582e-07,2.000450539496172623e-07,5.982254828493327639e-09,2.405485419394161556e-04,4.545651968855145844e-08,2.113548279467688104e-07,6.548783048350643324e-08,3.184171999198043591e-08,8.203485077933894768e-06,4.111160088964575128e-11,4.752875348802955008e-11,2.192392209447830633e-07,5.778156658544731057e-08,2.438119399385942688e-06,2.788000219297823009e-07,7.299757468161505169e-01,0.000000000000000000e+00,1.088701169725803019e-17,1.988202569499257227e-17,7.676055248066730995e-11,9.518415937602721195e-11
1.460156249999999996e-02,-3.378078250000000060e-01,0.000000000000000000e+00,2.011639190000000099e+03,1.636284930000000137e-01,5.539733239679658916e-02,3.148551755610839303e-02,1.349775926211133203e+01,2.010103161475297838e+03,-1.788936533333354362e+01,7.613773705484228223e-04,1.212288439280985046e-04,8.640477024875284915e-04,1.579535239063168880e-02,3.650940097834607257e-03,1.146122439320228364e-01,3.851973067715373061e-06,2.101083978753835390e-07,6.362390336226430845e-09,1.073217749363468645e-08,5.966913046460990473e-08,4.822370807139825186e-09,3.403477537981378665e-07,3.920876057674506615e-07,2.181094108706381138e-02,1.115588339338338258e-01,7.152174265758006641e-08,3.942562467661644080e-07,7.693698575436824544e-09,4.214701927500236872e-10,7.806362025370003410e-09,7.345858375643130448e-09,1.269346179247143863e-06,4.880247187105498860e-10,3.239963788078359530e-09,1.240438039264289198e-12,1.853125458900901215e-12,2.580367088469570014e-07,3.022344208207431290e-07,3.194197538105503398e-08,5.803582926557862369e-08,5.900661436500285160e-08,8.657926474864935775e-08,1.427396849153402896e-07,5.914792296491904184e-09,2.388749908583219094e-04,4.930849807075485955e-08,2.181273348706274725e-07,5.604363446676021004e-08,2.482722798527483294e-08,6.362443016226399661e-06,3.118218758150566833e-11,2.386236088584710272e-11,1.485567059118901939e-07,4.673729877227984708e-08,1.953198268841547413e-06,2.329930388618105548e-07,7.305694845666951265e-01,0.000000000000000000e+00,1.912916428865438618e-18,3.408804177978219008e-18,3.924025747672638976e-11,3.996220177629819425e-11
1.462500000000000085e-02,-3.382271070000000268e-01,0.000000000000000000e+00,2.005878259999999955e+03,1.642519590000000029e-01,5.465430391657074422e-02,3.125239090153609373e-02,1.247856634435412815e+01,2.027651492640171227e+03,-1.554696533333374298e+01,7.131649112241464491e-04,1.194715138700266986e-04,9.335663549843713650e-04,1.761263218083918003e-02,3.769478315899177194e-03,1.139361438760486400e-01,4.188270625443571513e-06,2.219702827585180694e-07,2.754465587003411158e-09,5.101621704449935701e-09,2.892669226853059625e-08,2.359300547433312409e-09,1.639913478215934680e-07,1.994998287829637369e-07,2.042450407778014301e-02,1.110845948791508442e-01,4.519371195083366990e-08,1.990076517834991853e-07,3.802432295863326397e-09,2.147589427663633342e-10,3.909992835746311685e-09,3.457194226238911658e-09,5.835248793651822048e-07,2.075115047742478307e-10,1.303412508582014903e-09,3.669360066008095660e-13,4.722684714862181372e-13,1.285926238601038313e-07,1.606143678252673166e-07,1.562252198300422783e-08,4.469848485137242581e-08,4.654418334936448818e-08,6.449160652983945668e-08,1.015147578895619005e-07,5.816178653672568237e-09,2.367324887424582572e-04,5.316003424216708869e-08,2.264134037536843942e-07,4.802026824775865438e-08,1.912365807919533714e-08,4.899835964669458940e-06,2.375494527415694904e-11,1.156618198741712708e-11,1.000023238912072687e-07,3.747256615923352001e-08,1.557478588305616006e-06,1.922271977908756336e-07,7.311563562045735321e-01,0.000000000000000000e+00,3.269484376443121104e-19,5.686692223813436648e-19,1.972973717853597769e-11,1.655672668198790264e-11
1.464843750000000000e-02,-3.385914890000000232e-01,0.000000000000000000e+00,1.999818179999999984e+03,1.649008700000000049e-01,5.390803914081603032e-02,3.100966146625953185e-02,1.157094098060033893e+01,2.042049113384868633e+03,-1.311445333333267627e+01,6.683316986050466231e-04,1.171862621060897611e-04,9.984867259039389899e-04,1.952549091767660089e-02,3.868664533502336449e-03,1.132226801025015134e-01,4.529315464100429486e-06,2.334367252113323739e-07,1.151236161042224311e-09,2.348689742126289853e-09,1.366208521236840740e-08,1.123321361016952868e-09,7.769465477033767153e-08,1.002794290907838682e-07,1.911269401730289128e-02,1.105045351000407405e-01,3.059597242769880715e-08,9.816256398886744292e-08,1.834023111660357498e-09,1.068969140967747318e-10,1.921255961739329875e-09,1.577840351428432878e-09,2.618185112370266554e-07,8.692134637869067443e-11,5.196432164704376445e-10,1.122914691016584737e-13,1.170506991059670393e-13,6.218930875630053235e-08,8.366349727574132133e-08,7.453270346747512552e-09,3.435142533109864849e-08,3.646370863301091666e-08,4.782580334329712745e-08,7.206332326523957472e-08,5.691051395152160099e-09,2.342107342120330719e-04,5.700574625160781451e-08,2.361328092137731524e-07,4.130869533739713328e-08,1.457022931319055895e-08,3.750322403395200125e-06,1.807086681635971794e-11,5.435293214920619857e-12,6.706416676071378250e-08,2.981181272698889902e-08,1.236864731119744659e-06,1.567881701419417268e-07,7.317364246624475932e-01,0.000000000000000000e+00,5.489675444969853051e-20,9.325919968442839625e-20,9.780823398854666118e-12,6.797858996154161980e-12
1.467187499999999915e-02,-3.388988589999999967e-01,0.000000000000000000e+00,1.993450280000000021e+03,1.655765770000000026e-01,5.315912957339467143e-02,3.075823724731999859e-02,1.077444805931749450e+01,2.053279889465082761e+03,-1.057740800000040515e+01,6.265765219430280766e-04,1.144587559895927524e-04,1.058321219903771496e-03,2.152738089804260777e-02,3.949180609640918528e-03,1.124754999897730895e-01,4.873037229556915718e-06,2.445099229777677631e-07,4.667793789575577760e-10,1.051643389904378443e-09,6.309892279426268185e-09,5.225467189524871016e-10,3.631114939669838271e-08,4.989891859546290726e-08,1.787331899837485416e-02,1.098241799900141480e-01,2.246815939795706665e-08,4.750055889568098197e-08,8.666359939212005193e-10,5.217790289525568833e-11,9.293149169155013634e-10,7.005062019363059664e-10,1.149518089895479356e-07,3.592807259673320960e-11,2.057889559812885147e-10,3.601488399672531893e-14,2.842047209741584997e-14,2.928951779733683051e-08,4.283861179610486869e-08,3.478001099683760294e-09,2.636575169760267631e-08,2.842086949741581161e-08,3.535553859678526933e-08,5.112730599535120865e-08,5.543774399495928473e-09,2.313879089789608930e-04,6.084498249446763336e-08,2.471874219775242958e-07,3.576266989674825343e-08,1.099329009900042608e-08,2.855349999740375198e-06,1.369099499875513606e-11,2.486692989773895560e-12,4.491320919591623620e-08,2.355618809785813959e-08,9.787130699110098976e-07,1.265909519884896260e-07,7.323096889334143045e-01,0.000000000000000000e+00,9.131427089169719101e-21,1.517179599862049287e-20,4.791294989564348293e-12,2.775361889747647916e-12
1.469531250000000004e-02,-3.391467670000000156e-01,0.000000000000000000e+00,1.986764139999999998e+03,1.662806430000000057e-01,5.240816341906198716e-02,3.049892930865205978e-02,1.008330361626351745e+01,2.061501199285503390e+03,-7.929258666666595623e+00,5.876179962505568991e-04,1.113676680474865035e-04,1.112729710474461399e-03,2.361190981006797834e-02,4.011858621710632719e-03,1.116978030476272754e-01,5.217932872224895156e-06,2.552105111088202494e-07,1.844739090786585804e-10,4.598650701960837280e-10,2.860362331219641493e-09,2.384095781016564220e-10,1.679252960716023337e-08,2.462869971050153130e-08,1.670365240712233870e-02,1.090494220464980207e-01,1.778139380758187993e-08,2.263771310965258578e-08,4.026868321717032703e-10,2.506883831068920135e-11,4.439832561893118317e-10,3.034193331293762373e-10,4.950805092110994076e-08,1.467661540625802108e-11,8.111362463458635698e-11,1.215019950518077240e-14,6.815854912906240499e-15,1.347982630574771725e-08,2.162047370921884338e-08,1.591607100678651807e-09,2.023655440862874587e-08,2.207751170941371813e-08,2.608251741112143114e-08,3.629241791547486598e-08,5.378356872293299871e-09,2.283303580973587092e-04,6.468085062757952906e-08,2.594719431106372605e-07,3.122245351331306554e-08,8.223139073506298253e-09,2.164252690922824487e-06,1.032187550440118557e-11,1.112164860474220502e-12,3.009693961283315998e-08,1.850336360788972520e-08,7.719904093291721647e-07,1.012998180431936399e-07,7.328761023124940044e-01,0.000000000000000000e+00,1.515168000646058719e-21,2.467740781052230314e-21,2.324099220990982040e-12,1.129778540481730868e-12
1.471874999999999920e-02,-3.393326090000000073e-01,0.000000000000000000e+00,1.979748759999999947e+03,1.670147559999999864e-01,5.165569533659220697e-02,3.023245325036704595e-02,9.488164861332329281e+00,2.066957402514411569e+03,-5.168938666665964021e+00,5.512003192082696882e-04,1.079839160408014535e-04,1.161496160438868497e-03,2.577295790973824913e-02,4.057613801533159134e-03,1.108923420419004047e-01,5.562976672101957368e-06,2.655718271003456889e-07,7.139298842697566981e-11,1.971887550745072903e-10,1.277386920482657407e-09,1.070902550404637890e-10,7.707198062912145659e-09,1.208036300456453437e-08,1.560069800589468543e-02,1.081863080408779210e-01,1.488157140562296490e-08,1.066830410403099105e-08,1.846434150697670580e-10,1.189745270449542320e-11,2.101891830794194719e-10,1.285732590485810953e-10,2.096544520792174240e-08,5.933691072242030141e-12,3.187622341204435234e-11,4.290112511621008336e-15,1.630439680616057751e-15,6.082221672298152905e-09,1.078317930407439781e-08,7.160653932705635004e-10,1.555734600587830548e-08,1.712288690646983870e-08,1.921807140726150099e-08,2.579852020974790746e-08,5.198419151964209912e-09,2.250931930850509264e-04,6.851936302588986600e-08,2.728816371031076280e-07,2.753071131040241074e-08,6.104451242306551458e-09,1.634372300617543633e-06,7.744507632926244082e-12,4.882326311844775767e-13,2.021296720763741803e-08,1.446063360546391532e-08,6.072575922294507429e-07,8.043041963039042478e-08,7.334355772771268267e-01,0.000000000000000000e+00,2.521884980952888051e-22,4.039619891526360740e-22,1.118538210422637043e-12,4.595473641736389034e-13
1.474218750000000008e-02,-3.394537559999999954e-01,0.000000000000000000e+00,1.972393119999999954e+03,1.677806749999999902e-01,5.090223212839251749e-02,2.995943453777383941e-02,8.977764131271683823e+00,2.069920937576155666e+03,-2.298325333332786435e+00,5.170950942123929547e-04,1.043705750428694333e-04,1.204506870494742197e-03,2.800474971150274453e-02,4.087397981678867961e-03,1.100614520452069256e-01,5.907529312426473683e-06,2.756356561132152875e-07,2.718313911116527049e-11,8.325106353419474835e-11,5.640940322316974401e-10,4.753645601952524383e-11,3.520252611445917463e-09,5.898976842422960719e-09,1.456135840598096927e-02,1.072408720440483909e-01,1.290408180530025627e-08,4.992852002050777190e-09,8.382785433443166619e-11,5.596389192298674745e-12,9.891259894062760444e-11,5.343818252194933391e-11,8.749367713593738164e-09,2.377590970976577675e-12,1.250834900513771162e-11,1.570170280644935976e-15,3.938520741617718355e-16,2.699205211108678645e-09,5.327646922188291661e-09,3.174810841304030113e-10,1.200145970492951042e-08,1.328410490545634675e-08,1.415267230581310358e-08,1.837842360754880086e-08,5.007189652056665320e-09,2.217214150910704030e-04,7.236874302972492574e-08,2.873172951180134370e-07,2.454199431008043868e-08,4.501653461849020571e-09,1.230578070505450803e-06,5.786036552376571365e-12,2.112301240867611968e-13,1.362214490559519460e-08,1.125264530462193884e-08,4.765589581957430730e-07,6.342962602605325059e-08,7.339880003014800369e-01,0.000000000000000000e+00,4.228864181736974634e-23,6.691017472748286491e-23,5.351680342198162994e-13,1.871050610768520126e-13
1.476562499999999924e-02,-3.395076229999999806e-01,0.000000000000000000e+00,1.964686629999999923e+03,1.685801989999999861e-01,5.014822896836900606e-02,2.968041599860913107e-02,8.540140788627715196e+00,2.070661515561296710e+03,6.785279999992827049e-01,4.851007380530030725e-04,1.005831790109899056e-04,1.241731130135673980e-03,3.030188590331083995e-02,4.102168820448210892e-03,1.092070910119321836e-01,6.251259960683024705e-06,2.854492590311887759e-07,1.023202880111797144e-11,3.474872950379671662e-11,2.472705720270172796e-10,2.092903440228674792e-11,1.604151800175272791e-09,2.872456170313850030e-09,1.358254120148405346e-02,1.062190220116056988e-01,1.141273410124697871e-08,2.331856290254783278e-09,3.779970810413006515e-11,2.617359180285977742e-12,4.640647830507045945e-11,2.183693350238594384e-11,3.605973660393995510e-09,9.455037541033074856e-13,4.907778260536233363e-12,5.897834320644408682e-16,9.757306801066102439e-17,1.181853500129131669e-09,2.613466660285552346e-09,1.390338740151911306e-10,9.308151761017027601e-09,1.032935980112860515e-08,1.042274490113880917e-08,1.312838760143443339e-08,4.807520970525278651e-09,2.182512600238465652e-04,7.623889420833001448e-08,3.026878330330722360e-07,2.212750970241769232e-08,3.300646510360635171e-09,9.244614241010085052e-07,4.307711580470669375e-12,9.043528900988113295e-14,9.221339841007541178e-09,8.725143000953325291e-09,3.732684340407840445e-07,4.973317920543393830e-08,7.345332440802564422e-01,0.000000000000000000e+00,7.168377110783230531e-24,1.126152800123045520e-23,2.550345080278655419e-13,7.636251670834350452e-14
1.478906250000000012e-02,-3.394917199999999968e-01,0.000000000000000000e+00,1.956619369999999890e+03,1.694151510000000138e-01,4.939409093647816051e-02,2.939586785089478432e-02,8.163531488809502079e+00,2.069425970778103874e+03,3.756074666666263440e+00,4.550405480347956386e-04,9.667026300739209094e-05,1.273204580097358173e-03,3.265934800249736120e-02,4.102870580313734347e-03,1.083308930082837462e-01,6.594084310504230396e-06,2.950634100225626067e-07,3.827384890292668567e-12,1.440008140110113266e-11,1.080230350082602059e-10,9.172397710701386095e-12,7.309806720558958695e-10,1.396959730106821421e-09,1.266122250096816601e-02,1.051264610080387130e-01,1.019324770077944756e-08,1.093329030083603567e-09,1.697804820129826008e-11,1.220630350093337942e-12,2.176702870166446193e-11,8.793235080672392854e-12,1.470703890112460434e-09,3.736821480285744061e-13,1.927797530147412989e-12,2.255787990172493396e-16,2.524692700193055986e-17,5.121305640391610654e-10,1.275576140097539508e-09,6.027041150460869890e-11,7.271436520556025094e-09,8.066716750616838750e-09,7.679803430587251570e-09,9.408204520719416466e-09,4.601916340351895452e-09,2.147115720164183609e-04,8.014102790612815438e-08,3.189110670243861787e-07,2.017671450154285324e-08,2.408141510184143458e-09,6.933981780530221020e-07,3.198492900244579388e-12,3.847732110294224610e-14,6.274832670479817732e-09,6.745952410515843104e-09,2.919219170223223904e-07,3.880383320296721698e-08,7.350711760562087527e-01,0.000000000000000000e+00,1.231553770094173278e-24,1.932285450147756133e-24,1.212759360092736103e-13,3.127799740239173900e-14
1.481249999999999928e-02,-3.394036870000000095e-01,0.000000000000000000e+00,1.948182199999999966e+03,1.702873609999999982e-01,4.864017793179255256e-02,2.910619740790655607e-02,7.837030094465775143e+00,2.066430706112034841e+03,6.927957333333952583e+00,4.267601217845238041e-04,9.267399775320781159e-05,1.299015479344111865e-03,3.507248208229149511e-02,4.090423277934697108e-03,1.074342179457552088e-01,6.936117196497873771e-06,3.045311748462386536e-07,1.431159629277390851e-12,5.951006326995267481e-12,4.722980347615312061e-11,4.015720467972415737e-12,3.337669458314771587e-10,6.795088856569080269e-10,1.179448499404482653e-02,1.039686419475050194e-01,9.141923075384137664e-09,5.187597287380720885e-10,7.616072286154556794e-12,5.691478537126305671e-13,1.023367289483289878e-11,3.496544138234554083e-12,5.947372356997102637e-10,1.469778309257891548e-13,7.589760066167841014e-13,8.739868085587138877e-17,6.948376336491683766e-18,2.202952548887703790e-10,6.206504536866263867e-10,2.591603468691469224e-11,5.730542427106582821e-09,6.340456596798629871e-09,5.664063187140148686e-09,6.766374236583578986e-09,4.392560727782145271e-09,2.111251088934004499e-04,8.408742645754328328e-08,3.359131428303935250e-07,1.859693919061019129e-08,1.749634099116589252e-09,5.196022767376467600e-07,2.370473398803120181e-12,1.634086819174930492e-14,4.294563677831624565e-09,5.204184997372346690e-09,2.280523248848537296e-07,3.015378168477500442e-08,7.356016656285860877e-01,0.000000000000000000e+00,2.148924828914982903e-25,3.388271448289222578e-25,5.764715337089327981e-14,1.287114529350120941e-14
1.483593750000000017e-02,-3.392413129999999888e-01,0.000000000000000000e+00,1.939366909999999962e+03,1.711986620000000014e-01,4.788681072742067418e-02,2.881175832538831333e-02,7.550881455511393447e+00,2.061858587521718619e+03,1.018709333333389466e+01,4.001245983442815852e-04,8.863085357626116964e-05,1.319293581135167794e-03,3.753697083229815684e-02,4.065717503498289011e-03,1.065181990916520827e-01,7.277636306261940477e-06,3.139072212700970626e-07,5.387494024635593012e-13,2.464160002120251594e-12,2.076094131786345822e-11,1.762372521516408757e-12,1.529824901316316298e-10,3.310317972848316983e-10,1.097953820944718925e-02,1.027507380884104260e-01,8.208409297062810244e-09,2.518968282167410516e-10,3.420228252942887342e-12,2.659686282288489740e-13,4.833921374159279607e-12,1.375695531183697849e-12,2.389033172055609922e-10,5.761102354957059506e-14,2.998128192579697495e-13,3.419910312942613320e-17,2.060827851773210061e-18,9.434960758118179184e-11,3.015859742594954034e-10,1.107577560952999446e-11,4.561543953924916550e-09,5.026326844324831878e-09,4.183009853599211703e-09,4.885301564203489091e-09,4.181353023597786559e-09,2.075097011785487981e-04,8.809132107579694601e-08,3.536270363042734176e-07,1.731191401489579120e-08,1.266762111089967588e-09,3.892440283349195374e-07,1.754944371510017250e-12,6.959812275988473645e-15,2.957568562544798355e-09,4.008407563448977648e-09,1.780357911531883997e-07,2.335537042009579907e-08,7.361245956333880569e-01,0.000000000000000000e+00,3.814719413282321760e-26,6.082913755233957864e-26,2.743625312360713936e-14,5.326245534582893085e-15
1.485937499999999932e-02,-3.390025529999999843e-01,0.000000000000000000e+00,1.930166269999999940e+03,1.721508890000000014e-01,4.713427742267826959e-02,2.851286000879349816e-02,7.296620021888222674e+00,2.055861367282672290e+03,1.352601599999962723e+01,3.750159629554256579e-04,8.457224028994775929e-05,1.334201329841416903e-03,4.004879889523980940e-02,4.029612869521041231e-03,1.055837879874503282e-01,7.619054009094400935e-06,3.232474859615788754e-07,2.059627159755193147e-13,1.027614989877857850e-12,9.220796458904018510e-12,7.779813879075292052e-13,7.049991009162038766e-11,1.617143309807786771e-10,1.021372779878599972e-02,1.014776379879383794e-01,7.367405679124311537e-09,1.271401809848881414e-10,1.540983109816839090e-12,1.248357569851620454e-13,2.298970429726744776e-12,5.365458589362262281e-13,9.549459318864953098e-11,2.253468099732153264e-14,1.189503829858615689e-13,1.349595059839587329e-17,6.608017359214572039e-19,4.035248339520371002e-11,1.465887509825764913e-10,4.713514519439752066e-12,3.670054939563777868e-09,4.026546399521405299e-09,3.094572309632179818e-09,3.541814979579020540e-09,3.969936799528133844e-09,2.038792469757669495e-04,9.216685968904506216e-08,3.719904699557852991e-07,1.625978129806736474e-08,9.145393658912980618e-10,2.916701829653321517e-07,1.298861569845617562e-12,2.988109729644834314e-15,2.050194239756314450e-09,3.084307939633399753e-09,1.389530069834840875e-07,1.804369389785532847e-08,7.366398619124431280e-01,0.000000000000000000e+00,6.899409609179938293e-27,1.119620159866922257e-26,1.309425829844361788e-14,2.218306309736332928e-15
1.488281250000000021e-02,-3.386855369999999810e-01,0.000000000000000000e+00,1.920574010000000044e+03,1.731458750000000046e-01,4.638283934205418568e-02,2.820977453309913424e-02,7.067146863243442212e+00,2.048560716260923982e+03,1.693700266666614596e+01,3.513305708715196108e-04,8.052510237055224003e-05,1.343926919508530576e-03,4.260421658441978371e-02,3.982938778543452900e-03,1.046317879617365137e-01,7.960895187088727436e-06,3.326091058783659610e-07,8.082974307044083292e-14,4.340254298412783553e-13,4.160561018478497530e-12,3.466176598732430868e-13,3.271055748803786135e-11,7.931111957099618691e-11,9.494536276527880056e-03,1.001539469633740409e-01,6.605120137584529875e-09,6.802199467512459096e-11,6.979405117447654667e-13,5.896531857843658547e-14,1.103003949596635051e-12,2.078040949240067537e-13,3.804718988608626988e-11,8.807818916779010526e-15,4.744493138264955320e-14,5.368750768036666011e-18,2.274429759168248740e-19,1.728429099367919247e-11,7.137559517389818024e-11,2.001111999268200103e-12,2.984972858908405525e-09,3.265059988805978900e-09,2.294206149161016858e-09,2.579064209056844863e-09,3.759729018625080631e-09,2.002445569267712500e-04,9.632914756477276256e-08,3.909434948570332837e-07,1.539096709437157500e-08,6.587564677590950317e-10,2.187392989200078067e-07,9.617223106483014583e-13,1.300493029524414302e-15,1.430907929476721880e-09,2.372216249132488488e-09,1.084671719603339265e-07,1.391401879491169186e-08,7.371473827304277915e-01,0.000000000000000000e+00,1.273043619534452366e-27,2.115073429226525038e-27,6.275621667705027413e-15,9.305994706596830308e-16
1.490624999999999936e-02,-3.382885760000000075e-01,0.000000000000000000e+00,1.910584920000000011e+03,1.741854529999999901e-01,4.563273667886690727e-02,2.790274410009320125e-02,6.856560450205710922e+00,2.040054732847076366e+03,2.041220266666640271e+01,3.289769407987019932e-04,7.651245555318271659e-05,1.348678869174755679e-03,4.519970347234270741e-02,3.926496327597412545e-03,1.036628889365696082e-01,8.303779044918993286e-06,3.420505247907024147e-07,3.297628747982210370e-14,1.867966938857007935e-13,1.918532738826067326e-12,1.563947959043034203e-13,1.529953399063835497e-11,3.909256137607961971e-11,8.819580004603378917e-03,9.878399553955495571e-02,5.912969186381907879e-09,3.934549527592484287e-11,3.183673428051939075e-13,2.807861798281894855e-14,5.348155886727511810e-13,8.005403715101565290e-14,1.513384169073974034e-11,3.444485887892350658e-15,1.904219358834825271e-14,2.153171938682493596e-18,8.293661944925183956e-20,7.435205955450464980e-12,3.486001997866946924e-11,8.490130064804965766e-13,2.453253228498876566e-09,2.683296668358115018e-09,1.705131248956645733e-09,1.886685278845554364e-09,3.551945677826596703e-09,1.966140298796936476e-04,1.005943419384472313e-07,4.104259357488640267e-07,1.466612779102592893e-08,4.736950477101502402e-10,1.642711098994839809e-07,7.128911985637883660e-13,5.772701516467736487e-16,1.005707579384616510e-09,1.824707188883478322e-09,8.471853104816148457e-08,1.071626709344281413e-08,7.376471005486403554e-01,0.000000000000000000e+00,2.399411498531821696e-28,4.104591767488436761e-28,3.024168938149538393e-15,3.935231547592067234e-16
1.492968750000000025e-02,-3.378101649999999956e-01,0.000000000000000000e+00,1.900194799999999987e+03,1.752714569999999916e-01,4.488419291448136894e-02,2.759198690026619036e-02,6.660080537960535452e+00,2.030419747102142537e+03,2.394376533333391777e+01,3.078738471269803372e-04,7.255386432992431847e-05,1.348681750556254095e-03,4.783193621972793574e-02,3.861060711592466735e-03,1.026776930423486667e-01,8.648404113566971729e-06,3.516317431450279779e-07,1.416755790584330630e-14,8.244465513400370236e-14,9.097070813752020449e-13,7.171192842957705656e-14,7.221917832978627088e-12,1.938496640799518801e-11,8.186602393376504402e-03,9.737185904016032456e-02,5.284722752179645703e-09,2.490974471027384405e-11,1.465339780604368790e-13,1.350211140556884775e-14,2.625059781082686868e-13,3.072379851267180866e-14,6.019004332482495050e-12,1.349504180556593409e-15,7.697052693174594222e-15,8.709965583592362423e-19,3.160389401303479614e-20,3.220558921328296265e-12,1.709788030705189447e-11,3.605842711487203332e-13,2.035650610839589278e-09,2.236533440922441989e-09,1.271031260524227505e-09,1.386879100572008209e-09,3.347624701380703321e-09,1.929941990795990675e-04,1.049797940432981520e-07,4.303748571775049638e-07,1.405428890579658967e-08,3.402067441403157733e-10,1.236003660509780683e-07,5.293792812183386333e-13,2.630228281084818600e-16,7.119389162936340153e-10,1.404411880579239440e-09,6.623467602731801672e-08,8.248136663401884520e-09,7.381389793044400571e-01,0.000000000000000000e+00,4.625409511907716752e-29,8.189605993377744504e-29,1.466985080605047537e-15,1.678627930692337908e-16
1.495312499999999940e-02,-3.372489830000000022e-01,0.000000000000000000e+00,1.889400450000000092e+03,1.764057260000000127e-01,4.413741889288678305e-02,2.727770184587659588e-02,6.473893275562856431e+00,2.019716076358228747e+03,2.752371199999847207e+01,2.879486838490402222e-04,6.866586246400129294e-05,1.344172789295304928e-03,5.049775827352608049e-02,3.787383638014429118e-03,1.016767359466950321e-01,8.995535395284006189e-06,3.614146618105249522e-07,6.476241386604770514e-15,3.754831308031494718e-14,4.462044327660731667e-13,3.353537118241877242e-14,3.444143278194375814e-12,9.679556864925401610e-12,7.593465636019054894e-03,9.592137294971232742e-02,4.715244027527989668e-09,1.723375109096504421e-11,6.818935436425109606e-14,6.567270486557047965e-15,1.306429229315092249e-13,1.176453289383233337e-14,2.397109308743293492e-12,5.303440097219622498e-16,3.135980828355933388e-15,3.555969588135750080e-19,1.244690629347459514e-20,1.407991829261847152e-12,8.430333815580319087e-12,1.535524169194987261e-13,1.703324389107016323e-09,1.890870689008693600e-09,9.506331785016216235e-10,1.024672539462806041e-09,3.147646088349817420e-09,1.893901649007104378e-04,1.095042209425913825e-07,4.507221627637047142e-07,1.353122419290612970e-08,2.441515788720012370e-10,9.322172485112764077e-08,3.940478267934167572e-13,1.237887859351025852e-16,5.076652547338517662e-10,1.082099449432699318e-09,5.185526187281439738e-08,6.347909386672049968e-09,7.386230086127699712e-01,0.000000000000000000e+00,9.132230045212342837e-30,1.681350569118536401e-29,7.170638226240725977e-16,7.227931966210688774e-17
1.497656250000000029e-02,-3.366038960000000135e-01,0.000000000000000000e+00,1.878199699999999893e+03,1.775901099999999955e-01,4.339261583948590684e-02,2.696007201136792902e-02,6.294999279055098818e+00,2.007990380513717582e+03,3.114444800000265090e+01,2.691361039128578169e-04,6.486232067899856343e-05,1.335399079567617820e-03,5.319415508277652860e-02,3.706195618799989350e-03,1.006605009674076401e-01,9.345993456973906567e-06,3.714635278797256678e-07,3.163331838975760882e-15,1.773990209425608662e-14,2.275272729263300808e-13,1.605184909480265310e-14,1.661244209462114078e-12,4.871352838422729122e-12,7.038141697721155519e-03,9.443615416942298391e-02,4.199950858640119481e-09,1.284072049584236741e-11,3.215629148958827364e-14,3.236350808952118661e-15,6.603210937861980202e-14,4.500866018542686796e-15,9.573096436900375679e-13,2.093140159322272635e-16,1.288872909582682371e-15,1.466260989525246702e-19,5.028197628371945980e-21,6.225854777984161196e-13,4.182483658645774413e-12,6.566724027873792120e-14,1.435186949535307865e-09,1.620774759475217476e-09,7.137029437689136232e-10,7.611152867535623494e-10,2.952749529043943757e-09,1.858059309398388216e-04,1.141879259630276598e-07,4.713924458473702414e-07,1.307808459576551211e-08,1.751604689432856782e-10,7.051122227716952221e-08,2.941867459047467489e-13,6.050667148040884537e-17,3.646840598819208131e-10,8.350444877296251588e-10,4.066959798683179133e-08,4.887582738417473616e-09,7.390992037606907150e-01,0.000000000000000000e+00,1.849607239401124912e-30,3.554896718848977852e-30,3.535030988855410054e-16,3.143679828982123497e-17
1.499999999999999944e-02,-3.358739479999999777e-01,0.000000000000000000e+00,1.866591329999999971e+03,1.788264689999999879e-01,4.264997795343097170e-02,2.663926879445324691e-02,6.121086795979350903e+00,1.995279342146273393e+03,3.479825066666450795e+01,2.513768649853812681e-04,6.115476739644356836e-05,1.322615329923083937e-03,5.591823219674810219e-02,3.618207739789584647e-03,9.962943679420609155e-02,9.700644669435862897e-06,3.818454429777939009e-07,1.645581359904302062e-15,8.725000239492601839e-15,1.209993889929633275e-13,7.892013319541044294e-15,8.113305679528173694e-13,2.472921269856188122e-12,6.518703149620907501e-03,9.291961949459628944e-02,3.734595169782815974e-09,1.009826309941273892e-11,1.541033669910381936e-14,1.618820229905858229e-15,3.395411919802541150e-14,1.722753539899814066e-15,3.838918019776749175e-13,8.306203559516954885e-17,5.347697719689006300e-16,6.110797959644629427e-20,2.073787479879400065e-21,2.789106949837800377e-13,2.089599519878480572e-12,2.824530239835740506e-14,1.215867069929291812e-09,1.407118059918169750e-09,5.380968469687072702e-10,5.685279579669375110e-10,2.763549839839287230e-09,1.822446589894016202e-04,1.190530339930765297e-07,4.923011609713704028e-07,1.268026459926258506e-08,1.256741599926914600e-10,5.351044459688812023e-08,2.204092329871821815e-13,3.082951649820712212e-17,2.639320829846511278e-10,6.456691299624513318e-10,3.196545799814106289e-08,3.766672749780950816e-09,7.395676019569907833e-01,0.000000000000000000e+00,3.850689559776064806e-31,7.747736939549434249e-31,1.759041609897703662e-16,1.381999999919630369e-17
1.502343750000000033e-02,-3.350583639999999974e-01,0.000000000000000000e+00,1.854575100000000020e+03,1.801166820000000002e-01,4.190969433288654206e-02,2.631545413481553922e-02,5.950386244181935957e+00,1.981612507261025939e+03,3.847773866666791065e+01,2.346168809730530169e-04,5.755266869338977769e-05,1.306081859849989556e-03,5.866719769326176476e-02,3.524113079595236810e-03,9.858396618867711070e-02,1.006039249884451213e-05,3.926309649549042794e-07,9.031638568962669631e-16,4.471743849486397575e-15,6.715937899228639747e-14,3.998251039540780053e-15,4.016969429538630433e-13,1.267307749854443165e-12,6.033314279307042463e-03,9.137500408950510744e-02,3.315178819619234121e-09,8.228386679054926947e-12,7.531778169134935744e-15,8.235383459054123125e-16,1.779493619795615950e-14,6.605606779241310712e-16,1.547838989822222649e-13,3.317867459618924742e-17,2.241622939742537879e-16,2.575972989704135980e-20,8.709332648999688019e-22,1.267524229854418074e-13,1.052063869879165023e-12,1.223746899859446268e-14,1.034169229881220214e-09,1.235639289858080443e-09,4.075956199531855048e-10,4.271793819509361798e-10,2.580550569703610436e-09,1.787088679794743436e-04,1.241237769857437393e-07,5.133532199410386272e-07,1.232647879858423845e-08,9.020891538963903802e-11,4.076095309531838946e-08,1.658045949809564659e-13,1.639501919811694456e-17,1.924541549778956332e-10,5.004340159425225691e-10,2.518750199710708506e-08,2.906836599666134618e-09,7.400282629150038982e-01,0.000000000000000000e+00,8.263539219050889888e-32,1.742429789799872977e-31,8.841161548984545547e-17,6.144639449294255482e-18
1.504687499999999949e-02,-3.341565420000000008e-01,0.000000000000000000e+00,1.842151669999999967e+03,1.814626510000000026e-01,4.117195038642930405e-02,2.598878259455709300e-02,5.781602462726130653e+00,1.967014256266860912e+03,4.217565866666538454e+01,2.188064409558527427e-04,5.406367248909189975e-05,1.286062929740518874e-03,6.143834818760395694e-02,3.424587729309041748e-03,9.752449398032307648e-02,1.042616939789637523e-05,4.038947789185086247e-07,5.167349568957415317e-16,2.384406679518913012e-15,3.883469219216455815e-14,2.092368769577835902e-15,2.018860629592666754e-13,6.561357318676154633e-13,5.580222918874112349e-03,8.980537888188050433e-02,2.937924929407232823e-09,6.852175158617478378e-12,3.771015079239145617e-15,4.270568019138353417e-16,9.524087068078383199e-15,2.540366159487445714e-16,6.282778468732361765e-14,1.335482269730547672e-17,9.499552048083332354e-17,1.099156179778229895e-20,3.719800139249478286e-22,5.848520308819978400e-14,5.341290418922320334e-13,5.348198068920927388e-15,8.819233028220597407e-10,1.095748989778917281e-09,3.103159649373893921e-10,3.229592009348384720e-10,2.404155829514927985e-09,1.752005809646508476e-04,1.294268129738863396e-07,5.344420618921689227e-07,1.200802259757721411e-08,6.480288888692511363e-11,3.117832479370933839e-08,1.252964919747197032e-13,9.086940408166581991e-18,1.413966929714712337e-10,3.889456799215248316e-10,1.990379629598413111e-08,2.247338399546568253e-09,7.404812668505976747e-01,0.000000000000000000e+00,1.835445389629673172e-32,4.048363349183186412e-32,4.491175739093842375e-17,2.764833739442156242e-18
1.507031250000000037e-02,-3.331680499999999934e-01,0.000000000000000000e+00,1.829322629999999890e+03,1.828663050000000068e-01,4.043692888936438468e-02,2.565940319116010240e-02,5.613781531969879168e+00,1.951505010967519638e+03,4.588497066666903379e+01,2.038995531088032590e-04,5.069382262705083967e-05,1.262825150673858778e-03,6.422905773427339815e-02,3.320291261771747462e-03,9.645141415146762931e-02,1.079892970576243948e-05,4.157164602218313009e-07,3.046705311625758525e-16,1.317715780703149011e-15,2.330461861243562606e-14,1.132603920604371374e-15,1.031433240550385200e-13,3.434474191832676426e-13,5.157752952752239772e-03,8.821366574707187325e-02,2.599270211387002146e-09,5.779211453083857357e-12,1.944646811037687295e-15,2.262997681207562651e-16,5.216394222783530784e-15,9.810289185234887335e-17,2.570491601371645026e-14,5.422406602893460976e-18,4.072693402173238502e-17,4.750737872535051773e-21,1.614977100861771339e-22,2.741164501462718565e-14,2.736019251459972932e-13,2.361003461259859849e-15,7.531356824018823128e-10,9.796122985227327678e-10,2.375469881267579481e-10,2.457437951311318788e-10,2.234680921192452760e-09,1.717214370916326138e-04,1.349915960720331499e-07,5.554492882963943765e-07,1.171818520625296489e-08,4.660331602486809368e-11,2.395699161278374022e-08,9.516139105077927047e-14,5.229779732790672676e-18,1.046742290558554393e-10,3.032467561618160969e-10,1.577906020841989913e-08,1.741309120929183631e-09,7.409267123953674483e-01,0.000000000000000000e+00,4.245704362265558678e-33,9.730244815192175933e-33,2.307094711231093407e-17,1.259748360672216937e-18
1.509374999999999953e-02,-3.320926209999999767e-01,0.000000000000000000e+00,1.816090410000000020e+03,1.843296070000000064e-01,3.970481082531888278e-02,2.532746066172868529e-02,5.446270339096943580e+00,1.935103699878645102e+03,4.959893333333128851e+01,1.898534159313667680e-04,4.744774638284734091e-05,1.236636159552948052e-03,6.703676887576577592e-02,3.211866928838889770e-03,9.536511446552489724e-02,1.117964189595848778e-05,4.281813408452097125e-07,1.833989519337001246e-16,7.508969737285459283e-16,1.444011739477980498e-14,6.341269437707591407e-16,5.364918358060547515e-14,1.818801699342491738e-13,4.764297738277676643e-03,8.660265076869258505e-02,2.295863499170030392e-09,4.909446438225203754e-12,1.039183789624328625e-15,1.228677909555825321e-16,2.929764078940871560e-15,3.808506578623200257e-17,1.061281439616340001e-14,2.223080179196341955e-18,1.767579619361008728e-17,2.081344079247581221e-21,7.127400427423400488e-23,1.305195009528163616e-14,1.414746759488560076e-13,1.054245109618883760e-15,6.433695617674178172e-10,8.814508596813498617e-10,1.828986049338809970e-10,1.882459049319479066e-10,2.072361689250827842e-09,1.682727749391683275e-04,1.408507999490815516e-07,5.762448787916838343e-07,1.145178839586010426e-08,3.356153118786728652e-11,1.849875769331258184e-08,7.266999217372933139e-14,3.109601658875859120e-18,7.807930817177382981e-11,2.372571369142300672e-10,1.255343369546185315e-08,1.352714519510985141e-09,7.413647157319919190e-01,0.000000000000000000e+00,1.032201599626852473e-33,2.422884939124111500e-33,1.199051739566535008e-17,5.815545457897643497e-19
1.511718750000000042e-02,-3.309301459999999806e-01,0.000000000000000000e+00,1.802458270000000084e+03,1.858545580000000030e-01,3.897577577467368354e-02,2.499309676982825607e-02,5.278648748319462847e+00,1.917828344811058287e+03,5.331080533333413740e+01,1.766279759726598140e-04,4.432882019313835493e-05,1.207763259813050567e-03,6.985898688918655564e-02,3.099941539520160907e-03,9.426598128540858434e-02,1.156928159820919499e-05,4.413814789316787103e-07,1.119379599826731614e-16,4.388062909320773231e-16,9.189023848577633763e-15,3.666928639432397378e-16,2.845447559559553403e-14,9.751297928490598206e-14,4.398314479319186295e-03,8.497499628684673789e-02,2.024564899686618279e-09,4.187029409351891393e-12,5.789807749103797326e-16,6.853668268939122366e-17,1.690571869738317123e-15,1.487919079769685188e-17,4.426792959314778609e-15,9.211788978574108088e-19,7.770754988797166639e-18,9.248963188568355412e-22,3.198451359504912222e-23,6.312519669022887232e-15,7.387899748856429731e-14,4.767645149262018218e-16,5.492969189149745614e-10,7.970151968766302420e-10,1.416786619780696184e-10,1.452024699775241499e-10,1.917362879703211828e-09,1.648556939744820395e-04,1.470408109772395917e-07,5.966880419076387558e-07,1.120482709826560696e-08,2.420937149625263789e-11,1.435935279777731907e-08,5.582185919135934972e-14,1.899692999705947032e-18,5.868553329091607996e-11,1.863375899711568497e-10,1.002572709844812044e-08,1.053930799836862350e-09,7.417954068851777549e-01,0.000000000000000000e+00,2.670625709586614311e-34,6.260612589030921506e-34,6.307689149023634190e-18,2.721634659578718484e-19
1.514062499999999957e-02,-3.296806740000000069e-01,0.000000000000000000e+00,1.788430280000000039e+03,1.874432050000000016e-01,3.825000219628441750e-02,2.465645081107730244e-02,5.110664835871680189e+00,1.899696617948860421e+03,5.701435733333229194e+01,1.641855649768293865e-04,4.133931549416600110e-05,1.176472249833970807e-03,7.269327538974118541e-02,2.985124919578725257e-03,9.315440108685361931e-02,1.196882429831090463e-05,4.554167659357294751e-07,6.894309259027041579e-17,2.616124019630800538e-16,5.975225139156749457e-15,2.184267429691746055e-16,1.541212759782496797e-14,5.296340019252555781e-14,4.058319289427270680e-03,8.333325048823962689e-02,1.782443469748453392e-09,3.578329129495009370e-12,3.380066709522989338e-16,3.937617039444304749e-17,1.003776889858342355e-15,5.855979559173576115e-18,1.867540199736443873e-15,3.861521749455044155e-19,3.462505209511354666e-18,4.171389429411313745e-22,1.460108849793942597e-23,3.100081519562502278e-15,3.897845349449917737e-14,2.186365639691449839e-16,4.683776609339002584e-10,7.231883428979403290e-10,1.104375559844145407e-10,1.127994929840812053e-10,1.769785719750239542e-09,1.614711019772124541e-04,1.536022999783229223e-07,6.166286789129784910e-07,1.097419109845127063e-08,1.749629999753084091e-11,1.120861899841818810e-08,4.314997869391047201e-14,1.186166299832602424e-18,4.444522109372768626e-11,1.469513069792615534e-10,8.040274708865317559e-09,8.238278958837376069e-10,7.422189298952546199e-01,0.000000000000000000e+00,7.460407868947151462e-35,1.681670269762674725e-34,3.360004859525820003e-18,1.291912539817679224e-19
1.516406250000000046e-02,-3.283443999999999807e-01,0.000000000000000000e+00,1.774011279999999942e+03,1.890976420000000102e-01,3.752766760652111871e-02,2.431766054273445596e-02,4.942206851723741856e+00,1.880727145918612905e+03,6.070336000000254728e+01,1.524905949449702951e-04,3.848052878611342480e-05,1.143026279587512975e-03,7.553725327274064816e-02,2.868009358965013019e-03,9.203076386678860077e-02,1.237923739553266790e-05,4.703961788302467488e-07,4.270996108458712412e-17,1.584179209428312681e-16,3.953198458573398602e-15,1.335646749518001218e-16,8.536672586919346959e-15,2.916093388947660618e-14,3.742883248649294965e-03,8.167985597052394853e-02,1.566773159434594106e-09,3.061318738895253162e-12,2.073096699251875827e-16,2.334850909157415288e-17,6.138429907784806646e-16,2.324018949161324408e-18,7.976910377121349147e-16,1.639013189408524466e-19,1.564604289435376578e-18,1.910582019310522635e-22,6.784181657551773248e-24,1.545243949442363415e-15,2.078520169249918697e-14,1.017919209632660561e-16,3.986319418561445486e-10,6.576894527626576808e-10,8.663539166873563261e-11,8.826355026814807770e-11,1.629674719411894595e-09,1.581197479429388611e-04,1.605808959420507111e-07,6.359094567705175163e-07,1.075745019611792679e-08,1.267139209542723954e-11,8.800940626823978127e-09,3.357735408788284451e-14,7.535530547280630862e-19,3.391683648776032833e-11,1.164028879579933579e-10,6.476661667662748283e-09,6.462679187667794011e-10,7.426354397320030776e-01,0.000000000000000000e+00,2.276941769178313585e-35,4.704527328302263747e-35,1.813062069345715039e-18,6.223304567754178141e-20
1.518749999999999961e-02,-3.269216649999999724e-01,0.000000000000000000e+00,1.759206820000000107e+03,1.908200210000000063e-01,3.680894851086108366e-02,2.397686258211440685e-02,4.773275292940928338e+00,1.860939357402318137e+03,6.437183999999729167e+01,1.415093120268383169e-04,3.575289710678080833e-05,1.107684800210080762e-03,7.838859351486700267e-02,2.749168700521400621e-03,9.089546441723901637e-02,1.280147200242789567e-05,4.864392120922568770e-07,2.655515180503638360e-17,9.708158291841224600e-17,2.651715890502918525e-15,8.352595781584133032e-17,4.840506270918039364e-15,1.628568930308870510e-14,3.450629110654438499e-03,8.001715621517585530e-02,1.375026980260784348e-09,2.620355000496970249e-12,1.335071750253206501e-16,1.430747770271351878e-17,3.867130980733431307e-16,9.309034871765529350e-19,3.453263720654937814e-16,7.049926171337071971e-20,7.173601801360527981e-19,8.891867741686410470e-23,3.210153120608829955e-24,7.813913301481968094e-16,1.120634340212536874e-14,4.816864200913555383e-17,3.384800440641953192e-10,5.988529981135770589e-10,6.839872921297233190e-11,6.957076991319462328e-11,1.497023870283921824e-09,1.548022490293594433e-04,1.680279730318677970e-07,6.543684231241060492e-07,1.055268930200139872e-08,9.198203801744509267e-12,6.953326891318751321e-09,2.631206930499028373e-14,4.852538150920321191e-19,2.607936610494615025e-11,9.263795281756949422e-11,5.241728190994134048e-09,5.089376490965239471e-10,7.430451011409241469e-01,0.000000000000000000e+00,7.611530031443583815e-36,1.374074480260603626e-35,9.913937461880254909e-19,3.043709640577262737e-20
1.521093750000000050e-02,-3.254129499999999786e-01,0.000000000000000000e+00,1.744023159999999962e+03,1.926125529999999919e-01,3.609402036060488372e-02,2.363419281788429333e-02,4.603948108919449389e+00,1.840354060135770396e+03,6.801412266666781647e+01,1.312095860502977514e-04,3.315610131271001749e-05,1.070702490410441838e-03,8.124502253114437855e-02,2.629157361007858178e-03,8.974890373440423674e-02,1.323645420507404765e-05,5.036775141930791513e-07,1.654676330634301761e-17,6.003708322301454305e-17,1.798428810689407767e-15,5.322107452040170445e-17,2.811567451077783297e-15,9.230969913538591203e-15,3.180228721219105492e-03,7.834740093003361716e-02,1.204869900461873424e-09,2.243549190860039559e-12,8.994435643447917075e-17,9.063439103474367327e-18,2.508302990961530239e-16,3.766869371443987590e-19,1.516651810581391791e-16,3.075525931178969248e-20,3.338939101279945177e-19,4.207207431612786695e-23,1.547852250593351939e-24,4.006700951535924442e-16,6.110823372342516494e-15,2.319190670889035974e-17,2.866307691098767218e-10,5.454647152090978274e-10,5.434280042083170773e-11,5.523887942117521041e-11,1.371782360525857493e-09,1.515191090580831723e-04,1.760015840674682552e-07,6.718420732575432414e-07,1.035838250397077168e-08,6.693582422565911214e-12,5.529193812119555013e-09,2.077065000796219635e-14,3.158129811210634352e-19,2.020522330774544713e-11,7.408987542840152938e-11,4.263364041634313939e-09,4.024462831542733170e-10,7.434480872849925648e-01,0.000000000000000000e+00,2.757850711057191198e-36,4.236798431624128965e-36,5.495312572106566756e-19,1.512089130579642690e-20
1.523437499999999965e-02,-3.238188690000000092e-01,0.000000000000000000e+00,1.728467239999999947e+03,1.944775149999999897e-01,3.538305739443108056e-02,2.328978673522400997e-02,4.434356527927596936e+00,1.818993603321450109e+03,7.162461866666531307e+01,1.215607320210354304e-04,3.068915930531059861e-05,1.032328400178639033e-03,8.410432031455379598e-02,2.508509320434084127e-03,8.859149011533029583e-02,1.368507410236812891e-05,5.222567680903738045e-07,1.032247910178624941e-17,3.738529490646932179e-17,1.230633600212954563e-15,3.443556660595888518e-17,1.673083060289518267e-15,5.313380660919452341e-15,2.930400990507090516e-03,7.667275041326782059e-02,1.054150710182415228e-09,1.921400690332488424e-12,6.301646691090466547e-17,5.931390121026395423e-18,1.672842090289476602e-16,1.541113110266681449e-19,6.764232241170514236e-17,1.361846580235660326e-20,1.578432870273139339e-19,2.024816830350383774e-23,7.609816751316838341e-25,2.082430970360353704e-16,3.371336670583392103e-15,1.137257430196796214e-17,2.420043150418775509e-10,4.966399550859408184e-10,4.344153370751732441e-11,4.417817280764479813e-11,1.253859740216973745e-09,1.482707370256574524e-04,1.845675620319384242e-07,6.881687761190838932e-07,1.017329550176043496e-08,4.883811110845117954e-12,4.426372560765959856e-09,1.652215500285907051e-14,2.072537730358641565e-19,1.577275240272939228e-11,5.956289271030705010e-11,3.485705560603183021e-09,3.196316330553105866e-10,7.438445781287184033e-01,0.000000000000000000e+00,1.072200970185538585e-36,1.548991130268044499e-36,3.088871680534512899e-19,7.633596431320954080e-21
1.525781250000000054e-02,-3.221401669999999773e-01,0.000000000000000000e+00,1.712546620000000075e+03,1.964172570000000118e-01,3.467623244114761277e-02,2.294377964284457019e-02,4.264681919682683287e+00,1.796882245924103245e+03,7.519799466666925980e+01,1.125333660236606281e-04,2.835050960596081476e-05,9.928049832087415452e-04,8.696432141828462636e-02,2.387736960502032189e-03,8.742363991838120185e-02,1.414817520297471295e-05,5.423388581140290687e-07,6.442439231354550088e-18,2.340202760492037435e-17,8.482705511783524733e-16,2.255894940474311428e-17,1.019561250214367150e-15,3.107484340653361982e-15,2.699910370567667507e-03,7.499527881576807664e-02,9.208931981936216912e-10,1.646056020346090309e-12,4.560025210958764278e-17,4.003760400841807631e-18,1.144937810240727978e-16,6.379911561341402946e-20,3.066389810644720809e-17,6.125472581287907152e-21,7.582041761594155916e-20,9.916799652085048879e-24,3.817076990802556971e-25,1.096642340230573669e-16,1.882382500395778986e-15,5.684955581195285481e-18,2.036794010428244567e-10,4.517335830949789014e-10,3.493249590734470356e-11,3.558438840748177259e-11,1.143130740240348028e-09,1.450574530304989693e-04,1.938008290407474376e-07,7.031924031478491449e-07,9.996412352101788742e-09,3.573248920751290718e-12,3.568246860750239198e-09,1.324741030278532387e-14,1.369045950287847814e-19,1.240566380260834447e-11,4.814315861012230832e-11,2.865425340602467923e-09,2.550287380536208771e-10,7.442347591564785203e-01,0.000000000000000000e+00,4.974948681046004118e-37,1.332875420280242611e-36,1.761226750370305440e-19,3.917707440823715306e-21
1.528124999999999969e-02,-3.203777139999999801e-01,0.000000000000000000e+00,1.696269459999999981e+03,1.984342050000000024e-01,3.397371664140166198e-02,2.259630684812491061e-02,4.095134752246202936e+00,1.774045292053041976e+03,7.872900266666188429e+01,1.040992710111534811e-04,2.613808660280050880e-05,9.523673431020392632e-04,8.982291630962387086e-02,2.267329970242927886e-03,8.624577820924060612e-02,1.462654150156712767e-05,5.641043790604397498e-07,4.020513190430768407e-18,1.470688120157573348e-17,5.882713190630290310e-16,1.492640930159925304e-17,6.356588360681061992e-16,1.847464890197942709e-15,2.487565790266524704e-03,7.331697640785538039e-02,8.032869480860663801e-10,1.410883890151166132e-12,3.385489820362730445e-17,2.781339960298000077e-18,8.023540840859662859e-17,2.674544420286558012e-20,1.414152320151516011e-17,2.800722210300077363e-21,3.702311200396675645e-20,4.944701080529788119e-24,1.954695220209431305e-25,5.849846710626768320e-17,1.064024280114002530e-15,2.899352160310644234e-18,1.708572350183061066e-10,4.102733120439578459e-10,2.824732750302649668e-11,2.886148650309229803e-11,1.039439730111368410e-09,1.418795020152013560e-04,2.037869650218342883e-07,7.167660230767961940e-07,9.826877581052878764e-09,2.621943220280922365e-12,2.897202130310414063e-09,1.070928260114742252e-14,9.090314790973960815e-20,9.830877861053308555e-12,3.913116840419262375e-11,2.368870410253807008e-09,2.044641360219068386e-10,7.446188200797805301e-01,0.000000000000000000e+00,5.000005560535713933e-37,3.732201220399877769e-36,1.019024590109181070e-19,2.044782350219083654e-21
1.530468750000000058e-02,-3.185325030000000224e-01,0.000000000000000000e+00,1.679644530000000032e+03,2.005308660000000021e-01,3.327567932708552084e-02,2.224750385271846362e-02,3.925936407928915628e+00,1.750510042119819900e+03,8.221273600000304782e+01,9.623129087237961606e-05,2.404938979309732515e-05,9.112424437384544426e-04,9.267805247339946928e-02,2.147754189383550057e-03,8.505833947558648356e-02,1.512088229565999132e-05,5.877555588313017955e-07,2.507812509280205447e-18,9.269796007339375623e-18,4.100620628823036141e-16,9.955183667142654872e-18,4.049017558837847961e-16,1.117033929679388007e-15,2.292219879342085112e-03,7.163975157943788807e-02,6.996778987991778307e-10,1.210214299652643322e-12,2.563935729264096620e-17,1.983274439430758763e-18,5.743094318351611799e-17,1.136184849673891406e-20,6.640368248094075286e-18,1.302637199626115974e-21,1.838479829472318028e-20,2.511107919279259335e-24,1.022614539706488405e-25,3.160171879092964443e-17,6.090689968251844573e-16,1.509738979566673474e-18,1.428369999590028041e-10,3.719104178932539258e-10,2.296079329340977435e-11,2.356582109323611876e-11,9.426048087294528072e-10,1.387370599601795589e-04,2.146240789383984159e-07,7.287554977908320393e-07,9.663952697226242903e-09,1.929666529446145683e-12,2.369780589319823446e-09,8.730986867494024057e-15,6.060550388260495373e-20,7.849019327747167815e-12,3.199047419081806892e-11,1.969857189434610215e-09,1.647468069527142186e-10,7.449969537861703683e-01,0.000000000000000000e+00,1.321840029620604190e-36,1.401902319597624893e-35,5.984861748282219573e-20,1.085735749688371201e-21
1.532812499999999974e-02,-3.166056420000000204e-01,0.000000000000000000e+00,1.662681139999999914e+03,2.027098360000000044e-01,3.258228770417617021e-02,2.189750650010217903e-02,3.757322801524868083e+00,1.726304525750836092e+03,8.564415999999783935e+01,8.890322802180547013e-05,2.208154550541598598e-05,8.696484482133004512e-04,9.552773632343028454e-02,2.029450550497767514e-03,8.386176832056894959e-02,1.563181660383404557e-05,6.135196701504792392e-07,1.562939840383345353e-18,5.855454941436178748e-18,2.870984920704172116e-16,6.681929021638889459e-18,2.630619520645217346e-16,6.871440661685372105e-16,2.112768510518202910e-03,6.996543161716056725e-02,6.085588661492624357e-10,1.039165460254878246e-12,1.971539910483563416e-17,1.447732920355088341e-18,4.188654441027359588e-17,4.894413811200463703e-21,3.177350340779315136e-18,6.167238131512650618e-22,9.287627792277996315e-21,1.299292140318679907e-24,5.469477651341510036e-26,1.728575740423970870e-17,3.531714330866231162e-16,8.031768601969968152e-19,1.189991130291871466e-10,3.363833670825054413e-10,1.875343150459969294e-11,1.936565940474985380e-11,8.524216452090752003e-10,1.356302380332663027e-04,2.264250620555357458e-07,7.390428361812665294e-07,9.506981702331796822e-09,1.424542310349400310e-12,1.953094750479039513e-09,7.180241541761112857e-15,4.053531570994218436e-20,6.313651601548562055e-12,2.630878590645281120e-11,1.647973430404201832e-09,1.334331720327274209e-10,7.453693551828182162e-01,0.000000000000000000e+00,4.469506921096245040e-36,5.274069131293581521e-35,3.569192620875423000e-20,5.866809571438963745e-22
1.535156250000000062e-02,-3.145983569999999951e-01,0.000000000000000000e+00,1.645389110000000073e+03,2.049738020000000105e-01,3.189370677277499067e-02,2.154645096222747302e-02,3.589537696170423509e+00,1.701459158101038383e+03,8.901866666666876426e+01,8.208975802269010151e-05,2.023136440559206959e-05,8.277941112288072752e-04,9.837003422719006740e-02,1.912834040528718811e-03,8.265651932284674708e-02,1.615985350446667954e-05,6.416530481773567056e-07,9.729407982689265915e-19,3.704371371023910714e-18,2.017748230557717780e-16,4.507670611245946835e-18,1.739991870480944145e-16,4.301889231189067808e-16,1.948150470538480413e-03,6.829576381887736414e-02,5.285601481460971985e-10,8.935199622469743081e-13,1.533825850423958552e-17,1.079112220298273048e-18,3.105822710858467678e-17,2.139301120591315934e-21,1.550409580428542424e-18,2.974046970822044397e-22,4.774850781319798212e-21,6.851859301893894379e-25,2.993173450827331268e-26,9.572376552645861942e-18,2.075110110573572914e-16,4.367863801207303922e-19,9.879358322730714752e-11,3.034910480838867522e-10,1.538413960425226864e-11,1.601174560442574363e-11,7.686670212124641315e-10,1.325590910366401158e-04,2.393203110661495854e-07,7.475291342066214645e-07,9.355364282585879797e-09,1.054943030291592595e-12,1.622168880448377147e-09,5.957675071646737188e-15,2.717828520751223912e-20,5.116579991414253785e-12,2.176847060601693639e-11,1.387270990383450092e-09,1.086486020300311299e-10,7.457362212061260376e-01,0.000000000000000000e+00,1.503916670415691523e-35,1.923871010531769357e-34,2.162113890597621131e-20,3.227079160891984030e-22
1.537499999999999978e-02,-3.125119820000000215e-01,0.000000000000000000e+00,1.627778790000000072e+03,2.073255499999999973e-01,3.121009890633797204e-02,2.119447393628890244e-02,3.422822184241509635e+00,1.676003067191885066e+03,9.233169066666496860e+01,7.576634847106567569e-05,1.849539299293681926e-05,7.858782546998818990e-04,1.012030749613516828e-01,1.798292789313252291e-03,8.144305796889780846e-02,1.670537159362040668e-05,6.724458397432004291e-07,6.047841857690397116e-19,2.345844579104148268e-18,1.422817139456642308e-16,3.053150248834035924e-18,1.169504549553379487e-16,2.741611608953009606e-16,1.797347379313613209e-03,6.663241577455382425e-02,4.584403018249268119e-10,7.696300217060869681e-13,1.204162509540143673e-17,8.194730326870524400e-19,2.336585839107684035e-17,9.493079586374699511e-22,7.720545487051609938e-19,1.461684669441799186e-22,2.498971319045671127e-21,3.683823838593189371e-25,1.677534179359368650e-26,5.366091787950749301e-18,1.235847249528043658e-16,2.429258989072293365e-19,8.173167966878758882e-11,2.730731818957164179e-10,1.267002729516145824e-11,1.331583109491483413e-11,6.911021337360757996e-10,1.295236149505363883e-04,2.534610369032061016e-07,7.541370067120036072e-07,9.208534586483364689e-09,7.837187897007066724e-13,1.357965119481408412e-09,4.988328228095014379e-15,1.825573079302834209e-20,4.177393198404700262e-12,1.812417439307858281e-11,1.175259309551181685e-09,8.895193566603025443e-11,7.460977487150737275e-01,0.000000000000000000e+00,4.888108638133286410e-35,6.779741487410892997e-34,1.330838469491767784e-20,1.807453769309753721e-22
1.539843750000000067e-02,-3.103479579999999793e-01,0.000000000000000000e+00,1.609861000000000104e+03,2.097679650000000007e-01,3.053162415303690286e-02,2.084171277017258378e-02,3.257418096589626888e+00,1.649970004409195099e+03,9.557862400000151126e+01,6.990918622047527628e-05,1.686996140494093885e-05,7.440893272179317569e-04,1.040250490304672620e-01,1.686187190493857032e-03,8.022186112349569131e-02,1.726859550505769505e-05,7.062276802068427391e-07,3.752814531099139171e-19,1.486322250435319736e-18,1.006238360294711070e-16,2.074539050607599370e-18,7.973305622335252054e-17,1.778921740521017734e-16,1.659383570486006911e-03,6.497697631903071036e-02,3.970771671162975228e-10,6.643411021945748930e-13,9.521856032788798671e-18,6.327904791853342004e-19,1.780476480521472986e-17,4.278846891253205517e-22,3.926091021149889067e-19,7.325659192145567366e-23,1.331787540390059322e-21,2.019718460591543305e-25,9.639021292823114935e-27,3.044819700891778307e-18,7.462534342185655991e-17,1.382234410404834387e-19,6.737963161973440800e-11,2.449961180717554128e-10,1.047158640306695969e-11,1.113496880326125355e-11,6.194756641814345135e-10,1.265237560370567930e-04,2.690233090787925885e-07,7.588123952222439843e-07,9.065944232655269461e-09,5.840844141710690152e-13,1.145915080335619964e-09,4.215410821234626727e-15,1.227766080359593025e-20,3.435979401006343292e-12,1.518583520444768987e-11,1.002130060293507867e-09,7.323266402144867875e-11,7.464541352186244705e-01,0.000000000000000000e+00,1.530946760448389468e-34,2.305897920675360591e-33,8.326330202438648805e-21,1.031067810301983133e-22
1.542187499999999982e-02,-3.081078340000000249e-01,0.000000000000000000e+00,1.591647009999999909e+03,2.123040419999999984e-01,2.985843933694169033e-02,2.048830542089134094e-02,3.093566698824227412e+00,1.623391323333594073e+03,9.875515733333017465e+01,6.449510841443102248e-05,1.535122670343489685e-05,7.026050301572106310e-04,1.068342130239045701e-01,1.576849150352826068e-03,7.899341701767507995e-02,1.784956910399390889e-05,7.433744961663328881e-07,2.323896830519980984e-19,9.418337602107389530e-19,7.134576471596389026e-17,1.413082060316182460e-18,5.504719031231701771e-17,1.175283990262974485e-16,1.533326140343087849e-03,6.333095501417054796e-02,3.434591730768503294e-10,5.749280381286424555e-13,7.573877141694684139e-18,4.960941141110029656e-19,1.372151720307024277e-17,1.959862760438526752e-22,2.040099150456480142e-19,3.745764850838129161e-23,7.229280371617579862e-22,1.129486590252726996e-25,5.685505351272154170e-27,1.748588070391253194e-18,4.570170381022593415e-17,8.048366281800852949e-20,5.535357311238557499e-11,2.191426800490340273e-10,8.681756631942576587e-12,9.359988782094333592e-12,5.535265981238537671e-10,1.235594100276469001e-04,2.862130230640412767e-07,7.615256691703943122e-07,8.927048571997463067e-09,4.366863350977102706e-13,9.748250062181208663e-10,3.595703000804552813e-15,8.263052051848890894e-21,2.847141650637059194e-12,1.280577790286534191e-11,8.601594171924640666e-10,6.063288341356685294e-11,7.468055761671006376e-01,0.000000000000000000e+00,4.619113481033544932e-34,7.564378771692559514e-33,5.296666131185149828e-21,5.992051251340745431e-23
1.544531250000000071e-02,-3.057932600000000112e-01,0.000000000000000000e+00,1.573148549999999886e+03,2.149368839999999947e-01,2.919069856101471835e-02,2.013439063760284406e-02,2.931506651727839419e+00,1.596298220443025684e+03,1.018571093333367514e+02,5.950154124156028970e-05,1.393521248631346633e-05,6.615920373502143020e-04,1.096288878923274840e-01,1.470581468555661603e-03,7.775822602362938984e-02,1.844812678188108884e-05,7.843167992296796608e-07,1.435698858589921812e-19,5.966423124140050289e-19,5.070043355020433451e-17,9.643329910528759820e-19,3.842819416225757022e-17,7.905994732235089704e-17,1.418284928607024950e-03,6.169578273940520829e-02,2.966769817086173375e-10,4.990402555098653124e-13,6.054611444053435228e-18,3.943777056126601298e-19,1.068186458950875564e-17,9.125808541037045406e-23,1.083835708935505762e-19,1.954875008080010569e-23,3.998019066073327304e-22,6.443922693671071785e-26,3.447688356613837348e-27,1.016218699001915996e-18,2.839384667211285290e-17,4.796526535289069794e-20,4.531519635549346733e-11,1.954050888080820028e-10,7.217847022910958479e-12,7.907015162234089303e-12,4.929868565158106655e-10,1.206304218815222725e-04,3.052720567001756191e-07,7.622720242513311322e-07,8.791295511365589666e-09,3.275087766783357653e-13,8.360576131788621343e-10,3.096158536959093926e-15,5.562297434536964784e-21,2.376702527665710697e-12,1.086889698932506309e-11,7.432468282700167191e-10,5.048802345041295654e-11,7.471522662661810310e-01,0.000000000000000000e+00,1.342214028681738460e-33,2.392023727650662883e-32,3.426926386634228302e-21,3.548394426514928749e-23
1.546874999999999986e-02,-3.034059840000000174e-01,0.000000000000000000e+00,1.554377750000000106e+03,2.176697109999999880e-01,2.852855325907677903e-02,1.978010808360808337e-02,2.771479757708861236e+00,1.568726176722203945e+03,1.048800853333307259e+02,5.490644219615269312e-05,1.261784489911586484e-05,6.212057889564719841e-04,1.124074589921235934e-01,1.367657289904167933e-03,7.651680109463845914e-02,1.906386229866419152e-05,8.295498609418733025e-07,8.845191089380216909e-20,3.777198109735330852e-19,3.609946629747050107e-17,6.589851899538247691e-19,2.709110229810172113e-17,5.414443659620608452e-17,1.313412449907969083e-03,6.007281259579068389e-02,2.559154829820679555e-10,4.346540569695437250e-13,4.861428609659358900e-18,3.176104269777449748e-19,8.391327359412017326e-18,4.321175919697214307e-23,5.889960919587289450e-20,1.041672059927009952e-23,2.253088089842126102e-22,3.751150739737156608e-26,2.153054019849135075e-27,5.975878039581269511e-19,1.790091159874567902e-17,2.926009349794974200e-20,3.696780619740966089e-11,1.736801909878302105e-10,6.015554099578488969e-12,6.711200989529744596e-12,4.375836879693384429e-10,1.177365859917501857e-04,3.264859429771230772e-07,7.610711489466716103e-07,8.658116329393324923e-09,2.463772119827362685e-13,7.229188999493448887e-10,2.691387839811414253e-15,3.743198939737713496e-21,1.998670979859952834e-12,9.285178629349385774e-12,6.465586209546955117e-10,4.228178679703730954e-11,7.474943989476229289e-01,0.000000000000000000e+00,3.755209019736871753e-33,7.287846089489339697e-32,2.255707739841942383e-21,2.141659849849933654e-23
1.549218750000000075e-02,-3.009478569999999853e-01,0.000000000000000000e+00,1.535347170000000006e+03,2.205058629999999964e-01,2.787215131446227345e-02,1.942559827498899910e-02,2.613730014894534825e+00,1.540707450080088392e+03,1.078202453333376383e+02,5.068824908744627304e-05,1.139498509717785638e-05,5.815903468559601797e-04,1.151683799714767753e-01,1.268319709685880982e-03,7.526966768135830155e-02,1.969609399512195719e-05,8.796464177821420093e-07,5.432422898654576289e-20,2.388802739408375771e-19,2.574596519362360897e-17,4.507249468883709471e-19,1.926611969522844776e-17,3.774477239065192387e-17,1.217903839698367260e-03,5.846331928552065543e-02,2.204461399454031004e-10,3.800306849058795478e-13,3.919008499029396208e-18,2.589425329358689047e-19,6.646451388353903352e-18,2.081248879484546827e-23,3.275547549188760154e-20,5.668725118596052225e-24,1.294148569679484140e-22,2.228328119448120226e-26,1.387321859656408371e-27,3.555156999119510149e-19,1.145478679716304455e-17,1.827069069547498423e-20,3.005259869255700932e-11,1.538664349618925885e-10,5.024520908755599949e-12,5.722085818582836528e-12,3.870418629041430905e-10,1.148776449715487757e-04,3.501934739132691632e-07,7.579661948122779825e-07,8.526917937888176963e-09,1.858871099539621850e-13,6.301973918439218744e-10,2.361787009415067341e-15,2.517063779376610396e-21,1.693170489580660167e-12,7.983993688022640721e-12,5.662522278597588712e-10,3.561185429118017503e-11,7.478321638147877870e-01,0.000000000000000000e+00,1.011359909749521036e-32,2.138399529470392619e-31,1.510934659625793845e-21,1.317709199673649014e-23
1.551562499999999990e-02,-2.984208199999999755e-01,0.000000000000000000e+00,1.516069729999999936e+03,2.234488000000000030e-01,2.722163771754037426e-02,1.907100272103243871e-02,2.458509840584553352e+00,1.512274683953393833e+03,1.106733653333270411e+02,4.682583740045208093e-05,1.026245840009907943e-05,5.428783370052412066e-04,1.179101700011383619e-01,1.172781420011322507e-03,7.401736410071459160e-02,2.034382860019640950e-05,9.352728290090295581e-07,3.324477190032096100e-20,1.508626850014565063e-19,1.838699140017751600e-17,3.084239450029776886e-19,1.380898330013331726e-17,2.677673210025851412e-17,1.130996640010919260e-03,5.686850080054903916e-02,1.896197150018306901e-10,3.336792840032215318e-13,3.171053290030614634e-18,2.136038720020622274e-19,5.304260020051209328e-18,1.019788400009845464e-23,1.864794680018003575e-20,3.150994700030421669e-24,7.578094060073163181e-23,1.350988830013043390e-26,9.242154960089226463e-28,2.139291400020653510e-19,7.441253390071840938e-18,1.167701820011273616e-20,2.434508710023503840e-11,1.358621520013116869e-10,4.205030190040597215e-12,4.900143110047308044e-12,3.410856540032929998e-10,1.120532860010818187e-04,3.767988060036377905e-07,7.530221420072700741e-07,8.397076580081070923e-09,1.406358210013577832e-13,5.538168700053467625e-10,2.092142160020198505e-15,1.690417470016320260e-21,1.444916250013949911e-12,6.909734360066710072e-12,4.992624410048201336e-10,3.016374620029121283e-11,7.481657480072231303e-01,0.000000000000000000e+00,2.621700590025311086e-32,6.040650970058319604e-31,1.030110400009945244e-21,8.266477590079808396e-24
1.553906250000000079e-02,-2.958269130000000247e-01,0.000000000000000000e+00,1.496558729999999969e+03,2.265021120000000054e-01,2.657715447700878530e-02,1.871646392753846880e-02,2.306080322636596680e+00,1.483464162282245070e+03,1.134356053333380316e+02,4.329848491636418824e-05,9.216079963483117101e-06,5.051909451909313616e-04,1.206314140455913286e-01,1.081224520408636961e-03,7.276044162749900623e-02,2.100572160793888227e-05,9.972100293768845768e-07,2.026209420765783423e-20,9.510518553594395992e-20,1.314545570496817983e-17,2.110602810797679319e-19,9.968059783767318302e-18,1.932514640730372697e-17,1.051970570397580676e-03,5.528947842089605019e-02,1.628593610615509034e-10,2.943241171112365686e-13,2.574877660973146595e-18,1.782126370673535088e-19,4.262718291611047267e-18,5.083878471921396220e-24,1.087101970410858227e-20,1.789125920676180436e-24,4.525267001710275403e-23,8.361332203160074312e-27,6.378775672410788558e-28,1.301752530491983097e-19,4.908149331854980417e-18,7.637367242886459989e-21,1.965164910742712554e-11,1.195647770451882145e-10,3.525532981332436674e-12,4.214202561592711127e-12,2.994406201131703258e-10,1.092631360412948071e-04,4.067867021537405621e-07,7.463236182820648009e-07,8.267932323124773613e-09,1.066707860403150445e-13,4.905738251854069217e-10,1.870584410706966998e-15,1.133243970428297231e-21,1.242089710469434010e-12,6.018469992274614828e-12,4.431354411674781528e-10,2.569086290970957963e-11,7.484953362828855594e-01,0.000000000000000000e+00,6.541127422472147287e-32,1.642367630620714882e-30,7.149293882701997073e-22,5.288419661998699992e-24
1.556249999999999994e-02,-2.931682660000000107e-01,0.000000000000000000e+00,1.476827819999999974e+03,2.296695159999999902e-01,2.593883982010927042e-02,1.836212543959515192e-02,2.156715431907909597e+00,1.454306139313956464e+03,1.161031253333299702e+02,4.008584779888603282e-05,8.251676929770688783e-06,4.686379629869767737e-04,1.233307659965726943e-01,9.938004219723827956e-04,7.149946449801306003e-02,2.168003379939752130e-05,1.066381189970365731e-06,1.229155169965842313e-20,5.982287849833755051e-20,9.405191979738633711e-18,1.443812329959877128e-19,7.242479399798733526e-18,1.418396929960583339e-17,9.801471079727622476e-04,5.372729809850694538e-02,1.396540779961190680e-10,2.608755489927503885e-13,2.097761209941703866e-18,1.503321669958223532e-19,3.447993359904181713e-18,2.578524179928343771e-24,6.490457859819633579e-21,1.037659509971163758e-24,2.757388179923373891e-23,5.285209739853126562e-27,4.570639119872983050e-28,8.007672879777471172e-20,3.287300649908647190e-18,5.110930149857969851e-21,1.580620649956075332e-11,1.048707459970856873e-10,2.960794179917721155e-12,3.639517929898859482e-12,2.618351819927237266e-10,1.065067509970402170e-04,4.407416899877520134e-07,7.379722969794920131e-07,8.138784299773827333e-09,8.109232289774648920e-14,4.379383359878299092e-10,1.687804699953096771e-15,7.579783509789360937e-22,1.075502679970112227e-12,5.275377509853400352e-12,3.958996559889981419e-10,2.199921519938865304e-11,7.488211069791906871e-01,0.000000000000000000e+00,1.570874639956346239e-31,4.297089539880585899e-30,5.051469689859621305e-22,3.450619029904108997e-24
1.558593750000000083e-02,-2.904470989999999864e-01,0.000000000000000000e+00,1.456891000000000076e+03,2.329548640000000115e-01,2.530682944755383718e-02,1.800813179016575935e-02,2.010702235796832937e+00,1.424838146755084608e+03,1.186721280000043350e+02,3.716794840894945679e-05,7.365107451773402104e-06,4.333179041043361138e-04,1.260069430303404903e-01,9.106298452192653848e-04,7.023500951691148686e-02,2.236458200538503913e-05,1.143888280275430354e-06,7.418438361786244186e-21,3.752994320903662269e-20,6.731941101620945091e-18,9.869209682376350994e-20,5.294129491274742766e-18,1.058301770254822317e-17,9.148889792202908851e-04,5.218293171256482843e-02,1.195525340287863692e-10,2.324043860559593488e-13,1.714414530412804017e-18,1.281808620308639398e-19,2.805990080675637860e-18,1.330378460320333988e-24,3.968847690955636584e-21,6.147101901480125061e-25,1.716699510413354451e-23,3.416156210822557305e-27,3.408036450820601721e-28,4.977943271198610372e-20,2.235683950538317325e-18,3.498538750842393597e-21,1.266706250305003037e-11,9.167583622207409729e-11,2.490493960599671782e-12,3.156312350759990415e-12,2.280020070548992951e-10,1.037836080249894663e-04,4.793719731154252797e-07,7.280839921753111708e-07,8.008886551928414615e-09,6.176707461487254100e-14,3.939025830948455659e-10,1.536461350369955724e-15,5.055441981217271040e-22,9.379732982258492265e-13,4.652760931120311560e-12,3.559650890857108153e-10,1.893571440455942198e-11,7.491432371803818935e-01,0.000000000000000000e+00,3.631765330874472263e-31,1.081837720260489566e-29,3.633612120874916794e-22,2.296569500552978076e-24
1.560937499999999999e-02,-2.876657209999999854e-01,0.000000000000000000e+00,1.436762580000000071e+03,2.363621399999999984e-01,2.468125492351079531e-02,1.765462841291009707e-02,1.868342536835812862e+00,1.395091244721818384e+03,1.211388586666706288e+02,3.452517579556176812e-05,6.552275809157702027e-06,3.993181499486674838e-04,1.286587319834608667e-01,8.318029528930712818e-04,6.896766549113417244e-02,2.305667829703605246e-05,1.231058649841746809e-06,4.450482449427888918e-21,2.347071739698282639e-20,4.818746049380547471e-18,6.738085509133815776e-20,3.892100649499668695e-18,8.023571338968564876e-18,8.555995498900122870e-04,5.065727839348797834e-02,1.021572379868676364e-10,2.081192309732461740e-13,1.405171559819364517e-18,1.104385659858030605e-19,2.296627519704767264e-18,6.980122539102702464e-25,2.485268349680517693e-21,3.719712999521829305e-25,1.095295659859199251e-23,2.264474969708900630e-27,2.652742819658988297e-28,3.125871209598168350e-20,1.543748779801550110e-18,2.448889089685193985e-21,1.011392439869984969e-11,7.987577758973192775e-11,2.098166819730279825e-12,2.748677949646656134e-12,1.976791959745882464e-10,1.010930899870044229e-04,5.235388169326988235e-07,7.167855579078568791e-07,7.877444478987350341e-09,4.712081759394259270e-14,3.568651999541248210e-10,1.410731309818649861e-15,3.360345859568025948e-22,8.238577838940927406e-13,4.128519699469276083e-12,3.220446459586010195e-10,1.637916699789445038e-11,7.494618959036563055e-01,0.000000000000000000e+00,8.085175258960646920e-31,2.620846779663088864e-29,2.660463379657996098e-22,1.559189679799565347e-24
1.563281249999999914e-02,-2.848265289999999950e-01,0.000000000000000000e+00,1.416457159999999931e+03,2.398954680000000006e-01,2.406224502498680029e-02,1.730176154808121813e-02,1.729951145505352006e+00,1.365103447484611479e+03,1.234998613333289654e+02,3.213830092081989507e-05,5.809144033763290143e-06,3.667151612375660927e-04,1.312849830850492672e-01,7.573796574906469696e-04,6.769803254385627078e-02,2.375305631538774509e-05,1.329498350861278013e-06,2.652304061718220464e-21,1.462458160947412318e-20,3.448046972233719926e-18,4.592803362975318421e-20,2.877031171863803370e-18,6.178218104002383729e-18,8.017220475193730317e-04,4.915116633184119649e-02,8.711906495643763348e-11,1.873465881213671846e-13,1.154670340748020536e-18,9.611491026226533945e-20,1.889904931224321502e-18,3.721786102411053771e-25,1.592926231031932311e-21,2.299978121489976049e-25,7.208610984669894343e-24,1.549537691003824340e-27,2.166399091403440486e-28,1.981663201283764640e-20,1.081946830700908654e-18,1.752244531135142436e-21,8.045131095211811205e-12,6.936698414493744232e-11,1.770391121146898130e-12,2.403739551557195127e-12,1.706112931105257112e-10,9.843446356376799218e-05,5.742919273720387790e-07,7.042117344562036547e-07,7.743613625016481800e-09,3.598830142331401058e-14,3.255427102108936989e-10,1.305968660846035023e-15,2.224698921441208251e-22,7.286974444720661248e-13,3.684959362387197401e-12,2.930925291898717345e-10,1.423332300922065610e-11,7.497772494857219971e-01,0.000000000000000000e+00,1.733819921123206269e-30,6.110317073958396624e-29,1.982076521284032373e-22,1.079825280699534332e-24
1.565625000000000003e-02,-2.819320009999999876e-01,0.000000000000000000e+00,1.395989649999999983e+03,2.435591089999999959e-01,2.344992414508322021e-02,1.694967805202859945e-02,1.595851356935286791e+00,1.334904150095631849e+03,1.257515946666624274e+02,2.998850519784034330e-05,5.131739249630432119e-06,3.355747479758331765e-04,1.338846159903581412e-01,6.873901229504968602e-04,6.642672099521619578e-02,2.444978629823921920e-05,1.441138439896214699e-06,1.567297559887129271e-21,9.073953539346530117e-21,2.465258459822461419e-18,3.123888639775029581e-20,2.137843399846040599e-18,4.829070529652228074e-18,7.527386739457906425e-04,4.766535459656732338e-02,7.413211019466128926e-11,1.695134949877923053e-13,9.508720139315218975e-19,8.445821779391764635e-20,1.563158659887427138e-18,2.014156719854948334e-25,1.043895689924822832e-21,1.454569619895247521e-25,4.959290369642850512e-24,1.109401349920105121e-27,1.871192459865243960e-28,1.267353469908730101e-20,7.692148729446041110e-19,1.281137539907737618e-21,6.375075149540891698e-12,6.004727519567563490e-11,1.496164559892252097e-12,2.111015779847972698e-12,1.465501089894460338e-10,9.580686419310035140e-05,6.329106419544201715e-07,6.905020329502726663e-07,7.606505429452208470e-09,2.750416199801925670e-14,2.989014739784742605e-10,1.218443519912252528e-15,1.466032779894421988e-22,6.489512099532650509e-13,3.307864149761780441e-12,2.682558759806812326e-10,1.242148119910545222e-11,7.500894549459814487e-01,0.000000000000000000e+00,3.582991469741967373e-30,1.371269209901246315e-28,1.501576909891862183e-22,7.627931049450666619e-25
1.567968750000000092e-02,-2.789846979999999754e-01,0.000000000000000000e+00,1.375375209999999925e+03,2.473574669999999975e-01,2.284441413260663092e-02,1.659852516898767741e-02,1.466372877296091337e+00,1.304532907028496538e+03,1.278907306666803549e+02,2.805742461650312445e-05,4.516156502656363321e-06,3.059524371799584815e-04,1.364566110802625520e-01,6.218355813657581044e-04,6.515434993832321109e-02,2.514221401478842572e-05,1.568244030922427059e-06,9.206220125415017078e-22,5.602429893295299464e-21,1.760257711035368067e-18,2.119080381246424300e-20,1.596274850938914500e-18,3.829177142252288047e-18,7.081695904165389308e-04,4.620053562717474360e-02,6.292886543701419377e-11,1.541325810906594083e-13,7.843199284613299035e-19,7.489137094405043899e-20,1.299130920764137074e-18,1.103617870649138186e-25,6.978415394104641348e-22,9.427862815545385104e-26,3.651477752147766128e-24,8.511924465006637753e-28,1.728357271016604332e-28,8.166522094803476646e-21,5.541997903259753567e-19,9.473570875572270690e-22,5.031723592959615339e-12,5.181643593047796338e-11,1.266417720744895555e-12,1.861928561095169744e-12,1.252553530736740707e-10,9.320926635482485530e-05,7.009496594122923016e-07,6.757977773974982015e-07,7.465214174390972762e-09,2.102334801236574642e-14,2.761052101624025970e-10,1.145142640673562597e-15,9.609089925651980122e-23,5.817920683422048760e-13,2.985770401756203333e-12,2.468367051451871565e-10,1.088226240640084908e-11,7.503986674413778424e-01,0.000000000000000000e+00,7.138511884198808709e-30,2.963172001742911549e-28,1.155497250679653195e-22,5.495122273232181607e-25
1.570312499999999833e-02,-2.759872589999999848e-01,0.000000000000000000e+00,1.354629239999999982e+03,2.512950879999999998e-01,2.224583192090818715e-02,1.624845025894913753e-02,1.341849943630005981e+00,1.258845027678073620e+03,1.309257599999952504e+02,2.632720491957988792e-05,3.958555542944029628e-06,2.778939962066733914e-04,1.390000181033761439e-01,5.606895574169921872e-04,6.388154574750953829e-02,2.582502191920640718e-05,1.713338221274232019e-06,5.342869203973562605e-22,3.437111862556225610e-21,1.253918250932555381e-18,1.432066381065046683e-20,1.196282440889690768e-18,3.078127442289243317e-18,6.675717714964818751e-04,4.475733713328661906e-02,5.327516673962144161e-11,1.407895341047070044e-13,6.475548134815949105e-19,6.696644044980381108e-20,1.084621470806647294e-18,6.099187364536045368e-26,4.744768813528746357e-22,6.283852004673383395e-26,2.974107212211882290e-24,7.237898275382919501e-28,1.726630221284117245e-28,5.283441903929365094e-21,4.039550543004266969e-19,7.183609885342544697e-22,3.953834372940518212e-12,4.457635903315202361e-11,1.073630090798472752e-12,1.649424901226699008e-12,1.064950600792017670e-10,9.064045896741050406e-05,7.802858495803088214e-07,6.602393604910287012e-07,7.318899635443160932e-09,1.606010421194410828e-14,2.564743821907433550e-10,1.083643180805919640e-15,6.251730594649494215e-23,5.249513943904131828e-13,2.709394672015012436e-12,2.282618981697613650e-10,9.566243647114540705e-12,7.507050305583091721e-01,0.000000000000000000e+00,1.370628471019354423e-29,6.168066024587271347e-28,9.019103676707626155e-23,4.035748383001439249e-25
1.575000000000000011e-02,-2.698501139999999743e-01,0.000000000000000000e+00,1.312790209999999888e+03,2.596099550000000034e-01,2.106981812283449662e-02,1.555201561950146638e-02,1.110236347788439604e+00,1.213348947223716777e+03,1.335900159999943639e+02,2.341823299993334777e-05,3.006350109991443484e-06,2.265689879993551428e-04,1.439982849995901648e-01,4.514349099987151771e-04,6.133674639982542726e-02,2.714524429992274120e-05,2.064718599994123318e-06,1.766463839994972368e-22,1.279333969996358834e-21,6.352336529981919789e-19,6.510749779981469735e-21,6.955098299980204304e-19,2.111161099993990890e-18,5.970040489983007969e-04,4.193737919988063667e-02,3.790328729989212462e-11,1.191266179996609628e-13,4.429521709987392329e-19,5.499697579984346984e-20,7.733197579977990210e-19,2.070858569994105975e-26,2.488951219992916024e-22,3.321084969990547823e-26,2.996193229991472099e-24,7.877970299977578653e-28,2.172188259993817747e-28,2.362357499993276248e-21,2.321657049993392089e-19,4.517890339987141303e-22,2.427040999993092050e-12,3.277220009990672297e-11,7.798716659977804140e-13,1.316320289996253529e-12,7.579625129978427733e-11,8.558511799975641106e-05,9.791996519972131442e-07,6.269980299982154507e-07,7.009690649980049455e-09,9.368798439973335507e-15,2.249859909993596677e-10,9.912081739971788375e-16,2.620824519992540823e-23,4.365110989987575986e-13,2.270127849993538976e-12,1.981676249994359838e-10,7.478624399978715054e-12,7.513097479978616544e-01,0.000000000000000000e+00,4.094197219988347347e-29,2.144888379993895511e-27,5.979633569982981275e-23,2.433686669993073286e-25
1.577343750000000100e-02,-2.667190979999999878e-01,0.000000000000000000e+00,1.291745470000000068e+03,2.639938989999999763e-01,2.049253462089796821e-02,1.520601917103037680e-02,1.001705861262873087e+00,1.182653482162674436e+03,1.352492800000137265e+02,2.218930109718021256e-05,2.600955019669474250e-06,2.033163009741628723e-04,1.464515789813891355e-01,4.030121799487858085e-04,6.006639949236684817e-02,2.775423419647303161e-05,2.274340339710980273e-06,9.851693128748061154e-23,7.683043929023649639e-22,4.484503529430115379e-19,4.345230289447814236e-21,5.314449249324647476e-19,1.773957249774568003e-18,5.659711149280772201e-04,4.056166949484548562e-02,3.178020239596141950e-11,1.099899509860226306e-13,3.651238669536005983e-19,5.020591289361990759e-20,6.556067669166863509e-19,1.204459989846938928e-26,1.824238769768178320e-22,2.592992309670486155e-26,3.559907939547611180e-24,9.688356048768817204e-28,2.701644189656678533e-28,1.573759619800009060e-21,1.774743059774468384e-19,3.650514739536097633e-22,1.885905939760341772e-12,2.797072509644552080e-11,6.655183609154268272e-13,1.182441949849737142e-12,6.335165789194935834e-11,8.309317438944064456e-05,1.106464309859392147e-06,6.096863039225219378e-07,6.841827319130550657e-09,7.125846319094457384e-15,2.119057309730713090e-10,9.545082638787023808e-16,1.666786199788187021e-23,4.009647389490459986e-13,2.090926199734288105e-12,1.855971199764145757e-10,6.627904839157735405e-12,7.516084169044866536e-01,0.000000000000000000e+00,7.319799519069810906e-29,4.132403429474860507e-27,4.924125329374249106e-23,1.947644589752496295e-25
1.579687499999999842e-02,-2.635491930000000149e-01,0.000000000000000000e+00,1.270632710000000088e+03,2.685367280000000023e-01,1.992259999277799440e-02,1.486168288607398608e-02,8.992565606374420817e-01,1.151968196076120421e+03,1.367812266666628034e+02,2.109627601164011068e-05,2.239473641235655049e-06,1.816821531002451684e-04,1.488732080821424941e-01,3.586150481978699111e-04,5.879814863244254425e-02,2.831919671562543547e-05,2.506025041382727508e-06,5.483506293025586110e-23,4.579048662526541974e-22,3.153892081740195521e-19,2.886298891592548189e-21,4.092541402258106077e-19,1.510043630833183565e-18,5.374801082965607489e-04,3.920951132163429109e-02,2.654441371464618079e-11,1.017755310561558015e-13,3.002230361656514566e-19,4.605325842541041160e-20,5.586172183082233311e-19,7.080086393906517667e-27,1.361133040751020489e-22,2.162573531193224391e-26,4.513807932490544950e-24,1.263255680697015751e-27,3.485426841923123517e-28,1.057789250583647373e-21,1.374106230758178614e-19,3.003265391657085471e-22,1.461229340806249841e-12,2.382251811314434368e-11,5.693280763141332745e-13,1.067095520588781915e-12,5.262109902903428774e-11,8.062339954448487602e-05,1.255684860692838255e-06,5.920299693266591906e-07,6.664419973677169063e-09,5.407880712983859765e-15,2.003058371105209960e-10,9.234812175095412209e-16,1.052305820580621696e-23,3.702470312042879873e-13,1.934627111067452180e-12,1.744200240962382166e-10,5.885359293247313368e-12,7.519047154148719159e-01,0.000000000000000000e+00,1.239646200683988912e-28,7.519036274148712569e-27,4.112179702268941387e-23,1.609852060888254127e-25
1.582031249999999931e-02,-2.603433829999999838e-01,0.000000000000000000e+00,1.249468219999999974e+03,2.732436950000000087e-01,1.936010775746141790e-02,1.451914974637473314e-02,8.030552358689785342e-01,1.121326771816397240e+03,1.381837653333277842e+02,2.012481769752710620e-05,1.918565559764251402e-06,1.616571819801359308e-04,1.512625669814131879e-01,3.180886809609139668e-04,5.753262749293052564e-02,2.882913679645754168e-05,2.757072639661217419e-06,3.014974339629527450e-23,2.702920919667870892e-22,2.206781519728835923e-19,1.906081839765785334e-21,3.176533279609674763e-19,1.301445809840081340e-18,5.112504479371787628e-04,3.788125359534523506e-02,2.207841069728705421e-11,9.430226408841235803e-14,2.459593519697770318e-19,4.239758369479028583e-20,4.785074399412021254e-19,4.189700649485179409e-27,1.030738049873345256e-22,1.919761619764104336e-26,5.905991979274284731e-24,1.688975279792462415e-27,4.575603589437760404e-28,7.161397089120023952e-22,1.076938269867668246e-19,2.513413229691157732e-22,1.128771929861299006e-12,2.025145619751154512e-11,4.882870579400004205e-13,9.674432558811229125e-13,4.342371469466419315e-11,7.817362009039420534e-05,1.430436419824231425e-06,5.741358769294514238e-07,6.476621699204167919e-09,4.091982499497186593e-15,1.899332279766614473e-10,8.972074478897532026e-16,6.578619249191634564e-24,3.435448439577860002e-13,1.797714719779101053e-12,1.644132909797972742e-10,5.233888429356871687e-12,7.521987409075714393e-01,0.000000000000000000e+00,2.022025339751538314e-28,1.314555659838470477e-26,3.480617749572310302e-23,1.377871009830690448e-25
1.584375000000000019e-02,-2.571047009999999911e-01,0.000000000000000000e+00,1.228268379999999979e+03,2.781201930000000155e-01,1.880514686130469598e-02,1.417856046767020789e-02,7.132526431693426705e-01,1.090765530562154481e+03,1.394548906666599066e+02,1.926149040169751930e-05,1.634994420144092478e-06,1.432206020126220727e-04,1.536191150135384764e-01,2.812602720247875431e-04,5.627046350495912286e-02,2.927219980257976504e-05,3.022607150266382938e-06,1.569100810138285305e-23,1.578529560139115914e-22,1.534924840135273143e-19,1.250753730110229355e-21,2.485719390219066726e-19,1.134981170100026032e-18,4.870293360429219930e-04,3.657719910322355245e-02,1.828022480161104186e-11,8.742041220770438451e-14,2.005305270176727796e-19,3.912501080344809770e-20,4.121983720363271306e-19,2.484549470218963781e-27,7.886202270695012736e-23,1.794300030158131960e-26,7.805524350687901641e-24,2.265998180199702981e-27,6.021061290530636982e-28,4.880569750430125295e-22,8.538163040752469484e-20,2.137584990188385617e-22,8.693981890766202577e-13,1.718774450151475935e-11,4.198897370370049796e-13,8.810971590776513171e-13,3.558980780313653533e-11,7.574159790667511728e-05,1.634417650144041598e-06,5.561009700490092020e-07,6.277632640553248728e-09,3.085722120271945588e-15,1.805792000159144528e-10,8.748825460771035450e-16,4.068195930358530953e-24,3.201879200282181909e-13,1.677239560147815377e-12,1.553914140136946678e-10,4.659706710410660381e-12,7.524905820663171374e-01,0.000000000000000000e+00,3.194459980281528241e-28,2.220032130195651966e-26,2.983110660262902522e-23,1.222084870107702720e-25
1.586718750000000108e-02,-2.538362270000000254e-01,0.000000000000000000e+00,1.207049580000000105e+03,2.831717530000000260e-01,1.825780080929106236e-02,1.384005294400126804e-02,6.299674075939377671e-01,1.060316565783778742e+03,1.405931093333510091e+02,1.849380709350153591e-05,1.385627259513109912e-06,1.263407039556056267e-04,1.559423769452040198e-01,2.479419429128766335e-04,5.501227498066945526e-02,2.963612308958627904e-05,3.295800128841901939e-06,8.587961556982310331e-24,9.111053416798503352e-23,1.060373829627399436e-19,8.151301167135746399e-22,1.961344069310810918e-19,1.000387149648477844e-18,4.645899818367495507e-04,3.529760748759691591e-02,1.506072459470787201e-11,8.100927007153448022e-14,1.625094749428964454e-19,3.614501658729915236e-20,3.572210418744775219e-19,1.466608979484654230e-27,6.055353817872233083e-23,1.739324569388825700e-26,1.029687999638182003e-23,3.012838408941330760e-27,7.862821887237113876e-28,3.346672448824025801e-22,6.842840797595520430e-20,1.845361129351565743e-22,6.676955347653811040e-13,1.456713339488131336e-11,3.620483958727812658e-13,8.060444807167672153e-13,2.896088208982355042e-11,7.332514107423457653e-05,1.871258989342465771e-06,5.380120338109500858e-07,6.066869767868186990e-09,2.318034199185475037e-15,1.720716819395364141e-10,8.558202896992767743e-16,2.486012839126449637e-24,2.996219598947170233e-13,1.570709519448074605e-12,1.472000649482759552e-10,4.151594688541187710e-12,7.527803157354834296e-01,0.000000000000000000e+00,4.900982628277862681e-28,3.630044578724453365e-26,2.586104099091278990e-23,1.120756569606181978e-25
1.589062499999999850e-02,-2.505410759999999737e-01,0.000000000000000000e+00,1.185828230000000076e+03,2.884040500000000229e-01,1.771814847426250034e-02,1.350376178276545616e-02,5.532707644068840525e-01,1.015017955567289619e+03,1.420893013333271711e+02,1.781025919626396360e-05,1.167434249755108776e-06,1.109754649767208233e-04,1.582319359668079017e-01,2.179340499542842572e-04,5.375866858872311443e-02,2.990888839372605524e-05,3.568436349251454053e-06,4.377821659081669539e-24,5.187855758911750627e-23,7.266034208475814126e-20,5.271837358894133830e-22,1.560081259672743694e-19,8.911856478130571658e-19,4.437298119069193743e-04,3.404269859285890404e-02,1.234168259741110226e-11,7.497563988427246639e-14,1.307408579725746638e-19,3.338847989299614786e-20,3.115854829346391495e-19,8.525926058211529113e-28,4.618268749031232122e-23,1.722594319638653915e-26,1.347508709717335160e-23,3.941633819173169582e-27,1.011788789787758439e-27,2.305390979516401193e-22,5.539566108837971797e-20,1.615113189661199842e-22,5.110619078927951713e-13,1.233038189741347256e-11,3.130207859343380561e-13,7.405866668446481990e-13,2.338966139509358256e-11,7.092225838512274225e-05,2.144257099550202397e-06,5.199457528909317429e-07,5.844174168774075172e-09,1.733785079636306541e-15,1.642689449655415139e-10,8.395026688238986621e-16,1.497563499685858271e-24,2.813873159409737457e-13,1.476005529690380372e-12,1.397108909706930479e-10,3.700331789223786708e-12,7.530680098420299284e-01,0.000000000000000000e+00,7.314686328465607993e-28,5.755805328792612973e-26,2.265699309524727353e-23,1.056813679778313760e-25
1.593750000000000028e-02,-2.438806400000000096e-01,0.000000000000000000e+00,1.143428779999999961e+03,2.994379019999999780e-01,1.666215035340102082e-02,1.283826119973190648e-02,4.206365857960616683e-01,9.560173067204653989e+02,1.435687253333388753e+02,1.666444230536885627e-05,8.160722232629176951e-07,8.462399782726370649e-05,1.627088570524206634e-01,1.672020740538682649e-04,5.126722031651698847e-02,3.015119170971394686e-05,4.085743971316321974e-06,1.388562930447359491e-24,1.627258290524261108e-23,3.342629681076910591e-20,2.173554550700263827e-22,1.026713700330780981e-19,7.310240862355173186e-19,4.061811941308612678e-04,3.160720351018303509e-02,8.172654352633020907e-12,6.383502102056602297e-14,8.275088202666022182e-20,2.846404510917038817e-20,2.433392870783977094e-19,2.638377550850017824e-28,2.513233330809699842e-23,1.720050620554156449e-26,2.216953580714245932e-23,6.335166652041029520e-27,1.590572820512442198e-27,1.136104780366024048e-22,3.792366431221804196e-20,1.292223750416321499e-22,3.001178380966903005e-13,8.841206602848411489e-12,2.369879210763515093e-13,6.340455692042732905e-13,1.494375860481449866e-11,6.615298552131280453e-05,2.805409860903831636e-06,4.840867941559604769e-07,5.365055231728484186e-09,9.589076953089357356e-16,1.504146920484597767e-10,8.158007622628301760e-16,5.272935221698805137e-25,2.507110750807727061e-13,1.316361020424097883e-12,1.265030940407560598e-10,2.944015930948487097e-12,7.536375462428027694e-01,0.000000000000000000e+00,1.474420610475020697e-27,1.289908930415575907e-25,1.814715720584654959e-23,9.968474443211589434e-26
1.598437499999999858e-02,-2.371508559999999932e-01,0.000000000000000000e+00,1.101211009999999987e+03,3.112675380000000103e-01,1.563730305624846245e-02,1.218299875022411417e-02,3.126569289632362136e-01,9.122973364161563268e+02,1.442980693333280158e+02,1.574007029662300979e-05,5.564891778806066941e-07,6.353301798636915173e-05,1.670492589641600079e-01,1.270779619727357252e-04,4.880070168952992810e-02,2.988341529358858577e-05,4.503609299033761380e-06,4.423075149051040140e-25,4.803335948969456506e-24,1.478916499682702037e-20,8.758784998120825344e-23,7.019166518494055029e-20,6.194148778671061126e-19,3.729728839199795889e-04,2.927057349372007289e-02,5.282655928866619524e-12,5.353088568851508294e-14,5.024286498922052102e-20,2.394272419486314817e-20,1.959481109579598235e-19,4.669258458998222751e-29,8.041856138274639141e-24,1.687643939637920375e-26,3.473464289254777118e-23,9.340218317996079730e-27,2.314388659503453954e-27,5.747510898766886275e-23,2.694854659421825827e-20,1.074931639769376081e-22,1.752923989623914608e-13,6.323404408643329381e-12,1.816588609610255530e-13,5.509399178817971326e-13,9.244091048016703461e-12,6.142555878682130050e-05,3.627890159221645239e-06,4.489987969036684128e-07,4.839954168961599424e-09,5.199872948884379977e-16,1.381940309703508196e-10,7.987158158286374947e-16,1.748457129624872929e-25,2.254294579516346616e-13,1.184996429745762018e-12,1.150029759753264068e-10,2.337932759498402173e-12,7.541996908381882747e-01,0.000000000000000000e+00,2.773041679405051060e-27,2.636799759434281465e-25,1.497157779678788629e-23,9.288613258007151571e-26
1.600781249999999947e-02,-2.337688699999999897e-01,0.000000000000000000e+00,1.080215189999999893e+03,3.174949910000000042e-01,1.513673343358263972e-02,1.185952493486923387e-02,2.669397349847915657e-01,8.830884342868109798e+02,1.446333439999946506e+02,1.533928770795238205e-05,4.540449412353916055e-07,5.471944222836833420e-05,1.691676920877020207e-01,1.103638240572161821e-04,4.757821942466609194e-02,2.952023941530424768e-05,4.660191332415995009e-06,1.425510810739031072e-25,2.520653701306788561e-24,9.644081044999805100e-21,5.510085122856606309e-23,5.857440733036687656e-20,5.746903392979380627e-19,3.576620011854235773e-04,2.813973441458855057e-02,4.195993312175338950e-12,4.865103332522227480e-14,3.836086461988751332e-20,2.174971601127575610e-20,1.776152960920815205e-19,0.000000000000000000e+00,0.000000000000000000e+00,1.647814310854280556e-26,4.273120112215323934e-23,1.095007680567687422e-26,2.683695051391314735e-27,4.102802052127025537e-23,2.292110111188304299e-20,9.901569485133294896e-23,1.330714530689885414e-13,5.331077662763803370e-12,1.595344860827078279e-13,5.158188222674172733e-13,7.162257973713146740e-12,5.908054203062926648e-05,4.094428622122685087e-06,4.318552182238877699e-07,4.561926542365050485e-09,3.794782641967338262e-16,1.325293450687075185e-10,7.904447744097922268e-16,9.740479975049780591e-26,2.142348781110663191e-13,1.126940980584242799e-12,1.097343120568898247e-10,2.079698181078183191e-12,7.544780233911458911e-01,0.000000000000000000e+00,3.739363081938607396e-27,3.668425411901830762e-25,1.363116980706684173e-23,8.564757664440248423e-26
1.603125000000000036e-02,-2.303790259999999868e-01,0.000000000000000000e+00,1.059311689999999999e+03,3.239404619999999846e-01,1.464424233461565986e-02,1.153898514618312277e-02,2.266752710223430278e-01,8.541690591198308766e+02,1.448354986666602997e+02,1.497373370775813078e-05,3.677578141905412429e-07,4.697954452434085186e-05,1.712509380887278498e-01,9.568692904957693966e-05,4.636359312402172500e-02,2.899964311502517715e-05,4.779662152476419700e-06,6.755054883499902403e-26,1.310368210678922644e-24,6.217469823221370873e-21,3.465611381795589076e-23,4.928287502553424413e-20,5.361677362777971354e-19,3.431263861777792833e-04,2.703427301400689042e-02,3.308491431714182407e-12,4.397243172278282220e-14,2.889235101496959300e-20,1.963069811017097745e-20,1.622438720840611257e-19,0.000000000000000000e+00,0.000000000000000000e+00,1.590777210824207328e-26,5.193813652690998496e-23,1.255183940650330942e-26,3.043949231577118982e-27,2.951919361529436759e-23,1.965469421018341292e-20,9.178344424755447916e-23,1.009454670523014689e-13,4.488454072325539947e-12,1.405386850728153483e-13,4.843885662509694323e-13,5.497294672848236824e-12,5.675141082940381398e-05,4.592778242379591831e-06,4.150111112150239346e-07,4.276407792215675235e-09,2.755472171427654423e-16,1.271228670658643890e-10,7.827681764055647807e-16,5.357217172775660812e-26,2.038605791056234313e-13,1.073192860556038350e-12,1.047480840542716617e-10,1.848151770957556806e-12,7.547545183910504552e-01,0.000000000000000000e+00,4.968180462574094134e-27,4.983012942581778811e-25,1.243108940644074728e-23,7.468491583869545377e-26
1.605468750000000125e-02,-2.269844440000000074e-01,0.000000000000000000e+00,1.038515529999999899e+03,3.306106329999999871e-01,1.415988240755434481e-02,1.122148384736188116e-02,1.914738799416505211e-01,8.255520646924803714e+02,1.449061973333490982e+02,1.463820590293808423e-05,2.955922200593293324e-07,4.022204530807310495e-05,1.732988590347833979e-01,8.284613681662832488e-05,4.515730640906367999e-02,2.832176330568456082e-05,4.861849310975838833e-06,3.154414790633133394e-26,6.656072841335963666e-25,3.957424650794309050e-21,2.184856270438529934e-23,4.175812480838141918e-20,5.024570891008499165e-19,3.292841300660917948e-04,2.595421780520935917e-02,2.588528850519552446e-12,3.951898500793198828e-14,2.145743980430679908e-20,1.759689280353193248e-20,1.492936560299652609e-19,0.000000000000000000e+00,0.000000000000000000e+00,1.517818120304646628e-26,6.239882421252428552e-23,1.407015350282406841e-26,3.381918820678796745e-27,2.138347500429194849e-23,1.698340710340879797e-20,8.552310201716563190e-23,7.645258811534506399e-14,3.771568070757004465e-12,1.241820210249249909e-13,4.561160750915486942e-13,4.178062980838593135e-12,5.444226391092729634e-05,5.115901021026830413e-06,3.984889600799820947e-07,3.986532220800150676e-09,1.990247750399469605e-16,1.219410450244752113e-10,7.756185781556770542e-16,2.888162620579693602e-26,1.941809360389747216e-13,1.023065270205343000e-12,1.000101930200733863e-10,1.640366060329243566e-12,7.550291861515445735e-01,0.000000000000000000e+00,6.524980571309652175e-27,6.621831431329091555e-25,1.133418650227492452e-23,5.891151211182434193e-26
1.607812499999999867e-02,-2.235882050000000121e-01,0.000000000000000000e+00,1.017841319999999996e+03,3.375123230000000030e-01,1.368370529063825392e-02,1.090712109623921504e-02,1.609254840923447505e-01,7.833147334564853281e+02,1.447971413333281987e+02,1.432819210125254915e-05,2.356629350206013101e-07,3.435506950300326612e-05,1.753113260153254527e-01,7.165065000626359671e-05,4.395982400384290667e-02,2.749211080240332127e-05,4.908084070429057433e-06,9.662705340844700186e-27,3.310091590289363244e-25,2.483647050217116822e-21,1.385328710121103385e-23,3.558677520311094507e-20,4.727912440413307124e-19,3.160644290276298438e-04,2.489958020217668613e-02,2.008526400175582481e-12,3.531775490308742325e-14,1.570419180137283716e-20,1.566377780136930397e-20,1.383133420120911600e-19,0.000000000000000000e+00,0.000000000000000000e+00,1.431528360125142304e-26,7.413693400648092917e-23,1.543852960134961562e-26,3.685629060322192016e-27,1.558184600136214136e-23,1.478091240129212539e-20,8.002580500699574335e-23,5.773585120504718669e-14,3.160516840276287675e-12,1.100574650096210570e-13,4.305498580376380113e-13,3.142625650274723547e-12,5.215818380455958968e-05,5.655103890494360401e-06,3.823066230334207097e-07,3.695852710323086084e-09,1.429717500124983813e-16,1.169570720102242033e-10,7.691371030672367838e-16,1.523981410133224383e-26,1.850925690161805167e-13,9.759885680853195299e-13,9.549265980834783105e-11,1.453813490127090119e-12,7.553020360660274157e-01,0.000000000000000000e+00,8.500359770743088170e-27,8.622776740753791698e-25,1.031188980090145062e-23,3.732766670326312834e-26
1.612500000000000044e-02,-2.168008389999999952e-01,0.000000000000000000e+00,9.769044639999999617e+02,3.520419830000000028e-01,1.275603332884893068e-02,1.028814421140606533e-02,1.124744331710443301e-01,7.289434014044168180e+02,1.442197973333384482e+02,1.377320220931831369e-05,1.474244320997405540e-07,2.501388811692324389e-05,1.792296071212585162e-01,5.364471563629354800e-05,4.159290122813983498e-02,2.541891071719726262e-05,4.900992453315785535e-06,1.078762410729840804e-24,7.854278735313843603e-26,9.492056686421887345e-22,5.837427003949333932e-24,2.636737761783895530e-20,4.232642502863610509e-19,2.913003581970804285e-04,2.286613911547017569e-02,1.189639510804855185e-12,2.774640751877194080e-14,8.117653755492031084e-21,1.222535960827111619e-20,1.210916470819250328e-19,0.000000000000000000e+00,0.000000000000000000e+00,1.234813720835418052e-26,1.014046710686057297e-22,1.760001251190735900e-26,4.164093092817233302e-27,8.510435965757767707e-24,1.147703800776483548e-20,7.081677544791136086e-23,3.310783912239923658e-14,2.204909941491740696e-12,8.747283095918008964e-14,3.863578212613919148e-13,1.737534631175535990e-12,4.768308283226017934e-05,6.751123894567498630e-06,3.509985432374694605e-07,3.124307962113762810e-09,7.288288014930918229e-17,1.075154440727400021e-10,7.622262295156871805e-16,4.092407212768733865e-27,1.684214211139461677e-13,8.895132226018036339e-13,8.704493475889059324e-11,1.137197900769375754e-12,7.558423645113682143e-01,0.000000000000000000e+00,1.413906640956584074e-26,1.378589220932689798e-24,8.462810505725548812e-24,0.000000000000000000e+00
1.617187499999999875e-02,-2.100405359999999999e-01,0.000000000000000000e+00,9.366107339999999795e+02,3.675872119999999965e-01,1.186113605025311719e-02,9.682626458292736826e-03,7.733181855002096983e-02,6.889659306625754880e+02,1.434612906666612844e+02,1.327973770508473715e-05,8.967583783433637941e-08,1.816395720695487554e-05,1.830069930700723435e-01,4.018191421538542900e-05,3.926586421503468205e-02,2.288938950876421877e-05,4.788665591833553059e-06,2.175787670833096826e-27,1.736457490664879990e-26,3.454543841322725324e-22,2.659393361018266781e-24,1.978930240757721509e-20,3.824704751464457722e-19,2.683673341027563528e-04,2.093221070801482356e-02,6.843247492620241035e-13,2.137396230818397228e-14,3.981305991524419957e-21,9.310208793564828085e-21,1.079060850413166336e-19,0.000000000000000000e+00,0.000000000000000000e+00,1.023841920392023349e-26,1.335184820511234787e-22,1.882078950720637481e-26,4.431271721696709226e-27,4.255136581629268308e-24,9.113379763489461842e-21,6.312437572416997481e-23,1.885257110721854506e-14,1.512004900578938198e-12,7.036026642694055168e-14,3.490031101336313059e-13,9.248018303541013019e-13,4.337715291660886784e-05,7.790969792983118249e-06,3.211515791229671586e-07,2.585493290989970901e-09,3.641749661394405055e-17,9.864950223777233037e-11,7.597900572909193748e-16,1.027343780393364038e-27,1.532541800586801775e-13,8.105566453103575938e-13,7.923908403034020004e-11,8.815897803375557240e-13,7.563756792896120240e-01,0.000000000000000000e+00,2.327464040891172883e-26,2.066598980791289035e-24,6.711993622569984736e-24,0.000000000000000000e+00
1.619531249999999964e-02,-2.066781619999999986e-01,0.000000000000000000e+00,9.167397160000000440e+02,3.757582420000000201e-01,1.142613013704027285e-02,9.385140152588089882e-03,6.367378582518390395e-02,6.623687804748215058e+02,1.427993173333282471e+02,1.304929549687386559e-05,6.885632618350453566e-08,1.545186539629829755e-05,1.848424439557184995e-01,3.475973509167283869e-05,3.811832359086823885e-02,2.150555989484805275e-05,4.703890298873120012e-06,2.441555249415092406e-28,7.874638258113523992e-27,2.036632329512097232e-22,1.850369169556719287e-24,1.716645279588754578e-20,3.643461329127159897e-19,2.574862089383157262e-04,2.000265299520809226e-02,5.106687998776623885e-13,1.864255919553392384e-14,2.722314189347833350e-21,8.026769598077080173e-21,1.022834329754966182e-19,0.000000000000000000e+00,0.000000000000000000e+00,9.190274277798345517e-27,1.512523099637654984e-22,1.909236389542616817e-26,4.484820028925600691e-27,3.607427389135791607e-24,8.167997428043246387e-21,5.966506198570643973e-23,1.410354989662130342e-14,1.240335829702860810e-12,6.331679968483160005e-14,3.322681669204006933e-13,6.615974508415054888e-13,4.130480419010487859e-05,8.261120838020936090e-06,3.067940549265033765e-07,2.334456939440749224e-09,2.550944529388886568e-17,9.440631727738369663e-11,7.584370728183062516e-16,4.960307208811691218e-28,1.461210929649947315e-13,7.733043178147446011e-13,7.554516248190213740e-11,7.727846448148690428e-13,7.566396788187367273e-01,0.000000000000000000e+00,2.987262279284361119e-26,2.478586139406221286e-24,5.865711048594789158e-24,0.000000000000000000e+00
1.621875000000000053e-02,-2.033313029999999910e-01,0.000000000000000000e+00,8.970679509999999937e+02,3.842051830000000057e-01,1.099960344496658110e-02,9.091321164946196756e-03,5.226254141430718148e-02,6.361493024543619867e+02,1.420235093333280645e+02,1.282803120082154862e-05,5.247999250336098374e-08,1.315222980084231131e-05,1.866416840119531351e-01,3.010080590192775179e-05,3.698206420236845038e-02,2.007095010128540937e-05,4.603509430294823115e-06,1.001667470064149897e-28,3.531880020226193283e-27,1.190895150076268749e-22,1.317436000084372803e-24,1.491639590095529405e-20,3.475035070222552313e-19,2.469721130158168991e-04,1.909833630122311984e-02,3.781282490242165468e-13,1.621037900103816533e-14,1.839398480117801338e-21,6.880086850440623337e-21,9.718068910622377208e-20,6.658220010426413661e-28,0.000000000000000000e+00,8.187537640524356394e-27,1.700306390108893170e-22,1.920563080122999250e-26,4.487987690287425250e-27,2.686300580172039304e-24,7.352868600470901701e-21,5.642357120361355144e-23,1.054075000067506372e-14,1.011876950064803807e-12,5.714461800365971983e-14,3.166731530202807775e-13,4.685081000300047890e-13,3.929220480251639948e-05,8.689025110556474363e-06,2.928222730187532408e-07,2.098270330134380097e-09,1.778706720113913969e-17,9.028514770578215358e-11,7.584166860485714783e-16,2.368006830151654503e-28,1.392634680089188851e-13,7.374105830472260984e-13,7.198387660461008605e-11,6.755507750432644413e-13,7.569018590484744013e-01,0.000000000000000000e+00,3.826998510245093722e-26,2.935587040188004429e-24,5.062530690324220371e-24,0.000000000000000000e+00
1.624218750000000142e-02,-2.000026269999999884e-01,0.000000000000000000e+00,8.776067170000000033e+02,3.929357419999999768e-01,1.058160389433123599e-02,8.801249853783459434e-03,4.278211901494116676e-02,6.103187800392038298e+02,1.411356160000152329e+02,1.261444419773225321e-05,3.971473579286033324e-08,1.120547199798555044e-05,1.884045679661298101e-01,2.610131249530766903e-05,3.585746869355376648e-02,1.861366479665375100e-05,4.490790969192673752e-06,4.141972589255381976e-29,1.574982899716859481e-27,6.920402908755893565e-23,9.576174378278456125e-25,1.298121969766631842e-20,3.317440569403611154e-19,2.368014169574293292e-04,1.821918609672466827e-02,2.778842699500437482e-13,1.406384999747168812e-14,1.229262099779011136e-21,5.869117718944887512e-21,9.249238618337229496e-20,1.167036759790197454e-25,0.000000000000000000e+00,7.243757428697762509e-27,1.897661039658850374e-22,1.921533429654558914e-26,4.444979869200909329e-27,1.543648469722492541e-24,6.645058008805393459e-21,5.336724669040597253e-23,7.868715348585412893e-15,8.207100668524579570e-13,5.172035759070203552e-14,3.020763439456946266e-13,3.284754819409487483e-13,3.734370159328657810e-05,9.067587418369885000e-06,2.792378209498003687e-07,1.878669679662264542e-09,1.234376859778091284e-17,8.628110998448892169e-11,7.606391678632570583e-16,1.122800919798149736e-28,1.326588069761514410e-13,7.027663838736610741e-13,6.854823148767683315e-11,5.888138748941467387e-13,7.571622178638821588e-01,0.000000000000000000e+00,4.884162519121955951e-26,3.436340049382236501e-24,4.317880529223758659e-24,0.000000000000000000e+00
1.626562499999999883e-02,-1.966947609999999957e-01,0.000000000000000000e+00,8.583668949999999995e+02,4.019576369999999788e-01,1.017217861487358828e-02,8.515005472787821883e-03,3.494571085105567521e-02,5.848848746275285748e+02,1.401370453333275066e+02,1.240726449778772460e-05,2.985046299467751426e-08,9.558882898295603149e-06,1.901309469660987239e-01,2.266934699595794372e-05,3.474491589380480916e-02,1.716013129694026444e-05,4.368621529221053199e-06,1.585079479717372476e-29,6.875750608774019302e-28,4.013355329284399385e-23,7.086421948736456370e-25,1.131425059798261405e-20,3.169078589434937257e-19,2.269540879595329636e-04,1.736511809690371305e-02,2.027358289638512024e-13,1.218421459782749442e-14,8.133940428549677475e-22,4.986546529110874225e-21,8.813539438428503004e-20,7.899559728591469233e-28,0.000000000000000000e+00,6.369810728864232056e-27,2.103648109624909162e-22,1.915336109658486218e-26,4.360258269222544841e-27,1.568654349720301106e-24,6.026233068925493110e-21,5.047161029100066493e-23,5.867311068953830106e-15,6.616893288820174774e-13,4.693893379163056069e-14,2.883576239485844128e-13,2.280572609593362996e-13,3.546262969367684027e-05,9.391494438325450535e-06,2.660413789525634995e-07,1.676716249701033166e-09,8.525792028479809786e-18,8.239043268530936955e-11,7.660144088634158063e-16,5.256183179062797145e-29,1.262894969774819652e-13,6.692899668806623398e-13,6.523243258836874769e-11,5.116132019087769273e-13,7.574207488649481457e-01,0.000000000000000000e+00,6.180798428897932495e-26,3.978936529290535750e-24,3.642644009350498559e-24,0.000000000000000000e+00
1.628906249999999972e-02,-1.934102990000000077e-01,0.000000000000000000e+00,8.393590279999999666e+02,4.112785359999999724e-01,9.771375135971271247e-03,8.232666633360179870e-03,2.849756435254536396e-02,5.598586728667293073e+02,1.390285226666617291e+02,1.220541869871128228e-05,2.228728399764678120e-08,8.166401339137744660e-06,1.918206639797464808e-01,1.972417519791740836e-05,3.364478299644758919e-02,1.573437879833867260e-05,4.239488079552369964e-06,0.000000000000000000e+00,3.028756339680206493e-28,2.336011569753350646e-23,5.322538659438015957e-25,9.876600758957172952e-21,3.028658649680216758e-19,2.174131559770442555e-04,1.653603839825402988e-02,1.468541169844943116e-13,1.054922599888615243e-14,5.333735929436833376e-22,4.222414459554172923e-21,8.404451189112609728e-20,0.000000000000000000e+00,0.000000000000000000e+00,5.570259439411860116e-27,2.317286249755327614e-22,1.901643919799213650e-26,4.238248009552501570e-27,1.213662089871854467e-24,5.481673159421214061e-21,4.771749149496171277e-23,4.369745589538617802e-15,5.302437129440138243e-13,4.271072519549035101e-14,2.754150929709201086e-13,1.568064849834434739e-13,3.365129739644689912e-05,9.657233988980332739e-06,2.532329049732621887e-07,1.492876999842373489e-09,5.860758979381187025e-18,7.861020559169987870e-11,7.756205899181055505e-16,2.484824819737638200e-29,1.201418049873147409e-13,6.369204939327502270e-13,6.203164769345034112e-11,4.430818199532169049e-13,7.576774459200000811e-01,0.000000000000000000e+00,7.701786299186801245e-26,4.560903839518433865e-24,3.043416239678658296e-24,0.000000000000000000e+00
1.631250000000000061e-02,-1.901518180000000002e-01,0.000000000000000000e+00,8.205933619999999564e+02,4.209059809999999846e-01,9.379240239419670347e-03,7.954311508409521447e-03,2.321333307456505471e-02,5.232570630205726729e+02,1.371760426666717763e+02,1.200800140747358689e-05,1.652226521028319089e-08,6.988218214349354997e-06,1.934735591204148342e-01,1.719540491070214284e-05,3.255744672026322784e-02,1.435768530893599284e-05,4.105487862555189576e-06,0.000000000000000000e+00,1.361003810847067008e-28,1.373470630854825923e-23,4.045823122518055513e-25,8.634824645374176818e-21,2.895137791801886864e-19,2.081642481295581002e-04,1.573184280979124730e-02,1.055621380657001735e-13,9.134813775685362291e-15,3.466701722157619425e-22,3.566840972219944784e-21,8.016883734989580855e-20,0.000000000000000000e+00,0.000000000000000000e+00,4.846697383016506237e-27,2.537572141579343935e-22,1.876176671167702261e-26,4.083260252541355619e-27,9.368329305830696730e-25,4.999504393111611861e-21,4.509059872806366725e-23,3.248081952021554047e-15,4.222550762628047955e-13,3.895927552424762775e-14,2.631622081637879387e-13,1.067137660664169362e-13,3.191103881986091350e-05,9.862996046138570042e-06,2.408117731498774207e-07,1.327135800825987958e-09,4.008879192495062201e-18,7.493818114664032227e-11,7.908104114921876447e-16,1.188625340739781414e-29,1.142050380710793688e-13,6.056128043769236035e-13,5.894181583668443928e-11,3.824306552380186784e-13,7.579322994717249129e-01,0.000000000000000000e+00,9.365870625829168361e-26,5.179296023223510438e-24,2.523143841570364132e-24,0.000000000000000000e+00
1.635937499999999892e-02,-1.837216909999999925e-01,0.000000000000000000e+00,7.838213289999999915e+02,4.411134979999999928e-01,8.621040147882653992e-03,7.409827157091413569e-03,1.543792199230004103e-02,4.766894735757505828e+02,1.343974613333278114e+02,1.162424480539250938e-05,9.141270544240654049e-09,5.170372722398546388e-06,1.966687120912350151e-01,1.319982990612342888e-05,3.042260911411311108e-02,1.180639300547701008e-05,3.828277641775945646e-06,4.295777721992820418e-26,2.918335521353822166e-29,5.189440042407391634e-24,2.416686971121106417e-25,6.645531043082875485e-21,2.646157611227557879e-19,1.905017000883741382e-04,1.419713350658607931e-02,5.481653772542950747e-14,6.887177283194976321e-15,1.473843330683718908e-22,2.563714151189312387e-21,7.293952413383680032e-20,0.000000000000000000e+00,0.000000000000000000e+00,3.633733351685696839e-27,2.994670991389234136e-22,1.773248250822613566e-26,3.688651981711172767e-27,5.677804802633944876e-25,4.191025581944225826e-21,4.018157881864031280e-23,1.825735110846962143e-15,2.651770131230161694e-13,3.268702651516357859e-14,2.404967421115669227e-13,4.926827292285565404e-14,2.864368051328786141e-05,1.009600700468355896e-05,2.171182971007216054e-07,1.048393930486352078e-09,1.855322780860687861e-18,6.791145423150425343e-11,8.430240963910805667e-16,2.936543461362268665e-30,1.029336960477511517e-13,5.460543492533156807e-13,5.308169962462470605e-11,2.823047671309617650e-13,7.584364473518402372e-01,0.000000000000000000e+00,1.259486140584278130e-25,6.512569893021194315e-24,1.720430180798110834e-24,0.000000000000000000e+00
1.640625000000000069e-02,-1.774218100000000131e-01,0.000000000000000000e+00,7.481167560000000094e+02,4.626431910000000092e-01,7.897364324710626909e-03,6.881924880103270845e-03,1.027329053694209238e-02,4.318858184192072258e+02,1.311890560000049391e+02,1.125041619731621189e-05,5.024449418801416798e-09,3.856295289080081028e-06,1.997175819523573648e-01,1.022677519756040270e-05,2.834267359323885266e-02,9.580511497714568530e-06,3.548689819153459527e-06,0.000000000000000000e+00,6.726089268395490823e-30,2.261458049460528903e-24,1.473879549648406161e-25,5.118748658778922218e-21,2.416135139423630615e-19,1.738631119585249286e-04,1.275820429695652923e-02,2.819732869327352549e-14,5.224124768753784466e-15,6.215523708517286924e-23,1.838257609561483411e-21,6.618346908421193205e-20,0.000000000000000000e+00,0.000000000000000000e+00,2.683441449359864924e-27,3.466316819173109883e-22,1.465147289650489021e-26,3.210251269234194242e-27,3.488335859167857662e-25,3.533310509157128832e-21,3.567008599149089558e-23,1.030645339754139611e-15,1.633830899610249379e-13,2.764125329340617778e-14,2.198042989475656623e-13,2.228725429468337513e-14,2.565055709388105635e-05,1.010809669758871164e-05,1.949206169535016657e-07,8.295053078021214073e-10,8.408056747994257101e-19,6.129165478537887303e-11,9.182937627809410686e-16,7.542228588200801906e-31,9.240897457795582713e-14,4.903430128830286797e-13,4.762024548864018870e-11,2.051981099510499803e-13,7.589332548189563488e-01,0.000000000000000000e+00,1.334950729681547429e-25,7.946490848104363505e-24,1.165032349722081501e-24,0.000000000000000000e+00
1.645312499999999900e-02,-1.712723230000000041e-01,0.000000000000000000e+00,7.135527459999999564e+02,4.855462070000000074e-01,7.208536384388282252e-03,6.371228022047322782e-03,6.854116066534039937e-03,3.993183264115112934e+02,1.284742399999954898e+02,1.088324630775812900e-05,2.777168711979706744e-09,2.898668852066317988e-06,2.026189871444370738e-01,7.997586435701084420e-06,2.632069651876272828e-02,7.695389335485663287e-06,3.273037002333186354e-06,0.000000000000000000e+00,2.074374761478719659e-30,1.146084140816986700e-24,9.048768636450421470e-26,3.916480132791865836e-21,2.201641441569441912e-19,1.581946121127691463e-04,1.141389890813640506e-02,1.453753451036309153e-14,3.993245062846587277e-15,2.638036151880526009e-23,1.312454660935584271e-21,5.978505384261782590e-20,9.711847086923096873e-27,0.000000000000000000e+00,1.965461831401080720e-27,3.956604652820468606e-22,7.998266615701569823e-27,2.677501091908658287e-27,2.185018871557592104e-25,2.989142482130812419e-21,3.151826892246781853e-23,5.882896694193626784e-16,9.920765357072024153e-14,2.353061781677381857e-14,2.007544121431079169e-13,9.992394917123087141e-15,2.291781681633698126e-05,9.926793927076321133e-06,1.742012961241795045e-07,6.594196684700676894e-10,3.726834392656676276e-19,5.507267113925859051e-11,1.003171250715111345e-15,2.433866481734983536e-31,8.260174685888270849e-14,4.383710903124931463e-13,4.254103413032540584e-11,1.467720251046265308e-13,7.594224525413548754e-01,0.000000000000000000e+00,7.575308495400064272e-26,9.451114766737231951e-24,7.934317965655984519e-25,0.000000000000000000e+00
1.647656249999999989e-02,-1.682612079999999954e-01,0.000000000000000000e+00,6.967248059999999441e+02,4.975228159999999789e-01,6.877362632398369494e-03,6.122558544767938392e-03,5.597159742919275566e-03,3.778721145519632501e+02,1.264722773333286767e+02,1.070127240322788012e-05,2.051137520618695247e-09,2.515386050758729013e-06,2.040137190615377294e-01,7.087500392137839421e-06,2.533249260764116814e-02,6.873635822073329612e-06,3.138143960946574439e-06,0.000000000000000000e+00,1.200776860362196655e-30,8.478170242557314662e-25,7.066515172131510272e-26,3.405563561027237547e-21,2.099544630633296415e-19,1.507114210454598780e-04,1.077710710325075448e-02,1.035464280312332442e-14,3.497348851054923703e-15,1.706997530514890440e-23,1.101725400332319209e-21,5.670238021710344262e-20,3.273984840987548818e-29,0.000000000000000000e+00,1.671418970504158774e-27,4.201968721267461571e-22,2.779010980838247433e-27,2.651568530799806701e-27,1.694623370511157988e-25,2.750554720829664320e-21,2.957223430892002783e-23,4.422713091334045902e-16,7.650859052307768259e-14,2.174736950655977197e-14,1.917565610578405081e-13,6.609467321993648115e-15,2.164324870652836307e-05,9.775262942948561562e-06,1.643940200495870319e-07,5.887660111775925537e-10,2.455800810740755970e-19,5.211307471571913542e-11,1.041064520314021835e-15,1.710200090515856548e-31,7.796218542351612746e-14,4.137716731248080778e-13,4.014129661210802613e-11,1.232342240371717749e-13,7.596640682291413427e-01,0.000000000000000000e+00,0.000000000000000000e+00,4.429497691336092339e-24,6.542626951973486375e-25,0.000000000000000000e+00
1.650000000000000078e-02,-1.652970139999999921e-01,0.000000000000000000e+00,6.802150699999999688e+02,5.098512729999999937e-01,6.555204789107391648e-03,5.878523105423597885e-03,4.576155583345812780e-03,3.468875402082347250e+02,1.232717013333374041e+02,1.052019380504242106e-05,1.516786430727008948e-09,2.186356701047939837e-06,2.053703540984358200e-01,6.295013833017256146e-06,2.436025981167608614e-02,6.130403702938356524e-06,3.005602371440611602e-06,9.943828824766165245e-30,5.295610532538233853e-31,6.389389543062490709e-25,5.507043752639574943e-26,2.948411791413199799e-21,2.002013350959582538e-19,1.434618660687625512e-04,1.016406460487172606e-02,7.377028063535875974e-15,3.069929551471444352e-15,1.107423470530797886e-23,9.223857644421076330e-22,5.369742152573765008e-20,0.000000000000000000e+00,0.000000000000000000e+00,1.417939070679630870e-27,4.446651692131318680e-22,4.261822942042729586e-27,2.612008261251958544e-27,4.606221052207802393e-27,2.532003131213611742e-21,2.771184571328253721e-23,3.330726171596446595e-16,5.877163032816975434e-14,2.012569520964642515e-14,1.830907790877570247e-13,4.360616502090082319e-15,2.042833870979148480e-05,9.587256594595257037e-06,1.549576240742725501e-07,5.266565772524310713e-10,1.608722000771074466e-19,4.925461542360817389e-11,1.073724220514645608e-15,1.260496130604167139e-31,7.349906163522874296e-14,3.901012361869789454e-13,3.783469931813450870e-11,1.030776340494060156e-13,7.599035493642284367e-01,0.000000000000000000e+00,2.875181841378100211e-26,4.018520401926112432e-24,5.411053072593566045e-25,0.000000000000000000e+00
1.654687499999999908e-02,-1.595186530000000102e-01,0.000000000000000000e+00,6.481779930000000149e+02,5.355739210000000083e-01,5.937870168403067139e-03,5.404630752795096769e-03,3.081564208212215009e-03,3.080861550884230269e+02,1.186983466666626157e+02,1.016029570190600287e-05,8.534639321601041037e-10,1.665283340312396007e-06,2.079696560390137117e-01,5.010436520939924345e-06,2.246526300421433295e-02,4.865348550912706762e-06,2.748366920515575068e-06,1.604722210301035182e-26,2.342239540439388465e-31,3.756404450704676413e-25,3.326257200623983980e-26,2.178961340408758587e-21,1.816206880340707954e-19,1.296483230243211616e-04,9.007724631689788958e-03,3.840232540720401998e-15,2.386982090447781909e-15,4.828240420905745482e-24,6.457374631211359948e-22,4.792029950898952913e-20,0.000000000000000000e+00,0.000000000000000000e+00,1.015996660190594258e-27,4.932687990925338696e-22,4.419850710829134909e-27,2.363824430443437779e-27,8.697372541631569134e-26,2.147530070402862347e-21,2.423803870454689644e-23,1.943518180364591007e-16,3.480955810653003863e-14,1.730979280324720104e-14,1.666892730312697828e-13,1.930458290362140924e-15,1.816880860340834482e-05,9.116790371710249423e-06,1.371732510257327724e-07,4.246518940796618323e-10,6.794883481274674854e-20,4.383663710822346255e-11,1.118157300209758611e-15,4.177445020783660779e-32,6.508890291221023730e-14,3.454833100648103183e-13,3.349303400628306905e-11,7.153967631342036874e-14,7.603758341426413159e-01,0.000000000000000000e+00,4.840001870907951881e-26,3.315668990621997569e-24,3.763793970706062888e-25,0.000000000000000000e+00
1.659375000000000086e-02,-1.539546679999999890e-01,0.000000000000000000e+00,6.174936840000000302e+02,5.627233270000000509e-01,5.356085363636621695e-03,4.949919459275471494e-03,2.085560911846237164e-03,2.714634348515400575e+02,1.136487893333371488e+02,9.802318612060082070e-06,4.851469641019598382e-10,1.275342210268029289e-06,2.104188870442222081e-01,4.019386650844725278e-06,2.063813710433736598e-02,3.846943320808484460e-06,2.502786260525992762e-06,1.311496830275627699e-27,8.373993761759901079e-32,2.233452150469388714e-25,1.976972330415485873e-26,1.573572080330706394e-21,1.641655810345014872e-19,1.167117320245284650e-04,7.941150001668933339e-03,2.009308820422282095e-15,1.868792310392750691e-15,2.143695000450524580e-24,4.459335540937185499e-22,4.246493850892454889e-20,0.000000000000000000e+00,0.000000000000000000e+00,7.217438541516836719e-28,5.407258511136403628e-22,3.690691530775646041e-27,2.088020920438824512e-27,5.720031711202138045e-26,1.819266930382342353e-21,2.107478980442913830e-23,1.147544740241171336e-16,2.039356420428596732e-14,1.494321970314051041e-14,1.513798070318143921e-13,8.498309731786028702e-16,1.611540620338685907e-05,8.554087691797750351e-06,1.207882190253851900e-07,3.446244260724272143e-10,2.795221890587451530e-20,3.880644140815567165e-11,1.124249190236275303e-15,1.716804950360808547e-32,5.733967231205066199e-14,3.043618120639655168e-13,2.949708360619918698e-11,4.889360161027561583e-14,7.608388761598999794e-01,0.000000000000000000e+00,4.864171001022267162e-26,2.734477770574685373e-24,2.642627930555382259e-25,0.000000000000000000e+00
1.664062499999999917e-02,-1.486273810000000029e-01,0.000000000000000000e+00,5.882292860000000019e+02,5.912662829999999481e-01,4.809973070310572842e-03,4.515078065364806076e-03,1.418227148832581662e-03,2.371277033099755727e+02,1.081196159999962418e+02,9.445712437115446515e-06,2.786462899149063077e-10,9.814164807002926409e-07,2.127176019350398017e-01,3.247455239008284596e-06,1.888240409423364713e-02,3.032619369073891602e-06,2.269689379306876822e-06,0.000000000000000000e+00,9.309701937156981003e-32,1.322451239596146821e-25,1.155297709647192513e-26,1.110723919660804439e-21,1.477777819548712780e-19,1.046333659680468141e-04,6.962308257873833783e-03,1.056176829677462303e-15,1.471416659550655525e-15,9.738309407026092187e-25,3.032957089073788439e-22,3.735750348859167877e-20,0.000000000000000000e+00,0.000000000000000000e+00,5.090449148445465768e-28,5.865555718208762571e-22,2.828426919136248463e-27,1.798177459450868231e-27,3.696242138871232835e-26,1.537547109530460287e-21,1.820949409443914143e-23,6.856454857906158822e-17,1.183110369638698888e-14,1.293945439604851847e-14,1.370687569581416327e-13,3.720967518863681905e-16,1.425159589564781428e-05,7.928701107578713971e-06,1.057691769676999661e-07,2.811267199141488463e-10,1.119536679658113347e-20,3.415934698956833415e-11,1.092104859666490365e-15,1.917467689414439120e-32,5.023442378465929612e-14,2.666522999185691019e-13,2.583636839211002698e-11,3.292759218994449365e-14,7.612917887675149098e-01,0.000000000000000000e+00,4.232579848707444722e-26,2.250322959312790709e-24,1.869325509429141048e-25,0.000000000000000000e+00
1.668750000000000094e-02,-1.435592739999999867e-01,0.000000000000000000e+00,5.604483679999999595e+02,6.211318350000000210e-01,4.299565120128442768e-03,4.100795936664930474e-03,9.686585958913805725e-04,2.051820792543268794e+02,1.021161813333365842e+02,9.090247903507241059e-06,1.615606880623341002e-10,7.584888762926437523e-07,2.148657220829005010e-01,2.640665951018834013e-06,1.720164570663682002e-02,2.384789980920110810e-06,2.049555350790769059e-06,0.000000000000000000e+00,0.000000000000000000e+00,7.759451432993788637e-26,6.647097032564614502e-27,7.681413742963679024e-22,1.324195490510907228e-19,9.339675653603477141e-05,6.068883042341524994e-03,5.568729262148553397e-16,1.163649260448964625e-15,4.551553371756101538e-25,2.032227450784083634e-22,3.262270661258664791e-20,0.000000000000000000e+00,0.000000000000000000e+00,3.569471561377190163e-28,6.303497602432045284e-22,2.083180130803742678e-27,1.506828360581371726e-27,2.391612500922743517e-26,1.295062270499667228e-21,1.562959420603028406e-23,4.142921141598441040e-17,6.800100672623647315e-15,1.123223100433367258e-14,1.236888770477222175e-13,1.619691260624916890e-16,1.256245630484690536e-05,7.266390482803552623e-06,9.207825183552606718e-08,2.301945210888147453e-10,4.366977511684888215e-21,2.988962281153215954e-11,1.028958390396997755e-15,0.000000000000000000e+00,4.375486141688170397e-14,2.322606520896118934e-13,2.250017080868112310e-11,2.187109030843840578e-14,7.617335072938955509e-01,0.000000000000000000e+00,3.453631561332496382e-26,1.845390220711997358e-24,1.330047100513164883e-25,0.000000000000000000e+00
1.673437499999999925e-02,-1.387725780000000075e-01,0.000000000000000000e+00,5.342091239999999743e+02,6.522044540000000445e-01,3.824781206325792143e-03,3.707746957518105648e-03,6.642180236563168709e-04,1.757198845343632740e+02,9.565565866666318584e+01,8.735951690935178339e-06,9.447472821011346584e-11,5.885273880630015605e-07,2.168636290232151542e-01,2.159556490231179401e-06,1.559943730166991199e-02,1.871542610200347625e-06,1.842644310197254021e-06,1.904452250203870589e-27,1.060365310113511576e-32,4.512097100483017898e-26,3.775630860404179884e-27,5.223714250559195843e-22,1.182518560126587894e-19,8.298617080888363330e-05,5.258246500562892625e-03,2.940583220314787905e-16,9.231858140988264859e-16,2.204671210236008955e-25,1.342961460143763360e-22,2.827795570302714224e-20,0.000000000000000000e+00,0.000000000000000000e+00,2.491905200266756908e-28,6.717719500719128199e-22,1.503870950160988574e-27,1.222468500130864816e-27,1.548650650165782452e-26,1.086154520116272323e-21,1.332206430142612084e-23,2.529000040270728008e-17,3.873296620414635413e-15,9.769942701045866917e-15,1.111923660119030850e-13,7.008927800750301663e-17,1.103463000118125157e-05,6.589067700705356821e-06,7.967267770852891996e-08,1.889624210202283475e-10,1.660992030177808391e-21,2.599016250278223393e-11,9.447536041011353605e-16,7.645171890818411934e-33,3.788079250405511534e-14,2.010812970215256538e-13,1.947717090208502062e-11,1.434536790153566390e-14,7.621627990815891263e-01,0.000000000000000000e+00,2.721268010291310204e-26,1.506329600161251840e-24,9.508716761017903795e-26,0.000000000000000000e+00
1.678125000000000103e-02,-1.342887190000000008e-01,0.000000000000000000e+00,5.095622280000000046e+02,6.843183999999999934e-01,3.385404794853604220e-03,3.336567925004601046e-03,4.570790801943802086e-04,1.488173238269973524e+02,8.876902400000321336e+01,8.383060704702148820e-06,5.568782513123590242e-11,4.583840332571125871e-07,2.187122691226780768e-01,1.775030150995633702e-06,1.407925590789720766e-02,1.466398690822518928e-06,1.649073130924983015e-06,0.000000000000000000e+00,0.000000000000000000e+00,2.605416191461406584e-26,2.123810961191268473e-27,3.507140531967192997e-22,1.049750950588816673e-19,7.338534324116264120e-05,4.527434392539486478e-03,1.553460020871352533e-16,7.339205784116640624e-16,1.115851250625893277e-25,8.766630704917298562e-23,2.433197381364806986e-20,0.000000000000000000e+00,0.000000000000000000e+00,1.734516290972908973e-28,7.105566443985590006e-22,1.074309320602591758e-27,9.577418125372077546e-28,1.001580860561797717e-26,9.063324315083717360e-22,1.127312810632322106e-23,1.557902970873844449e-17,2.187106101226771465e-15,8.511782904774352556e-15,9.954538835583609521e-14,3.017956551692804898e-17,9.656146515416236262e-06,5.914957653317763276e-06,6.850445853842489337e-08,1.553454950871349755e-10,6.175076023463667392e-22,2.245220481259368623e-11,8.490383164762348499e-16,1.178706870661149430e-29,3.258977071827995517e-14,1.729959500970353233e-13,1.675517440939815642e-11,9.305684015219660139e-15,7.625782834277383682e-01,0.000000000000000000e+00,2.098370171176998936e-26,1.222780380685870826e-24,6.827345803829532079e-26,0.000000000000000000e+00
1.682812499999999933e-02,-1.301276710000000003e-01,0.000000000000000000e+00,4.865484559999999874e+02,7.172543129999999767e-01,2.981058909472331184e-03,2.987831652884324982e-03,3.155510228740845860e-04,1.245263118132171911e+02,8.150271999999708328e+01,8.031987952359240915e-06,3.308562200971825914e-11,3.583678261052635909e-07,2.204132580647421291e-01,1.465443300430445552e-06,1.264436320371403570e-02,1.147666560337104787e-06,1.468857940431448438e-06,1.864423700547638464e-26,1.445040770424452691e-33,1.498329390440105407e-26,1.187291380348743973e-27,2.334812680685805968e-22,9.266475822721847534e-20,6.457641291896806064e-05,3.873127011137655982e-03,8.206101832410381883e-17,5.840779001715615686e-16,5.942600861745524817e-26,5.662188421663157518e-23,2.078381070610484176e-20,0.000000000000000000e+00,0.000000000000000000e+00,1.205722230354157418e-28,7.465081172192723074e-22,7.633475022242184604e-28,7.160625902103294647e-28,6.464137701898715669e-27,7.519341662208660919e-22,9.468134472781079366e-24,9.675296722841929620e-18,1.225108010359851786e-15,7.425059742180967736e-15,8.872363712606085099e-14,1.295624100380564419e-17,8.416196162472094916e-06,5.258848761544685075e-06,5.852012101718915006e-08,1.278003300375388882e-10,2.251442710661317459e-22,1.926509610565875039e-11,7.495188042201565809e-16,2.091392280614306154e-26,2.785687030818241490e-14,1.478727620434347572e-13,1.432092010420649290e-11,5.981141171756845088e-15,7.629784692241101673e-01,0.000000000000000000e+00,1.594202420468266152e-26,9.864273602897438344e-25,4.923632241446221487e-26,0.000000000000000000e+00
1.687500000000000111e-02,-1.263072309999999920e-01,0.000000000000000000e+00,4.651962560000000053e+02,7.507392139999999880e-01,2.611182319002459517e-03,2.662015129391590105e-03,2.184950907850295330e-04,1.028677094958051015e+02,7.391940266666927073e+01,7.683295280991094209e-06,1.981956700255659678e-11,2.812660000362815169e-07,2.219689830286325494e-01,1.214550140156669078e-06,1.129766420145732544e-02,8.977058921157981757e-07,1.301936270167941268e-06,1.883732990242989359e-30,0.000000000000000000e+00,8.606967051110242460e-27,6.619087960853819121e-28,1.547583640199628036e-22,8.130673881048804282e-20,5.653903540729316113e-05,3.291639800424600148e-03,4.334698400559148064e-17,4.649295430599728416e-16,3.340295930430877114e-26,3.624233510467502626e-23,1.762454690227345188e-20,0.000000000000000000e+00,0.000000000000000000e+00,8.385054101081616746e-29,7.794986031005502359e-22,5.419512110699081288e-28,5.004138960645501030e-28,4.160149890536632111e-27,6.198913380799619325e-22,7.891497051017951754e-24,6.054208990780953873e-18,6.815767280879189236e-16,6.483294500836302666e-15,7.870864551015289934e-14,5.562282400717497978e-18,7.304896170942283934e-06,4.632371440597544955e-06,4.966062110640589887e-08,1.051577840135646656e-10,8.080475871042328909e-23,1.641610990211757263e-11,6.517618580840730334e-16,3.472023310447868384e-29,2.365458030305128660e-14,1.255659450161972010e-13,1.215996480156855634e-11,3.817309770492408299e-15,7.633618080984686527e-01,0.000000000000000000e+00,1.197734190154499972e-26,7.903907831019552867e-25,3.567967820460244770e-26,0.000000000000000000e+00
1.692187499999999942e-02,-1.228422589999999953e-01,0.000000000000000000e+00,4.455194609999999784e+02,7.844509610000000022e-01,2.275007006109318677e-03,2.359464750397772485e-03,1.517209925578558562e-04,8.382304694297799585e+01,6.609700266666415303e+01,7.337668879171064593e-06,1.197822949864682063e-11,2.216647549749585608e-07,2.233826989747644820e-01,1.010042829885895562e-06,1.004154999886560685e-02,7.022429219206677200e-07,1.148176289870290712e-06,9.999602238870345917e-27,1.803032279796311550e-33,4.952117349440560158e-27,3.691661269582953292e-28,1.025128749884191367e-22,7.088483569199215919e-20,4.924967049443627399e-05,2.778927309686065033e-03,2.290778239741210980e-17,3.699136509582109150e-16,1.976947839776664602e-26,2.302501049739886965e-23,1.483868519832367844e-20,0.000000000000000000e+00,0.000000000000000000e+00,5.844942419339698708e-29,8.094656509085547713e-22,3.906379119558696769e-28,3.123198639647172679e-28,2.668799559698506233e-27,5.075629029426606727e-22,6.526752479262673136e-24,3.816433449568857827e-18,3.773066739573757241e-16,5.664846249360043320e-15,6.948468459215032283e-14,2.397291959729178494e-18,6.313072509286813693e-06,4.044279979543118245e-06,4.186146199527091758e-08,8.651100269022685538e-11,2.886481499673914231e-23,1.389034029843081024e-11,5.594464449367994207e-16,0.000000000000000000e+00,1.995282269774593032e-14,1.059159669880346889e-13,1.025664789884130810e-11,2.425081189726038998e-15,7.637267549137218836e-01,0.000000000000000000e+00,8.918398298992489994e-27,6.288306659289611748e-25,2.599774469706303754e-26,0.000000000000000000e+00
1.696875000000000119e-02,-1.197439619999999955e-01,0.000000000000000000e+00,4.275153849999999807e+02,8.180278309999999831e-01,1.971542428579600367e-03,2.080360654406623790e-03,1.056477414693622136e-04,6.732945028028930778e+01,5.812704000000196913e+01,6.995894996899837263e-06,7.309442946760891674e-12,1.754718579222413818e-07,2.246585959004447353e-01,8.425071836266511643e-07,8.877732906065919499e-03,5.497791587563707822e-07,1.007377789553590332e-06,0.000000000000000000e+00,1.190922289472254515e-33,2.860503268732396140e-27,2.065647859084628040e-28,6.808056996983076255e-23,6.137899537280049858e-20,4.268106768108630112e-05,2.330604478967215291e-03,1.212253069462801806e-17,2.940267818697049239e-16,1.223182629457958645e-26,1.454056019355649431e-23,1.240567119450254865e-20,0.000000000000000000e+00,0.000000000000000000e+00,4.092010398186665995e-29,8.364084586293538563e-22,3.153335728602629770e-28,1.520140189326364924e-28,1.706060009243976165e-27,4.126196188171516424e-22,5.356689567626235120e-24,2.424402228925649903e-18,2.083635359076657508e-16,4.951892707805617329e-15,6.103616147295241875e-14,1.042000439538247675e-18,5.432070007592831783e-06,3.500732468448684615e-06,3.505307908446657382e-08,7.114195676847414806e-11,1.028415809544267641e-23,1.167069569482824495e-11,4.747773777896070835e-16,0.000000000000000000e+00,1.671910999259109058e-14,8.875044496067110848e-14,8.594139066191591393e-12,1.537588169318632967e-15,7.640718466614090376e-01,0.000000000000000000e+00,6.591200117079175494e-27,4.966914007798961754e-25,1.905132949155759184e-26,0.000000000000000000e+00
1.701562499999999950e-02,-1.170192570000000015e-01,0.000000000000000000e+00,4.111635329999999726e+02,8.510832400000000186e-01,1.699567533919251611e-03,1.824683823747986610e-03,7.377380144923316408e-05,5.327824114084550899e+01,5.011065599999800213e+01,6.658834213619939186e-06,4.507744572450543879e-12,1.395767200758780285e-07,2.258018331227525655e-01,7.046709693830800115e-07,7.807089954244165152e-03,4.310952722343561136e-07,8.792679824779960412e-07,2.771107381506456037e-30,2.430257071321159654e-30,1.661940340903479794e-27,1.162343320631884327e-28,4.544888202470735854e-23,5.276406362868410768e-20,3.680197942000664716e-05,1.941987671055721894e-03,6.431371103496283387e-18,2.334014491268839592e-16,7.835866304259808529e-27,9.140846604969235382e-24,1.030126000560006977e-20,0.000000000000000000e+00,0.000000000000000000e+00,2.883057131567315738e-29,8.603829474677295807e-22,4.205426292286193919e-28,1.860682941011522261e-29,1.087653490591280729e-27,3.329660551810101872e-22,4.363554932372157291e-24,1.553064440844291809e-18,1.151585530626036128e-16,4.329657312353730518e-15,5.334549712900019384e-14,4.590629082495601551e-19,4.653599102529834493e-06,3.005571171633917127e-06,2.916152671585306832e-08,5.847307493178769202e-11,3.697778642010221503e-24,9.738012085293872165e-12,3.988806582168433428e-16,0.000000000000000000e+00,1.391885320756670053e-14,7.388580764016651145e-14,7.154574343889438257e-12,9.756599255303975079e-16,7.643957854155482012e-01,0.000000000000000000e+00,4.840701182631548577e-27,3.895389442117649108e-25,1.403534440763002925e-26,0.000000000000000000e+00
1.706250000000000128e-02,-1.146703200000000061e-01,0.000000000000000000e+00,3.964251300000000242e+02,8.832247389999999809e-01,1.457631129238962228e-03,1.592189444724411524e-03,5.166837647614039026e-05,4.151497820140480854e+01,4.215413333333496126e+01,6.327393573921954764e-06,2.811979061742969154e-12,1.116051000691770133e-07,2.268185381405905809e-01,5.908600863662371204e-07,6.829530334233197865e-03,3.388382572100245843e-07,7.634952124732427835e-07,9.028813485596394581e-27,1.197061100741983116e-33,9.724841056027818138e-28,6.589758054084577765e-29,3.055804321894101510e-23,4.500902732789827830e-20,3.157713151957268418e-05,1.608156320996795242e-03,3.425468202123232871e-18,1.850100831146761355e-16,5.147586583190666857e-27,5.728328723550632057e-24,8.498696035267808652e-21,0.000000000000000000e+00,0.000000000000000000e+00,2.048246581269579721e-29,8.814952905463837335e-22,1.238949700767947253e-27,0.000000000000000000e+00,6.903839234279256354e-28,2.666906181653047983e-22,3.529319852187603804e-24,1.004043320622343333e-18,6.393759103963091199e-17,3.785810622346587228e-15,4.639149972875518205e-14,2.060537281277197823e-19,3.969623842460520756e-06,2.560608161587160649e-06,2.410947661494395487e-08,4.803456592977361351e-11,1.329748500824227684e-24,8.071298965002890970e-12,3.321233612058624408e-16,1.860326521153099724e-26,1.151582160713793606e-14,6.112974923789049910e-14,5.919276123668987616e-12,6.212950493851019182e-16,7.646975114739881230e-01,0.000000000000000000e+00,3.536855562192274620e-27,3.034587871880951074e-25,1.052317830652265821e-26,0.000000000000000000e+00
1.710937499999999958e-02,-1.126943450000000013e-01,0.000000000000000000e+00,3.832435909999999808e+02,9.140754930000000167e-01,1.244066812785388308e-03,1.382390579958066648e-03,3.630097456986616805e-05,3.184555480313488118e+01,3.436328533333217194e+01,6.002496848554737253e-06,1.775870369572411395e-12,8.973972237839274446e-08,2.277157439451713006e-01,4.966034478804292827e-07,5.943905318568844243e-03,2.671778349356697756e-07,6.596231758411779406e-07,0.000000000000000000e+00,0.000000000000000000e+00,5.736319118618826001e-28,3.769188139092466642e-29,2.071989309501112817e-23,3.807672289083200043e-20,2.696746659350685434e-05,1.324033729681203114e-03,1.834439639558309129e-18,1.464556649647368664e-16,3.439930329171744181e-27,3.583383169137203719e-24,6.969731468321850339e-21,0.000000000000000000e+00,0.000000000000000000e+00,1.469979069646062914e-29,8.998932017833265256e-22,5.119982558767226123e-27,0.000000000000000000e+00,4.375599538946456583e-28,2.120365819489464700e-22,2.835997969317157145e-24,6.554260548421885006e-19,3.580561099137883422e-17,3.309999369203028678e-15,4.014826999033322303e-14,9.470536497719712846e-20,3.372293289188029452e-06,2.165919519478496599e-06,1.981749719522840305e-08,3.944141679050341600e-11,4.509604018914191116e-25,6.648115918399286746e-12,2.743553839339415352e-16,0.000000000000000000e+00,9.472738437719182696e-15,5.028440408789267685e-14,4.869049248827644864e-12,3.980772749041521669e-16,7.649762758158112907e-01,0.000000000000000000e+00,2.574256609380178430e-27,2.349927629434191657e-25,7.861665688107092925e-27,0.000000000000000000e+00
1.715625000000000136e-02,-1.110835659999999947e-01,0.000000000000000000e+00,3.715459460000000149e+02,9.432958200000000071e-01,1.057019836228712548e-03,1.194554921161691645e-03,2.559251731019378132e-05,2.404611689837722466e+01,2.683780266666758507e+01,5.685054058515979436e-06,1.136254349703393366e-12,7.258736358105187646e-08,2.285012759403522720e-01,4.183448148907957170e-07,5.147974028656178598e-03,2.115197719447850961e-07,5.671281438519574483e-07,8.932069417668380701e-28,1.864086729513400785e-31,3.412791619109128112e-28,2.176938739431734311e-29,1.417761479629909242e-23,3.192412049166656552e-20,2.293065599401420467e-05,1.084482629716907853e-03,9.893145457417502780e-19,1.158221149697659103e-16,2.353748909385579823e-27,2.240076639415252601e-24,5.685516558515859281e-21,3.201821909164200236e-31,0.000000000000000000e+00,1.067387989721370172e-29,9.157524397609530293e-22,2.173902129432527119e-26,0.000000000000000000e+00,2.766170579277921934e-28,1.673880409563051961e-22,2.265988819408488650e-24,4.319110778872543467e-19,2.029063959470335302e-17,2.893471909244691035e-15,3.458466169097205441e-14,4.477556538831183134e-20,2.853914889255017073e-06,1.820147419524870647e-06,1.620554509576972083e-08,3.237646469154848267e-11,1.907061449502182768e-25,5.445060718578626630e-12,2.250875439412433754e-16,0.000000000000000000e+00,7.751981507976431282e-15,4.115006628925822383e-14,3.984533688959881586e-12,2.572158399328566723e-16,7.652316918002446400e-01,0.000000000000000000e+00,1.869386469512017617e-27,1.810991009527260711e-25,6.004832778432504862e-27,0.000000000000000000e+00
1.720312499999999967e-02,-1.098255439999999972e-01,0.000000000000000000e+00,3.612451490000000263e+02,9.706020800000000337e-01,8.944841384950576223e-04,1.027716219433386742e-03,1.811285688030380204e-05,1.559712956076107915e+01,1.664630399999998644e+01,5.375931698389542044e-06,7.366753297793155609e-13,5.907915418230177134e-08,2.291835959313438809e-01,3.532315848941831116e-07,4.438433588670386183e-03,1.682665109495927320e-07,4.854011218545893105e-07,0.000000000000000000e+00,6.942520797920241670e-28,2.048829789386235536e-28,1.270245449619475071e-29,9.791965267066638277e-24,2.650287009206058784e-20,1.942184659418183209e-05,8.844089527350592955e-04,5.378958228388634733e-19,9.156613127256970082e-17,8.301025867513277723e-26,1.399412869580780523e-24,4.617387188616777895e-21,1.165187809650946796e-35,0.000000000000000000e+00,7.851544997647927692e-30,9.292489567216265965e-22,8.878716277340219368e-26,0.000000000000000000e+00,1.775954379467980571e-28,1.312654989606770310e-22,1.802418029460052624e-24,2.868259899140760542e-19,1.159855189652544284e-17,2.528778919242458688e-15,2.966429279111351993e-14,2.185124869345406170e-20,2.406964889278949974e-06,1.520805369544414975e-06,1.319456429604732913e-08,2.657746789203823700e-11,7.488312577756740345e-26,4.438333968670416380e-12,1.836221319449926695e-16,7.823154317656432482e-28,6.316336998107826547e-15,3.352919568995571787e-14,3.246587599027425866e-12,1.679044359497011803e-16,7.654637567706914503e-01,0.000000000000000000e+00,1.357202609593425340e-27,1.391246319583226937e-25,4.436526678670958208e-27,0.000000000000000000e+00
1.729687499999999975e-02,-1.082649529999999971e-01,0.000000000000000000e+00,3.443348520000000121e+02,1.018991229999999915e+00,6.326787274259518474e-04,7.506616578054503162e-04,9.248130712568002551e-06,8.549835920711876369e+00,5.018058666666671996e+00,4.785518208918260951e-06,3.251178279265089550e-13,4.021326779091001977e-08,2.302818919479460713e-01,2.543047049425159122e-07,3.254502259264338559e-03,1.088330269753989185e-07,3.504541679207818226e-07,2.739562399380737895e-26,0.000000000000000000e+00,7.922635978209134597e-29,4.693915868938966700e-30,5.035535408861745889e-24,1.890027009572770095e-20,1.376480669688854482e-05,5.801004108688716460e-04,1.646802789627749385e-19,5.728978028704997180e-17,7.554478268292352650e-28,5.713603688708472953e-25,3.002617679321275673e-21,0.000000000000000000e+00,0.000000000000000000e+00,4.435366048997410823e-30,9.499500567852690854e-22,7.445764798316926654e-25,0.000000000000000000e+00,6.948034088429437573e-29,7.873988758220129725e-23,1.123991379745927991e-24,1.385465429686823255e-19,4.198392489050977081e-18,1.931182469563467552e-15,2.154135469513070046e-14,5.812279778686167638e-21,1.694058629617067704e-06,1.042715859764299874e-06,8.627134198049885167e-09,1.793669869594551178e-11,1.326336549700189294e-26,2.904780139343391126e-12,1.201073509728504121e-16,3.318657019249836877e-32,4.135990269065083404e-15,2.195519909503715144e-14,2.125875529519458056e-12,7.849680208225624481e-17,7.658614558268813655e-01,0.000000000000000000e+00,7.186061458375631878e-28,8.121755238164123879e-26,0.000000000000000000e+00,0.000000000000000000e+00
1.739062499999999983e-02,-1.077945099999999962e-01,0.000000000000000000e+00,3.315051109999999994e+02,1.059015690000000065e+00,4.388424017902729790e-04,5.376150621629748223e-04,4.737012205550210410e-06,4.461294124225466895e+00,-4.856106666666651250e+00,4.235340821054501150e-06,1.495360190372309814e-13,2.790026110694651443e-08,2.310941360575370362e-01,1.837702580457544897e-07,2.339065970582372700e-03,7.115362961771559232e-08,2.475878860616436333e-07,4.705541371171569352e-28,3.753822920934614033e-35,1.885300400469395717e-29,1.820410580453240041e-30,2.714067560675739412e-24,1.238604560308383529e-20,9.567850212382171668e-06,3.710708010923879376e-04,5.154452611283338137e-20,3.531949130879372233e-17,3.098832990771536795e-28,2.323689660578544447e-25,1.902576740473697153e-21,0.000000000000000000e+00,0.000000000000000000e+00,2.616849530651534392e-30,9.603219292390975971e-22,6.071343221511622505e-24,0.000000000000000000e+00,2.655872380661250388e-29,4.460907221110661838e-23,6.809000441695282692e-25,6.997070371742107344e-20,1.615474620402215366e-18,1.467837450365457238e-15,1.533693540381853834e-14,1.753887230436676948e-21,1.170677300291471341e-06,6.961839581733335818e-07,5.500309021369448149e-09,1.200001540298772282e-11,2.731454010680068185e-27,1.851149390460892895e-12,7.639288541902002905e-17,4.966136471236452299e-35,2.641069190657564757e-15,1.401966590349056912e-14,1.357487830337982549e-12,3.846273450957631878e-17,7.661795211907607150e-01,0.000000000000000000e+00,3.684134100917263132e-28,4.598117891144824058e-26,0.000000000000000000e+00,0.000000000000000000e+00
1.748437499999999992e-02,-1.082497699999999952e-01,0.000000000000000000e+00,3.219961480000000051e+02,1.090751309999999918e+00,2.988234871953146716e-04,3.779075360315081603e-04,2.426617853466962541e-06,2.226120838761119103e+00,-1.291378133333330780e+01,3.728539202315542296e-06,7.134445054430720480e-14,1.965861121220862933e-08,2.316799841438807184e-01,1.330795710826467021e-07,1.649394691024327160e-03,4.686622402910543133e-08,1.712577961063565920e-07,1.960604651217598374e-26,1.773834061101608094e-31,0.000000000000000000e+00,7.613527764728246339e-31,1.575635380978520088e-24,8.197112765090672108e-21,6.526559204053202287e-06,2.315495361437996870e-04,1.646116721022291482e-20,2.141327881329833220e-17,0.000000000000000000e+00,9.389968005831471358e-26,1.175102860729776732e-21,0.000000000000000000e+00,0.000000000000000000e+00,1.562794430970545461e-30,9.360455275813142257e-22,4.437050782755550929e-23,0.000000000000000000e+00,9.454718925871685173e-30,2.316058211438346792e-23,4.006906842488417933e-25,3.677966192284134939e-20,6.681714694149559616e-19,1.109565030689075631e-15,1.071468490665416312e-14,5.980398763714019643e-22,7.945578764934458862e-07,4.532040652814542622e-07,3.420389692124171770e-09,7.946626534935110484e-12,2.825111261754485191e-25,1.149178470713676773e-12,4.729274702937031576e-17,3.342578312075848631e-31,1.645089521021653524e-15,8.732677635423273739e-15,8.455597995251198406e-13,1.968371021222421485e-17,7.664271944759759592e-01,0.000000000000000000e+00,1.793235111113656335e-28,2.521816101566128787e-26,0.000000000000000000e+00,0.000000000000000000e+00
1.757812500000000000e-02,-1.094604369999999938e-01,0.000000000000000000e+00,3.150952990000000113e+02,1.114990670000000073e+00,1.999156634794327977e-04,2.609205975783678000e-04,1.238988869512044419e-06,1.254233764108404037e+00,-1.804409600000091984e+01,3.266553459036728657e-06,3.507118758965788510e-14,1.400155689587109119e-08,2.320929859315582766e-01,9.639397037157446097e-08,1.141945619663252464e-03,3.094181909087558934e-08,1.160247449657855432e-07,0.000000000000000000e+00,1.792707379471349878e-26,0.000000000000000000e+00,3.220612419050276324e-31,9.239671207275321006e-25,3.821447868873096455e-21,4.369710448711420069e-06,1.408296179584708557e-04,5.335178238426713181e-21,1.273512829624454680e-17,7.312796367843535280e-29,3.802213858878768673e-26,7.070775227914904312e-22,0.000000000000000000e+00,0.000000000000000000e+00,7.627165507750831343e-31,7.136423157895545555e-22,0.000000000000000000e+00,5.800495048289496317e-28,1.015887769700425755e-29,1.561053529539661956e-23,2.286263359325805866e-25,1.997394469410989931e-20,2.953133159129152549e-19,8.336235777541734211e-16,7.349019537832855259e-15,2.272987489329720230e-22,5.295968048438275938e-07,2.877549409151441823e-07,2.072685149388787466e-09,5.199263018466793359e-12,0.000000000000000000e+00,6.943984027952294206e-13,2.848103999160125080e-17,2.849749649159639571e-27,9.986714317055027362e-16,5.301277318436710913e-15,5.133061878486314667e-13,1.038252489693830576e-17,7.666155257739334372e-01,0.000000000000000000e+00,9.146692447302739158e-29,1.334166459606568758e-26,0.000000000000000000e+00,0.000000000000000000e+00
1.762499999999999831e-02,-1.103062540000000064e-01,0.000000000000000000e+00,3.124455780000000118e+02,1.124584900000000109e+00,1.627950173671305768e-04,2.157217160227595742e-04,8.840696006293035313e-07,6.931185074573732452e-01,-2.219469866666654667e+01,3.052602689542586136e-06,2.481136609628216858e-14,1.183967819822589657e-08,2.322476629651990809e-01,8.200131328771259909e-08,9.452435358583610638e-04,2.513964939623297601e-08,9.495953048577089422e-08,0.000000000000000000e+00,1.201517669819960009e-30,0.000000000000000000e+00,1.900175799715270222e-31,6.448803869033686310e-25,3.095576479536146758e-21,3.557273829466964237e-06,1.091071619836509501e-04,3.052918639542538901e-21,9.765406358536713479e-18,3.818199089427866193e-30,2.366997249645319932e-26,5.449444789183433529e-22,0.000000000000000000e+00,0.000000000000000000e+00,4.782548869283364985e-31,5.526072889171951404e-22,0.000000000000000000e+00,4.542393379319349728e-28,2.810293829578894357e-30,1.183547059822652812e-23,1.713691849743213823e-25,1.473131379779260064e-20,1.980239609703273228e-19,7.210669418919524816e-16,6.054804109092725300e-15,1.452007669782425480e-22,4.302179759355344536e-07,2.278092129658641788e-07,1.602803409759829741e-09,4.190300889372108579e-12,8.890095678667873657e-29,5.360332069196786607e-13,2.194646909671145116e-17,1.523755239771674602e-30,7.729791088841738533e-16,4.103228049385156855e-15,3.973024559404666193e-13,7.571224048865498090e-18,7.666905028851160875e-01,0.000000000000000000e+00,6.483929149028422846e-29,9.620285458558457895e-27,0.000000000000000000e+00,0.000000000000000000e+00
1.771874999999999839e-02,-1.123870069999999971e-01,0.000000000000000000e+00,3.084130999999999858e+02,1.139505919999999950e+00,1.076050641059183519e-04,1.465867666256612635e-04,4.536927917775661286e-07,3.161856225027325773e-01,-2.626893866666669908e+01,2.658220589462332455e-06,1.274022689742308459e-14,8.544077258271825234e-09,2.324770229529778132e-01,5.953128608795884337e-08,6.434884098698441220e-04,1.670073179662200845e-08,6.312957048723103183e-08,9.034315948172666391e-26,8.076077488366484048e-35,1.028638819791941384e-29,8.432860028294319323e-32,3.938910369203292772e-25,2.748761889444019092e-21,2.344906499525705232e-06,6.525236098680166699e-05,1.023090599793063491e-21,5.752107408836544229e-18,2.037686479587845426e-29,9.788506548020118225e-27,3.225797899347531159e-22,0.000000000000000000e+00,0.000000000000000000e+00,1.936880479608235127e-31,3.325897959327283635e-22,0.000000000000000000e+00,2.779413739437819155e-28,1.197286999757829464e-30,7.112599158561361830e-24,9.615544828055102439e-26,8.416973548297533306e-21,9.475762338083376684e-20,5.384923328910813178e-16,4.084781039173788793e-15,6.360160278713555687e-23,2.825324009428532848e-07,1.419076869712969175e-07,9.551255508068104805e-10,2.721088229449616415e-12,2.707290419452407689e-29,3.181935869356402562e-13,1.298120639737434291e-17,0.000000000000000000e+00,4.614433049066657805e-16,2.449493269504550873e-15,2.371763319520272950e-13,4.200714849150338322e-18,7.668086598449007640e-01,0.000000000000000000e+00,3.305791289331351166e-29,5.019904358984643944e-27,2.907961799411818397e-25,0.000000000000000000e+00
1.781249999999999847e-02,-1.148497200000000024e-01,0.000000000000000000e+00,3.056100339999999846e+02,1.150113020000000041e+00,7.032923280883037051e-05,9.825712695564856752e-05,2.319727194036111945e-07,1.403405667227622111e-01,-2.923076266666662448e+01,2.306175220189633253e-06,6.647881430546645897e-15,6.178279040508030090e-09,2.326312520191289035e-01,4.311097690354494765e-08,4.318781270355126576e-04,1.102938760090692926e-08,4.127736270339417462e-08,0.000000000000000000e+00,0.000000000000000000e+00,0.000000000000000000e+00,1.956906270160913412e-32,2.384101480196040969e-25,1.835764660150951891e-21,1.522825340125219708e-06,3.823909910314434222e-05,3.443356670283141733e-22,3.330262000273842176e-18,5.042994420414677860e-29,3.996831740328653236e-27,1.869707010153743021e-22,0.000000000000000000e+00,0.000000000000000000e+00,7.856341690646014383e-32,1.964755260161558738e-22,0.000000000000000000e+00,1.601421390131682305e-28,5.057938180415906613e-31,4.223688140347306842e-24,5.266693260433071967e-26,4.984072240409833218e-21,4.637528070381336955e-20,3.997119860328676906e-16,2.716268610223354638e-15,2.963439440243678790e-23,1.828277960150336459e-07,8.670761190712983197e-08,5.576155250458518663e-10,1.746834320143639398e-12,0.000000000000000000e+00,1.849216940152058244e-13,7.515292330617969845e-18,0.000000000000000000e+00,2.699009370221935431e-16,1.432723200117810611e-15,1.387257400114071964e-13,2.348253780193093305e-18,7.668944300630605726e-01,0.000000000000000000e+00,1.650202790135693584e-29,2.547692660209492938e-27,2.279160530187411778e-23,0.000000000000000000e+00
1.790624999999999856e-02,-1.175901040000000009e-01,0.000000000000000000e+00,3.036885580000000004e+02,1.157499470000000086e+00,4.549516334557304715e-05,6.496431798005225208e-05,1.181521266245609135e-07,7.272065489379439529e-02,-3.095054933333212688e+01,1.993926719456405623e-06,3.509068779043340360e-15,4.463601338783110557e-09,2.327333849365510465e-01,3.109924529152156401e-08,2.857190109221058099e-04,7.213811978033334316e-09,2.653181309276676273e-08,3.679567258996857943e-26,1.687244919540014810e-32,1.393897329619988735e-25,1.914162019478151431e-32,1.471021099598962849e-25,1.208795889670452035e-21,9.735043527345984155e-07,2.188986179403227826e-05,1.155437149684999095e-22,1.886473629485699907e-18,0.000000000000000000e+00,1.607113539561860536e-27,1.057615069711667641e-22,0.000000000000000000e+00,0.000000000000000000e+00,3.150676749141046819e-32,1.134785239690629120e-22,0.000000000000000000e+00,9.067817957527885295e-29,1.969575639463044401e-31,2.309465949370381427e-24,2.800694929236460184e-26,3.112533789151445628e-21,2.300277789372886817e-20,2.948193589196249082e-16,1.779797109514782678e-15,1.445806149605837072e-23,1.164639279682490163e-07,5.187714288585699441e-08,3.179120949133292222e-10,1.106524409698333749e-12,5.485379908504548384e-30,1.048734289714088725e-13,4.244254618842909649e-18,5.998654788364616539e-33,1.541893729579641133e-16,8.184880547768596182e-16,7.925138447839408742e-14,1.309756199642927503e-18,7.669558007909087483e-01,0.000000000000000000e+00,7.977519597825128740e-30,1.246156029660266637e-27,0.000000000000000000e+00,0.000000000000000000e+00
1.795312500000000033e-02,-1.190409109999999993e-01,0.000000000000000000e+00,3.029809839999999781e+02,1.160243810000000098e+00,3.655685827062638363e-05,5.265906393854531366e-05,8.441176421426830576e-08,3.735939674216350731e-02,-3.222228266666660801e+01,1.852009890268699917e-06,2.560704850371521431e-15,3.792117700550180596e-09,2.327699100337715377e-01,2.638482110382805480e-08,2.315985040336016000e-04,5.820775280844510355e-09,2.118715260307394749e-08,0.000000000000000000e+00,2.474235120358975539e-32,2.595127350376515780e-25,2.425549320351911896e-32,1.160789840168413815e-25,9.776126201418375460e-22,7.755057121125146655e-07,1.647186490238982886e-05,6.714874050974230646e-23,1.412922920204994524e-18,1.848109670268134171e-29,1.002038960145381369e-27,7.909071371147492151e-23,0.000000000000000000e+00,0.000000000000000000e+00,1.995287000289487126e-32,8.578708871244646964e-23,0.000000000000000000e+00,6.816180820988928808e-29,1.316511740191006973e-31,1.827489130265142342e-24,2.028029920294237963e-26,2.637060930382599276e-21,1.618879400234875931e-20,2.527682960366730040e-16,1.435645930208291534e-15,1.024841910148689768e-23,9.261263781343675220e-08,3.993316400579372221e-08,2.387231630346352681e-10,8.778652251273655636e-13,3.932083950570488863e-26,7.852729851139316911e-14,3.171087680460078713e-18,0.000000000000000000e+00,1.159036560168159481e-16,6.152548440892645262e-16,5.957299680864317233e-14,9.755508031415382293e-19,7.669792021112775693e-01,0.000000000000000000e+00,5.499229190797858943e-30,8.635947571252949050e-28,1.426686980206991639e-23,0.000000000000000000e+00
1.804687500000000042e-02,-1.220617499999999966e-01,0.000000000000000000e+00,3.019445059999999899e+02,1.164288189999999945e+00,2.374369954747829360e-05,3.456988221217606791e-05,4.352160883110352487e-08,1.892756760474588115e-02,-3.314984533333447558e+01,1.594660020856250552e-06,1.382975510742586977e-15,2.742356401472504864e-09,2.328218411250133901e-01,1.900660901020557622e-08,1.519219970815743263e-04,3.789677902034862901e-09,1.348315280723976077e-08,0.000000000000000000e+00,0.000000000000000000e+00,6.824563243664441460e-26,5.740185853082185600e-33,7.401989653974489297e-26,6.385616023428748674e-22,4.917111652640237079e-07,9.340752995015506055e-06,2.291898411230631912e-23,7.949323924268378558e-19,9.089233314880453091e-31,4.061062072180581240e-28,4.431098242379272140e-23,0.000000000000000000e+00,0.000000000000000000e+00,8.053834864324496505e-33,4.908853452635803185e-23,0.000000000000000000e+00,3.918143792103842670e-29,5.209476992797221794e-32,1.010804960542750275e-24,1.067264870573066657e-26,6.732197223614844600e-22,8.221087464414303098e-21,1.855891510996518424e-16,9.327880965008594095e-16,5.299715812845675384e-24,5.852427233142453284e-08,2.366035241270439698e-08,1.348218550723924149e-10,5.530483842969586874e-13,4.729256982539368544e-31,4.409870562367874776e-14,1.773217530952126904e-18,4.903997712633194845e-33,6.559174223521939547e-17,3.481826071869561727e-16,3.371330521810231347e-14,5.460442542931977997e-19,7.670146884118475006e-01,0.000000000000000000e+00,2.642120471418683469e-30,4.176298332242457805e-28,4.070903022185866161e-26,0.000000000000000000e+00
1.809374999999999872e-02,-1.236156489999999941e-01,0.000000000000000000e+00,3.015681920000000105e+02,1.165763939999999943e+00,1.918360669410520102e-05,2.797776525147860609e-05,3.137277171855241782e-08,9.547758472177588634e-03,-3.379657599999997331e+01,1.478369359803021565e-06,1.020760099863993701e-15,2.331380329689365855e-09,2.328401269689763242e-01,1.612246879785183933e-08,1.228538489836308986e-04,3.054737199592985859e-09,1.073719719856937338e-08,0.000000000000000000e+00,2.883495679615802059e-34,0.000000000000000000e+00,2.508413949665777900e-33,5.948145289207468019e-26,5.153193209313387470e-22,3.909400689479110381e-07,7.019995809064654090e-06,1.343935089820933840e-23,5.952058799206945210e-19,5.552661809260162412e-31,2.548985349660372340e-28,3.309790729559002805e-23,0.000000000000000000e+00,0.000000000000000000e+00,5.119739089317844120e-33,3.706081619506200588e-23,0.000000000000000000e+00,2.996212169600783781e-29,3.187463959575301163e-32,7.312776979025644412e-25,7.722318528971076901e-27,6.194882649174592526e-22,5.830487439223144606e-21,1.588653759788327125e-16,7.507224048999735809e-16,3.850154479487003889e-24,4.645297439381058887e-08,1.817862859757787381e-08,1.011158399865272940e-10,4.384365409415825991e-13,4.960202419339101366e-31,3.297746109560607141e-14,1.323168129823700679e-18,2.073968429723663761e-34,4.924435409343866118e-17,2.614052779651702763e-16,2.531095589662755943e-14,4.085102839455699441e-19,7.670280328978009710e-01,0.000000000000000000e+00,1.825446599756777141e-30,2.893827559614425497e-28,4.672472399377438868e-28,0.000000000000000000e+00
1.818749999999999881e-02,-1.267840779999999945e-01,0.000000000000000000e+00,3.010242729999999938e+02,1.167904300000000006e+00,1.270611312224912864e-05,1.841273795211688667e-05,1.656028003269863554e-08,3.969080345831210721e-03,-3.430315733333341655e+01,1.268596690027814737e-06,5.640240130123665481e-16,1.689302210037038945e-09,2.328657480051057327e-01,1.162617480025491107e-08,8.064716570176824035e-05,1.992923500043695877e-09,6.841507860150004514e-09,0.000000000000000000e+00,3.459955110075861551e-35,0.000000000000000000e+00,9.001549350197363858e-34,3.944664050086488969e-26,3.369916720073887325e-22,2.485308700054491701e-07,4.017202030088079785e-06,4.717204950103426815e-24,3.385607350074231570e-19,2.267525070049717075e-31,1.054843380023128216e-28,1.872760430041061508e-23,0.000000000000000000e+00,0.000000000000000000e+00,2.107880360046216450e-33,2.138737900046893128e-23,0.000000000000000000e+00,1.830433530040133330e-29,1.221252470026776709e-32,3.903228330085580564e-25,4.122680540090392109e-27,3.582314910078544156e-22,3.006714030065924418e-21,1.164822640025539501e-16,4.883737360107079226e-16,2.079554150045595432e-24,2.944037130064549385e-08,1.083454870023755384e-08,5.764421610126388178e-11,2.774599180060834310e-13,1.882858430041282814e-31,1.869773500040995771e-14,7.472375080163835724e-19,0.000000000000000000e+00,2.812673700061669085e-17,1.493060000032736345e-16,1.445677320031697323e-14,2.326916590051018654e-19,7.670480080168179393e-01,0.000000000000000000e+00,8.986920280197044332e-31,1.429411260031340514e-28,3.920588310085961549e-30,0.000000000000000000e+00
1.828124999999999889e-02,-1.299999990000000050e-01,0.000000000000000000e+00,3.006680020000000013e+02,1.169311269999999903e+00,8.529721424441546887e-06,1.211436072606697368e-05,8.855940981110842090e-09,1.643682929887482162e-03,-3.456232533333318457e+01,1.086106549556371690e-06,3.147472828714391832e-16,1.223091989500419033e-09,2.328818929048777076e-01,8.374801966579251608e-09,5.285064967841276946e-05,1.297492609470029805e-09,4.351388308222643556e-09,6.973988587151423865e-27,0.000000000000000000e+00,4.219310528276592176e-28,7.822025926805035316e-34,2.687274608902363170e-26,2.200328519101259671e-22,1.578216609355365937e-07,2.300455549060362368e-06,1.671361109317320290e-24,1.928545639212271568e-19,9.259240886217995916e-32,4.375774558212683040e-29,1.060625029566780034e-23,0.000000000000000000e+00,0.000000000000000000e+00,8.705731186444080353e-34,1.234901049495595740e-23,0.000000000000000000e+00,1.182183579517128566e-29,4.688851268084805048e-33,2.087704229147261979e-25,2.205452029099167151e-27,2.070961499154100918e-22,1.553869389365310879e-21,8.523086266518681930e-17,3.172158118704308881e-16,1.143181569533059118e-24,1.863924619238666744e-08,6.455892707363042921e-09,3.288736638656691703e-11,1.755269459283047286e-13,7.989380686736679321e-32,1.061002279566625918e-14,4.223674338274809454e-19,0.000000000000000000e+00,1.607692509343326153e-17,8.534162266514158508e-17,8.263326986624785905e-15,1.329455659456974250e-19,7.670616716866880402e-01,0.000000000000000000e+00,4.446070248183970457e-31,7.085886607105718503e-29,8.180702506658532212e-31,0.000000000000000000e+00
1.837499999999999897e-02,-1.332402169999999941e-01,0.000000000000000000e+00,3.004369140000000016e+02,1.170226339999999920e+00,5.842117286834575382e-06,8.004441471793432864e-06,4.816225479494312387e-09,4.973246425563436881e-04,-3.460474666666669208e+01,9.279699933616701959e-07,1.775907370692148017e-16,8.859957593453110233e-10,2.328919600907680965e-01,6.035555202352317109e-09,3.472489421353379451e-05,8.467233643300048441e-10,2.777554671082533448e-09,5.980457042330843419e-27,2.893903451127879512e-33,1.322479240515427457e-27,4.108778311601369090e-34,1.898062730739757336e-26,1.440725960561513339e-22,1.006348210392217548e-07,1.330818720518677625e-06,6.015268022344411054e-25,1.110577910432840327e-19,3.822997631489988216e-32,1.838707710716624037e-29,6.072730822366806417e-24,0.000000000000000000e+00,0.000000000000000000e+00,3.640934271419029703e-34,7.199147712805820114e-24,0.000000000000000000e+00,8.262132483220110847e-30,1.836262670715671134e-33,1.133677130441843160e-25,1.197779280466826604e-27,1.199052490467322664e-22,8.078831863148670470e-22,6.233315322429392797e-17,2.066645460805461295e-16,6.387581922489518584e-25,1.185179450461915838e-08,3.875816771510574328e-09,1.895954870738935909e-11,1.115722990434845572e-13,3.061578891193230056e-32,6.085739312371877045e-15,2.413842690940779168e-19,5.720975482229711466e-32,9.284467613618559057e-18,4.928501761920850537e-17,4.772093121859891868e-15,7.682686732994275551e-20,7.670709292989607020e-01,0.000000000000000000e+00,2.248953670876514761e-31,3.588602591398633939e-29,3.412304811329923280e-31,0.000000000000000000e+00
1.856249999999999914e-02,-1.397286070000000047e-01,0.000000000000000000e+00,3.001849879999999757e+02,1.171226899999999960e+00,2.885424077785698793e-06,3.481746826304797904e-06,1.464892081668111920e-09,1.524053273145208260e-04,-3.445053866666644637e+01,6.724100072219746150e-07,5.729983661891568994e-17,4.610854611522125462e-10,2.329023890768852356e-01,3.108307521026108148e-09,1.483241580489644611e-05,3.535127771167009119e-10,1.118505060369238551e-09,0.000000000000000000e+00,8.768832582894747377e-28,0.000000000000000000e+00,6.924201312285802852e-35,1.072341910353999291e-26,6.112975142018002971e-23,4.053633421338176777e-08,4.441238101466132366e-07,1.014051380334756639e-25,3.679832081214778650e-20,6.447086492128298770e-33,3.573727931179751703e-30,1.987185490656005512e-24,0.000000000000000000e+00,0.000000000000000000e+00,6.318805852085950497e-35,2.438103740804861417e-24,0.000000000000000000e+00,5.118901361689841152e-30,2.503990640826612081e-32,3.357411601108342393e-26,3.547823951171200342e-28,4.249392441402800915e-23,2.226027510734851904e-22,3.299698611089289690e-17,8.681938262866062414e-17,2.039123700673151183e-25,4.748075851567425295e-09,1.388110150458239989e-09,6.285579192074982787e-12,4.473961951476935318e-14,4.627329731527564542e-33,1.998071350659599634e-15,7.870550652598210335e-20,3.268006251078827481e-27,3.088251791019487125e-18,1.639345950541177261e-17,1.587320300524002898e-15,2.564811830846690287e-20,7.670816102532274083e-01,0.000000000000000000e+00,5.861243541934901991e-32,9.341091553083662032e-30,6.008700881983579293e-32,0.000000000000000000e+00
1.865624999999999922e-02,-1.429583449999999867e-01,0.000000000000000000e+00,3.001178689999999847e+02,1.171494320000000089e+00,2.067041542811899709e-06,2.262174381675102885e-06,8.099518049946476828e-10,6.630953920644355162e-05,-3.428673066666680569e+01,5.701603644954571673e-07,3.237762042813545813e-17,3.289650582858636219e-10,2.329050262023894813e-01,2.205263741916327263e-09,9.496841268252551824e-06,2.233273481940666918e-10,6.927032806019444269e-10,4.712517544095077873e-27,0.000000000000000000e+00,3.043432772644677797e-28,6.352559245520238413e-35,6.652477655780861203e-27,3.899584623388655787e-23,2.511595442182523001e-08,2.468227652144837313e-07,2.744387442384814378e-26,2.036718091769864688e-20,2.512926412183679488e-33,1.336802781161653206e-30,1.091554680948537778e-24,0.000000000000000000e+00,0.000000000000000000e+00,2.509821672180981448e-35,1.366803441187722909e-24,0.000000000000000000e+00,2.481289742156187693e-30,8.581164037456848289e-35,1.736487091508970397e-26,1.835132071594690504e-28,2.428095572109963508e-23,1.096281210952645093e-22,2.375063702063879783e-17,5.507581614785970850e-17,1.148950440998413642e-25,2.932866732548598617e-09,8.040424946986957353e-10,3.479585793023685657e-12,2.765510702403169728e-14,2.100180451825011989e-33,1.099709760955624444e-15,4.314054053748820793e-20,5.993911975208581334e-32,1.712961731488527064e-18,9.092966107901592267e-18,8.804394877650831567e-16,1.425947611239118001e-20,7.670846276665801433e-01,0.000000000000000000e+00,2.800258012433364693e-32,4.457836653873765147e-30,2.399252112084898934e-32,0.000000000000000000e+00
1.874999999999999931e-02,-1.461727260000000028e-01,0.000000000000000000e+00,3.000758789999999863e+02,1.171662039999999960e+00,1.527227369030016766e-06,1.490254721404759266e-06,4.566620354858345242e-10,2.269472155230955326e-05,-3.395782933333325104e+01,4.828068711411817562e-07,1.852059100541576705e-17,2.355260060688722418e-10,2.329066080681062578e-01,1.570526060459251275e-09,6.141199561795802022e-06,1.425952510416975374e-10,4.343229291270041578e-10,0.000000000000000000e+00,3.729837071090674091e-36,0.000000000000000000e+00,7.720052502257487147e-36,4.274233711249866399e-27,2.513126880734885604e-23,1.575673370460756432e-08,1.402503610410118144e-07,9.861118512883576435e-27,1.153118380337193455e-20,1.006399430294290181e-33,5.438677931590371473e-31,6.137689651794776548e-25,0.000000000000000000e+00,0.000000000000000000e+00,1.022794890299084321e-35,7.827630042288945826e-25,2.583673170755514099e-36,1.374938480402057707e-30,3.851746791126322646e-35,9.250637782705060864e-27,9.776858362858937755e-29,1.394034700407641826e-23,5.732916651676413193e-23,1.714552400501367252e-17,3.531132801032569586e-17,6.560536091918424283e-26,1.834793610536528145e-09,4.743029691386950869e-10,1.970218370576128962e-12,1.731389540506290930e-14,7.208618252107935158e-34,6.194341591811342081e-16,2.420993870707944187e-20,1.607760700470139450e-36,9.716354742841243195e-19,5.157761741508226092e-18,4.994076651460361889e-16,8.105795962370288542e-21,7.670866072243104350e-01,0.000000000000000000e+00,1.390138080406502379e-32,2.210564380646410765e-30,9.830960072874756981e-33,0.000000000000000000e+00
1.893749999999999947e-02,-1.525398189999999932e-01,0.000000000000000000e+00,3.000321000000000140e+02,1.171837709999999921e+00,8.956177963613529582e-07,6.692962357476625280e-07,1.504933685327306754e-10,6.740478535552073890e-06,-3.344895466666665129e+01,3.443375328262715004e-07,6.192877746875509228e-18,1.211881399388569896e-10,2.329081718824908831e-01,8.001983225962760792e-10,2.618904238678685096e-06,5.907459677019510582e-11,1.751922539116102847e-10,2.109468908935710130e-28,0.000000000000000000e+00,0.000000000000000000e+00,3.223960728373415657e-36,1.809002559087304513e-27,1.065235019462557304e-23,6.367677456787317287e-09,4.782864707586902660e-08,1.337097519325394568e-27,3.910146328027215588e-21,1.718581099132924671e-34,9.788879045061218332e-32,2.056811818962277390e-25,0.000000000000000000e+00,0.000000000000000000e+00,1.799074989092312960e-36,2.704646298635425505e-25,9.347828425283743401e-37,4.497622637730815723e-31,6.000247016972696464e-36,2.837978098568155621e-27,2.999703468486560142e-29,4.954666247500223914e-24,1.485121609250712060e-23,8.957054655480898874e-18,1.482992379251785897e-17,2.189638808895262056e-26,7.378325946277415358e-10,1.722709529130841693e-10,6.679512726629987102e-13,6.974109106481354762e-15,1.181289779404004109e-34,2.081832938949653311e-16,8.086762135919988684e-21,0.000000000000000000e+00,3.303809898333129682e-19,1.753771329115169909e-18,1.698114159143250995e-16,2.765798568604572463e-21,7.670888086129808991e-01,0.000000000000000000e+00,3.816140488074643173e-33,6.053836056945660570e-31,1.748505869117826931e-33,0.000000000000000000e+00
1.912499999999999964e-02,-1.588114979999999954e-01,0.000000000000000000e+00,3.000128829999999880e+02,1.171915480000000009e+00,5.514013321157397353e-07,2.964699414451525057e-07,4.881403065313039004e-11,2.795638320252423500e-06,-3.304562133333333662e+01,2.428415800754209089e-07,2.016109870626156857e-18,6.039497361875726343e-11,2.329088180723360435e-01,3.946026401225543413e-10,1.060505000329368106e-06,2.302098500714978245e-11,6.660814602068693973e-11,4.356165041352923404e-27,0.000000000000000000e+00,8.734976392712881055e-30,1.228159410381437442e-36,7.280375762261113842e-28,4.284469331330655545e-24,2.427639670753968183e-09,1.503243880466872595e-08,1.665936500517401254e-28,1.221189060379272875e-21,2.610791050810851036e-35,1.563725590485656527e-32,6.335807061967754023e-26,0.000000000000000000e+00,0.000000000000000000e+00,2.829608720878810711e-37,8.629525752680129516e-26,1.407070400437003175e-37,1.347484550418497431e-31,8.194135212544908819e-37,7.894922992451978562e-28,8.345615782591953965e-30,1.696395430526860812e-24,3.508397541089626311e-24,4.537111021409120609e-18,5.903401651833458728e-18,7.122640832212126239e-27,2.797364690868796122e-10,5.819051351807261422e-11,2.085229790647623795e-13,2.649631930822914130e-15,4.085847311268968524e-35,6.434398601998375081e-17,2.481798650770788833e-21,2.128539140661074520e-37,1.034893670321413906e-19,5.493557141706170310e-19,5.319215181652023325e-17,8.696772072701015868e-22,7.670898602382402176e-01,0.000000000000000000e+00,9.330716102897903434e-34,1.475439230458237121e-31,2.781155330863761776e-34,0.000000000000000000e+00
1.921874999999999972e-02,-1.619095249999999986e-01,0.000000000000000000e+00,3.000080740000000219e+02,1.171935160000000087e+00,4.405612673284670545e-07,1.991360001001305611e-07,2.781344386184093020e-11,1.275487317318993829e-06,-3.262982399999992822e+01,2.033340111112123816e-07,1.147014520627352956e-18,4.237618772317741304e-11,2.329089721273882307e-01,2.753804741506177365e-10,6.678065223652530266e-07,1.420642620777012301e-11,4.056093632218457137e-11,0.000000000000000000e+00,0.000000000000000000e+00,0.000000000000000000e+00,1.181954270646462998e-36,4.570543292499832272e-28,2.688321691470361932e-24,1.480548010809777194e-09,8.255988784515565406e-09,5.791765933167773103e-29,6.683516313655510775e-22,9.895762405412430387e-36,5.678640733105900182e-33,3.441174121882130648e-26,0.000000000000000000e+00,0.000000000000000000e+00,1.093434500598047684e-37,4.778935662613811913e-26,4.733132122588760049e-38,7.206393613941494972e-32,2.923931761599227927e-37,4.049889282215063988e-28,4.281303082341634493e-30,9.574380745236652618e-25,1.983510751084869710e-24,3.210169261755783607e-18,3.683922682014900383e-18,4.051420732215901371e-27,1.700985540930344171e-10,3.324757241818457303e-11,1.140966090624044884e-13,1.612973940882206953e-15,7.429830534063702644e-36,3.501217991914970414e-17,1.345162810735729244e-21,1.121467570613380268e-38,5.673202133102926105e-20,3.011522931647135290e-19,2.915950081594861950e-17,4.777494662613022875e-22,7.670901464195556407e-01,0.000000000000000000e+00,4.444288072430778336e-34,7.014246983836402507e-32,1.078744330590012993e-34,0.000000000000000000e+00
1.940624999999999989e-02,-1.680276169999999902e-01,0.000000000000000000e+00,3.000033080000000041e+02,1.171955019999999958e+00,2.908259157920046270e-07,9.662044395242725168e-08,9.301594310729754544e-12,5.234942271402236229e-07,-3.206533333333328528e+01,1.420863419381541961e-07,3.813639548340040269e-19,2.118104629078054659e-11,2.329091178986218424e-01,1.363160049406658322e-10,2.757940688799553673e-07,5.648722647541285300e-12,1.581984579311411064e-11,1.102066349520304406e-27,0.000000000000000000e+00,1.871342969185462127e-30,1.590233989307820176e-38,1.878912649182167050e-28,1.103459049519698351e-24,5.790768337479458147e-10,2.718908348816543148e-09,7.572609566703877669e-30,2.188900479047239010e-22,1.584866389310156382e-36,9.433045045894085007e-34,1.113311319515410000e-26,0.000000000000000000e+00,0.000000000000000000e+00,1.806223699213806667e-38,1.594899109305789792e-26,6.889727547001112760e-39,2.275077289009728756e-32,4.258921558146222647e-38,1.197893479478593924e-28,1.266433579448760602e-30,3.330867608550176080e-25,3.026185908682794755e-25,1.629009689290942234e-18,1.498051889347944224e-18,1.346762249413795970e-27,6.619847207118584347e-11,1.167087029492003031e-11,3.735152638374203388e-14,6.289631567262317709e-16,3.520547388467613974e-36,1.136097759505491727e-17,4.337730828111920311e-22,1.428028129378423453e-37,1.862788359189185636e-20,9.888295425695930791e-20,9.574483205832522500e-18,1.573813319314967441e-22,7.670904606661091973e-01,0.000000000000000000e+00,1.174104989488948385e-34,1.847534159195825489e-32,1.800689549216215558e-35,0.000000000000000000e+00
1.959375000000000006e-02,-1.740398669999999870e-01,0.000000000000000000e+00,3.000013280000000009e+02,1.171963550000000076e+00,1.948986153950411947e-07,4.924454049163300459e-08,3.067296187815121772e-12,2.296538300012791703e-07,-3.149628266666667997e+01,9.838242527336085883e-08,1.248489229661944960e-19,1.041474829717998504e-11,2.329091759369348591e-01,6.637296368202810619e-11,1.116769759697610631e-07,2.194467469405800736e-12,6.043604158363564799e-12,7.652479397927927545e-27,0.000000000000000000e+00,9.673466177380703004e-31,0.000000000000000000e+00,7.575285627948829683e-29,4.440534058797630324e-25,2.218912049399182144e-10,8.751953657630221765e-10,9.562142167410845078e-31,7.006594198102814135e-23,2.439773699339378917e-37,1.482953759598458517e-34,3.519772929046946507e-27,0.000000000000000000e+00,0.000000000000000000e+00,2.869174369223109374e-39,5.203455228591053751e-27,9.513233257424088370e-40,7.016778718100057418e-33,5.950081748388887649e-39,3.458856589063440863e-29,3.657008499009786341e-31,1.145493799689832894e-25,9.350395877468180647e-26,8.134035347797534993e-19,5.971520498383082020e-19,4.408591368806279269e-28,2.523795779316628167e-11,4.007571838914864476e-12,1.195080389676406352e-14,2.402744649349405133e-16,2.255025339389403380e-36,3.602617719024514316e-18,1.366858109629893994e-22,0.000000000000000000e+00,5.978164838381284264e-21,3.173407219140731912e-20,3.072696829168001481e-18,5.067234778627938037e-23,7.670906127922938467e-01,0.000000000000000000e+00,3.024213219181129299e-35,4.744177698715412219e-33,2.888080679217990190e-36,0.000000000000000000e+00
1.978125000000000022e-02,-1.799454199999999948e-01,0.000000000000000000e+00,3.000005229999999870e+02,1.171967219999999976e+00,1.313621398043126651e-07,2.661172944273603829e-08,9.941807273865666451e-13,1.046575046118964131e-07,-3.092517866666663551e+01,6.751364754771499055e-08,4.017531332839374849e-20,5.040097133562068021e-12,2.329091991646076443e-01,3.180345432247696890e-11,4.436991953135826358e-08,8.339904795894194094e-13,2.263285591599568124e-12,0.000000000000000000e+00,0.000000000000000000e+00,0.000000000000000000e+00,9.686391896845817365e-39,2.996938082118073972e-29,1.753161871239040308e-25,8.335968365891411204e-11,2.756026041947810148e-10,1.165350760823607092e-31,2.193951931550566682e-23,3.615139412554984833e-38,2.234399801579152900e-35,1.088404710769225626e-27,0.000000000000000000e+00,0.000000000000000000e+00,4.388600753101625342e-40,1.661060211173947471e-27,1.269130040896952668e-40,2.116116671495557017e-33,7.983979875642645120e-40,9.758965686897110599e-30,1.031869060729269314e-31,3.895176832752900737e-26,3.610983012552047941e-26,3.998416702825865042e-19,2.335029061650272740e-19,1.418596041002587088e-28,9.432849516666628158e-12,1.347276620952182344e-12,3.740450482643548802e-15,8.998932236359958449e-17,0.000000000000000000e+00,1.117415270789728687e-18,4.212573092977219421e-23,0.000000000000000000e+00,1.876831331326443209e-21,9.962840197041198030e-21,9.646662206817740183e-19,1.596049171128001469e-23,7.670906885421382437e-01,0.000000000000000000e+00,7.602622035373122538e-36,1.188896360840247711e-33,4.460613043152520173e-37,0.000000000000000000e+00
1.996875000000000039e-02,-1.857438909999999943e-01,0.000000000000000000e+00,3.000002020000000016e+02,1.171968829999999961e+00,8.847061735224767622e-08,1.523829870056913148e-08,3.160922168902037316e-13,4.815582132933019878e-08,-3.035317333333328804e+01,4.592573178291894631e-08,1.269450409527856072e-20,2.401748469106722916e-12,2.329092089133746046e-01,1.500385779441964954e-11,1.730804449356265663e-08,3.104025488845526772e-13,8.314907396907453885e-13,1.697713059368573400e-26,0.000000000000000000e+00,7.459671717225540172e-32,1.227946279543292764e-38,1.164120579567031154e-29,6.795271347472649733e-26,3.072494818857253703e-11,8.497534296839529662e-11,1.370814939490155724e-32,6.726097237498377583e-24,5.162938188079759336e-39,3.239748568795047389e-36,3.294681238774616302e-28,0.000000000000000000e+00,0.000000000000000000e+00,6.472009597592879413e-41,5.192460118068779188e-28,1.644006839388548317e-41,6.245653067677067832e-34,1.030099029616877573e-40,2.692943198998419638e-30,2.847565918940910860e-32,1.310030449512763386e-26,2.939690738906647189e-27,1.935870589279995992e-19,8.962775156666494610e-20,4.482293298332910218e-29,3.458778578713584058e-12,4.437861248349435959e-13,1.146183069573702781e-15,3.306588448770187851e-17,7.966195627037150113e-37,3.392915358738079903e-19,1.270880159527324371e-23,1.314893939510954262e-38,5.768991917854351370e-22,3.062371338861019194e-21,2.965184758897165461e-19,4.922071258169344157e-24,7.670907277146976622e-01,0.000000000000000000e+00,1.867173489305546011e-36,2.910537948917489905e-34,6.643001997529282326e-38,0.000000000000000000e+00
2.015625000000000056e-02,-1.914351109999999911e-01,0.000000000000000000e+00,3.000000769999999761e+02,1.171969559999999966e+00,5.937613253459479689e-08,9.156206700309296837e-09,9.846916989405458593e-14,2.226484198999603841e-08,-2.978077866666666651e+01,3.097321851074758481e-08,3.932398251364526967e-21,1.127498460391237438e-12,2.329092130808185779e-01,6.972320132419367013e-12,6.633092412301656604e-09,1.132531640392983951e-13,2.998846421040587459e-13,0.000000000000000000e+00,9.721363023373273615e-40,0.000000000000000000e+00,0.000000000000000000e+00,4.442411321541499352e-30,2.587414000897822188e-26,1.111828710385800048e-11,2.567315500890848233e-11,1.555944890539906590e-33,2.020480190701098372e-24,7.115697622469118546e-40,4.529528151571728737e-37,9.770897933390463845e-29,0.000000000000000000e+00,0.000000000000000000e+00,9.213729323197126756e-42,1.590731090551977315e-28,2.071835380718918221e-42,1.805551300626519153e-34,1.279205910443879413e-41,7.274073632524074065e-31,7.692165672669150717e-33,4.358848031512502749e-27,0.000000000000000000e+00,9.235654123204735304e-20,3.379209611172572346e-20,1.388435880481781694e-29,1.245053070432028342e-12,1.433372860497374600e-13,3.441394541194149897e-16,1.192798270413896148e-17,0.000000000000000000e+00,1.009353070350241392e-19,3.756179311303379431e-24,1.224195170424790790e-40,1.737553560602924260e-22,9.223507863200518715e-22,8.930793103098948451e-20,1.487387760516117484e-24,7.670907492661773741e-01,0.000000000000000000e+00,4.484154171555983924e-37,6.967179012417582488e-35,9.551281193314255278e-39,0.000000000000000000e+00
2.034375000000000072e-02,-1.970190069999999960e-01,0.000000000000000000e+00,3.000000289999999836e+02,1.171969910000000059e+00,3.959295342694377819e-08,5.692549605388546122e-09,3.003804973503497090e-14,1.010228948115586251e-08,-2.920820799999998840e+01,2.071323811598949691e-08,1.198878450925469166e-21,5.216632344026957777e-13,2.329092151797932941e-01,3.192888352464736900e-12,2.498910161929023132e-09,4.054374813129757729e-14,1.062461420820162674e-13,1.223681180944615645e-27,0.000000000000000000e+00,3.077944562376006673e-32,1.183826620913849915e-39,1.666447361286406984e-30,9.684100907475601747e-27,3.952502623051117515e-12,7.606233125871598939e-12,1.712208651321732259e-34,5.951391344594151478e-25,9.475605047314655097e-41,6.115290124720673063e-38,2.841097212193173370e-29,0.000000000000000000e+00,0.000000000000000000e+00,1.267721760978612430e-42,4.779471403689492837e-29,2.542700021962826577e-43,5.116515163949672171e-35,1.530298971181307901e-42,1.924911231485927468e-31,2.035657151571417027e-33,1.435225001107916089e-27,5.352755914132037869e-28,4.343529513352969323e-20,1.252198800966629570e-20,4.232987493267637144e-30,4.402666073398619649e-13,4.542789693506787617e-14,1.013198040782134051e-16,4.226955613262980226e-18,0.000000000000000000e+00,2.944125122272704962e-20,1.088443010840219101e-24,0.000000000000000000e+00,5.131782353961458714e-23,2.724119482102872618e-22,2.637667562036136670e-20,4.407618883402442974e-25,7.670907615921525036e-01,0.000000000000000000e+00,1.053986320813620396e-37,1.632230571259993524e-35,1.327383941024668519e-39,0.000000000000000000e+00
2.053125000000000089e-02,-2.024955459999999985e-01,0.000000000000000000e+00,3.000000109999999722e+02,1.171970090000000075e+00,2.626706481544986478e-08,3.612737184772664968e-09,8.970348112217139975e-15,4.644509456370273771e-09,-2.863556800000001346e+01,1.373699880455475967e-08,3.577028741186031154e-22,2.379618980789007085e-13,2.329092160772254227e-01,1.441387320477918955e-12,9.259422923070135274e-10,1.425177570472544545e-14,3.699905631226773649e-14,0.000000000000000000e+00,0.000000000000000000e+00,0.000000000000000000e+00,0.000000000000000000e+00,6.148177892038544678e-31,3.564686201181939131e-27,1.381164580457951100e-12,2.211410940733234445e-12,1.820610580603657561e-35,1.719895340570263692e-25,1.220495510404678357e-41,7.982506632646749788e-39,8.105480122687524526e-30,0.000000000000000000e+00,0.000000000000000000e+00,1.687579870559548781e-43,1.409366800467301916e-29,3.041645741008515031e-44,1.422290040471586979e-35,1.764693030585117186e-43,4.994132931655898815e-32,5.281724561751255110e-34,4.677766581551000456e-28,4.284146041420489171e-29,2.014433640667923384e-20,4.563044351512963778e-21,1.263284790418865760e-30,1.530240000507379684e-13,1.413678960468731918e-14,2.927120850970541580e-17,1.472360960488188959e-18,0.000000000000000000e+00,8.426010762793802283e-21,3.094524891026047638e-25,1.105303430366484182e-40,1.487291910493139610e-23,7.895036432617746871e-23,7.644481682534672306e-21,1.281720730424978705e-25,7.670907692543432743e-01,0.000000000000000000e+00,2.426668580804607570e-38,3.745510791241893969e-36,1.784961130591837347e-40,0.000000000000000000e+00
2.071875000000000105e-02,-2.078647150000000055e-01,0.000000000000000000e+00,3.000000039999999899e+02,1.171970189999999912e+00,1.723148139279480870e-08,2.315915926263457531e-09,2.621986722086613251e-15,1.997074176640438636e-09,-2.806289066666657561e+01,9.035356956612830858e-09,1.040297229610013902e-22,1.070446149598711755e-13,2.329092169126871226e-01,6.416048627594755039e-13,3.375936568734430775e-10,4.921743048154939957e-15,1.267042929525011664e-14,0.000000000000000000e+00,5.801909097824983102e-41,8.130046746952211116e-34,1.277907049520938874e-40,2.231832869163331625e-31,1.291019819516023287e-27,4.746338958220695561e-13,6.313124337633339195e-13,1.868626379299490277e-36,4.880777158170297350e-26,1.521874169429480584e-42,1.008436159621957931e-39,2.270304499148909540e-30,0.000000000000000000e+00,0.000000000000000000e+00,2.175289229184528811e-44,4.081223558470033176e-30,3.546640278670437438e-45,3.880887698545134886e-36,1.962243709264394988e-44,1.271233419523440706e-32,1.344502059495973880e-34,1.509510959434115254e-28,2.163229369189049809e-29,9.214880666545531113e-21,1.635853029386752415e-21,3.684977748618578023e-31,5.230249058039286999e-14,4.322020798379763146e-15,8.303115026887332234e-18,5.043463988109308352e-19,0.000000000000000000e+00,2.367614249112430103e-21,8.637415906762010942e-26,1.445662559458050705e-40,4.232420368413351867e-24,2.246708459157755074e-23,2.175407529184484713e-21,3.659807658628013412e-26,7.670907737124335046e-01,0.000000000000000000e+00,5.476954207946802490e-39,8.425178876841575122e-37,2.324438039128616118e-41,0.000000000000000000e+00
2.090625000000000122e-02,-2.131265069999999928e-01,0.000000000000000000e+00,3.000000009999999975e+02,1.171970249999999991e+00,1.130654936691824339e-08,1.488673487629683789e-09,7.498283057132467216e-16,9.578523764729314499e-10,-2.749019733333329185e+01,5.893840829907735203e-09,2.755735059956860615e-23,4.748178329925670450e-14,2.329092169963539460e-01,2.815857729955919838e-13,1.211222129981039167e-10,1.669942269973858195e-15,4.267640809933193651e-15,6.262387809901966313e-28,7.439118499883544739e-43,0.000000000000000000e+00,2.987905479953226220e-41,7.972245239875198296e-32,4.600862409927975894e-28,1.604285899974885879e-13,1.770320769972286898e-13,1.740696359972750652e-37,1.360686459978699313e-26,1.837681889971232283e-43,1.233681429980687494e-40,6.245519619902230826e-31,0.000000000000000000e+00,0.000000000000000000e+00,2.715808599957485655e-45,1.160994109981825415e-30,4.030706079936901769e-46,1.039874719983721319e-36,2.103137469967076931e-45,3.176245849950277530e-33,3.359461319947409300e-35,4.823749039924487824e-29,1.716505379973129027e-28,4.157323229934919485e-21,5.770213319909670933e-22,9.804015879846523727e-32,1.758232999972475960e-14,1.298543349979672221e-15,2.313428769963784759e-18,1.699192899973400065e-19,0.000000000000000000e+00,6.534132809897711861e-22,2.367789849962933993e-26,0.000000000000000000e+00,1.183055429981480072e-24,6.280048799901689610e-24,6.080746849904809053e-22,1.026493789983931004e-26,7.670907769879916627e-01,0.000000000000000000e+00,1.212487069981019296e-39,1.858846909970900960e-37,2.932123329954099001e-42,0.000000000000000000e+00
2.109375000000000139e-02,-2.182809189999999899e-01,0.000000000000000000e+00,3.000000000000000000e+02,1.171970289999999970e+00,7.203227687450707934e-09,9.549891229029872953e-10,2.097705547292914630e-16,3.826536575116810565e-10,-2.691749866666668112e+01,3.812245316739661598e-09,1.498810988718174933e-24,2.075153838225270655e-14,2.329092178008095315e-01,1.217481578958775823e-13,4.273002516345609020e-11,5.562279235242983626e-16,1.412751228791775812e-15,1.426202368780271968e-26,6.435021694496589595e-41,3.079706307366149358e-34,2.253461408072777113e-41,2.800045547605322838e-32,1.612141418621251647e-28,5.329636915441946035e-14,4.873975775831640222e-14,6.925554514077071642e-39,3.723024896815965353e-27,2.146208078164502886e-44,1.460990488750520129e-41,1.686694138557492308e-31,0.000000000000000000e+00,0.000000000000000000e+00,3.279780247195040231e-46,3.242831147226640643e-31,4.484429316164790547e-47,2.735019947660934622e-37,2.168302528145607200e-46,7.787514603339899435e-34,8.237068182955428761e-36,1.526210178694742807e-29,1.641568158596084973e-30,1.848361848419229574e-21,2.001076738288623347e-22,4.192482376414472225e-33,5.809078965031913671e-15,3.831826466722915044e-16,6.328216374587932900e-19,5.626523615188039961e-20,1.323942628867727294e-39,1.770333118485961562e-22,6.372040504550452819e-27,7.360272553705289944e-41,3.246671347223356439e-25,1.723440338526065446e-24,1.668745698572842239e-22,2.826692477582534081e-27,7.670907783439625538e-01,0.000000000000000000e+00,2.632603417748524023e-40,4.022242516560066347e-38,3.578199406939824215e-43,0.000000000000000000e+00
2.128125000000000155e-02,-2.233279499999999973e-01,0.000000000000000000e+00,3.000000000000000000e+02,1.171970310000000071e+00,4.609710033096388627e-09,6.094632842993172599e-10,5.736899416956889041e-17,1.589457227939859355e-10,-2.634479466666659064e+01,2.444125788878165223e-09,7.471809576570497836e-24,8.913514325908766943e-15,2.329092178930964874e-01,5.172638547625799570e-14,1.477264829321947278e-11,1.818564809165292948e-16,4.580360947897650750e-16,2.022745089071575977e-26,5.710466667378940034e-42,0.000000000000000000e+00,0.000000000000000000e+00,9.637087535576652667e-33,5.535449247459272618e-29,1.734137289204044462e-14,1.312705749397478258e-14,5.104546697657052814e-39,9.964138505426537699e-28,2.409426528894092173e-45,1.665011269235772578e-42,4.455759887954841100e-32,0.000000000000000000e+00,0.000000000000000000e+00,3.807757038252268925e-47,8.861336175932715428e-32,4.792097987800464154e-48,7.035812776770617751e-38,2.134653219020210886e-47,1.867094249143018323e-34,1.974954979093510920e-36,4.773842637808843358e-30,5.119697097650098877e-30,8.079109796291752591e-22,6.799499456879083231e-23,2.671266908773909218e-32,1.879697189137234137e-15,1.106519659492116257e-16,1.693351559222765033e-19,1.824719289162468224e-20,5.398018957522351437e-40,4.691863677846471403e-23,1.677357109230106163e-27,0.000000000000000000e+00,8.716018565999416628e-26,4.626750427876357969e-25,4.479917107943752872e-23,7.614717406504904129e-28,7.670907796479112806e-01,0.000000000000000000e+00,5.588117867435097723e-41,8.508609886094613691e-39,4.198755048072804525e-44,0.000000000000000000e+00
2.146875000000000172e-02,-2.282675989999999877e-01,0.000000000000000000e+00,3.000000000000000000e+02,1.171970329999999949e+00,2.938193421306951674e-09,3.860209979811503596e-10,1.501443924796656206e-17,7.100126152958483352e-11,-2.577208533333379492e+01,1.552005339135550996e-09,0.000000000000000000e+00,3.737483127918265067e-15,2.329092178702722449e-01,2.144455218805563196e-14,4.948222227243897215e-12,5.697700976826445407e-17,1.436055139200133791e-16,0.000000000000000000e+00,4.620440767426467150e-42,0.000000000000000000e+00,0.000000000000000000e+00,3.213157358210308220e-33,1.841095528974530946e-29,5.456959856960536537e-15,3.403730648104161818e-15,0.000000000000000000e+00,2.567378368569999910e-28,2.540313308585074831e-46,1.792846519001405151e-43,1.132791589369048074e-32,0.000000000000000000e+00,0.000000000000000000e+00,4.154120427686202038e-48,2.331864778701178246e-32,4.875634637284327463e-49,1.741014269030275117e-38,1.953415498911970281e-48,4.301147557604310630e-35,4.549792997465818227e-37,1.465474499183747706e-30,2.309443158713666907e-30,3.449498618078669063e-22,2.237306358753846268e-23,0.000000000000000000e+00,5.881423236724114906e-16,3.080779258284040842e-17,4.361761397570549547e-20,5.722610596812571727e-21,0.000000000000000000e+00,1.196754239333421673e-23,4.248999667633356117e-28,8.392393765325534073e-43,2.252549218745356173e-26,1.195727499333993481e-25,1.157780209355129860e-23,1.974851858900030238e-28,7.670907805727393836e-01,0.000000000000000000e+00,1.138077099366104105e-41,1.726862009038157740e-39,4.632468957419768194e-45,0.000000000000000000e+00
2.165624999999999842e-02,-2.330998649999999894e-01,0.000000000000000000e+00,3.000000000000000000e+02,1.171970329999999949e+00,1.821023313255053778e-09,2.420880711188211529e-10,4.096007553627133157e-18,3.532228378090920197e-11,-2.534254933333336623e+01,9.747158540231269550e-10,1.776942780042161137e-24,1.502152250035641478e-15,2.329092180055261918e-01,8.511106840201943012e-15,1.544673970036650150e-12,1.679893930039858271e-17,4.156320660098615663e-17,2.260149750053626322e-26,0.000000000000000000e+00,3.469595680082321851e-36,8.907867920211354977e-45,9.977773550236740594e-34,5.701191880135271053e-30,1.586057960037632169e-15,7.909844680187675242e-16,1.015961810024105348e-40,5.924073320140559529e-29,2.291083090054360189e-47,1.760155440041762841e-44,2.572806120061044411e-33,0.000000000000000000e+00,0.000000000000000000e+00,3.897875980092483228e-49,5.512805610130801062e-33,4.474696010106170078e-50,3.831687720090913475e-39,1.474928550034995232e-49,8.708293720206618403e-36,9.212091610218573891e-38,4.269809970101308604e-31,0.000000000000000000e+00,1.414480420033560997e-22,6.843502430162373995e-24,5.369300750127396342e-33,1.698302610040295389e-16,7.775774550184495044e-18,1.005852200023865614e-20,1.656836230039311423e-21,4.501528560106807174e-41,2.728522140064738949e-24,9.609927280228012504e-29,0.000000000000000000e+00,5.214618370123726249e-27,2.768091610065678207e-26,2.680244190063593492e-24,4.590451450108916792e-29,7.670907810182007180e-01,0.000000000000000000e+00,1.995080400047336940e-42,3.014944910071534560e-40,4.408076360104589439e-46,0.000000000000000000e+00
2.174999999999999850e-02,-2.354757289999999947e-01,0.000000000000000000e+00,3.000000000000000000e+02,1.171970340000000110e+00,1.427037425314160790e-09,1.914365202564247437e-10,1.850589165819761337e-18,1.416339498511992506e-11,-2.491301866666674414e+01,7.711121421758379663e-10,7.330071391671487806e-25,9.454207452155857767e-16,2.329092180531106560e-01,5.321307381213426003e-15,8.486079431935093763e-13,8.916655442033279507e-18,2.189489100499273021e-17,0.000000000000000000e+00,4.398165711002920988e-43,0.000000000000000000e+00,0.000000000000000000e+00,5.465677071246346820e-34,3.118223770711053718e-30,8.374792591909716565e-16,3.674330630837863343e-16,2.726620150621755637e-41,2.740474870624914828e-29,6.566721541497420091e-48,4.503231081026879305e-45,1.179115230268875559e-33,8.100988391847280355e-59,0.000000000000000000e+00,1.143448180260742419e-49,2.586739260589858258e-33,1.101236100251116614e-50,1.723620220393039744e-39,3.768368900859307003e-50,3.725878330849617278e-36,3.941525460898792187e-38,2.208361720503576297e-31,2.576511730587526033e-31,8.996697322051532321e-23,3.717680430847748797e-24,3.860002910880202984e-33,8.934843172037426334e-17,3.789835130864202115e-18,4.651375241060661488e-21,8.729625641990630260e-22,0.000000000000000000e+00,1.253312290285794791e-24,4.393315061001814548e-29,7.038915431605095382e-44,2.416879570551124853e-27,1.282959480292555415e-26,1.242243820283270673e-24,2.132696730486322391e-29,7.670907811749210214e-01,0.000000000000000000e+00,7.810484241781036864e-43,1.177299500268461290e-40,1.295921360295510813e-46,0.000000000000000000e+00
2.193749999999999867e-02,-2.401469200000000137e-01,0.000000000000000000e+00,3.000000000000000000e+02,1.171970340000000110e+00,9.280725693645542222e-10,1.202851968215292352e-10,5.410552215956628031e-19,7.052818087999963167e-12,-2.434030933333317748e+01,4.847368577648917019e-10,1.145463319444424526e-24,3.936074718090915212e-16,2.329092178870338092e-01,2.190652388937484601e-15,2.826022208629315430e-13,2.765346108658745046e-18,6.825281776689585173e-18,3.967463318075691335e-27,1.151281329441602822e-43,5.130154267511758982e-36,2.571821698752608479e-43,1.811808189121232196e-34,1.031133909499877004e-30,2.620217708729135836e-16,9.466475505408546299e-17,1.157285179438690885e-41,7.019855816595211858e-30,6.832795916685940340e-49,5.093488877529543175e-46,2.978137628555535920e-34,2.653883248712807075e-60,0.000000000000000000e+00,1.230977029402948421e-50,6.764278046719172546e-34,1.241578239397806777e-51,4.236385787945256922e-40,3.281503128408397272e-51,8.519490955867856805e-37,9.012875485628551673e-39,6.723658526738873692e-32,0.000000000000000000e+00,3.813408888150411173e-23,1.216225109410103524e-24,3.491005878306784249e-33,2.779666148651799628e-17,1.048863299491277648e-18,1.190416059422621504e-21,2.722104758679718085e-22,9.880038285207958199e-43,3.176069128459535707e-25,1.105609679463754580e-29,0.000000000000000000e+00,6.206167206989868593e-28,3.294438478402123516e-27,3.189887048452833225e-25,5.495823297334402863e-30,7.670907816279437519e-01,0.000000000000000000e+00,1.576334649235442368e-43,2.367661448851631152e-41,1.413065669314631238e-47,0.000000000000000000e+00
2.212499999999999883e-02,-2.447107279999999885e-01,0.000000000000000000e+00,3.000000000000000000e+02,1.171970340000000110e+00,5.759712800270617742e-10,7.511140047106640186e-11,1.218141765020065495e-19,2.808576627431952001e-12,-2.376759466666672083e+01,3.027659219083043310e-10,6.930301937901088245e-24,1.621447419508928486e-16,2.329092179294611209e-01,8.922503367297731644e-16,9.296661657184413177e-14,6.780051697946593220e-19,2.100824269363744290e-18,0.000000000000000000e+00,0.000000000000000000e+00,0.000000000000000000e+00,0.000000000000000000e+00,5.932670778203231617e-35,3.368105648979935896e-31,8.094450847548513577e-17,2.405658969271422023e-17,1.760532499466805081e-41,1.773284069462943359e-30,6.939097717898425090e-50,5.391466008367141181e-47,7.418659597753184566e-35,0.000000000000000000e+00,0.000000000000000000e+00,1.293302749608310460e-51,1.744853439471553620e-34,1.289600709609431581e-52,1.026793829689025172e-40,2.772922309160192952e-52,1.920371929418396338e-37,2.031647259384695354e-39,2.030733659384972079e-32,0.000000000000000000e+00,1.599580949515550795e-23,3.929962698809771164e-25,2.451622829257501305e-32,8.538727557413961055e-18,2.864292219132520733e-19,3.004952119089920318e-22,8.381374887461617948e-23,0.000000000000000000e+00,7.938162387595848919e-26,2.744072719168930174e-30,2.093254109366036978e-44,1.571883159523939305e-28,8.344074867472912543e-28,8.079269517553113681e-26,1.396923229576927908e-30,7.670907817676789753e-01,0.000000000000000000e+00,3.134465129050695879e-44,4.691236568579211830e-42,1.500841149545455045e-48,0.000000000000000000e+00
2.231249999999999900e-02,-2.491671520000000029e-01,0.000000000000000000e+00,3.000000000000000000e+02,1.171970350000000050e+00,3.537787710870046534e-10,4.661684807939753783e-11,3.047889057551404565e-20,1.103568519493509421e-12,-2.319488533333330338e+01,1.879320689646757588e-10,0.000000000000000000e+00,6.611509978757282101e-17,2.329092179562217424e-01,3.596768219323942056e-16,3.022363689431908559e-14,0.000000000000000000e+00,6.387414498799403825e-19,0.000000000000000000e+00,0.000000000000000000e+00,4.238514489203317256e-37,2.642709139503269133e-44,1.919746789639159040e-35,1.087189899795648994e-31,2.470002909535731133e-17,6.032984948866022823e-18,0.000000000000000000e+00,4.422641689168708005e-31,6.883196868706215554e-51,3.925462969262159008e-48,1.823548209657240854e-35,0.000000000000000000e+00,0.000000000000000000e+00,1.327231699750530003e-52,4.442017679165066242e-35,1.417885689733490376e-53,2.455425689538471391e-41,2.445552559540327260e-53,4.269462059197500289e-38,4.516984099150975373e-40,6.085754698856104675e-33,4.314964579188947723e-32,6.642192398751515200e-24,1.254824809764139762e-25,0.000000000000000000e+00,2.591091339512971037e-18,7.721900828548570459e-20,7.485408048593022341e-23,2.549299379520826967e-23,0.000000000000000000e+00,1.957798489632007086e-26,6.720367878736821872e-31,0.000000000000000000e+00,3.928823539261527565e-29,2.085549269607993989e-28,2.019362829620435187e-26,3.504009759341376684e-31,7.670907818558154734e-01,0.000000000000000000e+00,6.144198428845118783e-45,9.162898378277716962e-43,1.556940769707352954e-49,0.000000000000000000e+00
2.249999999999999917e-02,-2.535161930000000008e-01,0.000000000000000000e+00,3.000000000000000000e+02,1.171970350000000050e+00,2.144996793979722943e-10,2.875937900732050279e-11,6.942447065375045386e-20,4.280322395054047560e-13,-2.262217066666669751e+01,1.159491179865546629e-10,5.371475969377129138e-25,2.669516859690445039e-17,2.329092179729920775e-01,1.435493269833541705e-16,9.714366678873533375e-15,0.000000000000000000e+00,1.918890999777486928e-19,3.950082799541952538e-27,2.276131399736062009e-45,0.000000000000000000e+00,0.000000000000000000e+00,6.141489869287837962e-36,3.469404329597690887e-32,7.447484269136397603e-18,1.493799929826780433e-18,1.889307819780917731e-43,1.087466269873898580e-31,6.676635489225784120e-52,3.338776019612838708e-49,4.425188849486859055e-36,0.000000000000000000e+00,0.000000000000000000e+00,1.331521779845598037e-53,1.116589279870521370e-35,1.081317619874611435e-54,5.796165939327881568e-42,2.983441059654043034e-54,9.366956558913817576e-39,9.910272758850815879e-41,1.810066389790106509e-33,0.000000000000000000e+00,2.731336429683276918e-24,3.960774019540712572e-26,1.894908739780267977e-33,7.770512209098939077e-19,2.056086879761578278e-20,1.840955239786524848e-23,7.663189729111382532e-24,0.000000000000000000e+00,4.767001269447223734e-27,1.624823279811587235e-31,1.010600319882811826e-44,9.695275988875745974e-30,5.146572649403208273e-29,4.983242379422147966e-27,8.678019708993705051e-32,7.670907819110489578e-01,0.000000000000000000e+00,1.187920099862250038e-45,1.765184539795311019e-43,1.578899389816912405e-50,0.000000000000000000e+00
2.268749999999999933e-02,-2.577578500000000106e-01,0.000000000000000000e+00,3.000000000000000000e+02,1.171970350000000050e+00,1.277586613611982657e-10,1.763932626525405745e-11,3.805680844684787231e-19,1.639420052221683658e-13,-2.204945599999980033e+01,7.111899839494185444e-11,0.000000000000000000e+00,1.067590559924070480e-17,2.329092179834349741e-01,5.674134959596442830e-17,3.088197259780360683e-15,0.000000000000000000e+00,5.695414489594929999e-20,2.416178539828156130e-26,3.695437159737171990e-45,0.000000000000000000e+00,0.000000000000000000e+00,1.943188259861795811e-36,1.094989039922122052e-32,2.214717519842484299e-18,3.653570189740150007e-19,0.000000000000000000e+00,2.638309209812357250e-32,6.336379829549343041e-53,3.670155489738970459e-50,1.060654359924563852e-36,7.002046529501998685e-62,4.070311419710510278e-38,1.306930429907048069e-54,2.772680469802800435e-36,3.833550849727349357e-55,1.351244089903896532e-42,6.974976329503923542e-55,2.028968859855695221e-39,2.146710429847321181e-41,5.344270839619903849e-34,5.285702259624068683e-35,1.112602709920869239e-24,1.236391949912065150e-26,0.000000000000000000e+00,2.303969179836136524e-19,5.409593159615258075e-21,4.472238489681924355e-24,2.277529099838017246e-24,8.110904529423134997e-44,1.146452979918461715e-27,3.880073709724040690e-32,1.899484229864904521e-45,2.363286449831917878e-30,1.254510489910776415e-29,1.214697669913608118e-27,2.122956319849010445e-32,7.670907819454427790e-01,0.000000000000000000e+00,2.266494519838801629e-46,3.355712549761334222e-44,1.565687019888644842e-51,0.000000000000000000e+00
2.287499999999999950e-02,-2.618921229999999767e-01,0.000000000000000000e+00,3.000000000000000000e+02,1.171970350000000050e+00,7.407632664533541397e-11,1.075776528685318981e-11,4.345568833449689943e-22,6.203147620905456544e-14,-2.147674666666667420e+01,4.337443989811861188e-11,0.000000000000000000e+00,4.228976239816566102e-18,2.329092179898974435e-01,2.222036969903617717e-17,9.713778479578659255e-16,0.000000000000000000e+00,1.667870979927655221e-20,0.000000000000000000e+00,3.393385319852809895e-46,0.000000000000000000e+00,0.000000000000000000e+00,6.083279159736135293e-37,3.419327019851684717e-33,6.421178199721477961e-19,8.830875819616956380e-20,0.000000000000000000e+00,6.351935989724482152e-33,5.889785619744526724e-54,4.800678329791768575e-50,2.512127999891035164e-37,0.000000000000000000e+00,5.821306279747497700e-38,1.256025109945519075e-55,6.804472639704853114e-37,1.480468649935783917e-56,3.112513169864993200e-43,2.445610529893920036e-55,4.341209999811698231e-40,4.593240469800765825e-42,1.566728499932042177e-34,0.000000000000000000e+00,4.491025799805199612e-25,3.818416469834374001e-27,0.000000000000000000e+00,6.756802819706921247e-20,1.406964899938972221e-21,1.073640439953430206e-24,6.695162459709594522e-25,0.000000000000000000e+00,2.724575989881820133e-28,9.155734999602865700e-33,0.000000000000000000e+00,5.692825479753071201e-31,3.021939759868922084e-30,2.926036269873081640e-28,5.132427889777378083e-33,7.670907819667270866e-01,0.000000000000000000e+00,4.269579839814804450e-47,6.298465689726801088e-45,1.519942549934071654e-52,0.000000000000000000e+00
2.306249999999999967e-02,-2.659190129999999819e-01,0.000000000000000000e+00,3.000000000000000000e+02,1.171970350000000050e+00,4.105516611549804587e-11,6.524906866001201602e-12,6.508472899245256351e-20,2.319577045814352566e-14,-2.090402666666689058e+01,2.630815369930787404e-11,0.000000000000000000e+00,1.662797189956254062e-18,2.329092179938725138e-01,8.623747139773122303e-18,3.024330489920434394e-16,0.000000000000000000e+00,4.795564949873836318e-21,4.145472059890939102e-27,1.084028109971480766e-46,0.000000000000000000e+00,0.000000000000000000e+00,1.884985959950409134e-37,1.056850499972195779e-33,1.817241549952191266e-19,2.110288909944481525e-20,0.000000000000000000e+00,1.511648949960230836e-33,5.364528229858866976e-55,3.610551639905011688e-50,5.882036369845251910e-38,2.841830919925235549e-62,6.264934519835179032e-38,1.182809319968882016e-56,1.651074249956562799e-37,1.110795689970776691e-57,7.087391129813541597e-44,9.381526359753185573e-56,9.179208009758509105e-41,9.712325789744483159e-43,4.561549129879992152e-35,0.000000000000000000e+00,1.796915659952725858e-25,1.167155289969293895e-27,0.000000000000000000e+00,1.960721439948416539e-20,3.618940599904791318e-22,2.548225919932960412e-25,1.947481739948764903e-25,4.157247259890628295e-46,6.401256949831592795e-29,2.135789279943810350e-33,4.293632059887040860e-47,1.355768369964331836e-31,7.196866219810661414e-31,6.968468369816670125e-29,1.226753459967725955e-33,7.670907819798190586e-01,0.000000000000000000e+00,7.944910869790979633e-48,1.167752909969278257e-45,1.431184179962347752e-53,0.000000000000000000e+00
2.324999999999999983e-02,-2.698385180000000272e-01,0.000000000000000000e+00,3.000000000000000000e+02,1.171970350000000050e+00,2.086263896844300256e-11,3.936545257502671850e-12,8.949811330580513561e-20,8.575241472016178410e-15,-2.033132266666635601e+01,1.587206699974807516e-11,0.000000000000000000e+00,6.480408169897141630e-19,2.329092179963032083e-01,3.317956669947336263e-18,9.323718169852010785e-17,0.000000000000000000e+00,1.331171369978871429e-21,5.707903819909402749e-27,4.421529289929820642e-48,6.635490219894680378e-39,3.392905379946146823e-46,5.783455799908204927e-38,3.234373779948663019e-34,4.607942339926862070e-20,4.987888969920831960e-21,0.000000000000000000e+00,3.659158089941921006e-34,4.817457049923536180e-56,1.525212009975791662e-50,1.362129039978380127e-38,3.456000189945145420e-62,6.376055459898797889e-38,1.092250829982663582e-57,3.962779289937101654e-38,6.087791699903372813e-58,1.596335999974662433e-44,3.567580829943374764e-56,1.918902609969543034e-41,2.030392169967773177e-43,1.319275589979060222e-35,6.646091719894512026e-35,7.128854579886849465e-26,3.532278989943935102e-28,0.000000000000000000e+00,5.632075249910607502e-21,9.209539939853824922e-23,5.982060929905051079e-26,5.607487919910997314e-26,3.403082429945985596e-46,1.487447089976391028e-29,4.927451829921790098e-34,0.000000000000000000e+00,3.193555229949311138e-32,1.695244579973092689e-31,1.641444739973946909e-29,2.900204659953967136e-34,7.670907819878246547e-01,0.000000000000000000e+00,1.461066689976809375e-48,2.139623639966039449e-46,1.289172159979538050e-54,0.000000000000000000e+00
2.343750000000000000e-02,-2.736506409999999723e-01,0.000000000000000000e+00,3.000000000000000000e+02,1.171970350000000050e+00,8.585152804725094389e-12,2.362779826614999116e-12,5.437587374435666139e-24,3.135361907390756750e-15,-1.975860266666686726e+01,9.526702769909241900e-12,2.289606739978187224e-24,2.500454019976178451e-19,2.329092179977811095e-01,1.265928669987939540e-18,2.847244229972874621e-17,0.000000000000000000e+00,3.348381349968100153e-22,0.000000000000000000e+00,6.980463729933498369e-48,0.000000000000000000e+00,0.000000000000000000e+00,1.757652299983255323e-38,9.804560779906593325e-35,5.016382409952210510e-21,1.166562479988886589e-21,0.000000000000000000e+00,9.655077429908018863e-35,4.371310789958354982e-57,6.748501169935708581e-51,3.121005909970266377e-39,3.504717849966611677e-66,6.403585119938994531e-38,1.005855379990417529e-58,9.411801869910335676e-39,3.592016539965779751e-57,3.560531869966079333e-45,1.332130479987308799e-56,3.967732559962200157e-42,4.198339029960002999e-44,3.791031469963883411e-36,0.000000000000000000e+00,2.805124419973276198e-26,1.058817149989912957e-28,9.693618279907650506e-33,1.601999249984738029e-21,2.319671589977901206e-23,1.389579479986761695e-26,1.598855319984767908e-26,1.628625199984484118e-47,3.419862609967419866e-30,1.124777559989284294e-34,1.526017549985461841e-47,7.443455099929088198e-33,3.951231779962356808e-32,3.825836529963552324e-30,6.784480689935364902e-35,7.670907819926920945e-01,0.000000000000000000e+00,2.656596359974690622e-49,3.876071709963073136e-47,1.132515389989210615e-55,0.000000000000000000e+00
2.362500000000000017e-02,-2.773553790000000130e-01,0.000000000000000000e+00,3.000000000000000000e+02,1.171970350000000050e+00,1.161286997185652945e-12,1.411170739888101484e-12,1.229123710035740066e-24,7.671964386602486795e-17,-1.918589333333315139e+01,5.689832709967625481e-12,1.524710929991324459e-24,9.549847909945663153e-20,2.329092179986747835e-01,4.791182219972738195e-19,8.615668959950977865e-18,0.000000000000000000e+00,5.537998379968489702e-23,0.000000000000000000e+00,0.000000000000000000e+00,1.377819119992160320e-39,7.182249939959134080e-47,5.292954979969883798e-39,2.944971079983243593e-35,0.000000000000000000e+00,2.700786619984632762e-22,0.000000000000000000e+00,3.176060199981928270e-35,3.527248899979930425e-58,1.038160859994093091e-51,7.078363729959724686e-40,9.786794079944313066e-63,6.410333729963526709e-38,8.807559009949887309e-60,2.212884989987408735e-39,1.106609069993703571e-58,7.889768519955108286e-46,4.699794499973258358e-57,8.118132339953809015e-43,8.590088629951123728e-45,1.082605479993840035e-36,0.000000000000000000e+00,1.095097029993769062e-26,3.144714479982107086e-29,3.898979869977815278e-33,4.513949819974315533e-22,5.785172149967082630e-24,3.195387429981818740e-27,4.516009889974304555e-27,0.000000000000000000e+00,7.782920099955716483e-31,2.541368209985540029e-35,0.000000000000000000e+00,1.717358059990228534e-33,9.116303729948129023e-33,8.826991109949775912e-31,1.571071449991060781e-35,7.670907819956354068e-01,0.000000000000000000e+00,4.778010899972813000e-50,6.945540499960480161e-48,8.778687109950050277e-57,0.000000000000000000e+00
2.381250000000000033e-02,-2.809527339999999818e-01,0.000000000000000000e+00,3.000000000000000000e+02,1.171970350000000050e+00,0.000000000000000000e+00,8.388230043509673657e-13,2.743737696299789718e-25,0.000000000000000000e+00,-1.861317866666684395e+01,3.382132039988560972e-12,8.852554449970060621e-25,3.689558409987521095e-20,2.329092179992122702e-01,1.799283789993914591e-19,2.584231189991259502e-18,0.000000000000000000e+00,0.000000000000000000e+00,0.000000000000000000e+00,0.000000000000000000e+00,1.899001289993577039e-40,1.000963939996614506e-47,1.579912059994656330e-39,8.767966769970344981e-36,0.000000000000000000e+00,6.192037929979057754e-23,0.000000000000000000e+00,1.586392749994634485e-35,2.360869259992015335e-59,5.259631279982210887e-52,1.589660879994623454e-40,5.335077979981955775e-64,6.411971349978313051e-38,7.701705539973951614e-61,5.152607359982571920e-40,1.448895029995099606e-59,1.757036509994057450e-46,7.157988829975790799e-58,1.644256389994438880e-43,1.739850169994115669e-45,3.073046939989606347e-37,9.124250749969138786e-36,4.242742469985650327e-27,9.257350979968688997e-30,3.155523989989327602e-33,1.260396029995737178e-22,1.429130949995166187e-24,7.277376839975386523e-28,1.264039439995724910e-27,0.000000000000000000e+00,1.753938869994068073e-31,5.685869879980769028e-36,0.000000000000000000e+00,3.923769849986729338e-34,2.082866619992955476e-33,2.016765309993178799e-31,3.602769279987814394e-36,7.670907819974055464e-01,0.000000000000000000e+00,8.503949769971238599e-51,1.231590739995834519e-48,0.000000000000000000e+00,0.000000000000000000e+00
2.400000000000000050e-02,-2.844427050000000179e-01,0.000000000000000000e+00,3.000000000000000000e+02,1.171970350000000050e+00,0.000000000000000000e+00,4.963528988310339103e-13,2.893717720453288519e-19,0.000000000000000000e+00,-1.804046399999994321e+01,2.001294199995994807e-12,0.000000000000000000e+00,1.620450299996756868e-20,2.329092179995338741e-01,6.706667929986577425e-20,7.685954949984618915e-19,0.000000000000000000e+00,0.000000000000000000e+00,1.846010109996305798e-26,3.613457919992768598e-53,1.243929899997510529e-40,6.563032409986866013e-48,4.676097219990641550e-40,2.588381909994819612e-36,0.000000000000000000e+00,1.406383109997185395e-23,1.339833379997318497e-49,1.198558939997601310e-35,2.634379629994728024e-60,2.161229199995674935e-52,3.536521069992922925e-41,1.824381499996348765e-67,6.412364869987166621e-38,6.629774309986732204e-62,1.188617329997621353e-40,4.742853679990508723e-60,4.099921079991794746e-47,8.880499289982225772e-62,3.297952589993399864e-44,3.489512109993016194e-46,8.672451049982643905e-38,6.236747059987518012e-38,1.631767009996734669e-27,2.701998029994592412e-30,0.000000000000000000e+00,3.488710039993018434e-23,3.498278089992999082e-25,1.642504339996712884e-28,3.507339919992980957e-28,1.407912709997182421e-47,3.915534469992163421e-32,1.260148779997477930e-36,9.675457669980636651e-52,8.881134589982226118e-35,4.714399539990564981e-34,4.564784599990865050e-32,8.184731169983619053e-37,7.670907819984648102e-01,0.000000000000000000e+00,1.498396969997001285e-51,2.161991559995673107e-49,3.819526999992356024e-60,0.000000000000000000e+00
2.418750000000000067e-02,-2.878252920000000104e-01,0.000000000000000000e+00,3.000000000000000000e+02,1.171970350000000050e+00,0.000000000000000000e+00,2.924496014361752256e-13,1.319482078666675463e-26,0.000000000000000000e+00,-1.746775466666652221e+01,1.179156589998609350e-12,2.808873689996687813e-25,7.753691539990856449e-21,2.329092179997253320e-01,2.481932429997073181e-20,2.267417729997325849e-19,0.000000000000000000e+00,0.000000000000000000e+00,0.000000000000000000e+00,0.000000000000000000e+00,0.000000000000000000e+00,0.000000000000000000e+00,1.372756609998381118e-40,7.579020759991063339e-37,0.000000000000000000e+00,3.165642879996266351e-24,3.941857919995351190e-45,1.122578809998676172e-35,3.128581849996310438e-59,6.918514049991841605e-53,7.796692539990805322e-42,6.686596159992114220e-68,6.412458549992438338e-38,1.384123029998367820e-60,2.717469069996795613e-41,8.170752399990364097e-60,1.136189549998660169e-47,4.556933459994626509e-64,6.552395039992273282e-45,6.931070019991826271e-47,2.433764379997129740e-38,0.000000000000000000e+00,6.231757709992650854e-28,7.822050819990776649e-31,4.740206469994410171e-33,9.575878839988707657e-24,8.488285729989990443e-26,3.678167669995662385e-29,9.650610279988619323e-29,0.000000000000000000e+00,8.662334899989783661e-33,2.767612979996736588e-37,4.079087389995189958e-47,1.992128699997650443e-35,1.057487699998752967e-34,1.023927549998792499e-32,1.842717599997826813e-37,7.670907819990954168e-01,0.000000000000000000e+00,2.614815249996916649e-52,3.758763519995567617e-50,7.763293249990845239e-59,0.000000000000000000e+00
2.437500000000000083e-02,-2.911004959999999864e-01,0.000000000000000000e+00,3.000000000000000000e+02,1.171970350000000050e+00,0.000000000000000000e+00,1.716289105699202765e-13,2.845759201380886084e-27,0.000000000000000000e+00,-1.689503999999991990e+01,6.920077079995211101e-13,0.000000000000000000e+00,6.057728329995807740e-21,2.329092179998387968e-01,9.121731159993686730e-21,6.637029379995406951e-20,0.000000000000000000e+00,0.000000000000000000e+00,0.000000000000000000e+00,6.627950419995413076e-52,2.129863849998525573e-42,1.130592359999217494e-49,3.998568349997232494e-41,2.201886129998476167e-37,0.000000000000000000e+00,7.064253989995111251e-25,9.551798229993390301e-50,1.106674249999234143e-35,2.246148819998445297e-62,1.230239359999148556e-53,1.703977279998820788e-42,2.461127639998296500e-68,6.412480649995561913e-38,5.146513349996438451e-64,6.159596239995736603e-42,5.036489659996514992e-60,4.597722879996817676e-48,6.006441909995843384e-65,1.289404289999107662e-45,1.362203519999057407e-47,6.793084359995297565e-39,0.000000000000000000e+00,2.363908609998363759e-28,2.246653039998445019e-31,0.000000000000000000e+00,2.607318969998195334e-24,2.042313749998586727e-26,8.200536209994325521e-30,2.634129099998176444e-29,0.000000000000000000e+00,1.899787629998685201e-33,6.025689889995829326e-38,1.679029299998837990e-51,4.430047729996933052e-36,2.351615639998372168e-35,2.276985379998424109e-33,4.113024099997153569e-38,7.670907819994691179e-01,0.000000000000000000e+00,4.520965639996871870e-53,6.474572619995519508e-51,0.000000000000000000e+00,0.000000000000000000e+00
2.456250000000000100e-02,-2.942683159999999742e-01,0.000000000000000000e+00,3.000000000000000000e+02,1.171970350000000050e+00,0.000000000000000000e+00,1.003683109385116502e-13,6.074849593720803707e-28,0.000000000000000000e+00,-1.632232533333331759e+01,4.046850119998361488e-13,6.676591019997297332e-25,5.837258779997637598e-21,2.329092179999057155e-01,3.330485399998651958e-21,1.928266519999219397e-20,0.000000000000000000e+00,0.000000000000000000e+00,0.000000000000000000e+00,5.451967079997793183e-48,0.000000000000000000e+00,0.000000000000000000e+00,1.156003859999532148e-41,6.349163989997429709e-38,3.065899349998759194e-21,1.563406649999367301e-25,7.429232819996992333e-46,1.101092839999554365e-35,1.169207969999526722e-59,2.592778809998950223e-54,3.693040639998505174e-43,5.331184569997842389e-66,6.412485809997404353e-38,5.874367639997621436e-61,1.384718479999439423e-42,2.966764029998798948e-62,2.799166349998867159e-48,5.467973469997786895e-66,2.508787559998984188e-46,2.635693659998932942e-48,1.886250059999236336e-39,4.493213339998181418e-39,8.909594409996394508e-29,6.404341919997407002e-32,1.347737249999454541e-33,7.044611829997148436e-25,4.874310649998027477e-27,1.838173869999255878e-30,7.134609409997112113e-30,0.000000000000000000e+00,4.131971479998326768e-34,1.301015419999473306e-38,7.792484809996846029e-49,9.770050779996047156e-37,5.186265619997900104e-36,5.021675649997967038e-34,9.104744179996314675e-39,7.670907819996894972e-01,0.000000000000000000e+00,7.747271109996864554e-54,1.105401039999552556e-51,3.276562399998673667e-59,0.000000000000000000e+00
2.475000000000000117e-02,-2.973287519999999740e-01,0.000000000000000000e+00,3.000000000000000000e+02,1.171970350000000050e+00,0.000000000000000000e+00,5.852525878370035341e-14,1.823153159692407040e-19,0.000000000000000000e+00,-1.574961600000019324e+01,2.359738379999442939e-13,0.000000000000000000e+00,5.003369119998819435e-21,2.329092179999450174e-01,1.208518489999714763e-21,5.562452719998687334e-21,0.000000000000000000e+00,0.000000000000000000e+00,1.163057419999725572e-26,0.000000000000000000e+00,0.000000000000000000e+00,0.000000000000000000e+00,3.318276159999216333e-42,1.817744339999570784e-38,3.029702969999285223e-21,3.432693239999189552e-26,2.730089429999355352e-46,1.099848349999740350e-35,5.124030759998790892e-60,3.784862189999106353e-55,7.939536799998125862e-44,5.694286999998656264e-67,6.412487009998486354e-38,2.323710939999451262e-61,3.088559669999271310e-43,3.089311879999270919e-60,2.101975929999503569e-48,1.067131899999748229e-66,4.784761239998871531e-47,4.902288389998842828e-49,5.211381479998769908e-40,0.000000000000000000e+00,3.337871519999211895e-29,1.812552169999572294e-32,0.000000000000000000e+00,1.889387349999554216e-25,1.154374449999727503e-27,4.145939669999021742e-31,1.918261799999547400e-30,6.981258279998352516e-51,8.915553859997895967e-35,2.786693059999342006e-39,3.216452719999240909e-48,2.137661089999495515e-37,1.134741099999732277e-36,1.098729259999740574e-34,1.999539249999527726e-39,7.670907819998189492e-01,0.000000000000000000e+00,1.316072109999689207e-54,1.871268249999558226e-52,1.003049499999763307e-59,0.000000000000000000e+00
2.493750000000000133e-02,-3.002818050000000127e-01,0.000000000000000000e+00,3.000000000000000000e+02,1.171970350000000050e+00,0.000000000000000000e+00,3.406074043327844565e-14,2.697686764991068819e-29,0.000000000000000000e+00,-1.517689599999981453e+01,1.373329039999811064e-13,0.000000000000000000e+00,2.104857369999711028e-21,2.329092179999679990e-01,4.360997019999400454e-22,1.593956909999781054e-21,0.000000000000000000e+00,0.000000000000000000e+00,0.000000000000000000e+00,0.000000000000000000e+00,0.000000000000000000e+00,0.000000000000000000e+00,9.461681159998699607e-43,5.169483779999288997e-39,0.000000000000000000e+00,7.480467489998971058e-27,1.471242019999797651e-48,1.099667379999848838e-35,1.898900489999738758e-61,3.888044429999465728e-56,1.693337829999767165e-44,1.177250359999838238e-69,6.412487289999118367e-38,5.876318619999192017e-62,6.838159429999059755e-44,0.000000000000000000e+00,1.679046669999769295e-48,4.697192729999354439e-69,8.590741549998818938e-48,7.751346739998935456e-50,1.432955199999802933e-40,0.000000000000000000e+00,1.243797109999829056e-29,5.095483679999299639e-33,7.797346999998926531e-34,5.032438479999308716e-26,2.713947049999626963e-28,9.592444809998681664e-32,5.122039709999295767e-31,2.899578429999601160e-51,1.909196099999737506e-35,5.923780519999185902e-40,0.000000000000000000e+00,4.642026689999361962e-38,2.464141079999661424e-37,2.385939739999672016e-35,4.358389579999401024e-40,7.670907819998945554e-01,0.000000000000000000e+00,2.215170419999695173e-55,3.142157609999568532e-53,8.344317019998852870e-61,0.000000000000000000e+00
2.512500000000000150e-02,-3.031274729999999806e-01,0.000000000000000000e+00,3.000000000000000000e+02,1.171970350000000050e+00,0.000000000000000000e+00,1.981574874165347102e-14,5.639872778252819963e-30,0.000000000000000000e+00,-1.460418666666669019e+01,7.989709849999360788e-14,0.000000000000000000e+00,6.706413299999464915e-22,2.329092179999813772e-01,1.566958319999874611e-22,4.541375639999637290e-22,0.000000000000000000e+00,0.000000000000000000e+00,0.000000000000000000e+00,1.801490639999855877e-56,0.000000000000000000e+00,0.000000000000000000e+00,2.682336719999785775e-43,1.461654649999883213e-39,1.374410159999890265e-22,1.618894999999870446e-27,4.317370059999655683e-53,1.099698359999912116e-35,1.544423529999876635e-64,3.262340409999739144e-57,3.581028259999713781e-45,4.221761419999663003e-70,6.412487349999487143e-38,2.841564319999772983e-66,1.504143679999879705e-44,7.257076549999420325e-63,1.353237139999891720e-48,1.418776409999886547e-68,1.151405789999907763e-48,1.166360789999906851e-51,3.922408419999686896e-41,0.000000000000000000e+00,4.616097829999630593e-30,1.424090279999886254e-33,0.000000000000000000e+00,1.332226519999893690e-26,6.338248809999493924e-29,2.370547659999810497e-32,1.359331069999891476e-31,2.668561769999786544e-56,4.059981569999674728e-36,1.250460129999900077e-40,0.000000000000000000e+00,1.001077159999920026e-38,5.314048179999575391e-38,5.145402939999588109e-36,9.434419699999245493e-41,7.670907819999387423e-01,0.000000000000000000e+00,3.680038259999705717e-56,5.236062879999581819e-54,0.000000000000000000e+00,0.000000000000000000e+00
2.531250000000000167e-02,-3.058657579999999876e-01,0.000000000000000000e+00,3.000000000000000000e+02,1.171970350000000050e+00,0.000000000000000000e+00,1.155400136922071364e-14,1.180163785593688117e-30,0.000000000000000000e+00,-1.403147733333353031e+01,4.658573339999782744e-14,0.000000000000000000e+00,2.437290009999886163e-22,2.329092179999891488e-01,5.623587189999737612e-23,1.289586259999939730e-22,0.000000000000000000e+00,0.000000000000000000e+00,0.000000000000000000e+00,2.907598779999864410e-62,6.986344899999673966e-52,7.913304229999631630e-59,7.578656799999646525e-44,4.118762659999807766e-40,3.646654949999830416e-23,3.485082059999837536e-28,2.336897809999891063e-57,1.099705039999948688e-35,3.194427739999851001e-65,2.567116669999880639e-58,7.489226029999650246e-46,1.515126669999929079e-70,6.412487359999701037e-38,5.570623929999740911e-69,3.295520749999846399e-45,1.751089539999918440e-64,1.084672849999949302e-48,4.901282389999771551e-69,0.000000000000000000e+00,0.000000000000000000e+00,1.069463359999950278e-41,0.000000000000000000e+00,1.711682629999920318e-30,3.966178959999815113e-34,0.000000000000000000e+00,3.512955879999836421e-27,1.473144109999931364e-29,6.021392619999719241e-33,3.593443959999832219e-32,1.315986189999938633e-61,8.587333299999597945e-37,2.625327409999878040e-41,0.000000000000000000e+00,2.147449659999899749e-39,1.139937209999946930e-38,1.103760459999948395e-36,2.031465469999905327e-41,7.670907819999642774e-01,0.000000000000000000e+00,5.910960919999724802e-57,8.668477829999595197e-55,0.000000000000000000e+00,0.000000000000000000e+00
2.549999999999999836e-02,-3.084966599999999781e-01,0.000000000000000000e+00,3.000000000000000000e+02,1.171970350000000050e+00,0.000000000000000000e+00,6.780501595815394383e-15,2.502905093825887436e-31,0.000000000000000000e+00,-1.345875733333348556e+01,2.733898239999925248e-14,0.000000000000000000e+00,8.920553899999756079e-23,2.329092179999936452e-01,2.032315659999944396e-23,3.678347089999899915e-23,0.000000000000000000e+00,0.000000000000000000e+00,0.000000000000000000e+00,0.000000000000000000e+00,4.422246189999879266e-52,4.984628129999864061e-59,2.150722409999941361e-44,1.165703409999968152e-40,9.710813249999735709e-24,7.510996139999795115e-29,1.543296839999957927e-57,1.099706459999969929e-35,9.979228049999728203e-66,1.984565999999945959e-59,1.533655079999958020e-46,5.475527519999850487e-71,6.412487369999825143e-38,1.272971709999965233e-69,7.262127919999801491e-46,5.144973529999859436e-65,8.618218989999763633e-49,1.710628499999953115e-69,0.000000000000000000e+00,0.000000000000000000e+00,2.910188989999920385e-42,0.000000000000000000e+00,6.393063939999826142e-31,1.109290349999969602e-34,0.000000000000000000e+00,9.296451649999745790e-28,3.430872659999905990e-30,1.662090199999954569e-33,9.533653289999740387e-33,3.328737009999908974e-65,1.818001989999950337e-37,5.516478879999849442e-42,0.000000000000000000e+00,4.611591209999874324e-40,2.447984919999933006e-39,2.370296309999935370e-37,4.379202829999879635e-42,7.670907819999790433e-01,0.000000000000000000e+00,8.171588019999776810e-58,1.432715139999960713e-55,1.221660909999966678e-64,0.000000000000000000e+00
2.568749999999999853e-02,-3.110201770000000088e-01,0.000000000000000000e+00,3.000000000000000000e+02,1.171970350000000050e+00,0.000000000000000000e+00,4.032433187020373900e-15,5.533742207008647336e-32,0.000000000000000000e+00,-1.288604800000006456e+01,1.625877059999973377e-14,0.000000000000000000e+00,3.358013349999945472e-23,2.329092179999962264e-01,7.555537479999877286e-24,1.081556889999982572e-23,0.000000000000000000e+00,0.000000000000000000e+00,0.000000000000000000e+00,0.000000000000000000e+00,9.123572309999852973e-53,0.000000000000000000e+00,6.291800109999898015e-45,3.401024419999945035e-41,2.665746279999956615e-24,1.666680369999973154e-29,5.738368239999907589e-58,1.099706769999982255e-35,3.182556229999948682e-66,1.582328449999974353e-60,2.971184619999951995e-47,2.035633109999966990e-71,6.412487369999896138e-38,3.514171989999942935e-70,1.672484999999973062e-46,1.651578729999973425e-64,6.787275109999889824e-49,5.979265809999903928e-70,0.000000000000000000e+00,0.000000000000000000e+00,7.968362419999870774e-43,0.000000000000000000e+00,2.454973259999960290e-31,3.198344109999947977e-35,0.000000000000000000e+00,2.536061819999958591e-28,8.232188699999866628e-31,5.258096549999914066e-34,2.607392919999957601e-33,1.756381159999971561e-66,3.962086469999935837e-38,1.193165059999980711e-42,0.000000000000000000e+00,1.019609319999983344e-40,5.412422999999911567e-40,5.240655759999915541e-38,9.719678529999841923e-43,7.670907819999875921e-01,0.000000000000000000e+00,1.059559929999982681e-59,2.429682919999960387e-56,7.094767409999884283e-62,0.000000000000000000e+00
2.587499999999999870e-02,-3.134363110000000230e-01,0.000000000000000000e+00,3.000000000000000000e+02,1.171970350000000050e+00,0.000000000000000000e+00,2.455862634744461874e-15,1.356098935764108285e-32,0.000000000000000000e+00,-1.202697599999986444e+01,9.902038139999901993e-15,5.368397269999946210e-40,1.366037089999986662e-23,2.329092179999976697e-01,3.040222479999969513e-24,3.542535119999964676e-24,0.000000000000000000e+00,0.000000000000000000e+00,0.000000000000000000e+00,1.561697859999984312e-70,0.000000000000000000e+00,0.000000000000000000e+00,2.051620139999979573e-45,1.106374849999989004e-41,8.218178829999919143e-25,4.253498579999957462e-30,2.309610249999977120e-58,1.099706829999989072e-35,1.088080599999989030e-66,1.416902709999985747e-61,4.800792849999951309e-48,8.191041619999919044e-72,6.412487369999936856e-38,1.120440149999988726e-70,4.584924129999954699e-47,3.360459639999966235e-64,5.304380579999946277e-49,2.045264419999979331e-70,0.000000000000000000e+00,0.000000000000000000e+00,2.273485399999976969e-43,0.000000000000000000e+00,1.016233999999989931e-31,1.029645499999989637e-35,1.895897779999980989e-48,7.775234119999922652e-29,2.252544429999977889e-31,2.072537539999979593e-34,8.011847919999918647e-34,5.832610269999942771e-67,9.950026289999899833e-39,2.976166809999970240e-43,8.268163379999918387e-71,2.593722949999973965e-41,1.376833799999986225e-40,1.333138969999986701e-38,2.481058689999975336e-43,7.670907819999923660e-01,0.000000000000000000e+00,0.000000000000000000e+00,4.867316219999951466e-57,1.244877209999987588e-59,0.000000000000000000e+00
2.624999999999999903e-02,-3.179464269999999759e-01,0.000000000000000000e+00,3.000000000000000000e+02,1.171970350000000050e+00,0.000000000000000000e+00,9.708151811814077020e-16,1.128836556657530750e-33,0.000000000000000000e+00,-1.088155199999998857e+01,3.914326809999984645e-15,4.497131919999982602e-41,2.920788469999987979e-24,2.329092179999990575e-01,6.402046959999974579e-25,5.652040799999976469e-25,0.000000000000000000e+00,0.000000000000000000e+00,0.000000000000000000e+00,0.000000000000000000e+00,0.000000000000000000e+00,9.017219449999963183e-62,3.254255099999987274e-46,1.749500819999992829e-42,1.212230829999995326e-25,4.949481049999980450e-31,6.997869399999971676e-59,1.099706849999995531e-35,1.563888879999993831e-67,4.941034669999980099e-63,0.000000000000000000e+00,1.724852049999993204e-72,6.412487369999974442e-38,1.643426839999993352e-71,7.146581619999969895e-48,7.697633629999969423e-64,3.008159409999987634e-49,3.226216939999987037e-71,0.000000000000000000e+00,0.000000000000000000e+00,3.053364559999987822e-44,0.000000000000000000e+00,2.226690559999991020e-32,1.606207529999993467e-36,1.587723319999993580e-49,1.138774949999995636e-29,2.857146419999988212e-32,4.292386649999982933e-35,1.176807669999995163e-34,2.114486809999991443e-67,1.135183269999995370e-39,3.367442319999986500e-44,0.000000000000000000e+00,3.006170299999988095e-42,1.595774479999993804e-41,1.545131399999993759e-39,2.887768279999988411e-44,7.670907819999969179e-01,0.000000000000000000e+00,0.000000000000000000e+00,4.236913029999983372e-58,4.605706819999981608e-57,0.000000000000000000e+00
2.662499999999999936e-02,-3.220270089999999752e-01,0.000000000000000000e+00,3.000000000000000000e+02,1.171970350000000050e+00,0.000000000000000000e+00,3.813304687704454901e-16,9.253251952101668721e-35,0.000000000000000000e+00,-9.736125333333372822e+00,1.537524449999997803e-15,3.658891869999994017e-42,6.185197069999991534e-25,2.329092179999996404e-01,1.335138419999997893e-25,8.923903669999986975e-26,0.000000000000000000e+00,0.000000000000000000e+00,4.040100939999993643e-45,0.000000000000000000e+00,3.625796199999993715e-55,1.424101779999997743e-62,5.108091799999991644e-47,2.737633659999995559e-43,1.769198189999997223e-26,5.695840299999992010e-32,8.071292369999988012e-57,1.099706849999998204e-35,2.105036429999996563e-68,3.025330649999995301e-64,0.000000000000000000e+00,3.597150369999994488e-73,6.412487369999990102e-38,1.863557919999997201e-68,1.723398899999997302e-48,1.234733049999998059e-63,1.574785899999997427e-49,4.755409059999993423e-72,0.000000000000000000e+00,0.000000000000000000e+00,4.073725169999993973e-45,0.000000000000000000e+00,4.832567599999992527e-33,2.479426689999996564e-37,1.297716169999998179e-50,1.650202139999997627e-30,3.584612749999994821e-33,8.874737959999986354e-36,1.710235749999997177e-35,0.000000000000000000e+00,1.280790929999997890e-40,3.767972039999994476e-45,0.000000000000000000e+00,3.445763369999994844e-43,1.829124999999997060e-42,1.771076369999997286e-40,3.324088669999994947e-45,7.670907819999988053e-01,0.000000000000000000e+00,0.000000000000000000e+00,3.645891199999994268e-59,1.738603729999997431e-54,0.000000000000000000e+00
2.699999999999999969e-02,-3.256780559999999936e-01,0.000000000000000000e+00,3.000000000000000000e+02,1.171970350000000050e+00,0.000000000000000000e+00,1.491335813523975628e-16,7.479320459937694838e-36,0.000000000000000000e+00,-8.590696000000018984e+00,6.013065999999996289e-16,2.946961859999997919e-43,1.299038119999999092e-25,2.329092179999998347e-01,2.761365999999998103e-26,1.396151919999999342e-26,0.000000000000000000e+00,0.000000000000000000e+00,0.000000000000000000e+00,0.000000000000000000e+00,0.000000000000000000e+00,0.000000000000000000e+00,7.944889019999994836e-48,4.244781429999996993e-44,2.558098849999998173e-27,6.491014599999995981e-33,3.008367189999997986e-54,1.099706849999999273e-35,2.647223419999998495e-69,3.544946149999997344e-65,0.000000000000000000e+00,7.439704179999995477e-74,6.412487359999995459e-38,7.471631729999995427e-64,6.199835559999996012e-49,1.119563229999999163e-63,7.583666719999996134e-50,8.641309689999994728e-73,0.000000000000000000e+00,0.000000000000000000e+00,5.403204839999995818e-46,2.812604029999998216e-52,1.040283919999999299e-33,3.792326309999997325e-38,1.048155329999999295e-51,2.369078199999998378e-31,4.454224809999997463e-34,1.831006489999998497e-36,2.462364559999998023e-36,0.000000000000000000e+00,1.430979929999999146e-41,4.174962689999996517e-46,7.244292599999995346e-74,3.911210589999997344e-44,2.076199759999998788e-43,2.010310029999998874e-41,3.789131519999997606e-46,7.670907819999994715e-01,0.000000000000000000e+00,0.000000000000000000e+00,3.105535759999998106e-60,6.488354369999995951e-52,0.000000000000000000e+00
2.737500000000000003e-02,-3.288995670000000038e-01,0.000000000000000000e+00,3.000000000000000000e+02,1.171970350000000050e+00,0.000000000000000000e+00,5.829589508978025244e-17,6.010402911031011004e-37,0.000000000000000000e+00,-7.445271999999996559e+00,2.350490489999999477e-16,2.363232509999999577e-44,2.712172019999999767e-26,2.329092179999999457e-01,5.676877909999998432e-27,2.168363639999999612e-27,0.000000000000000000e+00,0.000000000000000000e+00,0.000000000000000000e+00,0.000000000000000000e+00,0.000000000000000000e+00,0.000000000000000000e+00,1.226674239999999631e-48,6.533451959999998280e-45,3.670807919999998933e-28,7.336607209999998286e-34,1.111385919999999719e-51,1.099706849999999674e-35,3.100138499999999545e-70,5.198077599999999451e-66,0.000000000000000000e+00,1.529469199999999722e-74,6.412487359999998591e-38,2.966393589999999567e-59,2.519954899999999444e-49,1.450465319999999758e-64,3.329461839999999231e-50,1.123669039999999774e-73,0.000000000000000000e+00,0.000000000000000000e+00,7.129767449999997791e-47,2.066920309999999477e-54,2.226473729999999460e-34,5.757663319999998487e-39,8.296316479999998977e-53,3.375322079999999394e-32,5.490574669999998438e-35,3.785173529999999617e-37,3.518409619999999315e-37,1.414361759999999685e-70,1.585617079999999455e-42,4.587746759999998724e-47,0.000000000000000000e+00,4.403125849999998645e-45,2.337324629999999459e-44,2.263147899999999640e-42,4.283856409999998947e-47,7.670907819999998045e-01,0.000000000000000000e+00,0.000000000000000000e+00,2.622232779999999250e-61,2.397007019999999527e-49,0.000000000000000000e+00
2.775000000000000036e-02,-3.316915440000000048e-01,0.000000000000000000e+00,3.000000000000000000e+02,1.171970350000000050e+00,0.000000000000000000e+00,2.297202586813205777e-17,4.881387697910168129e-38,0.000000000000000000e+00,-6.299845333333381703e+00,9.262320829999999456e-17,1.909575379999999892e-45,5.668711520000000068e-27,2.329092180000000012e-01,1.168125470000000024e-27,3.361045489999999752e-28,0.000000000000000000e+00,0.000000000000000000e+00,4.980584319999999382e-48,6.305399279999999546e-68,0.000000000000000000e+00,0.000000000000000000e+00,1.890125349999999843e-49,1.003547629999999971e-45,5.253564079999999977e-29,8.256361620000000321e-35,4.069639030000000088e-49,1.099706849999999941e-35,3.848972150000000054e-71,7.940988120000000643e-67,0.000000000000000000e+00,3.147170439999999920e-75,6.412487359999999635e-38,1.167545759999999948e-54,9.880483999999998231e-50,0.000000000000000000e+00,1.323736050000000005e-50,1.368278510000000057e-74,0.000000000000000000e+00,0.000000000000000000e+00,9.367062829999999096e-48,8.013523109999999856e-56,4.771785799999999930e-35,8.722528000000000123e-40,6.784074029999999183e-54,4.795938549999999718e-33,6.742433539999999321e-36,7.993246580000000290e-38,5.013869569999999740e-38,4.767454740000000182e-71,1.749130409999999971e-43,5.018617529999999706e-48,0.000000000000000000e+00,4.935273859999999828e-46,2.619806359999999869e-45,2.536664870000000166e-43,4.822159489999999578e-48,7.670907820000000266e-01,0.000000000000000000e+00,0.000000000000000000e+00,2.201301370000000034e-62,8.777265880000000247e-47,0.000000000000000000e+00
2.812500000000000069e-02,-3.340539860000000250e-01,0.000000000000000000e+00,3.000000000000000000e+02,1.171970350000000050e+00,0.000000000000000000e+00,9.306597222234368380e-18,4.598870416616780722e-39,0.000000000000000000e+00,-5.154418666666618520e+00,3.752419999999999944e-17,1.694242289999999860e-46,1.220847270000000033e-27,2.329092180000000012e-01,2.476318879999999985e-28,5.345976240000000259e-29,0.000000000000000000e+00,0.000000000000000000e+00,0.000000000000000000e+00,1.022768749999999910e-63,0.000000000000000000e+00,0.000000000000000000e+00,2.988271670000000277e-50,1.581535569999999860e-46,7.705094220000000253e-30,9.481499879999998819e-36,1.479359139999999858e-46,1.099706849999999941e-35,3.527480700000000339e-70,1.254256900000000039e-67,0.000000000000000000e+00,6.671708039999999729e-76,6.412487359999999635e-38,4.561204340000000176e-50,3.616777760000000246e-50,7.009758939999999983e-65,4.829978950000000345e-51,1.631975639999999860e-75,0.000000000000000000e+00,0.000000000000000000e+00,1.227059449999999812e-48,6.610198600000000110e-55,1.054057930000000007e-35,1.355455260000000036e-40,6.016282389999999720e-55,6.982474299999999848e-34,8.462220580000000498e-37,1.854878230000000135e-38,7.321443989999999101e-39,0.000000000000000000e+00,1.968280230000000025e-44,5.599445679999999517e-49,1.394174539999999934e-63,5.644498030000000011e-47,2.996285979999999890e-46,2.901196630000000103e-44,5.539175789999999689e-49,7.670907820000000266e-01,0.000000000000000000e+00,0.000000000000000000e+00,1.876168409999999879e-63,3.189658349999999816e-44,1.283780890000000064e-57
2.850000000000000103e-02,-3.359868930000000087e-01,0.000000000000000000e+00,3.000000000000000000e+02,1.171970350000000050e+00,0.000000000000000000e+00,4.042961731153088929e-18,1.525837083151440552e-37,0.000000000000000000e+00,-3.436279999999992008e+00,1.630122169999999955e-17,1.821583399999999882e-47,3.038462719999999677e-28,2.329092180000000012e-01,6.076585170000000432e-29,1.011996690000000040e-29,0.000000000000000000e+00,0.000000000000000000e+00,0.000000000000000000e+00,0.000000000000000000e+00,2.229534130000000144e-60,1.336274170000000141e-67,5.625759240000000137e-51,2.968753060000000097e-47,1.354406490000000018e-30,1.329970699999999909e-36,5.482864170000000509e-44,1.099706509999999977e-35,3.088879789999999874e-68,2.383226749999999712e-68,0.000000000000000000e+00,1.637155790000000001e-76,6.412487359999999635e-38,1.770772500000000089e-45,1.333849579999999975e-50,8.898693900000000411e-65,1.771287710000000112e-51,2.204904809999999919e-76,0.000000000000000000e+00,0.000000000000000000e+00,1.617029589999999967e-49,2.799358149999999934e-56,2.683464809999999697e-36,2.511986880000000350e-41,6.501109619999999585e-56,1.219147859999999894e-34,1.288843630000000144e-37,5.735217349999999476e-39,1.281784569999999982e-39,0.000000000000000000e+00,2.709256569999999885e-45,7.646499860000000052e-50,5.105682119999999518e-61,7.887545129999999658e-48,4.186969459999999812e-47,4.054092899999999852e-45,7.771721620000000360e-50,7.670907820000000266e-01,0.000000000000000000e+00,0.000000000000000000e+00,1.990548590000000148e-64,1.151637820000000081e-41,2.117733799999999998e-57
2.925000000000000169e-02,-3.385641030000000051e-01,0.000000000000000000e+00,3.000000000000000000e+02,1.171970350000000050e+00,0.000000000000000000e+00,9.541076388890767605e-19,2.576453396816239541e-34,0.000000000000000000e+00,-1.145425333333324414e+00,3.846961999999999699e-18,4.630176249999999643e-49,3.450011700000000106e-29,2.329092180000000012e-01,6.781778450000000765e-30,8.298715039999999956e-31,0.000000000000000000e+00,0.000000000000000000e+00,0.000000000000000000e+00,0.000000000000000000e+00,0.000000000000000000e+00,0.000000000000000000e+00,4.583921660000000436e-52,2.410801459999999869e-48,1.019703480000000152e-31,7.755669850000000318e-38,1.124567629999999898e-40,1.099440279999999953e-35,2.528164970000000246e-66,1.938649140000000078e-69,0.000000000000000000e+00,1.827126799999999703e-77,6.412413450000000547e-38,1.422815689999999973e-40,1.068266990000000080e-51,2.200102189999999863e-65,1.335891580000000100e-52,3.949450139999999853e-78,1.021505760000000136e-52,0.000000000000000000e+00,9.052985930000000621e-51,5.017180540000000678e-60,3.132568150000000222e-37,2.009827709999999910e-42,1.787678269999999982e-57,9.106812609999999625e-36,8.242550569999999672e-39,6.873058309999999502e-40,9.604425520000000670e-41,6.775219360000000016e-75,1.546981859999999939e-46,4.327757520000000358e-51,4.495819890000000400e-66,4.580153599999999568e-49,2.431296800000000108e-48,2.354137799999999924e-46,4.533294530000000072e-51,7.670907820000000266e-01,0.000000000000000000e+00,0.000000000000000000e+00,8.538083720000000012e-66,8.455703469999999201e-39,2.214312040000000083e-57
2.999999999999999889e-02,-3.394231719999999952e-01,0.000000000000000000e+00,3.000000000000000000e+02,1.171970350000000050e+00,0.000000000000000000e+00,2.248290622519994610e-19,1.660735296041984427e-30,0.000000000000000000e+00,-1.145425333333324414e+00,9.065107789999999245e-19,3.280964559999999732e-46,3.909508330000000423e-30,2.329092180000000012e-01,7.553680480000000853e-31,6.790706870000000198e-32,0.000000000000000000e+00,0.000000000000000000e+00,1.922206609999999783e-55,1.707391720000000110e-67,0.000000000000000000e+00,2.081498390000000089e-70,3.727044010000000248e-53,1.953527610000000066e-49,7.659396240000000378e-33,4.512533709999999959e-39,8.215951399999999283e-37,6.347093680000000665e-37,1.449079630000000124e-67,1.111184200000000076e-70,0.000000000000000000e+00,1.133544550000000030e-78,3.939369760000000141e-39,1.158309079999999961e-35,6.330189769999999997e-53,1.209455659999999947e-66,7.315937430000000292e-54,3.553214150000000306e-79,1.118853740000000103e-53,0.000000000000000000e+00,9.316114129999999917e-52,0.000000000000000000e+00,3.649608819999999990e-38,1.604606750000000109e-43,1.219164330000000054e-58,6.787877010000000682e-37,5.259670770000000086e-40,3.965160940000000389e-41,7.181438939999999172e-42,0.000000000000000000e+00,8.813363739999999474e-48,2.443900430000000168e-52,4.019023130000000290e-67,2.653637669999999951e-50,1.408638519999999943e-49,1.363934339999999920e-47,2.638363180000000239e-52,7.670907820000000266e-01,0.000000000000000000e+00,0.000000000000000000e+00,3.653745450000000471e-67,1.316204669999999994e-39,0.000000000000000000e+00
