grid,velocity,spreadRate,Lambda,T,D,Y_H2,Y_H,Y_O,Y_O2,Y_OH,Y_H2O,Y_HO2,Y_H2O2,Y_C,Y_CH,Y_CH2,Y_CH2(S),Y_CH3,Y_CH4,Y_CO,Y_CO2,Y_HCO,Y_CH2O,Y_CH2OH,Y_CH3O,Y_CH3OH,Y_C2H,Y_C2H2,Y_C2H3,Y_C2H4,Y_C2H5,Y_C2H6,Y_HCCO,Y_CH2CO,Y_HCCOH,Y_N,Y_NH,Y_NH2,Y_NH3,Y_NNH,Y_NO,Y_NO2,Y_N2O,Y_HNO,Y_CN,Y_HCN,Y_H2CN,Y_HCNN,Y_HCNO,Y_HOCN,Y_HNCO,Y_NCO,Y_N2,Y_AR,Y_C3H7,Y_C3H8,Y_CH2CHO,Y_CH3CHO
0,0.0853204474,1.18637396e-19,-76.4694015,300,0.651651214,1.04885761e-05,4.29742809e-15,3.97690493e-17,7.14938293e-11,4.00943738e-15,1.85321909e-07,8.93070161e-17,-1.46336585e-14,-4.49646147e-14,1.17368889e-14,1.35188917e-15,-1.26364221e-13,5.44613356e-14,0.999988596,5.47676168e-08,9.52151537e-09,-2.89086216e-18,7.311544e-13,-6.95346126e-18,-9.44242301e-16,2.32005513e-13,1.37264233e-18,2.0606985e-09,2.71205786e-18,2.30224921e-10,7.91507165e-15,3.04272107e-11,7.03588047e-18,5.96597906e-13,1.82997243e-13,2.00028551e-13,2.62920384e-15,2.12955487e-14,3.79803989e-11,9.24566618e-30,9.20914763e-11,2.51629467e-14,-8.57373475e-15,-2.08989165e-13,5.6134861e-14,9.3638109e-12,4.75152181e-17,-9.27314277e-14,1.79305399e-13,4.04420646e-15,1.80407512e-12,3.91413986e-17,6.63645689e-07,-1.28372377e-18,1.61964443e-16,4.79144026e-15,3.7170089e-16,3.67806712e-15
0.000375,0.0851304776,0.515779938,-76.4694015,300.002779,0.651624883,1.50340702e-05,4.84818385e-15,7.90728087e-17,1.72833905e-10,9.30659922e-18,4.48330375e-07,2.16596845e-16,-1.30274093e-14,-4.45736257e-14,2.30367806e-21,1.30196263e-15,-2.94277664e-20,1.30126416e-13,0.999982739,1.33625979e-07,2.72663289e-08,-8.88458995e-18,1.63966137e-12,-6.94705298e-18,-9.37096278e-16,6.92109216e-13,2.24145688e-19,5.80062343e-09,1.13809252e-18,6.64519818e-10,2.39284739e-14,9.26668834e-11,1.55396282e-17,1.92181209e-12,5.85546809e-13,1.99240207e-13,2.59396515e-15,2.12994937e-14,9.30770853e-11,2.25703778e-29,2.25162229e-10,6.75111097e-14,8.89174093e-15,-2.08772085e-13,4.7217642e-14,2.81295496e-11,1.43294878e-16,-9.25875824e-14,5.10451655e-13,1.13947805e-14,5.18209362e-12,1.12344931e-16,1.61094242e-06,-1.28371144e-18,5.75108775e-16,1.63635321e-14,1.19911744e-15,5.3322724e-15
0.00075,0.0845557683,1.03158164,-76.4694015,300.009148,0.651582297,2.15451624e-05,4.93914878e-15,1.68356611e-16,4.17496607e-10,1.28020297e-19,1.08375703e-06,5.21927109e-16,-9.12686931e-15,-4.38472294e-14,3.58721836e-28,1.25147146e-15,-6.66506323e-27,9.50415326e-13,0.99997304,3.25774701e-07,7.80066053e-08,-1.505651e-17,4.32237744e-12,-6.92947824e-18,-9.20858312e-16,2.06261247e-12,2.73374841e-20,1.63127481e-08,2.37430027e-18,1.91611452e-09,7.22198314e-14,2.8114012e-10,3.39917168e-17,6.17253276e-12,1.87675262e-12,1.97725466e-13,2.53129114e-15,2.13112937e-14,2.27919983e-10,5.5843735e-29,5.50085289e-10,1.8086751e-13,5.90765957e-14,-2.08248097e-13,3.74737903e-14,8.44008687e-11,4.23380953e-16,-9.22974358e-14,1.46024706e-12,3.24777422e-14,1.48709278e-11,2.61786728e-16,3.90738099e-06,-1.28369718e-18,2.04177625e-15,5.75364757e-14,3.8534983e-15,1.06615839e-14
0.001125,0.083597927,1.54743489,-76.4694015,300.023686,0.651510389,3.08526885e-05,4.97385894e-15,3.62319584e-16,1.00581901e-09,2.30380002e-19,2.61279583e-06,1.25130297e-15,3.07245057e-16,-4.25359012e-14,-1.79403816e-28,1.19861673e-15,4.10676623e-28,2.8982453e-12,0.999956013,7.92087476e-07,2.22451213e-07,-6.49336093e-18,1.22083237e-11,-6.88109223e-18,-8.79193315e-16,6.12636749e-12,2.55887164e-21,4.57301279e-08,6.58415254e-18,5.50728847e-09,2.17187178e-13,8.49262246e-10,7.39095166e-17,1.97429078e-11,5.99890775e-12,1.94879106e-13,2.42311913e-15,2.13399412e-14,5.56599538e-10,1.3622396e-28,1.34026498e-09,4.82998858e-13,2.02638964e-13,-2.06985611e-13,2.75413945e-14,2.5240034e-10,1.24412171e-15,-9.17212731e-14,4.17233833e-12,9.2679058e-14,4.25368513e-11,5.56223293e-16,9.45211175e-06,-1.28368357e-18,7.22292007e-15,2.03308071e-13,1.23282595e-14,2.77499117e-14
0.0015,0.0822600703,2.0634101,-76.4694015,300.056651,0.651383198,4.41117896e-05,4.93191086e-15,7.67292243e-16,2.41102407e-09,4.90562251e-19,6.26740227e-06,2.98219721e-15,2.29718289e-14,-4.02664137e-14,-2.37600986e-28,1.14098838e-15,9.90917627e-28,7.49499406e-12,0.999924171,1.91611072e-06,6.30581682e-07,8.03027876e-17,3.52133997e-11,-6.7482512e-18,-7.6513101e-16,1.80841529e-11,2.59128831e-22,1.27444459e-07,1.81551649e-17,1.5734195e-08,6.49036312e-13,2.54862118e-09,1.5974127e-16,6.27239414e-11,1.90548702e-11,1.89699474e-13,2.24456571e-15,2.14031633e-14,1.3523201e-09,3.25705405e-28,3.24890878e-09,1.28249197e-12,6.10263626e-13,-2.03960588e-13,1.82349289e-14,7.50166564e-10,3.6403967e-15,-9.06030898e-14,1.18587299e-11,2.63296839e-13,1.20945305e-10,1.10847562e-15,2.27497966e-05,-1.28367715e-18,2.53749889e-14,7.15148584e-13,3.91709394e-14,8.21094636e-14
0.001875,0.0805483415,2.57967292,-76.4694015,300.1307,0.651148048,6.29077553e-05,4.80030413e-15,1.56967585e-15,5.73544438e-09,1.01729857e-18,1.49190543e-05,7.05370443e-15,7.6902042e-14,-3.65734545e-14,-2.64921426e-28,1.07642437e-15,2.30759985e-27,1.82434516e-11,0.999861041,4.59959521e-06,1.77156599e-06,4.73078494e-16,1.01601641e-10,-6.38631835e-18,-4.4445745e-16,5.28898705e-11,7.0895049e-23,3.52050155e-07,4.86795481e-17,4.45489199e-08,1.92152011e-12,7.57634621e-09,3.42359357e-16,1.97330695e-10,5.99431108e-11,1.80691933e-13,1.96892796e-15,2.15350135e-14,3.26018929e-09,7.5964796e-28,7.81498611e-09,3.37654571e-12,1.75540912e-12,-1.96776582e-13,1.03437803e-14,2.20902835e-09,1.05810146e-14,-8.85012e-14,3.34121532e-11,7.41726549e-13,3.40810388e-10,2.07210239e-15,5.43373028e-05,-1.28369135e-18,8.82271292e-14,2.49130019e-12,1.23236407e-13,2.53089996e-13
0.00225,0.0784748629,3.0966093,-76.4694015,300.29498,0.650697298,8.93815311e-05,4.58122942e-15,3.03458764e-15,1.35023412e-08,2.03936783e-18,3.51436906e-05,1.65298978e-14,2.03623669e-13,-3.10902514e-14,-2.61923525e-28,1.00658292e-15,5.26058764e-27,4.30708233e-11,0.999730041,1.09258205e-05,4.91708536e-06,1.91186225e-15,2.90475937e-10,-5.41109274e-18,4.61318024e-16,1.52760352e-10,4.56036371e-23,9.60936027e-07,1.25911183e-16,1.24603854e-07,5.61761563e-12,2.2238724e-08,7.2356256e-16,6.1268357e-10,1.86110853e-10,1.65999521e-13,1.5852554e-15,2.17992891e-14,7.77680837e-09,1.72520509e-27,1.86013403e-08,8.78806013e-12,4.92778983e-12,-1.79921915e-13,4.40674952e-15,6.42375527e-09,3.04449418e-14,-8.47193151e-14,9.30102418e-11,2.06464878e-12,9.48766264e-10,3.5708085e-15,0.000128434693,-1.28374987e-18,3.02515658e-13,8.55996561e-12,3.82637791e-13,7.82953759e-13
0.003,0.0733094925,4.13470652,-76.4694015,301.206093,0.648499228,0.000173818021,3.96347662e-15,8.53325237e-15,5.9291604e-08,7.46161279e-18,0.0001544165,7.24333203e-14,9.55663795e-13,-1.54094909e-14,-1.50108426e-28,8.93556598e-16,2.27914456e-26,1.87571067e-10,0.999022196,4.8612835e-05,2.73160973e-05,1.45977384e-14,1.68378551e-09,1.38790207e-18,7.16455033e-15,8.96597836e-10,1.32965999e-23,5.21531456e-06,5.88630878e-16,6.99649704e-07,3.35315466e-11,1.33465265e-07,2.64150517e-15,3.96826491e-09,1.20540226e-09,1.15123696e-13,6.19109211e-16,2.30729792e-14,3.48053327e-08,6.84275197e-27,8.30095094e-08,4.45994591e-11,2.76429132e-11,-8.00308507e-14,-8.89569927e-16,3.80562847e-08,1.78300541e-13,-6.92798592e-14,5.18845132e-10,1.15170764e-11,5.29267592e-09,7.73324482e-15,0.000567363162,-1.28403248e-18,2.23621862e-12,6.34491967e-11,2.47844534e-12,5.08418502e-12
0.00375,0.0670078821,5.18733468,-76.4694015,304.102686,0.64218861,0.000319933102,3.68686353e-15,1.25176443e-14,2.14994248e-07,3.36507165e-17,0.000559661757,2.70811413e-13,3.53107389e-12,-3.68427264e-15,1.23669712e-28,9.54076941e-16,1.14547223e-25,6.73831875e-10,0.996726504,0.000178213173,0.000120378279,7.6995145e-14,7.68953165e-09,2.91617793e-17,3.66366457e-14,4.13552442e-09,2.23741563e-25,2.25413758e-05,2.32811992e-15,3.11056406e-06,1.56998882e-10,6.27455294e-07,6.64265605e-15,1.98859838e-08,6.04055982e-09,5.34550928e-14,1.03283848e-16,2.65401804e-14,1.28098145e-07,2.61182548e-26,3.05050948e-07,1.82258537e-10,1.22570148e-10,2.60733082e-13,-9.94251291e-16,1.76898196e-07,8.20475188e-13,-4.34589711e-14,2.294438e-09,5.09306631e-11,2.34053737e-08,8.14262417e-15,0.00206814007,-1.28452528e-18,1.25409998e-11,3.56472708e-10,1.24118733e-11,2.55902157e-11
0.0045,0.0601027336,6.28009916,-76.4694015,312.558214,0.625389729,0.000559137624,5.14343646e-15,6.49854818e-15,7.01214221e-07,2.60495996e-16,0.0018197423,9.995329e-13,1.16286648e-11,-3.59695026e-16,1.94031634e-28,7.37287358e-16,7.6456693e-25,2.19500555e-09,0.989670088,0.000587453021,0.000472969364,3.30188237e-13,3.12377629e-08,1.46807395e-16,1.55169529e-13,1.6962252e-08,-6.11521648e-26,8.69304607e-05,1.16055594e-14,1.23219204e-05,6.55213892e-10,2.62444094e-06,8.43723275e-15,8.84367278e-08,2.68634579e-08,1.3119588e-14,8.79757115e-17,3.52294861e-14,4.22776266e-07,1.6723005e-25,1.00782668e-06,6.65688596e-10,4.84283275e-10,1.32769651e-12,-2.01521987e-16,7.30870056e-07,3.3646805e-12,-1.66764242e-14,9.04518701e-09,2.00780222e-10,9.22694182e-08,3.31429268e-15,0.00678559888,-1.28415907e-18,6.23518949e-11,1.77256426e-09,5.52099005e-11,1.14332592e-10
0.004875,0.0567826198,6.86441339,-76.4694015,321.889891,0.60843632,0.000725033275,8.73017918e-15,3.31209082e-15,1.26918617e-06,8.46191297e-16,0.00327920724,2.23572747e-12,2.11430636e-11,-4.80298257e-17,2.20186757e-28,5.27666754e-16,3.15463614e-24,4.03952534e-09,0.981418239,0.0010702296,0.000958925944,7.16842719e-13,6.46088366e-08,3.92927629e-16,3.25242114e-13,3.53011881e-08,4.01748658e-26,0.000174202466,3.66854329e-14,2.51025352e-05,1.38555028e-09,5.5372201e-06,8.66035135e-15,1.94030054e-07,5.89382921e-08,4.1631093e-15,2.43437316e-16,4.37864288e-14,7.68901335e-07,7.32450283e-25,1.83843812e-06,1.28854719e-09,9.85294147e-10,2.57289067e-12,-3.95596576e-17,1.52780362e-06,6.99263155e-12,-7.69612655e-15,1.8377195e-08,4.07927666e-10,1.87464943e-07,1.32323094e-15,0.0123375471,-1.28169695e-18,1.47695426e-10,4.18551454e-09,1.21378574e-10,2.51614607e-10
0.00525,0.0538144098,7.49653805,-76.4694015,337.65904,0.582464366,0.00092456711,1.8304488e-14,2.89574571e-15,2.2723382e-06,2.58820142e-15,0.00582410411,5.31212324e-12,3.80240638e-11,-4.1409528e-18,5.01749391e-28,5.78823171e-16,1.76027649e-23,7.44761027e-09,0.966737882,0.00192987508,0.00193602631,1.59166778e-12,1.33036879e-07,1.14977812e-15,6.67922045e-13,7.3182563e-08,5.10161228e-25,0.0003473396,1.33839956e-13,5.09155487e-05,2.93297619e-09,1.16671018e-05,1.3393996e-14,4.25999002e-07,1.29400589e-07,9.51903884e-16,8.10666491e-16,5.71091076e-14,1.37961675e-06,4.77551776e-24,3.31938008e-06,2.47402935e-09,1.9965877e-09,4.76625297e-12,-4.41109413e-18,3.18129446e-06,1.44504801e-11,-2.78396171e-15,3.71834789e-08,8.25381083e-10,3.79307477e-07,3.58343118e-16,0.0222262659,-1.27420299e-18,3.53030239e-10,9.95726062e-09,2.67357935e-10,5.54257607e-10
0.005625,0.0512326857,8.19282591,-76.4694015,362.329471,0.547050111,0.00115220306,4.82756866e-14,6.60754267e-15,3.90570846e-06,6.96300133e-15,0.00988479304,1.32806958e-11,6.56269326e-11,-2.42243524e-19,3.53388402e-27,1.50722772e-15,1.16256993e-22,1.34783146e-08,0.942574195,0.00334104753,0.00372775404,3.55160315e-12,2.60316643e-07,3.76105519e-15,1.26668023e-12,1.44145383e-07,7.20586277e-24,0.000660841436,5.4763496e-13,9.8382793e-05,5.93527359e-09,2.3390515e-05,3.72882426e-14,8.86794279e-07,2.69370018e-07,1.57399657e-16,3.1569734e-15,7.70185675e-14,2.36609107e-06,4.63769306e-23,5.75283467e-06,4.53306821e-09,3.857236e-09,8.30146441e-12,-2.81086681e-19,6.28906785e-06,2.81777735e-11,-7.91427616e-16,7.17318777e-08,1.59227213e-09,7.31735533e-07,7.8912194e-17,0.0385166601,-1.25696455e-18,7.99217052e-10,2.23750537e-08,5.58966662e-10,1.15733916e-09
0.006,0.0488341807,8.96138563,-76.4694015,397.701018,0.504766591,0.00139617122,1.54766758e-13,1.73790269e-14,6.32626295e-06,1.62339368e-14,0.0157302991,3.39915416e-11,1.0669081e-10,-1.04687511e-20,3.65702644e-26,4.66477009e-15,9.93596437e-22,2.37446527e-08,0.906263128,0.00544946843,0.00668057649,7.97813179e-12,4.71670178e-07,1.38298515e-14,2.13547571e-12,2.62785511e-07,1.13406855e-22,0.00117138155,2.38800941e-12,0.000176658004,1.12104205e-08,4.34494239e-05,1.22771686e-13,1.70076356e-06,5.16616189e-07,1.97540804e-17,1.34019612e-14,1.06387066e-13,3.804596e-06,6.03766622e-22,9.39065749e-06,7.73952853e-09,6.93130816e-09,1.34058828e-11,-1.03986524e-20,1.14946547e-05,4.99724105e-11,-1.83795984e-16,1.2873162e-07,2.85753339e-09,1.31319162e-06,4.38050989e-17,0.063053354,-1.22438689e-18,1.65827169e-09,4.59493025e-08,1.07626442e-09,2.22508855e-09
0.006375,0.0461832142,9.79457162,-76.4694015,444.160269,0.460396008,0.00164085728,5.51781033e-13,4.17602805e-14,9.57215422e-06,3.3142007e-14,0.0232804465,8.43243471e-11,1.61946034e-10,-3.67327396e-22,3.83412318e-25,1.29119451e-14,1.09424261e-20,4.06939904e-08,0.856739237,0.0082996369,0.011024107,1.75642411e-11,7.82657955e-07,5.52151065e-14,3.14494271e-12,4.38476905e-07,1.69345989e-21,0.00191384356,1.0257274e-11,0.00029157328,1.95752782e-08,7.39136413e-05,3.79142252e-13,2.96869619e-06,9.01748098e-07,2.17943644e-18,5.56155545e-14,1.52291727e-13,5.68796238e-06,8.63177051e-21,1.43086949e-05,1.21522113e-08,1.14588886e-08,1.98472343e-11,1.2284161e-21,1.92057874e-05,7.75615545e-11,-3.69755e-17,2.12584551e-07,4.71889113e-09,2.16858576e-06,9.22841821e-17,0.0966799544,-1.1721817e-18,3.09532824e-09,8.49651904e-08,1.87478319e-09,3.88748815e-09
0.00675,0.0427725068,10.6673386,-76.4694015,500.707145,0.418439061,0.00187133952,1.94419573e-12,8.62361987e-14,1.3523772e-05,5.98171107e-14,0.032078265,1.88983887e-10,2.29416648e-10,-1.13950613e-23,3.36971426e-24,2.9754382e-14,1.11905814e-19,6.81306831e-08,0.795233678,0.0117961778,0.0167447436,3.30447597e-11,1.18960757e-06,2.227009e-13,4.02517046e-12,6.69747268e-07,2.04526914e-20,0.00288083856,3.94048431e-11,0.000442234146,3.15550287e-08,0.000115081996,9.89630943e-13,4.71517044e-06,1.43221232e-06,1.44129797e-18,2.04909712e-13,2.35130549e-13,7.9133198e-06,1.09158443e-19,2.03400244e-05,1.7448388e-08,1.74193165e-08,2.66638317e-11,1.11614081e-20,2.93443406e-05,9.77390624e-11,-6.84400098e-18,3.22900085e-07,7.16772487e-09,3.29395414e-06,2.43049984e-16,0.138754599,-1.09964531e-18,5.10026522e-09,1.41097852e-07,2.90954222e-09,6.15257751e-09
0.007125,0.0382106822,11.5427111,-76.4694015,565.662646,0.381385315,0.0020772734,6.09082367e-12,1.47537189e-13,1.79390193e-05,9.84397885e-14,0.0414574574,3.63924522e-10,3.04992944e-10,-4.10274192e-25,2.15758649e-23,5.52540087e-14,8.27334988e-19,1.12344385e-07,0.724950022,0.0157300973,0.0235675143,4.19822805e-11,1.66927163e-06,8.34513185e-13,4.3976229e-12,9.43800222e-07,1.88208657e-19,0.00402148982,1.24085409e-10,0.00062070753,4.68092281e-08,0.00016513932,2.08820087e-12,6.86824586e-06,2.0861111e-06,8.87154737e-18,6.31755136e-13,4.06788371e-13,1.03186983e-05,1.04337092e-18,2.71216776e-05,2.28848546e-08,2.45080886e-08,3.2140669e-11,6.82340577e-20,4.1330847e-05,8.22438845e-11,-1.2872834e-18,4.54168258e-07,1.00818363e-08,4.6331304e-06,6.23314793e-16,0.187296485,-1.01029966e-18,7.06062146e-09,2.11532524e-07,3.92015399e-09,8.81577764e-09
0.0073125,0.0354298097,11.9668092,-76.4694015,600.750966,0.36491301,0.00216934435,1.03021691e-11,1.82397619e-13,2.02257015e-05,1.27324822e-13,0.04614347,4.77124974e-10,3.44187757e-10,-3.89514545e-26,4.89211814e-23,7.02389679e-14,1.96746138e-18,1.4545064e-07,0.687880178,0.0177767908,0.027250866,4.05281247e-11,1.92525345e-06,1.62989323e-12,4.32942774e-12,1.09059827e-06,5.42878129e-19,0.00463218332,2.04838858e-10,0.000716454603,5.47732349e-08,0.000192455374,2.84543368e-12,8.05265449e-06,2.44577236e-06,2.92297579e-17,1.04070579e-12,5.6949574e-13,1.15327016e-05,2.88837543e-18,3.0648165e-05,2.52793999e-08,2.8316058e-08,3.38304241e-11,1.76454394e-19,4.77374064e-05,6.05796767e-11,-4.46385619e-19,5.24866377e-07,1.16514338e-08,5.35441831e-06,1.00115629e-15,0.213108183,-9.60853417e-19,7.25597729e-09,2.4955512e-07,4.19636989e-09,1.0105058e-08
0.0075,0.0323070245,12.376048,-76.4694015,637.430314,0.349722,0.00225391736,1.66682913e-11,2.15127576e-13,2.25249989e-05,1.73358769e-13,0.0507430908,6.03208475e-10,3.83612236e-10,-3.66170168e-28,1.00717598e-22,8.44792918e-14,4.24445705e-18,1.88269039e-07,0.650131135,0.0198403586,0.031047257,3.6362822e-11,2.18681034e-06,2.99460499e-12,4.05503338e-12,1.24094999e-06,1.62345434e-18,0.00525810704,3.1789719e-10,0.000814680791,6.22502678e-08,0.000220767732,3.72382589e-12,9.28584437e-06,2.82021039e-06,9.33692849e-17,1.62849463e-12,8.07091505e-13,1.27322992e-05,7.34595354e-18,3.42026087e-05,2.7315567e-08,3.2222205e-08,3.47198803e-11,5.02518302e-19,5.42883179e-05,3.76164633e-11,-1.03548648e-19,5.97600745e-07,1.3266344e-08,6.09650474e-06,1.60001871e-15,0.239544075,-9.10640581e-19,6.56167933e-09,2.88054118e-07,4.20865302e-09,1.12581319e-08
0.0076875,0.0288413513,12.7661209,-76.4694015,675.515627,0.335743431,0.00233122394,2.60197471e-11,2.44782866e-13,2.4806453e-05,2.60634748e-13,0.0552023874,7.32911057e-10,4.2267541e-10,9.51067223e-27,1.91815164e-22,9.716621e-14,8.41815715e-18,2.43925174e-07,0.612211343,0.0218926015,0.0348953342,3.15789147e-11,2.44956187e-06,5.2096512e-12,3.60865281e-12,1.39232353e-06,5.30317176e-18,0.00588917289,4.68157484e-10,0.000913770747,6.83111739e-08,0.000249581317,4.75155053e-12,1.05456875e-05,3.20272e-06,3.09307529e-16,2.43461191e-12,1.15309756e-12,1.39027255e-05,1.73415101e-17,3.77366572e-05,2.88787441e-08,3.61560557e-08,3.49774697e-11,1.57451403e-18,6.08728524e-05,2.11267151e-11,4.56708143e-20,6.71186233e-07,1.49002828e-08,6.84728944e-06,2.6143686e-15,0.266251417,-8.59240688e-19,4.97171322e-09,3.25536963e-07,3.86814137e-09,1.21607474e-08
0.007875,0.025038358,13.133461,-76.4694015,714.837937,0.322885669,0.00240168385,3.94659447e-11,2.71213514e-13,2.70451027e-05,4.46905492e-13,0.0594825126,8.5098304e-10,4.60749885e-10,2.86371871e-26,3.44149764e-22,1.08086838e-13,1.56138688e-17,3.16527948e-07,0.574565564,0.0239100622,0.0387401864,2.73781049e-11,2.70973263e-06,8.49793959e-12,3.06640968e-12,1.54252366e-06,1.90057142e-17,0.00651654115,6.59432487e-10,0.00101230649,7.18864793e-08,0.000278444214,6.00750432e-12,1.18118461e-05,3.58718838e-06,1.04455507e-15,3.49493994e-12,1.65518056e-12,1.50329242e-05,3.83649026e-17,4.12102294e-05,2.98818946e-08,4.00531979e-08,3.49821324e-11,5.17488406e-18,6.73956889e-05,1.19587164e-11,1.10157541e-19,7.44573085e-07,1.65299768e-08,7.59604089e-06,4.48433364e-15,0.292913167,-8.07609186e-19,3.14799707e-09,3.60561691e-07,3.16623856e-09,1.2713015e-08
0.00825,0.0164668998,13.792967,-76.4694015,796.690566,0.300116437,0.00252414641,8.35533551e-11,3.11967255e-13,3.13301471e-05,1.77169982e-12,0.0674285637,9.97668716e-10,5.31359355e-10,2.44055246e-25,9.60452724e-22,1.2514533e-13,4.71535043e-17,5.26320452e-07,0.501364105,0.0277793687,0.0462609271,2.14945007e-11,3.21204368e-06,1.7860028e-11,1.99813622e-12,1.8333506e-06,2.56967033e-16,0.00773536003,1.15901234e-09,0.0012037292,6.88402032e-08,0.000334984308,9.64339317e-12,1.43020736e-05,4.34390628e-06,7.55661849e-15,6.45179053e-12,3.31258115e-12,1.71487799e-05,1.56881086e-16,4.78717799e-05,3.01222643e-08,4.75536373e-08,3.56336462e-11,4.91852096e-17,7.99959204e-05,4.6848022e-12,1.0634236e-19,8.87754539e-07,1.97102374e-08,9.05676896e-06,1.37722731e-14,0.345157702,-7.06864386e-19,1.12088382e-09,4.19644272e-07,1.20115734e-09,1.26589834e-08
0.008625,0.00669625027,14.3390246,-76.4694015,881.504615,0.28075599,0.00262633566,1.70125724e-10,3.63082417e-13,3.52766289e-05,8.01098957e-12,0.0744931642,9.3071929e-10,5.79006657e-10,4.21751951e-24,2.80716031e-21,1.55624159e-13,1.50915587e-16,8.90643987e-07,0.432819045,0.031346656,0.0533204605,1.96928146e-11,3.67623769e-06,2.53429403e-11,1.24650933e-12,2.10301299e-06,2.9377659e-15,0.0088707845,1.9030137e-09,0.00138188308,5.11066598e-08,0.000387871977,1.71031014e-11,1.66422642e-05,5.05782432e-06,4.86516415e-14,1.10215547e-11,6.71784832e-12,1.90483683e-05,5.50952489e-16,5.40150735e-05,2.80804811e-08,5.43524441e-08,4.11187712e-11,3.77805524e-16,9.16435719e-05,2.33029145e-12,6.80386128e-20,1.02180647e-06,2.26896487e-08,1.04236888e-05,4.55600218e-14,0.394513368,-6.12745691e-19,5.29387177e-10,4.58507953e-07,3.35630563e-10,1.16268758e-08
0.009,-0.00413543345,14.7669727,-76.4694015,968.26635,0.264123183,0.00271298241,3.45258926e-10,4.58288116e-13,3.88507467e-05,3.48301128e-11,0.0807091508,7.47454256e-10,5.66048877e-10,9.6456975e-23,1.13310125e-20,2.58957954e-13,6.29905123e-16,1.54097897e-06,0.370076791,0.0345755367,0.0597753027,2.15516105e-11,4.09591023e-06,2.80112034e-11,8.82643575e-13,2.34725097e-06,2.65541217e-14,0.00990300094,3.11374476e-09,0.00154348562,3.21016411e-08,0.000435704575,3.38519433e-11,1.87745942e-05,5.71368488e-06,2.40567551e-13,1.80883266e-11,1.3882272e-11,2.07333979e-05,1.75771746e-15,5.95792563e-05,2.44854666e-08,6.02315147e-08,5.43469936e-11,2.3657192e-15,0.000102155358,1.45306292e-12,6.48351589e-20,1.14424025e-06,2.54160656e-08,1.16705278e-05,1.4591197e-13,0.440000804,-5.27638628e-19,3.17184435e-10,4.77534285e-07,1.23545132e-10,1.02756985e-08
0.009375,-0.015892203,15.0805457,-76.4694015,1056.56354,0.249572889,0.00278812458,7.25488665e-10,6.61760399e-13,4.20598225e-05,1.43478325e-10,0.0861674535,6.17502523e-10,4.55794495e-10,2.21794742e-21,8.50322947e-20,7.50204143e-13,3.58924659e-15,2.76482174e-06,0.313530158,0.0374685649,0.065578099,2.82742392e-11,4.4727854e-06,3.19577454e-11,8.76083205e-13,2.56592248e-06,1.99626949e-13,0.0108275165,5.31310583e-09,0.00168762411,2.30047894e-08,0.000477709854,7.37754975e-11,2.06777591e-05,6.30927734e-06,9.15969436e-13,2.93301434e-11,2.99467334e-11,2.22224083e-05,5.39148919e-15,6.4569577e-05,2.02156891e-08,6.50624014e-08,7.94347359e-11,1.28848319e-14,0.000111510007,1.14527463e-12,1.39554767e-19,1.25445551e-06,2.78846119e-08,1.27896601e-05,4.5159586e-13,0.48118292,-4.52389676e-19,2.32353832e-10,4.81162289e-07,6.2227098e-11,8.8794642e-09
0.00975,-0.0284419023,15.2892748,-76.4694015,1145.30466,0.236812977,0.00285487914,1.62956298e-09,1.1271162e-12,4.49352219e-05,5.73990201e-10,0.0909780665,5.94424492e-10,2.88740345e-10,4.91099817e-20,1.16891598e-18,3.79831889e-12,2.60762377e-14,5.23720005e-06,0.263040374,0.0400507402,0.0707472555,4.42985577e-11,4.81645284e-06,4.29113362e-11,1.28040472e-12,2.76213162e-06,1.32061776e-12,0.0116496963,9.5682907e-09,0.00181483379,2.24338082e-08,0.000513241685,1.76732855e-10,2.23546129e-05,6.85477111e-06,2.73766467e-12,4.79516174e-11,6.96902654e-11,2.35405495e-05,1.66295996e-14,6.9029495e-05,1.58774562e-08,6.87635748e-08,1.2449515e-10,6.47106695e-14,0.000119784286,1.17380086e-12,6.72244997e-19,1.35319469e-06,3.01335051e-08,1.37859326e-05,1.40785202e-12,0.51803583,-3.86732942e-19,2.06464355e-10,4.72140348e-07,4.13873839e-11,7.54820322e-09
0.0105,-0.0554275168,15.4409857,-76.4694015,1321.48239,0.215544611,0.00297160316,8.53523146e-09,4.64190145e-12,4.98434731e-05,7.49962066e-09,0.0990524595,8.42110935e-10,1.17069719e-10,2.91734158e-18,2.63067146e-16,1.13431344e-10,1.26397467e-12,1.85259967e-05,0.178443988,0.0444138756,0.079392701,1.40026806e-10,5.4677411e-06,1.09800602e-10,4.84979226e-12,3.10804627e-06,3.77566626e-11,0.0130259415,2.91977546e-08,0.00202310394,4.17047293e-08,0.000561349131,1.02934999e-09,2.50931537e-05,7.87281958e-06,1.28763279e-11,1.19570722e-10,3.77875587e-10,2.57588505e-05,1.42821398e-13,7.65861793e-05,7.99730994e-09,7.26800796e-08,3.06136708e-10,1.181512e-12,0.000133546253,2.18402585e-12,2.71609655e-17,1.52201478e-06,3.42539814e-08,1.54539819e-05,1.16883584e-11,0.579751576,-2.80701735e-19,2.22209346e-10,4.14601345e-07,3.0264202e-11,5.20246471e-09
0.010875,-0.0695751089,15.4021129,-76.4694015,1406.3955,0.206823311,0.00302431048,2.40555843e-08,1.3742727e-11,5.19996594e-05,3.00427395e-08,0.102484324,1.17456146e-09,1.02661898e-10,7.25921433e-17,4.85718816e-15,6.42645995e-10,9.71188581e-12,4.12459246e-05,0.143310142,0.0462589405,0.0829873399,3.3552725e-10,5.98822563e-06,2.61041143e-10,1.33089129e-11,3.31385903e-06,2.0514502e-10,0.0135972133,6.23980231e-08,0.00210281126,9.08803051e-08,0.000563671196,3.07085649e-09,2.62917794e-05,8.58525327e-06,2.00438792e-11,2.11340311e-10,1.09592821e-09,2.66941569e-05,4.87575772e-13,7.98228228e-05,4.94426028e-09,7.24303622e-08,5.45552798e-10,5.3930024e-12,0.000139240695,4.44401165e-12,2.59906185e-16,1.60059234e-06,3.69717272e-08,1.61576948e-05,3.93722876e-11,0.6052696,-2.38402521e-19,3.11902339e-10,3.73897664e-07,3.92639811e-11,4.27252956e-09
0.01125,-0.0840055497,15.2984659,-76.4694015,1488.50293,0.199113287,0.00307393589,6.53461022e-08,4.30475732e-11,5.40714327e-05,1.09842426e-07,0.105592285,1.60810594e-09,1.00098416e-10,1.28927332e-15,7.76722842e-14,3.26198929e-09,6.41816427e-11,8.57733669e-05,0.112362633,0.0479117677,0.0861567031,8.30175678e-10,6.90953857e-06,7.02867734e-10,3.66461008e-11,3.60634366e-06,9.72131737e-10,0.0140921648,1.3258568e-07,0.00216189367,2.10325531e-07,0.000540819706,8.80237543e-09,2.76292121e-05,9.7054374e-06,2.723553e-11,3.51337809e-10,3.04002254e-09,2.75229504e-05,1.55931421e-12,8.2809636e-05,2.68181442e-09,7.05442371e-08,9.13754076e-10,2.20147656e-11,0.000144207171,9.24361883e-12,2.3642543e-15,1.68429458e-06,4.11088472e-08,1.6800001e-05,1.23585685e-10,0.627646081,-2.02126905e-19,4.38353304e-10,3.40224477e-07,5.57995699e-11,3.54280794e-09
0.0114375,-0.0912917067,15.2246119,-76.4694015,1528.36492,0.195594058,0.00309681488,1.06471081e-07,7.77089883e-11,5.51716708e-05,2.0398874e-07,0.107040977,1.87255574e-09,1.03100724e-10,6.44354148e-15,2.99429128e-13,7.14210357e-09,1.57494438e-10,0.000120422118,0.0983161362,0.0486732885,0.0875981184,1.3479697e-09,7.75015573e-06,1.22274362e-09,6.13501061e-11,3.83027082e-06,2.02430936e-09,0.0143014215,1.93550512e-07,0.00217747361,3.22256126e-07,0.000516482864,1.49348594e-08,2.86013657e-05,1.06097301e-05,3.0767478e-11,4.47307575e-10,5.02498508e-09,2.78907273e-05,2.73166267e-12,8.4291012e-05,1.89350182e-09,6.90235393e-08,1.16491286e-09,4.29490531e-11,0.000146385072,1.32927574e-11,7.10245832e-15,1.7356648e-06,4.4433772e-08,1.71159404e-05,2.15116618e-10,0.63777417,-1.86032695e-19,5.17416708e-10,3.33265759e-07,6.9042889e-11,3.29109843e-09
0.011625,-0.0986134325,15.1372029,-76.4694015,1567.43122,0.192267522,0.00311779979,1.70206799e-07,1.40543665e-10,5.63740683e-05,3.68305639e-07,0.108425345,2.17517904e-09,1.09499805e-10,2.88509239e-14,1.09813878e-12,1.50634054e-08,3.67757899e-10,0.000164128154,0.0851829916,0.0493932484,0.0889482054,2.21415189e-09,8.95368825e-06,2.16476571e-09,1.0229472e-10,4.11931455e-06,4.05809225e-09,0.0144771302,2.79309708e-07,0.00217940093,4.83708658e-07,0.00048260699,2.50519917e-08,2.98920386e-05,1.18149249e-05,3.46901019e-11,5.64880598e-10,8.13684365e-09,2.82218312e-05,4.67023027e-12,8.58134798e-05,1.32079698e-09,6.72079848e-08,1.46754307e-09,8.10799247e-11,0.000148327896,1.87807427e-11,2.06340389e-14,1.79728677e-06,4.88927665e-08,1.74376702e-05,3.65681415e-10,0.647234578,-1.71017996e-19,6.0122883e-10,3.29640763e-07,8.64810216e-11,3.13355596e-09
0.0118125,-0.105965946,15.0371402,-76.4694015,1605.77244,0.189108329,0.00313573758,2.67131153e-07,2.55252079e-10,5.77735925e-05,6.48065368e-07,0.109749887,2.52919639e-09,1.20332907e-10,1.22611217e-13,3.8220231e-12,3.0538446e-08,8.16738565e-10,0.000216953011,0.0729305952,0.0500727706,0.0902126397,3.68300822e-09,1.06518119e-05,3.86070981e-09,1.70042563e-10,4.48054474e-06,7.84946129e-09,0.0146055179,3.97404183e-07,0.00216084492,7.05372155e-07,0.000439069969,4.17624808e-08,3.16355728e-05,1.33901278e-05,3.96314315e-11,7.13307092e-10,1.29373453e-08,2.85064402e-05,7.80125384e-12,8.74532798e-05,9.32871046e-10,6.52429666e-08,1.8375466e-09,1.48460276e-10,0.000149982929,2.60120782e-11,5.77966127e-14,1.87456456e-06,5.48090468e-08,1.77782956e-05,6.09021445e-10,0.656069883,-1.57219138e-19,6.86208999e-10,3.24071766e-07,1.0960067e-10,3.09583263e-09
0.012,-0.113351316,14.925269,-76.4694015,1643.54695,0.186085039,0.00314881176,4.11576325e-07,4.66745662e-10,5.95171653e-05,1.11408593e-06,0.111018596,2.95324295e-09,1.37115741e-10,4.88177585e-13,1.26001682e-11,5.93609329e-08,1.72441619e-09,0.000277780081,0.0615411208,0.0507115895,0.091397619,6.18005094e-09,1.29779107e-05,6.84959693e-09,2.81302703e-10,4.90672865e-06,1.46760337e-08,0.0146646412,5.54737305e-07,0.00211233831,9.90873964e-07,0.000386782657,6.92348942e-08,3.395462e-05,1.53846585e-05,4.67920188e-11,9.09042143e-10,2.0192728e-08,2.87289374e-05,1.27390938e-11,8.93224265e-05,6.87907732e-10,6.33451093e-08,2.30116124e-09,2.64114708e-10,0.00015126911,3.52578984e-11,1.55329355e-13,1.97436017e-06,6.24880974e-08,1.81544679e-05,9.95530733e-10,0.664320833,-1.44471156e-19,7.66829331e-10,3.10777149e-07,1.40180055e-10,3.21283441e-09
0.01209375,-0.117060736,14.8651182,-76.4694015,1662.3242,0.184610461,0.00315249806,5.07651654e-07,6.34140531e-10,6.06076575e-05,1.45018226e-06,0.111633456,3.20174724e-09,1.48544565e-10,9.81462869e-13,2.24445835e-11,8.15132703e-08,2.4610672e-09,0.000310506363,0.056169857,0.0510147906,0.0919634396,8.02383421e-09,1.44257645e-05,9.07874792e-09,3.60868001e-10,5.13479474e-06,1.98330588e-08,0.0146551488,6.49424823e-07,0.0020722599,1.15557265e-06,0.000357988999,8.92054176e-08,3.53672738e-05,1.65511604e-05,5.19954105e-11,1.03488085e-09,2.50940217e-08,2.88075342e-05,1.6154224e-11,9.04068458e-05,6.04314737e-10,6.25344203e-08,2.58459145e-09,3.48973337e-10,0.000151727385,4.07261023e-11,2.50900754e-13,2.03617057e-06,6.7113403e-08,1.83640206e-05,1.26671877e-09,0.668242186,-1.38471739e-19,8.02920505e-10,2.99601053e-07,1.58969926e-10,3.34966381e-09
0.0121875,-0.12078376,14.8022674,-76.4694015,1681.07166,0.183154394,0.00315387838,6.23404349e-07,8.64453642e-10,6.18818433e-05,1.87932191e-06,0.112235593,3.47944109e-09,1.62478694e-10,1.92768271e-12,3.94463677e-11,1.10748894e-07,3.47030556e-09,0.000344228003,0.0510187348,0.0513063452,0.0925121703,1.04121777e-08,1.60727014e-05,1.19727447e-08,4.61745977e-10,5.3671284e-06,2.65955183e-08,0.0146143585,7.54729222e-07,0.00202027781,1.33156312e-06,0.000327844807,1.1472754e-07,3.69492435e-05,1.78283233e-05,5.89255749e-11,1.1856138e-09,3.10441469e-08,2.88603209e-05,2.03781657e-11,9.16158854e-05,5.41816866e-10,6.18616987e-08,2.9109042e-09,4.58222159e-10,0.000152044022,4.67948025e-11,4.00662075e-13,2.10702663e-06,7.22931198e-08,1.85902892e-05,1.60608126e-09,0.67202992,-1.33235517e-19,8.35034386e-10,2.85122571e-07,1.80416287e-10,3.54683823e-09
0.01228125,-0.124523576,14.7368119,-76.4694015,1699.84312,0.181710887,0.0031524666,7.6245227e-07,1.18347055e-09,6.33885413e-05,2.42636684e-06,0.112825365,3.7925422e-09,1.79490081e-10,3.74109707e-12,6.84329632e-11,1.48945536e-07,4.83732393e-09,0.000378423908,0.0460905588,0.0515852446,0.0930452213,1.34930632e-08,1.79269478e-05,1.56999026e-08,5.89048614e-10,5.59711716e-06,3.54027586e-08,0.0145360249,8.69978931e-07,0.00195511018,1.51491364e-06,0.000296780572,1.47371771e-07,3.86978536e-05,1.92132473e-05,6.84738916e-11,1.36918188e-09,3.82561999e-08,2.88823006e-05,2.55834164e-11,9.29799673e-05,4.96501979e-10,6.13786717e-08,3.29135061e-09,5.9830663e-10,0.000152197619,5.35033832e-11,6.32799139e-13,2.18822269e-06,7.80667266e-08,1.88359523e-05,2.03103664e-09,0.675688494,-1.28267322e-19,8.62066808e-10,2.67289404e-07,2.04817553e-10,3.81477595e-09
0.012375,-0.128284118,14.6688452,-76.4694015,1718.70021,0.18027368,0.00314771722,9.28989948e-07,1.62877546e-09,6.5188452e-05,3.12315698e-06,0.113403099,4.14868534e-09,2.00313275e-10,7.18610438e-12,1.17263965e-10,1.98362794e-07,6.66921666e-09,0.000412501766,0.0413891247,0.0518500725,0.0935642868,1.74484881e-08,1.99930843e-05,2.04604537e-08,7.48869982e-10,5.81728042e-06,4.67961298e-08,0.0144130551,9.9368487e-07,0.00187578006,1.70045557e-06,0.000265277438,1.89071144e-07,4.06041248e-05,2.07004938e-05,8.20107573e-11,1.59593556e-09,4.6976148e-08,2.88674332e-05,3.1975712e-11,9.45344981e-05,4.65385331e-10,6.11438969e-08,3.73992407e-09,7.7727414e-10,0.000152163823,6.09016079e-11,9.88678483e-13,2.28114934e-06,8.4478874e-08,1.91035777e-05,2.56346066e-09,0.679222148,-1.23639694e-19,8.82915805e-10,2.46321314e-07,2.32451185e-10,4.16637354e-09
0.01246875,-0.132070018,14.5984587,-76.4694015,1737.71155,0.178836348,0.00313903002,1.12798803e-06,2.25604914e-09,6.73574246e-05,4.01092479e-06,0.113969087,4.55761593e-09,2.25919126e-10,1.36765374e-11,1.98603e-10,2.61722225e-07,9.09997828e-09,0.000445800214,0.0369190757,0.0520988968,0.0940714189,2.25022699e-08,2.22718276e-05,2.6492595e-08,9.48478302e-10,6.01963353e-06,6.14392771e-08,0.0142375774,1.12346616e-06,0.00178177507,1.88189681e-06,0.000233856592,2.42256512e-07,4.26525329e-05,2.22815828e-05,1.01699764e-10,1.87960668e-09,5.74961871e-08,2.88084282e-05,3.98039195e-11,9.63205123e-05,4.46392168e-10,6.1223934e-08,4.27440106e-09,1.00527423e-09,0.000151915147,6.90610269e-11,1.52848719e-12,2.38729995e-06,9.15819503e-08,1.93954664e-05,3.23150239e-09,0.682634848,-1.19196767e-19,8.96546005e-10,2.22700163e-07,2.63587268e-10,4.61775965e-09
0.0125625,-0.135886508,14.5257416,-76.4694015,1756.95132,0.177392499,0.00312575882,1.3654204e-06,3.14928409e-09,6.99908323e-05,5.1436692e-06,0.114523594,5.03202945e-09,2.57610207e-10,2.58212005e-11,3.32714371e-10,3.4230312e-07,1.22969695e-08,0.000477599322,0.0326856476,0.0523291414,0.0945691142,2.89308255e-08,2.47600294e-05,3.40799033e-08,1.19657922e-09,6.19612369e-06,8.01404027e-08,0.0140010929,1.25599077e-06,0.00167320546,2.05205452e-06,0.000203063767,3.10013852e-07,4.4821334e-05,2.39440221e-05,1.31008599e-10,2.23861179e-09,7.01669873e-08,2.8696511e-05,4.93723859e-11,9.83853815e-05,4.38298087e-10,6.16952034e-08,4.91762952e-09,1.2952075e-09,0.000151420796,7.80914629e-11,2.33919028e-12,2.50827961e-06,9.94379724e-08,1.97134436e-05,4.07182523e-09,0.685930264,-1.14931538e-19,9.02073629e-10,1.97141288e-07,2.98497713e-10,5.18932997e-09
0.01265625,-0.139739249,14.4507818,-76.4694015,1776.49701,0.175936037,0.00310722376,1.64861945e-06,4.43784445e-09,7.32096143e-05,6.59308643e-06,0.115066863,5.58878327e-09,2.97160894e-10,4.84357568e-11,5.51886961e-10,4.44079257e-07,1.64697295e-08,0.000507138858,0.0286943484,0.0525374299,0.0950604147,3.70794175e-08,2.74510188e-05,4.35626444e-08,1.50373205e-09,6.33912297e-06,1.03877581e-07,0.01369472,1.3870307e-06,0.00155093681,2.20325671e-06,0.000173448717,3.96315855e-07,4.70836811e-05,2.56697445e-05,1.75579358e-10,2.69798308e-09,8.54142529e-08,2.85211432e-05,6.1059414e-11,0.000100783645,4.40668242e-10,6.26468723e-08,5.69939731e-09,1.663648e-09,0.000150646489,8.81685076e-11,3.54600069e-12,2.64581584e-06,1.08119328e-07,2.00585798e-05,5.13282943e-09,0.689111733,-1.108373e-19,8.98877634e-10,1.70542106e-07,3.37486648e-10,5.9072439e-09
0.01275,-0.143634076,14.3736654,-76.4694015,1796.42637,0.174461479,0.00308272647,1.98687606e-06,6.32603513e-09,7.71687947e-05,8.4561091e-06,0.115599122,6.25078558e-09,3.47033834e-10,9.04584489e-11,9.07587789e-10,5.7193902e-07,2.18832417e-08,0.000533647516,0.0249505796,0.0527193952,0.0955490247,4.73888856e-08,3.0335455e-05,5.53573992e-08,1.88307252e-09,6.44197047e-06,1.33830477e-07,0.0133095421,1.51168836e-06,0.00141667253,2.32792791e-06,0.000145539606,5.06395909e-07,4.94098341e-05,2.74328181e-05,2.44759027e-10,3.29245084e-09,1.03764581e-07,2.82696811e-05,7.53471367e-11,0.000103578001,4.53828526e-10,6.41851936e-08,6.65943217e-09,2.13223385e-09,0.000149554228,9.95805771e-11,5.3297385e-12,2.80176482e-06,1.17707666e-07,2.04308147e-05,6.4795393e-09,0.692182235,-1.06907622e-19,8.86732172e-10,1.43907188e-07,3.80961696e-10,6.8056616e-09
0.01284375,-0.147576649,14.2944767,-76.4694015,1816.81335,0.172964332,0.00305156664,2.39250016e-06,9.14661349e-09,8.20697944e-05,1.08670214e-05,0.116120609,7.05008342e-09,4.10730278e-10,1.6869898e-10,1.48247733e-09,7.32074171e-07,2.88799782e-08,0.000556386285,0.021459224,0.0528694424,0.0960394477,6.04426306e-08,3.34029643e-05,6.99937931e-08,2.35163474e-09,6.49955275e-06,1.71426959e-07,0.0128370563,1.62484099e-06,0.00127296023,2.41934349e-06,0.000119812609,6.47387229e-07,5.17708075e-05,2.91963412e-05,3.54398846e-10,4.07169807e-09,1.25889144e-07,2.79269459e-05,9.28727136e-11,0.000106840535,4.78898025e-10,6.64398643e-08,7.85256572e-09,2.72989531e-09,0.000148101992,1.12812227e-10,7.95507659e-12,2.9781009e-06,1.28290176e-07,2.08284399e-05,8.20139588e-09,0.695144374,-1.03136323e-19,8.65947839e-10,1.18252979e-07,4.29577515e-10,7.93016975e-09
0.0129375,-0.15157199,14.2132982,-76.4694015,1837.72295,0.171441521,0.00301305676,2.88274436e-06,1.34627086e-08,8.81787486e-05,1.40179759e-05,0.116631582,8.03313186e-09,4.93385518e-10,3.15544269e-10,2.41175918e-09,9.32703143e-07,3.79194533e-08,0.000574705541,0.0182242428,0.0529804414,0.0965371549,7.70529e-08,3.66448704e-05,8.81851839e-08,2.93282247e-09,6.50887954e-06,2.18423918e-07,0.0122697064,1.72181605e-06,0.00112309957,2.47246792e-06,9.66580391e-05,8.29455016e-07,5.41436346e-05,3.09084902e-05,5.32240131e-10,5.10984624e-09,1.52680551e-07,2.74746582e-05,1.14519772e-10,0.000110654318,5.17912339e-10,6.95730505e-08,9.35803851e-09,3.49664293e-09,0.000146243263,1.28698371e-10,1.18206753e-11,3.17686358e-06,1.39952363e-07,2.12473676e-05,1.04253274e-08,0.69800037,-9.95174438e-20,8.3749062e-10,9.45010165e-08,4.84502079e-10,9.34306457e-09
0.01303125,-0.155623895,14.1302104,-76.4694015,1859.20492,0.169891873,0.00296653007,3.48332604e-06,2.02736765e-08,9.58547221e-05,1.81954635e-05,0.117132351,9.27013209e-09,6.02831716e-10,5.95858382e-10,3.92382205e-09,1.18542801e-06,4.96518414e-08,0.000588104604,0.0152483582,0.0530433077,0.0970488062,9.84227017e-08,4.00580949e-05,1.10963466e-07,3.66101111e-09,6.46952173e-06,2.77060074e-07,0.0116014644,1.7992343e-06,0.000970938608,2.48466757e-06,7.63459729e-05,1.06783643e-06,5.65177813e-05,3.2497793e-05,8.28929243e-10,6.52335843e-09,1.85388609e-07,2.6890656e-05,1.41585571e-10,0.000115115625,5.74078104e-10,7.3791623e-08,1.12966721e-08,4.4903213e-09,0.000143926238,1.48725671e-10,1.755566e-11,3.40001118e-06,1.52766319e-07,2.16800602e-05,1.3338665e-08,0.700752058,-9.6045225e-20,8.03013062e-10,7.33743414e-08,5.47885654e-10,1.11313571e-08
0.013125,-0.159734169,14.0452909,-76.4694015,1881.28585,0.168316664,0.00291133321,4.23485441e-06,3.14588089e-08,0.000105594977,2.38476872e-05,0.117623295,1.08721083e-08,7.51581748e-10,1.14693212e-09,6.42313885e-09,1.50770692e-06,6.50542943e-08,0.000596258515,0.0125329309,0.0530463856,0.0975825672,1.26450509e-07,4.36493343e-05,1.39926783e-07,4.58989979e-09,6.3835931e-06,3.50342498e-07,0.0108284111,1.85581871e-06,0.00082056292,2.45589531e-06,5.89963123e-05,1.38651231e-06,5.89005471e-05,3.38678534e-05,1.34210888e-09,8.50580659e-09,2.25852125e-07,2.6147768e-05,1.76088715e-10,0.000120337206,6.52227881e-10,7.93624513e-08,1.38626316e-08,5.79900337e-09,0.000141092404,1.75657204e-10,2.62164303e-11,3.64908148e-06,1.66773249e-07,2.21138902e-05,1.72305763e-08,0.703400908,-9.27140751e-20,7.64671749e-10,5.53161017e-08,6.23656328e-10,1.34182402e-08
0.01321875,-0.163901633,13.9586141,-76.4694015,1903.95916,0.166720281,0.00284679152,5.20436735e-06,5.08023e-08,0.000118111079,3.17120917e-05,0.118104867,1.30229007e-08,9.60670555e-10,2.28022849e-09,1.06689973e-08,1.92705337e-06,8.56715919e-08,0.000598932483,0.010078198,0.0529744735,0.0981486072,1.64295822e-07,4.74360731e-05,1.77664624e-07,5.80689712e-09,6.25465523e-06,4.42536496e-07,0.00994927144,1.89273505e-06,0.000675908583,2.38769359e-06,4.45602452e-05,1.82466944e-06,6.13156624e-05,3.48920238e-05,2.2726186e-09,1.13960307e-08,2.76862279e-07,2.521218e-05,2.21330407e-10,0.00012645335,7.59603947e-10,8.66283849e-08,1.73807757e-08,7.56388916e-09,0.000137673878,2.14895908e-10,3.97008306e-11,3.9244689e-06,1.81958702e-07,2.25285135e-05,2.25678001e-08,0.70594802,-8.95185411e-20,7.24502227e-10,4.04497388e-08,7.1882239e-10,1.6377376e-08
0.0133125,-0.168120719,13.8702499,-76.4694015,1927.17132,0.165111117,0.00277213056,6.50530165e-06,8.65343451e-08,0.000134463483,4.30581083e-05,0.118577558,1.60400825e-08,1.26728272e-09,4.75639589e-09,1.81727882e-08,2.48719022e-06,1.1399577e-07,0.000595644305,0.00788407567,0.0528071888,0.098759924,2.17391731e-07,5.14357134e-05,2.28396965e-07,7.45542588e-09,6.08456768e-06,5.59836792e-07,0.00896590947,1.91265635e-06,0.000540368203,2.28019841e-06,3.28220959e-05,2.44743675e-06,6.37828346e-05,3.5408972e-05,4.06215402e-09,1.58094639e-08,3.42630554e-07,2.40412055e-05,2.82887396e-10,0.000133627814,9.07209269e-10,9.60166936e-08,2.24033757e-08,1.00207403e-08,0.00013358829,2.77537614e-10,6.16222864e-11,4.22396626e-06,1.98217715e-07,2.28915187e-05,3.01305367e-08,0.708394116,-8.64532725e-20,6.82979494e-10,2.85962956e-08,8.45485573e-10,2.02440319e-08
0.01340625,-0.172379375,13.7802624,-76.4694015,1950.80187,0.163502908,0.00268633626,8.32955093e-06,1.58063698e-07,0.000156312019,6.01391381e-05,0.119041809,2.04916021e-08,1.74000563e-09,1.05452732e-08,3.20735519e-08,3.25400472e-06,1.53915203e-07,0.000584923261,0.00595167462,0.0525161318,0.0994337227,2.95114575e-07,5.56257686e-05,2.98652896e-07,9.76144416e-09,5.86728032e-06,7.10753479e-07,0.00788393922,1.9162111e-06,0.000416506569,2.1268771e-06,2.34333924e-05,3.36142836e-06,6.62579056e-05,3.52208063e-05,7.73449478e-09,2.28750685e-08,4.29094063e-07,2.25808506e-05,3.70252623e-10,0.000142065874,1.11213737e-09,1.0801809e-07,2.98480735e-08,1.35701833e-08,0.00012872871,3.86946092e-10,9.90862849e-11,4.53996565e-06,2.15301658e-07,2.31511663e-05,4.123969e-08,0.710739439,-8.35129763e-20,6.3640714e-10,1.93585826e-08,1.02350795e-09,2.53006597e-08
0.0135,-0.176655841,13.688708,-76.4694015,1974.63269,0.161916802,0.00258794987,1.09911227e-05,3.14298872e-07,0.000186404142,8.69611044e-05,0.119497935,2.74144788e-08,2.50813419e-09,2.47942969e-08,5.89119e-08,4.31168207e-06,2.10768118e-07,0.000563324195,0.00428519983,0.0520599558,0.100193604,4.1299901e-07,5.9852194e-05,3.97068982e-07,1.30376057e-08,5.58012671e-06,9.04264866e-07,0.00671391863,1.89427692e-06,0.000306030554,1.90998246e-06,1.59925359e-05,4.72966656e-06,6.85150117e-05,3.40977265e-05,1.56837855e-08,3.45923034e-08,5.43268145e-07,2.07650049e-05,4.99170277e-10,0.000152030801,1.40139385e-09,1.2308692e-07,4.11180165e-08,1.88781785e-08,0.000122943423,5.90212788e-10,1.65853878e-10,4.85441486e-06,2.32719713e-07,2.32247529e-05,5.8063447e-08,0.712983543,-8.06923529e-20,5.73989292e-10,1.22733912e-08,1.28176095e-09,3.17716877e-08
0.013546875,-0.178787219,13.6423544,-76.4694015,1986.48834,0.161144032,0.00253319811,1.28178387e-05,4.63354147e-07,0.000206408473,0.000106413714,0.11972343,3.25078505e-08,3.08822031e-09,3.96096614e-08,8.13208441e-08,4.98429522e-06,2.47917235e-07,0.000546537673,0.00355504878,0.0517454522,0.100619065,4.95176684e-07,6.1818373e-05,4.60693529e-07,1.51821662e-08,5.3932783e-06,1.02169857e-06,0.00610205973,1.87097019e-06,0.00025624448,1.76889225e-06,1.28754205e-05,5.67365034e-06,6.93565473e-05,3.3102093e-05,2.32059003e-08,4.33896679e-08,6.13192912e-07,1.96941902e-05,5.8827016e-10,0.000157722794,1.59431003e-09,1.31847304e-07,4.89436465e-08,2.25728397e-08,0.00011960807,7.62121008e-10,2.18665753e-10,4.99719721e-06,2.41245497e-07,2.31414925e-05,6.98383081e-08,0.714067213,-7.93242263e-20,5.31571599e-10,9.40572964e-09,1.45901139e-09,3.54914452e-08
0.01359375,-0.180907374,13.5956211,-76.4694015,1998.23808,0.160390135,0.00247437708,1.50586542e-05,6.99677992e-07,0.000230677443,0.00013139187,0.119947009,3.9109457e-08,3.85465811e-09,6.32511765e-08,1.12647905e-07,5.74513816e-06,2.90897271e-07,0.000524228084,0.0028959,0.0513625286,0.101080054,5.9654671e-07,6.35439815e-05,5.33407602e-07,1.76661939e-08,5.16666387e-06,1.14958598e-06,0.0054760266,1.82772231e-06,0.000210306896,1.60062917e-06,1.01239142e-05,6.81852016e-06,6.98394252e-05,3.17807335e-05,3.45203116e-08,5.47083968e-08,6.90834847e-07,1.85079853e-05,6.98259133e-10,0.000163936075,1.82851546e-09,1.41343818e-07,5.84001957e-08,2.71515722e-08,0.000115934193,9.95942219e-10,2.89413244e-10,5.12247018e-06,2.49449222e-07,2.29556403e-05,8.44472102e-08,0.71512464,-7.79852976e-20,4.77893666e-10,6.95336748e-09,1.66944188e-09,3.93776237e-08
0.013640625,-0.183008113,13.5485116,-76.4694015,2009.80106,0.159661626,0.00241105452,1.78073472e-05,1.08300608e-06,0.000260555177,0.000163626935,0.120168749,4.77719476e-08,4.87628108e-09,1.00713785e-07,1.55784278e-07,6.57475939e-06,3.39057666e-07,0.000495146435,0.00230963564,0.050897506,0.101582859,7.19920877e-07,6.48403262e-05,6.13638436e-07,2.04560338e-08,4.88921298e-06,1.28425255e-06,0.00484042005,1.75710613e-06,0.000168440029,1.40361337e-06,7.71840559e-06,8.188527e-06,6.97637506e-05,3.01062488e-05,5.14923918e-08,6.90950226e-08,7.74442437e-07,1.72014906e-05,8.34044681e-10,0.000170725897,2.11622696e-09,1.51412606e-07,6.9608913e-08,3.28154665e-08,0.000111862749,1.30605521e-09,3.82691888e-10,5.21991786e-06,2.57085124e-07,2.26401446e-05,1.0251329e-07,0.716155376,-7.66731374e-20,4.11714718e-10,4.90259769e-09,1.91428708e-09,4.31533187e-08
0.0136875,-0.18507945,13.5010278,-76.4694015,2021.07896,0.15896619,0.00234275383,2.11625389e-05,1.7156564e-06,0.000297916909,0.000205262835,0.120388854,5.92485289e-08,6.24362782e-09,1.58438587e-07,2.13544481e-07,7.42872823e-06,3.90389922e-07,0.000458397156,0.00179766617,0.0503336408,0.102134482,8.66411248e-07,6.54665669e-05,6.97335204e-07,2.34375185e-08,4.55146319e-06,1.41803152e-06,0.00420139315,1.65122686e-06,0.000130925866,1.1815069e-06,5.65723317e-06,9.78842172e-06,6.88947029e-05,2.80598642e-05,7.64235551e-08,8.69596964e-08,8.60522093e-07,1.57748282e-05,1.00088844e-09,0.0001781485,2.47375157e-09,1.61765911e-07,8.24993565e-08,3.97570765e-08,0.000107317769,1.69442503e-09,5.0207907e-10,5.27640281e-06,2.63809847e-07,2.21643586e-05,1.24631608e-07,0.717158881,-7.53876208e-20,3.34757692e-10,3.25362157e-09,2.18768038e-09,4.63711815e-08
0.013734375,-0.187109463,13.4531701,-76.4694015,2031.95449,0.158312748,0.00226897389,2.52203015e-05,2.7722362e-06,0.000345400032,0.0002589043,0.120607673,7.45638165e-08,8.07274125e-09,2.43314978e-07,2.87551455e-07,8.23135326e-06,4.41068884e-07,0.000413713715,0.00136049036,0.0496508282,0.10274233,1.03366846e-06,6.51378513e-05,7.77282134e-07,2.6387977e-08,4.14809925e-06,1.53847142e-06,0.00356707949,1.50410305e-06,9.80961757e-05,9.4428316e-07,3.9478962e-06,1.15857961e-05,6.69775966e-05,2.563739e-05,1.11669569e-07,1.08369126e-07,9.4342855e-07,1.42358308e-05,1.2040247e-09,0.000186255263,2.92322079e-09,1.71960299e-07,9.67090961e-08,4.81114243e-08,0.00010220533,2.1360607e-09,6.47952966e-10,5.27587981e-06,2.69156437e-07,2.14958502e-05,1.51266379e-07,0.718134545,-7.41279866e-20,2.52432807e-10,2.0025311e-09,2.47247719e-09,4.84051519e-08
0.01378125,-0.189084294,13.4049369,-76.4694015,2042.29129,0.157711389,0.00218922666,3.00630926e-05,4.54213127e-06,0.000406725572,0.000327600236,0.120825663,9.5093879e-08,1.0506145e-08,3.59881738e-07,3.76536391e-07,8.87679948e-06,4.85298185e-07,0.000361765,0.000997150095,0.0488257189,0.103413563,1.21372987e-06,6.35556803e-05,8.42998019e-07,2.89623146e-08,3.68083776e-06,1.6281036e-06,0.00294797833,1.31476787e-06,7.02756688e-05,7.07717197e-07,2.59516876e-06,1.34893551e-05,6.37718351e-05,2.28584935e-05,1.58662177e-07,1.32779465e-07,1.01541846e-06,1.26027055e-05,1.44807717e-09,0.000195081947,3.4945466e-09,1.81380661e-07,1.11507849e-07,5.7869315e-08,9.64184095e-05,2.5636523e-09,8.14659206e-10,5.19987702e-06,2.72521725e-07,2.06038243e-05,1.82594534e-07,0.719081757,-7.28934497e-20,1.73155645e-10,1.12531825e-09,2.73457097e-09,4.8524964e-08
0.0138046875,-0.190045133,13.3806783,-76.4694015,2047.19945,0.157434545,0.00214694892,3.28011872e-05,5.85284958e-06,0.000444588754,0.000368840433,0.120934569,1.07995598e-07,1.20129226e-08,4.29101752e-07,4.24927569e-07,9.10217261e-06,5.02875398e-07,0.000333712224,0.000842171302,0.0483497078,0.103775428,1.30403582e-06,6.21993318e-05,8.66956392e-07,2.99899434e-08,3.42736682e-06,1.65597504e-06,0.00264896986,1.20664672e-06,5.83330724e-05,5.96071153e-07,2.05007643e-06,1.4430059e-05,6.16170716e-05,2.13576951e-05,1.86146263e-07,1.45594753e-07,1.04397881e-06,1.17619106e-05,1.58670534e-09,0.000199768751,3.84174849e-09,1.85509789e-07,1.18711894e-07,6.31962716e-08,9.32301127e-05,2.7364244e-09,9.01545267e-10,5.1260026e-06,2.73209545e-07,2.0064232e-05,1.99978997e-07,0.719544529,-7.22847994e-20,1.37585696e-10,8.10077418e-10,2.84633013e-09,4.76384697e-08
0.013828125,-0.190986163,13.3563238,-76.4694015,2051.91348,0.157174966,0.00210303731,3.57512724e-05,7.54513449e-06,0.000488091368,0.000415193022,0.121043312,1.22943152e-07,1.37366164e-08,5.03916061e-07,4.74169575e-07,9.2410034e-06,5.1602431e-07,0.000304636805,0.00070441159,0.0478281965,0.104155165,1.39085032e-06,6.0434689e-05,8.82570499e-07,3.0753931e-08,3.16294219e-06,1.66830953e-06,0.00235892264,1.09135988e-06,4.77109256e-05,4.91572699e-07,1.58850804e-06,1.53214863e-05,5.90806601e-05,1.97917885e-05,2.15705255e-07,1.58511205e-07,1.06618726e-06,1.09104517e-05,1.7365357e-09,0.000204632373,4.23630194e-09,1.89147167e-07,1.25602826e-07,6.8729461e-08,8.98353954e-05,2.86108957e-09,9.87194171e-10,5.02583508e-06,2.73113612e-07,1.94605582e-05,2.18355633e-07,0.719999981,-7.1682916e-20,1.05935523e-10,5.6638305e-10,2.93169127e-09,4.60546385e-08
0.0138515625,-0.191905251,13.3318726,-76.4694015,2056.41211,0.156934122,0.00205747008,3.89114518e-05,9.72908179e-06,0.000538234533,0.000467164605,0.121151759,1.40250451e-07,1.57013417e-08,5.81601293e-07,5.22329053e-07,9.27750254e-06,5.2376093e-07,0.000274954068,0.000583146422,0.0472579403,0.104552999,1.47070258e-06,5.82401207e-05,8.88302301e-07,3.11966641e-08,2.89046615e-06,1.66271134e-06,0.00207982106,9.71198393e-07,3.83989224e-05,3.96256601e-07,1.20533783e-06,1.61221058e-05,5.61590213e-05,1.81739152e-05,2.46422263e-07,1.71166303e-07,1.08075603e-06,1.00544136e-05,1.89752012e-09,0.000209663629,4.68587492e-09,1.92187854e-07,1.31985852e-07,7.43595295e-08,8.62268005e-05,2.92197443e-09,1.06786603e-09,4.89717847e-06,2.72123368e-07,1.87919782e-05,2.37549103e-07,0.720448103,-7.10861397e-20,7.88219951e-11,3.83648354e-10,2.98335817e-09,4.37507407e-08
0.013875,-0.192800263,13.3073236,-76.4694015,2060.67405,0.156713458,0.00201024431,4.22754287e-05,1.25380656e-05,0.000596189088,0.000525256422,0.121259669,1.60262338e-07,1.79309816e-08,6.5835139e-07,5.67057567e-07,9.19892207e-06,5.25190768e-07,0.000245129247,0.000477508337,0.0466359108,0.104968838,1.53958134e-06,5.56067145e-05,8.82854e-07,3.12645675e-08,2.61339424e-06,1.63711212e-06,0.00181371588,8.48990607e-07,3.03660119e-05,3.11666484e-07,8.94100224e-07,1.67851714e-05,5.28623472e-05,1.65205135e-05,2.7703716e-07,1.83144923e-07,1.0865395e-06,9.20056673e-06,2.06937849e-09,0.000214847551,5.19900296e-09,1.94531557e-07,1.37663749e-07,7.99418153e-08,8.24015687e-05,2.90691314e-09,1.13931867e-09,4.7382697e-06,2.70131159e-07,1.80589923e-05,2.57313293e-07,0.720888911,-7.04959766e-20,5.65228711e-11,2.51103879e-10,2.99341021e-09,4.07506398e-08
0.0138984375,-0.193669115,13.2826757,-76.4694015,2064.67834,0.156514363,0.00196138003,4.58318951e-05,1.61305336e-05,0.000663318067,0.000589953838,0.121366649,1.83353313e-07,2.04486126e-08,7.29415636e-07,6.0574954e-07,8.99676216e-06,5.19629566e-07,0.000215654301,0.000386509,0.0459594425,0.105402199,1.59327793e-06,5.2540754e-05,8.65367114e-07,3.09175931e-08,2.3356104e-06,1.59017606e-06,0.00156266189,7.27770523e-07,2.35596741e-05,2.38734304e-07,6.47284307e-07,1.72611415e-05,4.92166796e-05,1.48509143e-05,3.05995744e-07,1.93998326e-07,1.08260749e-06,8.35622371e-06,2.25156069e-09,0.000220162347,5.78508388e-09,1.96088693e-07,1.42446126e-07,8.52990892e-08,7.83630107e-05,2.80990965e-09,1.19707732e-09,4.54799345e-06,2.6703615e-07,1.72636322e-05,2.77325286e-07,0.721322461,-6.9910681e-20,3.89496059e-11,1.58442776e-10,2.95530402e-09,3.71304704e-08
0.013921875,-0.194509836,13.2579277,-76.4694015,2068.40512,0.15633812,0.00191092664,4.95635796e-05,2.06935781e-05,0.000741190352,0.000661711343,0.1214721,2.0992354e-07,2.32756342e-08,7.89398312e-07,6.3559236e-07,8.66730832e-06,5.06612273e-07,0.000187029682,0.000309048042,0.0452264443,0.105852125,1.62738721e-06,4.90656439e-05,8.35440378e-07,3.01289299e-08,2.06124471e-06,1.52143491e-06,0.00132863055,6.10762676e-07,1.79051554e-05,1.77757343e-07,4.5650701e-07,1.74996677e-05,4.52658222e-05,1.31870252e-05,3.31553848e-07,2.03266033e-07,1.06831132e-06,7.52906448e-06,2.44319837e-09,0.000225578376,6.45409899e-09,1.96787592e-07,1.4616063e-07,9.02215685e-08,7.4121924e-05,2.63309835e-09,1.23658455e-09,4.32614608e-06,2.62747316e-07,1.64096914e-05,2.97164375e-07,0.721748852,-6.93318064e-20,2.57209805e-11,9.61122039e-11,2.86455158e-09,3.3018456e-08
0.0139453125,-0.195320655,13.2330782,-76.4694015,2071.83632,0.156185849,0.00185896701,5.34469293e-05,2.64384102e-05,0.00083159579,0.00074092382,0.121575171,2.40393404e-07,2.64309533e-08,8.32838653e-07,6.53936883e-07,8.21316697e-06,4.86024276e-07,0.000159733797,0.000243945679,0.0444355954,0.106317126,1.63791302e-06,4.52243315e-05,7.93322892e-07,2.8893969e-08,1.7945107e-06,1.43158587e-06,0.00111340722,5.00916533e-07,1.33081828e-05,1.28408355e-07,3.1310468e-07,1.74562677e-05,4.10717961e-05,1.155264e-05,3.51951584e-07,2.105098e-07,1.04336021e-06,6.72687721e-06,2.64308508e-09,0.000231057464,7.21644817e-09,1.96581e-07,1.48661627e-07,9.44820172e-08,6.9697551e-05,2.38701969e-09,1.25379325e-09,4.07368713e-06,2.57192309e-07,1.55028571e-05,3.16323718e-07,0.722168233,-6.87580597e-20,1.62304759e-11,5.59206947e-11,2.72005029e-09,2.85877724e-08
0.01396875,-0.196100086,13.2081257,-76.4694015,2074.95665,0.15605844,0.00180562277,5.74515724e-05,3.35973964e-05,0.000936546643,0.00082789638,0.121674727,2.75195116e-07,2.99297994e-08,8.54907737e-07,6.58517295e-07,7.6437628e-06,4.58128434e-07,0.000134200757,0.000189963933,0.0435865794,0.106795111,1.62152001e-06,4.10804016e-05,7.39927287e-07,2.72308196e-08,1.5394987e-06,1.32260421e-06,0.000918472819,4.00821697e-07,9.65797015e-06,8.98183791e-08,2.08464275e-07,1.70976562e-05,3.67142793e-05,9.97262167e-06,3.65621841e-07,2.15346031e-07,1.00787513e-06,5.95727531e-06,2.84964872e-09,0.000236552624,8.08241373e-09,1.95452558e-07,1.49839847e-07,9.78475946e-08,6.51182136e-05,2.09009459e-09,1.24555166e-09,3.79298217e-06,2.50322884e-07,1.45508067e-05,3.34206477e-07,0.72258081,-6.81897037e-20,9.75946801e-12,3.11276963e-11,2.52479284e-09,2.40421787e-08
0.0139921875,-0.196847031,13.1830686,-76.4694015,2077.75456,0.155956484,0.00175105724,6.15403583e-05,4.24139618e-05,0.00105827185,0.000922806492,0.12176932,3.14764376e-07,3.37827898e-08,8.52210223e-07,6.47834207e-07,6.97574966e-06,4.23623868e-07,0.000110794995,0.000145839129,0.0426802851,0.10728336,1.57611991e-06,3.67181832e-05,6.76867224e-07,2.51834263e-08,1.29998648e-06,1.1977781e-06,0.000744885599,3.12420149e-07,6.83255159e-06,6.07158956e-08,1.34488021e-07,1.64089501e-05,3.22878247e-05,8.47167762e-06,3.71413539e-07,2.17480845e-07,9.62424028e-07,5.22737792e-06,3.06095422e-09,0.000242008458,9.06164484e-09,1.9342159e-07,1.4962868e-07,1.00102262e-07,6.04212533e-05,1.7657546e-09,1.21017279e-09,3.4879607e-06,2.42122943e-07,1.35631749e-05,3.50151198e-07,0.722986844,-6.76266488e-20,5.57679309e-12,1.65352251e-11,2.28630135e-09,1.95948171e-08
0.014015625,-0.197560868,13.1579053,-76.4694015,2080.22318,0.15588021,0.00169547654,6.56697504e-05,5.31295143e-05,0.0011991963,0.00102566532,0.121857198,3.59531935e-07,3.79949783e-08,8.2348911e-07,6.21466731e-07,6.23258088e-06,3.83649667e-07,8.97910515e-05,0.000110312512,0.0417189735,0.107778519,1.50134979e-06,3.22406513e-05,6.06398349e-07,2.28208806e-08,1.07924663e-06,1.06157467e-06,0.000593175005,2.36866302e-07,4.70481104e-06,3.95897965e-08,8.39202192e-08,1.53992599e-05,2.78969657e-05,7.07290096e-06,3.68778212e-07,2.16739786e-07,9.08024427e-07,4.54348735e-06,3.27472585e-09,0.000247362359,1.0162502e-08,1.90546044e-07,1.48008895e-07,1.01069953e-07,5.56522869e-05,1.43879555e-09,1.1478766e-09,3.16414714e-06,2.32615268e-07,1.25513901e-05,3.6346817e-07,0.723386654,-6.70688087e-20,3.02043246e-12,8.36182153e-12,2.01620534e-09,1.54435565e-08
0.0140390625,-0.198241531,13.1326342,-76.4694015,2082.36116,0.155829429,0.0016391278,6.97907461e-05,6.59672873e-05,0.00136190521,0.00113628286,0.121936332,4.09915775e-07,4.25650775e-08,7.7005783e-07,5.80289903e-07,5.44320991e-06,3.39741175e-07,7.13593787e-05,8.21601819e-05,0.0407063706,0.108276633,1.3989495e-06,2.77645971e-05,5.31283454e-07,2.02340687e-08,8.79870076e-07,9.1933503e-07,0.000463266625,1.74470305e-07,3.1488358e-06,2.48556597e-08,5.05626452e-08,1.41046115e-05,2.36492514e-05,5.79619617e-06,3.57876031e-07,2.13088476e-07,8.46108045e-07,3.91078982e-06,3.48839798e-09,0.000252546639,1.13914039e-08,1.86922864e-07,1.45010852e-07,1.00636992e-07,5.08637032e-05,1.13147051e-09,1.06104854e-09,2.82850918e-06,2.21866861e-07,1.15283412e-05,3.73491523e-07,0.723780603,-6.65161014e-20,1.54675993e-12,4.01617259e-12,1.72907826e-09,1.17476725e-08
0.0140625,-0.198889551,13.1072537,-76.4694015,2084.17305,0.155803516,0.00158229374,7.38503538e-05,8.11149534e-05,0.00154909364,0.0012542429,0.122004479,4.66313566e-07,4.7484889e-08,6.9580887e-07,5.26518271e-07,4.63987551e-06,2.93727549e-07,5.55598967e-05,6.02204712e-05,0.0396476563,0.108773227,1.27290557e-06,2.34128978e-05,4.5458065e-07,1.75292538e-08,7.03620302e-07,7.76813118e-07,0.000354454641,1.24743262e-07,2.04586342e-06,1.50006044e-08,2.93677432e-08,1.25867866e-05,1.96468686e-05,4.65677747e-06,3.39570497e-07,2.06640704e-07,7.78445563e-07,3.33310858e-06,3.69919535e-09,0.000257491521,1.27522712e-08,1.82685504e-07,1.40714228e-07,9.87692033e-08,4.61124512e-05,8.60372108e-10,9.54206716e-10,2.48909729e-06,2.09991871e-07,1.05078673e-05,3.79641677e-07,0.724169096,-6.59684505e-20,7.47313583e-13,1.82818806e-12,1.44062463e-09,8.61083257e-09
0.0140859375,-0.199506047,13.0817624,-76.4694015,2085.66933,0.15580141,0.0015252837,7.77935757e-05,9.87084828e-05,0.00176350351,0.00137889379,0.122059274,5.29093977e-07,5.27389743e-08,6.06738166e-07,4.63526131e-07,3.85515128e-06,2.47573494e-07,4.23443779e-05,4.34172648e-05,0.0385493321,0.109263425,1.12926037e-06,1.93044385e-05,3.79372965e-07,1.48189749e-08,5.5133578e-07,6.39616663e-07,0.000265432887,8.65373201e-08,1.2891646e-06,8.68965469e-09,1.64193964e-08,1.09275266e-05,1.59779912e-05,3.66397261e-06,3.15306635e-07,1.97651992e-07,7.0703574e-07,2.81273724e-06,3.90423931e-09,0.000262128795,1.42461635e-08,1.77998526e-07,1.3524512e-07,9.55197052e-08,4.14572578e-05,6.34830828e-10,8.33616479e-10,2.15448888e-06,1.97151093e-07,9.50409158e-06,3.81488511e-07,0.724552557,-6.54257846e-20,3.40028932e-13,7.87260848e-13,1.16558816e-09,6.07411781e-09
0.014109375,-0.200092671,13.0561589,-76.4694015,2086.86579,0.155821672,0.00146842146,8.15657476e-05,0.000118819766,0.00200785249,0.00150935918,0.12209834,5.98584605e-07,5.83045952e-08,5.10055173e-07,3.95448049e-07,3.11869209e-06,2.031844e-07,3.15677736e-05,3.07780834e-05,0.0374189633,0.109742108,9.75551344e-07,1.55430931e-05,3.0847624e-07,1.22113757e-08,4.22899137e-07,5.12642196e-07,0.000194385892,5.82537388e-08,7.87371196e-07,4.8260234e-09,8.82573911e-09,9.21880446e-06,1.27092906e-05,2.82055611e-06,2.86897304e-07,1.86498838e-07,6.33969354e-07,2.35037384e-06,4.10067192e-09,0.000266395765,1.58711821e-08,1.73049635e-07,1.28770339e-07,9.10250619e-08,3.69555106e-05,4.57034391e-10,7.06575603e-10,1.83309961e-06,1.83547278e-07,8.53065323e-06,3.78803322e-07,0.724931418,-6.48880377e-20,1.45496775e-13,3.20218853e-13,9.1587642e-10,4.12019811e-09
0.0141328125,-0.200651486,13.0304421,-76.4694015,2087.78241,0.155862574,0.00141203101,8.51150082e-05,0.000141449886,0.00228476095,0.0016445694,0.122119412,6.75054605e-07,6.41519628e-08,4.13074924e-07,3.26628567e-07,2.45428357e-06,1.62208841e-07,2.30073296e-05,2.14460936e-05,0.0362648187,0.110204094,8.1994563e-07,1.22077926e-05,2.44174773e-07,9.7996912e-09,3.17286275e-07,3.99609635e-07,0.00013912963,3.80783849e-08,4.66015988e-07,2.56737188e-09,4.55645487e-09,7.55108606e-06,9.88097223e-06,2.12276436e-06,2.56265808e-07,1.73646116e-07,5.61283908e-07,1.94516504e-06,4.28578504e-09,0.000270238994,1.7622657e-08,1.68039785e-07,1.21488785e-07,8.54901854e-08,3.26601177e-05,3.23527204e-10,5.80492346e-10,1.5324656e-06,1.69416091e-07,7.59992869e-06,3.71588704e-07,0.725306098,-6.43551483e-20,5.84953925e-14,1.2289258e-13,6.99347139e-10,2.68671474e-09
0.01415625,-0.201184818,13.0046111,-76.4694015,2088.44186,0.155922213,0.0013564219,8.83946269e-05,0.000166528756,0.00259668309,0.00178331032,0.122120442,7.58691761e-07,7.0244843e-08,3.22157845e-07,2.61041329e-07,1.87779706e-06,1.25878278e-07,1.63870788e-05,1.46857007e-05,0.0350954461,0.110644321,6.70235235e-07,9.34575653e-06,1.88034071e-07,7.65383185e-09,2.32697172e-07,3.0278466e-07,9.72815419e-05,2.4200891e-08,2.67350707e-07,1.30759659e-09,2.25781771e-09,6.00218428e-06,7.50522817e-06,1.56101918e-06,2.25201679e-07,1.59607154e-07,4.90827679e-07,1.59485536e-06,4.45714045e-09,0.000273617353,1.94935837e-08,1.63172327e-07,1.13620144e-07,7.91650989e-08,2.86166847e-05,2.2740374e-10,4.61951305e-10,1.25861883e-06,1.55013349e-07,6.72234456e-06,3.60080185e-07,0.725676989,-6.38270586e-20,2.20884356e-14,4.44710981e-14,5.19483216e-10,1.68461092e-09
0.0141796875,-0.201695073,12.9786651,-76.4694015,2088.86766,0.155998649,0.00130187583,9.13649339e-05,0.00019392054,0.0029458478,0.0019242831,0.122099699,8.49576461e-07,7.65415605e-08,2.41942681e-07,2.01810628e-07,1.39644216e-06,9.49167134e-08,1.14043875e-05,9.88192048e-06,0.0339192404,0.111058023,5.32912336e-07,6.97031197e-06,1.4082453e-07,5.81563963e-09,1.66754435e-07,2.22932467e-07,6.64341066e-05,1.49826198e-08,1.48779025e-07,6.37504032e-10,1.07344223e-09,4.62911432e-06,5.56825291e-06,1.12124147e-06,1.95177483e-07,1.44902104e-07,4.24150406e-07,1.2960226e-06,4.61266781e-09,0.000276503957,2.14752243e-08,1.58642275e-07,1.05391772e-07,7.23184517e-08,2.48613276e-05,1.60474595e-10,3.55973849e-10,1.01566279e-06,1.40599971e-07,5.90587892e-06,3.44720116e-07,0.726044445,-6.33037139e-20,7.8357408e-15,1.51720813e-14,3.75894939e-10,1.01647683e-09
0.014203125,-0.202184574,12.9526037,-76.4694015,2089.0826,0.156090034,0.00124863611,9.39946644e-05,0.00022343329,0.00333421268,0.00206616648,0.12205583,9.47657505e-07,8.29964028e-08,1.75014613e-07,1.50934785e-07,1.00936673e-06,6.95345397e-08,7.75500985e-06,6.53427234e-06,0.0327440572,0.111440862,4.12525437e-07,5.06357291e-06,1.02563226e-07,4.29851345e-09,1.16741355e-07,1.59489309e-07,4.4307333e-05,9.05610409e-09,8.04113113e-08,2.97595264e-10,4.89643577e-10,3.46438735e-06,4.03519042e-06,7.86518567e-07,1.6725228e-07,1.30020234e-07,3.624329e-07,1.04437004e-06,4.75073131e-09,0.000278886797,2.3557769e-08,1.54626771e-07,9.70251316e-08,6.52128236e-08,2.14193429e-05,1.14905114e-10,2.65620815e-10,8.05611117e-07,1.26426571e-07,5.15581298e-06,3.26110448e-07,0.726408771,-6.27850615e-20,2.61350403e-15,4.88197269e-15,2.6536062e-10,5.91010633e-10
0.0142265625,-0.20265541,12.9264266,-76.4694015,2089.10722,0.156194712,0.00119690087,9.62616278e-05,0.000254830804,0.00376343251,0.00220767387,0.12198789,1.0527358e-06,8.956135e-08,1.22010105e-07,1.09245527e-07,7.09314468e-07,4.94985191e-08,5.15366709e-06,4.24638033e-06,0.0315769157,0.111789036,3.11430129e-07,3.58304231e-06,7.26527327e-08,3.09102692e-09,7.98435192e-08,1.10889179e-07,2.88624194e-05,5.35786138e-09,4.22814545e-08,1.33102587e-10,2.14345701e-10,2.5168465e-06,2.85683265e-06,5.38836273e-07,1.42061426e-07,1.15390523e-07,3.0646042e-07,8.35041123e-07,4.87016128e-09,0.000280768073,2.57309626e-08,1.51277609e-07,8.87234329e-08,5.80855148e-08,1.83048235e-05,8.41461825e-11,1.91979958e-10,6.28492468e-07,1.1271968e-07,4.47474751e-06,3.04954486e-07,0.726770222,-6.22710501e-20,8.20750277e-16,1.48293395e-15,1.83036087e-10,3.31738428e-10
0.01425,-0.203109343,12.9001336,-76.4694015,2088.95888,0.156311297,0.00114682032,9.81527197e-05,0.000287844903,0.00423484167,0.0023475993,0.121895337,1.16446073e-06,9.61879841e-08,8.20409544e-08,7.65692993e-08,4.8484139e-07,3.42522136e-08,3.34834012e-06,2.71274005e-06,0.030423814,0.112099336,2.29931291e-07,2.47037963e-06,5.00763951e-08,2.16328274e-09,5.33599043e-08,7.49579835e-08,1.83687204e-05,3.11057682e-09,2.16756104e-08,5.70984012e-11,9.01020067e-11,1.77599688e-06,1.97671191e-06,3.606109e-07,1.19871981e-07,1.01362939e-07,2.56636935e-07,6.62923829e-07,4.97025257e-09,0.000282162487,2.79846289e-08,1.48716373e-07,8.06619457e-08,5.1136422e-08,1.55211631e-05,6.32399513e-11,1.34473989e-10,4.82670111e-07,9.96711966e-08,3.86284988e-06,2.81997842e-07,0.727129002,-6.17616294e-20,2.43175409e-16,4.25831222e-16,1.23527478e-10,1.80179621e-10
0.0142734375,-0.203547752,12.8737247,-76.4694015,2088.65125,0.156438707,0.00109849778,9.96633788e-05,0.000322186849,0.00474944886,0.00248484978,0.121778009,1.28234129e-06,1.02829378e-07,5.32631948e-08,5.20114919e-08,3.22565082e-07,2.30541087e-08,2.12784982e-06,1.70415435e-06,0.0292896582,0.112369161,1.66714488e-07,1.66038397e-06,3.36042134e-08,1.4743468e-09,3.48595178e-08,4.92909591e-08,1.14258975e-05,1.77620626e-09,1.08610953e-08,2.35277797e-11,3.64006417e-11,1.21817451e-06,1.33741883e-06,2.3584089e-07,1.00673675e-07,8.82006509e-08,2.13031346e-07,5.22918251e-07,5.05073531e-09,0.000283094831,3.03090645e-08,1.47032319e-07,7.29818835e-08,4.45226776e-08,1.30622726e-05,4.87131448e-11,9.13567376e-11,3.65290905e-07,8.74318957e-08,3.31826363e-06,2.57976305e-07,0.727485271,-6.12567494e-20,6.81529138e-17,1.15815344e-16,8.16623782e-11,9.49537186e-11
0.014296875,-0.203971626,12.8472001,-76.4694015,2088.19426,0.156576165,0.00105199359,0.000100796641,0.000357557276,0.00530794194,0.00261846375,0.121636068,1.40577018e-06,1.09441766e-07,3.34279546e-08,3.42739891e-08,2.09045249e-07,1.5104319e-08,1.32350011e-06,1.05318119e-06,0.0281782866,0.112596506,1.19415583e-07,1.08862176e-06,2.19716761e-08,9.79230782e-10,2.22739307e-08,3.15537379e-08,6.95016162e-06,9.99469339e-10,5.33423696e-09,9.33040221e-12,1.4148599e-11,8.12909124e-07,8.85399669e-07,1.50806412e-07,8.4276897e-08,7.6081596e-08,1.75443597e-07,4.10150544e-07,5.11172625e-09,0.000283597285,3.26953021e-08,1.46282787e-07,6.57880619e-08,3.83585482e-08,1.09142662e-05,3.82771093e-11,6.02515184e-11,2.72770877e-07,7.61091034e-08,2.83759855e-06,2.33574896e-07,0.727839148,-6.07563601e-20,1.81261379e-17,2.9904297e-17,5.2932036e-11,4.87028242e-11
0.0143203125,-0.204381593,12.8205598,-76.4694015,2087.59433,0.156723181,0.00100733085,0.000101561954,0.000393654481,0.00591070111,0.00274761802,0.12146995,1.53405677e-06,1.15985843e-07,2.03077618e-08,2.19346629e-08,1.320888e-07,9.64126175e-09,8.06301865e-07,6.40629051e-07,0.0270925648,0.112779923,8.51841221e-08,6.96819661e-07,1.40096529e-08,6.3438396e-10,1.3929548e-08,1.96803668e-08,4.13679868e-06,5.54957755e-10,2.57549034e-09,3.56993535e-12,5.29802885e-12,5.2828188e-07,5.73966005e-07,9.43434778e-08,7.03977342e-08,6.5106852e-08,1.43478398e-07,3.20126196e-07,5.15366891e-09,0.000283706747,3.51352662e-08,1.46495659e-07,5.91498872e-08,3.27187597e-08,9.0573639e-06,3.04923586e-11,3.86173801e-11,2.0123997e-07,6.57679711e-08,2.41642546e-06,2.0939927e-07,0.728190715,-6.02604114e-20,4.59260727e-18,7.3512896e-18,3.3664753e-11,2.43945121e-11
0.01434375,-0.204777967,12.7938042,-76.4694015,2086.8549,0.156879509,0.000964502087,0.000101973908,0.000430181228,0.00655781881,0.00287162578,0.121280299,1.66646323e-06,1.22427606e-07,1.19594558e-08,1.36495286e-08,8.1457222e-08,6.00174939e-09,4.81525005e-07,3.83764923e-07,0.0260345192,0.11291847,6.11402645e-08,4.35852115e-07,8.72000813e-09,4.01264593e-10,8.53266912e-09,1.19706752e-08,2.41105436e-06,3.04314632e-10,1.22617625e-09,1.32201348e-12,1.91407126e-12,3.34686458e-07,3.64645272e-07,5.77838127e-08,5.87205472e-08,5.53129851e-08,1.1661641e-07,2.48824163e-07,5.17726981e-09,0.000283462449,3.76218479e-08,1.47673229e-07,5.31048316e-08,2.76436695e-08,7.46778819e-06,2.44809769e-11,2.40818606e-11,1.46896423e-07,5.64354436e-08,2.04971969e-06,1.85958594e-07,0.728540028,-5.9768853e-20,1.11357999e-18,1.72615127e-18,2.10211806e-11,1.1974855e-11
0.0143671875,-0.205160803,12.7669335,-76.4694015,2085.97696,0.157045104,0.000923476004,0.000102050983,0.000466850262,0.007249125,0.00298992892,0.12106791,1.80223874e-06,1.2873875e-07,6.83779907e-09,8.26936657e-09,4.90789428e-08,3.64752996e-09,2.8214685e-07,2.26542909e-07,0.0250054842,0.113011652,4.46810101e-08,2.66670054e-07,5.30391745e-09,2.48077427e-10,5.12415574e-09,7.10789593e-09,1.37708479e-06,1.6486152e-10,5.77343702e-10,4.75769943e-13,6.68284814e-13,2.06937559e-07,2.27239182e-07,3.46773361e-08,4.89371925e-08,4.66858974e-08,9.42759661e-08,1.92739421e-07,5.18343644e-09,0.000282903991,4.01489236e-08,1.49796854e-07,4.7663415e-08,2.31451762e-08,6.11949519e-06,1.97137646e-11,1.46293803e-11,1.06251071e-07,4.8105907e-08,1.73222141e-06,1.63658089e-07,0.728887118,-5.92816342e-20,2.59770291e-19,3.88609141e-19,1.28943989e-11,5.78197823e-12
0.014390625,-0.205529956,12.7399478,-76.4694015,2084.95965,0.15722008,0.000884203691,0.000101814412,0.000503388732,0.00798421648,0.00310208694,0.120833675,1.9406482e-06,1.34896655e-07,3.80150891e-09,4.8838471e-09,2.89233925e-08,2.16665158e-09,1.62360154e-07,1.31872851e-07,0.0240062448,0.113059359,3.36385502e-08,1.59772322e-07,3.15615364e-09,1.5007743e-10,3.01968967e-09,4.12434919e-09,7.71412894e-07,8.82414395e-11,2.69586527e-10,1.67282777e-13,2.25894886e-13,1.25015826e-07,1.39038782e-07,2.04079178e-08,4.07671465e-08,3.91743426e-08,7.5861794e-08,1.48884709e-07,5.17322049e-09,0.00028206984,4.27113365e-08,1.52831826e-07,4.28148003e-08,1.92126942e-08,4.9856414e-06,1.58676709e-11,8.66860211e-12,7.62657949e-08,4.07475995e-08,1.45870328e-06,1.42799196e-07,0.729232,-5.87987038e-20,5.86548903e-20,8.42426756e-20,7.77400278e-12,2.75611357e-12
0.0144140625,-0.205885135,12.7128473,-76.4694015,2083.80074,0.157404665,0.000846624059,0.000101287184,0.000539541619,0.00876248902,0.0032077644,0.12057854,2.08099372e-06,1.40884087e-07,2.05836649e-09,2.81558233e-09,1.66915125e-08,1.25939179e-09,9.18468811e-08,7.57514964e-08,0.023037162,0.113061811,2.63218723e-08,9.38490858e-08,1.83955065e-09,8.89467083e-11,1.74800571e-09,2.34115824e-09,4.24194568e-07,4.66587496e-11,1.25140658e-10,5.78661624e-14,7.4069415e-14,7.38790376e-08,8.36096428e-08,1.17883374e-08,3.39645812e-08,3.27019755e-08,6.08000304e-08,1.14763137e-07,5.14776841e-09,0.000280996271,4.53048539e-08,1.56732038e-07,3.85323118e-08,1.58188119e-08,4.0397459e-06,1.2737221e-11,5.01688186e-12,5.44051527e-08,3.43090684e-08,1.22415166e-06,1.23585465e-07,0.729574673,-5.83200105e-20,1.29075789e-20,1.76712938e-20,4.60939972e-12,1.30157348e-12
0.0144375,-0.206225941,12.6856324,-76.4694015,2082.49705,0.157599174,0.000810668316,0.000100493215,0.000575074239,0.00958317069,0.00330671803,0.120303468,2.22262867e-06,1.46688686e-07,1.08721775e-09,1.58665201e-09,9.44393409e-09,7.17202998e-10,5.11303708e-08,4.29718068e-08,0.0220982782,0.113019499,2.14824178e-08,5.4113428e-08,1.05143579e-09,5.17083251e-11,9.94996709e-10,1.30150013e-09,2.29185873e-07,2.43688545e-11,5.786458e-11,1.98719396e-14,2.36090497e-14,4.27582803e-08,4.94632836e-08,6.68973377e-09,2.8317995e-08,2.71773959e-08,4.85607287e-08,8.83224881e-08,5.10827999e-09,0.000279716688,4.79261083e-08,1.61444162e-07,3.47784279e-08,1.29244163e-08,3.25654885e-06,1.0182743e-11,2.83965849e-12,3.86260375e-08,2.87251832e-08,1.02387668e-06,1.06132465e-07,0.729915123,-5.78455022e-20,2.78914337e-21,3.60711504e-21,2.68959548e-12,6.10982075e-13
0.0144609375,-0.206551904,12.6583029,-76.4694015,2081.04478,0.157803979,0.000776263528,9.94566814e-05,0.000609773868,0.0104453551,0.00339878422,0.120009409,2.36496551e-06,1.52302366e-07,5.61103487e-10,8.75186934e-10,5.24507761e-09,4.0065708e-10,2.80404199e-08,2.40918144e-08,0.0211894003,0.112933136,1.82411713e-08,3.06703503e-08,5.90074423e-10,2.9522128e-11,5.57534855e-10,7.09375403e-10,1.21774509e-07,1.25700737e-11,2.66945233e-11,6.85141049e-15,7.33226896e-15,2.42648166e-08,2.88178171e-08,3.7331778e-09,2.36465215e-08,2.25020719e-08,3.86700997e-08,6.79001951e-08,5.05597479e-09,0.000278261258,5.05725255e-08,1.66911184e-07,3.15090123e-08,1.04831541e-08,2.61259452e-06,8.10164917e-12,1.57412858e-12,2.73295044e-08,2.39224124e-08,8.53568923e-07,9.04802329e-08,0.73025333,-5.7375127e-20,5.96456472e-22,7.21086975e-22,1.54558728e-12,2.85935605e-13
0.014484375,-0.206862509,12.6308592,-76.4694015,2079.43975,0.158019493,0.00074333533,9.82015026e-05,0.000643450549,0.0113480332,0.00348386729,0.119697282,2.5074786e-06,1.57720676e-07,2.83408732e-10,4.73184858e-10,2.8630944e-09,2.19838144e-10,1.51653474e-08,1.3359619e-08,0.0203101645,0.112803617,1.60048125e-08,1.71132628e-08,3.25557001e-10,1.65744613e-11,3.07878692e-10,3.79495022e-10,6.36908413e-08,6.40397153e-12,1.23001292e-11,2.40232018e-15,2.22467525e-15,1.35178237e-08,1.65515884e-08,2.05059094e-09,1.97954201e-08,1.85762831e-08,3.07150488e-08,5.21658105e-08,4.99206592e-09,0.000276656782,5.3242248e-08,1.73075247e-07,2.86767123e-08,8.44515153e-09,2.08658076e-06,6.41323303e-12,8.55772275e-13,1.92944705e-08,1.98232322e-08,7.09319517e-07,7.66069705e-08,0.730589264,-5.69088325e-20,1.27190391e-22,1.42194134e-22,8.7542318e-13,1.33750559e-13
0.0145078125,-0.207157214,12.6033012,-76.4694015,2077.67758,0.158246154,0.000711809922,9.67509515e-05,0.000675937183,0.0122901222,0.00356192874,0.119367961,2.64970377e-06,1.6294219e-07,1.40329338e-10,2.51121983e-10,1.53801506e-09,1.18629261e-10,8.09769022e-09,7.33344456e-09,0.0194600846,0.112631974,1.43877322e-08,9.41719395e-09,1.76804031e-10,9.16196847e-12,1.67741299e-10,1.9948474e-10,3.28214449e-08,3.22282609e-12,5.6647059e-12,8.67586191e-16,6.61483785e-16,7.40155309e-09,9.38141262e-09,1.10976102e-09,1.66319679e-08,1.53033518e-08,2.43424207e-08,4.00656109e-08,4.91774005e-09,0.000274926741,5.5934053e-08,1.79879835e-07,2.62335549e-08,6.75997147e-09,1.65952138e-06,5.0509292e-12,4.56909953e-13,1.360729e-08,1.63496418e-08,5.87617009e-07,6.44428942e-08,0.73092289,-5.64465661e-20,2.72237243e-23,2.78781466e-23,4.89150898e-13,6.26624687e-14
0.01453125,-0.207435464,12.5756289,-76.4694015,2075.75383,0.158484417,0.000681615484,9.51273771e-05,0.000707089017,0.0132704911,0.00363297762,0.119022261,2.79123575e-06,1.67967947e-07,6.82321625e-11,1.3100456e-10,8.14140937e-10,6.30387549e-11,4.27361249e-09,3.98809159e-09,0.0186385893,0.112419341,1.31477848e-08,5.12211631e-09,9.46357184e-11,4.99289333e-12,9.02727885e-11,1.03146846e-10,1.66803712e-08,1.60260345e-12,2.60841117e-12,3.25868638e-16,1.93500868e-16,3.98781669e-09,5.25284303e-09,5.92310515e-10,1.40421446e-08,1.259247e-08,1.92549668e-08,3.07721626e-08,4.83414294e-09,0.000273091455,5.86472727e-08,1.8727134e-07,2.41328334e-08,5.37882804e-09,1.31476641e-06,3.95845384e-12,2.39927009e-13,9.59583478e-09,1.34258343e-08,4.85330845e-07,5.38833839e-08,0.73125417,-5.59882754e-20,5.87699078e-24,5.4787267e-24,2.69881273e-13,2.94495887e-14
0.0145546875,-0.2076967,12.5478423,-76.4694015,2073.66406,0.158734744,0.000652683124,9.33520157e-05,0.000736782675,0.014287983,0.00369706201,0.118660941,2.9317245e-06,1.72800965e-07,3.26371157e-11,6.72785148e-11,4.25253526e-10,3.3031656e-11,2.23173588e-09,2.15040448e-09,0.0178450494,0.112166928,1.21376258e-08,2.76190102e-09,4.99888005e-11,2.68589573e-12,4.80442353e-11,5.25176673e-11,8.36806788e-09,7.87763033e-13,1.20099798e-12,1.27815239e-16,5.59719611e-17,2.11665094e-09,2.90845245e-09,3.12072976e-10,1.19280736e-08,1.03604188e-08,1.52055691e-08,2.36402409e-08,4.74236925e-09,0.000271168322,6.13817182e-08,1.95200126e-07,2.2330397e-08,4.25612471e-09,1.03792053e-06,3.08782689e-12,1.2409154e-13,6.7724603e-09,1.09801091e-08,3.99687835e-07,4.48008074e-08,0.731583063,-5.55339077e-20,1.2830041e-24,1.08767013e-24,1.47173145e-13,1.38985772e-14
0.014578125,-0.207940371,12.5199414,-76.4694015,2071.40392,0.158997603,0.000624947465,9.14448728e-05,0.00076491486,0.0153414324,0.00375426164,0.118284697,3.0708711e-06,1.77445822e-07,1.53871228e-11,3.40659913e-11,2.19499e-10,1.7090523e-11,1.15450586e-09,1.15060692e-09,0.0170787984,0.111875994,1.12701537e-08,1.48267554e-09,2.60919659e-11,1.42810958e-12,2.53169732e-11,2.63577684e-11,4.14777851e-09,3.82972952e-13,5.52887201e-13,5.22305843e-17,1.61214948e-17,1.10806552e-09,1.59407562e-09,1.6246612e-10,1.02060289e-08,8.53244606e-09,1.19907977e-08,1.81694889e-08,4.643456e-09,0.000269172102,6.413761e-08,2.03621169e-07,2.07854634e-08,3.35040909e-09,8.1669341e-07,2.39823028e-12,6.33116595e-14,4.78729213e-09,8.94613591e-09,3.28245522e-07,3.70546403e-08,0.731909527,-5.50834108e-20,2.83393843e-25,2.19539473e-25,7.94037962e-14,6.59091429e-15
0.0146015625,-0.208165932,12.4919259,-76.4694015,2068.9692,0.159273459,0.000598346965,8.94246616e-05,0.000791400871,0.016429679,0.00380468156,0.117894164,3.2084235e-06,1.8190831e-07,7.16601079e-12,1.70343881e-11,1.12131198e-10,8.74380065e-12,5.92312306e-10,6.11416394e-10,0.0163391481,0.111547822,1.04952221e-08,7.97502593e-10,1.34749218e-11,7.51511824e-13,1.32249934e-11,1.30528429e-11,2.03315332e-09,1.84247245e-13,2.54435617e-13,2.20821864e-17,4.66845908e-18,5.72768183e-10,8.65697478e-10,8.36521662e-11,8.80480457e-09,7.0425239e-09,9.44450039e-09,1.39735528e-08,4.53837883e-09,0.000267115208,6.6915518e-08,2.12494373e-07,1.94610604e-08,2.62485351e-09,6.40709508e-07,1.85519472e-12,3.19158845e-14,3.39148953e-09,7.26368371e-09,2.68864641e-07,3.04997172e-08,0.732233516,-5.46367325e-20,6.32635707e-26,4.52459428e-26,4.2427419e-14,3.14128807e-15
0.014625,-0.208372856,12.4637959,-76.4694015,2066.35585,0.159562776,0.000572824036,8.73087828e-05,0.000816173015,0.0175515785,0.0038484469,0.117489921,3.34417238e-06,1.86195147e-07,3.3052617e-12,8.42674106e-12,5.67897188e-11,4.43011797e-12,3.01721896e-10,3.22922573e-10,0.0156254005,0.111183705,9.78462768e-09,4.33966574e-10,6.89464005e-12,3.91909169e-13,6.85694593e-12,6.38443808e-12,9.8645021e-10,8.77763956e-14,1.17023291e-13,9.57509488e-18,1.37692447e-18,2.92670891e-10,4.66290008e-10,4.26383844e-11,7.66429535e-09,5.83316869e-09,7.43182799e-09,1.075506e-08,4.42805033e-09,0.00026500801,6.97163108e-08,2.21784629e-07,1.83241903e-08,2.04737209e-09,5.0129818e-07,1.42989512e-12,1.5924809e-14,2.40924054e-09,5.87892605e-09,2.19681772e-07,2.499262e-08,0.73255499,-5.4193821e-20,1.4244012e-26,9.53724577e-27,2.24740213e-14,1.50465037e-15
0.0146484375,-0.208560633,12.435551,-76.4694015,2063.56003,0.159866014,0.00054832502,8.5113336e-05,0.000839179029,0.0187060092,0.00388569851,0.117072491,3.47794726e-06,1.90313746e-07,1.51484898e-12,4.13216026e-12,2.85692872e-11,2.22637777e-12,1.52781773e-10,1.6965029e-10,0.0149368567,0.110784934,9.12279936e-09,2.42288785e-10,3.49995531e-12,2.02812929e-13,3.53322948e-12,3.08728787e-12,4.74142799e-10,4.14381368e-14,5.37815585e-14,4.22377473e-18,4.20314688e-19,1.47996891e-10,2.49339868e-10,2.15341524e-11,6.73419999e-09,4.85496754e-09,5.84390053e-09,8.28564772e-09,4.31331999e-09,0.000262859119,7.2541116e-08,2.31461703e-07,1.73457948e-08,1.59047731e-09,3.91279849e-07,1.09847764e-12,7.88018478e-15,1.71692382e-09,4.74442458e-09,1.79082768e-07,2.03963377e-08,0.732873906,-5.3754625e-20,3.22731448e-27,2.0546003e-27,1.18134491e-14,7.24142458e-16
0.014671875,-0.208728774,12.4071911,-76.4694015,2060.57811,0.160183625,0.000524800061,8.28531529e-05,0.00086038054,0.0198918771,0.00391658942,0.11664235,3.60961282e-06,1.94272032e-07,6.92862141e-13,2.01310738e-12,1.43083987e-11,1.11178198e-12,7.69951474e-11,8.8724736e-11,0.0142728233,0.110352781,8.50121816e-09,1.4139597e-10,1.76526502e-12,1.04296877e-13,1.81174173e-12,1.47731137e-12,2.25965605e-10,1.93991429e-14,2.46942733e-14,1.88341922e-18,1.35028532e-19,7.41445558e-11,1.32487688e-10,1.0785619e-11,5.9728051e-09,4.06592374e-09,4.59318101e-09,6.39021479e-09,4.19497534e-09,0.00026067565,7.53912897e-08,2.41499996e-07,1.65005832e-08,1.23096457e-09,3.04759032e-07,8.41405305e-13,3.87589845e-15,1.22789344e-09,3.81888081e-09,1.45677237e-07,1.6583412e-08,0.733190226,-5.33190937e-20,7.34348613e-28,4.51292125e-28,6.168238e-15,3.50041791e-16
0.0146953125,-0.208876814,12.3787158,-76.4694015,2057.40671,0.160516053,0.000502202922,8.05418466e-05,0.000879751637,0.0211081177,0.00394128207,0.116199929,3.73906548e-06,1.98078292e-07,3.18111121e-13,9.77018174e-13,7.15340963e-12,5.52774041e-13,3.86650675e-11,4.62278107e-11,0.0136326176,0.109888494,7.91517724e-09,8.80122502e-11,8.86003046e-13,5.33763063e-14,9.25796649e-13,7.00162522e-13,1.06865233e-10,9.0125159e-15,1.13272712e-14,8.4516395e-19,4.62346429e-20,3.68415267e-11,7.00162481e-11,5.3620582e-12,5.34584076e-09,3.43070638e-09,3.60954623e-09,4.93462212e-09,4.07374385e-09,0.000258463465,7.82683964e-08,2.5187823e-07,1.57667705e-08,9.49496615e-10,2.36931338e-07,6.42832415e-13,1.89995484e-15,8.81531247e-10,3.06673175e-09,1.18274243e-07,1.34378204e-08,0.733503915,-5.2887177e-20,1.67548077e-28,1.00754444e-28,3.20222774e-15,1.69883859e-16
0.01471875,-0.209004311,12.350125,-76.4694015,2054.0427,0.160863737,0.00048049075,7.81918693e-05,0.000897277535,0.0223536971,0.00395994608,0.115745618,3.8662303e-06,2.01741063e-07,1.47772171e-13,4.73927469e-13,3.58173926e-12,2.74281205e-13,1.93732568e-11,2.40138279e-11,0.013015571,0.109393294,7.36195555e-09,5.93194558e-11,4.43302081e-13,2.72277578e-14,4.72162231e-13,3.28955449e-13,5.01931607e-11,4.15829624e-15,5.19059811e-15,3.80566712e-19,1.69375119e-20,1.81762236e-11,3.68333449e-11,2.64824459e-12,4.82541337e-09,2.91986675e-09,2.83699937e-09,3.81615675e-09,3.95029539e-09,0.000256227389,8.11741957e-08,2.62579082e-07,1.51257663e-08,7.30142722e-10,1.83908571e-07,4.90022908e-13,9.31235755e-16,6.35457696e-10,2.45765117e-09,9.58593839e-08,1.08558552e-08,0.73381494,-5.24588255e-20,3.82892177e-29,2.27943536e-29,1.65446588e-15,8.27473608e-17
0.0147421875,-0.209110852,12.3214182,-76.4694015,2050.4832,0.161227104,0.000459623831,7.58145773e-05,0.000912953385,0.0236276113,0.00397275659,0.115279776,3.99105809e-06,2.05269042e-07,7.01666142e-14,2.30702287e-13,1.80340739e-12,1.36199199e-13,9.69890886e-12,1.24465153e-11,0.0124210308,0.108868365,6.83981874e-09,4.34127459e-11,2.21559302e-13,1.3868178e-14,2.40744646e-13,1.53339679e-13,2.34320956e-11,1.90684685e-15,2.37630348e-15,1.71659432e-19,6.59743194e-21,8.91358767e-12,1.93049914e-11,1.30043246e-12,4.38902642e-09,2.5090662e-09,2.23094984e-09,2.95617798e-09,3.82524498e-09,0.00025397139,8.41106371e-08,2.735888e-07,1.4561839e-08,5.59911965e-10,1.42563805e-07,3.7282444e-13,4.58202147e-16,4.60036543e-10,1.96600461e-09,7.75733569e-08,8.74624527e-09,0.734123274,-5.20339905e-20,8.75677567e-30,5.21285134e-30,8.51478958e-16,4.04370547e-17
0.014765625,-0.20919605,12.2925952,-76.4694015,2046.72562,0.161606573,0.000439565328,7.34202973e-05,0.000926783193,0.0249288847,0.00397989294,0.114802728,4.11352275e-06,2.08671018e-07,3.44712681e-14,1.13259488e-13,9.17618332e-13,6.79128036e-14,4.85904605e-12,6.44157011e-12,0.0118483622,0.108314859,6.34748994e-09,3.41351989e-11,1.10887936e-13,7.06703723e-15,1.2295522e-13,7.09753946e-14,1.08810828e-11,8.69702223e-16,1.08702252e-15,7.74896922e-20,2.69815713e-21,4.34970605e-12,1.00887769e-11,6.35441892e-13,4.01869839e-09,2.17834503e-09,1.755981e-09,2.29446809e-09,3.69915577e-09,0.000251698747,8.70798602e-08,2.84896813e-07,1.40617779e-08,4.28307134e-10,1.10396745e-07,2.83204761e-13,2.27438017e-16,3.34521219e-10,1.57029459e-09,6.26921211e-08,7.02973534e-09,0.734428895,-5.1612624e-20,2.00204861e-30,1.20303402e-30,4.36901577e-16,1.98203332e-17
0.0147890625,-0.209259547,12.2636556,-76.4694015,2042.76763,0.162002554,0.000420281032,7.10183936e-05,0.00093877886,0.0262565682,0.00398153774,0.114314775,4.23361892e-06,2.11955826e-07,1.77372188e-14,5.64084212e-14,4.74615405e-13,3.414411e-14,2.44033441e-12,3.33139847e-12,0.0112969487,0.10773389,5.88388022e-09,2.8323843e-11,5.57505506e-14,3.6114978e-15,6.30430642e-14,3.26469463e-14,5.02985015e-12,3.94820547e-16,4.96951757e-16,3.49924172e-20,1.14270293e-21,2.11447889e-12,5.26125216e-12,3.09221556e-13,3.70018255e-09,1.91145112e-09,1.38403007e-09,1.78490378e-09,3.572542e-09,0.000249412179,9.00841999e-08,2.96495352e-07,1.36145666e-08,3.26915384e-10,8.54185675e-08,2.14851911e-13,1.1455622e-16,2.44363687e-10,1.25262155e-09,5.06087351e-08,5.63830547e-09,0.734731783,-5.11946793e-20,4.56547714e-31,2.79932696e-31,2.23694988e-16,9.74237123e-18
0.0148125,-0.209301013,12.2345989,-76.4694015,2038.60719,0.162415446,0.000401739115,6.86173338e-05,0.000948959336,0.0276097368,0.0039778761,0.113816195,4.35135977e-06,2.15132307e-07,9.64753341e-15,2.86912097e-14,2.51169171e-13,1.73945223e-14,1.23113336e-12,1.72303798e-12,0.010766192,0.107126534,5.44795873e-09,2.43605396e-11,2.82727536e-14,1.85611983e-15,3.25377699e-14,1.49346162e-14,2.31621732e-12,1.78533142e-16,2.27111599e-16,1.58056895e-20,4.95419701e-22,1.02509497e-12,2.73999303e-12,1.49971826e-13,3.42228882e-09,1.69523789e-09,1.09291136e-09,1.3921446e-09,3.445872e-09,0.000247113962,9.31261951e-08,3.08379072e-07,1.3211077e-08,2.49043975e-10,6.60547599e-08,1.62835933e-13,5.89387188e-17,1.79339894e-10,9.98177853e-10,4.08169073e-08,4.51417632e-09,0.735031927,-5.07801101e-20,1.03276976e-31,6.56644848e-32,1.1437918e-16,4.80165626e-18
0.0148359375,-0.20932015,12.2054248,-76.4694015,2034.24254,0.162845642,0.000383909904,6.62247529e-05,0.000957349859,0.028987487,0.00396909514,0.113307248,4.4667751e-06,2.18209288e-07,5.56394698e-15,1.50055724e-14,1.36897133e-13,9.03063807e-15,6.25417378e-13,8.91980526e-13,0.010255512,0.106493833,5.03869581e-09,2.14181222e-11,1.45410382e-14,9.62751926e-16,1.69586123e-14,6.79966672e-15,1.06330131e-12,8.04707716e-17,1.0378718e-16,7.14179756e-21,2.18093355e-22,4.96168345e-13,1.426049e-12,7.25485217e-14,3.17630364e-09,1.51913505e-09,8.65123074e-10,1.08910138e-09,3.31957104e-09,0.00024480602,9.6208601e-08,3.20544696e-07,1.2843789e-08,1.8940391e-10,5.10641386e-08,1.23327275e-13,3.11876466e-17,1.32245682e-10,7.94785192e-10,3.28962602e-08,3.60871211e-09,0.735329316,-5.03688714e-20,2.28659418e-32,1.55338466e-32,5.84516107e-17,2.37286503e-18
0.014859375,-0.209316685,12.1761329,-76.4694015,2029.6722,0.163293523,0.000366765666,6.38475132e-05,0.000963981287,0.0303889343,0.00395538358,0.112788178,4.57990951e-06,2.21195561e-07,3.38863563e-15,8.11832927e-15,7.72831033e-14,4.80731021e-15,3.20848126e-13,4.62586237e-13,0.00976434585,0.105836797,4.65504287e-09,1.9072024e-11,7.63827358e-15,5.06156041e-16,8.95992387e-15,3.08346527e-15,4.86956306e-13,3.617947e-17,4.74431203e-17,3.228924e-21,9.69825363e-23,2.400454e-13,7.42243149e-13,3.50309974e-14,2.95550086e-09,1.37469092e-09,6.86886622e-10,8.55001526e-10,3.19402416e-09,0.000242490005,9.93344027e-08,3.32990673e-07,1.25065399e-08,1.43840534e-10,3.94720441e-08,9.3365655e-14,1.70772709e-17,9.79897376e-11,6.32480568e-10,2.64992692e-08,2.88130297e-09,0.735623949,-4.99609188e-20,4.78589343e-33,3.70864037e-33,2.98765977e-17,1.17577172e-18
0.0148828125,-0.209290377,12.1467227,-76.4694015,2024.89496,0.163759462,0.000350280413,6.14917621e-05,0.000968889497,0.0318132108,0.0039369314,0.112259213,4.69082089e-06,2.2409988e-07,2.15937827e-15,4.56188756e-15,4.53537532e-14,2.63958999e-15,1.66794496e-13,2.40563334e-13,0.00929214705,0.105156401,4.29592987e-09,1.71018138e-11,4.13401093e-15,2.7112882e-16,4.82012859e-15,1.39365462e-15,2.22626415e-13,1.62363865e-17,2.17013255e-17,1.46117407e-21,4.3434502e-23,1.16215515e-13,3.86611382e-13,1.68966638e-14,2.75473458e-09,1.2551824e-09,5.47375609e-10,6.73909979e-10,3.06957877e-09,0.000240167352,1.02506832e-07,3.45716839e-07,1.2194303e-08,1.09107882e-10,3.05157468e-08,7.06726565e-14,9.71708432e-18,7.29623089e-11,5.03152106e-10,2.13398017e-08,2.2982832e-09,0.735915826,-4.95562092e-20,8.4990365e-34,8.94216451e-34,1.52849309e-17,5.84223917e-19
0.01490625,-0.209241015,12.1171937,-76.4694015,2019.9099,0.164243825,0.000334429726,5.91629854e-05,0.000972114854,0.0332594628,0.00391392967,0.111720575,4.79957891e-06,2.26930953e-07,1.42393304e-15,2.66561392e-15,2.76906782e-14,1.50206255e-15,8.82134575e-14,1.25586152e-13,0.00883838468,0.104453592,3.96027063e-09,1.5390431e-11,2.32827642e-15,1.48866613e-16,2.65330925e-15,6.28252372e-16,1.01673047e-13,7.27799765e-18,9.93689405e-18,6.62065303e-22,1.95624016e-23,5.63722073e-14,2.01650152e-13,8.14680087e-15,2.57010418e-09,1.15528656e-09,4.38098853e-10,5.33598215e-10,2.94654715e-09,0.000237839335,1.05729385e-07,3.58724094e-07,1.19029949e-08,8.26822898e-11,2.36001967e-08,5.35013902e-14,5.75356246e-18,5.45952587e-11,4.0022343e-10,1.71831563e-08,1.83192193e-09,0.736204953,-4.91547002e-20,6.43375983e-35,2.17758076e-34,7.8323688e-18,2.91140438e-19
0.0149296875,-0.209168415,12.0875456,-76.4694015,2014.71636,0.164746969,0.000319190593,5.68660582e-05,0.000973701718,0.0347268488,0.00388657029,0.111172472,4.90626381e-06,2.29697445e-07,9.61828887e-16,1.61669469e-15,1.75529994e-14,8.88184997e-16,4.76705014e-14,6.58989647e-14,0.00840254213,0.103729289,3.64697092e-09,1.38732696e-11,1.37770793e-15,8.43217273e-17,1.50201003e-15,2.82661138e-16,4.64151858e-14,3.26073691e-18,4.5566039e-18,3.00490407e-22,8.85616876e-24,2.74311379e-14,1.0538702e-13,3.92932555e-15,2.39868158e-09,1.07080732e-09,3.52408069e-10,4.24678843e-10,2.82520882e-09,0.000235507099,1.09005841e-07,3.72014082e-07,1.16293102e-08,6.2610268e-11,1.82624198e-08,4.05170047e-14,3.53921748e-18,4.10549012e-11,3.18383508e-10,1.38374834e-08,1.45950674e-09,0.736491341,-4.87563504e-20,-5.30602789e-35,5.34535909e-35,4.02261323e-18,1.45536483e-19
0.014953125,-0.209072421,12.0577778,-76.4694015,2009.31396,0.165269244,0.000304541268,5.4605291e-05,0.000973698012,0.0362145376,0.00385504583,0.110615107,5.01096515e-06,2.32407981e-07,6.60218509e-16,1.01349827e-15,1.15034977e-14,5.45720814e-16,2.64394477e-14,3.4808374e-14,0.00798411604,0.102984386,3.35493698e-09,1.25125258e-11,8.62542119e-16,4.95725603e-17,8.7837168e-16,1.27008707e-16,2.11941344e-14,1.46110266e-18,2.09332992e-18,1.36671473e-22,4.03097435e-24,1.34085498e-14,5.52207169e-14,1.89712079e-15,2.23829123e-09,9.98449933e-10,2.85106111e-10,3.3994307e-10,2.70581275e-09,0.000233171692,1.12340281e-07,3.85588866e-07,1.13705808e-08,4.73856405e-11,1.41430579e-08,3.0702494e-14,2.25262182e-18,3.10270541e-11,2.53357935e-10,1.11464565e-08,1.1625297e-09,0.736775003,-4.83611194e-20,-4.71766237e-35,1.31411167e-35,2.07199068e-18,7.29931979e-20
0.0149765625,-0.208952907,12.0278898,-76.4694015,2003.70257,0.165810995,0.000290461143,5.23844735e-05,0.000972154815,0.0377217067,0.0038195494,0.110048677,5.11378084e-06,2.3507115e-07,4.57916853e-16,6.53192312e-16,7.75292529e-15,3.47517411e-16,1.5110656e-14,1.85404169e-14,0.00758261515,0.102219754,3.08308344e-09,1.12842853e-11,5.72631077e-16,3.03904122e-17,5.32395484e-16,5.70310715e-17,9.68596196e-15,6.5521019e-19,9.63878504e-19,6.23213467e-23,1.84623429e-24,6.5933691e-15,2.90268834e-14,9.17516172e-16,2.08733421e-09,9.3563683e-10,2.32136054e-10,2.73853206e-10,2.58857938e-09,0.000230834088,1.15737112e-07,3.99450607e-07,1.11246578e-08,3.5851215e-11,1.09637522e-08,2.32849758e-14,1.47557011e-18,2.35662276e-11,2.01717106e-10,8.9830585e-09,9.2597697e-10,0.737055959,-4.79689676e-20,-2.89165394e-35,3.18044783e-36,1.0710362e-18,3.67402845e-20
0.015,-0.208809773,11.9978812,-76.4694015,1997.88233,0.166372557,0.000276930635,5.02069146e-05,0.00096912599,0.0392475411,0.0037802744,0.109473374,5.21481609e-06,2.37695519e-07,3.19694419e-16,4.30411811e-16,5.34476808e-15,2.28367125e-16,8.92543883e-15,9.97902802e-15,0.00719755932,0.101436244,2.83034028e-09,1.01720117e-11,4.01824922e-16,1.94725838e-17,3.34936764e-16,2.56075879e-17,4.43308168e-15,2.9422771e-19,4.45019308e-19,2.85041616e-23,8.52185096e-25,3.26673008e-15,1.53157606e-14,4.4479981e-16,1.94464869e-09,8.80358129e-10,1.90335083e-10,2.22153735e-10,2.4737026e-09,0.000228495203,1.19201086e-07,4.13601232e-07,1.08898126e-08,2.71207204e-11,8.50926322e-09,1.76783568e-14,9.89277684e-19,1.79895088e-11,1.60716671e-10,7.24435278e-09,7.37717742e-10,0.737334228,-4.75798563e-20,-1.60578329e-35,7.24095622e-37,5.55939133e-19,1.8564039e-20
0.0150234375,-0.208642947,11.9677515,-76.4694015,1991.85361,0.166954264,0.000263931082,4.80754801e-05,0.000964667839,0.0407912319,0.00373741444,0.108889385,5.31418254e-06,2.40289635e-07,2.24109964e-16,2.88543583e-16,3.75104216e-15,1.54067963e-16,5.45619274e-15,5.44058367e-15,0.00682847849,0.100634686,2.59565858e-09,9.16324622e-12,2.95820917e-16,1.30333194e-17,2.18557001e-16,1.15044824e-17,2.03312311e-15,1.32389092e-19,2.06106234e-19,1.30827828e-23,3.97346757e-25,1.63371819e-15,8.11665389e-15,2.1628816e-16,1.80939997e-09,8.31051313e-10,1.57240178e-10,1.81573129e-10,2.36135154e-09,0.000226155905,1.22737328e-07,4.28042096e-07,1.06646551e-08,2.05172732e-11,6.61340136e-09,1.34389893e-14,6.75463553e-19,1.38016636e-11,1.28165798e-10,5.84710905e-09,5.87985211e-10,0.737609837,-4.7193748e-20,-8.65525498e-36,1.33221047e-37,2.89954218e-19,9.41897122e-21
0.015046875,-0.20845238,11.9375003,-76.4694015,1985.61704,0.167556441,0.00025144466,4.59926272e-05,0.000958838782,0.0423519759,0.00369116308,0.108296896,5.41199742e-06,2.4286204e-07,1.57503346e-16,1.96009378e-16,2.66963217e-15,1.06174034e-16,3.4503562e-15,3.01297012e-15,0.00647491183,0.099815896,2.37801525e-09,8.24791854e-12,2.26357436e-16,9.08357543e-18,1.4754414e-16,5.1744376e-18,9.34912004e-16,5.97233668e-20,9.57947914e-20,6.0287867e-24,1.8780295e-25,8.26388234e-16,4.32301425e-15,1.05559745e-16,1.68099463e-09,7.86504922e-10,1.30935057e-10,1.49595171e-10,2.25167229e-09,0.000223817027,1.26351354e-07,4.42773636e-07,1.04480664e-08,1.55251804e-11,5.14800142e-09,1.02315428e-14,4.67778327e-19,1.06421004e-11,1.02319113e-10,4.72416697e-09,4.6894022e-10,0.737882813,-4.68106057e-20,-4.65317647e-36,2.91526479e-39,1.5205188e-19,4.80040394e-21
0.0150703125,-0.208238051,11.907127,-76.4694015,1979.17348,0.168179411,0.000239454298,4.39604362e-05,0.000951699047,0.0439289743,0.00364171366,0.10769609,5.50838278e-06,2.45421282e-07,1.1086723e-16,1.34505873e-16,1.9210322e-15,7.44088811e-17,2.25226139e-15,1.70001416e-15,0.00613640688,0.0989806715,2.17641684e-09,7.4174677e-12,1.78391399e-16,6.56008697e-18,1.02651656e-16,2.33135301e-18,4.31297185e-16,2.70279555e-20,4.47004759e-20,2.79080625e-24,9.04275723e-26,4.23785168e-16,2.3155622e-15,5.17412149e-17,1.55901382e-09,7.45781916e-10,1.09929913e-10,1.24283538e-10,2.14478945e-09,0.000221479371,1.30049105e-07,4.57795011e-07,1.0239144e-08,1.17523984e-11,4.01431383e-09,7.80285015e-15,3.27544552e-19,8.24718722e-12,8.17885486e-11,3.82142891e-09,3.74307795e-10,0.738153185,-4.64303934e-20,-2.52842102e-36,-1.78656569e-38,8.02254128e-20,2.45838458e-21
0.01509375,-0.207999964,11.8766312,-76.4694015,1972.524,0.168823493,0.000227943615,4.19806408e-05,0.000943310386,0.045521433,0.00358925906,0.107087146,5.60346469e-06,2.47975925e-07,7.81172951e-17,9.30290665e-17,1.39459123e-15,5.28403093e-17,1.51250879e-15,9.8032767e-16,0.0058125189,0.0981297979,1.98990241e-09,6.66437242e-12,1.4368592e-16,4.88210761e-18,7.32824197e-17,1.05280592e-18,1.99722591e-16,1.22774664e-20,2.09498285e-20,1.29853777e-24,4.46638107e-26,2.20906296e-16,1.24825321e-15,2.54869653e-17,1.44316197e-09,7.08159024e-10,9.30671146e-11,1.04147218e-10,2.04080768e-09,0.000219143708,1.33836973e-07,4.73103749e-07,1.0037157e-08,8.90143918e-12,3.1363047e-09,5.9619392e-15,2.31359897e-19,6.42338327e-12,6.54718194e-11,3.09538502e-09,2.99076758e-10,0.738420987,-4.60530762e-20,-1.39864405e-36,-1.56481675e-38,4.26200027e-20,1.26557624e-21
0.0151171875,-0.207738145,11.8460124,-76.4694015,1965.66992,0.169489002,0.000216896855,4.00546553e-05,0.000933735798,0.0471285619,0.00353399151,0.106470245,5.6973726e-06,2.50534564e-07,5.50771053e-17,6.47443963e-17,1.01976588e-15,3.79167769e-17,1.04086247e-15,5.79454871e-16,0.00550281022,0.0972640469,1.81754574e-09,5.98189022e-12,1.17574227e-16,3.72413202e-18,5.34525706e-17,4.76789564e-19,9.28891793e-17,5.60116303e-21,9.86558058e-21,6.07710451e-25,2.28305105e-26,1.17391497e-16,6.77766077e-16,1.26243411e-17,1.33322762e-09,6.73078951e-10,7.94474267e-11,8.80372432e-11,1.93981305e-09,0.000216810785,1.37721829e-07,4.88695371e-07,9.84151023e-09,6.74692246e-12,2.45545603e-09,4.56483627e-15,1.645782e-19,5.02801368e-12,5.2494631e-11,2.51108549e-09,2.39253169e-10,0.738686252,-4.56786198e-20,-7.90716382e-37,-1.06187114e-38,2.28169043e-20,6.55208751e-22
0.015140625,-0.207452644,11.8152702,-76.4694015,1958.61274,0.17017625,0.000206298836,3.81836002e-05,0.000923039271,0.0487495749,0.00347610232,0.105845565,5.7902386e-06,2.53105838e-07,3.88494473e-17,4.52890006e-17,7.50250965e-16,2.7436079e-17,7.3112043e-16,3.51909694e-16,0.00520684975,0.0963841787,1.65845689e-09,5.36390436e-12,9.73063877e-17,2.89819514e-18,3.96851537e-17,2.16662206e-19,4.34141004e-17,2.56783834e-21,4.66994118e-21,2.86290325e-25,1.22012326e-26,6.37917591e-17,3.71015806e-16,6.29172495e-18,1.22905377e-09,6.40112898e-10,6.83723925e-11,7.50674512e-11,1.84187441e-09,0.000214481325,1.41711061e-07,5.04563037e-07,9.65171516e-09,5.11832406e-12,1.92674004e-09,3.50303353e-15,1.17764419e-19,3.95546227e-12,4.21641815e-11,2.04048551e-09,1.91659164e-10,0.738949019,-4.53069906e-20,-4.576138e-37,-6.70335877e-39,1.23211451e-20,3.41297322e-22
0.0151640625,-0.207143534,11.7844042,-76.4694015,1951.35418,0.170885548,0.000196134902,3.63683265e-05,0.000911285529,0.0503836899,0.00341578159,0.105213285,5.88219675e-06,2.55698443e-07,2.74124886e-17,3.18156077e-17,5.5490625e-16,1.99884903e-17,5.22306268e-16,2.1991537e-16,0.00492421258,0.0954909422,1.5117832e-09,4.80482758e-12,8.11911141e-17,2.29212888e-18,2.98961224e-17,9.88452172e-20,2.04015605e-17,1.18365184e-21,2.22288201e-21,1.35902195e-25,6.88407821e-27,3.55544956e-17,2.04978081e-16,3.15687989e-18,1.13051588e-09,6.08931276e-10,5.92994178e-11,6.45536709e-11,1.74704463e-09,0.000212156024,1.45812606e-07,5.2069718e-07,9.46736683e-09,3.886764e-12,1.51550904e-09,2.69475753e-15,8.469477e-20,3.12721898e-12,3.39318742e-11,1.66109938e-09,1.53769693e-10,0.739209323,-4.49381562e-20,-2.71046473e-37,-4.14745385e-39,6.71842385e-21,1.78972202e-22
0.0151875,-0.206810906,11.7534139,-76.4694015,1943.89615,0.171617205,0.000186390882,3.46094371e-05,0.000898539795,0.0520301292,0.00335321803,0.104573583,5.97338245e-06,2.58321149e-07,1.93479588e-17,2.24335838e-17,4.12377102e-16,1.46464093e-17,3.78338658e-16,1.41466883e-16,0.00465447963,0.0945850761,1.37670995e-09,4.29953654e-12,6.81413093e-17,1.83664586e-18,2.27954641e-17,4.52983083e-20,9.64499847e-18,5.48905067e-22,1.06439886e-21,6.50935341e-26,4.12768713e-27,2.03777627e-17,1.14436723e-16,1.5956084e-18,1.03750563e-09,5.79280912e-10,5.18068132e-11,5.5967051e-11,1.65536177e-09,0.000209835556,1.50034993e-07,5.37085171e-07,9.28812544e-09,2.95491959e-12,1.19509689e-09,2.07837143e-15,6.11856083e-20,2.48467911e-12,2.73635115e-11,1.35490949e-09,1.23580628e-10,0.739467204,-4.45720847e-20,-1.64007056e-37,-2.5649369e-39,3.70381675e-21,9.45392326e-23
0.0152109375,-0.206454876,11.7222989,-76.4694015,1936.24074,0.172371529,0.000177053055,3.29073082e-05,0.000884867559,0.0536881198,0.0032885986,0.103926636,6.06393179e-06,2.60982817e-07,1.36596868e-17,1.58706051e-17,3.07790779e-16,1.07853581e-17,2.77196923e-16,9.36013478e-17,0.00439723744,0.0936673089,1.25246047e-09,3.8433237e-12,5.74275076e-17,1.48744256e-18,1.75588762e-17,2.08641803e-20,4.58974213e-18,2.56238516e-22,5.12908199e-22,3.15159961e-26,2.63317412e-27,1.20322156e-17,6.4652891e-17,8.12873468e-19,9.49919343e-10,5.50967372e-10,4.55666233e-11,4.8898235e-11,1.56685019e-09,0.000207520567,1.54387384e-07,5.53710996e-07,9.11370174e-09,2.24934508e-12,9.44972017e-10,1.60739787e-15,4.438278e-20,1.9839136e-12,2.21155311e-11,1.10748415e-09,9.95026292e-11,0.739722704,-4.42087452e-20,-1.01060657e-37,-1.59708504e-39,2.06738713e-21,5.03422328e-23
0.015234375,-0.206075578,11.6910589,-76.4694015,1928.39022,0.173148826,0.000168108115,3.12621079e-05,0.000870334361,0.0553568935,0.00322210827,0.103272622,6.1539809e-06,2.63692413e-07,9.6464943e-18,1.12615578e-17,2.30661131e-16,7.97707686e-18,2.05028866e-16,6.35843811e-17,0.00415207799,0.0927383596,1.13829612e-09,3.43185925e-12,4.85402662e-17,1.21523985e-18,1.36436009e-17,9.66399216e-21,2.19971764e-18,1.20485285e-22,2.48819639e-22,1.54630989e-26,1.77869608e-27,7.32457508e-18,3.70235216e-17,4.1763072e-19,8.67649926e-10,5.23841288e-10,4.03235359e-11,4.30298586e-11,1.48152166e-09,0.000205211677,1.58879624e-07,5.70554969e-07,8.94384559e-09,1.71463762e-12,7.49316712e-10,1.24676903e-15,3.23164595e-20,1.59185658e-12,1.79161042e-11,9.07266349e-10,8.02760563e-11,0.739975862,-4.38481075e-20,-6.31474714e-38,-1.00255565e-39,1.17028066e-21,2.70472464e-23
0.0152578125,-0.205673164,11.6596934,-76.4694015,1920.34702,0.173949405,0.000159543148,2.96738145e-05,0.000855005581,0.057035688,0.00315392972,0.102611719,6.24366537e-06,2.66459033e-07,6.81444931e-18,8.01345304e-18,1.73522046e-16,5.92350242e-18,1.52870429e-16,4.42350375e-17,0.00391859866,0.0917989375,1.03351589e-09,3.06115958e-12,4.11108869e-17,1.00009181e-18,1.0682419e-17,4.50398601e-21,1.06240475e-18,5.71021597e-23,1.21562973e-22,7.71499867e-27,1.26106562e-27,4.5945597e-18,2.15281607e-17,2.16508768e-19,7.90581569e-10,4.97787822e-10,3.58785268e-11,3.81154306e-11,1.3993763e-09,0.000202909478,1.63522293e-07,5.87593486e-07,8.778337e-09,1.30901462e-12,5.95935498e-10,9.70004256e-16,2.361464e-20,1.28351545e-12,1.45501302e-11,7.45001304e-10,6.49029385e-11,0.740226721,-4.3490142e-20,-3.9804409e-38,-6.33216955e-40,6.73022998e-22,1.46766436e-23
0.01528125,-0.205247805,11.6282022,-76.4694015,1912.11375,0.174773573,0.000151345605,2.81422335e-05,0.000838946234,0.0587237469,0.00308424305,0.101944106,6.33311957e-06,2.69291917e-07,4.81549225e-18,5.71721565e-18,1.31015172e-16,4.41473452e-18,1.14771104e-16,3.14258325e-17,0.00369640213,0.0908497426,9.37455829e-10,2.72756004e-12,3.48641588e-17,8.28037896e-19,8.42089143e-18,2.11340057e-21,5.17391546e-19,2.72968747e-23,5.98346064e-23,3.932513e-27,9.28906891e-28,2.96477462e-18,1.27347182e-17,1.13320707e-19,7.18586558e-10,4.72718566e-10,3.20761886e-11,3.39631111e-11,1.32040357e-09,0.000200614536,1.68326761e-07,6.04798828e-07,8.6169791e-09,1.00096697e-12,4.75416792e-10,7.57087263e-16,1.73146127e-20,1.03992138e-12,1.18473452e-11,6.13276699e-10,5.25927398e-11,0.740475323,-4.31348201e-20,-2.51549332e-38,-4.00717124e-40,3.93967032e-22,8.05308457e-24
0.0153046875,-0.20479969,11.5965848,-76.4694015,1903.69315,0.175621639,0.000143503281,2.66670127e-05,0.000822220785,0.0604203204,0.00301322553,0.101269962,6.42247608e-06,2.72200476e-07,3.40417652e-18,4.08916246e-18,9.92692966e-17,3.30155885e-18,8.66922153e-17,2.27330636e-17,0.00348509649,0.0898914651,8.49488263e-10,2.42769073e-12,2.95891888e-17,6.89072621e-19,6.67909591e-18,9.99041969e-22,2.5423219e-19,1.31724187e-23,2.96827405e-23,2.06013291e-27,7.04298351e-28,1.96286041e-18,7.67774047e-18,5.99139077e-20,6.51523684e-10,4.48565328e-10,2.87949195e-11,3.04232463e-11,1.24458319e-09,0.000198327387,1.73305259e-07,6.22139027e-07,8.45959274e-09,7.66730124e-13,3.80489423e-10,5.9287017e-16,1.27367145e-20,8.46618016e-13,9.6729106e-12,5.06153973e-10,4.27192107e-11,0.740721711,-4.2782114e-20,-1.58171281e-38,-2.52514616e-40,2.35176872e-22,4.47434469e-24
0.015328125,-0.204329024,11.5648411,-76.4694015,1895.08811,0.176493913,0.000136004296,2.52476573e-05,0.000804892958,0.0621246664,0.00294105125,0.100589464,6.5118651e-06,2.75194314e-07,2.40747535e-18,2.93169753e-18,7.54716924e-17,2.47708398e-18,6.58404488e-17,1.6699943e-17,0.00328429526,0.0889247858,7.69020935e-10,2.15845466e-12,2.5120767e-17,5.75876112e-19,5.32760135e-18,4.76095093e-22,1.26129707e-19,6.42261414e-24,1.48466364e-23,1.11710201e-27,5.45573893e-28,1.32913273e-18,4.72582463e-18,3.20155751e-20,5.89237869e-10,4.25275376e-10,2.59393308e-11,2.73787842e-11,1.17188596e-09,0.000196048535,1.78470944e-07,6.395778e-07,8.3060124e-09,5.88375374e-13,3.05528822e-10,4.65873907e-16,9.39859512e-21,6.92542777e-13,7.91997319e-12,4.18873007e-10,3.4786128e-11,0.740965928,-4.24319964e-20,-9.79568143e-39,-1.57072648e-40,1.43410333e-22,2.52120052e-24
0.0153515625,-0.203836028,11.5329706,-76.4694015,1886.30164,0.177390707,0.000128837081,2.38835438e-05,0.000787025574,0.0638360508,0.00286789089,0.099902792,6.6014138e-06,2.78283254e-07,1.70335426e-18,2.10666026e-18,5.7568485e-17,1.86424594e-18,5.02530435e-17,1.24290166e-17,0.00309361755,0.0879503751,6.95495965e-10,1.91700784e-12,2.13270682e-17,4.82996737e-19,4.27194965e-18,2.2888931e-22,6.32260954e-20,3.1675319e-24,7.49043149e-24,6.31676714e-28,4.29423921e-28,9.17472271e-19,2.97382207e-18,1.72996727e-20,5.31560673e-10,4.02807796e-10,2.34343721e-11,2.47379023e-11,1.10227461e-09,0.000193778458,1.83837982e-07,6.57074555e-07,8.15608295e-09,4.52370788e-13,2.46178063e-10,3.67386473e-16,6.95635896e-21,5.69195589e-13,6.50378863e-12,3.47615866e-10,2.84001324e-11,0.741208018,-4.2084441e-20,-5.88429357e-39,-9.51711571e-41,8.94581732e-23,1.44324901e-24
0.015375,-0.203320936,11.5009733,-76.4694015,1877.33691,0.178312336,0.000121990361,2.25739322e-05,0.000768680376,0.0655537484,0.00279391142,0.099210126,6.69124578e-06,2.81477369e-07,1.20571135e-18,1.51711724e-18,4.40531615e-17,1.40718126e-18,3.85325519e-17,9.35330538e-18,0.00291268821,0.0869688934,6.28388752e-10,1.70074086e-12,1.81012869e-17,4.06310273e-19,3.44236691e-18,1.11101602e-22,3.20487572e-20,1.58215262e-24,3.81362214e-24,3.74859978e-28,3.42135146e-28,6.43562679e-19,1.91479009e-18,9.45761841e-21,4.78311445e-10,3.81130718e-10,2.12207874e-11,2.24283311e-11,1.03570457e-09,0.000191517603,1.89421635e-07,6.74584486e-07,8.00965732e-09,3.48496909e-13,1.99056992e-10,2.90784928e-16,5.16380355e-21,4.70018838e-13,5.35708303e-12,2.89317932e-10,2.32492218e-11,0.741448024,-4.17394219e-20,-3.33670571e-39,-5.48806158e-41,5.71346376e-23,8.40840836e-25
0.0153984375,-0.202784,11.4688488,-76.4694015,1868.19718,0.179259117,0.000115453144,2.13179789e-05,0.000749917886,0.0672770436,0.00271927584,0.0985116453,6.78148045e-06,2.84787011e-07,8.53961193e-19,1.09484742e-18,3.38161139e-17,1.06520114e-18,2.96730235e-17,7.10558533e-18,0.00274113799,0.0859809903,5.67206801e-10,1.5072619e-12,1.53557897e-17,3.42653206e-19,2.78678089e-18,5.44942173e-23,1.64413138e-20,8.01593344e-25,1.96037741e-24,2.34305902e-28,2.75209595e-28,4.57439761e-19,1.2618329e-18,5.23375918e-21,4.2929892e-10,3.60219177e-10,1.92515992e-11,2.03929802e-11,9.72124706e-10,0.000189266385,1.9523836e-07,6.92058746e-07,7.8665947e-09,2.69030261e-13,1.61538896e-10,2.31025362e-16,3.84399026e-21,3.89933116e-13,4.42639306e-12,2.41517027e-10,1.90857391e-11,0.741685989,-4.13969142e-20,-1.68150596e-39,-2.86304301e-41,3.73710275e-23,4.99458284e-25
0.015421875,-0.202225481,11.436597,-76.4694015,1858.88582,0.180231371,0.000109214711,2.01147475e-05,0.000730797255,0.0690052309,0.00264414293,0.0978075303,6.87223248e-06,2.88222845e-07,6.05130009e-19,7.91697372e-19,2.60368957e-17,8.08542622e-19,2.2943599e-17,5.44228198e-18,0.00257860378,0.0849873044,5.11488501e-10,1.33438086e-12,1.30179241e-17,2.89568683e-19,2.26598471e-18,2.70346649e-23,8.54436422e-21,4.12684298e-25,1.01803334e-24,1.54203572e-28,2.23113317e-28,3.28680723e-19,8.50695801e-19,2.93325526e-21,3.84323095e-10,3.40053477e-10,1.74893865e-11,1.85865643e-11,9.11478033e-10,0.000187025192,2.01305917e-07,7.09444718e-07,7.72675924e-09,2.08128703e-13,1.3157892e-10,1.84258979e-16,2.86929919e-21,3.24988309e-13,3.66917886e-12,2.02232931e-10,1.57129254e-11,0.741921956,-4.10568936e-20,-6.15374894e-40,-1.14189155e-41,2.50238168e-23,3.02971198e-25
0.0154453125,-0.201645657,11.4042177,-76.4694015,1849.40631,0.181229422,0.000103264605,1.89632194e-05,0.000711376133,0.0707376162,0.00256866701,0.0970979611,6.96361121e-06,2.91795889e-07,4.29052083e-19,5.73584717e-19,2.01066294e-17,6.15349716e-19,1.78090783e-17,4.19822913e-18,0.00242472879,0.0839884627,4.60801863e-10,1.18009458e-12,1.1026946e-17,2.45127168e-19,1.85022842e-18,1.35790276e-23,4.50277012e-21,2.1634362e-25,5.34433178e-25,1.06406599e-28,1.82080028e-28,2.38258184e-19,5.8612246e-19,1.66571298e-21,3.43177266e-10,3.20617926e-10,1.59041789e-11,1.69729974e-11,8.53702367e-10,0.000184794381,2.07643492e-07,7.26686361e-07,7.59001906e-09,1.61368805e-13,1.07582156e-10,1.47542852e-16,2.14736509e-21,2.72100366e-13,3.05154667e-12,1.69871185e-10,1.29742966e-11,0.742155967,-4.07193366e-20,5.99791596e-41,4.91992305e-43,1.71361242e-23,1.87924191e-25
0.01546875,-0.201044815,11.3717107,-76.4694015,1839.76222,0.182253598,9.75926237e-05,1.7862304e-05,0.000691710544,0.0724735169,0.00249299769,0.0963831183,7.05572011e-06,2.95517549e-07,3.04389153e-19,4.16322882e-19,1.55718517e-17,4.69514498e-19,1.38748519e-17,3.25917021e-18,0.00227916282,0.0829850802,4.14743244e-10,1.0425731e-12,9.33171982e-18,2.07797754e-19,1.51678112e-18,6.91281935e-24,2.40880099e-21,1.15757007e-25,2.83840121e-25,7.64564523e-29,1.49449313e-28,1.73963924e-19,4.12079776e-19,9.5888452e-22,3.05650119e-10,3.0189984e-10,1.44718231e-11,1.55233779e-11,7.98730964e-10,0.000182574283,2.14271833e-07,7.4372465e-07,7.45624562e-09,1.25397632e-13,8.83021494e-11,1.18621809e-16,1.61111655e-21,2.28851976e-13,2.54645202e-12,1.43146309e-10,1.07452532e-11,0.742388067,-4.03842201e-20,4.76035002e-40,1.11231211e-41,1.19827054e-23,1.19288171e-25
0.0154921875,-0.200423254,11.3390762,-76.4694015,1829.9572,0.183304233,9.21888124e-05,1.68108479e-05,0.000671854776,0.0742122629,0.00241727967,0.0956631824,7.1486562e-06,2.99399669e-07,2.16082657e-19,3.02704389e-19,1.20936909e-17,3.59124796e-19,1.0848208e-17,2.54465534e-18,0.00214156245,0.0819777597,3.72936053e-10,9.20146689e-13,7.88896397e-18,1.76354478e-19,1.24816538e-18,3.57071117e-24,1.30954576e-21,6.3373933e-26,1.5265323e-25,5.67552719e-29,1.23283191e-28,1.27778365e-19,2.95088274e-19,5.59807005e-22,2.7152781e-10,2.83888764e-10,1.31727171e-11,1.42144275e-11,7.46493121e-10,0.000180365197,2.21213402e-07,7.60498092e-07,7.32531314e-09,9.76705968e-14,7.27627156e-11,9.57637365e-17,1.21169249e-21,1.93341064e-13,2.13228173e-12,1.21020484e-10,8.92645455e-12,0.742618295,-4.00515221e-20,7.21299025e-40,2.80264797e-41,8.54048534e-24,7.75073493e-26
0.015515625,-0.199781283,11.3063138,-76.4694015,1819.99499,0.184381662,8.70434567e-05,1.58076435e-05,0.000651861283,0.0759531972,0.00234165254,0.0949383341,7.24250951e-06,3.03454575e-07,1.53550629e-19,2.20457084e-19,9.41806963e-18,2.75342619e-19,8.51083958e-18,1.99715498e-18,0.0020115913,0.0809670909,3.35029467e-10,8.11293801e-13,6.66188842e-18,1.49807233e-19,1.03086491e-18,1.87341228e-24,7.24285829e-22,3.55883839e-26,8.32275168e-26,4.31968817e-29,1.02132213e-28,9.43213141e-20,2.14801683e-19,3.31581554e-22,2.40595957e-10,2.66575838e-10,1.1990827e-11,1.30272811e-11,6.96914736e-10,0.000178167397,2.28492548e-07,7.76943309e-07,7.19709831e-09,7.6254034e-14,6.01976586e-11,7.7635079e-17,9.13386137e-22,1.64065224e-13,1.79173422e-12,1.02654599e-10,7.43858574e-12,0.742846695,-3.97212209e-20,8.56854842e-40,7.10529504e-41,6.19205145e-24,5.15279645e-26
0.0155390625,-0.199119221,11.2734237,-76.4694015,1809.87941,0.185486231,8.21470777e-05,1.48514373e-05,0.000631780588,0.0776956765,0.00226625059,0.0942087539,7.33736247e-06,3.07695128e-07,1.09092828e-19,1.60807822e-19,7.35387249e-18,2.11590346e-19,6.69912264e-18,1.57497203e-18,0.00188892025,0.0799536501,3.00697145e-10,7.14629732e-13,5.61911898e-18,1.27350227e-19,8.54369959e-19,9.99358058e-25,4.07948838e-22,2.05444115e-26,4.60589324e-26,3.34844462e-29,8.48844882e-29,6.99163767e-20,1.58628134e-19,1.99330874e-22,2.1264152e-10,2.49953285e-10,1.09129235e-11,1.19465452e-11,6.49918846e-10,0.000175981132,2.36135699e-07,7.92995688e-07,7.07147995e-09,5.96764532e-14,5.00042237e-11,6.32065698e-17,6.90023463e-22,1.39833219e-13,1.51093497e-12,8.73691194e-11,6.21822351e-12,0.743073307,-3.93932957e-20,9.27539219e-40,1.96989577e-40,4.55777753e-24,3.50159774e-26
0.0155625,-0.198437396,11.2404059,-76.4694015,1799.6143,0.186618287,7.74904273e-05,1.39409374e-05,0.000611661213,0.0794390719,0.00219120267,0.0934746223,7.43328935e-06,3.12134783e-07,7.75905385e-20,1.1747051e-19,5.75688989e-18,1.62957891e-19,5.28985312e-18,1.24752626e-18,0.00177322765,0.0789380001,2.6963596e-10,6.28896017e-13,4.73383549e-18,1.08323092e-19,7.10466516e-19,5.42470873e-25,2.3419402e-22,1.22115073e-26,2.59107212e-26,2.6278299e-29,7.06621402e-29,5.20116318e-20,1.18624109e-19,1.21650012e-22,1.87454511e-10,2.34013976e-10,9.92798662e-12,1.09595656e-11,6.05426121e-10,0.000173806624,2.44171588e-07,8.08590072e-07,6.9483388e-09,4.68163873e-14,4.17071094e-11,5.16817486e-17,5.22360809e-22,1.19696981e-13,1.27873706e-12,7.46128253e-11,5.21456889e-12,0.743298171,-3.90677263e-20,9.71985156e-40,5.67481414e-40,3.39963014e-24,2.42870046e-26
0.0155859375,-0.197736146,11.2072605,-76.4694015,1789.20361,0.187778185,7.30644834e-05,1.30748201e-05,0.000591549618,0.0811827693,0.00211663205,0.0927361196,7.53035551e-06,3.16787649e-07,5.52191823e-20,8.5930953e-20,4.51797037e-18,1.25769277e-19,4.18985883e-18,9.92152632e-19,0.00166419957,0.0779206893,2.41564757e-10,5.5295046e-13,3.98307148e-18,9.21812405e-20,5.92703134e-19,2.99808603e-25,1.37112694e-22,7.47933722e-27,1.48403201e-26,2.0756683e-29,5.874603e-29,3.88120888e-20,8.96784469e-20,7.53838369e-23,1.64829535e-10,2.18751068e-10,9.02674275e-12,1.00558556e-11,5.63355336e-10,0.000171644071,2.52631504e-07,8.23661488e-07,6.82755723e-09,3.68177767e-14,3.49305999e-11,4.24426608e-17,3.96208027e-22,1.02899166e-13,1.08616767e-12,6.39377893e-11,4.38686327e-12,0.743521327,-3.87444931e-20,1.03550675e-39,1.63020156e-39,2.56532464e-24,1.71626039e-26
0.015609375,-0.197015813,11.1739875,-76.4694015,1778.65131,0.188966286,6.88604469e-05,1.22517368e-05,0.000571490153,0.0829261696,0.00204265633,0.0919934256,7.62861664e-06,3.21668564e-07,3.93224798e-20,6.29404399e-20,3.55424801e-18,9.72646578e-20,3.32838415e-18,7.91885726e-19,0.00156152994,0.0769022517,2.16223123e-10,4.85757715e-13,3.34713789e-18,7.84730343e-20,4.95988346e-19,1.68734241e-25,8.18852596e-23,4.71894071e-27,8.66675672e-27,1.63848552e-29,4.85198965e-29,2.90411123e-20,6.84360656e-20,4.74321965e-23,1.44567111e-10,2.04157691e-10,8.20130246e-12,9.22664939e-12,5.23623792e-10,0.000169493647,2.61549593e-07,8.38145899e-07,6.70901893e-09,2.90260694e-14,2.93769511e-11,3.50085352e-17,3.0107138e-22,8.88325569e-14,9.25989735e-13,5.49793519e-11,3.70234307e-12,0.743742814,-3.84235772e-20,1.19244059e-39,4.58457578e-39,1.95544147e-24,1.23318371e-26
0.0156328125,-0.196276749,11.1405871,-76.4694015,1767.96142,0.19018296,6.48697383e-05,1.14703189e-05,0.000551525044,0.0846686897,0.00196938738,0.0912467198,7.72811803e-06,3.26793178e-07,2.80160206e-20,4.61560901e-20,2.80262554e-18,7.53662597e-20,2.65147197e-18,6.33898084e-19,0.00146492077,0.0758832063,1.93370196e-10,4.26380255e-13,2.80914275e-18,6.68219922e-20,4.16284612e-19,9.6669204e-26,4.98667827e-23,3.0626136e-27,5.166344e-27,1.27926614e-29,3.94351218e-29,2.17822612e-20,5.26506008e-20,3.02945317e-23,1.26474769e-10,1.90226682e-10,7.44487724e-12,8.46455224e-12,4.86147705e-10,0.000167355507,2.70963208e-07,8.51980948e-07,6.59260873e-09,2.29399164e-14,2.48095984e-11,2.90042757e-17,2.29168733e-22,7.70085355e-14,7.92354288e-13,4.74400727e-11,3.13461868e-12,0.743962671,-3.81049603e-20,1.59020412e-39,1.25334455e-38,1.50376234e-24,8.99086351e-27
0.01565625,-0.19551931,11.1070596,-76.4694015,1757.13799,0.19142858,6.10839962e-05,1.07291819e-05,0.000531694423,0.0864097619,0.00189693139,0.0904961814,7.82889472e-06,3.32178072e-07,1.98983103e-20,3.3884824e-20,2.21491522e-18,5.85054644e-20,2.11778566e-18,5.08378871e-19,0.00137408228,0.0748640568,1.7278349e-10,3.73969355e-13,2.35458477e-18,5.69127438e-20,3.50374235e-19,5.63026121e-26,3.09271778e-23,2.03936798e-27,3.14329993e-27,9.71441797e-30,3.10131036e-29,1.63723184e-20,4.078873e-20,1.96228293e-23,1.10367771e-10,1.76950385e-10,6.75155656e-12,7.76326688e-12,4.50842524e-10,0.000165229782,2.80913327e-07,8.65106695e-07,6.47821317e-09,1.81746041e-14,2.1040087e-11,2.41363883e-17,1.74712535e-22,6.70325025e-14,6.80524543e-13,4.10768596e-11,2.66238639e-12,0.744180936,-3.77886247e-20,2.53753491e-39,3.32181841e-38,1.16531546e-24,6.6369768e-27
0.0156796875,-0.194743861,11.0734051,-76.4694015,1746.18511,0.192703531,5.74950771e-05,1.00269283e-05,0.000512036431,0.0881488345,0.00182538897,0.0897419884,7.93097685e-06,3.37840968e-07,1.42462528e-20,2.4900288e-20,1.75418277e-18,4.549413e-20,1.69545831e-18,4.07712169e-19,0.00128873311,0.0738452917,1.54257717e-10,3.27755203e-13,1.97099885e-18,4.84796831e-20,2.95680228e-19,3.3232195e-26,1.94732834e-23,1.38807963e-27,1.94679181e-27,6.97597359e-30,2.29310634e-29,1.23271444e-20,3.17841425e-20,1.28634865e-23,9.60690482e-11,1.64320567e-10,6.11613055e-12,7.11737941e-12,4.17623177e-10,0.000163116583,2.91445035e-07,8.77466321e-07,6.36572471e-09,1.44341944e-14,1.79178799e-11,2.01745374e-17,1.33382541e-22,5.85846552e-14,5.86656622e-13,3.56906358e-11,2.26839943e-12,0.744397644,-3.74745534e-20,4.67450912e-39,8.52458357e-38,9.08978089e-25,4.94930609e-27
0.015703125,-0.193950769,11.039624,-76.4694015,1735.10689,0.194008204,5.40950576e-05,9.36214586e-06,0.000492587469,0.089885371,0.0017548555,0.0889843185,8.03441554e-06,3.43801423e-07,1.01447969e-20,1.83065376e-20,1.39176907e-18,3.54233669e-20,1.35965053e-18,3.25860976e-19,0.00120860039,0.0728273834,1.37602712e-10,2.87034057e-13,1.64758252e-18,4.12970024e-20,2.50134511e-19,1.97265259e-26,1.23575953e-23,9.60192e-28,1.21753636e-27,4.53539885e-30,1.52849803e-29,9.28706085e-21,2.48818145e-20,8.49536239e-24,8.34067884e-11,1.52328595e-10,5.53394445e-12,6.52219348e-12,3.86404159e-10,0.000161016005,3.02608013e-07,8.89006781e-07,6.25505911e-09,1.1488797e-14,1.5322396e-11,1.69371186e-17,1.01901402e-22,5.14048981e-14,5.07625091e-13,3.11180393e-11,1.93863613e-12,0.744612835,-3.71627301e-20,9.25570379e-39,2.11649535e-37,7.12816667e-25,3.71864734e-27
0.01575,-0.192312699,10.9716822,-76.4694015,1712.58657,0.196708813,4.78387998e-05,8.14077449e-06,0.000454422996,0.0933489467,0.00161708964,0.0874591913,8.24583763e-06,3.56688333e-07,5.32171249e-21,9.9801476e-21,8.86054873e-19,2.16984645e-20,8.88146155e-19,2.03698042e-19,0.00106315461,0.0707957611,1.09273359e-10,2.20047645e-13,1.14901991e-18,3.00446475e-20,1.81535531e-19,7.86261246e-27,5.65763004e-24,5.04778753e-28,5.50308636e-28,1.13453159e-30,4.58172e-30,5.35921275e-21,1.57303367e-20,4.14725596e-24,6.24528348e-11,1.30232043e-10,4.51643388e-12,5.47135234e-12,3.29683349e-10,0.000156853224,3.26979886e-07,9.09493761e-07,6.03920036e-09,7.38324388e-15,1.14161025e-11,1.21753368e-17,6.00965252e-23,4.01993843e-14,3.86275377e-13,2.40021201e-11,1.43669132e-12,0.745038756,-3.65458207e-20,3.07035897e-38,9.70561997e-37,4.53306582e-25,2.20456413e-27
0.0157734375,-0.191469015,10.9375246,-76.4694015,1701.15796,0.198105003,4.49598377e-05,7.58018122e-06,0.000435779746,0.0950749248,0.00155006256,0.0866921622,8.35319604e-06,3.63656567e-07,3.73412785e-21,7.358728e-21,7.07560199e-19,1.69863678e-20,7.19203664e-19,1.76389338e-19,0.000997086943,0.0697830664,9.72433598e-11,1.92409854e-13,9.57054695e-19,2.5609239e-20,1.54876804e-19,4.93190146e-27,3.81695892e-24,3.68311414e-28,3.65485152e-28,-4.34868257e-31,-2.74948985e-30,4.06077615e-21,1.25209724e-20,2.90050441e-24,5.38239331e-11,1.2008439e-10,4.07089246e-12,5.00530007e-12,3.0396576e-10,0.00015479077,3.40366435e-07,9.18318311e-07,5.93327469e-09,5.92646505e-15,9.89753605e-12,1.03715621e-17,4.60917987e-23,3.57064226e-14,3.38319661e-13,2.11597942e-11,1.24038058e-12,0.745249606,-3.62406288e-20,6.62652738e-38,2.34138707e-36,3.62254315e-25,1.69799366e-27
0.015796875,-0.190609201,10.9032421,-76.4694015,1689.62061,0.199532566,4.22402144e-05,7.05164811e-06,0.000417458809,0.0967964287,0.00148434895,0.085922357,8.46176137e-06,3.71005225e-07,2.67236363e-21,5.43234908e-21,5.66214921e-19,1.33187078e-20,5.83291841e-19,1.4540741e-19,0.000935231807,0.0687729571,8.64746452e-11,1.68202039e-13,7.96416191e-19,2.18368759e-20,1.32486789e-19,3.12877746e-27,2.60875159e-24,2.71861919e-28,2.44517062e-28,-1.39484067e-30,-7.20582828e-30,3.08419551e-21,1.00094409e-20,2.05607959e-24,4.62818075e-11,1.10526003e-10,3.66434465e-12,4.57599619e-12,2.79920023e-10,0.000152741142,3.5462632e-07,9.2616145e-07,5.82869555e-09,4.77036693e-15,8.61843181e-12,8.87635576e-18,3.54064553e-23,3.18376256e-14,2.97463952e-13,1.87201154e-11,1.07435204e-12,0.745459066,-3.59376249e-20,1.31167286e-37,5.16050922e-36,2.909615e-25,1.31409875e-27
0.0158203125,-0.189733643,10.8688352,-76.4694015,1677.9787,0.200991938,3.9673025e-05,6.55381635e-06,0.00039948531,0.0985130092,0.00142001323,0.0851499487,8.5715174e-06,3.78760532e-07,1.91394162e-21,4.01302822e-21,4.53932928e-19,1.04575866e-20,4.74187612e-19,1.1970813e-19,0.000877359344,0.0677658262,7.68433856e-11,1.47009422e-13,6.62092178e-19,1.8626806e-20,1.13624271e-19,2.00377619e-27,1.80362457e-24,2.02602629e-28,1.6417508e-28,-2.29771416e-30,-1.15153946e-29,2.34651247e-21,8.03399185e-21,1.47623673e-24,3.97039781e-11,1.0154226e-10,3.29381864e-12,4.18075409e-12,2.57465157e-10,0.000150704349,3.69839371e-07,9.32996814e-07,5.72538611e-09,3.84971463e-15,7.53732688e-12,7.63207121e-18,2.72237441e-23,2.84955943e-14,2.62552814e-13,1.66201631e-11,9.33505354e-13,0.745667168,-3.56367955e-20,2.47807186e-37,1.08663265e-35,2.34822805e-25,1.01995353e-27
0.01584375,-0.188842729,10.8343044,-76.4694015,1666.23636,0.202483567,3.72515603e-05,6.08535298e-06,0.00038188177,0.100224235,0.00135711356,0.0843751087,8.6824032e-06,3.86949909e-07,1.37141072e-21,2.96623046e-21,3.64538779e-19,8.22140223e-21,3.8626166e-19,9.8214251e-20,0.000823248411,0.0667620506,6.82374991e-11,1.28468923e-13,5.49900039e-19,1.58944993e-20,9.76830241e-20,1.29332181e-27,1.25933473e-24,1.52222304e-28,1.11363164e-28,-3.4898176e-30,-1.73979369e-29,1.78785297e-21,6.47256688e-21,1.07258066e-24,3.3981758e-11,9.31171308e-11,2.95656543e-12,3.81710901e-12,2.36522007e-10,0.000148680388,3.86093974e-07,9.38804324e-07,5.62325018e-09,3.11462772e-15,6.62044618e-12,6.59268007e-18,2.09477966e-23,2.55995308e-14,2.32632392e-13,1.48075838e-11,8.13664436e-13,0.745873945,-3.53381276e-20,4.44653098e-37,2.20288441e-35,1.90372554e-25,7.91772733e-28
0.0158671875,-0.187936846,10.7996503,-76.4694015,1654.39774,0.204007911,3.49693092e-05,5.64494598e-06,0.000364668561,0.101929694,0.00129570235,0.0835980071,8.79434628e-06,3.95603029e-07,9.82933995e-22,2.19350583e-21,2.93216996e-19,6.47056781e-21,3.15131001e-19,7.99757751e-20,0.000772686554,0.0657619911,6.05548167e-11,1.12258374e-13,4.56297413e-19,1.35682194e-20,8.4167314e-20,8.39473566e-28,8.86104465e-25,1.15197563e-28,8.01132165e-29,-5.17137508e-30,-2.60122554e-29,1.36379082e-21,5.2323516e-21,7.8764234e-25,2.90163089e-11,8.52333956e-11,2.65002128e-12,3.4827908e-12,2.17013097e-10,0.000146669242,4.03488403e-07,9.43570258e-07,5.52219499e-09,2.52618526e-15,5.84019694e-12,5.72116174e-18,1.61280627e-23,2.30821952e-14,2.06913315e-13,1.32387185e-11,7.11390276e-13,0.746079425,-3.50416087e-20,7.63584653e-37,4.30347341e-35,1.5498213e-25,6.12409813e-28
0.015890625,-0.187016385,10.7648738,-76.4694015,1642.46695,0.205565441,3.28199622e-05,5.23129899e-06,0.000347864341,0.103628988,0.00123582681,0.0828188124,8.90730668e-06,4.04753529e-07,7.00656582e-22,1.62215001e-21,2.3615477e-19,5.09648028e-21,2.57309446e-19,6.41388299e-20,0.000725469962,0.0647659927,5.37018209e-11,9.80885152e-14,3.78256666e-19,1.15864483e-20,7.26714103e-20,5.45973407e-28,6.2620806e-25,8.77857643e-29,7.03514149e-29,-7.42248686e-30,-3.80356006e-29,1.04055926e-21,4.24222163e-21,5.83563812e-25,2.47157533e-11,7.78727994e-11,2.3717783e-12,3.17570248e-12,1.9886248e-10,0.000144670876,4.22132243e-07,9.47287238e-07,5.42215813e-09,2.0536156e-15,5.17397114e-12,4.98759141e-18,1.24169408e-23,2.08874545e-14,1.8474073e-13,1.18770754e-11,6.2383227e-13,0.746283637,-3.47472271e-20,1.2503793e-36,8.09689776e-35,1.26642218e-25,4.69653591e-28
0.0159375,-0.185132846,10.6949552,-76.4694015,1618.34105,0.208782521,2.89018851e-05,4.48049821e-06,0.00031553539,0.10700766,0.00112080962,0.0812547555,9.13658174e-06,4.24676972e-07,3.63727723e-22,8.91157863e-22,1.54308202e-19,3.18052974e-21,1.73033934e-19,3.72714956e-20,0.00064046213,0.0627873596,4.21800173e-11,7.50575391e-14,2.59913384e-19,8.48228385e-21,5.47457594e-20,2.43557601e-28,3.3180291e-25,5.35862399e-29,1.31839173e-28,-1.33193363e-29,-7.18705259e-29,6.12513366e-22,2.84471817e-21,3.41285072e-25,1.78316432e-11,6.4662256e-11,1.89327218e-12,2.63725966e-12,1.66388837e-10,0.000140712615,4.63512015e-07,9.51585652e-07,5.2252594e-09,1.37243552e-15,4.12676229e-12,3.85689322e-18,7.39874912e-24,1.7321217e-14,1.49362284e-13,9.68148724e-12,4.85555416e-13,0.746688341,-3.41648789e-20,2.81436137e-36,2.39149953e-34,8.64928363e-26,2.6816097e-28
0.015984375,-0.183195864,10.6245601,-76.4694015,1593.89715,0.212138089,2.5443726e-05,3.82219861e-06,0.000284984625,0.110357595,0.00101230915,0.0796843293,9.36816534e-06,4.46999576e-07,2.41498873e-22,4.90157558e-22,1.01348241e-19,1.99089801e-21,1.16847374e-19,1.06848668e-20,0.000566529906,0.0608285717,3.30553192e-11,5.75520189e-14,1.78281097e-19,6.23260942e-21,4.16772367e-20,1.11913165e-28,1.82759602e-25,3.64896402e-29,4.14932652e-28,-1.62342541e-29,-9.66922247e-29,3.62302377e-22,1.93565866e-21,2.10181405e-25,1.2756046e-11,5.33043241e-11,1.50307729e-12,2.18545293e-12,1.38499521e-10,0.000136804474,5.11409564e-07,9.51778615e-07,5.03115321e-09,9.2621257e-16,3.34845871e-12,3.03818892e-18,4.41263266e-24,1.45620752e-14,1.2260368e-13,8.00029567e-12,3.82512223e-13,0.747088327,-3.35908971e-20,5.37687708e-36,6.39484209e-34,6.01396714e-26,1.44761133e-28
0.0160078125,-0.182208514,10.5891867,-76.4694015,1581.56801,0.213868845,2.38706695e-05,3.52441027e-06,0.000270395338,0.112020992,0.000960556231,0.0788971523,9.48382248e-06,4.59163549e-07,1.33292396e-22,3.628848e-22,8.22002604e-20,1.57679818e-21,9.71594989e-20,2.20545261e-20,0.000533230756,0.0598573562,2.9231179e-11,5.04144711e-14,1.47447157e-19,5.34569991e-21,3.64181869e-20,7.58598116e-29,1.3619197e-25,3.26520438e-29,7.19646513e-28,-1.51337754e-29,-9.31158201e-29,2.78234312e-22,1.59902241e-21,1.66886736e-25,1.07486559e-11,4.82587595e-11,1.33599393e-12,1.98744961e-12,1.26093118e-10,0.000134868795,5.3831533e-07,9.50385034e-07,4.93461444e-09,7.62538163e-16,3.03195231e-12,2.71156152e-18,3.40141917e-24,1.34091335e-14,1.11596687e-13,7.30315128e-12,3.40635058e-13,0.747286618,-3.33069965e-20,6.7078494e-36,1.00778047e-33,5.02781888e-26,1.02074067e-28
0.01603125,-0.181208924,10.5536962,-76.4694015,1569.17098,0.215635854,2.23966836e-05,3.2464582e-06,0.000256273042,0.113676238,0.000910488674,0.078108857,9.5993732e-06,4.72059403e-07,9.6959522e-23,2.68836541e-22,6.67468578e-20,1.24900985e-21,8.04559847e-20,1.93499965e-20,0.000502229789,0.0588919496,2.58374063e-11,4.42106608e-14,1.21961256e-19,4.5916697e-21,3.19024436e-20,5.20485305e-29,1.02993262e-25,3.16189373e-29,1.18337409e-27,-1.38839224e-29,-8.94333818e-29,2.14102619e-22,1.32529867e-21,1.34563539e-25,9.04090187e-12,4.36136575e-11,1.18597002e-12,1.80670248e-12,1.14643216e-10,0.000132945423,5.6740513e-07,9.48021946e-07,4.83847107e-09,6.29330753e-16,2.75674466e-12,2.43095139e-18,2.62332776e-24,1.23875033e-14,1.0195023e-13,6.68882582e-12,3.04232519e-13,0.747483785,-3.30251725e-20,7.69735566e-36,1.51031396e-33,4.22092009e-26,6.93525416e-29
0.0160546875,-0.180197481,10.5180898,-76.4694015,1556.70998,0.217439675,2.10167503e-05,2.98726851e-06,0.000242623307,0.115323052,0.000862115972,0.0773195998,9.71467152e-06,4.85743886e-07,6.9707307e-23,1.99135835e-22,5.4249158e-20,9.89783113e-22,6.67003933e-20,1.67446507e-20,0.000473379721,0.0579325931,2.2827168e-11,3.88158737e-14,1.00890639e-19,3.94969613e-21,2.80078974e-20,3.63436067e-29,7.95347851e-26,3.33449459e-29,1.87397109e-27,-1.30091199e-29,-8.78981341e-29,1.64947329e-22,1.10186535e-21,1.10448324e-25,7.58960707e-12,3.93465457e-11,1.05146451e-12,1.64189118e-12,1.04089683e-10,0.000131034219,5.98913706e-07,9.44719988e-07,4.74269618e-09,5.2055059e-16,2.51674189e-12,2.18903511e-18,2.02274269e-24,1.14799082e-14,9.34733585e-14,6.14614902e-12,2.72491873e-13,0.74767985,-3.2745417e-20,7.83941659e-36,2.15646776e-33,3.55781686e-26,4.33400114e-29
0.016078125,-0.179174569,10.4823685,-76.4694015,1544.18892,0.219280882,1.9726027e-05,2.74580207e-06,0.00022945003,0.116961167,0.000815443233,0.0765295352,9.82956746e-06,5.00280417e-07,5.00115357e-23,1.47426004e-22,4.41195909e-20,7.84424928e-22,5.53230027e-20,1.42635501e-20,0.000446540746,0.056979514,2.01584637e-11,3.41217336e-14,8.34669343e-20,3.40242112e-21,2.46360954e-20,2.60692542e-29,6.33717411e-26,3.79711713e-29,2.88854065e-27,-1.26438455e-29,-8.9688412e-29,1.27100032e-22,9.1873401e-22,9.25759073e-26,6.35743118e-12,3.5435042e-11,9.31046471e-13,1.49177743e-12,9.4374853e-11,0.000129135026,6.33103713e-07,9.40513584e-07,4.64727117e-09,4.31441139e-16,2.30683259e-12,1.97976134e-18,1.55830942e-24,1.06715851e-14,8.60043862e-14,5.66559686e-12,2.44729907e-13,0.747874835,-3.24677221e-20,6.56682181e-36,2.93031954e-33,3.01040891e-26,2.17961084e-29
0.016125,-0.177095466,10.4105855,-76.4694015,1518.97815,0.223078351,1.73984117e-05,2.31306903e-06,0.000204540701,0.120210304,0.000727198912,0.0749475508,1.00580988e-05,5.32145381e-07,2.25239432e-23,8.09075918e-23,2.92984089e-20,4.93940536e-22,3.82944706e-20,9.63289026e-21,0.000398483065,0.0550929773,1.57115488e-11,2.65405774e-14,5.73325213e-20,2.54415707e-21,1.92182709e-20,1.57970048e-29,4.80648294e-26,5.60657e-29,6.29054235e-27,-1.34240261e-29,-1.04771907e-28,7.60528217e-23,6.49083941e-22,7.12669191e-26,4.44301484e-12,2.86100254e-11,7.2843082e-13,1.23209755e-12,7.72764257e-11,0.0001253724,7.10359909e-07,9.29515043e-07,4.45769065e-09,2.98810761e-16,1.96409661e-12,1.64346449e-18,9.26118023e-25,9.31368178e-15,7.36667987e-14,4.86575004e-12,1.99356278e-13,0.748261627,-3.19185264e-20,-9.86123402e-37,4.69467174e-33,2.19792973e-26,-1.22345879e-29
0.016171875,-0.174975183,10.3383625,-76.4694015,1493.57389,0.227032471,1.53731253e-05,1.93990776e-06,0.000181520017,0.123422107,0.00064566855,0.0733641337,1.02811933e-05,5.68182628e-07,2.70627431e-24,4.4286882e-23,1.9489986e-20,3.10844208e-22,2.65322496e-20,5.04927722e-21,0.000356923651,0.0532337446,1.22264323e-11,2.08012778e-14,3.94698515e-20,1.91816872e-21,1.50833265e-20,1.29046447e-29,5.00907972e-26,9.08917674e-29,1.31487291e-26,-1.53591028e-29,-1.31984929e-28,4.49115193e-23,4.64283348e-22,6.24390608e-26,3.08350239e-12,2.29534498e-11,5.67721242e-13,1.01789712e-12,6.29093032e-11,0.000121655203,8.02048832e-07,9.15406865e-07,4.2685051e-09,2.0846907e-16,1.69730984e-12,1.38679147e-18,5.48562133e-25,8.21959205e-15,6.39299398e-14,4.22885347e-12,1.64053223e-13,0.748644364,-3.13774362e-20,-1.28628875e-35,5.81708098e-33,1.63335489e-26,-3.86148568e-29
0.0161953125,-0.173900716,10.3020902,-76.4694015,1480.81018,0.22906961,1.44614972e-05,1.77315809e-06,0.000170703447,0.125013538,0.000607374891,0.0725722614,1.03890414e-05,5.8797128e-07,8.89038205e-24,3.26860612e-23,1.58890429e-20,2.46283578e-22,2.20958635e-20,3.01959469e-21,0.000338262168,0.052314813,1.07756204e-11,1.84603744e-14,3.27892022e-20,1.66967855e-21,1.33939007e-20,1.32111457e-29,5.81653003e-26,1.17877806e-28,1.89707979e-26,-1.64560093e-29,-1.48405237e-28,3.06253781e-23,3.93342227e-22,6.14231199e-26,2.55993603e-12,2.05066355e-11,5.00228245e-13,9.2512746e-13,5.6622542e-11,0.000119812769,8.5455297e-07,9.073147e-07,4.17359286e-09,1.74419922e-16,1.58531847e-12,1.28040517e-18,4.20778612e-25,7.74940862e-15,5.98052852e-14,3.95743944e-12,1.49258046e-13,0.748834257,-3.11098958e-20,-6.41117874e-36,5.65447909e-33,1.41399093e-26,-4.80192876e-29
0.01621875,-0.172817038,10.2657115,-76.4694015,1468.00883,0.231147891,1.36135276e-05,1.61884658e-06,0.000160347065,0.126594995,0.000570715744,0.0717804592,1.04942143e-05,6.0905947e-07,6.75281344e-24,2.41071029e-23,1.29566765e-20,1.95069996e-22,1.84061868e-20,2.90447861e-21,0.000320918344,0.0514032625,9.49361107e-12,1.64239654e-14,2.7257807e-20,1.45722535e-21,1.19102817e-20,1.43873035e-29,7.18018296e-26,1.51457349e-28,2.6959881e-26,-1.72759408e-29,-1.65938843e-28,2.43751507e-23,3.34264914e-22,6.24101699e-26,2.12251391e-12,1.82946342e-11,4.4044256e-13,8.41122792e-13,5.08859749e-11,0.000117980975,9.11998645e-07,8.98575802e-07,4.07854761e-09,1.46169038e-16,1.48575136e-12,1.18666969e-18,3.22553861e-25,7.32456781e-15,5.61152476e-14,3.71364535e-12,1.36114543e-13,0.749023172,-3.08443781e-20,-6.18074966e-37,5.19462239e-33,1.23125153e-26,-5.45134468e-29
0.0162421875,-0.171724516,10.229228,-76.4694015,1455.17341,0.233267998,1.28255021e-05,1.47619797e-06,0.000150445371,0.128166304,0.000535668753,0.0709888659,1.05963673e-05,6.31560588e-07,4.85925955e-24,1.77598334e-23,1.05654436e-20,1.54442916e-22,1.53637776e-20,2.62405317e-21,0.000304798321,0.0504992377,8.36101763e-12,1.46501624e-14,2.26888211e-20,1.27526099e-21,1.06057669e-20,1.62849944e-29,9.21556796e-26,1.92501816e-28,3.78358769e-26,-1.77356587e-29,-1.84426817e-28,2.06996028e-23,2.85290353e-22,6.52052122e-26,1.75727266e-12,1.62987208e-11,3.87553349e-13,7.65118746e-13,4.56590456e-11,0.000116159496,9.74927125e-07,8.89237124e-07,3.98337519e-09,1.22661917e-16,1.39698666e-12,1.10379857e-18,2.46919312e-25,6.93977149e-15,5.28055434e-14,3.49413179e-12,1.24403095e-13,0.749211123,-3.05808784e-20,2.99885689e-36,4.5967071e-33,1.08015477e-26,-5.75339167e-29
0.016265625,-0.170623513,10.1926414,-76.4694015,1442.30743,0.235430631,1.20938556e-05,1.34447397e-06,0.000140991732,0.129727307,0.000502208714,0.0701976178,1.06950867e-05,6.55597182e-07,3.46655697e-24,1.3066196e-23,8.61383611e-21,1.2218739e-22,1.28310572e-20,2.21923866e-21,0.000289813904,0.0496028728,7.36070612e-12,1.31030202e-14,1.89110534e-20,1.11911111e-21,9.45567788e-21,1.88181386e-29,1.20834442e-25,2.41842951e-28,5.25040617e-26,-1.79767907e-29,-2.05877018e-28,1.64152406e-23,2.44185322e-22,6.96623861e-26,1.45271749e-12,1.45012728e-11,3.40824067e-13,6.96406359e-13,4.09035165e-11,0.000114347975,1.04392868e-06,8.79345587e-07,3.88806282e-09,1.03060454e-16,1.31763268e-12,1.03031518e-18,1.88713628e-25,6.59039924e-15,4.98293133e-14,3.29599795e-12,1.13936724e-13,0.749398125,-3.03193923e-20,4.77570754e-36,3.96488342e-33,9.54721008e-27,-5.6534614e-29
0.0162890625,-0.169514389,10.1559536,-76.4694015,1429.41438,0.237636511,1.14151709e-05,1.22296999e-06,0.000131978646,0.131277852,0.000470307856,0.0694068487,1.07899395e-05,6.81307831e-07,2.47149846e-24,9.59816576e-24,7.02007068e-21,9.65700477e-23,1.07092173e-20,1.71145606e-21,0.00027588233,0.0487142924,6.47743879e-12,1.17514997e-14,1.57838836e-20,9.8483435e-22,8.4386671e-21,2.19287779e-29,1.59972181e-25,3.00156189e-28,7.20906253e-26,-1.81036596e-29,-2.3259023e-28,1.28138403e-23,2.09566789e-22,7.56696869e-26,1.19911298e-12,1.28855792e-11,2.99585662e-13,6.34330243e-13,3.65833166e-11,0.000112546031,1.11964243e-06,8.68947701e-07,3.79260648e-09,8.66832172e-17,1.24649211e-12,9.64949856e-19,1.4396262e-25,6.27241246e-15,4.71460053e-14,3.11671914e-12,1.04555311e-13,0.749584191,-3.00599157e-20,5.36913175e-36,3.35781376e-33,8.51433352e-27,-5.07710475e-29
0.0163125,-0.168397501,10.1191662,-76.4694015,1416.49765,0.239886374,1.07861762e-05,1.11101202e-06,0.000123397978,0.132817799,0.000439936156,0.0686166898,1.08805289e-05,7.08854228e-07,2.05209825e-24,7.03683214e-24,5.71732259e-21,7.62159074e-23,8.92234118e-21,1.10839082e-21,0.000262926028,0.047833612,5.69762143e-12,1.05686726e-14,1.31912457e-20,8.69090752e-22,7.53678113e-21,2.55644904e-29,2.12266276e-25,3.67735853e-28,9.79792967e-26,-1.81099236e-29,-2.66519603e-28,9.96065531e-24,1.80317503e-22,8.31346867e-26,9.88022827e-13,1.14356919e-11,2.63230514e-13,5.78286445e-13,3.2664404e-11,0.000110753251,1.20275425e-06,8.58089235e-07,3.69703846e-09,7.29691403e-17,1.1825323e-12,9.06623868e-19,1.09557577e-25,5.9822733e-15,4.47204378e-14,2.95409396e-12,9.61209642e-14,0.749769335,-2.98024452e-20,5.29754682e-36,2.80444412e-33,7.67745315e-27,-3.91383239e-29
0.016359375,-0.166141513,10.0452994,-76.4694015,1390.60351,0.244521617,9.66801845e-06,9.13837746e-07,0.000107507504,0.135865303,0.000383681051,0.067038703,1.10481501e-05,7.70009195e-07,-4.86980318e-25,3.76789516e-24,3.78929388e-21,4.73291678e-23,6.16875676e-21,-3.89302289e-22,0.000239713561,0.0460963718,4.40601719e-12,8.63695429e-15,9.27488383e-21,6.84297964e-22,6.03305442e-21,3.3831296e-29,3.66038109e-25,5.24622122e-28,1.73565619e-25,-1.73141817e-29,-3.59888284e-28,6.03374063e-24,1.35119366e-22,1.02159756e-25,6.69756514e-13,8.98662555e-12,2.03501017e-13,4.82599087e-13,2.5922456e-11,0.000107194168,1.39321874e-06,8.35134526e-07,3.50593168e-09,5.18679343e-17,1.0734024e-12,8.08560643e-19,6.31925497e-26,5.4758936e-15,4.05476568e-14,2.67283871e-12,8.17240235e-14,0.750136894,-2.92935448e-20,4.23469881e-36,1.89152533e-33,6.54602226e-27,6.21778676e-30
0.01640625,-0.163858706,9.97106178,-76.4694015,1364.65477,0.249342082,8.71245918e-06,7.47642896e-07,9.32178977e-05,0.138869297,0.000333103609,0.0654646456,1.11917626e-05,8.40555936e-07,6.81185103e-25,1.99884401e-24,2.50071411e-21,2.91529172e-23,4.19544347e-21,-2.37449515e-21,0.000219566312,0.0443916287,3.40015437e-12,7.13970184e-15,6.5569924e-21,5.45065042e-22,4.83844359e-21,4.34725861e-29,6.18986482e-25,7.15209317e-28,2.97466484e-25,-1.29433107e-29,-4.85685221e-28,3.67325402e-24,1.02309736e-22,1.25997252e-25,4.51665745e-13,7.03644595e-12,1.57411819e-13,4.04788577e-13,2.04281685e-11,0.00010366617,1.62196311e-06,8.10868939e-07,3.31412746e-09,3.69240026e-17,9.83502014e-13,7.2902432e-19,3.60233781e-26,5.04733141e-15,3.70791424e-14,2.4374961e-12,6.98824135e-14,0.750500946,-2.87925787e-20,3.00012842e-36,1.22337901e-33,6.05206876e-27,9.78186054e-29
0.016453125,-0.161551777,9.89647036,-76.4694015,1338.67664,0.254354404,7.89831966e-06,6.08304529e-07,8.04372303e-05,0.141829008,0.000287891636,0.0638954696,1.13055385e-05,9.22117194e-07,2.21499528e-25,1.12784552e-24,1.64202761e-21,1.78089459e-23,2.8315044e-21,-5.01925236e-21,0.000202030822,0.0427200127,2.61776824e-12,5.96807101e-15,4.66969519e-21,4.39275654e-22,3.8960284e-21,5.37572287e-29,1.01767021e-24,9.28854273e-28,4.92171363e-25,-7.79534285e-32,-6.19556977e-28,2.69798333e-24,7.82847386e-23,1.53876626e-25,3.03553983e-13,5.49511294e-12,1.22015511e-13,3.41578301e-13,1.59820219e-11,0.000100165537,1.89525028e-06,7.85604636e-07,3.12147766e-09,2.62962439e-17,9.08491146e-13,6.63741598e-19,1.66998915e-26,4.68074594e-15,3.41640995e-14,2.23841153e-12,6.00439663e-14,0.750861567,-2.82995314e-20,1.92805293e-36,7.5063649e-34,6.21096735e-27,2.57204257e-28
0.0164765625,-0.160390231,9.85904837,-76.4694015,1325.6855,0.256934434,7.53704781e-06,5.47317808e-07,7.45765796e-05,0.143292106,0.000267173828,0.0631129966,1.13485038e-05,9.67637699e-07,5.11083013e-25,7.55019241e-25,1.32696427e-21,1.38997011e-23,2.39351136e-21,-2.44464377e-21,0.000194097599,0.0418967829,2.29348683e-12,5.47394727e-15,3.92826207e-21,3.95464875e-22,3.48951342e-21,5.90697603e-29,1.2947948e-24,1.04306849e-27,6.26963351e-25,1.16200291e-29,-6.76249647e-28,6.19003078e-24,6.85741978e-23,1.6897901e-25,2.48148249e-13,4.84940568e-12,1.07443115e-13,3.14432472e-13,1.40911585e-11,9.8423983e-05,2.05097351e-06,7.72700354e-07,3.02470777e-09,2.21776255e-17,8.75343566e-13,6.35065322e-19,1.50300665e-26,4.51611577e-15,3.28711848e-14,2.14970384e-12,5.57223641e-14,0.751040615,-2.8055958e-20,1.46873768e-36,5.69256633e-34,6.55454377e-27,3.69106368e-28
0.0165,-0.159223635,9.82154414,-76.4694015,1312.69605,0.259565067,7.20418777e-06,4.9169889e-07,6.90589274e-05,0.144743809,0.00024767645,0.0623320922,1.13817002e-05,1.01653629e-06,1.09160286e-25,5.43880376e-25,1.07027613e-21,1.08060907e-23,1.97804201e-21,-2.08642911e-21,0.000186678794,0.0410820997,2.00781205e-12,5.03265008e-15,3.31463417e-21,3.56894226e-22,3.1261444e-21,6.41794742e-29,1.63311815e-24,1.15562149e-27,7.91018813e-25,2.8148112e-29,-7.13025819e-28,1.14501884e-24,6.01299339e-23,1.84711994e-25,2.02695146e-13,4.27786804e-12,9.47023325e-14,2.8997447e-13,1.23994566e-11,9.66880099e-05,2.22013948e-06,7.59647786e-07,2.92785692e-09,1.86983099e-17,8.44771858e-13,6.08834148e-19,1.13104452e-26,4.36267163e-15,3.16762513e-14,2.06746857e-12,5.1756607e-14,0.75121882,-2.78143755e-20,1.06526074e-36,4.18961156e-34,7.11435853e-27,5.0507274e-28
0.016546875,-0.156876317,9.74629736,-76.4694015,1286.73142,0.264982333,6.6175106e-06,3.95350101e-07,5.90167484e-05,0.147612632,0.000212208466,0.0607754332,1.14175994e-05,1.12486322e-06,2.28104606e-25,2.78877205e-25,6.9330876e-22,6.49808685e-24,1.36221769e-21,-1.71761516e-21,0.000173257002,0.0394785993,1.53650448e-12,4.28604197e-15,2.36748202e-21,2.93180473e-22,2.5126069e-21,7.30071974e-29,2.52229449e-24,1.35726374e-27,1.21989906e-24,7.55035942e-29,-7.34441844e-28,8.01448422e-25,4.69024315e-23,2.17587636e-25,1.3547499e-13,3.33148164e-12,7.40203419e-14,2.48299326e-13,9.55121641e-12,9.3232038e-05,2.60039421e-06,7.33194822e-07,2.73460859e-09,1.32807875e-17,7.9042915e-13,5.63252558e-19,6.22349358e-27,4.08571096e-15,2.95467001e-14,1.92026206e-12,4.47730269e-14,0.75157273,-2.73372123e-20,4.21544037e-37,1.95692178e-34,8.91976891e-27,8.50759424e-28
0.01659375,-0.154512617,9.67075513,-76.4694015,1260.80801,0.270613405,6.12055981e-06,3.15891601e-07,5.01922005e-05,0.15043547,0.000181069703,0.0592262827,1.14052947e-05,1.24704109e-06,-1.00461989e-25,1.40933102e-25,4.45090898e-22,3.86070657e-24,9.26888143e-22,-1.65600379e-21,0.000161424707,0.0379095211,1.1713805e-12,3.67468015e-15,1.69012856e-21,2.42505469e-22,2.01303065e-21,7.97643829e-29,3.78125126e-24,1.51756808e-27,1.82027562e-24,1.41310784e-28,-7.06783647e-28,4.93752675e-25,3.69441183e-23,2.51054369e-25,9.03581954e-14,2.59398101e-12,5.82392132e-14,2.14383803e-13,7.29684664e-12,8.97945891e-05,3.04010217e-06,7.06491356e-07,2.54204363e-09,9.40476269e-18,7.43153178e-13,5.24452612e-19,3.37013344e-27,3.84072468e-15,2.76917944e-14,1.79140375e-12,3.8808917e-14,0.751923407,-2.6867953e-20,-6.87059122e-38,4.3708452e-35,1.18455099e-26,1.28988833e-27
0.016640625,-0.152134994,9.59493925,-76.4694015,1234.94767,0.276466328,5.69976785e-06,2.50765289e-07,4.24844061e-05,0.153211927,0.000153900088,0.0576854392,1.13379694e-05,1.38098581e-06,-1.60668088e-26,7.01260173e-26,2.82874688e-22,2.26147454e-24,6.15234462e-22,-1.8150339e-21,0.000150934322,0.0363751399,8.89189204e-13,3.16502437e-15,1.20307471e-21,2.01526889e-22,1.60105355e-21,8.37830884e-29,5.50653796e-24,1.6150436e-27,2.6305771e-24,2.24283418e-28,-6.35342417e-28,3.04251729e-25,2.93743545e-23,2.83780962e-25,6.02323127e-14,2.02107163e-12,4.62030269e-14,1.86710259e-13,5.5270668e-12,8.63748612e-05,3.54059862e-06,6.79722529e-07,2.35079901e-09,6.63509627e-18,7.01428533e-13,4.91038915e-19,1.79583169e-27,3.62157045e-15,2.60557419e-14,1.67731392e-12,3.36799941e-14,0.752270908,-2.64066028e-20,-4.52325234e-37,-6.01615381e-35,1.61693769e-26,1.80632132e-27
0.0166875,-0.149745857,9.51887271,-76.4694015,1209.17153,0.282549523,5.34322077e-06,1.97728932e-07,3.57936918e-05,0.155941674,0.000130339649,0.0561536659,1.12098078e-05,1.52233892e-06,5.27230332e-26,3.43063895e-26,1.77770449e-22,1.30280627e-24,3.90872276e-22,-2.14596727e-21,0.000141575595,0.0348756669,6.71731005e-13,2.73261202e-15,8.51742624e-22,1.67862352e-22,1.25713855e-21,8.47278263e-29,7.79909921e-24,1.63507846e-27,3.68654337e-24,3.21065881e-28,-5.13481747e-28,1.90729098e-25,2.35528268e-23,3.14499341e-25,4.01714138e-14,1.57665617e-12,3.70150677e-14,1.6404495e-13,4.14952493e-12,8.29737891e-05,4.10026524e-06,6.53043869e-07,2.16179547e-09,4.66049958e-18,6.64082222e-13,4.61955631e-19,9.40764703e-28,3.42336937e-15,2.45944946e-14,1.5751811e-12,2.92433634e-14,0.752615282,-2.59531717e-20,-7.70853928e-37,-1.32611878e-34,2.22108595e-26,2.37379604e-27
0.016734375,-0.147347558,9.44257973,-76.4694015,1183.49993,0.288871798,5.0405438e-06,1.54828414e-07,3.00224582e-05,0.158624431,0.00011003347,0.0546316915,1.1016448e-05,1.66478679e-06,-5.42459517e-26,1.64954477e-26,1.10345423e-22,7.35710208e-25,2.28711823e-22,-2.62098322e-21,0.000133170858,0.0334112584,5.0475548e-13,2.35991182e-15,5.9826984e-22,1.39819902e-22,9.66400369e-22,8.26334982e-29,1.07581804e-23,1.57289825e-27,5.01721734e-24,4.25272417e-28,-3.26573224e-28,1.23021266e-25,1.90093327e-23,3.42102546e-25,2.68310389e-14,1.23186078e-12,2.9985344e-14,1.45389915e-13,3.08680528e-12,7.95942921e-05,4.71411078e-06,6.26583931e-07,1.97615443e-09,3.2574956e-18,6.30206576e-13,4.36398116e-19,4.83904535e-28,3.24224632e-15,2.3273248e-14,1.48279562e-12,2.53873059e-14,0.752956579,-2.55076739e-20,-1.05729265e-36,-1.85662774e-34,3.02951801e-26,2.95898453e-27
0.01678125,-0.144942404,9.36608579,-76.4694015,1157.9525,0.295442353,4.78277959e-06,1.20370494e-07,2.50760639e-05,0.161259961,9.26363335e-05,0.0531202113,1.07554209e-05,1.80099877e-06,-7.88601789e-26,7.79265415e-27,6.75759384e-23,4.05266502e-25,1.11010634e-22,-3.22357988e-21,0.0001255707,0.0319820227,3.77089379e-13,2.03461646e-15,4.15981409e-22,1.16202463e-22,7.17298128e-22,7.78684691e-29,1.44747766e-23,1.4342107e-27,6.64115989e-24,5.27574717e-28,-5.53000217e-29,8.26212065e-26,1.53982865e-23,3.65719764e-25,1.79607808e-14,9.63916812e-13,2.45867446e-14,1.29941754e-13,2.27454902e-12,7.62413555e-05,5.37364063e-06,6.00447292e-07,1.7951431e-09,2.26490733e-18,5.99100366e-13,4.13755556e-19,2.44469462e-28,3.07512738e-15,2.20645415e-14,1.39842065e-12,2.20235016e-14,0.753294845,-2.50701278e-20,-1.33649445e-36,-2.28105713e-34,4.06770457e-26,3.52712042e-27
0.016828125,-0.142532649,9.2894176,-76.4694015,1132.54818,0.302270787,4.56226055e-06,9.28967978e-08,2.08636562e-05,0.163848057,7.78169788e-05,0.0516198887,1.04264777e-05,1.92386265e-06,-1.64855192e-25,3.59813782e-27,4.07829445e-23,2.15985715e-25,2.51583695e-23,-3.9430771e-21,0.000118650058,0.0305880269,2.79961893e-13,1.74827524e-15,2.85748769e-22,9.61632649e-23,5.00850839e-22,7.10408517e-29,1.90254298e-23,1.23370556e-27,8.56350921e-24,6.16942324e-28,3.21309187e-28,5.83465051e-26,1.24690839e-23,3.84759536e-25,1.20563985e-14,7.55096777e-13,2.04191299e-14,1.17056583e-13,1.65971514e-12,7.29219119e-05,6.06706949e-06,5.74717686e-07,1.62011419e-09,1.56619518e-18,5.70223342e-13,3.93568814e-19,1.20946489e-28,2.91958004e-15,2.09467905e-14,1.32069142e-12,1.90812043e-14,0.753630126,-2.46405555e-20,-1.62745999e-36,-2.66532607e-34,5.33950812e-26,4.04911745e-27
0.016875,-0.140120506,9.21260314,-76.4694015,1107.30523,0.309367101,4.3724782e-06,7.11592763e-08,1.72989214e-05,0.166388529,6.52618477e-05,0.0501313568,1.00317976e-05,2.02760157e-06,9.75304754e-26,1.62248712e-27,2.4226498e-23,1.09682824e-25,-3.77857501e-23,-4.77149184e-21,0.000112304716,0.0292293029,2.06483824e-13,1.49519029e-15,1.93614513e-22,7.9098218e-23,3.10136348e-22,6.28769007e-29,2.44671273e-23,9.91954137e-28,1.07743791e-23,6.8272062e-28,8.22771184e-28,4.3499091e-26,1.00463931e-23,3.98919205e-25,8.11781418e-15,5.91755083e-13,1.71803857e-14,1.06220464e-13,1.19898882e-12,6.96445232e-05,6.77987857e-06,5.49461096e-07,1.45243537e-09,1.07706334e-18,5.43160804e-13,3.75499632e-19,5.88660102e-29,2.77368601e-15,1.99031322e-14,1.24853578e-12,1.65029283e-14,0.753962468,-2.42189829e-20,-1.94652043e-36,-3.06003514e-34,6.80293278e-26,4.50808455e-27
0.016921875,-0.137708147,9.13567166,-76.4694015,1082.24129,0.316741699,4.20795235e-06,5.40971339e-08,1.43007455e-05,0.168881198,5.46781897e-05,0.048655221,9.5760816e-06,2.10846886e-06,-2.17475862e-26,7.28498001e-28,1.41461942e-23,5.13708069e-26,-8.41306881e-23,-5.70181798e-21,0.000106448189,0.0279058515,1.51245111e-13,1.27152707e-15,1.29250222e-22,6.45660346e-23,1.39937204e-22,5.41024438e-29,3.08338555e-23,7.31622962e-28,1.32488474e-23,7.16883032e-28,1.46392799e-27,3.4111599e-26,8.0159901e-24,4.08164737e-25,5.48281326e-15,4.63488024e-13,1.46434037e-14,9.70246818e-14,8.57338023e-13,6.64188923e-05,7.49566351e-06,5.24728664e-07,1.29341256e-09,7.36640604e-19,5.17595817e-13,3.59308566e-19,2.81780349e-29,2.63593916e-15,1.89204992e-14,1.18111144e-12,1.42412886e-14,0.754291915,-2.38054391e-20,-2.31052206e-36,-3.50440142e-34,8.33721842e-26,4.90322962e-27
0.01696875,-0.135297705,9.05865369,-76.4694015,1057.37339,0.324405378,4.06410353e-06,4.08152435e-08,1.179377e-05,0.171325887,4.57964254e-05,0.0471920611,9.06650639e-06,2.16492735e-06,-6.03411449e-26,2.97230446e-28,8.10597704e-24,2.03216386e-26,-1.18307709e-22,-6.72714684e-21,0.000101008977,0.0266176474,1.10002649e-13,1.07461012e-15,8.4949953e-23,5.22300128e-23,-1.35397854e-23,4.53507401e-29,3.81350784e-23,4.73945325e-28,1.59484944e-23,7.15703715e-28,2.25182367e-27,2.78672693e-26,6.31275478e-24,4.1268895e-25,3.71393773e-15,3.62415761e-13,1.26379969e-14,8.91452148e-14,6.06716501e-13,6.32552627e-05,8.19717291e-06,5.00559355e-07,1.1442135e-09,5.01118064e-19,4.9328734e-13,3.44839735e-19,1.2815948e-29,2.50516307e-15,1.79888657e-14,1.11775619e-12,1.22567031e-14,0.754618515,-2.33999564e-20,-2.73892559e-36,-4.02833518e-34,9.71331633e-26,5.2501311e-27
0.017015625,-0.132891283,8.98158106,-76.4694015,1032.71805,0.332369321,3.93713133e-06,3.05640497e-08,9.70882892e-06,0.173722413,3.83717021e-05,0.0457424354,8.51249625e-06,2.19740267e-06,-2.23910528e-25,1.3306146e-28,4.54793063e-24,4.45353073e-27,-1.43419722e-22,-7.84028779e-21,9.59281653e-05,0.025364642,7.94366861e-14,9.02388934e-16,5.49591446e-23,4.18172458e-23,-1.52907218e-22,3.7107983e-29,4.63561104e-23,2.36139582e-28,1.88241872e-23,6.80334682e-28,3.18300027e-27,2.34354282e-26,4.90823116e-24,4.12857757e-25,2.52233427e-15,2.82584072e-13,1.10368543e-14,8.23258325e-14,4.24910066e-13,6.01637813e-05,8.86740909e-06,4.76982286e-07,1.0057985e-09,3.39149402e-19,4.70052996e-13,3.32010898e-19,5.74446722e-30,2.3804442e-15,1.71006269e-14,1.05794841e-12,1.05157261e-14,0.754942314,-2.30025698e-20,-3.2534842e-36,-4.65342629e-34,1.05971277e-25,5.57766348e-27
0.0170625,-0.13049096,8.90448686,-76.4694015,1008.29126,0.34064507,3.82390127e-06,2.27209822e-08,7.98324924e-06,0.176070587,3.21846258e-05,0.0443068838,7.92528103e-06,2.20778887e-06,8.65990416e-26,5.48030414e-29,2.49001355e-24,-3.15214453e-27,-1.61638357e-22,-9.03367638e-21,9.11573392e-05,0.0241467664,5.69594361e-14,7.53062857e-16,3.50084972e-23,3.30919868e-23,-2.79820096e-22,2.96959715e-29,5.54600987e-23,3.00730749e-29,2.18196334e-23,6.16207237e-28,4.24152402e-27,2.00650788e-26,3.79623047e-24,4.09153384e-25,1.71698383e-15,2.19480006e-13,9.74475515e-15,7.63642716e-14,2.94521277e-13,5.7153898e-05,9.4906599e-06,4.54018744e-07,8.78865139e-10,2.28391412e-19,4.47755511e-13,3.20807811e-19,2.72882476e-30,2.26107745e-15,1.62500855e-14,1.0012759e-12,8.98982007e-15,0.755263359,-2.26133168e-20,-3.87383717e-36,-5.39343808e-34,1.06230858e-25,5.92284078e-27
0.017109375,-0.128098795,8.82740551,-76.4694015,984.10861,0.349244498,3.72184172e-06,1.67734045e-08,6.56099678e-06,0.178370204,2.70412023e-05,0.042885932,7.3172535e-06,2.19888403e-06,9.64540953e-26,4.88031441e-29,1.32294574e-24,-6.38226428e-27,-1.74486906e-22,-1.02994356e-20,8.66567989e-05,0.0229639337,4.05636181e-14,6.2485064e-16,2.19719472e-23,2.58402786e-23,-3.951828e-22,2.32835836e-29,6.53911742e-23,-1.37898027e-28,2.48751734e-23,5.31581604e-28,5.39795011e-27,1.73394533e-26,2.9768928e-24,4.02121548e-25,1.17115194e-15,1.69652252e-13,8.69037227e-15,7.11010167e-14,2.02086628e-13,5.42338688e-05,1.00533501e-05,4.31683868e-07,7.63812251e-10,1.53073973e-19,4.2629208e-13,3.11282627e-19,9.97298835e-31,2.14652206e-15,1.54330278e-14,9.47411314e-13,7.65444686e-15,0.755581697,-2.22322369e-20,-4.60669596e-36,-6.25471734e-34,9.54538907e-26,6.32513872e-27
0.01715625,-0.12571682,8.75037268,-76.4694015,960.185153,0.358179822,3.628852e-06,1.23031033e-08,5.3926577e-06,0.180621048,2.27720716e-05,0.0414800956,6.70118945e-06,2.17388229e-06,-3.12712555e-26,7.83243186e-30,6.75160964e-25,-7.37556553e-27,-1.8303776e-22,-1.16295058e-20,8.23940357e-05,0.0218160402,2.87018048e-14,5.15882335e-16,1.36019663e-23,1.9862849e-23,-4.99339234e-22,1.79155167e-29,7.60782724e-23,-2.66229138e-28,2.79313365e-23,4.35770073e-28,6.60929019e-27,1.50308272e-26,2.44222464e-24,3.92327027e-25,8.00373703e-16,1.30424095e-13,7.82010736e-15,6.64102579e-14,1.3731447e-13,5.14104049e-05,1.05446383e-05,4.09988018e-07,6.60726808e-10,1.02125913e-19,4.05586084e-13,3.03550956e-19,4.62438935e-31,2.03636567e-15,1.4646376e-14,8.96093027e-13,6.48835157e-15,0.755897376,-2.18593719e-20,-5.42517282e-36,-7.23674902e-34,7.39952477e-26,6.82155785e-27
0.017203125,-0.123347033,8.67342537,-76.4694015,936.53541,0.367463589,3.54322192e-06,8.97230166e-09,4.43525522e-06,0.182822888,1.92311552e-05,0.0400898836,6.08943199e-06,2.13598624e-06,1.832935e-24,1.51902743e-29,3.24206518e-25,-7.28201845e-27,-1.88045942e-22,-1.30157924e-20,7.8342448e-05,0.0207029669,2.01900072e-14,4.24183855e-16,8.31742847e-24,1.49739373e-23,-5.9224369e-22,1.35475982e-29,8.74391616e-23,-3.56988157e-28,3.09318163e-23,3.37519397e-28,7.81990882e-27,1.3016812e-26,2.16766266e-24,3.80319629e-25,5.48067984e-16,9.96844885e-14,7.09349512e-15,6.2192655e-14,9.24453855e-14,4.86884836e-05,1.09567303e-05,3.88937882e-07,5.69394356e-10,6.78301939e-20,3.85580662e-13,2.97800949e-19,2.83234174e-31,1.93029541e-15,1.38879075e-14,8.47110217e-13,5.47298736e-15,0.756210441,-2.14947646e-20,-6.23555137e-36,-8.33293524e-34,4.55109782e-26,7.44314255e-27
0.01725,-0.120991415,8.5966018,-76.4694015,913.173481,0.377108614,3.46356262e-06,6.51114154e-09,3.65191507e-06,0.184975481,1.62938634e-05,0.0387158028,5.49315175e-06,2.08815353e-06,-3.56085055e-25,-8.72936174e-31,1.39470705e-25,-6.70356533e-27,-1.90034563e-22,-1.4450303e-20,7.44802652e-05,0.0196245796,1.41301299e-14,3.47720714e-16,5.03204961e-24,1.10030153e-23,-6.73610822e-22,1.0080722e-29,9.93843081e-23,-4.14562762e-28,3.38256836e-23,2.43887843e-28,8.96317871e-27,1.12329704e-26,2.11252087e-24,3.66610633e-25,3.76144578e-16,7.57413557e-14,6.47980406e-15,5.8369586e-14,6.17087049e-14,4.60713173e-05,1.12849201e-05,3.68537331e-07,4.89330814e-10,4.48645285e-20,3.66233766e-13,2.94296651e-19,5.07742692e-31,1.82807459e-15,1.31560304e-14,8.00291436e-13,4.59203435e-15,0.756520934,-2.11384592e-20,-6.84517108e-36,-9.53157643e-34,1.56396235e-26,8.2131699e-27
0.017296875,-0.118651941,8.51994149,-76.4694015,890.113138,0.387127891,3.3887479e-06,4.70655468e-09,3.01140561e-06,0.187078575,1.38550136e-05,0.0373583605,4.92177762e-06,2.03296093e-06,2.88434683e-24,1.30270656e-29,4.5817163e-26,-5.94466724e-27,-1.89343248e-22,-1.59252596e-20,7.07896562e-05,0.0185807293,9.84753633e-15,2.84469564e-16,3.01739096e-24,7.7980177e-24,-7.43045147e-22,7.38884303e-30,1.11820329e-22,-4.44495522e-28,3.65688055e-23,1.59713377e-28,9.96368458e-27,9.64584306e-27,2.22776542e-24,3.51658552e-25,2.58852639e-16,5.72213086e-14,5.95553773e-15,5.48786047e-14,4.0875333e-14,4.35604519e-05,1.15274054e-05,3.48788083e-07,4.19831451e-10,2.95265374e-20,3.47514388e-13,2.93393801e-19,2.322551e-31,1.72952426e-15,1.24496085e-14,7.55495857e-13,3.83099082e-15,0.756828894,-2.07905004e-20,-7.04628937e-36,-1.08169756e-33,-1.03810931e-26,9.14686882e-27
0.01734375,-0.116330595,8.44348518,-76.4694015,867.367921,0.397534496,3.31786522e-06,3.39242439e-09,2.48758771e-06,0.189131907,1.18266076e-05,0.0360180687,4.38265347e-06,1.97255688e-06,1.54486873e-24,4.81428629e-30,9.34074097e-28,-5.15168184e-27,-1.86146464e-22,-1.74331827e-20,6.72559932e-05,0.0175712524,6.84085376e-15,2.3249265e-16,1.79640017e-24,5.22850493e-24,-8.00153006e-22,5.33943367e-30,1.24652901e-22,-4.52585294e-28,3.91245461e-23,8.7607752e-29,1.07397778e-26,8.23721486e-27,2.46590751e-24,3.35862432e-25,1.78728671e-16,4.30020178e-14,5.50260442e-15,5.16698756e-14,2.68924464e-14,4.11559602e-05,1.16849395e-05,3.29690202e-07,3.60030057e-10,1.93479425e-20,3.2939969e-13,2.95568444e-19,2.36418006e-31,1.63450851e-15,1.17678275e-14,7.12606622e-13,3.17685403e-15,0.757134354,-2.04509333e-20,-7.32926067e-36,-1.21705701e-33,-2.95488668e-26,1.02522917e-26
0.017390625,-0.114029379,8.36727482,-76.4694015,844.95122,0.408341462,3.25017519e-06,2.44094865e-09,2.05881428e-06,0.191135211,1.01355945e-05,0.0346954468,3.88093112e-06,1.90867181e-06,1.50728214e-24,4.534242e-30,-1.8479523e-26,-4.38863e-27,-1.80445013e-22,-1.89669481e-20,6.38672498e-05,0.0165959702,4.74171451e-15,1.89999016e-16,1.06351805e-24,3.18819725e-24,-8.44642554e-22,3.80672842e-30,1.37789091e-22,-4.44286931e-28,4.14638943e-23,2.8314476e-29,1.12063348e-26,6.99501634e-27,2.78802487e-24,3.19560752e-25,1.23906328e-16,3.21658382e-14,5.10697766e-15,4.87033914e-14,1.75899828e-14,3.88566903e-05,1.1760389e-05,3.11242462e-07,3.08960972e-10,1.26120147e-20,3.11872847e-13,3.01465807e-19,7.61339391e-33,1.54292318e-15,1.11100946e-14,6.71525797e-13,2.61782532e-15,0.75743734,-2.01198028e-20,-1.16721187e-35,-1.35720024e-33,-4.1416015e-26,1.15318376e-26
0.0174375,-0.111750324,8.29135358,-76.4694015,822.876343,0.419561634,3.18507841e-06,1.75512979e-09,1.70731766e-06,0.193088216,8.72172048e-06,0.0333910243,3.41967013e-06,1.84266106e-06,-1.75871225e-25,-1.3264226e-31,-2.49515317e-26,-3.67737641e-27,-1.72030438e-22,-2.0519821e-20,6.06135099e-05,0.0156546882,3.28264184e-15,1.55384922e-16,6.26922044e-25,1.59753068e-24,-8.76420071e-22,2.67907165e-30,1.51139126e-22,-4.24375673e-28,4.35651764e-23,-1.87549247e-29,1.12776489e-26,5.90847729e-27,3.16608799e-24,3.03034152e-25,8.63152602e-17,2.39662301e-14,4.75771413e-15,4.5946813e-14,1.14487754e-14,3.66605333e-05,1.17582585e-05,2.93442623e-07,2.65617456e-10,8.18926794e-21,2.9492142e-13,3.11967807e-19,-5.86605381e-32,1.45468704e-15,1.04759656e-14,6.32170521e-13,2.14311844e-15,0.757737867,-1.97971532e-20,-3.45498899e-35,-1.50000521e-33,-4.72142527e-26,1.29839475e-26
0.017484375,-0.1094955,8.2157658,-76.4694015,801.156583,0.431207488,3.12208855e-06,1.26233071e-09,1.41861766e-06,0.194990653,7.53553841e-06,0.0321053434,3.000089e-06,1.77556181e-06,5.26863704e-25,3.6490258e-30,-2.50349721e-26,-3.01834372e-27,-1.60418464e-22,-2.20854709e-20,5.74865692e-05,0.0147471959,2.27166526e-15,1.27252701e-16,3.68281166e-25,4.12187234e-25,-8.95693922e-22,1.86197437e-30,1.64617685e-22,-3.96812112e-28,4.54135081e-23,-5.49591264e-29,1.08704758e-26,4.96612848e-27,3.58174186e-24,2.86510474e-25,6.04660598e-17,1.78013868e-14,4.44622986e-15,4.33737996e-14,7.42086715e-15,3.45646819e-05,1.1684232e-05,2.76287611e-07,2.29001516e-10,5.27511108e-21,2.78536144e-13,3.28248252e-19,-1.97731126e-31,1.36973516e-15,9.86509192e-15,5.94470056e-13,1.74279192e-15,0.758035943,-1.9483028e-20,-1.11853803e-34,-1.64333672e-33,-4.87238713e-26,1.46046341e-26
0.01753125,-0.107267024,8.14055696,-76.4694015,779.805256,0.443290936,3.06081064e-06,9.08842768e-10,1.18097457e-06,0.196842255,6.53662056e-06,0.0308389607,2.62190314e-06,1.70815202e-06,1.93255545e-25,1.96360738e-31,-2.20349301e-26,-2.40077678e-27,-1.44743499e-22,-2.36579742e-20,5.44796121e-05,0.0138732654,1.57250919e-15,1.04411474e-16,2.15678044e-25,-3.27371257e-25,-9.03101495e-22,1.27836495e-30,1.7814478e-22,-3.64739843e-28,4.70001037e-23,-8.19008807e-29,9.90736571e-27,4.15542069e-27,4.02365505e-24,2.70171004e-25,4.26259106e-17,1.31918454e-14,4.16576278e-15,4.0962722e-14,4.79318626e-15,3.25658619e-05,1.15447616e-05,2.59773653e-07,1.98162471e-10,3.38686737e-21,2.62710016e-13,3.51736472e-19,7.87499932e-33,1.28801384e-15,9.27718455e-15,5.58363478e-13,1.40768318e-15,0.758331559,-1.9177469e-20,-3.08533445e-34,-1.78509584e-33,-4.75344993e-26,1.63886923e-26
0.017578125,-0.105067068,8.06577365,-76.4694015,758.835743,0.455823083,3.0009236e-06,6.55403474e-10,9.84902142e-07,0.198642763,5.69199457e-06,0.0295924497,2.28368994e-06,1.64100489e-06,2.39203663e-24,1.79366053e-29,-1.7519859e-26,-1.80748483e-27,-1.23602097e-22,-2.07248544e-20,5.15869507e-05,0.0130326507,1.089376e-15,8.58649045e-17,1.25861073e-25,-9.55432e-25,-8.94481207e-22,8.67214595e-31,1.91646311e-22,-3.30559044e-28,4.83215203e-23,-1.00050698e-28,8.96459159e-27,3.46308435e-27,4.48446739e-24,2.54157066e-25,3.02573621e-17,9.76054684e-15,3.91096935e-15,3.86956742e-14,3.08643091e-15,3.06605265e-05,1.1346723e-05,2.43896363e-07,1.72223561e-10,2.1575734e-21,2.47437617e-13,3.83881491e-19,5.7268604e-31,1.2094769e-15,8.71198825e-15,5.23797845e-13,1.12933229e-15,0.758624695,-1.88805163e-20,-7.12458243e-34,-1.92324951e-33,-4.47925983e-26,1.83295459e-26
0.017625,-0.102897859,7.99146348,-76.4694015,738.261503,0.468813962,2.94216631e-06,4.73585726e-10,8.22747302e-07,0.200391926,4.97480348e-06,0.028366401,1.98323525e-06,1.57453544e-06,-7.77486927e-25,-5.46067703e-30,-1.47213998e-26,-1.46009915e-27,-1.11796161e-22,-2.08663814e-20,4.88038134e-05,0.0122250864,7.55469266e-16,7.07913425e-17,7.30899188e-26,-1.36998244e-24,-8.77496525e-22,5.81312692e-31,2.05054367e-22,-2.96034216e-28,4.93789594e-23,-1.11051475e-28,8.16973945e-27,2.87579401e-27,4.96038805e-24,2.38576459e-25,2.16357139e-17,7.21483887e-15,3.6776183e-15,3.65577153e-14,1.98178339e-15,2.88450098e-05,1.10971401e-05,2.28650789e-07,1.50397557e-10,1.35845812e-21,2.32714601e-13,4.25665824e-19,-6.48827087e-31,1.13408292e-15,8.16926454e-15,4.90726712e-13,8.99960638e-16,0.758915313,-1.85922076e-20,-1.41465438e-33,-2.05585128e-33,-4.12374128e-26,2.04227303e-26
0.017671875,-0.100761687,7.91767508,-76.4694015,718.096074,0.482272228,2.88432649e-06,3.42961227e-10,6.8833629e-07,0.202089507,4.36317747e-06,0.0271614242,1.71783295e-06,1.50903887e-06,-1.28299505e-24,-3.26244802e-30,-1.20064287e-26,-1.16205851e-27,-9.91120918e-23,-2.10291712e-20,4.61261727e-05,0.0114502864,5.24503079e-16,5.85204646e-17,4.21394346e-26,-1.56884815e-24,-8.52840184e-22,3.00431318e-31,2.18307335e-22,-2.62410786e-28,5.01775266e-23,-1.16603785e-28,7.49572681e-27,2.38061714e-27,5.44853187e-24,2.2350936e-25,1.55882346e-17,5.33040384e-15,3.46235505e-15,3.45362864e-14,1.26897706e-15,2.71156428e-05,1.08029762e-05,2.14031446e-07,1.31993294e-10,8.56498829e-22,2.18537304e-13,4.76977852e-19,-4.2911291e-31,1.06179315e-15,7.64877997e-15,4.59108889e-13,7.12481361e-16,0.75920336,-1.83125775e-20,-2.49265343e-33,-2.18106584e-33,-3.73243545e-26,2.26632356e-26
0.01771875,-0.0986609016,7.84445794,-76.4694015,698.353063,0.49620482,2.82723181e-06,2.48926188e-10,5.76682801e-07,0.203735284,3.83929692e-06,0.0259781476,1.48452504e-06,1.44472083e-06,-6.35396242e-25,-1.38106533e-31,-9.53158195e-27,-9.07619428e-28,-8.56502315e-23,-2.12082879e-20,4.35506066e-05,0.0107079423,3.6453852e-16,4.85097025e-17,2.40338161e-26,-1.50301809e-24,-8.21449966e-22,-1.12718432e-28,2.3134987e-22,-2.30524211e-28,5.0725606e-23,-1.18039157e-28,6.92152739e-27,1.96651621e-27,5.94670968e-24,2.09013562e-25,1.13166593e-17,3.93723368e-15,3.26251835e-15,3.26207635e-14,8.10255516e-16,2.54688355e-05,1.04709835e-05,2.00032323e-07,1.16415429e-10,5.34322294e-22,2.04902452e-13,5.36117013e-19,2.35127479e-33,9.92570042e-16,7.15029818e-15,4.28907401e-13,5.60476973e-16,0.759488763,-1.80416575e-20,-4.01466612e-33,-2.29720035e-33,-3.3333081e-26,2.50468404e-26
0.017765625,-0.0965979132,7.77186239,-76.4694015,679.046116,0.510616582,2.77074281e-06,1.81071946e-10,4.83750866e-07,0.205329057,3.38862279e-06,0.0248172186,1.28028167e-06,1.38172094e-06,-4.70551807e-28,5.52088883e-31,-7.31390689e-27,-6.88611992e-28,-7.11768066e-23,-1.72095213e-20,4.10741832e-05,0.009997722,2.53586678e-16,4.03222203e-17,1.33790938e-26,-1.63087485e-24,-8.10222523e-22,-1.6477037e-25,2.44136583e-22,-2.00885564e-28,5.10342103e-23,-1.16455744e-28,6.34694907e-27,1.76278969e-27,6.4524611e-24,1.9512896e-25,8.27659372e-18,2.90772509e-15,3.07599595e-15,3.08021106e-14,5.15815907e-16,2.39011324e-05,1.01075993e-05,1.86646876e-07,1.03159629e-10,3.34882877e-22,1.91806928e-13,5.99722947e-19,1.34490827e-31,9.26376111e-16,6.6735743e-15,4.0008859e-13,4.38216615e-16,0.759771427,-1.77794744e-20,-6.0575373e-33,-2.40273503e-33,-2.9436439e-26,2.75685543e-26
0.0178125,-0.0945751879,7.69993938,-76.4694015,660.188872,0.525509855,2.71474729e-06,1.31987516e-10,4.06264369e-07,0.206870651,2.99926964e-06,0.023679303,1.10212773e-06,1.32013069e-06,-4.40573222e-25,4.15130602e-32,-6.18074556e-27,-5.75022969e-28,-6.57949208e-23,-2.04060706e-20,3.86943674e-05,0.00931926783,1.76518129e-16,3.36075233e-17,7.19132472e-27,-1.61861272e-24,-7.93894725e-22,7.72989285e-29,2.59078946e-22,-1.73800221e-28,5.11166699e-23,-1.12529161e-28,5.84639774e-27,1.35538477e-27,6.96422371e-24,1.81894912e-25,6.09573639e-18,2.1468523e-15,2.90110994e-15,2.90726108e-14,3.27330057e-16,2.24092459e-05,9.7188794e-06,1.73868022e-07,9.18050039e-11,2.02411597e-22,1.79247586e-13,6.63237156e-19,9.47598839e-33,8.63173064e-16,6.21835094e-15,3.72621338e-13,3.40652251e-16,0.760051239,-1.75260507e-20,-8.75318821e-33,-2.4963448e-33,-2.57486001e-26,3.02275415e-26
0.017859375,-0.0925952419,7.62874043,-76.4694015,641.7949,0.540884038,2.6591558e-06,9.6393235e-11,3.41555193e-07,0.208359917,2.66149777e-06,0.0225650838,9.47225854e-07,1.26000694e-06,-6.28506963e-29,1.46411117e-30,-5.12205262e-27,-4.71486806e-28,-5.94748208e-23,-2.15376701e-20,3.64089428e-05,0.00867219485,1.22915905e-16,2.80848088e-17,3.64288641e-27,-1.60807331e-24,-7.72097062e-22,3.22901019e-25,2.66826964e-22,-1.49377463e-28,5.09879789e-23,-1.06866092e-28,5.42908555e-27,1.2206692e-27,7.47878085e-24,1.68894545e-25,4.51851287e-18,1.58426366e-15,2.73652533e-15,2.7425654e-14,2.07017078e-16,2.09900736e-05,9.31045929e-06,1.61688108e-07,8.20051109e-11,1.25891491e-22,1.67221103e-13,7.21743032e-19,2.48104227e-31,8.02921156e-16,5.78435518e-15,3.46476398e-13,2.63393563e-16,0.760328063,-1.72814031e-20,-1.23047906e-32,-2.57690099e-33,-2.23301246e-26,3.30215693e-26
0.01790625,-0.0906606321,7.55831737,-76.4694015,623.87762,0.556735117,2.60389802e-06,7.05211909e-11,2.87442684e-07,0.209796744,2.36730357e-06,0.0214752593,8.12926124e-07,1.20138212e-06,4.44510484e-25,3.35284736e-32,-3.9705056e-27,-3.61537206e-28,-5.0704006e-23,-2.25988243e-20,3.42159458e-05,0.00805608891,8.55962267e-17,2.35291848e-17,1.63760454e-27,-1.42094042e-24,-7.45913301e-22,9.4023276e-29,2.69811618e-22,-1.27606092e-28,5.06643686e-23,-9.99886937e-29,5.06519928e-27,8.72952494e-28,7.9959509e-24,1.56619446e-25,3.3686258e-18,1.16807245e-15,2.58117673e-15,2.58555684e-14,1.30459899e-16,1.96407043e-05,8.88753512e-06,1.50098891e-07,7.34784657e-11,7.51444808e-23,1.55723849e-13,7.70867879e-19,-7.33898944e-33,7.45578664e-16,5.37129607e-15,3.21625802e-13,2.02648706e-16,0.76060174,-1.7045542e-20,-1.69998243e-32,-2.64345887e-33,-1.92174825e-26,3.59491495e-26
0.017953125,-0.0887739453,7.48872219,-76.4694015,606.450208,0.57305519,2.54891989e-06,5.16754627e-11,2.42138192e-07,0.211181058,2.11008974e-06,0.0204105406,6.96791716e-07,1.14427178e-06,-2.08979289e-29,-9.90615155e-31,-2.85513474e-27,-2.57047524e-28,-4.01893024e-23,-1.62107517e-20,3.21136109e-05,0.0074705047,5.9594448e-17,1.97604061e-17,4.81213651e-28,-1.38721072e-24,-7.35868151e-22,-6.11789885e-26,2.55412713e-22,-1.08388035e-28,5.01630061e-23,-9.23419766e-29,4.72447915e-27,5.22653879e-28,8.5149865e-24,1.44773231e-25,2.52371981e-18,8.60075913e-16,2.43420971e-15,2.43574831e-14,8.1910875e-17,1.83584145e-05,8.45485915e-06,1.39091507e-07,6.59991272e-11,6.1332948e-23,1.44751783e-13,8.07452157e-19,-5.39189079e-32,6.91101461e-16,4.97886263e-15,2.98042354e-13,1.55206924e-16,0.760872088,-1.68184705e-20,-2.32151952e-32,-2.69523659e-33,-1.64236438e-26,3.90076115e-26
0.018,-0.0869377833,7.42000675,-76.4694015,589.525486,0.589831976,2.49418131e-06,3.79211616e-11,2.04169442e-07,0.212512831,1.88440028e-06,0.0193716481,5.96607974e-07,1.08868033e-06,-1.55554525e-25,-1.23408624e-32,-2.44080715e-27,-2.16936896e-28,-3.72946872e-23,-1.37600752e-20,3.01003235e-05,0.00691496378,4.14713231e-17,1.66338291e-17,-1.41255419e-28,-1.42914738e-24,-7.22878552e-22,1.92310344e-28,2.50332983e-22,-9.15719007e-29,4.95016828e-23,-8.42512416e-29,4.42520325e-27,5.21683327e-28,9.03378434e-24,1.33205281e-25,1.89820043e-18,6.32129813e-16,2.294934e-15,2.29272153e-14,5.12354674e-17,1.71406605e-05,8.01674457e-06,1.28656439e-07,5.93877301e-11,2.63785638e-23,1.3430035e-13,8.29841812e-19,-1.80442944e-33,6.39442666e-16,4.60672205e-15,2.75699185e-13,1.18358482e-16,0.761138903,-1.66001837e-20,-3.14197183e-32,-2.73159199e-33,-1.39467211e-26,4.21945205e-26
0.018046875,-0.085154746,7.35222252,-76.4694015,573.115792,0.607048342,2.4396542e-06,2.78637104e-11,1.72320529e-07,0.213792084,1.68570722e-06,0.0183593069,5.10380781e-07,1.03460533e-06,3.8054345e-25,-4.56398422e-34,-2.16772533e-27,-1.89979104e-28,-3.58163744e-23,-1.78053839e-20,2.81745782e-05,0.00638895263,2.88373537e-17,1.40331182e-17,-4.14415158e-28,-1.20907796e-24,-6.86916988e-22,6.53333991e-32,2.31288136e-22,-7.69761853e-29,4.86985196e-23,-7.59673513e-29,4.20301272e-27,3.92880943e-28,9.5502501e-24,1.21930576e-25,1.43151195e-18,4.63410023e-16,2.16278622e-15,2.15611747e-14,3.19259544e-17,1.5985065e-05,7.57707674e-06,1.18783483e-07,5.35032027e-11,1.53456255e-23,1.24364398e-13,8.37825461e-19,-3.20243667e-34,5.90552342e-16,4.25451808e-15,2.54569372e-13,8.99229972e-17,0.761401958,-1.63906673e-20,-4.21769743e-32,-2.75200158e-33,-1.17747328e-26,4.55054688e-26
0.01809375,-0.0834274117,7.28542022,-76.4694015,557.232843,0.624681857,2.38532105e-06,2.04823998e-11,1.4558418e-07,0.2150189,1.51023914e-06,0.017374242,4.36330048e-07,9.82040727e-07,-1.85399261e-25,-4.88681479e-32,-1.68783061e-27,-1.45911168e-28,-3.0292599e-23,-1.67275905e-20,2.63349439e-05,0.00589192078,2.00170812e-17,1.18644365e-17,-5.20990298e-28,-1.02850961e-24,-6.4914917e-22,3.92951254e-33,2.1331513e-22,-6.43993892e-29,4.77715988e-23,-6.77588831e-29,4.01058975e-27,2.98941807e-28,1.00626778e-23,1.11367744e-25,1.08014284e-18,3.38267106e-16,2.03730058e-15,2.02562814e-14,1.98043778e-17,1.48894024e-05,7.13932827e-06,1.0946172e-07,4.82353828e-11,8.91057096e-24,1.14938097e-13,8.32339674e-19,-2.34192314e-33,5.44377243e-16,3.9218696e-15,2.34625611e-13,6.807083e-17,0.761661005,-1.61898971e-20,-5.61489333e-32,-2.75604401e-33,-9.88865962e-27,4.89317843e-26
0.0181875,-0.0801470257,7.15486513,-76.4694015,527.070552,0.661106315,2.27725871e-06,1.11871985e-11,1.04821472e-07,0.217317618,1.21899665e-06,0.0154881045,3.19483383e-07,8.8138369e-07,9.5003092e-26,1.67268283e-33,-1.00826027e-27,-8.4663355e-29,-2.12394793e-23,-1.47057906e-20,2.29064443e-05,0.00498123706,9.68074215e-18,8.57004085e-18,-5.05016143e-28,-7.3152683e-25,-5.70401261e-22,1.10961354e-33,1.80407592e-22,-4.45657976e-29,4.56096837e-23,-5.26707761e-29,3.70230082e-27,1.79601871e-28,1.10697869e-23,9.22707248e-26,6.26532256e-19,1.80421084e-16,1.80506763e-15,1.78207055e-14,7.59573364e-18,1.2869064e-05,6.27897241e-06,9.24021104e-08,3.92662786e-11,2.93232185e-24,9.75670942e-14,7.87047624e-19,-5.19338257e-34,4.59833032e-16,3.31279754e-15,1.98138341e-13,3.92860976e-17,0.762166091,-1.58141551e-20,-9.55252099e-32,-2.71604909e-33,-6.89418826e-27,5.6075665e-26
0.01828125,-0.0771087772,7.02863954,-76.4694015,499.069289,0.69887856,2.16995448e-06,6.13151798e-12,7.58763253e-08,0.21941574,9.87410441e-07,0.0137162809,2.33633629e-07,7.86479022e-07,7.38943183e-26,1.54710219e-32,-5.92384431e-28,-4.8202428e-29,-1.46024492e-23,-1.28524838e-20,1.97957527e-05,0.00417494599,4.64977058e-18,6.22216769e-18,-3.96378205e-28,-5.03005441e-25,-4.91828548e-22,3.05066164e-34,1.51227107e-22,-3.03732818e-29,4.31733298e-23,-3.95089803e-29,3.47294583e-27,1.13210617e-28,1.20406339e-23,7.56778559e-26,3.62603425e-19,9.46395368e-17,1.59508526e-15,1.55963183e-14,2.87422129e-18,1.10581272e-05,5.4572258e-06,7.73221943e-08,3.18878017e-11,9.33392231e-25,8.20747907e-14,7.12508855e-19,6.07317163e-34,3.85051071e-16,2.77404824e-15,1.65886635e-13,2.25111209e-17,0.762652392,-1.54717534e-20,-1.56795817e-31,-2.61087799e-33,-4.73441458e-27,6.34524443e-26
0.018375,-0.0743292541,6.90707555,-76.4694015,473.281876,0.737634656,2.06353057e-06,3.37955526e-12,5.52828158e-08,0.221316402,8.01840682e-07,0.0120635238,1.70932087e-07,6.97307848e-07,-7.86999709e-26,6.68097986e-34,-3.44013108e-28,-2.70717624e-29,-9.90804986e-24,-1.11625707e-20,1.69919492e-05,0.00346765444,2.22133849e-18,4.53516515e-18,-2.86340105e-28,-3.35778833e-25,-4.16780239e-22,8.20225183e-35,1.25544371e-22,-2.04411486e-29,4.05836175e-23,-2.86785486e-29,3.3056606e-27,7.50085334e-29,1.29620706e-23,6.14172619e-26,2.09146314e-19,4.89768033e-17,1.4055055e-15,1.35707584e-14,1.07909146e-18,9.44315374e-06,4.68844183e-06,6.41161451e-08,2.57992055e-11,2.89135716e-25,6.83901316e-14,6.23757635e-19,3.43019625e-34,3.19516241e-16,2.30191464e-15,1.37636384e-13,1.28703959e-17,0.763117443,-1.5236568e-20,-2.47929311e-31,-2.4402488e-33,-3.21466547e-27,7.07571461e-26
0.01846875,-0.0718223659,6.79045664,-76.4694015,449.737532,0.776917734,1.95819077e-06,1.87631725e-12,4.05964036e-08,0.223024182,6.5229836e-07,0.0105338161,1.25344288e-07,6.1391469e-07,4.43784011e-26,-4.51246761e-34,-1.9823664e-28,-1.50650273e-29,-6.6690108e-24,-9.63142262e-21,1.44831668e-05,0.00285335977,1.05677853e-18,3.31458326e-18,-1.98452067e-28,-2.18534509e-25,-3.47526676e-22,2.17677778e-35,1.03134954e-22,-1.36258586e-29,3.79480231e-23,-1.99073204e-29,3.18704453e-27,5.20412043e-29,1.38225101e-23,4.93026561e-26,1.20162075e-19,2.50907326e-17,1.23475842e-15,1.17343977e-14,4.04458053e-19,8.01151702e-06,3.98251702e-06,5.26667622e-08,2.07858207e-11,8.7846046e-26,5.64276812e-14,5.31877812e-19,5.09109085e-35,2.62657168e-16,1.89228237e-15,1.13133882e-13,7.37720687e-18,0.763558722,-1.29476861e-20,-3.7729451e-31,-2.20585702e-33,-2.16667538e-27,7.74758346e-26
0.0185625,-0.0695984772,6.67900277,-76.4694015,428.437682,0.816192019,1.85420286e-06,1.05135677e-12,3.00888398e-08,0.224545247,5.31322491e-07,0.00913003898,9.2294225e-08,5.3639958e-07,3.18494675e-26,-4.53535523e-34,-1.13737887e-28,-8.34090918e-30,-4.47191769e-24,-8.25417935e-21,1.22561794e-05,0.00232547831,5.0156697e-19,2.42635835e-18,-1.34248536e-28,-1.39133829e-25,-2.85409949e-22,5.76521996e-36,8.37686723e-23,-9.02725156e-30,3.53583206e-23,-9.57442992e-30,3.10627393e-27,3.75267185e-29,1.46126625e-23,3.91371494e-26,6.88275222e-20,1.27858965e-17,1.08143623e-15,1.00791571e-14,1.52478614e-19,6.750997e-06,3.34543686e-06,4.28461573e-08,1.66773713e-11,2.64595785e-26,4.60872941e-14,4.43955876e-19,3.10104912e-35,2.13849173e-16,1.54065202e-15,9.21054239e-14,4.25812112e-18,0.763973796,-1.09180745e-20,-5.52063884e-31,-1.91228936e-33,-1.45550003e-27,8.28305259e-26
0.01865625,-0.0676636503,6.57285641,-76.4694015,409.353016,0.854869,1.75188153e-06,5.95792004e-13,2.25375909e-08,0.225887445,4.33223336e-07,0.00785364672,6.83575218e-08,4.64894592e-07,2.21598938e-26,1.73918621e-34,-6.5155719e-29,-4.61154555e-30,-2.99690643e-24,-7.02526254e-21,1.02961461e-05,0.00187691592,2.38035617e-19,1.77694552e-18,-8.93437497e-29,-8.68963294e-26,-2.31027397e-22,1.5422375e-36,6.72048655e-23,-5.96598056e-30,3.28892743e-23,4.10853637e-29,3.05453917e-27,2.78860899e-29,1.53260707e-23,3.07169435e-26,3.93996973e-20,6.52146887e-18,9.44231243e-16,8.59752728e-15,5.8301322e-20,5.64946241e-06,2.77981476e-06,3.45172268e-08,1.33292849e-11,7.98272992e-27,3.72547713e-14,3.63980491e-19,-1.48508995e-34,1.72421232e-16,1.24218979e-15,7.42592024e-14,2.48462104e-18,0.764360491,-9.13512225e-21,-7.75744049e-31,-1.56828829e-33,-9.78547072e-28,8.575205e-26
0.01875,-0.0660190995,6.4720714,-76.4694015,392.422348,0.89234424,1.65157112e-06,3.4214493e-13,1.70784994e-08,0.227060303,3.53572707e-07,0.00670438959,5.10031033e-08,3.99529203e-07,1.95810574e-26,-7.20061943e-35,-3.73333943e-29,-2.55235064e-30,-2.00970195e-24,-5.93807752e-21,8.58652641e-06,0.00150018384,1.13244525e-19,1.30035436e-18,-5.87087744e-29,-5.33632765e-26,-1.8441538e-22,4.21726164e-37,5.31919937e-23,-3.94789164e-30,3.05977464e-23,5.12487987e-28,2.68968613e-27,2.11948549e-29,1.59593876e-23,2.3835579e-26,2.26259139e-20,3.35350546e-18,8.21903531e-16,7.28180501e-15,2.28034498e-20,4.69466281e-06,2.28542852e-06,2.75359593e-08,1.06157101e-11,2.44567026e-27,2.98036536e-14,2.93803273e-19,-2.01756635e-35,1.37667142e-16,9.9180821e-16,5.92894035e-14,1.47024877e-18,0.764717057,-7.58405871e-21,-1.04506727e-30,-1.18815762e-33,-6.6103334e-28,8.49039893e-26
0.01884375,-0.064660945,6.3766063,-76.4694015,377.553621,0.928040602,1.55362789e-06,1.99456343e-13,1.3101647e-08,0.2280749,2.88861776e-07,0.00568013205,3.83811547e-08,3.40391027e-07,1.32942107e-27,-1.72940349e-35,-2.13670394e-29,-1.41373605e-30,-1.34519443e-24,-4.98488701e-21,7.10917836e-06,0.00118755658,5.41433583e-20,9.49576122e-19,-3.81503183e-29,-3.22756273e-26,-1.45216008e-22,1.19164611e-37,4.14704113e-23,-2.6250672e-30,2.85204662e-23,4.61436979e-27,2.14769946e-27,1.63842375e-29,1.6512364e-23,1.82887483e-26,1.30990047e-20,1.75188436e-18,7.13264557e-16,6.12355892e-15,9.19832555e-21,3.87414071e-06,1.85975794e-06,2.17545023e-08,8.42727043e-12,7.69272533e-28,2.35981546e-14,2.33896457e-19,2.56114717e-35,1.0886052e-16,7.84274266e-16,4.68822157e-14,8.84308511e-19,0.765042312,-6.24819032e-21,-1.34687513e-30,-7.92920588e-34,-4.49654351e-28,7.87704458e-26
0.0189375,-0.0635803164,6.28632379,-76.4694015,364.627108,0.961451482,1.45840247e-06,1.18188906e-13,1.01773015e-08,0.228943636,2.3627142e-07,0.00477680333,2.91530306e-08,2.87489744e-07,1.75923996e-26,-7.38423262e-35,-1.2122973e-29,-7.78358662e-31,-8.89334738e-25,-4.15684194e-21,5.84463202e-06,0.0009312611,2.6074581e-20,6.90836696e-19,-2.45264165e-29,-1.92278722e-26,-1.12818158e-22,3.5086233e-38,3.1777334e-23,-1.75933304e-30,2.66597649e-23,3.48954934e-26,1.52960516e-27,1.28331686e-29,1.69875586e-23,1.38793329e-26,7.69649644e-21,9.36458769e-19,6.17169813e-16,5.11333515e-15,3.85361818e-21,3.17526114e-06,1.49852023e-06,1.70247705e-08,6.67007418e-12,2.510307e-28,1.84970439e-14,1.83890032e-19,-7.5193587e-35,8.52725556e-17,6.1433743e-16,3.67231988e-14,5.4138814e-19,0.765335742,-5.109288e-21,-1.65588608e-30,-4.10701336e-34,-2.38175577e-28,6.57798596e-26
0.01903125,-0.062763804,6.2009966,-76.4694015,353.500515,0.992176996,1.36622347e-06,7.12438184e-14,8.00313347e-09,0.229679878,1.93516488e-07,0.00398849947,2.23578344e-08,2.407313e-07,-1.35721407e-26,-9.85801418e-36,-6.64923762e-30,-4.16663185e-31,-5.6388539e-25,-3.444146e-21,4.7725114e-06,0.000723679551,1.26722485e-20,4.99691577e-19,-1.55547171e-29,-1.12428486e-26,-8.64706983e-23,1.08153239e-38,2.38530301e-23,-1.19113659e-30,2.49084155e-23,2.1737411e-25,9.09031717e-28,1.02455889e-29,1.73898263e-23,1.04221653e-26,4.64632252e-21,5.15200151e-19,5.32516698e-16,4.2405941e-15,1.68603333e-21,2.58534144e-06,1.19619201e-06,1.32022632e-08,5.2646608e-12,8.50101016e-29,1.43581043e-14,1.42936632e-19,1.3254488e-36,6.61908944e-17,4.76865677e-16,2.85052434e-14,3.37588915e-19,0.765597545,-4.14809819e-21,-1.93356963e-30,-7.57955736e-35,7.90873028e-27,4.43847582e-26
0.019125,-0.062194205,6.12031977,-76.4694015,344.015408,1.01994738,1.27738335e-06,4.37003818e-14,6.36662031e-09,0.230297546,1.58737143e-07,0.00330773037,1.73100411e-08,1.99906912e-07,-7.41321901e-25,-4.11435268e-36,-1.92944754e-30,-2.03354576e-31,-3.14673037e-25,-2.83632102e-21,3.87205502e-06,0.000557544934,6.22388418e-21,3.58338176e-19,-5.32783386e-30,-6.37498754e-27,-6.53689959e-23,3.48929497e-39,1.74472861e-23,-8.14423528e-31,2.28021138e-23,1.05375308e-24,3.40246897e-28,1.35975791e-28,1.77253748e-23,7.74800863e-27,2.96951315e-21,2.92780112e-19,4.58245772e-16,3.49384746e-15,7.7313571e-22,2.09185188e-06,9.4649898e-07,1.0149698e-08,4.14462087e-12,5.92879607e-30,1.10426685e-14,1.09954876e-19,1.53977004e-36,5.09376872e-17,3.66975557e-16,2.1936243e-14,2.14434286e-19,0.765828598,-3.34492832e-21,-2.12356477e-30,1.73970922e-34,9.51169543e-25,1.36327125e-26
0.01921875,-0.0618514678,6.04392762,-76.4694015,336.004214,1.04463069,1.19212776e-06,2.72716803e-14,5.11834596e-09,0.230810661,1.30419311e-07,0.00272578098,1.3522553e-08,1.64697692e-07,2.90615683e-30,9.28695139e-36,1.42791521e-28,-7.00656896e-32,-1.02901134e-25,-2.32253128e-21,3.12267411e-06,0.000426109345,3.09240198e-21,2.5371408e-19,7.41764869e-28,-3.37969962e-27,-4.87174619e-23,1.4047788e-39,1.23252963e-23,-5.58552165e-31,1.95378318e-23,3.38911914e-24,-1.32564363e-28,2.00201202e-25,1.7968667e-23,5.70636894e-27,2.15437288e-21,1.72037806e-19,3.93344185e-16,2.86094415e-15,3.72193539e-22,1.68265032e-06,7.4285216e-07,7.7400905e-09,3.25500318e-12,1.57018757e-29,8.41972817e-15,8.37891462e-20,1.22211309e-34,3.88849799e-17,2.80143067e-16,1.67456612e-14,1.38722187e-19,0.766030387,-2.68024598e-21,-2.11662539e-30,3.02682777e-34,1.16214033e-22,-1.91295966e-26
0.0193125,-0.0617137221,5.97141364,-76.4694015,329.297041,1.06622536,1.11064869e-06,1.73054091e-14,4.15311292e-09,0.231232915,1.07333067e-07,0.00223313846,1.06499287e-08,1.34692312e-07,1.71439273e-25,-3.78088935e-31,-6.41902444e-28,2.03555379e-32,1.02377833e-25,-1.8919233e-21,2.50448517e-06,0.000323269781,1.55224624e-21,1.72325445e-19,-2.02234909e-27,-1.43472265e-27,-3.57717659e-23,1.81947838e-35,8.2723294e-24,-4.11922336e-31,1.95875064e-23,1.88309236e-24,-4.69679348e-28,-2.43045178e-29,1.45041105e-23,4.16705227e-27,1.07790774e-21,1.04368381e-19,3.36850319e-16,2.32944113e-15,1.88066783e-22,1.34621419e-06,5.7871168e-07,5.85901187e-09,2.55068475e-12,-1.50906538e-30,6.36920243e-15,6.33115488e-20,2.87266715e-30,2.94660762e-17,2.12285523e-16,1.26893899e-14,9.13641254e-20,0.766204874,-2.135231e-21,-1.65476537e-30,2.94769968e-34,-4.70898778e-22,-2.17286384e-26
0.01940625,-0.0617582843,5.90235076,-76.4694015,323.727701,1.08484094,1.0330817e-06,1.11566142e-14,3.39663691e-09,0.231577301,8.84825253e-08,0.00181993169,8.44714156e-09,1.09412999e-07,1.03903087e-26,-3.92995477e-26,9.62145626e-31,8.86321792e-32,3.19298742e-25,-1.53394217e-21,1.99876512e-06,0.000243643874,7.89983041e-22,1.31905224e-19,1.97373416e-30,2.17728619e-28,-2.58707619e-23,1.5221802e-30,5.09660664e-24,-2.14624584e-31,1.46972774e-23,3.09303808e-25,-6.39387715e-28,3.45072517e-30,2.5702933e-23,3.01993904e-27,7.16032395e-22,6.50796881e-20,2.87858714e-16,1.88699493e-15,9.95977912e-23,1.0718395e-06,4.47866407e-07,4.40589465e-09,1.99483282e-12,1.4075182e-30,4.7841276e-15,4.74831371e-20,7.53085489e-26,2.21822191e-17,1.59809693e-16,9.55260645e-15,6.12270504e-20,0.766354358,-1.69223258e-21,-1.17279183e-30,2.3738437e-34,-1.21115338e-25,-3.60418809e-27
0.0195,-0.0619625516,5.83631024,-76.4694015,319.138536,1.10067189,9.59506687e-07,7.30019906e-15,2.79621044e-09,0.231855825,7.30638747e-08,0.00147633577,6.7399815e-09,8.83446184e-08,-1.27119274e-26,1.83995004e-31,2.5743691e-30,1.66870441e-31,6.64423228e-25,-1.23859541e-21,1.5882947e-06,0.000182595881,4.07734899e-22,9.45219632e-20,-2.96858291e-30,3.66627737e-28,-1.87663447e-23,1.35849761e-25,2.63139669e-24,-1.12388644e-31,1.04522105e-23,4.29607608e-26,-6.66872937e-28,7.96962754e-30,1.84643685e-23,2.17450968e-27,5.10425484e-22,4.0605465e-20,2.45524533e-16,1.5217205e-15,5.50921544e-23,8.49786947e-07,3.44626852e-07,3.29440802e-09,1.55752621e-12,-2.12131163e-30,3.57172119e-15,3.53862101e-20,1.28394492e-29,1.66046641e-17,1.19626739e-16,7.15065407e-15,4.17148596e-20,0.766481327,-1.33510249e-21,-8.04309307e-31,1.7643921e-34,-4.73873419e-26,5.21095406e-27
0.01959375,-0.0623047308,5.77287745,-76.4694015,315.38387,1.11396933,8.89951585e-07,4.84329764e-15,2.31417339e-09,0.232079321,6.04298868e-08,0.00119290798,5.40400862e-09,7.09623828e-08,-2.23937934e-25,-1.34958468e-30,1.3366243e-30,9.24985131e-32,4.48782387e-25,-9.96649263e-22,1.2575773e-06,0.00013621963,2.11931264e-22,6.68519136e-20,-2.64116274e-30,3.29895721e-28,-1.36418646e-23,1.1218028e-31,-1.98831317e-25,-5.95199314e-32,7.31788124e-24,5.54318876e-27,-4.0307265e-28,2.24270948e-30,1.32024105e-23,1.55757481e-27,4.12822056e-22,2.71365606e-20,2.09066853e-16,1.22248128e-15,3.17379244e-23,6.71367081e-07,2.63937648e-07,2.45203821e-09,1.21455873e-12,1.30004304e-30,2.65343686e-15,2.62363487e-20,-3.28456233e-30,1.23727967e-17,8.91386546e-17,5.32822512e-15,2.88609596e-20,0.766588327,-1.04939677e-21,-5.425671e-31,1.26132729e-34,-4.92032112e-26,8.18156223e-27
0.0196875,-0.0627643781,5.71166385,-76.4694015,312.332121,1.12501479,8.24397929e-07,3.25480393e-15,1.92336086e-09,0.232257358,5.0060039e-08,0.000960837995,4.34969039e-09,5.67551791e-08,-2.71968903e-25,3.59380022e-26,5.53034244e-28,5.66639462e-32,3.31628051e-25,-7.99752754e-22,9.92937854e-07,0.000101288903,1.12288064e-22,4.66068616e-20,-5.0374326e-31,2.4270613e-28,-9.97604564e-24,-8.98862003e-34,-1.53005744e-25,-3.1917538e-32,5.09970728e-24,6.8794166e-28,-7.73430602e-29,-1.77059546e-29,9.42035306e-24,1.1114341e-27,3.96384919e-22,1.78270316e-20,1.77770486e-16,9.79093404e-16,1.89651484e-23,5.28966335e-07,2.01422279e-07,1.81907687e-09,9.46421099e-13,-2.05480705e-30,1.96423046e-15,1.93808614e-20,-6.71407742e-26,9.189287e-18,6.62033603e-17,3.95727014e-15,2.02454029e-20,0.766677853,-8.22455397e-22,-3.62632548e-31,8.83815339e-35,8.03574126e-29,8.31756839e-27
0.01978125,-0.0633227556,5.65231508,-76.4694015,309.866757,1.13409821,7.62787571e-07,2.21365013e-15,1.60393874e-09,0.232398225,4.15356488e-08,0.000772110683,3.51196372e-09,4.52430644e-08,2.54373303e-25,-5.74308236e-30,1.52053173e-24,-4.87908576e-33,1.91499379e-25,-6.40495745e-22,7.82519498e-07,7.51868644e-05,5.94462342e-23,3.18706724e-20,7.81561042e-31,7.01550393e-29,-7.24573131e-24,-3.29412772e-29,-1.18153632e-25,-1.73299554e-32,3.55139834e-24,8.34689772e-29,3.43426731e-28,7.86070118e-31,6.71696634e-24,7.91924733e-28,4.52428238e-22,1.21440572e-20,1.50986196e-16,7.82443085e-16,1.17097328e-23,4.16022895e-07,1.53375991e-07,1.34723685e-09,7.37445421e-13,2.36306599e-30,1.45129515e-15,1.42888308e-20,-8.39832649e-30,6.8133607e-18,4.90862223e-17,2.93409783e-15,1.43735799e-20,0.766752269,-6.43381153e-22,-2.41422277e-31,6.13240062e-35,2.70890373e-26,7.28407241e-27
0.019875,-0.0639630244,5.59451536,-76.4694015,307.886303,1.14150147,7.05029723e-07,1.52260402e-15,1.34121062e-09,0.232508987,3.45194715e-08,0.000619589945,2.84294164e-09,3.59887442e-08,1.88919819e-26,-1.58411192e-29,-9.93836751e-25,-1.27441326e-31,1.69625753e-25,-5.12412197e-22,6.16201819e-07,5.58251634e-05,3.20310356e-23,2.18709157e-20,-1.88002124e-31,7.83075749e-29,-5.37009101e-24,-1.58889403e-34,-8.90289548e-26,-9.52317311e-33,2.47913593e-24,9.96886953e-30,8.00797392e-28,4.09749817e-31,4.79070849e-24,5.64973499e-28,5.82557995e-22,8.253699e-21,1.28129415e-16,6.24527321e-16,7.44334811e-24,3.26964639e-07,1.1672305e-07,9.98094004e-10,5.75092371e-13,1.22314573e-29,1.07250988e-15,1.05366841e-20,-9.29246389e-31,5.05317122e-18,3.64051012e-17,2.17608901e-15,1.03106688e-20,0.766813758,-5.02943646e-22,-1.60965441e-31,4.24239824e-35,3.46500624e-28,5.92625005e-27
0.01996875,-0.0646703056,5.53798887,-76.4694015,306.303691,1.14748716,6.51007804e-07,1.05857213e-15,1.12410228e-09,0.23259557,2.87391865e-08,0.000497038537,2.30684257e-09,2.86036818e-08,-4.56323945e-27,-2.91201677e-30,-4.12424584e-25,-6.10574065e-32,1.00727192e-25,-4.09942118e-22,4.85465813e-07,4.15612389e-05,1.74707761e-23,1.57837749e-20,-1.21120931e-31,2.39565084e-29,-3.97758621e-24,6.51044741e-44,-6.70852259e-26,-5.29243137e-33,1.74155909e-24,9.55104799e-31,1.10815344e-27,2.65478237e-31,3.43429996e-24,4.0499117e-28,7.9736236e-22,5.68910375e-21,1.08682089e-16,4.98433936e-16,4.85495431e-24,2.57122117e-07,8.89527522e-08,7.41511789e-10,4.49360742e-13,-2.92002761e-32,7.94800399e-16,7.79210484e-21,-4.66441172e-30,3.75805331e-18,2.70745445e-17,1.61835987e-15,7.46638606e-21,0.766864286,-3.93434631e-22,-1.08190965e-31,2.94450166e-35,4.09097376e-31,4.63257683e-27
0.02015625,-0.0662294539,5.42771375,-76.4694015,304.021212,1.1562311,5.53453859e-07,5.25662282e-16,7.93632027e-10,0.232716679,2.00125334e-08,0.000319097443,1.52103697e-09,1.79784308e-08,3.08010402e-25,-4.11981892e-31,-2.89541728e-25,-1.20505615e-32,1.91830487e-26,-2.61933886e-22,3.0115734e-07,2.31527919e-05,5.34924971e-24,1.0071443e-20,-4.86368421e-32,-1.13505213e-29,-2.22547124e-24,-5.9341204e-45,-3.82144312e-26,-1.68818415e-33,8.76513994e-25,6.09665995e-32,1.54543856e-27,1.00786038e-31,1.78652925e-24,2.10318675e-28,1.51214174e-21,2.95185759e-21,7.8016232e-17,3.16892323e-16,2.19608088e-24,1.58968202e-07,5.17356074e-08,4.11466899e-10,2.75501613e-13,8.88250187e-31,4.38842455e-16,4.28527182e-21,6.75968571e-30,2.08941548e-18,1.5052998e-17,8.99779978e-16,4.01304071e-21,0.766939965,-2.4074729e-22,-5.01303308e-32,1.43984631e-35,1.50219966e-29,2.56877524e-27
0.02034375,-0.0679111037,5.31994086,-76.4694015,302.535587,1.1619944,4.68639878e-07,2.65423908e-16,5.58639098e-10,0.232792534,1.38996849e-08,0.000202410668,9.9194468e-10,1.11270044e-08,-5.08866374e-26,-3.47976576e-34,4.86104538e-26,1.16717357e-33,-3.07690598e-26,-1.65416623e-22,1.84543601e-07,1.27080209e-05,1.55348505e-24,5.64421249e-21,1.9232368e-31,-1.91567849e-29,-1.24643273e-24,-8.67650654e-46,-2.14654023e-26,-5.57118618e-34,4.38808694e-25,2.44771724e-32,1.78230699e-27,3.74532631e-32,9.17186296e-25,1.074436e-28,2.81118766e-21,1.55852111e-21,5.55936705e-17,1.9905334e-16,1.15017638e-24,9.70892862e-08,2.96534521e-08,2.24948182e-10,1.6734779e-13,3.59318085e-29,2.38628624e-16,2.32064842e-21,-7.72651354e-26,1.14454941e-18,8.2457985e-18,4.92885008e-16,2.16119423e-21,0.766991541,-1.45458877e-22,-2.29718229e-32,6.91459904e-36,4.45105958e-27,1.34147295e-27
0.02053125,-0.069665565,5.21384866,-76.4694015,301.581407,1.16572671,3.95335779e-07,1.35723887e-16,3.91300464e-10,0.232839355,9.61693855e-09,0.000126962708,6.38390053e-10,6.79009192e-09,2.25239754e-25,3.41098458e-34,-9.52616359e-26,-3.68743745e-33,-6.58855521e-26,-1.03312792e-22,1.11784425e-07,6.87910085e-06,5.09210152e-25,2.99252448e-21,-7.62376797e-33,-1.80833103e-29,-7.00495006e-25,-3.94791828e-46,-1.19086135e-26,-1.9137164e-34,2.17963148e-25,1.6969056e-32,1.86501116e-27,1.30191163e-32,4.61219456e-25,5.4049284e-29,1.40357746e-20,2.83763301e-22,3.93335655e-17,1.23628884e-16,5.12303494e-25,5.86158152e-08,1.67678972e-08,1.21277898e-10,1.00695149e-13,3.02202315e-31,1.27927464e-16,1.23886764e-21,8.44389132e-31,6.18317388e-19,4.45460933e-18,2.66269992e-16,1.16763193e-21,0.767026203,-8.68384988e-23,-1.04269707e-32,3.27754485e-36,7.6306939e-30,6.74276596e-28
0.02071875,-0.0714570807,5.10885776,-76.4694015,300.975969,1.16810767,3.32309611e-07,7.00619158e-17,2.72435644e-10,0.232867872,6.6217519e-09,7.8792794e-05,4.04956147e-10,4.08939089e-09,1.87895465e-25,-3.24718502e-35,2.21164597e-26,-6.36966805e-33,-9.27465482e-26,-6.38417213e-23,6.69634037e-08,3.67482273e-06,1.57182055e-25,1.62898592e-21,-2.97595482e-33,-1.44134637e-29,-3.95834623e-25,-3.24598532e-46,-6.52983433e-27,-6.81644763e-35,1.06965337e-25,1.14179656e-32,1.83295693e-27,4.42459981e-33,2.28592098e-25,2.67930361e-29,3.7287754e-20,-3.45850079e-22,2.76295168e-17,7.59601084e-17,2.57806465e-25,3.49967596e-08,9.36066532e-09,6.4521594e-11,6.00080313e-14,6.35192842e-32,6.7660476e-17,6.52431631e-22,-1.68935907e-34,3.29630316e-19,2.37479059e-18,1.41950767e-16,6.27918014e-22,0.767049205,-5.12488562e-23,-4.68581686e-33,1.5368005e-36,-1.20600217e-32,3.29111512e-28
0.02090625,-0.0732605372,5.00457328,-76.4694015,300.596121,1.16960673,2.78375766e-07,3.6417171e-17,1.8840881e-10,0.232885028,4.53397431e-09,4.83926654e-05,2.53045713e-10,2.43210643e-09,-5.01528265e-26,-2.51268685e-35,-1.61163752e-26,-2.08158435e-33,-1.14005613e-25,-3.90414957e-23,3.96777701e-08,1.93773469e-06,4.83533069e-26,7.63857619e-22,-1.16200765e-33,-1.05551085e-29,-2.25050706e-25,-1.60082852e-46,-3.53871699e-27,-2.41292247e-35,5.17172325e-26,7.30100158e-33,1.71614622e-27,1.47676759e-33,1.11697152e-25,1.30926124e-29,-7.99282128e-21,-1.49244721e-22,1.92849675e-17,4.6181742e-17,1.31873273e-25,2.06672225e-08,5.16058744e-09,3.38808901e-11,3.54080561e-14,2.54251062e-33,3.53148627e-17,3.39050306e-22,-4.5153476e-35,1.73453615e-19,1.24963032e-18,7.46954032e-17,3.34663746e-22,0.76706429,-2.99053959e-23,-2.08170337e-33,7.11428267e-37,-7.30820926e-33,1.56643587e-28
0.02109375,-0.0750586562,4.90073353,-76.4694015,300.360317,1.17053948,2.3242331e-07,1.90169919e-17,1.29369309e-10,0.232895229,3.08513882e-09,2.94123965e-05,1.55709625e-10,1.42861604e-09,-7.53704816e-26,1.33471359e-35,-2.32885475e-27,-1.80381188e-33,-1.3085874e-25,-2.36257406e-23,2.32507396e-08,1.0082321e-06,1.47862457e-26,3.97144043e-22,-4.53291341e-34,-7.28314606e-30,-1.28493413e-25,-6.80642737e-47,-1.89417441e-27,-8.44519369e-36,2.46131183e-26,4.44307614e-33,1.53687415e-27,4.83261896e-34,5.37880217e-26,6.30451332e-30,-1.3201208e-21,1.12755393e-22,1.33457248e-17,2.77801653e-17,1.27823725e-25,1.2069694e-08,2.80912484e-09,1.75542704e-11,2.06761467e-14,-2.34546257e-32,1.81840838e-17,1.73808574e-22,-1.42596518e-35,9.00602907e-20,6.48830982e-19,3.87832186e-17,1.76032658e-22,0.767074075,-1.72519637e-23,-9.12766116e-34,3.2416644e-37,-2.59644295e-33,7.29440568e-29
0.02128125,-0.076839762,4.79716915,-76.4694015,300.215398,1.17111367,1.93430757e-07,9.955308e-18,8.81629901e-11,0.232901229,2.08492203e-09,1.76814425e-05,9.43112927e-11,8.28439302e-10,-1.11233506e-25,-5.98020608e-32,-1.12529192e-27,-1.22724688e-33,-1.44016697e-25,-1.41399403e-23,1.34646599e-08,5.16954824e-07,4.46890682e-27,1.96352028e-22,-1.75722323e-34,-4.77640157e-30,-7.3247274e-26,-2.65787898e-47,-1.00004074e-27,-2.90842593e-36,1.15030951e-26,2.56257408e-33,1.3118703e-27,1.40728172e-34,2.5481375e-26,2.98637981e-30,-5.6920699e-22,-3.70160508e-23,9.19909726e-18,1.65246627e-17,3.54739583e-26,6.96544655e-09,1.50824487e-09,8.96180976e-12,1.19370482e-14,-1.30302324e-32,9.2243491e-18,8.77697318e-23,-8.03911577e-31,4.60775221e-20,3.3196125e-19,1.98426485e-17,9.113788e-23,0.767080355,-9.83142002e-24,-3.93806048e-34,1.44887966e-37,-9.03986538e-34,3.32498997e-29
0.02146875,-0.0785960907,4.69377274,-76.4694015,300.127183,1.17146362,1.60471971e-07,5.21311644e-18,5.96013473e-11,0.232904719,1.39834039e-09,1.05003684e-05,5.61705448e-11,4.73574647e-10,-2.2929505e-26,-2.62062194e-26,1.01007873e-27,-8.97537689e-34,-1.54055453e-25,-8.35899725e-24,7.69312832e-09,2.60325933e-07,-6.49573035e-25,9.12734888e-23,-6.7176741e-35,-2.78711867e-30,-4.11906077e-26,-9.86267992e-48,-5.19189781e-28,-9.79685844e-37,5.24975319e-27,1.38401392e-33,1.05393018e-27,-7.89867154e-32,1.18196281e-26,1.3850488e-30,-2.36907092e-22,2.58239067e-23,6.2788352e-18,9.70682384e-18,1.85067102e-26,3.96552369e-09,7.96657347e-10,4.49272298e-12,6.801159e-15,-2.35416425e-33,4.59373075e-18,4.35038221e-23,-6.57471845e-26,2.31516589e-20,1.66794004e-19,9.96994313e-18,4.62715498e-23,0.767084345,-5.52441323e-24,-1.66004809e-34,6.31073663e-38,-3.07243536e-34,1.47788218e-29
0.02165625,-0.0803225549,4.59047739,-76.4694015,300.073978,1.17167492,1.32716431e-07,2.72423792e-18,3.99408611e-11,0.23290673,9.29868342e-10,6.14471155e-06,3.28233959e-11,2.66002934e-10,-4.03346281e-26,-2.55077239e-32,-2.8076534e-28,-3.75536344e-34,-1.19518387e-25,-4.8682472e-24,4.32193452e-09,1.27768277e-07,3.82507337e-28,4.22567099e-23,-2.45829871e-35,-1.37022608e-30,-2.26798861e-26,-3.50120541e-48,-2.63338064e-28,-3.19582254e-37,2.30799169e-27,6.90135928e-34,7.8750847e-28,6.70435046e-36,5.30568212e-27,6.21620635e-31,-9.76508553e-23,-3.00738623e-23,4.24993024e-18,5.6153356e-18,9.64933545e-27,2.21936443e-09,4.11588019e-10,2.19436117e-12,3.81040524e-15,-6.71738754e-34,2.22761507e-18,2.09887515e-23,-5.91451424e-31,1.13354399e-20,8.16651465e-20,4.88145182e-18,2.2867133e-23,0.767086857,-3.04915812e-24,-6.71447875e-35,2.63609824e-38,-1.01007556e-34,6.32118759e-30
0.02175,-0.081173586,4.53885509,-76.4694015,300.056297,1.1717452,1.20583165e-07,1.97136413e-18,3.26430279e-11,0.232907372,7.57099638e-10,4.69036509e-06,2.50283482e-11,1.98857576e-10,4.50168268e-26,2.6100678e-38,-4.57707459e-28,-2.87890683e-34,-9.07709432e-26,-3.70706494e-24,3.23162429e-09,8.91832123e-08,2.12851208e-28,2.8759545e-23,-1.45042336e-35,-8.09302512e-31,-1.64121613e-26,-2.09004591e-48,-1.86930878e-28,-1.81674384e-37,1.51905319e-27,4.65815398e-34,6.50992602e-28,7.79271259e-36,3.5369387e-27,4.14353237e-31,-6.10409157e-23,3.31519605e-23,3.49096506e-18,4.26142914e-18,6.97740632e-27,1.65629313e-09,2.94925664e-10,1.52787524e-12,2.8453032e-15,2.24194141e-33,1.54531097e-18,1.45219494e-23,-1.164194e-35,7.90242856e-21,5.69323312e-20,3.40307279e-18,1.60133595e-23,0.767087721,-2.2595889e-24,-4.23994479e-35,1.69080404e-38,-5.7607734e-35,4.11031005e-30
0.0219375,-0.0828497818,4.43564345,-76.4694015,300.032879,1.17183839,9.93962904e-08,1.04020951e-18,2.18373479e-11,0.23290819,5.02930388e-10,2.7549434e-06,1.4624499e-11,1.12303481e-10,-2.14826383e-26,3.63386954e-36,9.89922865e-29,-9.82178995e-35,-5.29524396e-26,-2.16760421e-24,1.82648268e-09,4.44598716e-08,6.34760054e-29,1.3938074e-23,-5.0368833e-36,-2.78975491e-31,-8.55232719e-27,-7.24779578e-49,-9.60489964e-29,-6.02549592e-38,6.80287217e-28,2.03108118e-34,4.24848654e-28,2.38026483e-36,1.62531862e-27,1.90374129e-31,-2.53166764e-23,1.17592244e-23,2.35838129e-18,2.47591338e-18,3.6780425e-27,9.32793892e-10,1.54148458e-10,7.58294642e-13,1.60430351e-15,-6.43219251e-34,7.61895782e-19,7.12645566e-24,-3.86178159e-37,3.93080931e-21,2.83191625e-20,1.69274951e-18,8.01956566e-24,0.767088908,-1.25608148e-24,-1.77538074e-35,7.25050009e-39,-1.92291521e-35,1.80886477e-30
0.022125,-0.0844898666,4.33245699,-76.4694015,300.019057,1.17189349,8.17089592e-08,5.47786948e-19,1.45230504e-11,0.23290865,3.32173964e-10,1.60596619e-06,8.4534896e-12,6.28934289e-11,-2.14517442e-26,3.58179542e-36,-1.10703176e-28,-4.20053486e-35,-3.0714482e-26,-1.25785384e-24,1.02407755e-09,2.19572315e-08,1.87430558e-29,7.00737556e-24,-1.69796401e-36,-9.37084475e-32,-4.34750506e-27,-2.49709509e-49,-4.89026517e-29,-1.96996028e-38,3.00130387e-28,8.42961522e-35,2.66175362e-28,7.15380689e-37,7.39316565e-28,8.65815104e-32,-1.04689425e-23,-8.70788116e-24,1.58419029e-18,1.42750459e-18,1.9357709e-27,5.21121969e-10,7.9854327e-11,3.72814314e-13,8.97410497e-16,-2.88540201e-34,3.72090876e-19,3.46397975e-24,3.77787718e-36,1.93694742e-21,1.39545649e-20,8.34120158e-19,3.97482373e-24,0.767089639,-6.92545537e-25,-7.35610274e-36,3.06876554e-39,-6.323277e-36,7.88110593e-31
0.0223125,-0.0860928401,4.22928512,-76.4694015,300.010964,1.17192581,6.69916941e-08,2.87650827e-19,9.60366342e-12,0.232908906,2.18159575e-10,9.29351197e-07,4.83665845e-12,3.49398051e-11,4.88523747e-27,-6.89082065e-37,-8.89542246e-29,-2.22623344e-35,-1.77068403e-26,-7.24574884e-25,5.69746146e-10,1.07459541e-08,5.47600455e-30,3.53827062e-24,-5.58390277e-37,-3.09313422e-32,-2.16605174e-27,-8.55258397e-50,-2.46786617e-29,-6.35011737e-39,1.30348469e-28,3.37295494e-35,1.61814286e-28,2.11709386e-37,3.33006107e-28,3.89917403e-32,-4.31555421e-24,2.01197419e-24,1.05825848e-18,8.1693092e-19,1.0161531e-27,2.8887331e-10,4.10126335e-11,1.81629432e-13,4.98126649e-16,-1.03460367e-34,1.80058077e-19,1.66827429e-24,4.41462317e-37,9.4580647e-22,6.81397893e-21,4.07298797e-19,1.9508574e-24,0.767090086,-3.788206e-25,-3.01685251e-36,1.28267971e-39,-2.04961068e-36,3.40191898e-31
0.0225,-0.0876580823,4.12612162,-76.4694015,300.006263,1.17194465,5.47848648e-08,1.50559165e-19,6.31552913e-12,0.232909047,1.42491575e-10,5.34000948e-07,2.7405529e-12,1.92606522e-11,1.7693766e-26,-9.30966483e-37,2.41021912e-29,-6.48169869e-36,-1.01436108e-26,-4.14418115e-25,3.14605878e-10,5.21314342e-09,1.58294524e-30,1.84521106e-24,-1.79777355e-37,-1.00464371e-32,-1.06116908e-27,-2.85578006e-50,-1.23475511e-29,-2.01883974e-39,5.56708997e-29,1.31057573e-35,9.60900401e-29,6.17198754e-38,1.48575474e-28,1.73938045e-32,-1.77349235e-24,-9.99762098e-24,7.03127846e-19,4.64151457e-19,5.31753902e-28,1.58926374e-10,2.08890739e-11,8.77099721e-14,2.74429413e-16,2.65907657e-35,8.63610472e-20,7.96310316e-25,5.33328368e-37,4.57788593e-22,3.29809763e-21,1.97140509e-19,9.48597893e-25,0.767090358,-2.05628192e-25,-1.22501588e-36,5.29741456e-40,-6.55139543e-37,1.45570101e-31
0.0226875,-0.0891852126,4.02296289,-76.4694015,300.003553,1.17195556,4.46916534e-08,7.84539287e-20,4.13093708e-12,0.232909125,9.25700548e-11,3.04732992e-07,1.5385917e-12,1.05385513e-11,-1.98396001e-26,-1.73759689e-37,1.9843722e-29,-1.25816461e-36,-5.77393049e-27,-2.35393067e-25,1.72461573e-10,2.50765191e-09,4.52332246e-31,9.95699368e-25,-5.68197711e-38,-3.21260684e-33,-5.1240511e-28,-9.37318605e-51,-6.1267309e-30,-6.33256735e-40,2.33474542e-29,4.96887699e-36,5.59885028e-29,1.77330146e-38,6.56831706e-29,7.68830425e-33,-7.26522817e-25,1.57853831e-24,4.64732125e-19,2.61878049e-19,2.77066225e-28,8.67978184e-11,1.05541093e-11,4.19959271e-14,1.50093606e-16,-5.16169527e-37,4.10669622e-20,3.76832615e-25,-1.86519961e-37,2.19700911e-22,1.582816e-21,9.46112596e-20,4.57158236e-25,0.767090523,-1.10790332e-25,-4.9265757e-37,2.16284534e-40,-2.06597472e-37,6.17804297e-32
0.022875,-0.0906739999,3.91980684,-76.4694015,300.002002,1.17196184,3.63712354e-08,4.07261983e-20,2.68797722e-12,0.232909167,5.9824914e-11,1.72745577e-07,8.56243338e-13,5.72489969e-12,6.52907558e-26,5.38420805e-38,1.67051016e-29,-9.45640583e-38,-3.26582062e-27,-1.32813849e-25,9.38769768e-11,1.19638291e-09,1.27814877e-31,4.8245212e-25,-1.76676407e-38,-1.01192311e-33,-2.44301422e-28,-2.98909644e-51,-3.01566023e-30,-1.96061639e-40,9.59470577e-30,1.84467413e-36,3.21115321e-29,5.02353552e-39,2.87811555e-29,3.36834108e-33,-2.96729852e-25,1.1382415e-25,3.05608471e-19,1.46757402e-19,1.4380973e-28,4.70703751e-11,5.29103067e-12,1.99427034e-14,8.15140564e-17,2.43499692e-35,1.93669416e-20,1.76844291e-25,4.67611774e-37,1.04574499e-22,7.5339789e-22,4.50336155e-20,2.18463589e-25,0.767090622,-5.92645862e-26,-1.96290765e-37,8.7340864e-41,-6.43045437e-38,2.60167189e-32
0.0230625,-0.092124305,3.8166523,-76.4694015,300.001121,1.17196544,2.95323094e-08,2.10458689e-20,1.74025592e-12,0.23290919,3.84671972e-11,9.72966153e-08,4.72539397e-13,3.08847629e-12,1.57530347e-26,-2.8257612e-38,1.12072088e-29,-7.05416258e-37,-1.83567574e-27,-7.44529089e-26,5.07535695e-11,5.6627616e-10,3.57243694e-32,2.09449256e-25,-5.41462949e-39,-3.14139902e-34,-1.15164181e-28,-9.74310392e-52,-1.47284371e-30,-5.99411802e-41,3.85196862e-30,6.72279096e-37,1.81715134e-29,1.40378232e-39,1.25037789e-29,1.46313079e-33,-1.20826228e-25,7.34089537e-25,1.99982409e-19,8.17066743e-20,7.43170363e-29,2.5352021e-11,2.63261925e-12,9.39506936e-15,4.39682537e-17,1.73759935e-35,9.06034717e-21,8.23251057e-26,-2.07288362e-38,4.93817948e-23,3.55766874e-22,2.1265615e-20,1.03545881e-25,0.767090682,-3.14821957e-26,-7.75070027e-38,3.49015725e-41,-1.97644424e-38,1.08755058e-32
0.02325,-0.0935360451,3.71349858,-76.4694015,300.000624,1.1719675,2.39270631e-08,1.08075631e-20,1.12120357e-12,0.232909203,2.46130425e-11,5.4460825e-08,2.58708138e-13,1.6550775e-12,-1.9844552e-26,-3.6795773e-38,-2.91204293e-30,-1.75293505e-37,-1.02551295e-27,-4.14764373e-26,2.72591951e-11,2.65986039e-10,9.84952442e-33,9.04706226e-26,-1.63821007e-39,-9.61538425e-35,-5.37351746e-29,-3.07984306e-52,-7.13945102e-31,-1.81036834e-41,1.50384598e-30,2.41034831e-37,1.01643377e-29,3.87123132e-40,5.38743617e-30,6.30319608e-34,-4.90574329e-26,7.62366008e-26,1.30242545e-19,4.52028334e-20,3.81580978e-29,1.3564454e-11,1.30039561e-12,4.3921086e-15,2.35602224e-17,-2.51465162e-36,4.2059393e-21,3.80269912e-26,-1.07453878e-38,2.31405019e-23,1.66713758e-22,9.96515141e-21,4.86932964e-26,0.767090719,-1.66116131e-26,-3.03390704e-38,1.38071263e-41,-6.00132604e-39,4.51439188e-33
0.0234375,-0.0949091711,3.61034533,-76.4694015,300.000345,1.17196868,1.93456219e-08,5.53726033e-21,7.18976867e-13,0.232909209,1.56739684e-11,3.03011007e-08,1.40564467e-13,8.81242132e-13,-6.09205052e-26,-2.97662362e-38,3.08927395e-30,2.20706416e-37,-5.69506077e-28,-2.29665179e-26,1.45477484e-11,1.24015839e-10,2.68994531e-33,3.57019451e-26,-4.9002829e-40,-2.90357354e-35,-2.48387894e-29,-1.0714315e-52,-3.43572608e-31,-5.40392326e-42,5.66826048e-31,8.51756074e-38,5.62798307e-30,1.05403702e-40,2.30280383e-30,2.69386189e-34,-1.98621233e-26,-5.79611052e-26,8.44349226e-20,2.4855237e-20,1.95530845e-29,7.2113194e-12,6.37839486e-13,2.03807029e-15,1.25443956e-17,-7.37733029e-36,1.93790449e-21,1.74336187e-26,1.81137786e-39,1.0763638e-23,7.75457095e-23,4.63521899e-21,2.27263066e-26,0.767090741,-8.70833785e-27,-1.17764938e-38,5.40978001e-42,-1.80106026e-39,1.86143512e-33
0.023625,-0.0962436544,3.50719233,-76.4694015,300.00019,1.17196935,1.56110028e-08,2.81397963e-21,4.58969113e-13,0.232909213,9.93593305e-12,1.67615034e-08,7.58180755e-14,4.66313952e-13,-4.96102754e-26,-6.47394358e-39,-2.1204364e-30,-2.60623331e-38,-3.14446457e-28,-1.26431662e-26,7.71635527e-12,5.74112277e-11,7.2573894e-34,1.45753198e-26,-1.45121345e-40,-8.65601485e-36,-1.13827407e-29,-2.93493882e-53,-1.64183033e-31,-1.59494684e-42,2.03745959e-31,2.97169633e-38,3.08835058e-30,2.83477369e-41,9.76763683e-31,1.14248509e-34,-8.01895832e-27,3.39333796e-25,5.44975752e-20,1.35865209e-20,9.92871981e-30,3.81019874e-12,3.10744432e-13,9.38971572e-16,6.63815345e-18,-4.08738349e-36,8.8647809e-22,7.93477661e-27,6.35834238e-39,4.97095336e-24,3.58128106e-23,2.14067584e-21,1.05307421e-26,0.767090755,-4.53664439e-27,-4.53432211e-39,2.10016322e-42,-5.34481895e-40,7.62662571e-34
0.0238125,-0.0975394783,3.40403946,-76.4694015,300.000104,1.17196974,1.2574574e-08,1.43061537e-21,2.91726295e-13,0.232909215,6.27102355e-12,9.22025663e-09,4.06112865e-14,2.45285118e-13,-2.13249607e-26,3.5826209e-39,-1.3975682e-31,-8.99088858e-40,-1.72652487e-28,-6.92115991e-27,4.0687511e-12,2.63955403e-11,1.94221425e-34,9.00529925e-27,-4.26085767e-41,-2.54856685e-36,-5.17455096e-30,-6.36543728e-54,-7.79299047e-32,-4.65668924e-43,6.82421744e-32,1.02544839e-38,1.68126774e-30,7.53422311e-42,4.1124609e-31,4.80959415e-35,-3.22896006e-27,-1.4604657e-25,3.50269796e-20,7.38469957e-21,5.05458726e-30,2.00124456e-12,1.50403763e-13,4.29621621e-16,3.49197102e-18,-3.34324807e-37,4.02702101e-22,3.58631125e-27,-1.16342472e-39,2.27996162e-24,1.64257904e-23,9.81835652e-22,4.84621663e-27,0.767090763,-2.34914917e-27,-1.73228606e-39,8.08156923e-43,-1.56911112e-40,3.10586719e-34
0.024,-0.098796633,3.30088667,-76.4694015,300.000056,1.17196997,1.01120071e-08,7.13501801e-22,1.84666302e-13,0.232909216,3.94151812e-12,5.04486184e-09,2.16075875e-14,1.28286234e-13,3.68265639e-27,-3.58940594e-39,4.42419474e-31,5.35519025e-39,-9.42914744e-29,-3.76847042e-27,2.13326839e-12,1.20556758e-11,5.11127028e-35,4.96670985e-27,-1.24200545e-41,-7.42079939e-37,-2.33472974e-30,-2.80091539e-54,-3.67500175e-32,-1.34558731e-43,2.02160986e-32,3.50684615e-39,9.08806396e-31,1.97985079e-42,1.71915409e-31,2.01034237e-35,-1.2967319e-27,9.60648421e-26,2.24230452e-20,3.99202227e-21,2.50549962e-30,1.04514263e-12,7.23413267e-14,1.95269258e-16,1.82651243e-18,-3.26157441e-37,1.81716488e-22,1.6100602e-27,-5.02139971e-39,1.03880989e-24,7.48401822e-24,4.47349931e-22,2.2152405e-27,0.767090769,-1.20939129e-27,-6.56847309e-40,3.08370741e-43,-4.55931929e-41,1.25754693e-34
0.0241875,-0.100015113,3.19773392,-76.4694015,300.00003,1.1719701,8.11969991e-09,3.56245811e-22,1.16448579e-13,0.232909217,2.46772887e-12,2.7462763e-09,1.14240365e-14,6.67298275e-14,3.09525173e-26,-1.3221555e-39,-2.31730469e-31,-1.67679908e-38,-5.12336202e-29,-2.04139401e-27,1.11244332e-12,5.47137945e-12,1.33855176e-35,2.55426142e-27,-3.59950195e-42,-2.13768927e-37,-1.04602774e-30,-8.35244013e-55,-1.72228429e-32,-3.85017273e-44,4.48935751e-33,1.19156911e-39,4.88201504e-31,5.14675685e-43,7.13757709e-32,8.34559959e-36,-5.19466785e-28,1.00389364e-26,1.43010298e-20,2.14684683e-21,1.2498919e-30,5.42858215e-13,3.45860787e-14,8.81886974e-17,9.50201435e-19,7.37229421e-38,8.14736103e-23,7.18182855e-28,-2.55499832e-39,4.7030805e-25,3.38829485e-24,2.02532046e-22,1.00608721e-27,0.767090772,-6.19178878e-28,-2.47270968e-40,1.167206e-43,-1.31193835e-41,5.06382789e-35
0.024375,-0.101194915,3.09458119,-76.4694015,300.000016,1.17197018,6.51163745e-09,1.88250592e-22,7.31744525e-14,0.232909217,1.53951403e-12,1.48786454e-09,6.00409375e-15,3.45322834e-14,-5.47179971e-26,-9.59577536e-40,7.79528494e-32,3.23752337e-39,-2.77047911e-29,-1.10052296e-27,5.77152946e-13,2.46816508e-12,3.66006506e-36,1.39698694e-27,-1.03880856e-42,-6.08961153e-38,-4.65571198e-31,-6.39541675e-55,-8.02370917e-33,-1.09157103e-44,3.31373792e-35,4.0368032e-40,2.60860399e-31,1.32438112e-43,2.94400342e-32,3.44190955e-36,-2.07606049e-28,4.51051898e-27,9.09002831e-21,1.14892535e-21,6.44216325e-31,2.80520828e-13,1.64411431e-14,3.95868626e-17,4.91792752e-19,-3.17743088e-37,3.63060963e-23,3.18386404e-28,-9.49031623e-40,2.11638349e-25,1.52473078e-24,9.113931e-23,4.54134289e-28,0.767090775,-3.15347898e-28,-9.2443181e-41,4.3840907e-44,-3.74076545e-42,2.02848775e-35
0.0245625,-0.102336038,2.99142847,-76.4694015,300.000009,1.17197023,5.21665889e-09,8.79982104e-23,4.58412822e-14,0.232909217,9.57447284e-13,8.02577262e-10,3.13582192e-15,1.77856714e-14,-8.71265327e-26,-6.23029183e-40,2.98401035e-32,5.91864009e-40,-1.49159854e-29,-5.90692093e-28,2.98028693e-13,1.10707841e-12,9.03803892e-37,7.8968697e-28,-2.99069053e-43,-1.71424307e-38,-2.05953245e-31,-1.44825473e-54,-3.7173019e-33,-3.06882622e-45,-8.27098165e-34,1.3703988e-40,1.38791107e-31,3.37600498e-44,1.20676999e-32,1.41072675e-36,-8.27747558e-29,4.70822207e-27,5.76077798e-21,6.12129696e-22,3.16565653e-31,1.44272821e-13,7.77390826e-15,1.76686166e-17,2.53334856e-19,-3.56219925e-37,1.60855377e-23,1.40330968e-28,-1.75788044e-39,9.46948558e-26,6.82221192e-25,4.07791144e-23,2.03839122e-28,0.767090777,-1.5983019e-28,-3.4332902e-41,1.63470281e-44,-1.05792422e-42,8.08620375e-36
0.02475,-0.103438479,2.88827575,-76.4694015,300.000005,1.17197027,4.17609251e-09,3.30382351e-23,2.86483062e-14,0.232909217,5.93969986e-13,4.3130045e-10,1.62850512e-15,9.12242828e-15,1.66664191e-25,-6.72139064e-40,2.15628967e-33,3.01638925e-41,-8.00042135e-30,-3.15847285e-28,1.53262135e-13,4.94000614e-13,1.85950654e-37,3.8773235e-28,-8.60739909e-44,-4.74802199e-39,-9.06031398e-32,3.12230345e-56,-1.7135245e-33,-8.56505304e-46,-7.23101753e-34,4.69566194e-41,7.36357217e-32,8.53446005e-45,4.91819997e-33,5.74889815e-37,-3.29191461e-29,-4.12875657e-27,3.64238315e-21,3.24876782e-22,1.29597294e-31,7.38922788e-14,3.65810061e-15,7.84484155e-18,1.29959739e-19,1.46061323e-37,7.08924584e-24,6.15241671e-29,-5.78269637e-40,4.21498438e-26,3.03665046e-25,1.81512861e-23,9.10588041e-29,0.767090778,-8.06628123e-29,-1.26723379e-41,6.05380525e-45,-2.97105467e-43,3.20908086e-36
0.0249375,-0.10450224,2.78512305,-76.4694015,300.000002,1.17197029,3.34172224e-09,3.26702844e-23,1.78766829e-14,0.232909218,3.67906492e-13,2.31137157e-10,8.43246389e-16,4.66405906e-15,1.14798922e-26,-1.28536784e-40,-6.83807878e-33,-1.6400962e-40,-4.27925483e-30,-1.68412165e-28,7.85668532e-14,2.19475716e-13,5.57641324e-38,1.88745648e-28,-2.48335598e-44,-1.26287686e-39,-3.96731964e-32,5.39324153e-57,-7.86579686e-34,-2.37734795e-46,-4.69524246e-34,1.64068725e-41,3.9042232e-32,2.14317486e-45,1.99437589e-33,2.33103157e-37,-1.30664701e-29,-1.20756047e-27,2.2997136e-21,1.71926481e-22,1.38267156e-31,3.77247272e-14,1.71462288e-15,3.467837e-18,6.64571027e-20,9.16807464e-39,3.11051483e-24,2.68527129e-29,-1.65793938e-40,1.86795729e-26,1.34575435e-25,8.04411744e-24,4.0478174e-29,0.767090779,-4.05738933e-29,-4.65149954e-42,2.22818612e-45,-8.29935641e-44,1.26877863e-36
0.025125,-0.105527318,2.68197034,-76.4694015,300.000001,1.1719703,2.67404938e-09,-1.24137871e-23,1.11539567e-14,0.232909218,2.27851057e-13,1.23733894e-10,4.32946289e-16,2.38106674e-15,-9.68971096e-26,-2.04947771e-40,7.53530307e-33,4.16670808e-40,-2.2864252e-30,-8.96982058e-29,4.02172191e-14,9.72427189e-14,-1.9679285e-38,8.62647572e-29,-7.21105675e-45,-3.37721857e-40,-1.73199328e-32,-4.83873917e-56,-3.60166627e-34,-6.58227933e-47,-2.69972929e-34,5.92482978e-42,2.07591242e-32,5.36167386e-46,8.05880896e-34,9.41840314e-38,-5.17567902e-30,-8.06154668e-28,1.45190271e-21,9.08764812e-23,-4.12723169e-32,1.92311949e-14,8.01870305e-16,1.52870998e-18,3.39338347e-20,-7.85800778e-39,1.36090311e-24,1.16861833e-29,-2.74464445e-40,8.25543045e-27,5.94755665e-26,3.55509498e-24,1.79453228e-29,0.76709078,-2.03760137e-29,-1.70014628e-42,8.1620053e-46,-2.31244753e-44,5.00472151e-37
0.0253125,-0.106513715,2.57881763,-76.4694015,300.000001,1.17197031,2.14081474e-09,1.03826377e-23,6.97363308e-15,0.232909218,1.41403451e-13,6.63644333e-11,2.25715437e-16,1.2175973e-15,2.08867607e-27,2.26010177e-41,-2.06334556e-34,3.99372419e-41,-1.22402896e-30,-4.7864706e-29,2.06215544e-14,4.31126864e-14,6.21042028e-39,4.34138734e-29,-2.12065556e-45,-9.33327065e-41,-7.56438508e-33,4.11410041e-57,-1.65056434e-34,-1.82806051e-47,-1.45560839e-34,2.24678489e-42,1.11316995e-32,1.34370696e-46,3.25567648e-34,3.80465604e-38,-2.0449227e-30,7.97297216e-28,9.18492174e-22,4.81243604e-23,1.14387958e-32,9.82002068e-15,3.75415464e-16,6.74294315e-19,1.73561641e-20,-7.62152807e-41,5.95732063e-25,5.08821302e-30,5.59311101e-41,3.65073429e-27,2.63014143e-26,1.57214187e-24,7.96146524e-30,0.76709078,-1.02490117e-29,-6.20726807e-43,2.98502374e-46,-6.44796432e-45,1.97599415e-37
0.0255,-0.10746143,2.47566493,-76.4694015,300,1.17197032,1.71574876e-09,3.39714984e-24,4.38337203e-15,0.232909218,8.82347695e-14,3.58533921e-11,1.18075628e-16,6.27375398e-16,-1.75776565e-26,8.9896209e-41,-9.97685175e-34,-1.907907e-41,-6.60112621e-31,-2.57285913e-29,1.06542032e-14,1.92657729e-14,1.85605656e-39,2.11353712e-29,-6.38262478e-46,-2.74205255e-41,-3.32963446e-33,-2.84645585e-56,-7.62383456e-35,-5.14665124e-48,-7.58495495e-35,9.09328395e-43,6.07406461e-33,3.41136125e-47,1.32530191e-34,1.5486713e-38,-8.06060738e-31,2.66578332e-28,5.84049735e-22,2.56727083e-23,1.78602676e-32,5.05265303e-15,1.77155266e-16,2.99781028e-19,8.94478688e-21,-2.40194937e-39,2.6284478e-25,2.23294414e-30,7.82252849e-41,1.62724366e-27,1.17233432e-26,7.00751632e-25,3.55875722e-30,0.76709078,-5.19497052e-30,-2.28225493e-43,1.09887374e-46,-1.8244115e-45,7.87097302e-38
0.0256875,-0.108370463,2.37251222,-76.4694015,300,1.17197033,1.37751949e-09,1.36130496e-24,2.78377874e-15,0.232909218,5.56455071e-14,1.96938905e-11,6.28202015e-17,3.2926875e-16,4.41771046e-32,1.44629432e-46,1.63707404e-36,-3.61122744e-44,-3.62025341e-31,-1.40641099e-29,5.60635243e-15,8.81208396e-15,2.58663578e-40,9.62580283e-30,-2.00129508e-46,-8.01695404e-42,-1.50075205e-33,-3.98095017e-59,-3.60043985e-35,-1.49883306e-48,-3.9166067e-35,3.98404658e-43,3.41765449e-33,8.9807618e-48,5.5358958e-35,6.46853281e-39,-3.16398258e-31,2.75969891e-30,3.75051708e-22,1.39316317e-23,4.80672027e-33,2.64822982e-15,8.54202405e-17,1.36438135e-19,4.69554848e-21,-1.58829269e-44,1.18746683e-25,1.00353288e-30,7.38626008e-46,7.42452714e-28,5.34893966e-27,3.19727762e-25,1.62843552e-30,0.767090781,-2.68385139e-30,-8.62915936e-44,4.15811691e-47,-5.34130056e-46,3.2228136e-38
0.025875,-0.109240813,2.26935951,-76.4694015,300,1.17197033,1.10885135e-09,7.04048223e-25,1.79915056e-15,0.232909218,3.57353778e-14,1.11692853e-11,3.46519888e-17,1.793318e-16,1.60266821e-35,4.33279294e-51,-3.27102628e-37,-3.18921952e-44,-2.05073305e-31,-7.94205248e-30,3.06058e-15,4.25120529e-15,7.31466995e-41,4.62485595e-30,-6.72894463e-47,-2.47869512e-42,-7.14725747e-34,-1.27206886e-59,-1.7863865e-35,-4.68370352e-49,-2.06590461e-35,1.91346379e-43,2.01751115e-33,2.56768902e-48,2.46636848e-35,2.88173904e-39,-1.22841705e-31,4.99340131e-32,2.44858839e-22,7.81632179e-24,2.4859559e-33,1.44062158e-15,4.31664801e-17,6.55347909e-20,2.55788071e-21,1.92339691e-48,5.66682506e-26,4.76715113e-31,6.4524299e-51,3.5740226e-28,2.57487531e-27,1.53910716e-25,7.85909138e-31,0.767090781,-1.44147472e-30,-3.52368772e-44,1.69857053e-47,-1.67728776e-46,1.41246496e-38
0.02625,-0.110865468,2.0630541,-76.4694015,300,1.17197034,7.22691182e-10,1.98304756e-25,7.86351186e-16,0.232909218,1.5448923e-14,3.92735415e-12,1.16240029e-17,5.91085063e-17,8.0822436e-36,-4.81798854e-53,-5.36426874e-38,-5.39607976e-45,-7.19660116e-32,-2.77329971e-30,1.01255801e-15,1.16286996e-15,6.84591664e-42,1.25755722e-30,-9.16864561e-48,-2.97720497e-43,-1.91754003e-34,-1.57640305e-60,-5.09665167e-36,-5.61418405e-50,-6.2686798e-36,5.39639277e-44,7.38973759e-34,2.69755829e-49,6.00047342e-36,7.01063031e-40,-2.45763487e-32,2.86916298e-33,1.08903871e-22,2.70105691e-24,7.00203362e-34,4.7396766e-16,1.26658667e-17,1.78095814e-20,8.43387931e-22,2.07668073e-49,1.52516567e-26,1.27430179e-31,-3.3155641e-52,9.74456661e-29,7.02039335e-28,4.19637325e-26,2.1508653e-31,0.767090781,-4.64810642e-31,-7.57317804e-45,3.64953816e-48,-2.02916236e-47,3.36580345e-39
0.026625,-0.112335393,1.85674869,-76.4694015,300,1.17197034,4.70256634e-10,5.54469648e-26,3.41728662e-16,0.232909218,6.64003171e-15,1.37062772e-12,3.8605047e-18,1.93277006e-17,-2.35396094e-36,-2.67512918e-54,1.5334745e-38,-1.16350983e-47,-2.50654689e-32,-9.61146093e-31,3.32357153e-16,3.1525558e-16,6.31738818e-43,3.38967073e-31,-1.25288598e-48,-3.45472086e-44,-5.09795413e-35,-1.9227381e-61,-1.44125691e-36,-6.63381771e-51,-1.84158017e-36,1.66361115e-44,2.64486964e-34,2.7900333e-50,1.44611809e-36,1.68948756e-40,-5.0162593e-33,5.14305266e-34,4.81679993e-23,9.26313475e-25,1.95780232e-34,1.54703865e-16,3.68459182e-18,4.79661406e-21,2.75889159e-22,1.66823251e-50,4.06792966e-27,3.37560051e-32,-1.88243136e-54,2.63313762e-29,1.89702251e-28,1.13392715e-26,5.83365312e-32,0.767090782,-1.48678576e-31,-1.61183861e-45,7.75980588e-49,-2.41919014e-48,7.96582881e-40
0.027,-0.11365059,1.65044328,-76.4694015,300,1.17197034,3.05993294e-10,1.54474992e-26,1.47978906e-16,0.232909218,2.84346077e-15,4.75665469e-13,1.27225245e-18,6.280872e-18,-2.92104898e-37,-3.03883506e-54,7.72592462e-40,-2.15284169e-46,-8.68120204e-33,-3.31225487e-31,1.0842786e-16,8.48386957e-17,5.78108121e-44,9.06537678e-32,-1.72187832e-49,-3.9480609e-45,-1.34519952e-35,-2.31742119e-62,-4.04628204e-37,-7.75552889e-52,-5.27783118e-37,5.42272637e-45,9.33284978e-35,2.85126086e-51,3.45746992e-37,4.03918e-41,-1.00870462e-33,9.6627972e-35,2.12327316e-23,3.15851274e-25,5.45442837e-35,5.01863816e-17,1.06445706e-18,1.28232957e-21,8.96977555e-23,2.56451847e-51,1.07693523e-27,8.8750962e-33,2.61976378e-54,7.06278654e-30,5.08832699e-29,3.04149907e-27,1.57052569e-32,0.767090782,-4.72596826e-32,-3.40199389e-46,1.63520184e-49,-2.85392567e-49,1.87466664e-40
0.027375,-0.114811058,1.44413787,-76.4694015,300,1.17197035,1.99539741e-10,4.3144256e-27,6.41041269e-17,0.232909218,1.21799164e-15,1.64756768e-13,4.17699022e-19,2.03555688e-18,1.97500482e-37,-6.62287717e-55,1.33685692e-39,2.34038252e-47,-3.00091756e-33,-1.13917161e-31,3.52824255e-17,2.27312725e-17,5.29805993e-45,2.41417688e-32,-2.39445497e-50,-4.48268578e-46,-3.53345328e-36,-2.78023398e-63,-1.13132106e-37,-9.0328861e-53,-1.48619114e-37,1.82159418e-45,3.28288449e-35,2.89796092e-52,8.22261534e-38,9.6057369e-42,-2.02186209e-34,1.85693953e-35,9.3647516e-24,1.07469846e-25,1.52340033e-35,1.62378091e-17,3.06363497e-19,3.41302648e-22,2.90867069e-23,3.22037023e-52,2.83821098e-28,2.32278647e-33,-1.89085349e-55,1.88610167e-30,1.35882659e-29,8.12225679e-28,4.20948572e-33,0.767090782,-1.49797301e-32,-7.13729784e-47,3.42340143e-50,-3.35448234e-50,4.39737085e-41
0.02775,-0.115816796,1.23783246,-76.4694015,300,1.17197035,1.30797797e-10,1.22147353e-27,2.80035557e-17,0.232909218,5.2610056e-16,5.74624699e-14,1.37895399e-19,6.63717422e-19,6.5677053e-38,-1.91897699e-56,2.12640392e-40,-2.09712572e-47,-1.04467993e-33,-3.94481459e-32,1.15529726e-17,6.11454563e-18,4.96082165e-46,6.45437763e-33,-3.42120577e-51,-5.14574642e-47,-9.31565655e-37,-3.37618905e-64,-3.17701783e-38,-1.06542311e-53,-4.15894113e-38,6.25591369e-46,1.17413834e-35,2.97574383e-53,1.96032029e-38,2.28999049e-42,-3.57176105e-35,3.50070269e-36,4.16528554e-24,3.68139881e-26,4.31295688e-36,5.28639471e-18,8.86016123e-20,9.11917371e-23,9.49088184e-24,4.00603575e-53,7.50793724e-29,6.10138658e-34,6.85735978e-56,5.05646235e-31,3.64288715e-30,2.17750118e-28,1.13268237e-33,0.767090782,-4.77650904e-33,-1.49891404e-47,7.17132968e-51,-3.99293476e-51,1.03576538e-41
0.028125,-0.116667806,1.03152705,-76.4694015,300,1.17197035,8.65452954e-11,3.58025088e-28,1.25426403e-17,0.232909218,2.33066976e-16,2.06465199e-14,4.69194078e-20,2.23074332e-19,-1.1248891e-38,-2.73678016e-57,1.58384406e-42,1.22104613e-48,-3.74800133e-34,-1.40744032e-32,3.90008051e-18,1.69711463e-18,-1.11441752e-46,1.78030783e-33,-5.22235444e-52,-6.24935197e-48,-2.53409433e-37,-4.33650545e-65,-9.20507836e-39,-1.32999403e-54,-1.19102033e-38,2.22925396e-46,4.44472356e-36,3.2300207e-54,4.82017765e-39,5.6305762e-43,-6.41819053e-36,6.95430349e-37,1.89851131e-24,1.29946268e-26,1.26416717e-36,1.77443636e-18,2.64377864e-20,2.51406856e-23,3.19280139e-24,3.51906065e-54,2.04924382e-29,1.65363304e-34,6.18183876e-57,1.39872891e-31,1.00770287e-30,6.02344818e-29,3.14470347e-34,0.767090782,-1.57060778e-33,-3.2433204e-48,1.54728913e-51,-5.02856601e-52,2.51991515e-42
0.0285,-0.117364087,0.825221641,-76.4694015,300,1.17197035,5.81322049e-11,1.12957623e-28,5.94884189e-18,0.232909218,1.09483197e-16,8.07452379e-15,1.75061773e-20,8.22601706e-20,-1.17033031e-39,-4.11413768e-58,-1.12220817e-41,-1.39013178e-49,-1.46487313e-34,-5.47046359e-33,1.44420239e-18,5.29075139e-19,-2.23428323e-41,5.51717364e-34,-9.31932551e-53,-8.93098691e-49,-7.76097297e-38,-6.59772179e-66,-2.98034036e-39,-1.97393359e-55,-3.79676944e-39,8.69209293e-47,1.9103827e-36,4.23284465e-55,1.34990443e-39,1.57678833e-43,-1.35139977e-36,1.6339384e-37,9.14360689e-25,5.0036145e-27,3.98847232e-37,6.53796454e-19,8.78475228e-21,7.79121521e-24,1.17865581e-24,5.93787611e-55,6.29474384e-30,5.04798944e-35,2.47465055e-59,4.34761424e-32,3.13220333e-31,1.87224479e-29,9.80587435e-35,0.767090782,-5.68343756e-34,-8.1048066e-49,3.8560864e-52,-7.51874551e-53,6.99815527e-43
0.02925,-0.118292461,0.412610821,-76.4694015,300,1.17197035,2.72684336e-11,1.40091674e-29,1.59533602e-18,0.232909218,2.89456481e-17,1.64363351e-15,3.3286488e-21,1.54505077e-20,1.02003416e-43,-1.41234236e-52,-3.01238139e-42,-4.67094322e-50,-2.97689533e-35,-1.10414823e-33,2.72832796e-19,7.96375826e-20,-6.76347674e-36,8.2436152e-35,-4.86266724e-54,-3.56182075e-50,-1.14184746e-38,-2.75746229e-67,-4.71088742e-40,-7.99238988e-57,-5.82997613e-40,1.75730998e-47,3.96393575e-37,1.46241749e-56,1.77320315e-40,2.07118547e-44,-1.26452314e-37,1.15074471e-38,2.50870505e-25,9.96975191e-28,4.94656182e-38,1.22679038e-19,1.4365303e-21,1.16383914e-24,2.2174525e-25,2.0284689e-56,9.29661722e-31,7.39602041e-36,4.74494699e-58,6.51917618e-33,4.69668748e-32,2.80740033e-30,1.47638621e-35,0.767090782,-1.04080363e-34,-9.24856901e-50,4.3834226e-53,-3.08188322e-54,9.11272293e-44
0.03,-0.118601919,0,-76.4694015,300,1.17197035,1.27815533e-11,8.13179897e-30,4.27233108e-19,0.232909218,7.64195627e-18,3.34020446e-16,6.28553117e-22,2.90111752e-21,-2.93053646e-44,9.48111923e-59,-5.82941137e-43,-3.09842061e-50,-6.01618163e-36,-2.22488934e-34,5.14539096e-20,1.1964643e-20,-2.13650278e-30,1.22979423e-35,-7.20732912e-55,-5.27924556e-51,-1.67677143e-39,-4.38890162e-68,-7.43231278e-41,-1.2504875e-57,-8.91034182e-41,2.51931037e-48,5.64192668e-38,3.22804664e-57,2.32465315e-41,2.71530525e-45,-2.64995399e-38,3.24730678e-39,6.87359542e-26,1.98315639e-28,9.26236883e-39,2.29799513e-20,2.34480049e-22,1.7351763e-25,4.1652214e-26,3.98982846e-57,1.37039993e-31,1.08156094e-36,1.04735278e-58,9.7569547e-34,7.02931869e-33,4.20170849e-31,2.21865344e-36,0.767090782,-1.90269791e-35,-1.05336878e-50,4.97218848e-54,-4.02354971e-55,1.18495044e-44
