grid,velocity,spreadRate,Lambda,T,D,Y_H2,Y_H,Y_O,Y_O2,Y_OH,Y_H2O,Y_HO2,Y_H2O2,Y_C,Y_CH,Y_CH2,Y_CH2(S),Y_CH3,Y_CH4,Y_CO,Y_CO2,Y_HCO,Y_CH2O,Y_CH2OH,Y_CH3O,Y_CH3OH,Y_C2H,Y_C2H2,Y_C2H3,Y_C2H4,Y_C2H5,Y_C2H6,Y_HCCO,Y_CH2CO,Y_HCCOH,Y_N,Y_NH,Y_NH2,Y_NH3,Y_NNH,Y_NO,Y_NO2,Y_N2O,Y_HNO,Y_CN,Y_HCN,Y_H2CN,Y_HCNN,Y_HCNO,Y_HOCN,Y_HNCO,Y_NCO,Y_N2,Y_AR,Y_C3H7,Y_C3H8,Y_CH2CHO,Y_CH3CHO
0,0.727204481,-4.67127372e-19,-2539.2866,300,0.651698552,7.40763006e-16,1.6826642e-16,5.49041892e-21,-2.79829702e-14,1.66480461e-14,1.49262438e-15,1.39226369e-20,-1.12296944e-16,9.67152157e-15,7.30642538e-15,5.83564237e-15,-5.4740369e-14,-6.82059681e-15,1,3.28284142e-18,-1.31127171e-16,-1.74160328e-17,8.80714238e-15,1.4188822e-24,6.10893983e-19,3.4254578e-15,2.49005438e-15,9.65385435e-20,7.54762301e-14,3.57672489e-15,-5.59470711e-18,-7.24927265e-19,1.86522698e-18,-1.97222922e-17,-1.0122331e-17,8.11688095e-15,6.25168557e-15,-1.7169276e-17,1.48940661e-19,-2.32069415e-37,3.1520767e-14,1.17768022e-15,1.87202672e-20,-1.01439996e-14,4.84217523e-20,-3.38559172e-15,1.83873571e-18,1.36324729e-19,-2.40307573e-15,2.31023327e-19,-2.11647279e-14,-5.61012319e-18,3.20576192e-18,-3.17702659e-21,3.86056611e-22,2.81404958e-16,-3.44950251e-14,8.28203582e-15
0.000375,0.726451003,2.00927641,-2539.2866,300,0.651698552,7.43873342e-16,6.20157947e-16,1.15250045e-20,-2.79829616e-14,1.79335754e-16,1.95480817e-14,1.40182532e-20,-1.12296943e-16,9.67152005e-15,6.56050873e-21,5.81021366e-15,-6.8112922e-20,-8.75890571e-14,1,3.27718562e-18,-1.31127231e-16,-1.74218506e-17,8.8071424e-15,-3.23096702e-23,6.1083537e-19,3.42545818e-15,2.49039401e-15,-2.47409192e-19,3.62155421e-14,6.10855688e-14,-5.59471858e-18,-2.77357981e-17,1.86230382e-18,-1.97208118e-17,-1.0122271e-17,8.11687441e-15,6.25168591e-15,-1.71692741e-17,1.48940664e-19,-3.08276279e-36,3.15207647e-14,1.17768028e-15,1.82892842e-20,-1.01439983e-14,4.84311565e-20,-3.38559002e-15,1.84959219e-18,1.36325198e-19,-2.40307561e-15,2.31023327e-19,-2.1164727e-14,-5.61012272e-18,3.20609595e-18,-3.17702664e-21,3.86119967e-22,2.81404951e-16,-3.44950291e-14,8.28203583e-15
0.00075,0.724190567,4.01855282,-2539.2866,300,0.651698552,7.48540342e-16,6.18608845e-16,1.11534713e-20,-2.7982953e-14,1.92653826e-18,1.9742604e-14,1.41140571e-20,-1.12296943e-16,9.6715186e-15,-3.00871313e-26,5.78481241e-15,-8.45038891e-26,-7.69490221e-14,1,3.27150791e-18,-1.31127291e-16,-1.74276599e-17,8.80714239e-15,-3.60212215e-23,6.10776536e-19,3.42545825e-15,2.49074481e-15,-6.02125914e-19,1.73501079e-14,8.06737262e-14,-5.59474136e-18,-5.32341978e-17,1.85927895e-18,-1.97193129e-17,-1.01222108e-17,8.116868e-15,6.25168625e-15,-1.71692722e-17,1.48940664e-19,-3.08277722e-36,3.15207624e-14,1.17768034e-15,1.78568984e-20,-1.0143997e-14,4.84405916e-20,-3.38558834e-15,1.8602481e-18,1.36325668e-19,-2.40307549e-15,2.31023328e-19,-2.1164726e-14,-5.61012225e-18,3.20643108e-18,-3.17702668e-21,3.86184184e-22,2.81404945e-16,-3.44950331e-14,8.28203584e-15
0.001125,0.720423173,6.02782923,-2539.2866,300,0.651698552,7.60477718e-16,6.17053258e-16,1.07363868e-20,-2.79829444e-14,2.06076678e-20,1.97446948e-14,1.42102286e-20,-1.12296943e-16,9.67151719e-15,-3.57372932e-26,5.75938576e-15,4.7442678e-30,-7.18659527e-14,1,3.2657997e-18,-1.3112735e-16,-1.74335004e-17,8.80714239e-15,-3.94211628e-23,6.10717375e-19,3.42545832e-15,2.49109696e-15,-9.57843037e-19,8.29044113e-15,9.00804705e-14,-5.5947697e-18,-7.80264649e-17,1.8562367e-18,-1.97178086e-17,-1.01221504e-17,8.11686164e-15,6.25168659e-15,-1.71692703e-17,1.48940664e-19,-3.08277361e-36,3.152076e-14,1.1776804e-15,1.74221918e-20,-1.01439957e-14,4.84500778e-20,-3.38558669e-15,1.87078982e-18,1.36326139e-19,-2.40307538e-15,2.31023329e-19,-2.11647251e-14,-5.61012178e-18,3.20676802e-18,-3.17702673e-21,3.86248672e-22,2.81404939e-16,-3.44950372e-14,8.28203586e-15
0.0015,0.715148823,8.03710564,-2539.2866,300,0.651698552,8.06224091e-16,6.15488117e-16,1.0340015e-20,-2.79829357e-14,2.25345521e-22,1.97447179e-14,1.43069603e-20,-1.12296943e-16,9.67151579e-15,-3.55125396e-26,5.73387996e-15,4.83202806e-30,-6.93798106e-14,1,3.2600485e-18,-1.3112741e-16,-1.74393867e-17,8.80714238e-15,-4.28367745e-23,6.10657755e-19,3.4254584e-15,2.49145112e-15,-1.31539282e-18,3.94690861e-15,9.45903995e-14,-5.59480083e-18,-1.02568395e-16,1.8531714e-18,-1.97162958e-17,-1.01220897e-17,8.11685529e-15,6.25168693e-15,-1.71692683e-17,1.48940664e-19,-3.08276997e-36,3.15207577e-14,1.17768046e-15,1.69842157e-20,-1.01439944e-14,4.84596359e-20,-3.38558504e-15,1.88130804e-18,1.36326614e-19,-2.40307526e-15,2.31023329e-19,-2.11647242e-14,-5.61012129e-18,3.20710753e-18,-3.17702677e-21,3.86313542e-22,2.81404933e-16,-3.44950413e-14,8.28203587e-15
0.001875,0.708367515,10.046382,-2539.2866,300,0.651698552,1.00829408e-15,6.1390944e-16,9.96325569e-21,-2.79829269e-14,8.54631666e-24,1.97447188e-14,1.4404463e-20,-1.12296943e-16,9.67151438e-15,-3.52869326e-26,5.70823904e-15,4.82286653e-30,-6.81404223e-14,1,3.25424103e-18,-1.31127471e-16,-1.74453328e-17,8.80714238e-15,-4.62791159e-23,6.10597542e-19,3.42545847e-15,2.49180807e-15,-1.67566227e-18,1.87003121e-15,9.67468079e-14,-5.59483348e-18,-1.27108657e-16,1.85007594e-18,-1.97147712e-17,-1.01220285e-17,8.11684893e-15,6.25168727e-15,-1.71692664e-17,1.48940664e-19,-3.08276631e-36,3.15207553e-14,1.17768052e-15,1.65419692e-20,-1.01439931e-14,4.84692878e-20,-3.38558338e-15,1.89185902e-18,1.36327092e-19,-2.40307514e-15,2.3102333e-19,-2.11647233e-14,-5.6101208e-18,3.20745049e-18,-3.17702681e-21,3.86378932e-22,2.81404927e-16,-3.44950454e-14,8.28203588e-15
0.00225,0.70007925,12.0556585,-2539.2866,300,0.651698552,1.92759412e-15,6.12311921e-16,9.60487588e-21,-2.7982918e-14,6.03931206e-24,1.97447194e-14,1.45029992e-20,-1.12296943e-16,9.67151297e-15,-3.50598472e-26,5.68239639e-15,4.81366968e-30,-6.74969407e-14,1,3.24836091e-18,-1.31127531e-16,-1.74513557e-17,8.80714237e-15,-4.97572445e-23,6.10536569e-19,3.42545854e-15,2.49216876e-15,-2.03964674e-18,8.78813385e-16,9.77758206e-14,-5.5948671e-18,-1.51804233e-16,1.84694126e-18,-1.97132309e-17,-1.01219667e-17,8.11684251e-15,6.25168762e-15,-1.71692644e-17,1.48940664e-19,-3.08276259e-36,3.15207529e-14,1.17768058e-15,1.60942399e-20,-1.01439918e-14,4.84790609e-20,-3.38558171e-15,1.90248536e-18,1.36327575e-19,-2.40307502e-15,2.3102333e-19,-2.11647223e-14,-5.6101203e-18,3.20779938e-18,-3.17702685e-21,3.86445006e-22,2.8140492e-16,-3.44950496e-14,8.2820359e-15
0.003,0.678981847,16.0742113,-2539.2866,300,0.651698552,1.35437127e-14,6.0903243e-16,8.94905711e-21,-2.79828996e-14,5.60570804e-24,1.97447206e-14,1.47054243e-20,-1.12296943e-16,9.67151006e-15,-3.45969076e-26,5.62958966e-15,4.79476747e-30,-6.69575332e-14,1,3.23623894e-18,-1.31127656e-16,-1.74637899e-17,8.80714236e-15,-5.69020631e-23,6.10410766e-19,3.42545869e-15,2.49290975e-15,-2.78728297e-18,2.63033734e-16,9.84148236e-14,-5.59493697e-18,-2.02374221e-16,1.84047694e-18,-1.97100669e-17,-1.01218397e-17,8.11682938e-15,6.25168834e-15,-1.71692605e-17,1.48940666e-19,-3.08275496e-36,3.1520748e-14,1.1776807e-15,1.51709026e-20,-1.01439891e-14,4.84992164e-20,-3.3855783e-15,1.92421566e-18,1.36328568e-19,-2.40307478e-15,2.31023332e-19,-2.11647204e-14,-5.61011924e-18,3.20858051e-18,-3.17702687e-21,3.86580765e-22,2.81404908e-16,-3.44950581e-14,8.28203593e-15
0.00375,0.651856616,20.0927641,-2539.2866,300,0.651698552,1.05243628e-13,6.05634441e-16,8.34671569e-21,-2.79828805e-14,5.22843612e-24,1.97447223e-14,1.49155271e-20,-1.12296943e-16,9.67150704e-15,-3.41207285e-26,5.57508617e-15,4.77512992e-30,-6.66483059e-14,1,3.2237049e-18,-1.31127783e-16,-1.74767623e-17,8.80714235e-15,-6.43167306e-23,6.10279603e-19,3.42545885e-15,2.49367878e-15,-3.56310815e-18,7.65643448e-17,9.86081946e-14,-5.59500978e-18,-2.54766106e-16,1.83373946e-18,-1.97067836e-17,-1.0121708e-17,8.1168158e-15,6.25168909e-15,-1.71692564e-17,1.48940697e-19,-3.08274701e-36,3.15207429e-14,1.17768083e-15,1.42087118e-20,-1.01439863e-14,4.85202231e-20,-3.38557478e-15,1.94667314e-18,1.36329599e-19,-2.40307453e-15,2.31023333e-19,-2.11647184e-14,-5.61011812e-18,3.21087367e-18,-3.1770269e-21,3.86721672e-22,2.81404895e-16,-3.4495067e-14,8.28203596e-15
0.0045,0.618703555,24.1113169,-2539.2866,300,0.651698552,8.04141307e-13,6.02120235e-16,7.79010976e-21,-2.79828602e-14,4.87981096e-24,1.97447338e-14,1.5135874e-20,-1.12296942e-16,9.67150387e-15,-3.36262051e-26,5.51825807e-15,4.75463332e-30,-6.64023871e-14,1,3.2127768e-18,-1.31127905e-16,-1.74904428e-17,8.80714235e-15,-7.20931985e-23,6.1014137e-19,3.42545901e-15,2.4944851e-15,-4.3764579e-18,2.15137253e-17,9.86651423e-14,-5.59508628e-18,-3.09646782e-16,1.82664421e-18,-1.97033402e-17,-1.01215697e-17,8.11680162e-15,6.25168987e-15,-1.7169252e-17,1.48941427e-19,-3.08273862e-36,3.15207376e-14,1.17768097e-15,1.31952336e-20,-1.01439833e-14,4.85423484e-20,-3.3855711e-15,1.97012849e-18,1.36330681e-19,-2.40307427e-15,2.31023334e-19,-2.11647164e-14,-5.61011691e-18,3.24695001e-18,-3.17702692e-21,3.86869496e-22,2.81404881e-16,-3.44950763e-14,8.28203599e-15
0.004875,0.599866589,26.1205933,-2539.2866,300,0.651698552,2.80084412e-12,6.00392469e-16,7.52303951e-21,-2.7982849e-14,4.7125152e-24,1.97448203e-14,1.52494176e-20,-1.12296942e-16,9.67150223e-15,-3.33726389e-26,5.48906873e-15,4.74422696e-30,-6.62848654e-14,1,3.22574537e-18,-1.31127853e-16,-1.749751e-17,8.80714234e-15,-7.60984359e-23,6.10069985e-19,3.4254591e-15,2.49489995e-15,-4.79486104e-18,9.3534184e-18,9.86776679e-14,-5.5951257e-18,-3.37895253e-16,1.82297895e-18,-1.97015668e-17,-1.01214986e-17,8.11679432e-15,6.25169028e-15,-1.71692496e-17,1.4894755e-19,-3.08273383e-36,3.15207349e-14,1.17768104e-15,1.26720071e-20,-1.01439818e-14,4.85537746e-20,-3.3855692e-15,1.982182e-18,1.36331238e-19,-2.40307413e-15,2.31023335e-19,-2.11647153e-14,-5.61011628e-18,3.53897422e-18,-3.17702697e-21,3.86945624e-22,2.81404874e-16,-3.44950811e-14,8.28203601e-15
0.00525,0.579522665,28.1298697,-2539.2866,300,0.651698552,1.08813384e-11,5.98844784e-16,7.26604197e-21,-2.79828292e-14,4.55152577e-24,1.97457639e-14,1.53668394e-20,-1.12296942e-16,9.67150054e-15,-3.3111552e-26,5.45900368e-15,4.73400019e-30,-6.61676157e-14,1,3.43934227e-18,-1.31126217e-16,-1.7504833e-17,8.80714234e-15,-8.02361131e-23,6.0999604e-19,3.42545919e-15,2.49532652e-15,-5.22470254e-18,3.99209886e-18,9.86831294e-14,-5.59516643e-18,-3.6706109e-16,1.8191826e-18,-1.96997349e-17,-1.0121425e-17,8.1167868e-15,6.2516907e-15,-1.71692466e-17,1.49016121e-19,-3.0827242e-36,3.15207325e-14,1.17768111e-15,1.21301871e-20,-1.01439802e-14,4.85656075e-20,-3.38556725e-15,1.99460609e-18,1.36331814e-19,-2.403074e-15,2.31023337e-19,-2.11647142e-14,-5.61011563e-18,6.75769886e-18,-3.17702703e-21,3.87024274e-22,2.81404867e-16,-3.44950861e-14,8.28203603e-15
0.005625,0.557671784,30.1391461,-2539.2866,300,0.651698552,4.27474859e-11,5.9793686e-16,7.01869087e-21,-2.79827217e-14,4.39662659e-24,1.9755798e-14,1.54896506e-20,-1.12296941e-16,9.67149879e-15,-3.28410911e-26,5.4279183e-15,4.72496972e-30,-6.60479766e-14,1,5.81131468e-18,-1.31102978e-16,-1.75124517e-17,8.80714234e-15,-8.45271672e-23,6.09919135e-19,3.42545928e-15,2.4957606e-15,-5.65791912e-18,1.66873789e-18,9.8685433e-14,-5.59520867e-18,-3.97291406e-16,1.81523452e-18,-1.96978345e-17,-1.01213487e-17,8.11677901e-15,6.25169114e-15,-1.71692394e-17,1.49760364e-19,-3.08266461e-36,3.1520734e-14,1.17768118e-15,1.15668798e-20,-1.01439785e-14,4.85779089e-20,-3.38556523e-15,2.00746094e-18,1.36332411e-19,-2.40307385e-15,2.3102335e-19,-2.11647131e-14,-5.61011494e-18,4.11799986e-17,-3.17702708e-21,3.87105861e-22,2.81404859e-16,-3.44950912e-14,8.28203605e-15
0.006,0.534313947,32.1484225,-2539.2866,300,0.651698551,1.64877741e-10,5.98974894e-16,6.78220054e-21,-2.79817215e-14,4.24872254e-24,1.98589078e-14,1.5627658e-20,-1.1229693e-16,9.67149695e-15,-3.25581205e-26,5.39564236e-15,4.72009156e-30,-6.59242506e-14,1,3.05764817e-17,-1.3079576e-16,-1.75204131e-17,8.80714238e-15,-8.89960848e-23,6.09838806e-19,3.42545938e-15,2.49617963e-15,-6.02447345e-18,6.81362815e-19,9.86863532e-14,-5.59525247e-18,-4.28759425e-16,1.81111041e-18,-1.96958475e-17,-1.01212682e-17,8.11677091e-15,6.25169159e-15,-1.7169203e-17,1.57561586e-19,-3.08209111e-36,3.15207776e-14,1.17768128e-15,1.09789089e-20,-1.01439768e-14,4.85907486e-20,-3.38556305e-15,2.02081745e-18,1.36333033e-19,-2.40307368e-15,2.31023515e-19,-2.11647119e-14,-5.61011422e-18,3.96760971e-16,-3.17702714e-21,3.8719115e-22,2.81404851e-16,-3.44950965e-14,8.28203606e-15
0.006375,0.509449153,34.157699,-2539.2866,300,0.651698549,6.18464593e-10,6.05525983e-16,6.56964294e-21,-2.79719467e-14,4.11641175e-24,2.08784393e-14,1.58705189e-20,-1.1229682e-16,9.671495e-15,-3.22565238e-26,5.36197762e-15,4.72752007e-30,-6.57949584e-14,0.999999999,2.78726421e-16,-1.26901999e-16,-1.75287722e-17,8.80714298e-15,-9.36710112e-23,6.09754687e-19,3.42545961e-15,2.49649287e-15,-5.65872516e-18,2.70927708e-19,9.86867751e-14,-5.59529594e-18,-4.61662262e-16,1.8067836e-18,-1.96936588e-17,-1.01211695e-17,8.11676243e-15,6.25169204e-15,-1.71689702e-17,2.36236253e-19,-3.0763582e-36,3.15212434e-14,1.17768158e-15,1.03658118e-20,-1.0143975e-14,4.86042299e-20,-3.38555971e-15,2.03475928e-18,1.36333684e-19,-2.4030733e-15,2.31025607e-19,-2.11647096e-14,-5.61011347e-18,3.93097986e-15,-3.17702719e-21,3.87285741e-22,2.81404843e-16,-3.44951021e-14,8.28203608e-15
0.00675,0.483077405,36.1669754,-2539.2866,300,0.651698542,2.24578145e-09,6.26965435e-16,6.47833227e-21,-2.7879542e-14,4.06195126e-24,3.05377509e-14,1.7052824e-20,-1.12295774e-16,9.67149284e-15,-3.19234813e-26,5.32673691e-15,4.7688085e-30,-6.56584066e-14,0.999999998,2.66046216e-15,-7.96766258e-17,-1.7537581e-17,8.80715084e-15,-9.85779997e-23,6.09668818e-19,3.42546135e-15,2.49639619e-15,2.4650609e-18,1.04456738e-19,9.86882286e-14,-5.59531227e-18,-4.96097727e-16,1.80224315e-18,-1.96898192e-17,-1.01208599e-17,8.11675351e-15,6.25169244e-15,-1.71674637e-17,9.96401691e-19,-3.01950249e-36,3.15257553e-14,1.17768407e-15,9.76767276e-21,-1.01439731e-14,4.86188459e-20,-3.38554247e-15,2.0493704e-18,1.36334367e-19,-2.40307031e-15,2.31051088e-19,-2.11646961e-14,-5.6101127e-18,3.75883791e-14,-3.17702722e-21,3.87471894e-22,2.81404837e-16,-3.44951079e-14,8.28203608e-15
0.0069375,0.469326428,37.1716136,-2539.2866,300,0.651698531,4.55680263e-09,6.52143565e-16,6.72984134e-21,-2.75552717e-14,4.22366824e-24,6.44742809e-14,2.07939661e-20,-1.12292073e-16,9.67149152e-15,-3.17354553e-26,5.3086144e-15,4.82265549e-30,-6.55870805e-14,0.999999995,1.11328845e-14,1.30810629e-16,-1.75421203e-17,8.80718753e-15,-1.01100974e-22,6.09637376e-19,3.42546911e-15,2.49596373e-15,3.77846529e-17,5.80990576e-20,9.86945429e-14,-5.59518576e-18,-5.13274549e-16,1.79994874e-18,-1.96800654e-17,-1.01196594e-17,8.11674887e-15,6.25169252e-15,-1.71637512e-17,3.71790948e-18,-2.80808025e-36,3.15418647e-14,1.17769392e-15,9.66752718e-21,-1.01439719e-14,4.86282906e-20,-3.38547028e-15,2.05688295e-18,1.36334717e-19,-2.40305763e-15,2.31165131e-19,-2.11646407e-14,-5.61011229e-18,1.5642529e-13,-3.1770273e-21,3.88069918e-22,2.8140485e-16,-3.44951108e-14,8.28203607e-15
0.007125,0.455198719,38.1762519,-2539.2866,300,0.651698508,9.62240681e-09,6.98138764e-16,7.99288983e-21,-2.59668089e-14,5.02771092e-24,2.30879693e-13,3.89028216e-20,-1.12273801e-16,9.67148954e-15,-3.15191233e-26,5.28998066e-15,4.92455668e-30,-6.55110027e-14,0.99999999,5.31584972e-14,1.42023705e-15,-1.75467883e-17,8.8074219e-15,-1.03692517e-22,6.09682693e-19,3.42551903e-15,2.49470293e-15,2.47991924e-16,3.19281804e-20,9.87336778e-14,-5.59422115e-18,-5.27554075e-16,1.79777459e-18,-1.96177541e-17,-1.01114247e-17,8.11674399e-15,6.25169227e-15,-1.71505781e-17,1.72981393e-17,-1.68060037e-36,3.16220058e-14,1.17774913e-15,1.07733418e-20,-1.01439701e-14,4.86472528e-20,-3.38500669e-15,2.06461406e-18,1.36335074e-19,-2.40298008e-15,2.31866506e-19,-2.11643041e-14,-5.61011175e-18,7.41817324e-13,-3.17702731e-21,3.92535772e-22,2.81404986e-16,-3.44951136e-14,8.28203611e-15
0.0073125,0.440694289,39.1808902,-2539.2866,300,0.651698459,2.0544121e-08,7.80314076e-16,1.29713497e-20,-1.83719199e-14,8.22016464e-24,1.02728418e-12,1.25508602e-19,-1.12185747e-16,9.67148546e-15,-3.12579075e-26,5.27078653e-15,5.11063627e-30,-6.54237408e-14,0.999999979,2.56607376e-13,9.12018952e-15,-1.75515522e-17,8.80888041e-15,-1.06348986e-22,6.10212625e-19,3.42583284e-15,2.4915927e-15,1.47146235e-15,1.73212575e-20,9.89699309e-14,-5.58792484e-18,-5.20518329e-16,1.79631824e-18,-1.91944568e-17,-1.00548564e-17,8.11673875e-15,6.25169104e-15,-1.71048354e-17,8.34319447e-17,4.72639033e-36,3.20110759e-14,1.17805171e-15,1.91453047e-20,-1.01439658e-14,4.87122464e-20,-3.38207123e-15,2.07260811e-18,1.36335432e-19,-2.4025157e-15,2.36071285e-19,-2.11622901e-14,-5.61011053e-18,3.55628315e-12,-3.17702719e-21,4.27114883e-22,2.814061e-16,-3.44951157e-14,8.2820367e-15
0.0075,0.425813156,40.1855286,-2539.2866,300,0.651698354,4.36896068e-08,9.24401243e-16,3.12018823e-20,1.70264033e-14,1.98707757e-23,4.74274562e-12,5.30295816e-19,-1.11772115e-16,9.67147446e-15,-3.09259919e-26,5.25097603e-15,5.44308932e-30,-6.53000133e-14,0.999999956,1.21661689e-12,5.38815176e-14,-1.75562135e-17,8.81771258e-15,-1.09034457e-22,6.13679976e-19,3.42775397e-15,2.4844457e-15,8.41863168e-15,9.26787823e-21,1.00357441e-13,-5.54864526e-18,-3.77984471e-16,1.79796329e-18,-1.63591006e-17,-9.67530686e-18,8.11673289e-15,6.25168684e-15,-1.69495905e-17,3.97339368e-16,3.99905548e-35,3.38521193e-14,1.17966751e-15,6.97319259e-20,-1.01439499e-14,4.88582736e-20,-3.36394893e-15,2.08103458e-18,1.3633577e-19,-2.39980627e-15,2.60609877e-19,-2.11505419e-14,-5.61010594e-18,1.67462725e-11,-3.17702677e-21,6.89609494e-22,2.81414642e-16,-3.44951145e-14,8.28204138e-15
0.0076875,0.410555353,41.1901675,-2539.2866,300,0.651698135,9.18651851e-08,1.17273573e-15,9.58860966e-20,1.77635503e-13,6.14107799e-23,2.16166135e-11,2.37300594e-18,-1.09880707e-16,9.67144026e-15,-3.04846563e-26,5.23048482e-15,6.03111044e-30,-6.503477e-14,0.999999908,5.62604298e-12,3.06812832e-13,-1.755976e-17,8.86968602e-15,-1.11536065e-22,6.34401401e-19,3.43918285e-15,2.46872579e-15,4.68044142e-14,4.8874994e-21,1.0827682e-13,-5.31120023e-18,5.85949065e-16,1.81190394e-18,2.12456406e-18,-7.20037841e-18,8.11672589e-15,6.25167366e-15,-1.64352458e-17,1.84760383e-15,2.49470896e-34,4.23317315e-14,1.18805964e-15,3.58975288e-19,-1.01438825e-14,4.93486335e-20,-3.25520254e-15,2.09078834e-18,1.36336018e-19,-2.38443762e-15,3.99807108e-19,-2.10839062e-14,-5.61008486e-18,7.69191982e-11,-3.17702577e-21,2.62593452e-21,2.81477911e-16,-3.44950943e-14,8.28207349e-15
0.007875,0.394920948,42.194807,-2539.2866,300.000002,0.651697686,1.90272238e-07,1.59366919e-15,3.19190556e-19,8.85994019e-13,2.05743369e-22,9.61084391e-11,1.05297364e-17,-1.01473981e-16,9.67132924e-15,-2.98786502e-26,5.20923803e-15,7.07889772e-30,-6.4189453e-14,0.999999809,2.53113005e-11,1.69389392e-12,-1.75572045e-17,9.16642452e-15,-1.1266543e-22,7.53359522e-19,3.50514621e-15,2.4354583e-15,2.52754889e-13,2.55409789e-21,1.52140446e-13,-3.91936454e-18,6.36260142e-15,1.87253867e-18,1.19000296e-16,8.44972613e-18,8.11671664e-15,6.25163332e-15,-1.4773777e-17,8.35976296e-15,1.54410177e-33,8.02920929e-14,1.23038561e-15,1.95666363e-18,-1.01435885e-14,5.12546297e-20,-2.62210131e-15,2.10690059e-18,1.36335924e-19,-2.2998321e-15,1.16610939e-18,-2.07170775e-14,-5.60998541e-18,3.43748841e-10,-3.17702361e-21,1.64690865e-20,2.81931586e-16,-3.44949597e-14,8.28228061e-15
0.0080625,0.378910062,43.1994484,-2539.2866,300.000007,0.651696782,3.87378583e-07,2.29537742e-15,1.06912814e-18,3.91817762e-12,6.94254697e-22,4.15275686e-10,4.55790133e-17,-6.52113654e-17,9.67096962e-15,-2.90343503e-26,5.18714655e-15,9.02158588e-30,-6.096556e-14,0.999999611,1.10596342e-10,9.06382524e-12,-1.75244256e-17,1.0807403e-14,-1.05970839e-22,1.41367469e-18,3.87387391e-15,2.36812943e-15,1.32366494e-12,1.45334553e-21,3.8750821e-13,3.98098753e-18,3.94146311e-14,2.10464808e-18,8.34370658e-16,1.04241226e-16,8.11670273e-15,6.2515122e-15,-9.54788514e-18,3.67359118e-14,9.74322592e-33,2.45202018e-13,1.43733987e-15,1.04997853e-17,-1.01423241e-14,5.87443616e-20,9.47479972e-16,2.15728213e-18,1.36334638e-19,-1.84858282e-15,5.25325401e-18,-1.87605829e-14,-5.60952313e-18,1.4920758e-09,-3.17701927e-21,1.12196699e-19,2.85077414e-16,-3.44941384e-14,8.28356101e-15
0.00825,0.362522918,44.2040935,-2539.2866,300.000026,0.651694988,7.74162119e-07,3.44548675e-15,3.51564892e-18,1.64943933e-11,2.30089983e-21,1.74027643e-09,1.9150524e-16,8.63370973e-17,9.66982937e-15,-2.78628736e-26,5.16409937e-15,1.2976003e-29,-4.81906535e-14,0.999999217,4.68565764e-10,4.69334658e-11,-1.73469902e-17,1.95806968e-14,-5.75201532e-23,4.95606761e-18,5.86639888e-15,2.23974311e-15,6.71021416e-12,1.87642827e-21,1.60880571e-12,4.7328497e-17,2.21760025e-13,2.94647804e-18,5.06451211e-15,6.70678076e-16,8.11667826e-15,6.25115595e-15,6.43485609e-18,1.56520001e-13,6.19206909e-32,9.39255716e-13,2.41661345e-15,5.46698607e-17,-1.0137029e-14,8.72603304e-20,2.04024602e-14,2.39203895e-18,1.36329319e-19,4.78912232e-16,2.63343399e-17,-8.66921887e-15,-5.60742859e-18,6.28021156e-09,-3.177011e-21,7.51183764e-19,3.06132998e-16,-3.44892951e-14,8.29118394e-15
0.0084375,0.345759923,45.2087473,-2539.2866,300.000097,0.65169147,1.51705483e-06,5.29801543e-15,1.1253004e-17,6.69432723e-11,7.4163229e-21,7.0603373e-09,7.79087607e-16,6.98850779e-16,9.66632537e-15,-2.62719644e-26,5.13994488e-15,2.23677476e-29,1.80476507e-15,0.999998448,1.9215823e-09,2.34744905e-10,-1.64942217e-17,6.48368704e-14,2.04683233e-22,2.32903739e-17,1.62540714e-14,2.01456795e-15,3.28657557e-11,9.30130444e-21,7.72473031e-12,2.76760021e-16,1.19170553e-12,5.88547729e-18,2.91794409e-14,3.89978706e-15,8.11662666e-15,6.25013433e-15,5.3893403e-17,6.45476332e-13,3.89434219e-31,3.76399523e-12,6.89232155e-15,2.75070903e-16,-1.01155434e-14,1.90955621e-19,1.22691911e-13,3.59040314e-18,1.36310838e-19,1.20653584e-14,1.31277646e-16,4.15662902e-14,-5.59821819e-18,2.55887596e-08,-3.17699615e-21,4.85978859e-18,4.41875588e-16,-3.44616793e-14,8.3348904e-15
0.008625,0.32862182,46.2134212,-2539.2866,300.000357,0.651684604,2.91230073e-06,8.22897218e-15,3.49173144e-17,2.62291558e-10,2.31083126e-20,2.76793924e-08,3.06268646e-15,3.08830031e-15,9.65596422e-15,-2.41865223e-26,5.11444194e-15,4.91012549e-29,1.91910371e-13,0.99999695,7.61392341e-09,1.13179503e-09,-1.25673479e-17,2.89584128e-13,1.5172466e-21,1.14643185e-16,6.83845161e-14,1.66360244e-15,1.55207512e-10,6.31168845e-20,3.72182115e-11,1.44555969e-15,6.15699283e-12,1.57901176e-17,1.61410598e-13,2.16061969e-14,8.11649526e-15,6.24729237e-15,1.90493718e-16,2.57170508e-12,2.38717355e-30,1.4859467e-11,2.66093241e-14,1.3341792e-15,-1.00313432e-14,5.48039064e-19,6.40365551e-13,9.63910609e-18,1.36251151e-19,6.76122731e-14,6.34389515e-16,2.82401593e-13,-5.55903475e-18,1.00744503e-07,-3.17697173e-21,3.02461462e-17,1.28279779e-15,-3.43100096e-14,8.57583879e-15
0.0088125,0.311110022,47.2181434,-2539.2866,300.001264,0.65167112,5.47202828e-06,1.27814597e-14,1.04706229e-16,9.90908127e-10,6.93445132e-20,1.04653876e-07,1.161028e-14,1.20660732e-14,9.62669198e-15,-2.15626916e-26,5.08713654e-15,1.38210802e-28,8.89794974e-13,0.999994005,2.90910302e-08,5.24848589e-09,4.96489633e-18,1.36151892e-12,7.76797796e-21,5.51794033e-16,3.19616439e-13,1.19927868e-15,7.05157956e-10,4.21676748e-19,1.73859536e-10,7.16254522e-15,3.0560787e-11,4.7990128e-17,8.57096169e-13,1.14761941e-13,8.11610327e-15,6.23966479e-15,5.70955367e-16,9.87936342e-12,1.40985629e-29,5.6831747e-11,1.10141125e-13,6.22385027e-15,-9.71347952e-15,1.70200271e-18,3.15603845e-12,3.91117482e-17,1.36068645e-19,3.23464481e-13,2.95175139e-15,1.39170186e-12,-5.39829476e-18,3.82502516e-07,-3.17693762e-21,1.80587122e-16,6.27573408e-15,-3.35104161e-14,9.85012007e-15
0.009,0.293227364,48.2229885,-2539.2866,300.004313,0.651644054,1.00542933e-05,1.97200463e-14,3.02473477e-16,3.60251973e-09,2.01342279e-19,3.80799671e-07,4.23503151e-14,4.4478557e-14,9.54835415e-15,-1.84777737e-26,5.05708989e-15,4.72815595e-28,3.35419796e-12,0.999988029,1.06949698e-07,2.33530458e-08,8.07265305e-17,6.25875528e-12,3.61265806e-20,2.55556861e-15,1.4792333e-12,7.07025316e-16,3.07484792e-09,2.68255507e-18,7.80451412e-10,3.39401024e-14,1.4541004e-10,1.48799983e-16,4.35918445e-12,5.83708747e-13,8.11481507e-15,6.22003391e-15,1.59443354e-15,3.65147679e-11,7.95510627e-29,2.09380624e-10,4.49617016e-13,2.7855976e-14,-8.56053955e-15,5.15919591e-18,1.48636169e-11,1.76764835e-16,1.35540935e-19,1.45275918e-12,1.3180253e-14,6.2879907e-12,-4.76513246e-18,1.39752972e-06,-3.17690784e-21,1.03148186e-15,3.46070521e-14,-2.94768879e-14,1.62977782e-14
0.0091875,0.274979892,49.2281605,-2539.2866,300.014148,0.651587607,1.8049034e-05,3.00918632e-14,8.38752918e-16,1.25752756e-08,5.84477524e-19,1.33037488e-06,1.48288424e-13,1.56631681e-13,9.35210479e-15,-1.45801002e-26,5.02245573e-15,1.91200797e-27,1.17002286e-11,0.999975211,3.7744775e-07,9.94358656e-08,3.9530496e-16,2.76270354e-11,1.58149609e-19,1.13277271e-14,6.59053453e-12,3.15969964e-16,1.28346704e-08,1.61227416e-17,3.35330212e-09,1.53686242e-13,6.61431797e-10,4.5208372e-16,2.11761366e-11,2.83557981e-12,8.11042765e-15,6.17195445e-15,4.24824709e-15,1.29545327e-10,4.26181619e-28,7.40708898e-10,1.76943139e-12,1.19297936e-13,-4.55357515e-15,1.45878808e-17,6.688846e-11,7.9054314e-16,1.34109908e-19,6.21556444e-12,5.63190057e-14,2.69381017e-11,-2.3857279e-18,4.90222893e-06,-3.17694323e-21,5.61929159e-15,1.87749723e-13,-1.00717998e-14,4.74158666e-14
0.009375,0.256381112,50.2342288,-2539.2866,300.044493,0.651464013,3.16265718e-05,4.52882698e-14,2.22372206e-15,4.20408457e-08,1.88774477e-18,4.45126921e-06,4.97109563e-13,5.27503444e-13,8.899967e-15,-9.39207067e-27,4.98059118e-15,8.58379472e-27,3.87270716e-11,0.999945662,1.27550127e-06,4.03977537e-07,1.63715055e-15,1.16383015e-10,6.52531658e-19,4.78853132e-14,2.80338629e-11,9.90442181e-17,5.11341323e-08,9.09187223e-17,1.37460803e-08,6.63243096e-13,2.86756477e-09,1.32680463e-15,9.79443599e-11,1.3115205e-11,8.09561865e-15,6.06105957e-15,1.08660783e-14,4.40018505e-10,2.15779552e-27,2.50909464e-09,6.66298484e-12,4.8744087e-13,8.74919572e-15,3.7317162e-17,2.86900189e-10,3.39334715e-15,1.30519903e-19,2.53473636e-11,2.29603857e-13,1.0988788e-10,6.04625234e-18,1.64675143e-05,-3.1772359e-21,2.90994872e-14,9.73487297e-13,7.86398931e-14,1.90175679e-13
0.0095625,0.237461585,51.2427615,-2539.2866,300.133797,0.6511808,5.4040878e-05,6.71011906e-14,5.6148678e-15,1.34229547e-07,8.23759443e-18,1.42231477e-05,1.59083931e-12,1.69577672e-12,7.96842315e-15,-2.43526652e-27,4.93252183e-15,4.06743415e-26,1.2214474e-10,0.999872829,4.11546612e-06,1.56082632e-06,6.24544015e-15,4.66011188e-10,2.51957069e-18,1.92365293e-13,1.13335885e-10,2.03191893e-17,1.93816699e-07,4.76977755e-16,5.35794556e-08,2.71872972e-12,1.18082331e-08,3.73955705e-15,4.29779735e-10,5.75494441e-11,8.04769441e-15,5.8238784e-15,2.6697828e-14,1.42682278e-09,1.02947383e-26,8.11492976e-09,2.39062258e-11,1.89386052e-12,5.07899271e-14,8.32849174e-17,1.1690195e-09,1.38456415e-14,1.2236284e-19,9.82748988e-11,8.90139635e-13,4.26079845e-10,3.35936423e-17,5.28250713e-05,-3.17831243e-21,1.42698171e-13,4.7842729e-12,4.62405199e-13,8.10289182e-13
0.00975,0.218288924,52.2579206,-2539.2866,300.383514,0.650513547,8.99500063e-05,9.7792428e-14,1.34754604e-14,4.07996586e-07,5.1259512e-17,4.32609218e-05,4.8443448e-12,5.1882375e-12,6.32851557e-15,7.21572056e-27,4.90635606e-15,2.02091363e-25,3.6664607e-10,0.999685748,1.26376685e-05,5.71326905e-06,2.21713621e-14,1.76639553e-09,9.00245281e-18,7.31336238e-13,4.33666547e-10,2.58208274e-18,6.96307319e-07,2.30135504e-15,1.97816175e-07,1.0543794e-11,4.60014548e-08,1.00909697e-14,1.78170626e-09,2.38577963e-10,7.90383197e-15,5.3648391e-15,6.29263481e-14,4.40238008e-09,4.62920856e-26,2.4976765e-08,8.14104249e-11,6.97033629e-12,1.76739231e-13,1.53400626e-16,4.50720547e-09,5.33887805e-14,1.0612869e-19,3.60934951e-10,3.2691639e-12,1.56489496e-09,1.13016244e-16,0.000161301448,-3.18149157e-21,6.59716114e-13,2.21695716e-11,2.02557011e-12,3.34884128e-12
0.0099375,0.199004552,53.290087,-2539.2866,301.043914,0.648938968,0.000145659592,1.40309949e-13,3.08563832e-14,1.17608194e-06,3.70987064e-16,0.000124758552,1.39892982e-11,1.50500945e-11,4.03769636e-15,2.14483862e-26,5.04367531e-15,1.13340752e-24,1.04427833e-09,0.999201489,3.67918202e-05,1.97221822e-05,7.31960993e-14,6.30779515e-09,2.93544375e-17,2.61721946e-12,1.56292686e-09,1.9486179e-19,2.36037776e-06,1.00510372e-14,6.88582105e-07,3.85025713e-11,1.68725424e-07,2.60385069e-14,6.94297434e-09,9.29690057e-10,7.52027773e-15,4.5934915e-15,1.41943565e-13,1.28733287e-08,1.97679464e-25,7.28771092e-08,2.61969764e-10,2.41901403e-11,5.3257512e-13,2.12945772e-16,1.63639065e-08,1.9339049e-13,7.92923825e-20,1.25000457e-09,1.13218483e-11,5.41963345e-09,2.9949863e-16,0.000467059333,-3.18982742e-21,2.85999493e-12,9.63234453e-11,7.98344086e-12,1.30859072e-11
0.010125,0.179879162,54.3629572,-2539.2866,302.685589,0.645321464,0.000229089656,1.99244186e-13,6.83561641e-14,3.19946246e-06,2.57148561e-15,0.000339375626,3.81900251e-11,4.11914016e-11,1.76704088e-15,4.692691e-26,5.85552866e-15,8.56584267e-24,2.81080976e-09,0.99797644,0.000101051545,6.38260748e-05,2.25435681e-13,2.10893516e-08,8.63257587e-17,8.748249e-12,5.27222877e-09,9.16799923e-21,7.50606021e-06,3.89179341e-14,2.2463581e-06,1.3158131e-10,5.79040956e-07,6.43950697e-14,2.52642889e-08,3.38296294e-09,6.6646372e-15,3.55341783e-15,3.05411306e-13,3.5491384e-08,8.21110544e-25,2.00591616e-07,7.92040085e-10,7.869079e-11,1.47396458e-12,1.9218754e-16,5.55928594e-08,6.53045346e-13,4.52549843e-20,4.05808377e-09,3.67558318e-11,1.75946212e-08,6.10098286e-16,0.00127631373,-3.209796e-21,1.15459346e-11,3.89637244e-10,2.90575953e-11,4.78085831e-11
0.01021875,0.170565158,54.9332847,-2539.2866,304.321657,0.641896752,0.000284605027,2.38736208e-13,1.03522187e-13,5.31739812e-06,6.92623815e-15,0.000563762356,6.38624296e-11,6.86982854e-11,9.39947322e-16,7.3188134e-26,7.08797422e-15,2.92944418e-23,4.65012253e-09,0.996713263,0.000168880295,0.000117575166,4.06107607e-13,3.96244233e-08,1.47563178e-16,1.63728314e-11,9.96063542e-09,7.39957398e-22,1.36806762e-05,7.69470571e-14,4.15813732e-06,2.50711982e-10,1.10590421e-06,1.02974725e-13,5.00508142e-08,6.70191456e-09,5.99827695e-15,3.08358416e-15,4.45555847e-13,5.94193396e-08,1.75365647e-24,3.35648276e-07,1.39983053e-09,1.4541646e-10,2.45958524e-12,1.49835809e-16,1.05487092e-07,1.23000982e-12,2.94790798e-20,7.48985418e-09,6.78388731e-11,3.24737529e-08,7.62340024e-16,0.00212699711,-3.2289682e-21,2.44614117e-11,8.26313768e-10,5.7423969e-11,9.49731861e-11
0.0103125,0.161592977,55.5481298,-2539.2866,306.966075,0.636565133,0.000351380209,2.88343409e-13,1.58438459e-13,8.87453812e-06,1.85141978e-14,0.000939896902,1.07662e-10,1.150861e-10,4.09423e-16,1.24040609e-25,9.55486379e-15,1.12194752e-22,7.73095324e-09,0.99459958,0.000283555466,0.000219358549,7.48971405e-13,7.5522574e-08,2.56347999e-16,3.10115367e-11,1.90998723e-08,4.54370848e-23,2.52294671e-05,1.51280583e-13,7.79837384e-06,4.8546818e-10,2.14656066e-06,1.66669938e-13,1.01123187e-07,1.35405329e-08,5.14803411e-15,2.79332845e-15,6.47780483e-13,9.9904416e-08,3.947455e-24,5.64307094e-07,2.4958695e-09,2.72241669e-10,4.11522266e-12,9.55447562e-17,2.03231416e-07,2.34922593e-12,1.66295917e-20,1.4003125e-08,1.26832439e-10,6.07133625e-08,8.69779504e-16,0.00356101516,-3.25880851e-21,5.32466811e-11,1.80044173e-09,1.15699128e-10,1.92476132e-10
0.01040625,0.153110737,56.231191,-2539.2866,311.113547,0.628538575,0.00043041665,3.53903819e-13,2.43642704e-13,1.46630788e-05,4.74119958e-14,0.00154995081,1.8086473e-10,1.90869338e-10,1.40305483e-16,2.31363199e-25,1.42457594e-14,4.44476909e-22,1.27503379e-08,0.991157593,0.000471371511,0.000405161866,1.38625066e-12,1.42445174e-07,4.49892389e-16,5.79072285e-11,3.62446201e-08,2.7136281e-24,4.60624448e-05,2.91330958e-13,1.44774979e-05,9.31036109e-10,4.12490161e-06,2.72102168e-13,2.02216208e-07,2.70768358e-08,4.16276553e-15,2.92733947e-15,9.32430818e-13,1.66168516e-07,9.46925407e-24,9.39306716e-07,4.40338789e-09,5.04583318e-10,6.80524232e-12,4.80182909e-17,3.87451943e-07,4.43226247e-12,7.90651394e-21,2.59185676e-08,2.34755938e-10,1.12375221e-07,8.97471823e-16,0.00590411516,-3.30376073e-21,1.14765236e-10,3.88318228e-09,2.30737117e-10,3.86090034e-10
0.0105,0.145271559,57.0138153,-2539.2866,317.404789,0.616947609,0.000522227169,4.46794844e-13,3.74546823e-13,2.37563887e-05,1.13125906e-13,0.00250321335,3.01048873e-10,3.10363431e-10,3.66584992e-17,4.73719886e-25,2.28698978e-14,1.70771516e-21,2.06945238e-08,0.985729791,0.000768275187,0.000730716717,2.53922865e-12,2.61966647e-07,8.02918565e-16,1.04821178e-10,6.70504642e-08,2.74526382e-24,8.21534797e-05,5.51090725e-13,2.62339774e-05,1.74226552e-09,7.72825771e-06,4.48822077e-13,3.93507663e-07,5.2690419e-08,3.13540477e-15,3.9395801e-15,1.32210095e-12,2.70644664e-07,2.47427915e-23,1.53284435e-06,7.59280275e-09,9.13058982e-10,1.10148546e-11,1.84661982e-17,7.19881371e-07,8.12976199e-12,3.16205025e-21,4.68386109e-08,4.24238352e-10,2.0307848e-07,8.45111614e-16,0.00960231463,-3.36931128e-21,2.40228041e-10,8.12934964e-09,4.48020505e-10,7.53576787e-10
0.01059375,0.13820087,57.9336632,-2539.2866,326.599402,0.601030674,0.000626560847,5.88955946e-13,5.73286427e-13,3.7487622e-05,2.46531356e-13,0.00393115877,4.95564023e-10,4.91441157e-10,7.18753279e-18,1.05846002e-24,3.84007774e-14,6.10098414e-21,3.28990195e-08,0.977483398,0.00121937892,0.00127549617,4.5547779e-12,4.65347434e-07,1.47343343e-15,1.81722349e-10,1.19776922e-07,1.35622075e-23,0.00014190251,1.03927075e-12,4.59839246e-05,3.15260343e-09,1.39834215e-05,7.51353285e-13,7.3757262e-07,9.87595702e-08,2.17905237e-15,6.80628157e-15,1.8390971e-12,4.28542952e-07,7.22496035e-23,2.43563764e-06,1.26886407e-08,1.59875665e-09,1.73279085e-11,5.36117373e-18,1.29102474e-06,1.43445698e-11,1.22586601e-21,8.19112877e-08,7.41908193e-10,3.55143711e-07,7.53189376e-16,0.0152185652,-3.46186094e-21,4.83037879e-10,1.63350162e-08,8.38891035e-10,1.41649169e-09
0.0106875,0.131950207,59.0304511,-2539.2866,339.495258,0.580419646,0.000742158394,8.22013485e-13,8.71448294e-13,5.73305353e-05,4.84954414e-13,0.00597108876,8.06803404e-10,7.53979885e-10,1.06094702e-18,2.57261257e-24,6.60201845e-14,1.98129104e-20,5.11006594e-08,0.965472885,0.00187521653,0.00214163909,7.94087279e-12,7.93197599e-07,2.79955532e-15,2.98701066e-10,2.05248345e-07,7.40266607e-23,0.000235940364,1.99212311e-12,7.74796275e-05,5.48330239e-09,2.42754631e-05,1.2818738e-12,1.32231698e-06,1.77053781e-07,1.38952494e-15,1.38774666e-14,2.5016042e-12,6.56129843e-07,2.40053626e-22,3.7494109e-06,2.04234985e-08,2.69206178e-09,2.63501957e-11,1.18228995e-18,2.2198401e-06,2.41536115e-11,8.6467742e-22,1.37764419e-07,1.24779777e-09,5.97307735e-07,6.84592844e-16,0.0233920085,-3.58846299e-21,9.26343299e-10,3.12712e-08,1.50549766e-09,2.54625292e-09
0.01078125,0.126450407,60.3387278,-2539.2866,356.794263,0.55541568,0.000866652839,1.22415195e-12,1.3130165e-12,8.4665578e-05,8.59179246e-13,0.00873785162,1.29927465e-09,1.116751e-09,1.20425244e-19,6.76810259e-24,1.1451345e-13,5.81797852e-20,7.74888792e-08,0.948774275,0.00278405736,0.00344405867,1.34047109e-11,1.29132466e-06,5.51521935e-15,4.61346935e-10,3.35804576e-07,4.25995201e-22,0.000376005799,3.93657237e-12,0.000124933364,9.13135336e-09,4.02475546e-05,2.22915859e-12,2.25634123e-06,3.02112521e-07,8.14082704e-16,3.0980314e-14,3.31950038e-12,9.67598476e-07,9.06254184e-22,5.57140025e-06,3.15155961e-08,4.34011341e-09,3.85680407e-11,2.02926584e-19,3.64214587e-06,3.85556979e-11,1.50870137e-21,2.21861593e-07,2.0095108e-09,9.61931681e-07,7.08919707e-16,0.0347515087,-3.75644424e-21,1.68576926e-09,5.67309013e-08,2.57898361e-09,4.35552037e-09
0.010875,0.121487806,61.8794009,-2539.2866,378.951039,0.527073731,0.000996722934,1.94208765e-12,1.95369069e-12,0.000120473308,1.38165393e-12,0.0122908279,2.06689788e-09,1.59329176e-09,1.08781316e-20,1.90080488e-23,1.97673471e-13,1.567381e-19,1.14776617e-07,0.926670326,0.00398153867,0.00529090691,2.19188507e-11,2.00232749e-06,1.12709042e-14,6.64279902e-10,5.23092688e-07,2.51165493e-21,0.00057284864,8.03372973e-12,0.000192274224,1.4530306e-08,6.35496596e-05,3.92579415e-12,3.65356737e-06,4.89186215e-07,4.45053983e-16,7.21425584e-14,4.29183883e-12,1.3712595e-06,3.78821125e-21,7.97340753e-06,4.6477588e-08,6.68163306e-09,5.41624471e-11,2.98089531e-20,5.68603025e-06,5.80176036e-11,3.52439607e-21,3.41220223e-07,3.09061264e-09,1.47944347e-06,9.14896099e-16,0.0497967106,-3.97286571e-21,2.9015819e-09,9.72011231e-08,4.20644548e-09,7.06844756e-09
0.01096875,0.116724916,63.6531199,-2539.2866,406.072918,0.496977615,0.00112851271,3.25176842e-12,2.85075588e-12,0.000165060709,2.04829834e-12,0.0166100704,3.23641052e-09,2.18816809e-09,8.14812655e-22,5.56369746e-23,3.34357624e-13,4.03264763e-19,1.66317017e-07,0.89882586,0.00548107583,0.00775922726,3.485727e-11,2.95510269e-06,2.38859126e-14,8.86073738e-10,7.75240932e-07,1.45496717e-20,0.000833704685,1.67582218e-11,0.000282224904,2.20924555e-08,9.54833157e-05,6.91107248e-12,5.60926843e-06,7.51025972e-07,2.40403103e-16,1.68971536e-13,5.40849746e-12,1.86658161e-06,1.67804379e-20,1.09824104e-05,6.54109036e-08,9.81521736e-09,7.28353758e-11,1.26472595e-20,8.44036451e-06,8.18903084e-11,8.5715063e-21,5.00806005e-07,4.53609043e-09,2.17137759e-06,1.46376949e-15,0.068784274,-4.24371039e-21,4.71649222e-09,1.57092378e-07,6.52445541e-09,1.08735743e-08
0.0110625,0.111764371,65.6381714,-2539.2866,437.926186,0.466798877,0.00125819418,5.66905936e-12,4.04436532e-12,0.000217935914,2.85220501e-12,0.0215937081,4.96007558e-09,2.89519766e-09,5.27877638e-23,1.64889905e-22,5.45563549e-13,1.05651517e-18,2.36290664e-07,0.865382856,0.00726901269,0.0108749927,5.42056102e-11,4.15648222e-06,5.21720502e-14,1.09044057e-09,1.09452799e-06,7.92232034e-20,0.00116031607,3.51234955e-11,0.00039555567,3.21528224e-08,0.000136669306,1.19615122e-11,8.1758819e-06,1.09464441e-06,1.54766632e-16,3.86403656e-13,6.65776774e-12,2.44351527e-06,7.501649e-20,1.45707823e-05,8.78657604e-08,1.37730344e-08,9.3719255e-11,4.21787295e-20,1.19290627e-05,1.07855169e-10,2.06050412e-20,7.02213194e-07,6.36040283e-09,3.0446544e-06,2.69194071e-15,0.0916628892,-4.57277346e-21,7.23897655e-09,2.39703985e-07,9.6196979e-09,1.58752172e-08
0.01115625,0.106227414,67.7933522,-2539.2866,474.040455,0.437890104,0.00138247968,1.01319838e-11,5.54165883e-12,0.000277880722,3.79477915e-12,0.0270777986,7.389655e-09,3.69833352e-09,3.07862733e-24,4.81310489e-22,8.48628977e-13,2.97135412e-18,3.29992826e-07,0.826941212,0.009306408,0.0146054808,8.26646477e-11,5.58859785e-06,1.15854768e-13,1.23607108e-09,1.47653683e-06,3.91224947e-19,0.0015483007,7.25687761e-11,0.000530822991,4.49289038e-08,0.000186872029,2.00364276e-11,1.13485803e-05,1.51938309e-06,1.64821714e-16,8.43876062e-13,8.03997635e-12,3.08438942e-06,3.24183155e-19,1.86599847e-05,1.12824583e-07,1.85104589e-08,1.15418983e-10,1.66370664e-19,1.61022922e-05,1.31567719e-10,4.77522689e-20,9.43165095e-07,8.54295935e-09,4.08941557e-06,5.26190855e-15,0.118079013,-4.9605123e-21,1.04913536e-08,3.46294697e-07,1.34778368e-08,2.20620969e-08
0.01125,0.0998123444,70.0641538,-2539.2866,513.847127,0.411097143,0.00149893957,1.8245743e-11,7.30730746e-12,0.000343177816,4.88582167e-12,0.0328687066,1.06263108e-08,4.57466088e-09,1.77492238e-25,1.34989562e-21,1.24993138e-12,8.86426745e-18,4.54270545e-07,0.784444983,0.0115362551,0.0188657998,1.23008583e-10,7.21259082e-06,2.5706087e-13,1.29059974e-09,1.91101759e-06,1.7139401e-18,0.00198800818,1.45056392e-10,0.000684657243,6.04826236e-08,0.000245037203,3.21082238e-11,1.5065697e-05,2.01696937e-06,2.88554145e-16,1.73582348e-12,9.58540735e-12,3.76740467e-06,1.30973282e-18,2.3135275e-05,1.38813192e-07,2.39142235e-08,1.36195363e-10,5.8129254e-19,2.08469753e-05,1.46692229e-10,1.04613003e-19,1.21796202e-06,1.10321801e-08,5.28096657e-06,1.0331647e-14,0.147442738,-5.40333161e-21,1.43318332e-08,4.75598218e-07,1.79205772e-08,2.93018538e-08
0.01134375,0.0923173135,72.3899385,-2539.2866,556.788521,0.38678885,0.00160609236,3.2503017e-11,9.24911962e-12,0.00041189808,6.13753757e-12,0.0387750827,1.46515542e-08,5.49824378e-09,4.80034432e-26,3.55241731e-21,1.73558531e-12,2.62342072e-17,6.18187403e-07,0.739025358,0.0138930687,0.0235353365,1.75549964e-10,8.97643387e-06,5.60692986e-13,1.23985802e-09,2.38392112e-06,6.6056779e-18,0.00246636979,2.75683841e-10,0.000852424901,7.8642912e-08,0.000309502174,4.89033619e-11,1.92219578e-05,2.57328896e-06,6.11700624e-16,3.33981768e-12,1.13733641e-11,4.47030043e-06,4.82878334e-18,2.78651584e-05,1.64101498e-07,2.98236272e-08,1.54273466e-10,1.7771222e-18,2.60100917e-05,1.4592837e-10,2.12852835e-19,1.51859416e-06,1.37555754e-08,6.58459977e-06,1.96703145e-14,0.179023634,-5.89367524e-21,1.8324979e-08,6.2390406e-07,2.25335977e-08,3.73557584e-08
0.0114375,0.0836337726,74.7103595,-2539.2866,602.373546,0.364994713,0.00170332007,5.63311629e-11,1.12112213e-11,0.000482160401,7.56829064e-12,0.0446309254,1.92655507e-08,6.44361723e-09,1.33581305e-25,8.58693372e-21,2.26356133e-12,7.22242255e-17,8.34004885e-07,0.691849594,0.0163118512,0.0284775409,2.33631171e-10,1.08236788e-05,1.18791137e-12,1.09089019e-09,2.87978793e-06,2.24931915e-17,0.00296902478,4.91338758e-10,0.00102900074,9.8855464e-08,0.000378285014,7.06899181e-11,2.36881157e-05,3.17101819e-06,1.34298581e-15,5.9981725e-12,1.35487865e-11,5.17316688e-06,1.60012183e-17,3.2719485e-05,1.86942691e-07,3.6056147e-08,1.68262515e-10,4.82602049e-18,3.14251502e-05,1.24544724e-10,3.96305484e-19,1.83607264e-06,1.66317982e-08,7.96136003e-06,3.56693118e-14,0.21204654,-6.42093958e-21,2.15452284e-08,7.85590036e-07,2.66018869e-08,4.59008447e-08
0.01153125,0.0737255812,76.9701764,-2539.2866,650.189579,0.345550978,0.00179068892,9.39652549e-11,1.30177531e-11,0.000552314808,9.24850472e-12,0.0503073888,2.40805466e-08,7.38815468e-09,4.05456536e-25,1.88409335e-20,2.77232467e-12,1.78997443e-16,1.11852946e-06,0.644005281,0.0187346523,0.03355758,2.81954341e-10,1.27006971e-05,2.43050247e-12,8.75953341e-10,3.38384445e-06,6.90198822e-17,0.00348214872,8.1559851e-10,0.00120943558,1.19995582e-07,0.000449361602,9.74084706e-11,2.8330381e-05,3.79223516e-06,2.93553011e-15,1.00648758e-11,1.63348293e-11,5.86003372e-06,4.74069187e-17,3.75825682e-05,2.05805073e-07,4.2430294e-08,1.77664457e-10,1.21432676e-17,3.69343304e-05,8.69222194e-11,6.70231977e-19,2.16160622e-06,1.95812969e-08,9.37313734e-06,6.14175274e-14,0.245768429,-6.97289117e-21,2.24503977e-08,9.53877789e-07,2.90986688e-08,5.45516434e-08
0.011625,0.062605997,79.1222782,-2539.2866,699.890867,0.328209779,0.001868744,1.50553108e-10,1.45717709e-11,0.000621038532,1.14501459e-11,0.055715132,2.86000367e-08,8.3128228e-09,1.11343641e-24,3.77273746e-20,3.21485044e-12,3.98813899e-16,1.49477099e-06,0.596428815,0.0211142328,0.0386549422,3.05587974e-10,1.45613675e-05,4.80282153e-12,6.49480546e-10,3.88346593e-06,1.99274339e-16,0.00399369723,1.26442526e-09,0.00138941149,1.40268754e-07,0.000520874245,1.294277e-10,3.30253135e-05,4.42044069e-06,6.35633527e-15,1.58307052e-11,2.0045341e-11,6.51935845e-06,1.26223286e-16,4.23603832e-05,2.19556902e-07,4.87820192e-08,1.83345828e-10,3.04237927e-17,4.24028627e-05,4.87038033e-11,1.03308211e-18,2.48742675e-06,2.2533793e-08,1.07862349e-05,1.01426752e-13,0.279529468,-7.53715251e-21,1.94892629e-08,1.12160742e-06,2.88331598e-08,6.28878553e-08
0.01171875,0.0503187052,81.1291039,-2539.2866,751.179729,0.312705606,0.00193832109,2.32994476e-10,1.5938648e-11,0.000687359241,1.50070414e-11,0.0608005257,3.23389172e-08,9.20063347e-09,2.83323048e-24,7.06009522e-20,3.59651138e-12,8.17315269e-16,1.99389163e-06,0.54987364,0.0234152095,0.0436704102,3.04187255e-10,1.6369312e-05,9.18785871e-12,4.59850062e-10,4.36889533e-06,5.79937288e-16,0.00449403265,1.85283627e-09,0.00156547075,1.57311207e-07,0.000591253394,1.68827499e-10,3.766846e-05,5.0417887e-06,1.36827054e-14,2.34692242e-11,2.51077372e-11,7.14375219e-06,3.06012085e-16,4.69826788e-05,2.27571951e-07,5.49740652e-08,1.87680889e-10,8.16370449e-17,4.77256094e-05,2.38125513e-11,1.4668992e-18,2.80722858e-06,2.54322777e-08,1.21732647e-05,1.63877221e-13,0.312779602,-8.10240821e-21,1.32859214e-08,1.2819325e-06,2.49716481e-08,7.05088423e-08
0.0118125,0.0369244593,82.9628136,-2539.2866,803.789366,0.298789348,0.00200039581,3.51396981e-10,1.73561445e-11,0.000750629266,2.20949627e-11,0.0655388669,3.49047928e-08,1.00314942e-08,6.97600672e-24,1.28002587e-19,3.99011169e-12,1.60230224e-15,2.65828684e-06,0.50490793,0.0256134336,0.0485282739,2.92274541e-10,1.80982827e-05,1.69998491e-11,3.23134521e-10,4.83329551e-06,1.81358502e-15,0.00497605166,2.61278601e-09,0.00173506307,1.68480684e-07,0.000659260822,2.20819092e-10,4.21770568e-05,5.64559379e-06,2.93573849e-14,3.30528501e-11,3.21096985e-11,7.72929624e-06,6.86429353e-16,5.14015798e-05,2.29743993e-07,6.08994123e-08,1.94110195e-10,2.38266768e-16,5.28276213e-05,1.20479048e-11,1.93858906e-18,3.11628708e-06,2.82341277e-08,1.35136565e-05,2.65116635e-13,0.345086026,-8.65916649e-21,7.52464632e-09,1.42890961e-06,1.80707891e-08,7.71316767e-08
0.01190625,0.0224926428,84.6046067,-2539.2866,857.471593,0.286242084,0.00205597487,5.21349375e-10,1.92211939e-11,0.000810473873,3.78744072e-11,0.0699268825,3.60466148e-08,1.07719876e-08,1.75257642e-23,2.34732189e-19,4.54152142e-12,3.15039107e-15,3.54723446e-06,0.461930649,0.0276943759,0.05317523,2.860995e-10,1.97313353e-05,3.01909682e-11,2.3118756e-10,5.27239341e-06,6.13446678e-15,0.00543498372,3.62001389e-09,0.00189647487,1.71381631e-07,0.000723974923,2.95306463e-10,4.6489147e-05,6.22431237e-06,6.25831687e-14,4.46430225e-11,4.18869591e-11,8.27472243e-06,1.44741775e-15,5.55882614e-05,2.26426777e-07,6.6480493e-08,2.06269386e-10,7.22138379e-16,5.76609353e-05,6.92965913e-12,2.40895156e-18,3.41135966e-06,3.09102867e-08,1.47932259e-05,4.37048022e-13,0.376127785,-9.20054333e-21,4.2925801e-09,1.55791218e-06,1.06883573e-08,8.26963282e-08
0.012,0.00709637265,86.0435441,-2539.2866,911.989791,0.274877804,0.00210602486,7.68262116e-10,2.21034723e-11,0.000866731053,7.39019563e-11,0.0739758687,3.57304038e-08,1.1360656e-08,4.76052047e-23,4.55982807e-19,5.50121001e-12,6.4846362e-15,4.74465238e-06,0.421196809,0.0296511294,0.0575773981,2.95182546e-10,2.12593858e-05,5.0785806e-11,1.70586891e-10,5.68398451e-06,2.13991227e-14,0.00586801806,5.02857641e-09,0.00204869326,1.64928695e-07,0.000784739915,4.09077723e-10,5.05627191e-05,6.77321623e-06,1.31311695e-13,5.83929366e-11,5.56780405e-11,8.78062845e-06,2.91328297e-15,5.9528925e-05,2.1832808e-07,7.1665734e-08,2.27194597e-10,2.15808713e-15,6.21996159e-05,4.49440409e-12,2.88277071e-18,3.69046873e-06,3.34434243e-08,1.6003233e-05,7.38857536e-13,0.405683056,-9.72079694e-21,2.72108507e-09,1.66586347e-06,5.55922711e-09,8.73620573e-08
0.01209375,-0.00919016697,87.2751612,-2539.2866,967.116207,0.264540889,0.00215143099,1.13304405e-09,2.6764863e-11,0.00091939395,1.55149046e-10,0.0777060738,3.42217125e-08,1.16953358e-08,1.47127439e-22,9.76462898e-19,7.31971125e-12,1.4302785e-14,6.37015811e-06,0.382845463,0.031482434,0.0617165749,3.23723473e-10,2.2679649e-05,7.98240428e-11,1.31006242e-10,6.06744479e-06,7.32179586e-14,0.00627387717,7.099875e-09,0.00219124689,1.50865759e-07,0.000841095975,5.89112671e-10,5.4374477e-05,7.28994488e-06,2.67833317e-13,7.45898879e-11,7.53727038e-11,9.24881349e-06,5.66819874e-15,6.32208723e-05,2.06379331e-07,7.64247259e-08,2.58976554e-10,6.18705773e-15,6.64344443e-05,3.23325346e-12,3.48978146e-18,3.9526432e-06,3.5825793e-08,1.71392565e-05,1.27662921e-12,0.433613258,-1.02161567e-20,1.89531095e-09,1.75137313e-06,3.02413253e-09,9.13536089e-08
0.0121875,-0.0262956834,88.3013757,-2539.2866,1022.77466,0.255067505,0.00219296855,1.6795597e-09,3.42035131e-11,0.000968572611,3.34448411e-10,0.0811430666,3.20761795e-08,1.16395581e-08,5.35687922e-22,2.36589187e-18,1.09069891e-11,3.38157638e-14,8.59386315e-06,0.346917258,0.0331913458,0.0655877359,3.75074327e-10,2.39947656e-05,1.16636551e-10,1.05914186e-10,6.42343651e-06,2.39429605e-13,0.00665252953,1.02174285e-08,0.00232409799,1.34337251e-07,0.000892725992,8.7790978e-10,5.7916318e-05,7.77424315e-06,5.24599379e-13,9.36222046e-11,1.03886621e-10,9.68184392e-06,1.07579402e-14,6.66699001e-05,1.91611899e-07,8.07453169e-08,3.02874889e-10,1.68888138e-14,7.03693711e-05,2.56621173e-12,4.55639192e-18,4.19774701e-06,3.8057961e-08,1.82004428e-05,2.23615754e-12,0.459853462,-1.06846693e-20,1.4234176e-09,1.81480287e-06,1.90776099e-09,9.48375708e-08
0.01228125,-0.0441507102,89.1284986,-2539.2866,1078.72756,0.246367071,0.00223129798,2.51116791e-09,4.59022357e-11,0.00101444808,7.20990764e-10,0.0843141479,2.99641272e-08,1.10632853e-08,2.3425094e-21,6.6026055e-18,1.83693383e-11,8.47136243e-14,1.166236e-05,0.313382219,0.0347835731,0.0691950559,4.5541262e-10,2.52115758e-05,1.60159761e-10,9.18595113e-11,6.75351162e-06,7.41311396e-13,0.00700477285,1.49037938e-08,0.00244748897,1.21794006e-07,0.000939364517,1.34438199e-09,6.11888527e-05,8.22752514e-06,9.77600011e-13,1.15943523e-10,1.45865705e-10,1.00826025e-05,2.00602473e-14,6.98870737e-05,1.75007407e-07,8.46279978e-08,3.59898469e-10,4.39380364e-14,7.40166862e-05,2.25502206e-12,6.8169316e-18,4.42622105e-06,4.01469431e-08,1.91883682e-05,3.94391621e-12,0.484394546,-1.11260231e-20,1.1426488e-09,1.85758915e-06,1.37483907e-09,9.79186767e-08
0.012375,-0.0626853589,89.7650055,-2539.2866,1134.74665,0.238361906,0.00226697787,3.80142411e-09,6.41919571e-11,0.00105723545,1.53790734e-09,0.0872459738,2.84449638e-08,9.92252953e-09,1.22251276e-20,2.14113005e-17,3.49670639e-11,2.22381208e-13,1.59436045e-05,0.282167226,0.03626608,0.0725480091,5.75399125e-10,2.63403288e-05,2.11833301e-10,8.72861266e-11,7.0598015e-06,2.17605768e-12,0.00733184742,2.18209556e-08,0.00256179935,1.17697657e-07,0.000980683647,2.10456358e-09,6.41964548e-05,8.65253644e-06,1.723872e-12,1.42099448e-10,2.08949183e-10,1.04539683e-05,3.70076601e-14,7.28860421e-05,1.57394836e-07,8.80800814e-08,4.3129192e-10,1.09608377e-13,7.73927608e-05,2.20312597e-12,1.21267104e-17,4.63884289e-06,4.21048156e-08,2.01059561e-05,6.9839501e-12,0.507264039,-1.15406479e-20,9.75046458e-10,1.88113489e-06,1.09296113e-09,1.0067221e-07
0.01246875,-0.081829826,90.2206917,-2539.2866,1190.61528,0.230984748,0.00230047434,5.84555733e-09,9.3085396e-11,0.00109716579,3.23904021e-09,0.0899635178,2.78652311e-08,8.34655403e-09,7.31617224e-20,7.9784318e-17,7.42805313e-11,6.06463516e-13,2.19939974e-05,0.253171438,0.0376463553,0.0756592285,7.53089384e-10,2.73950996e-05,2.77581293e-10,9.2336955e-11,7.34495428e-06,6.09138102e-12,0.00763522366,3.17953364e-08,0.0026674606,1.24027446e-07,0.00101618181,3.3610787e-09,6.69448612e-05,9.05340988e-06,2.86863163e-12,1.72772124e-10,3.05922115e-10,1.07986609e-05,6.79530495e-14,7.56816693e-05,1.3942216e-07,9.1112854e-08,5.18807008e-10,2.64139149e-13,8.05158242e-05,2.39117954e-12,2.57083885e-17,4.83660663e-06,4.39489156e-08,2.09568945e-05,1.2415992e-11,0.52851496,-1.19294879e-20,8.80779236e-10,1.88596219e-06,9.37333065e-10,1.03164881e-07
0.0125625,-0.101514725,90.5060391,-2539.2866,1246.12825,0.224177181,0.00233217085,9.15281771e-09,1.40114561e-10,0.00113447581,6.74768926e-09,0.0924895462,2.84036819e-08,6.6460222e-09,4.74299948e-19,3.29732418e-16,1.71149745e-10,1.70108374e-12,3.06606054e-05,0.226277722,0.0389319253,0.0785429727,1.01915682e-09,2.83952724e-05,3.68960693e-10,1.09293054e-10,7.61222421e-06,1.63771021e-11,0.00791644248,4.59839022e-08,0.00276488238,1.42673349e-07,0.00104504176,5.4792031e-09,6.94396117e-05,9.43604519e-06,4.50097393e-12,2.08852249e-10,4.58482093e-10,1.11191388e-05,1.24787332e-13,7.82891828e-05,1.21572571e-07,9.37398116e-08,6.2493597e-10,6.19324828e-13,8.34044191e-05,2.85908702e-12,6.30309335e-17,5.02065112e-06,4.57033323e-08,2.17452255e-05,2.2188283e-11,0.548217211,-1.22937971e-20,8.39326323e-10,1.87126101e-06,8.56667129e-10,1.05467033e-07
0.01265625,-0.121671301,90.6317581,-2539.2866,1301.09135,0.217888297,0.00236237634,1.46142675e-08,2.20003905e-10,0.00116940441,1.39434757e-08,0.0948444306,3.01556478e-08,5.17496244e-09,3.16833018e-18,1.44609778e-15,4.12509402e-10,4.84327784e-12,4.32253577e-05,0.201360905,0.0401300442,0.0812140725,1.42542398e-09,2.93684432e-05,5.0591273e-10,1.43609199e-10,7.86574029e-06,4.25769339e-11,0.00817698592,6.62790376e-08,0.00285437808,1.77884707e-07,0.00106595197,9.12853642e-09,7.16856489e-05,9.80893366e-06,6.66277895e-12,2.51551038e-10,7.03790242e-10,1.14175258e-05,2.29999527e-13,8.07237717e-05,1.0420402e-07,9.597604e-08,7.53212845e-10,1.42156686e-12,8.60763085e-05,3.71089399e-12,1.71229143e-16,5.19223081e-06,4.74021827e-08,2.24750689e-05,3.99138955e-11,0.566451099,-1.26349864e-20,8.40839721e-10,1.83489525e-06,8.30685679e-10,1.07664016e-07
0.01275,-0.142231575,90.6084654,-2539.2866,1355.32085,0.212073571,0.00239132939,2.37955359e-08,3.61556928e-10,0.0012021969,2.86336502e-08,0.0970461662,3.31802257e-08,4.13362159e-09,2.1060501e-17,6.49591057e-15,1.00832574e-09,1.38024221e-11,6.1574427e-05,0.178293618,0.0412475097,0.0836872367,2.05810991e-09,3.03553011e-05,7.23668691e-10,2.0572074e-10,8.11100532e-06,1.07574358e-10,0.00841814929,9.59400253e-08,0.00293606816,2.38144308e-07,0.00107691595,1.55339948e-08,7.36888243e-05,1.01846143e-05,9.32424617e-12,3.02565696e-10,1.10545558e-09,1.16955356e-05,4.2625473e-13,8.30006292e-05,8.75956166e-08,9.78389443e-08,9.08599978e-10,3.20787597e-12,8.85476024e-05,5.13449128e-12,4.96880047e-16,5.35272704e-06,4.90954651e-08,2.31504442e-05,7.22897553e-11,0.583302582,-1.29545179e-20,8.8169289e-10,1.77411431e-06,8.54474782e-10,1.09871059e-07
0.01284375,-0.163128506,90.4464668,-2539.2866,1408.64343,0.206693838,0.00241919442,3.9417861e-08,6.20257136e-10,0.00123311866,5.84091031e-08,0.0991105056,3.75127993e-08,3.51039806e-09,1.35971459e-16,2.92189393e-14,2.45036201e-09,3.88934984e-11,8.83273075e-05,0.156950423,0.0422905534,0.0859766187,3.05808308e-09,3.14173178e-05,1.08734329e-09,3.1388425e-10,8.35568143e-06,2.64716516e-10,0.00864087358,1.40391713e-07,0.00300972395,3.38358065e-07,0.00107513581,2.68963028e-08,7.54606624e-05,1.05819794e-05,1.23871815e-11,3.64326261e-10,1.77088792e-09,1.19543631e-05,7.93715982e-13,8.51355272e-05,7.19919105e-08,9.93506928e-08,1.09794941e-09,7.12659798e-12,9.08318548e-05,7.43090983e-12,1.5018192e-15,5.50370178e-06,5.08585269e-08,2.37751612e-05,1.31560349e-10,0.59885983,-1.3253836e-20,9.61731979e-10,1.68743344e-06,9.32075619e-10,1.12255789e-07
0.0129375,-0.184296357,90.1556171,-2539.2866,1460.89815,0.20171421,0.00244604377,6.60889317e-08,1.10064757e-09,0.00126248284,1.1798101e-07,0.101051138,4.31764184e-08,3.19491367e-09,8.34216104e-16,1.29692502e-13,5.8535066e-09,1.07269265e-10,0.00012679782,0.137210809,0.0432647683,0.0880955674,4.6516585e-09,3.26480956e-05,1.72137171e-09,4.98126215e-10,8.61062979e-06,6.33775554e-10,0.00884547232,2.08177379e-07,0.00307449285,5.02596768e-07,0.00105713414,4.70437506e-08,7.70281277e-05,1.10295226e-05,1.5734908e-11,4.4041124e-10,2.87643401e-09,1.21945017e-05,1.47934425e-12,8.71461273e-05,5.76374475e-08,1.00542874e-07,1.33060693e-09,1.55588328e-11,9.2938834e-05,1.1042806e-11,4.64380621e-15,5.64699837e-06,5.28059415e-08,2.43527561e-05,2.39455768e-10,0.613210786,-1.35343248e-20,1.08221943e-09,1.57751977e-06,1.07434033e-09,1.15073292e-07
0.01303125,-0.205671656,89.7452375,-2539.2866,1511.94243,0.197102742,0.00247181574,1.11253013e-07,1.99286221e-09,0.00129069932,2.34664622e-07,0.102879864,5.02146382e-08,3.09671678e-09,4.71436916e-15,5.5995063e-13,1.36164208e-08,2.86468201e-10,0.000180628734,0.118961663,0.0441750293,0.0900565074,7.19659998e-09,3.41883731e-05,2.86475967e-09,8.04849622e-10,8.89087385e-06,1.47008718e-09,0.00903115445,3.11923836e-07,0.00312842,7.66130905e-07,0.00101931609,8.23083841e-08,7.84494442e-05,1.1569122e-05,1.93283963e-11,5.36363141e-10,4.69885949e-09,1.24154335e-05,2.7410059e-12,8.90543657e-05,4.4790219e-08,1.01463944e-07,1.61953216e-09,3.31948705e-11,9.48726286e-05,1.65613078e-11,1.44055722e-14,5.78489019e-06,5.510912e-08,2.48864402e-05,4.3240506e-10,0.62644142,-1.37972838e-20,1.2443704e-09,1.45318382e-06,1.29831013e-09,1.18718576e-07
0.013078125,-0.216416078,89.497526,-2539.2866,1536.9667,0.194927194,0.00248418144,1.44696648e-07,2.70046987e-09,0.00130460974,3.29370212e-07,0.103755867,5.43308265e-08,3.11728591e-09,1.21255171e-14,1.15894284e-12,2.06472786e-08,4.63697974e-10,0.000214722483,0.110357585,0.0446077313,0.0909822838,9.02079247e-09,3.51572278e-05,3.77586044e-09,1.02675507e-09,9.04833135e-06,2.2165792e-09,0.00911582702,3.8375931e-07,0.00314978754,9.52325468e-07,0.00099174505,1.09457404e-07,7.91477258e-05,1.18972279e-05,2.12757627e-11,5.95465682e-10,6.04055513e-09,1.25178608e-05,3.72749287e-12,8.998195e-05,3.90324254e-08,1.01850309e-07,1.79358161e-09,4.82130299e-11,9.57726878e-05,2.02989201e-11,2.56243507e-14,5.85298261e-06,5.64937538e-08,2.51379179e-05,5.82093337e-10,0.632667408,-1.39226723e-20,1.34376357e-09,1.39036686e-06,1.45280622e-09,1.2109794e-07
0.013125,-0.227190875,89.2227255,-2539.2866,1561.6473,0.192831776,0.00249615014,1.87681242e-07,3.65773466e-09,0.00131848184,4.593551e-07,0.10460743,5.88519655e-08,3.1819674e-09,2.94037521e-14,2.36727687e-12,3.09772007e-08,7.41115249e-10,0.000253823039,0.102093089,0.0450256972,0.0918721994,1.13300701e-08,3.62902564e-05,5.02081227e-09,1.30728209e-09,9.21978549e-06,3.30810453e-09,0.00919437772,4.72009382e-07,0.00316666692,1.18190782e-06,0.000958284739,1.44920273e-07,7.98566889e-05,1.22727532e-05,2.3399183e-11,6.63677986e-10,7.74516985e-09,1.26144567e-05,5.04457748e-12,9.08963823e-05,3.37499583e-08,1.022005e-07,1.99003331e-09,6.94195745e-11,9.66259666e-05,2.47947217e-11,4.52407311e-14,5.92086242e-06,5.80713399e-08,2.53792398e-05,7.79129691e-10,0.638640499,-1.40440822e-20,1.45402006e-09,1.32845183e-06,1.63789381e-09,1.23949596e-07
0.013171875,-0.237989846,88.9218662,-2539.2866,1585.97802,0.190812554,0.00250762981,2.42745776e-07,4.95027918e-09,0.00133244299,6.36616757e-07,0.105435554,6.38175582e-08,3.29193179e-09,6.9844835e-14,4.77762822e-12,4.60181382e-08,1.1697946e-09,0.000298111946,0.09415712,0.0454292557,0.0927275978,1.42610685e-08,3.76263068e-05,6.73017163e-09,1.65931845e-09,9.40788329e-06,4.88842954e-09,0.00926591517,5.80155986e-07,0.00317806752,1.46174613e-06,0.000918939933,1.91162441e-07,8.06010076e-05,1.27057822e-05,2.58166828e-11,7.43435683e-10,9.9069474e-09,1.27045552e-05,6.79419436e-12,9.18038662e-05,2.8964886e-08,1.02531102e-07,2.21321706e-09,9.91594055e-11,9.74298007e-05,3.01512343e-11,7.94375081e-14,5.98900388e-06,5.988744e-08,2.56106387e-05,1.03783352e-09,0.644370623,-1.41616478e-20,1.57580532e-09,1.26824323e-06,1.85896315e-09,1.27403386e-07
0.01321875,-0.24880759,88.5959414,-2539.2866,1609.95748,0.188865393,0.0025184957,3.12913149e-07,6.68936331e-09,0.00134665271,8.76632586e-07,0.106241138,6.92798829e-08,3.45043075e-09,1.6294447e-13,9.52048099e-12,6.7651587e-08,1.82239076e-09,0.000347612307,0.0865396719,0.0458186374,0.093549789,1.79891569e-08,3.92093932e-05,9.07854015e-09,2.0976898e-09,9.6150184e-06,7.15163677e-09,0.00932922102,7.12037496e-07,0.00318273577,1.79794969e-06,0.000873942847,2.51207706e-07,8.14102993e-05,1.32070066e-05,2.87141909e-11,8.38105208e-10,1.2638355e-08,1.27872627e-05,9.10286936e-12,9.27119988e-05,2.46905663e-08,1.02862572e-07,2.46889364e-09,1.40492996e-10,9.81804132e-05,3.64674242e-11,1.38576069e-13,6.05792477e-06,6.1992724e-08,2.58322635e-05,1.3756549e-09,0.649867404,-1.42754974e-20,1.71014542e-09,1.20991848e-06,2.12168019e-09,1.31616141e-07
0.013265625,-0.259639701,88.2459087,-2539.2866,1633.58993,0.186985892,0.00252858361,4.01823245e-07,9.02111685e-09,0.0013613113,1.19943238e-06,0.107024974,7.53044496e-08,3.66243536e-09,3.72940067e-13,1.87192785e-11,9.83670444e-08,2.80069516e-09,0.000402165787,0.0792319112,0.0461939528,0.0943400661,2.27430405e-08,4.10884402e-05,1.22995863e-08,2.63945338e-09,9.84307313e-06,1.03579292e-08,0.00938267169,8.71874172e-07,0.00317913044,2.19533855e-06,0.000823772771,3.28791465e-07,8.2318928e-05,1.37872801e-05,3.23877207e-11,9.52373749e-10,1.60743736e-08,1.28614037e-05,1.2128061e-11,9.36300727e-05,2.09296683e-08,1.03219952e-07,2.76476442e-09,1.97420494e-10,9.8872748e-05,4.38387992e-11,2.39898073e-13,6.1281769e-06,6.44421975e-08,2.60441453e-05,1.81409575e-09,0.655140147,-1.43857527e-20,1.85858785e-09,1.15298742e-06,2.43229932e-09,1.36775628e-07
0.0133125,-0.270482954,87.8726912,-2539.2866,1656.88608,0.185169347,0.00253768294,5.13819655e-07,1.21366962e-08,0.00137667033,1.63073248e-06,0.107787751,8.19740028e-08,3.93469717e-09,8.34958558e-13,3.62812221e-11,1.41368198e-07,4.24404476e-09,0.000461431003,0.0722262919,0.0465551623,0.0950997273,2.88210516e-08,4.33168303e-05,1.66993287e-08,3.30428395e-09,1.00931439e-05,1.48505645e-08,0.00942414997,1.06413549e-06,0.00316541687,2.65679028e-06,0.000769155157,4.28535888e-07,8.33655394e-05,1.44569883e-05,3.73094965e-11,1.09281673e-09,2.03776525e-08,1.29254568e-05,1.60638254e-11,9.45694082e-05,1.76728471e-08,1.03633669e-07,3.11131829e-09,2.75079531e-10,9.95003052e-05,5.23588727e-11,4.11410708e-13,6.20032974e-06,6.72939809e-08,2.62461497e-05,2.37943393e-09,0.660197826,-1.44925291e-20,2.02332989e-09,1.0964263e-06,2.79754998e-09,1.43104758e-07
0.0133359375,-0.275907972,87.6776195,-2539.2866,1668.41457,0.184283196,0.00254175856,5.80388308e-07,1.40747218e-08,0.00138474018,1.89808779e-06,0.108161521,8.56004139e-08,4.0970548e-09,1.2628883e-12,5.03278914e-11,1.68897758e-07,5.20099283e-09,0.000492686096,0.068833559,0.0467304413,0.0954687574,3.24912963e-08,4.458643e-05,1.94788245e-08,3.69068452e-09,1.02266748e-05,1.77255388e-08,0.00943932789,1.17431431e-06,0.0031539127,2.91228966e-06,0.000740490437,4.89011788e-07,8.39579233e-05,1.48296425e-05,4.0527851e-11,1.1764834e-09,2.29334782e-08,1.29529345e-05,1.84563014e-11,9.50526494e-05,1.62264242e-08,1.03876091e-07,3.30958703e-09,3.23965593e-10,9.97866381e-05,5.70896153e-11,5.38150123e-13,6.23737258e-06,6.88966555e-08,2.63433478e-05,2.72249845e-09,0.662649988,-1.45446738e-20,2.112817e-09,1.06776916e-06,3.00423193e-09,1.46817287e-07
0.013359375,-0.281335253,87.4770287,-2539.2866,1679.86591,0.183410826,0.00254548241,6.54853909e-07,1.63130141e-08,0.00139311347,2.20606684e-06,0.108530222,8.94336367e-08,4.27823001e-09,1.8914626e-12,6.95484928e-11,2.01175883e-07,6.35119642e-09,0.000524917717,0.065514781,0.0469020603,0.0958305658,3.66541887e-08,4.59662938e-05,2.27170579e-08,4.11706311e-09,1.03656737e-05,2.11044965e-08,0.00945039428,1.29444762e-06,0.00313903706,3.18386534e-06,0.000711079113,5.57433852e-07,8.46013166e-05,1.52281917e-05,4.44034869e-11,1.2706629e-09,2.57880309e-08,1.29770892e-05,2.1173602e-11,9.55467031e-05,1.48979282e-08,1.04147311e-07,3.5266638e-09,3.80739794e-10,0.000100053399,6.21483904e-11,7.01889023e-13,6.27510168e-06,7.06236543e-08,2.64378848e-05,3.11095901e-09,0.665051178,-1.45959842e-20,2.20758482e-09,1.03870912e-06,3.22764213e-09,1.50929446e-07
0.0133828125,-0.286764795,87.2710271,-2539.2866,1691.24347,0.182551563,0.00254881157,7.38146602e-07,1.89010115e-08,0.00140184309,2.56086017e-06,0.108893909,9.34933544e-08,4.4798784e-09,2.81883567e-12,9.57977779e-11,2.3896722e-07,7.73035328e-09,0.00055803436,0.0622694137,0.0470699505,0.0961853333,4.13839507e-08,4.74642949e-05,2.64900787e-08,4.58720804e-09,1.05099551e-05,2.50703615e-08,0.00945689565,1.42523892e-06,0.00312049061,3.47118208e-06,0.000681067312,6.34845957e-07,8.53012828e-05,1.56534611e-05,4.91346643e-11,1.37727799e-09,2.89761929e-08,1.29975871e-05,2.42582603e-11,9.6053748e-05,1.3682866e-08,1.04453112e-07,3.7653627e-09,4.466436e-10,0.000100299288,6.75529331e-11,9.13483783e-13,6.31357667e-06,7.24826175e-08,2.65296615e-05,3.55089509e-09,0.667402438,-1.46464726e-20,2.30817716e-09,1.00908603e-06,3.46913891e-09,1.55481911e-07
0.01340625,-0.292196697,87.0597214,-2539.2866,1702.55107,0.181704713,0.00255169893,8.31291881e-07,2.18960148e-08,0.0014109883,2.96949149e-06,0.109252627,9.78030396e-08,4.70392186e-09,4.18685708e-12,1.31557674e-10,2.83122344e-07,9.37958882e-09,0.000591940138,0.059097008,0.0472340237,0.0965332484,4.67658745e-08,4.90885613e-05,3.08835308e-08,5.10532279e-09,1.06592528e-05,2.9717128e-08,0.00945832804,1.56738593e-06,0.00309796594,3.77373815e-06,0.000650607508,7.22432587e-07,8.60634428e-05,1.61060752e-05,5.49791293e-11,1.49865757e-09,3.25373491e-08,1.30140531e-05,2.77578173e-11,9.65761674e-05,1.25761666e-08,1.0479981e-07,4.02908098e-09,5.23073597e-10,0.000100522885,7.3324318e-11,1.18657546e-12,6.35285013e-06,7.4481103e-08,2.66185514e-05,4.04916726e-09,0.669704789,-1.46961515e-20,2.41519679e-09,9.78764302e-07,3.7301318e-09,1.60518746e-07
0.0134296875,-0.297631155,86.843216,-2539.2866,1713.79296,0.180869567,0.00255409301,9.35446507e-07,2.53660182e-08,0.00142061553,3.44013038e-06,0.109606417,1.02390171e-07,4.9525957e-09,6.20263572e-12,1.80165167e-10,3.34612801e-07,1.13468959e-08,0.000626535384,0.0559972118,0.0473941687,0.0968745086,5.28996786e-08,5.08474975e-05,3.59963292e-08,5.67616613e-09,1.08132215e-05,3.51531114e-08,0.0094541335,1.72159221e-06,0.00307115141,4.09087408e-06,0.00061985617,8.21545873e-07,8.68934177e-05,1.65864244e-05,6.22759511e-11,1.63764233e-09,3.65162865e-08,1.30260652e-05,3.17262763e-11,9.71165649e-05,1.15722812e-08,1.05194292e-07,4.3219119e-09,6.11639324e-10,0.00010072265,7.94888314e-11,1.53862027e-12,6.39296515e-06,7.66265546e-08,2.67043953e-05,4.61362312e-09,0.671959227,-1.47450328e-20,2.52932266e-09,9.47640863e-07,4.01213831e-09,1.66087703e-07
0.013453125,-0.303068465,86.621614,-2539.2866,1724.97383,0.180045407,0.0025559377,1.05193309e-06,2.93925826e-08,0.00143079932,3.98236168e-06,0.109955307,1.07287041e-07,5.2285093e-09,9.16985218e-12,2.46113622e-10,3.94559419e-07,1.36885877e-08,0.000661718209,0.052969771,0.0475502487,0.0972093228,5.99027971e-08,5.27498237e-05,4.19437367e-08,6.30518686e-09,1.09714405e-05,4.15037068e-08,0.00944369688,1.88857759e-06,0.00303973546,4.42179373e-06,0.000588971144,9.33739224e-07,8.77967662e-05,1.70946267e-05,7.14750357e-11,1.79771989e-09,4.0964362e-08,1.30331493e-05,3.6225616e-11,9.76777826e-05,1.06652888e-08,1.05644057e-07,4.64880538e-09,7.14212957e-10,0.00010089691,8.60802967e-11,1.99206091e-12,6.43395238e-06,7.89262726e-08,2.67869958e-05,5.25333942e-09,0.674166728,-1.4793128e-20,2.65132335e-09,9.15650851e-07,4.31684106e-09,1.72240585e-07
0.0134765625,-0.308509014,86.3950164,-2539.2866,1736.09877,0.179231505,0.00255717201,1.18227956e-06,3.40744232e-08,0.00144162343,4.60750832e-06,0.110299321,1.12531886e-07,5.53472626e-09,1.35350457e-11,3.35465334e-10,4.642642e-07,1.6471061e-08,0.000697386459,0.0500145289,0.0477020969,0.0975379135,6.79143963e-08,5.48046335e-05,4.8860931e-08,6.99869274e-09,1.11334197e-05,4.8914607e-08,0.00942634254,2.06908681e-06,0.00300341134,4.7655899e-06,0.000558108904,1.06080814e-06,8.87789146e-05,1.76304873e-05,8.31776368e-11,1.98320049e-09,4.59409603e-08,1.30347716e-05,4.13275782e-11,9.82629208e-05,9.84900743e-09,1.06157267e-07,5.01578039e-09,8.32987011e-10,0.000101043864,9.31431757e-11,2.57586266e-12,6.47582653e-06,8.13873892e-08,2.68661104e-05,5.97890987e-09,0.676328247,-1.48404483e-20,2.78207353e-09,8.82770654e-07,4.64614146e-09,1.79033674e-07
0.0135,-0.313953281,86.1635228,-2539.2866,1747.17319,0.178427133,0.00255772992,1.32826715e-06,3.95320436e-08,0.00145318207,5.3290344e-06,0.110638469,1.18170334e-07,5.87486677e-09,1.99565371e-11,4.56421093e-10,5.4524904e-07,1.97730046e-08,0.000733439884,0.0471314268,0.0478495126,0.0978605192,7.71004418e-08,5.70214702e-05,5.69074109e-08,7.76406375e-09,1.12986062e-05,5.75556954e-08,0.00940133129,2.26389829e-06,0.00296188203,5.12127397e-06,0.000527421743,1.20483984e-06,8.98450772e-05,1.81934524e-05,9.81925398e-11,2.19944748e-09,5.15153092e-08,1.30303313e-05,4.71158774e-11,9.88753602e-05,9.11710796e-09,1.06742788e-07,5.43020175e-09,9.70545339e-10,0.000101161571,1.00736783e-10,3.32756478e-12,6.51858222e-06,8.40168503e-08,2.69414435e-05,6.8027941e-09,0.678444714,-1.48870047e-20,2.92257448e-09,8.49018234e-07,5.00221789e-09,1.86528235e-07
0.0135234375,-0.31940182,85.9272309,-2539.2866,1758.20282,0.177631567,0.00255754001,1.49198951e-06,4.59136194e-08,0.0014655815,6.16302701e-06,0.110972753,1.24257268e-07,6.25323634e-09,2.94072654e-11,6.20107049e-10,6.39300381e-07,2.36881039e-08,0.000769782484,0.0443205031,0.047992255,0.0981773979,8.76600564e-08,5.94104258e-05,6.62721814e-08,8.61001703e-09,1.14663911e-05,6.76255377e-08,0.00936785747,2.47383475e-06,0.00291486546,5.48781082e-06,0.000497054944,1.3682741e-06,9.100016e-05,1.87825593e-05,1.17614505e-10,2.45318139e-09,5.77687574e-08,1.3019151e-05,5.36889509e-11,9.95187875e-05,8.46322731e-09,1.07410246e-07,5.90114339e-09,1.12994757e-09,0.000101247943,1.08941069e-10,4.29596587e-12,6.56218903e-06,8.68214044e-08,2.70126362e-05,7.73974398e-09,0.680517038,-1.49328074e-20,3.07397815e-09,8.14450698e-07,5.38759238e-09,1.94791106e-07
0.013546875,-0.324855255,85.686237,-2539.2866,1769.19362,0.176844091,0.00255652524,1.67592491e-06,5.34012389e-08,0.00147894182,7.12862129e-06,0.111302165,1.30859462e-07,6.67497649e-09,4.33279025e-11,8.41580297e-10,7.48509333e-07,2.8327899e-08,0.000806325303,0.0415818924,0.0481300376,0.0984888302,9.9832123e-08,6.19822654e-05,7.7178129e-08,9.54687593e-09,1.16361169e-05,7.93547945e-08,0.00932504614,2.69978944e-06,0.00286209941,5.86417334e-06,0.00046714393,1.55397958e-06,9.22486455e-05,1.93963808e-05,1.42934445e-10,2.75288279e-09,6.47976816e-08,1.30004656e-05,6.11633444e-11,0.000100197226,7.88107576e-09,1.08170076e-07,6.43987389e-09,1.3148062e-09,0.000101300741,1.17864469e-10,5.54394732e-12,6.60658565e-06,8.98076036e-08,2.70792545e-05,8.80733305e-09,0.682546106,-1.49778666e-20,3.23760733e-09,7.79159062e-07,5.80522623e-09,2.03895385e-07
0.0135585938,-0.327584009,85.5640012,-2539.2866,1774.67678,0.176453173,0.00255567582,1.77660699e-06,5.76426557e-08,0.00148603797,7.66925926e-06,0.111465057,1.34387443e-07,6.90456347e-09,5.27796044e-11,9.80699342e-10,8.09751992e-07,3.09669362e-08,0.000824648244,0.0402395349,0.0481969504,0.0986426724,1.06627316e-07,6.3342099e-05,8.33101677e-08,1.00539166e-08,1.17214825e-05,8.59403627e-08,0.00929974942,2.81928913e-06,0.00283344554,6.05582859e-06,0.000452400584,1.65653373e-06,9.29099399e-05,1.97120353e-05,1.58591401e-10,2.92413661e-09,6.86484012e-08,1.29879632e-05,6.52896126e-11,0.000100551421,7.61466031e-09,1.08589299e-07,6.74023364e-09,1.41841534e-09,0.000101313568,1.22653151e-10,6.30229707e-12,6.62905386e-06,9.13723295e-08,2.71106527e-05,9.39866183e-09,0.68354497,-1.50001264e-20,3.32462424e-09,7.61273685e-07,6.02782209e-09,2.08797776e-07
0.0135703125,-0.330314253,85.4406189,-2539.2866,1780.15249,0.176064014,0.00255458815,1.88353442e-06,6.2252994e-08,0.00149342851,8.25212588e-06,0.111626719,1.38077403e-07,7.14750518e-09,6.42820822e-11,1.14267707e-09,8.7579435e-07,3.38410895e-08,0.000842990386,0.0389154329,0.048262484,0.0987952642,1.13942337e-07,6.47523434e-05,8.99359587e-08,1.05886411e-08,1.18070651e-05,9.30491975e-08,0.00927174199,2.94320129e-06,0.00280325989,6.24956435e-06,0.000437816981,1.76601932e-06,9.35961067e-05,2.00331178e-05,1.76586824e-10,3.11127249e-09,7.27391479e-08,1.29732405e-05,6.96970086e-11,0.000100916105,7.36398734e-09,1.09036083e-07,7.06322329e-09,1.53014227e-09,0.000101317036,1.27683914e-10,7.16443472e-12,6.65167858e-06,9.29851228e-08,2.7140693e-05,1.00313467e-08,0.684533296,-1.49870597e-20,3.41530534e-09,7.43251463e-07,6.25994234e-09,2.13942774e-07
0.0135820312,-0.333046076,85.316102,-2539.2866,1785.62151,0.175676533,0.00255325071,1.9972006e-06,6.727303e-08,0.00150113358,8.88121869e-06,0.111787147,1.41942616e-07,7.40482374e-09,7.83182185e-11,1.33149223e-09,9.47059576e-07,3.6972917e-08,0.000861340988,0.0376096327,0.0483265855,0.0989466496,1.21826621e-07,6.62146046e-05,9.71014997e-08,1.11531074e-08,1.18927668e-05,1.00726368e-07,0.0092408931,3.07167055e-06,0.00277151736,6.44523064e-06,0.000423406261,1.88297338e-06,9.43074839e-05,2.03592913e-05,1.97329437e-10,3.3161672e-09,7.70883078e-08,1.29561695e-05,7.44085078e-11,0.000101291895,7.12832959e-09,1.09511985e-07,7.41116403e-09,1.65072818e-09,0.000101310815,1.32985942e-10,8.14622579e-12,6.67443951e-06,9.46467782e-08,2.71692917e-05,1.0708949e-08,0.685511189,-1.49742223e-20,3.50989043e-09,7.25109009e-07,6.50216748e-09,2.1934172e-07
0.01359375,-0.335779565,85.190462,-2539.2866,1791.08459,0.175290649,0.00255165153,2.11815006e-06,7.27482806e-08,0.00150917476,9.5609113e-06,0.111946334,1.45997979e-07,7.67764575e-09,9.54854353e-11,1.55177805e-09,1.0240101e-06,4.03872401e-08,0.000879689785,0.0363221876,0.0483891973,0.0990968749,1.30334402e-07,6.77305615e-05,1.04857067e-07,1.17495569e-08,1.19784856e-05,1.09020407e-07,0.00920706712,3.20486239e-06,0.00273819493,6.64268525e-06,0.000409180479,2.00798354e-06,9.50443425e-05,2.0690178e-05,2.21304478e-10,3.54095256e-09,8.17161086e-08,1.29366136e-05,7.94494736e-11,0.000101679439,6.90698178e-09,1.10018622e-07,7.78666692e-09,1.78098459e-09,0.000101294563,1.38593679e-10,9.26563531e-12,6.69731276e-06,9.63580883e-08,2.71963565e-05,1.14354272e-08,0.686478755,-1.49616105e-20,3.60863439e-09,7.06863241e-07,6.75515598e-09,2.25006512e-07
0.0136054687,-0.338514809,85.0637105,-2539.2866,1796.5425,0.174906288,0.00254977812,2.2469867e-06,7.87304066e-08,0.00151757515,1.02960685e-05,0.112104272,1.50260145e-07,7.96722021e-09,1.16528096e-10,1.80901731e-09,1.10715663e-06,4.41116485e-08,0.000898026738,0.0350531577,0.0484502565,0.0992459889,1.39526189e-07,6.93019676e-05,1.1325838e-07,1.23804702e-08,1.20641152e-05,1.1798446e-07,0.00917012351,3.34295701e-06,0.00270327179,6.8417849e-06,0.000395150561,2.14169282e-06,9.58068746e-05,2.10253558e-05,2.49090981e-10,3.7880558e-09,8.66448075e-08,1.29144269e-05,8.48480419e-11,0.000102079416,6.69926321e-09,1.1055767e-07,8.19266439e-09,1.92181182e-09,0.000101267923,1.44548055e-10,1.05434917e-11,6.72027047e-06,9.81198432e-08,2.72217862e-05,1.22151909e-08,0.687436096,-1.49492207e-20,3.71180893e-09,6.8853108e-07,7.01963814e-09,2.30949629e-07
0.0136171875,-0.341251893,84.9358589,-2539.2866,1801.99595,0.174523378,0.00254761749,2.38438297e-06,8.5278573e-08,0.00152635953,1.1092152e-05,0.112260954,1.54747697e-07,8.27493595e-09,1.42378953e-10,2.10972842e-09,1.19706758e-06,4.81769835e-08,0.000916341762,0.0338026105,0.0485096947,0.0993940434,1.49469903e-07,7.09306545e-05,1.22367742e-07,1.30486045e-08,1.21495434e-05,1.27677193e-07,0.00912991676,3.48614781e-06,0.00266672946,7.04237922e-06,0.000381326257,2.28480511e-06,9.65951806e-05,2.13643552e-05,2.81383109e-10,4.06024614e-09,9.18989036e-08,1.28894532e-05,9.06355425e-11,0.000102492538,6.50451998e-09,1.11130865e-07,8.63244664e-09,2.07421677e-09,0.000101230527,1.50897906e-10,1.20042006e-11,6.74328041e-06,9.99328326e-08,2.7245469e-05,1.3053165e-08,0.688383312,-1.49370493e-20,3.81970295e-09,6.70129128e-07,7.29642218e-09,2.37184156e-07
0.0136289062,-0.343990899,84.8069186,-2539.2866,1807.44565,0.174141848,0.00254515607,2.53109012e-06,9.24611883e-08,0.00153555454,1.19553472e-05,0.112416368,1.59481351e-07,8.60234238e-09,1.74212717e-10,2.46171104e-09,1.29437959e-06,5.26179055e-08,0.000934624416,0.0325706217,0.0485674374,0.0995410934,1.60242297e-07,7.26185325e-05,1.32255401e-07,1.375704e-08,1.22346511e-05,1.38163882e-07,0.00908629623,3.63463799e-06,0.00262855191,7.24430311e-06,0.000367716107,2.43809108e-06,9.74092544e-05,2.17066558e-05,3.19016536e-10,4.36068889e-09,9.75053675e-08,1.28615255e-05,9.68469752e-11,0.000102919554,6.32212702e-09,1.11740005e-07,9.1097024e-09,2.23933449e-09,0.00010118199,1.57701741e-10,1.36767248e-11,6.76630553e-06,1.01797846e-07,2.72672818e-05,1.39548626e-08,0.689320503,-1.4925093e-20,3.93262185e-09,6.51673333e-07,7.58639949e-09,2.43723811e-07
0.013640625,-0.346731904,84.6769008,-2539.2866,1812.89228,0.173761638,0.00254237969,2.68794974e-06,1.00358658e-07,0.00154518885,1.28927485e-05,0.112570502,1.64484155e-07,8.95117914e-09,2.13515543e-10,2.87454626e-09,1.39981003e-06,5.74737199e-08,0.000952863489,0.0313572756,0.0486234031,0.0996871971,1.71931943e-07,7.43675892e-05,1.4300144e-07,1.45092786e-08,1.23193096e-05,1.4951818e-07,0.00903910616,3.78862634e-06,0.00258872567,7.44736251e-06,0.000354327406,2.60239406e-06,9.8248966e-05,2.20516808e-05,3.63000939e-10,4.69300821e-09,1.0349388e-07,1.28304648e-05,1.03521585e-10,0.000103361249,6.15148998e-09,1.12386948e-07,9.62856277e-09,2.41845955e-09,0.000101121912,1.65030141e-10,1.55963124e-11,6.7893035e-06,1.0371567e-07,2.72870889e-05,1.49264638e-08,0.690247768,-1.49133481e-20,4.05088513e-09,6.33178693e-07,7.89052992e-09,2.5058295e-07
0.0136640625,-0.352220212,84.4136872,-2539.2866,1823.77811,0.173004933,0.00253584176,3.03485952e-06,1.18577237e-07,0.0015658537,1.50135796e-05,0.112874854,1.75365175e-07,9.71844966e-09,3.20032013e-10,3.92289026e-09,1.63724142e-06,6.85699121e-08,0.00098916396,0.0289871831,0.0487297366,0.0999766461,1.9837137e-07,7.80528547e-05,1.67319381e-07,1.61568311e-08,1.24868048e-05,1.75061882e-07,0.00893364572,4.11330052e-06,0.00250415891,7.85593709e-06,0.000328238366,2.96654496e-06,0.000100003174,2.27476373e-05,4.73553932e-10,5.46513784e-09,1.16707005e-07,1.27584395e-05,1.18396087e-10,0.000104290594,5.84369484e-09,1.1379863e-07,1.08037893e-08,2.8228571e-09,0.000100966161,1.81505963e-10,2.03000287e-11,6.83505664e-06,1.07709429e-07,2.73202644e-05,1.70977418e-08,0.692072407,-1.48904861e-20,4.30414278e-09,5.96134582e-07,8.54326273e-09,2.65291086e-07
0.0136757812,-0.354967586,84.2805123,-2539.2866,1829.21923,0.172628363,0.00253202912,3.22823663e-06,1.29201469e-07,0.00157699982,1.62228571e-05,0.113025068,1.81344859e-07,1.01438803e-08,3.94850377e-10,4.59260801e-09,1.77196428e-06,7.49467849e-08,0.00100720817,0.0278302398,0.0487798117,0.10012031,2.13434023e-07,7.99978699e-05,1.81189979e-07,1.7064679e-08,1.25692449e-05,1.89513582e-07,0.00887478538,4.28542172e-06,0.0024593456,8.06129694e-06,0.000315541235,3.16978291e-06,0.000100917357,2.30967483e-05,5.44883233e-10,5.92044804e-09,1.24050978e-07,1.27167828e-05,1.26743023e-10,0.000104781387,5.70501808e-09,1.14570477e-07,1.14780166e-08,3.05299723e-09,0.000100868956,1.90980743e-10,2.32182625e-11,6.85765673e-06,1.09790058e-07,2.73331026e-05,1.83232454e-08,0.692970524,-1.48793533e-20,4.44045822e-09,5.77597143e-07,8.89703365e-09,2.73198961e-07
0.0136875,-0.357717189,84.1463037,-2539.2866,1834.65955,0.172252915,0.00252783799,3.43621694e-06,1.40983773e-07,0.00158872474,1.75430167e-05,0.113173939,1.87718625e-07,1.05998114e-08,4.8792007e-10,5.38178561e-09,1.91844837e-06,8.19434695e-08,0.00102515993,0.026692365,0.0488277019,0.100263301,2.29878012e-07,8.20128773e-05,1.96326442e-07,1.80341324e-08,1.26506044e-05,2.05194153e-07,0.00881167969,4.46417985e-06,0.00241285646,8.26692464e-06,0.000303080869,3.38829255e-06,0.000101855127,2.34456768e-05,6.29105966e-10,6.4281093e-09,1.31928396e-07,1.26711383e-05,1.3576137e-10,0.000105290444,5.57605352e-09,1.15388163e-07,1.22162753e-08,3.30382724e-09,0.000100758421,2.01430426e-10,2.65833902e-11,6.8799975e-06,1.1192674e-07,2.73432368e-05,1.96514676e-08,0.693859091,-1.48684185e-20,4.58345902e-09,5.5906331e-07,9.27015504e-09,2.81490364e-07
0.0136992187,-0.360469045,84.0110722,-2539.2866,1840.09949,0.171878561,0.00252325028,3.66032135e-06,1.5409262e-07,0.00160107111,1.89871985e-05,0.113321444,1.94527952e-07,1.1089284e-08,6.04218967e-10,6.31420894e-09,2.0779495e-06,8.9630846e-08,0.00104299835,0.025573697,0.0488732795,0.100405702,2.47868034e-07,8.41002363e-05,2.12871688e-07,1.90712148e-08,1.27306729e-05,2.2222692e-07,0.00874414583,4.64986394e-06,0.00236469232,8.47241817e-06,0.000290857627,3.62341279e-06,0.000102815398,2.37935227e-05,7.28933206e-10,6.99536884e-09,1.40387104e-07,1.26212508e-05,1.45522208e-10,0.000105818787,5.45637817e-09,1.1625382e-07,1.30258868e-08,3.57770673e-09,0.000100634052,2.1303893e-10,3.04758866e-11,6.90200149e-06,1.14120344e-07,2.7350443e-05,2.1093636e-08,0.694738199,-1.48576783e-20,4.7334519e-09,5.4053711e-07,9.66428116e-09,2.90182856e-07
0.0137109375,-0.36322316,83.8748284,-2539.2866,1845.53936,0.17150528,0.00251824685,3.90226628e-06,1.68723417e-07,0.00161408539,2.05702254e-05,0.113467559,2.01819886e-07,1.16156987e-08,7.50140257e-10,7.41835062e-09,2.2518686e-06,9.80885332e-08,0.00106069887,0.0244743878,0.0489164046,0.100547601,2.67589794e-07,8.62623572e-05,2.30985522e-07,2.01825918e-08,1.28092121e-05,2.40747917e-07,0.00867199534,4.84281274e-06,0.00231485719,8.67731011e-06,0.000278870427,3.87661382e-06,0.000103796805,2.41393114e-05,8.47694898e-10,7.63056257e-09,1.49479565e-07,1.25668455e-05,1.56105871e-10,0.000106367503,5.34560569e-09,1.17169619e-07,1.39150589e-08,3.8772962e-09,0.000100495316,2.26030713e-10,3.49899381e-11,6.92358212e-06,1.16371783e-07,2.73544726e-05,2.26624757e-08,0.695607936,-1.48471294e-20,4.89071398e-09,5.22019436e-07,1.00813045e-08,2.99294525e-07
0.0137226562,-0.365979518,83.7375829,-2539.2866,1850.97938,0.171133065,0.00251280745,4.16399252e-06,1.85106013e-07,0.00162781834,2.23089956e-05,0.113612255,2.09647651e-07,1.21828721e-08,9.33949907e-10,8.72884079e-09,2.44177429e-06,1.07406459e-07,0.00107823194,0.0233946046,0.0489569228,0.10068909,2.89255448e-07,8.85016736e-05,2.50847819e-07,2.13757071e-08,1.28859495e-05,2.60908455e-07,0.0085950341,5.04338857e-06,0.00226335853,8.88103394e-06,0.000267116806,4.14950697e-06,0.000104797657,2.44819866e-05,9.89500925e-10,8.34328532e-09,1.59263108e-07,1.25076268e-05,1.67603366e-10,0.000106937743,5.24338769e-09,1.18137767e-07,1.4892953e-08,4.20561943e-09,0.000100341649,2.40681219e-10,4.02379377e-11,6.94464282e-06,1.18682012e-07,2.73550497e-05,2.43724145e-08,0.696468389,-1.48367683e-20,5.05546484e-09,5.03508054e-07,1.05233368e-08,3.08843876e-07
0.013734375,-0.368738076,83.5993461,-2539.2866,1856.41965,0.170761919,0.00250691058,4.44769764e-06,2.03512661e-07,0.00164232555,2.42228723e-05,0.113755499,2.18071416e-07,1.27950905e-08,1.16639126e-09,1.02879739e-08,2.64942595e-06,1.17686365e-07,0.00109556163,0.0223345325,0.0489946642,0.100830274,3.13108245e-07,9.08206102e-05,2.72661588e-07,2.2658881e-08,1.29605712e-05,2.82877421e-07,0.00851306224,5.2519655e-06,0.00221020751,9.08289441e-06,0.000255592992,4.4438558e-06,0.000105815899,2.48204051e-05,1.15944505e-09,9.14458358e-09,1.69800127e-07,1.24432768e-05,1.80117946e-10,0.000107530726,5.14941488e-09,1.19160494e-07,1.59697533e-08,4.56612693e-09,0.000100172452,2.57329736e-10,4.63549139e-11,6.96507619e-06,1.21052037e-07,2.73518675e-05,2.62398253e-08,0.697319644,-1.48265919e-20,5.22783808e-09,4.84997647e-07,1.09927217e-08,3.18849676e-07
0.0137460937,-0.371498762,83.4601282,-2539.2866,1861.86013,0.17039186,0.00250053335,4.75587205e-06,2.24267476e-07,0.00165766803,2.63341133e-05,0.113897254,2.271592e-07,1.3457166e-08,1.46148849e-09,1.21475501e-08,2.87679727e-06,1.29043407e-07,0.00111264413,0.0212943757,0.0490294413,0.100971261,3.3942763e-07,9.3221542e-05,2.96656096e-07,2.4041408e-08,1.30327142e-05,3.06843542e-07,0.0084258742,5.46891968e-06,0.00215541932,9.2820366e-06,0.000244293994,4.76158791e-06,0.000106849057,2.51533304e-05,1.36386344e-09,1.00471727e-08,1.81158227e-07,1.2373454e-05,1.93766882e-10,0.000108147752,5.06341824e-09,1.20240039e-07,1.7156734e-08,4.96276565e-09,9.99870836e-05,2.76395519e-10,5.35036224e-11,6.98476304e-06,1.23482918e-07,2.7344585e-05,2.82833034e-08,0.698161782,-1.48165968e-20,5.40784658e-09,4.66479965e-07,1.14920543e-08,3.29330752e-07
0.0137578125,-0.374261468,83.3199394,-2539.2866,1867.30061,0.170022921,0.00249365134,5.091339e-06,2.47758085e-07,0.00167391299,2.86683627e-05,0.11403748,2.36987893e-07,1.41744962e-08,1.83761822e-09,1.43711675e-08,3.12610015e-06,1.41607854e-07,0.00112942591,0.0202743604,0.0490610465,0.101112171,3.68535093e-07,9.57067405e-05,3.23090113e-07,2.55336566e-08,1.31019571e-05,3.33017732e-07,0.00833325871,5.69461783e-06,0.00209901359,9.47741188e-06,0.000233213735,5.104807e-06,0.000107894183,2.54794271e-05,1.61066308e-09,1.10656802e-08,1.93410247e-07,1.22977912e-05,2.0868344e-10,0.000108790203,4.98517018e-09,1.21378638e-07,1.84663153e-08,5.40005811e-09,9.97848561e-05,2.98397996e-10,6.18806976e-11,7.00357141e-06,1.25975782e-07,2.73328222e-05,3.05239789e-08,0.698994885,-1.48067797e-20,5.59533941e-09,4.47944134e-07,1.20242015e-08,3.40305708e-07
0.0137695312,-0.377026041,83.1787898,-2539.2866,1872.7407,0.169655153,0.00248623841,5.45729874e-06,2.7445022e-07,0.00169113459,3.12552255e-05,0.114176128,2.47644408e-07,1.49531266e-08,2.3189422e-09,1.70370761e-08,3.39980869e-06,1.55526891e-07,0.00114584183,0.0192747371,0.0490892496,0.101253136,4.00800886e-07,9.82783064e-05,3.52255301e-07,2.71471692e-08,1.31678104e-05,3.61635532e-07,0.00823499891,5.92940155e-06,0.00204101492,9.66774024e-06,0.000222345215,5.47580477e-06,0.000108947792,2.57972532e-05,1.90973915e-09,1.2216916e-08,2.06634144e-07,1.22158948e-05,2.25019085e-10,0.000109459554,4.91448593e-09,1.22578502e-07,1.99121022e-08,5.88319307e-09,9.95650273e-05,3.23982034e-10,7.17241535e-11,7.02135552e-06,1.28531828e-07,2.73161558e-05,3.29858659e-08,0.699819032,-1.47971373e-20,5.78994915e-09,4.29377155e-07,1.25923226e-08,3.51792558e-07
0.01378125,-0.379792284,83.0366892,-2539.2866,1878.17981,0.169288628,0.00247826658,5.85737661e-06,3.04906257e-07,0.00170941495,3.41289459e-05,0.114313145,2.59226931e-07,1.57998145e-08,2.93732462e-09,2.02417304e-08,3.70068251e-06,1.70966494e-07,0.00116181291,0.0182957831,0.0491137951,0.101394296,4.3665174e-07,0.000100938083,3.84479714e-07,2.88947603e-08,1.32297044e-05,3.92959665e-07,0.00813087253,6.17356537e-06,0.00198145349,9.85146915e-06,0.000211680726,5.87707235e-06,0.000110005798,2.61052521e-05,2.27350557e-09,1.35201695e-08,2.20912665e-07,1.21273433e-05,2.42945908e-10,0.000110157378,4.85122501e-09,1.23841794e-07,2.15088949e-08,6.41813014e-09,9.93267916e-05,3.53949412e-10,8.33225565e-11,7.03795462e-06,1.31152328e-07,2.72941134e-05,3.56962488e-08,0.700634296,-1.47876662e-20,5.99102869e-09,4.10764652e-07,1.31998867e-08,3.63808243e-07
0.0137929687,-0.382559941,82.8936474,-2539.2866,1883.6171,0.16892344,0.00246970577,6.29567497e-06,3.39809242e-07,0.00172884522,3.73292198e-05,0.114448469,2.71846271e-07,1.67220902e-08,3.73489922e-09,2.41042086e-08,4.03178808e-06,1.88113323e-07,0.00117724394,0.0173378055,0.0491343986,0.101535808,4.76579706e-07,0.000103687545,4.20131355e-07,3.07906064e-08,1.3286977e-05,4.27282745e-07,0.00802065224,6.42732525e-06,0.00192036583,1.0026729e-05,0.000201212131,6.31131027e-06,0.00011106344,2.64017423e-05,2.71756843e-09,1.49975309e-08,2.36332746e-07,1.20316862e-05,2.62659266e-10,0.00011088536,4.79529299e-09,1.25170605e-07,2.32726561e-08,7.01172159e-09,9.90692688e-05,3.8929778e-10,9.70263675e-11,7.05319187e-06,1.33838627e-07,2.72661681e-05,3.86861045e-08,0.701440752,-1.47783632e-20,6.19757626e-09,3.92091907e-07,1.38506869e-08,3.76368004e-07
0.0138046875,-0.385328689,82.749674,-2539.2866,1889.05143,0.168559707,0.00246052365,6.77682804e-06,3.79995155e-07,0.0017495269,4.09021924e-05,0.11458203,2.85627261e-07,1.77283121e-08,4.76750491e-09,2.87717804e-08,4.39651577e-06,2.07176577e-07,0.00119202084,0.0164011443,0.0491507426,0.101677839,5.21152472e-07,0.000106527663,4.59621736e-07,3.28503255e-08,1.33388592e-05,4.64930231e-07,0.00790410612,6.690768e-06,0.00185779573,1.01912843e-05,0.000190931207,6.78143536e-06,0.0001121152,2.66849023e-05,3.26157855e-09,1.66742337e-08,2.52984564e-07,1.19284441e-05,2.84380622e-10,0.000111645303,4.74664355e-09,1.26566917e-07,2.52204161e-08,7.67185715e-09,9.87914906e-05,4.31268418e-10,1.1326264e-10,7.06687307e-06,1.36592125e-07,2.72317311e-05,4.19905536e-08,0.702238467,-1.47692248e-20,6.40814487e-09,3.73345258e-07,1.45488416e-08,3.89484572e-07
0.0138164062,-0.388098133,82.6047784,-2539.2866,1894.48138,0.16819758,0.00245068542,7.30605841e-06,4.26498949e-07,0.00177157327,4.49017309e-05,0.114713747,3.00710119e-07,1.88277126e-08,6.1092759e-09,3.44275251e-08,4.79858737e-06,2.28389693e-07,0.0012060079,0.0154861752,0.0491624728,0.101820577,5.71026755e-07,0.000109458719,5.03409152e-07,3.50910471e-08,1.33844587e-05,5.06263533e-07,0.00778099844,6.96375527e-06,0.0017937954,1.03424756e-05,0.000180830077,7.29058075e-06,0.000113154721,2.69527493e-05,3.93030512e-09,1.85790114e-08,2.70960129e-07,1.18171081e-05,3.08360507e-10,0.00011243914,4.70528067e-09,1.28032568e-07,2.73700856e-08,8.40764441e-09,9.84923836e-05,4.8140367e-10,1.32556733e-10,7.07878535e-06,1.39414232e-07,2.71901452e-05,4.56493173e-08,0.703027509,-1.47602477e-20,6.620717e-09,3.54513927e-07,1.52987492e-08,4.03167115e-07
0.013828125,-0.390867786,82.4589697,-2539.2866,1899.90511,0.167837239,0.0024401536,7.88923271e-06,4.80626832e-07,0.00179511119,4.93911471e-05,0.114843528,3.17251561e-07,2.00304459e-08,7.85873308e-09,4.13050444e-08,5.24203911e-06,2.52012031e-07,0.00121904472,0.0145933128,0.0491691919,0.101964222,6.26974561e-07,0.000112480071,5.52000368e-07,3.75315154e-08,1.34227409e-05,5.51678936e-07,0.00765109082,7.2457006e-06,0.00172842677,1.04771328e-05,0.00017090174,7.84207942e-06,0.000114174716,2.72031025e-05,4.75496844e-09,2.07444574e-08,2.903513e-07,1.16971413e-05,3.34881713e-10,0.000113268949,4.67126104e-09,1.29569207e-07,2.97401314e-08,9.22965579e-09,9.81707487e-05,5.41611662e-10,1.55570014e-10,7.08869583e-06,1.42306272e-07,2.71406762e-05,4.9707119e-08,0.703807937,-1.47514282e-20,6.83244697e-09,3.35592438e-07,1.61047929e-08,4.17419833e-07
0.0138515625,-0.396406026,82.1646581,-2539.2866,1910.72716,0.167122513,0.00241689657,9.23659634e-06,6.16723966e-07,0.00184704531,6.00559224e-05,0.115096938,3.55191102e-07,2.27766813e-08,1.29644875e-08,5.97182792e-08,6.26482304e-06,3.07338468e-07,0.00124171564,0.012875396,0.0491663557,0.102254762,7.59876833e-07,0.000118784031,6.65094715e-07,4.30679609e-08,1.34739025e-05,6.55750307e-07,0.00737039418,7.83120067e-06,0.0015938775,1.06856172e-05,0.000151550935,9.08159299e-06,0.000116130993,2.76442523e-05,6.98655024e-09,2.59630656e-08,3.33620139e-07,1.14298313e-05,3.96519939e-10,0.000115041975,4.62545788e-09,1.32856956e-07,3.51910397e-08,1.11673138e-08,9.74565415e-05,6.98910753e-10,2.15171718e-10,7.10178911e-06,1.48299567e-07,2.70158514e-05,5.91568133e-08,0.705342805,-1.47342531e-20,7.23971067e-09,2.97509543e-07,1.78899649e-08,4.47602808e-07
0.013875,-0.401936705,81.8668206,-2539.2866,1921.49211,0.166418043,0.00239035359,1.08858403e-05,8.06028923e-07,0.00190683358,7.36419157e-05,0.115341249,4.01270852e-07,2.60762681e-08,2.16694897e-08,8.71002595e-08,7.50482702e-06,3.75806508e-07,0.00125821803,0.0112512599,0.0491375823,0.102551828,9.28659537e-07,0.000125410494,8.04050335e-07,4.96452789e-08,1.34800588e-05,7.8120453e-07,0.0070598208,8.44142761e-06,0.00145488073,1.07832633e-05,0.000132828669,1.05358195e-05,0.000117899666,2.79857615e-05,1.04106396e-08,3.27063987e-08,3.83563076e-07,1.11211026e-05,4.72520696e-10,0.000116986861,4.61088495e-09,1.36440803e-07,4.17578392e-08,1.36076194e-08,9.66344113e-05,9.29522526e-10,3.00340269e-10,7.10360926e-06,1.54584769e-07,2.68487961e-05,7.0851321e-08,0.706843984,-1.47176611e-20,7.59428442e-09,2.5915352e-07,1.99569611e-08,4.79926072e-07
0.0138984375,-0.40745147,81.5655215,-2539.2866,1932.16683,0.165726863,0.00236011778,1.29101614e-05,1.07397129e-06,0.00197620074,9.10435444e-05,0.115575247,4.57478807e-07,3.00389523e-08,3.64362042e-08,1.27805792e-07,8.99737058e-06,4.60026433e-07,0.00126646693,0.00972549364,0.0490775227,0.102857854,1.14374342e-06,0.000132295793,9.7367447e-07,5.74320183e-08,1.34270493e-05,9.31626732e-07,0.00671759798,9.06002888e-06,0.0013123878,1.07331989e-05,0.000114740618,1.22401752e-05,0.000119383799,2.82031994e-05,1.56677689e-08,4.13856437e-08,4.40650592e-07,1.0765935e-05,5.66497972e-10,0.000119126576,4.63023464e-09,1.40322263e-07,4.95911578e-08,1.66930297e-08,9.56872375e-05,1.26782516e-09,4.21826146e-10,7.0914344e-06,1.61165358e-07,2.66300974e-05,8.53484721e-08,0.70831176,-1.47016211e-20,7.8463131e-09,2.20801798e-07,2.23442262e-08,5.14059212e-07
0.0139101562,-0.410198606,81.4135888,-2539.2866,1937.45326,0.165387822,0.00234343622,1.40959688e-05,1.25171446e-06,0.00201534617,0.000101609998,0.115687825,4.90311224e-07,3.23152982e-08,4.76059029e-08,1.55236936e-07,9.85092515e-06,5.0904621e-07,0.00126655708,0.00900142664,0.0490331116,0.103015413,1.2732577e-06,0.000135795247,1.0718902e-06,6.18443016e-08,1.337173e-05,1.0178861e-06,0.00653390048,9.365716e-06,0.00124026613,1.06381447e-05,0.000105953874,1.32021597e-05,0.000119973616,2.8254666e-05,1.93488825e-08,4.66338318e-08,4.71933601e-07,1.05689145e-05,6.21835228e-10,0.000120280318,4.65425029e-09,1.42373217e-07,5.40342436e-08,1.85455967e-08,9.51575318e-05,1.49611338e-09,5.01433743e-10,7.0788448e-06,1.64567099e-07,2.6496864e-05,9.3910175e-08,0.709033329,-1.46937949e-20,7.91408841e-09,2.01807531e-07,2.36840891e-08,5.31572469e-07
0.013921875,-0.412937163,81.2608073,-2539.2866,1942.69858,0.165053736,0.00232565103,1.54095709e-05,1.46643431e-06,0.00205779606,0.000113607207,0.115797207,5.26618047e-07,3.48011444e-08,6.20620741e-08,1.88543887e-07,1.07774457e-05,5.62911245e-07,0.0012635929,0.00830406279,0.0489781021,0.103176369,1.41944677e-06,0.000139310047,1.17935493e-06,6.66099892e-08,1.32946905e-05,1.11161242e-06,0.00634170988,9.66190906e-06,0.00116777376,1.04910861e-05,9.73573571e-05,1.42416454e-05,0.000120443945,2.82635181e-05,2.38998076e-08,5.25515715e-08,5.04984833e-07,1.03584022e-05,6.83369796e-10,0.000121493461,4.6884635e-09,1.44494879e-07,5.8832178e-08,2.06318323e-08,9.45868257e-05,1.77067275e-09,5.96042112e-10,7.06147027e-06,1.68038636e-07,2.63460872e-05,1.03437857e-07,0.709746562,-1.45342656e-20,7.93205048e-09,1.83045449e-07,2.51174001e-08,5.4924528e-07
0.0139335937,-0.415665111,81.1071834,-2539.2866,1947.89459,0.164725312,0.00230669557,1.68638973e-05,1.72760836e-06,0.00210393824,0.000127244118,0.115903138,5.66754385e-07,3.75091715e-08,8.07445011e-08,2.28900638e-07,1.17774616e-05,6.21813614e-07,0.00125720202,0.00763412517,0.0489113345,0.10334117,1.58433572e-06,0.000142813516,1.29633336e-06,7.17353832e-08,1.3193253e-05,1.2130488e-06,0.00614091303,9.9421758e-06,0.00109512862,1.02874572e-05,8.89714783e-05,1.53634514e-05,0.000120775254,2.82251015e-05,2.95213888e-08,5.92046619e-08,5.39708671e-07,1.01338626e-05,7.51756825e-10,0.00012277004,4.73364113e-09,1.46684183e-07,6.39862612e-08,2.29815824e-08,9.39707297e-05,2.09947208e-09,7.08253808e-10,7.03881383e-06,1.71575144e-07,2.61759522e-05,1.14031688e-07,0.710451457,-1.43766582e-20,7.8912699e-09,1.64633933e-07,2.66462181e-08,5.66909091e-07
0.0139453125,-0.418380142,80.9527232,-2539.2866,1953.03195,0.164403348,0.00228650053,1.84724251e-05,2.04712748e-06,0.00215421554,0.000142753106,0.116005337,6.11093445e-07,4.04504305e-08,1.0479445e-07,2.77602176e-07,1.2849531e-05,6.85843338e-07,0.00124701519,0.00699233416,0.0488315021,0.103510293,1.76999988e-06,0.000146273045,1.42287942e-06,7.72181359e-08,1.30646334e-05,1.32228934e-06,0.00593144708,1.01995882e-05,0.00102257227,1.00236527e-05,8.08207162e-05,1.65723708e-05,0.000120946341,2.81344774e-05,3.6448902e-08,6.66574294e-08,5.75956797e-07,9.89482569e-06,8.27684186e-10,0.00012411438,4.79067928e-09,1.48937121e-07,6.94922378e-08,2.56268769e-08,9.33040842e-05,2.49073107e-09,8.40804558e-10,7.01033524e-06,1.75169784e-07,2.59844947e-05,1.25796479e-07,0.711148006,-1.42209447e-20,7.78393317e-09,1.46704523e-07,2.82716223e-08,5.84352212e-07
0.0139570312,-0.421079638,80.7974321,-2539.2866,1958.10006,0.164088738,0.00226499449,2.02489981e-05,2.44011427e-06,0.00220913401,0.000160392852,0.1161035,6.60019782e-07,4.3633428e-08,1.35575842e-07,3.36061664e-07,1.39895689e-05,7.54950156e-07,0.00123267715,0.00637939294,0.0487371349,0.103684246,1.978525e-06,0.000149649251,1.55874989e-06,8.30441181e-08,1.29059969e-05,1.43921187e-06,0.00571331296,1.04264412e-05,0.00095037041,9.69732555e-06,7.29334511e-05,1.78728996e-05,0.000120934305,2.79863997e-05,4.49536634e-08,7.49699188e-08,6.13519571e-07,9.64091029e-06,9.11864111e-10,0.000125531102,4.86062181e-09,1.51248667e-07,7.53388837e-08,2.86016208e-08,9.25808349e-05,2.95233499e-09,9.96526943e-10,6.97544765e-06,1.7881298e-07,2.57696069e-05,1.38839722e-07,0.711836188,-1.40670971e-20,7.60372459e-09,1.29399083e-07,2.9992651e-08,6.01312644e-07
0.01396875,-0.423760649,80.641315,-2539.2866,1963.08695,0.16378248,0.00224210455,2.22075928e-05,2.92590732e-06,0.0022692723,0.000180450499,0.116197295,7.13920802e-07,4.70631619e-08,1.74682043e-07,4.05771132e-07,1.51902114e-05,8.28902693e-07,0.00121386023,0.0057959699,0.0486265828,0.103863563,2.21192095e-06,0.000152895228,1.70332346e-06,8.91843551e-08,1.27145353e-05,1.56341914e-06,0.00548659052,1.06142726e-05,0.00087881244,9.30773188e-06,6.53414099e-05,1.92689261e-05,0.000120714559,2.77753385e-05,5.53419771e-08,8.41943333e-08,6.52118283e-07,9.37185019e-06,1.00502185e-09,0.00012702512,4.94468458e-09,1.53612712e-07,8.15068797e-08,3.19409401e-08,9.17939082e-05,3.49102912e-09,1.17823477e-09,6.93351395e-06,1.82491702e-07,2.55290487e-05,1.53269291e-07,0.712515977,-1.3915087e-20,7.34652962e-09,1.12864942e-07,3.18056652e-08,6.17471538e-07
0.0139804687,-0.426419866,80.4843761,-2539.2866,1967.97918,0.163485682,0.00221775723,2.43620292e-05,3.5293031e-06,0.00233529229,0.000203243271,0.116286366,7.73176034e-07,5.07401367e-08,2.23919316e-07,4.88232774e-07,1.64402107e-05,9.07245943e-07,0.00119028013,0.0052426782,0.0484979993,0.104048797,2.47199912e-06,0.000155955934,1.85551953e-06,9.55918552e-08,1.24875666e-05,1.69417456e-06,0.0052514556,1.07540354e-05,0.000808210094,8.85606263e-06,5.80787374e-05,2.07633265e-05,0.000120260894,2.74955433e-05,6.79500755e-08,9.43707116e-08,6.91398755e-07,9.08752145e-06,1.10788114e-09,0.000128601621,5.04428598e-09,1.56022034e-07,8.79679705e-08,3.56800965e-08,9.09350947e-05,4.11132247e-09,1.38854087e-09,6.88384303e-06,1.86188714e-07,2.52604667e-05,1.6919061e-07,0.713187338,-1.37648857e-20,7.01118655e-09,9.72483678e-08,3.37036406e-08,6.32447792e-07
0.0139921875,-0.429053606,80.3266187,-2539.2866,1972.76176,0.163199567,0.00219187941,2.67256208e-05,4.28213984e-06,0.00240795095,0.000229119621,0.116370326,8.38143791e-07,5.46594155e-08,2.85255765e-07,5.84857262e-07,1.77239022e-05,9.89259709e-07,0.00116171335,0.00472005335,0.048349326,0.104240514,2.76021165e-06,0.000158767778,2.01372101e-06,1.02198527e-07,1.22226527e-05,1.83033461e-06,0.00500819894,1.08363871e-05,0.000738894966,8.34571681e-06,5.11807246e-05,2.23574238e-05,0.000119545606,2.71411474e-05,8.31334877e-08,1.05521886e-07,7.30926901e-07,8.78797099e-06,1.22114639e-09,0.000130266031,5.16108509e-09,1.58468298e-07,9.46844361e-08,3.98528615e-08,8.99949562e-05,4.81410018e-09,1.62961103e-09,6.82568616e-06,1.89881783e-07,2.49614226e-05,1.8670316e-07,0.713850227,-1.36164641e-20,6.600146e-09,8.26868906e-08,3.5675322e-08,6.45794667e-07
0.0140039062,-0.431657784,80.1680456,-2539.2866,1977.41805,0.162925477,0.00216439964,2.9310765e-05,5.22531387e-06,0.00248811366,0.000258459854,0.116448761,9.09145046e-07,5.88097913e-08,3.60723156e-07,6.96825466e-07,1.90208065e-05,1.0739218e-06,0.00112801551,0.00422852931,0.0481782792,0.104439278,3.07745023e-06,0.000161258515,2.17570858e-06,1.08912494e-07,1.19177353e-05,1.97028298e-06,0.00475724665,1.08520838e-05,0.000671214794,7.7824711e-06,4.46822471e-05,2.40502702e-05,0.000118539723,2.67063158e-05,1.01249143e-07,1.17647838e-07,7.7018692e-07,8.47344517e-06,1.34548123e-09,0.000132023948,5.29702888e-09,1.60942101e-07,1.01608923e-07,4.44892268e-08,8.89627744e-05,5.59500483e-09,1.9028558e-09,6.75823406e-06,1.93542865e-07,2.46294318e-05,2.05896278e-07,0.714504597,-1.34697931e-20,6.11991568e-09,6.93010918e-08,3.77042259e-08,6.56999625e-07
0.014015625,-0.434227908,80.0086586,-2539.2866,1981.92972,0.162664876,0.00213524956,3.21284752e-05,6.41132621e-06,0.00257676877,0.000291676128,0.116521225,9.86444598e-07,6.31731875e-08,4.52259338e-07,8.24912983e-07,2.03054426e-05,1.15988073e-06,0.00108913955,0.00376841422,0.04798234,0.104645635,3.4238045e-06,0.000163347542,2.33861616e-06,1.15616181e-07,1.15712822e-05,2.11187267e-06,0.00449918175,1.07924738e-05,0.000605528374,7.17450535e-06,3.86159977e-05,2.58377126e-05,0.000117213352,2.61854408e-05,1.22628643e-07,1.30719671e-07,8.08582833e-07,8.14441746e-06,1.48148373e-09,0.00013388105,5.45440959e-09,1.63433075e-07,1.08684668e-07,4.9612339e-08,8.78265675e-05,6.44272734e-09,2.2085684e-09,6.68061498e-06,1.97137297e-07,2.42620135e-05,2.26844176e-07,0.715150396,-1.33248428e-20,5.58117623e-09,5.71866623e-08,3.97674936e-08,6.65488897e-07
0.0140273437,-0.436759063,79.8484582,-2539.2866,1986.2767,0.162419351,0.00210436554,3.51878598e-05,7.9074594e-06,0.00267504357,0.000329211658,0.116587238,1.07022985e-06,6.77244139e-08,5.61482298e-07,9.69281871e-07,2.15474334e-05,1.24544303e-06,0.00104515251,0.00333986671,0.0477587492,0.104860091,3.79828411e-06,0.000164946715,2.49891818e-06,1.22165607e-07,1.11824386e-05,2.25238388e-06,0.00423476604,1.06500741e-05,0.000542199039,6.53225156e-06,3.30106273e-05,2.77112111e-05,0.000115536206,2.55733868e-05,1.47541658e-07,1.44673516e-07,8.45444038e-07,7.80161348e-06,1.6296582e-09,0.000135842941,5.63593311e-09,1.65930052e-07,1.15846141e-07,5.52345833e-08,8.65731984e-05,7.33744641e-09,2.54552692e-09,6.59189481e-06,2.00623045e-07,2.38567524e-05,2.49600137e-07,0.715787572,-1.31815833e-20,4.99847886e-09,4.6407575e-08,4.18346182e-08,6.70638471e-07
0.0140390625,-0.439245913,79.6874445,-2539.2866,1990.43717,0.16219061,0.00207169061,3.84955541e-05,9.79967112e-06,0.00278422134,0.000371538898,0.116646281,1.16058785e-06,7.2431409e-08,6.89394361e-07,1.12925074e-06,2.27119763e-05,1.32858062e-06,0.000996249786,0.00294287428,0.0475045107,0.105083091,4.19851422e-06,0.00016596177,2.65245919e-06,1.28391315e-07,1.07511749e-05,2.38850706e-06,0.00396496122,1.04192039e-05,0.000481586659,5.86804928e-06,2.78889308e-05,2.96563946e-05,0.000113478341,2.4865785e-05,1.76149462e-07,1.59404819e-07,8.80035468e-07,7.44603218e-06,1.79038408e-09,0.000137914951,5.84479804e-09,1.68421308e-07,1.23020079e-07,6.13528231e-08,8.51886078e-05,8.24975637e-09,2.91059135e-09,6.49108016e-06,2.03950069e-07,2.34113731e-05,2.74189762e-07,0.716416075,-1.30399843e-20,4.38948506e-09,3.6991202e-08,4.38661074e-08,6.7179326e-07
0.0140507812,-0.44168271,79.5256158,-2539.2866,1994.38755,0.161980483,0.00203717659,4.2055117e-05,1.21972507e-05,0.00290575911,0.000419156325,0.116697788,1.25748174e-06,7.72560933e-08,8.36027479e-07,1.30306243e-06,2.37607371e-05,1.40696275e-06,0.00094276525,0.00257723478,0.0472164038,0.10531498,4.6204205e-06,0.000166294451,2.79453537e-06,1.34101368e-07,1.02784183e-05,2.51636179e-06,0.00369094767,1.00966307e-05,0.000424038247,5.19561037e-06,2.32662292e-05,3.16513768e-05,0.000111011176,2.40593753e-05,2.08450338e-07,1.7476355e-07,9.11572791e-07,7.07896114e-06,1.96388224e-09,0.00014010186,6.08478381e-09,1.70894873e-07,1.30126869e-07,6.79429323e-08,8.36581956e-05,9.14049801e-09,3.29833827e-09,6.37712628e-06,2.07059871e-07,2.29238259e-05,3.00603141e-07,0.717035859,-1.29000151e-20,3.77377744e-09,2.89260372e-08,4.58122043e-08,6.68296021e-07
0.0140625,-0.444063306,79.3629698,-2539.2866,1998.10263,0.161790909,0.00200078652,4.58664024e-05,1.52382e-05,0.00304130583,0.000472583335,0.116741139,1.36072796e-06,8.21559242e-08,1.00005797e-06,1.48767671e-06,2.46531953e-05,1.47801606e-06,0.000885176078,0.00224254238,0.0468910096,0.105555969,5.05792803e-06,0.000165845399,2.92003484e-06,1.39086715e-07,9.76616131e-06,2.63156256e-06,0.00341413905,9.68217465e-06,0.00036987735,4.52932094e-06,1.91490965e-05,3.36649115e-05,0.000108108841,2.31523879e-05,2.44220935e-07,1.90550965e-07,9.39242841e-07,6.70198451e-06,2.15017963e-09,0.000142407541,6.36034353e-09,1.73338931e-07,1.37082167e-07,7.4953943e-08,8.19673711e-05,9.96191819e-09,3.70078706e-09,6.24895161e-06,2.09885347e-07,2.23923822e-05,3.28785734e-07,0.717646888,-1.27616448e-20,3.17135026e-09,2.21624116e-08,4.7611878e-08,6.5952703e-07
0.0140742187,-0.446381195,79.1995024,-2539.2866,2001.55565,0.161623931,0.00196249737,4.99249265e-05,1.90951528e-05,0.0031927198,0.000532352564,0.116775647,1.46997632e-06,8.70861942e-08,1.17843987e-06,1.67862315e-06,2.53484299e-05,1.53901432e-06,0.000824101052,0.001938179,0.046524754,0.10580609,5.5027067e-06,0.000164517842,3.02363986e-06,1.43129111e-07,9.21753239e-06,2.72934235e-06,0.00313619011,9.17920007e-06,0.00031939258,3.88343215e-06,1.55345601e-05,3.5654561e-05,0.000104749899,2.21449545e-05,2.8296047e-07,2.06518582e-07,9.62229224e-07,6.31698176e-06,2.34907309e-09,0.000144834513,6.67669427e-09,1.75742279e-07,1.43798592e-07,8.23023631e-08,8.01022789e-05,1.06604895e-08,4.10727842e-09,6.10546192e-06,2.12351012e-07,2.18157392e-05,3.58627755e-07,0.718249138,-1.26248422e-20,2.60095937e-09,1.66162199e-08,4.91924147e-08,6.44954473e-07
0.0140859375,-0.448629561,79.0352084,-2539.2866,2004.71855,0.161481675,0.00192230295,5.42212502e-05,2.39814213e-05,0.00336208447,0.000598998796,0.116800543,1.58469538e-06,9.20030443e-08,1.36612652e-06,1.86995365e-06,2.58072953e-05,1.58719719e-06,0.000760291492,0.00166331213,0.0461139703,0.106065147,5.94400526e-06,0.000162222108,3.10008909e-06,1.46011535e-07,8.63682372e-06,2.80474298e-06,0.0028589946,8.59492328e-06,0.000272825815,3.27121217e-06,1.24098681e-05,3.75651711e-05,0.000100919457,2.10395306e-05,3.23847436e-07,2.22370009e-07,9.7974267e-07,5.92611571e-06,2.56009385e-09,0.000147383406,7.03989308e-09,1.78094841e-07,1.50187322e-07,8.98674731e-08,7.80506847e-05,1.11814915e-08,4.50456655e-09,5.94558714e-06,2.14373745e-07,2.11931298e-05,3.89951922e-07,0.718842605,-1.24895759e-20,2.07855681e-09,1.21752817e-08,5.04700799e-08,6.2419387e-07
0.0140976562,-0.450801358,78.8700812,-2539.2866,2007.56227,0.16136633,0.00188021713,5.87404101e-05,3.01564497e-05,0.00355172095,0.000673043462,0.116814962,1.70416627e-06,9.68670719e-08,1.55596477e-06,2.05433491e-06,2.59948896e-05,1.61991509e-06,0.000694614322,0.00141689939,0.0456549873,0.106332662,6.36862538e-06,0.00015888095,3.144492e-06,1.47530844e-07,8.02946705e-06,2.85287684e-06,0.00258467003,7.94046391e-06,0.000230360786,2.70414377e-06,9.75286426e-06,3.93280933e-05,9.66116431e-05,1.98413041e-05,3.6572047e-07,2.37766172e-07,9.91055313e-07,5.53180874e-06,2.78247449e-09,0.000150052344,7.45688294e-09,1.80388217e-07,1.56159366e-07,9.74886351e-08,7.58029851e-05,1.14750916e-08,4.87717937e-09,5.76833443e-06,2.1586415e-07,2.05244352e-05,4.22499724e-07,0.719427305,-1.23558146e-20,1.61603926e-09,8.70761425e-09,5.13524387e-08,5.97072582e-07
0.014109375,-0.45288942,78.7041128,-2539.2866,2010.05721,0.16128011,0.00183627724,6.34614375e-05,3.79295846e-05,0.00376419518,0.000754973768,0.116817928,1.82748863e-06,1.01647317e-07,1.73884752e-06,2.22331507e-06,2.58831817e-05,1.63479464e-06,0.000628027237,0.00119769986,0.0451442441,0.106607822,6.76109531e-06,0.000154435659,3.1526807e-06,1.4751207e-07,7.4019547e-06,2.86925799e-06,0.00231552533,7.23058499e-06,0.000192112916,2.19125258e-06,7.53295466e-06,4.08617276e-05,9.18323426e-05,1.85585552e-05,4.07095327e-07,2.52334273e-07,9.9553765e-07,5.13670612e-06,3.01512096e-09,0.000152836279,7.93548836e-09,1.82616234e-07,1.61626361e-07,1.04965784e-07,7.33532776e-05,1.15032177e-08,5.20808433e-09,5.57286044e-06,2.16728655e-07,1.98102956e-05,4.55916911e-07,0.720003282,-1.22235266e-20,1.22049551e-09,6.07065065e-09,5.17429592e-08,5.63692693e-07
0.0141210937,-0.45488661,78.5372937,-2539.2866,2012.17389,0.161225215,0.00179054744,6.83570164e-05,4.7660707e-05,0.00400231743,0.000845215705,0.116808338,1.95360299e-06,1.06325304e-07,1.90419168e-06,2.36778544e-06,2.54536242e-05,1.62991733e-06,0.000561546458,0.001004292,0.0445784336,0.106889422,7.10410762e-06,0.00014885285,3.12157743e-06,1.45823512e-07,6.76170395e-06,2.85018985e-06,0.00205400853,6.48309269e-06,0.000158121399,1.73863986e-06,5.7125913e-06,4.20740346e-05,8.66019909e-05,1.72029229e-05,4.46227472e-07,2.65680601e-07,9.92696408e-07,4.74362624e-06,3.25659265e-09,0.000155726307,8.4843378e-09,1.84775469e-07,1.66500821e-07,1.12064221e-07,7.07004013e-05,1.12460911e-08,5.47967054e-09,5.35856465e-06,2.16872429e-07,1.90522156e-05,4.89739769e-07,0.72057061,-1.20926806e-20,8.94053139e-10,4.12035916e-09,5.15483757e-08,5.24482765e-07
0.0141328125,-0.45678601,78.3696128,-2539.2866,2013.88373,0.161203766,0.00174312205,7.33933448e-05,5.97560236e-05,0.00426913136,0.000944100804,0.116784954,2.08133403e-06,1.10898735e-07,2.04076493e-06,2.47863616e-06,2.46995486e-05,1.60400093e-06,0.000496208163,0.000835097314,0.0439546761,0.107175818,7.37928139e-06,0.000142131688,3.0495479e-06,1.42391428e-07,6.11686566e-06,2.79318286e-06,0.00180263208,5.71790513e-06,0.000128344458,1.34927038e-06,4.24914538e-06,4.28675914e-05,8.09581153e-05,1.57895197e-05,4.81224125e-07,2.77406925e-07,9.82211048e-07,4.35549809e-06,3.50509438e-09,0.000158709037,9.11269103e-09,1.86865708e-07,1.70695935e-07,1.18524511e-07,6.78488465e-05,1.0707044e-08,5.67502035e-09,5.12520281e-06,2.16203172e-07,1.82526564e-05,5.23384869e-07,0.721129396,-1.19632452e-20,6.34316403e-10,2.71930727e-09,5.06888574e-08,4.80226887e-07
0.0141445312,-0.458581161,78.201058,-2539.2866,2015.1601,0.161217736,0.00169412831,7.85302649e-05,7.46573453e-05,0.00456788989,0.00105182745,0.116746405,2.20945887e-06,1.15384349e-07,2.13781813e-06,2.54757319e-06,2.36281019e-05,1.55657036e-06,0.000433025282,0.00068840882,0.043270717,0.107464885,7.5682896e-06,0.000134311046,2.93670333e-06,1.37212858e-07,5.47607918e-06,2.69735917e-06,0.00156387602,4.95584604e-06,0.000102658642,1.02303437e-06,3.09700807e-06,4.31474764e-05,7.49571933e-05,1.43368315e-05,5.10200829e-07,2.87129869e-07,9.63966098e-07,3.97528722e-06,3.75848433e-09,0.000161766081,9.8301545e-09,1.88890325e-07,1.74125244e-07,1.24077699e-07,6.48094211e-05,9.91431317e-09,5.77939537e-09,4.87301483e-06,2.14635745e-07,1.74151083e-05,5.56146085e-07,0.721679782,-1.18351894e-20,4.352822e-10,1.74294909e-09,4.91102793e-08,4.32059188e-07
0.01415625,-0.460266335,78.0316158,-2539.2866,2015.9795,0.161268864,0.0016437284,8.37217299e-05,9.28236599e-05,0.00490201526,0.00116841898,0.11669119,2.3368024e-06,1.19819469e-07,2.1863996e-06,2.56802554e-06,2.22614479e-05,1.48810001e-06,0.000372942064,0.00056242324,0.0425251398,0.107753997,7.65434722e-06,0.000125475748,2.78510788e-06,1.30364844e-07,4.84817802e-06,2.56378585e-06,0.00134007237,4.2172662e-06,8.08626786e-05,7.57068211e-07,2.20973768e-06,4.28317067e-05,6.8675324e-05,1.28663389e-05,5.31467131e-07,2.94502242e-07,9.38076126e-07,3.60591242e-06,4.01430165e-09,0.000164873773,1.06462801e-08,1.90856554e-07,1.76702744e-07,1.28465093e-07,6.1599574e-05,8.91897705e-09,5.78180642e-09,4.60285625e-06,2.12097506e-07,1.65441335e-05,5.87203362e-07,0.722221945,-1.17084827e-20,2.88544126e-10,1.08374039e-09,4.67969069e-08,3.81414794e-07
0.0141679687,-0.461836851,77.8612719,-2539.2866,2016.32291,0.161358558,0.0015921201,8.89166541e-05,0.000114704821,0.00527504197,0.00129368231,0.116617709,2.46235862e-06,1.24261785e-07,2.18065179e-06,2.53603107e-06,2.06369349e-05,1.40010505e-06,0.00031678949,0.000455275559,0.0417175804,0.10804002,7.62398056e-06,0.000115760655,2.59884614e-06,1.22008241e-07,4.24185325e-06,2.39566862e-06,0.00113327821,3.5206365e-06,6.268605e-05,5.46284977e-07,1.54207514e-06,4.18631691e-05,6.22072149e-05,1.14018109e-05,5.43716052e-07,2.99234884e-07,9.04899959e-07,3.25015659e-06,4.26981658e-09,0.000168003192,1.15700602e-08,1.92775652e-07,1.78344109e-07,1.31460826e-07,5.82433012e-05,7.78901999e-09,5.67648049e-09,4.31631561e-06,2.08534083e-07,1.56453665e-05,6.15647416e-07,0.722756094,-1.1583095e-20,1.84563707e-10,6.53033101e-10,4.37818778e-08,3.29934555e-07
0.0141796875,-0.463289377,77.6900112,-2539.2866,2016.17715,0.161487797,0.00153953577,9.40601649e-05,0.000140708696,0.00569054217,0.00142717242,0.116524295,2.58543074e-06,1.28787076e-07,2.1188449e-06,2.45095656e-06,1.8805951e-05,1.29515628e-06,0.000265245183,0.000365074761,0.0408489205,0.108319341,7.46889761e-06,0.000105351066,2.38391143e-06,1.12384459e-07,3.66528716e-06,2.19834045e-06,0.000945149103,2.88127952e-06,4.78019177e-05,3.84041075e-07,1.05167222e-06,4.02211644e-05,5.56631135e-05,9.96825945e-06,5.46186035e-07,3.01117246e-07,8.6504105e-07,2.91057635e-06,4.52210377e-09,0.000171120574,1.26093524e-08,1.94662971e-07,1.78969708e-07,1.32894351e-07,5.47705947e-05,6.60047401e-09,5.46399518e-09,4.01579535e-06,2.03915133e-07,1.47254611e-05,6.40522795e-07,0.723282463,-1.14589974e-20,1.13806996e-10,3.8100381e-10,4.01524229e-08,2.79330435e-07
0.0141914063,-0.464622219,77.5178183,-2539.2866,2015.53607,0.161657046,0.00148623912,9.90952251e-05,0.000171164855,0.00615203587,0.00156816865,0.116409265,2.70577579e-06,1.33484792e-07,2.00390923e-06,2.31589746e-06,1.68312866e-05,1.17679471e-06,0.000218801719,0.000289939429,0.0399214345,0.108587915,7.18767416e-06,9.44779742e-05,2.14789209e-06,1.01804108e-07,3.12577692e-06,1.97900048e-06,0.000776827962,2.31040455e-06,3.58434946e-05,2.62851156e-07,7.00416059e-07,3.79301026e-05,4.91635826e-05,8.59059478e-06,5.38764446e-07,3.00034652e-07,8.19331667e-07,2.58941597e-06,4.76813656e-09,0.000174188169,1.37702908e-08,1.96537931e-07,1.78509779e-07,1.32669393e-07,5.12164441e-05,5.42739136e-09,5.15184164e-09,3.70453172e-06,1.98239489e-07,1.37919706e-05,6.60888458e-07,0.723801312,-1.13361615e-20,6.7604183e-11,2.15079235e-10,3.60472419e-08,2.31228924e-07
0.014203125,-0.465835536,77.344678,-2539.2866,2014.4015,0.161866181,0.00143251961,0.000103964541,0.00020628939,0.00666289014,0.00171566869,0.116270986,2.82373208e-06,1.38451708e-07,1.84330104e-06,2.13762935e-06,1.47830315e-05,1.04933238e-06,0.000177747025,0.000228031983,0.0389388637,0.108841353,6.78689986e-06,8.34072565e-05,1.89946165e-06,9.0627546e-08,2.62937673e-06,1.74619834e-06,0.000628865118,1.81457642e-06,2.64224865e-05,1.75064118e-07,4.55284662e-07,3.50628957e-05,4.28324113e-05,7.29209221e-06,5.22010104e-07,2.95980144e-07,7.68800123e-07,2.28853182e-06,5.00489673e-09,0.000177165525,1.50567526e-08,1.98423921e-07,1.76911606e-07,1.30775933e-07,4.7619449e-05,4.3327417e-09,4.75422163e-09,3.38653333e-06,1.91538973e-07,1.28531568e-05,6.75890705e-07,0.724312909,-1.12145605e-20,3.86694972e-11,1.17415723e-10,3.16450006e-08,1.87017905e-07
0.0142148437,-0.466931445,77.1705756,-2539.2866,2012.78364,0.16211446,0.00137868458,0.000108612621,0.000246156203,0.00722621435,0.00186840464,0.116107938,2.94030288e-06,1.43784224e-07,1.64816909e-06,1.92605235e-06,1.27333188e-05,9.17544573e-07,0.000142159546,0.000177590291,0.0379063951,0.109075034,6.28143798e-06,7.24229548e-05,1.64771641e-06,7.92387929e-08,2.18059436e-06,1.50911164e-06,0.000501183322,1.39568503e-06,1.91478916e-05,1.13427491e-07,2.88723975e-07,3.17373745e-05,3.67883726e-05,6.09284179e-06,4.97087308e-07,2.89059092e-07,7.14622219e-07,2.00933335e-06,5.22949106e-09,0.00018001114,1.6469953e-08,2.00348118e-07,1.74147843e-07,1.27292711e-07,4.4020145e-05,3.36205225e-09,4.29099205e-09,3.06642746e-06,1.83880187e-07,1.19177277e-05,6.84839162e-07,0.724817532,-1.10941687e-20,2.12957355e-11,6.1973267e-11,2.71452207e-08,1.47724624e-07
0.0142265625,-0.467913992,76.9954977,-2539.2866,2010.70097,0.162400526,0.00132504933,0.000112987804,0.000290679614,0.0078447598,0.00202488225,0.115918786,3.0571704e-06,1.49570147e-07,1.43194771e-06,1.69317344e-06,1.07505431e-05,7.8628347e-07,0.000111919241,0.000136955439,0.0368305323,0.109284239,5.69357244e-06,6.18062356e-05,1.40143998e-06,6.80157344e-08,1.78217986e-06,1.27671624e-06,0.000393095419,1.05139923e-06,1.36433717e-05,7.14931155e-08,1.78590466e-07,2.81055397e-05,3.11368873e-05,5.00839186e-06,4.65621967e-07,2.79485334e-07,6.58060401e-07,1.75274563e-06,5.43926419e-09,0.000182684349,1.80082297e-08,2.02341206e-07,1.70224552e-07,1.22379435e-07,4.04591812e-05,2.54079909e-09,3.7858305e-09,2.74921934e-06,1.75363711e-07,1.09945168e-05,6.87273963e-07,0.725315454,-1.09749623e-20,1.1293455e-11,3.1626103e-11,2.27451106e-08,1.13946871e-07
0.0142382812,-0.468788967,76.8194321,-2539.2866,2008.17931,0.16272247,0.00127192608,0.000117044099,0.000339611505,0.00852083263,0.00218344117,0.11570244,3.17662229e-06,1.55880989e-07,1.20864198e-06,1.45178193e-06,8.89389237e-06,6.60066421e-07,8.67333149e-05,0.000104594531,0.0357188596,0.109464294,5.05103896e-06,5.181291e-05,1.1683994e-06,5.73006492e-08,1.43503895e-06,1.05698213e-06,0.000303374313,7.76006464e-07,9.56161311e-06,4.38479003e-08,1.07745712e-07,2.43372302e-05,2.59627843e-05,4.04879138e-06,4.2950652e-07,2.67568663e-07,6.0039609e-07,1.519197e-06,5.63189698e-09,0.000185147267,1.96670501e-08,2.04436964e-07,1.65187201e-07,1.16259893e-07,3.69755075e-05,1.87551176e-09,3.26386941e-09,2.43998645e-06,1.66120484e-07,1.00921281e-05,6.83012541e-07,0.72580694,-1.08569189e-20,5.77033095e-12,1.5609642e-11,1.86172077e-08,8.58474134e-08
0.01425,-0.469563581,76.6423686,-2539.2866,2005.25048,0.163077925,0.00121961256,0.000120742641,0.000392553595,0.00925622796,0.00234233031,0.115458101,3.30138818e-06,1.6276583e-07,9.91142333e-07,1.21405379e-06,7.20906181e-06,5.42704444e-07,6.61734556e-05,7.91176136e-05,0.0345797186,0.109610724,4.38420578e-06,4.26531295e-05,9.54778828e-07,4.73753433e-08,1.13828872e-06,8.56228103e-07,0.000230366051,5.61478589e-07,6.59458217e-06,2.61828643e-08,6.34147566e-08,2.06012566e-05,2.13252183e-05,3.21818015e-06,3.90689621e-07,2.53694634e-07,5.42861966e-07,1.30863255e-06,5.80548143e-09,0.00018736658,2.14392434e-08,2.06671692e-07,1.59123056e-07,1.09199015e-07,3.36047282e-05,1.35764869e-09,2.74918024e-09,2.14354546e-06,1.56305524e-07,9.21857892e-06,6.72167795e-07,0.726292244,-1.07400181e-20,2.84310999e-12,7.45629749e-12,1.48924689e-08,6.32069038e-08
0.0142617187,-0.470246034,76.4642994,-2539.2866,2001.95032,0.163464214,0.00116838146,0.000124052697,0.000448982769,0.0100521905,0.00249978965,0.115185295,3.43440302e-06,1.70247546e-07,7.89884661e-07,9.90339278e-07,5.72580496e-06,4.37031946e-07,4.97197223e-05,5.92881434e-05,0.0334218306,0.109719381,3.72289418e-06,3.44766578e-05,7.64832426e-07,3.84444277e-08,8.89452828e-07,6.78734381e-07,0.000172130001,3.98582289e-07,4.47922658e-06,1.52352692e-08,3.64252996e-08,1.70476587e-05,1.72554107e-05,2.51498034e-06,3.50986548e-07,2.3829884e-07,4.86581069e-07,1.1205518e-06,5.95856655e-09,0.000189315009,2.3315423e-08,2.09083445e-07,1.52159039e-07,1.01477917e-07,3.03777557e-05,9.68826508e-10,2.2625333e-09,1.86413678e-06,1.46089601e-07,8.38097658e-06,6.55134978e-07,0.726771605,-1.06242416e-20,1.35247665e-12,3.4502203e-12,1.16517425e-08,4.55180231e-08
0.0142734375,-0.470845027,76.2852187,-2539.2866,1998.31666,0.163878496,0.00111847165,0.000126952147,0.0005082852,0.0109094032,0.00265412937,0.114883881,3.57853202e-06,1.78321877e-07,6.1206619e-07,7.88336759e-07,4.45759065e-06,3.44777052e-07,3.6805564e-05,4.40269004e-05,0.0322539037,0.10978656,3.09342473e-06,2.73659832e-05,6.00793085e-07,3.06286545e-08,6.84771127e-07,5.26652466e-07,0.000126586774,2.77872461e-07,2.99884892e-06,8.64901029e-09,2.04314988e-08,1.3794294e-05,1.37573499e-05,1.93263322e-06,3.11937647e-07,2.2183864e-07,4.32518549e-07,9.54066547e-07,6.09017375e-09,0.000190972292,2.52845413e-08,2.11711082e-07,1.44455069e-07,9.33709156e-08,2.73198611e-05,6.8601893e-10,1.81979241e-09,1.60516948e-06,1.35649795e-07,7.58526105e-06,6.32550749e-07,0.727245247,-1.05095726e-20,6.22111121e-13,1.54846467e-12,8.92610212e-09,3.20973237e-08
0.0142851563,-0.471369277,76.1051233,-2539.2866,1994.38717,0.164317932,0.00107008188,0.000129427462,0.000569794043,0.0118280033,0.00280379775,0.114554044,3.73630139e-06,1.86959289e-07,4.61474991e-07,6.1275126e-07,3.40318871e-06,2.66580317e-07,2.68588654e-05,3.24097264e-05,0.03108427,0.109809087,2.51640446e-06,2.1337817e-05,4.63021935e-07,2.39682295e-08,5.1958149e-07,4.00187251e-07,9.16554562e-05,1.90458931e-07,1.98091845e-06,4.79759188e-09,1.1200174e-08,1.09196638e-05,1.08110576e-05,1.46073211e-06,2.74728268e-07,2.0476555e-07,3.81449825e-07,8.07972741e-07,6.19978434e-09,0.000192325618,2.73345083e-08,2.14593172e-07,1.36193825e-07,8.51274858e-08,2.44501644e-05,4.8574926e-10,1.43114611e-09,1.36905816e-06,1.25160027e-07,6.83603719e-06,6.05232619e-07,0.727713383,-1.03959963e-20,2.77196527e-13,6.75058083e-13,6.70430133e-09,2.2192237e-08
0.014296875,-0.471827081,75.9240123,-2539.2866,1990.19757,0.164779824,0.00102336741,0.00013147327,0.000632825684,0.0128076195,0.0029474321,0.114196273,3.90967888e-06,1.96109172e-07,3.38845973e-07,4.65417949e-07,2.54965121e-06,2.02138594e-07,1.93352452e-05,2.36599467e-05,0.0299205849,0.109784364,2.00556211e-06,1.63518014e-05,3.50340278e-07,1.84342166e-08,3.88723229e-07,2.97976236e-07,6.53661636e-05,1.28501943e-07,1.29239712e-06,2.60506044e-09,6.00609689e-09,8.46223651e-06,8.37764501e-06,1.08635131e-06,2.40169215e-07,1.87501199e-07,3.33946423e-07,6.80829892e-07,6.28730438e-09,0.00019336954,2.94528069e-08,2.17766818e-07,1.27568536e-07,7.69606133e-08,2.17815555e-05,3.46849223e-10,1.10118277e-09,1.15716518e-06,1.14782587e-07,6.13650577e-06,5.74109301e-07,0.728176213,-1.02834993e-20,1.19887155e-13,2.86367764e-13,4.94433061e-09,1.50671916e-08
0.0143085937,-0.472225982,75.7418868,-2539.2866,1985.78024,0.165261724,0.000978439485,0.000133091587,0.00069671077,0.0138474256,0.00308389003,0.113811318,4.09993552e-06,2.05705583e-07,2.42560656e-07,3.45776296e-07,1.87598115e-06,1.50429825e-07,1.37416304e-05,1.71366639e-05,0.0287696121,0.109710395,1.56767212e-06,1.23240245e-05,2.60462054e-07,1.39450213e-08,2.86914126e-07,2.17567484e-07,4.59402002e-05,8.54500316e-08,8.3371153e-07,1.38768041e-09,3.15413693e-09,6.42511343e-06,6.40522077e-06,7.95368417e-07,2.08725682e-07,1.70418908e-07,2.90378334e-07,5.71041209e-07,6.35301404e-09,0.000194105424,3.16270509e-08,2.21266493e-07,1.18770621e-07,6.90414553e-08,1.93209906e-05,2.51827833e-10,8.29646705e-10,9.6984367e-07,1.04661438e-07,5.48848945e-06,5.4015207e-07,0.728633927,-1.01720697e-20,5.04419404e-14,1.18439235e-13,3.58593632e-09,1.00614859e-08
0.0143203125,-0.472572542,75.5587499,-2539.2866,1981.16328,0.165761515,0.00093536732,0.000134290837,0.000760817869,0.0149462037,0.00321226161,0.113400149,4.30760186e-06,2.15673617e-07,1.69480438e-07,2.51534454e-07,1.35680465e-06,1.09968023e-07,9.64991551e-06,1.23202834e-05,0.0276371004,0.109585773,1.20337468e-06,9.14247881e-06,1.9044398e-07,1.03846622e-08,2.09064292e-07,1.55902256e-07,3.18364753e-05,5.60723996e-08,5.32354093e-07,7.26985413e-10,1.62412004e-09,4.78405186e-06,4.83476687e-06,5.73617391e-07,1.80577008e-07,1.53831832e-07,2.50929894e-07,4.76928883e-07,6.39750817e-09,0.000194540571,3.38454511e-08,2.25122997e-07,1.09978787e-07,6.14991635e-08,1.7070077e-05,1.87174062e-10,6.12611477e-10,8.06561212e-07,9.49177086e-08,4.89253806e-06,5.04314835e-07,0.729086706,-1.00616968e-20,2.06957896e-14,4.78599048e-14,2.56169577e-09,6.61932814e-09
0.0143320312,-0.472872231,75.3746062,-2539.2866,1976.37014,0.166277446,0.000894182018,0.000135084768,0.000824569279,0.0161024096,0.00333186504,0.112963906,4.53251255e-06,2.25935571e-07,1.15734387e-07,1.79367307e-07,9.65533302e-07,7.90442424e-08,6.7019059e-06,8.7966177e-06,0.0265277472,0.109409651,9.08560877e-07,6.68188309e-06,1.37087489e-07,7.61999954e-09,1.5050612e-07,1.09732265e-07,2.17678616e-05,3.63532946e-08,3.36832529e-07,3.75637881e-10,8.21058722e-10,3.49672302e-06,3.6053042e-06,4.07772817e-07,1.55689379e-07,1.37987625e-07,2.15625147e-07,3.96800242e-07,6.42163431e-09,0.000194687134,3.60971732e-08,2.29362591e-07,1.01350693e-07,5.4424225e-08,1.50258476e-05,1.43000377e-10,4.43789912e-10,6.66076061e-07,8.56474571e-08,4.34809122e-06,4.67487395e-07,0.729534721,-9.95237067e-21,8.30099908e-15,1.89375456e-14,1.80534048e-09,4.29747389e-09
0.01434375,-0.473129413,75.1894617,-2539.2866,1971.41954,0.166808142,0.000854881774,0.000135491347,0.000887449694,0.0173142382,0.0034422303,0.112503851,4.77391832e-06,2.36416225e-07,7.73471097e-08,1.25530699e-07,6.76735724e-07,5.59238445e-08,4.60755482e-06,6.24075772e-06,0.0254452319,0.109181694,6.75966299e-07,4.81604352e-06,9.72526905e-08,5.51500335e-09,1.07135842e-07,7.59333087e-08,1.46941715e-05,2.33126437e-08,2.11397378e-07,1.92055126e-10,4.08083049e-10,2.51145936e-06,2.65794699e-06,2.85931657e-07,1.33887128e-07,1.23068715e-07,1.84358423e-07,3.29002251e-07,6.42643267e-09,0.00019456098,3.83725846e-08,2.3400639e-07,9.30176679e-08,4.78737129e-08,1.31816266e-05,1.12382778e-10,3.1574978e-10,5.4663571e-07,7.69214503e-08,3.85367366e-06,4.30463244e-07,0.729978131,-9.84408209e-21,3.26330819e-15,7.35463691e-15,1.25702942e-09,2.75784148e-09
0.0143554687,-0.473347404,75.0033233,-2539.2866,1966.32588,0.167352584,0.000817437687,0.000135531702,0.000949009142,0.0185796835,0.0035430749,0.11202132,5.03063689e-06,2.47046886e-07,5.06618714e-08,8.63273268e-08,4.67655174e-07,3.89867207e-08,3.13874345e-06,4.40165041e-06,0.0243923011,0.108902022,4.96678007e-07,3.42685095e-06,6.80707535e-08,3.94115252e-09,7.54752056e-08,5.17065236e-08,9.79943626e-06,1.48031138e-08,1.31726863e-07,9.75134438e-11,1.9969309e-10,1.77438629e-06,1.93871015e-06,1.97912294e-07,1.14913488e-07,1.09196862e-07,1.56926334e-07,2.7196331e-07,6.41308111e-09,0.000194180574,4.06633995e-08,2.39070026e-07,8.50824101e-08,4.18771856e-08,1.15279043e-05,9.06433474e-11,2.20889712e-10,4.46171898e-07,6.8786555e-08,3.40710119e-06,3.93921029e-07,0.730417085,-9.73682232e-21,1.26068287e-15,2.81008812e-15,8.65955397e-10,1.75210408e-09
0.0143671875,-0.473528587,74.8161987,-2539.2866,1961.09963,0.167910075,0.000781799656,0.000135229163,0.00100886184,0.0198965931,0.00363427605,0.111517688,5.3012148e-06,2.57768065e-07,3.25688112e-08,5.84082834e-08,3.18966692e-07,2.68108073e-08,2.12066453e-06,3.08803101e-06,0.0233708828,0.10857115,3.61366616e-07,2.40981959e-06,4.70613952e-08,2.78392482e-09,5.26697223e-08,3.46794447e-08,6.46064517e-06,9.31647226e-09,8.15690523e-08,4.93633885e-11,9.63507452e-11,1.23448344e-06,1.40013998e-06,1.35324001e-07,9.84767935e-08,9.64404988e-08,1.33058193e-07,2.24222664e-07,6.3828469e-09,0.000193565982,4.29627377e-08,2.44563577e-07,7.76192271e-08,3.64424181e-08,1.00531592e-05,7.47109828e-11,1.52117827e-10,3.62473228e-07,6.12682371e-08,3.00567917e-06,3.58417407e-07,0.730851716,-9.63058289e-21,4.79866453e-16,1.05888468e-15,5.90981244e-10,1.10362225e-09
0.0143789063,-0.473674542,74.628096,-2539.2866,1955.748,0.168480197,0.000747901928,0.000134608411,0.00106668247,0.0212627159,0.00371584211,0.110994325,5.58407737e-06,2.68530885e-07,2.05796145e-08,3.89281422e-08,2.14949491e-07,1.82079847e-08,1.4224389e-06,2.15608431e-06,0.0223822138,0.108189928,2.61164749e-07,1.67662803e-06,3.21740722e-08,1.94591536e-09,3.64429048e-08,2.29301104e-08,4.21368835e-06,5.81664141e-09,5.0235288e-08,2.50194934e-11,4.59063725e-11,8.46623469e-07,1.00196638e-06,9.14734223e-08,8.42819553e-08,8.48235124e-08,1.12442868e-07,1.8444859e-07,6.33704584e-09,0.000192738012,4.52651136e-08,2.50491725e-07,7.06761529e-08,3.15605415e-08,8.74458779e-06,6.26131447e-11,1.03244625e-10,2.93324656e-07,5.4373696e-08,2.64638151e-06,3.24388604e-07,0.731282145,-9.52535548e-21,1.80443825e-16,3.94456766e-16,4.00035185e-10,6.90138977e-10
0.014390625,-0.473786189,74.4390239,-2539.2866,1950.27551,0.169062765,0.000715668041,0.000133694769,0.00112220105,0.0226757428,0.00378788579,0.11045258,5.87765236e-06,2.79297433e-07,1.28001372e-08,2.55885783e-08,1.43269802e-07,1.22252662e-08,9.48086778e-07,1.49897617e-06,0.0214269663,0.107759477,1.88198835e-07,1.15539728e-06,2.17756911e-08,1.34740313e-09,2.50249187e-08,1.49600096e-08,2.72051905e-06,3.60550091e-09,3.07928941e-08,1.27512235e-11,2.16308466e-11,5.72937596e-07,7.11028077e-07,6.11726661e-08,7.2049413e-08,7.43343533e-08,9.47510167e-08,1.51447103e-07,6.27700874e-09,0.000191717523,4.75663748e-08,2.56854111e-07,6.4278259e-08,2.72104387e-08,7.58872095e-06,5.31016766e-11,6.91429788e-11,2.36610311e-07,4.80952303e-08,2.3260031e-06,2.92158014e-07,0.731708475,-9.42113183e-21,6.72036229e-17,1.45619159e-16,2.68870182e-10,4.28983043e-10
0.0144023437,-0.473863921,74.2489909,-2539.2866,1944.68459,0.169657782,0.000685015023,0.000132513616,0.00117519731,0.0241333421,0.00385060008,0.109893749,6.18046105e-06,2.90040346e-07,7.84788446e-09,1.66090243e-08,9.45476617e-08,8.12422749e-09,6.2850942e-07,1.03822312e-06,0.0205053643,0.107281141,1.35832987e-07,7.89485845e-07,1.46063514e-08,9.25226647e-10,1.70707465e-08,9.63878684e-09,1.73992821e-06,2.22049396e-09,1.87995478e-08,6.56161317e-12,1.00953643e-11,3.82974044e-07,5.00721023e-07,4.05024885e-08,6.15246736e-08,6.49347025e-08,7.96523811e-08,1.24163127e-07,6.20405478e-09,0.00019052489,4.98636047e-08,2.63645807e-07,5.84315481e-08,2.33624011e-08,6.57192264e-06,4.5392363e-11,4.57434619e-11,1.90381393e-07,4.24135373e-08,2.04128329e-06,2.61947596e-07,0.732130796,-9.31790365e-21,2.48521541e-17,5.33997121e-17,1.79613692e-10,2.65343413e-10
0.0144140625,-0.473907723,74.0580058,-2539.2866,1938.97604,0.170265404,0.000655856814,0.000131089922,0.00122549504,0.0256331879,0.0039042377,0.109319062,6.49117694e-06,3.007419e-07,4.74960006e-09,1.06578642e-08,6.18399943e-08,5.34947058e-09,4.14769721e-07,7.16752814e-07,0.0196172855,0.106756437,9.8704195e-08,5.35481151e-07,9.72036104e-09,6.30719431e-10,1.1578728e-08,6.13815224e-09,1.10301952e-06,1.35960965e-09,1.14385407e-08,3.42146588e-12,4.67406609e-12,2.5310297e-07,3.50183992e-07,2.65693151e-08,5.2481559e-08,5.65672109e-08,6.68283924e-08,1.01676053e-07,6.11947105e-09,0.000189179618,5.21550047e-08,2.70857876e-07,5.31269524e-08,1.99811131e-08,5.68077574e-06,3.89912785e-11,2.99303113e-11,1.52894169e-07,3.73007457e-08,1.78900126e-06,2.33891252e-07,0.73254918,-9.2156626e-21,9.14756357e-18,1.94972273e-17,1.1936691e-10,1.63480053e-10
0.0144257812,-0.47391727,73.8660773,-2539.2866,1933.14947,0.170885901,0.000628106935,0.000129447901,0.00127295676,0.0271729839,0.00394909403,0.108729676,6.80865648e-06,3.11392839e-07,2.84130906e-09,6.76902691e-09,4.01280747e-08,3.49393656e-09,2.72708797e-07,4.93445165e-07,0.0187623468,0.106187013,7.2626331e-08,3.60901266e-07,6.42458779e-09,4.27276741e-10,7.81624672e-09,3.86654917e-09,6.93558353e-07,8.28180664e-10,6.94013107e-09,1.81274518e-12,2.15023087e-12,1.65538629e-07,2.43385249e-07,1.72805475e-08,4.47217292e-08,4.91620764e-08,5.59806476e-08,8.31914394e-08,6.02449741e-09,0.000187700072,5.44397669e-08,2.78477952e-07,4.83441065e-08,1.70280531e-08,4.90236702e-06,3.35828767e-11,1.93904473e-11,1.22624521e-07,3.27230727e-08,1.56604593e-06,2.08048874e-07,0.732963686,-9.11440024e-21,3.35901256e-18,7.10402657e-18,7.89839353e-11,1.00411277e-10
0.0144375,-0.47389201,73.6732139,-2539.2866,1927.20362,0.171519634,0.000601680497,0.000127610758,0.00131747883,0.0287504827,0.00398549328,0.108126662,7.13194828e-06,3.21991126e-07,1.68232538e-09,4.25992978e-09,2.5859333e-08,2.26597884e-09,1.78785916e-07,3.38920437e-07,0.0179399739,0.10557461,5.44265845e-08,2.41946986e-07,4.22146018e-09,2.87937253e-10,5.25597975e-09,2.41107485e-09,4.32811294e-07,5.02141715e-10,4.20111673e-09,9.77410221e-13,9.8448854e-13,1.07243554e-07,1.68222358e-07,1.11508357e-08,3.80723462e-08,4.26424008e-08,4.6835984e-08,6.80303141e-08,5.9203159e-09,0.000186103314,5.6717946e-08,2.86490806e-07,4.40546958e-08,1.44633899e-08,4.22448558e-06,2.89598455e-11,1.24520981e-11,9.82655943e-08,2.86430594e-08,1.36946423e-06,1.84420107e-07,0.733374358,-9.01410805e-21,1.23313397e-18,2.58870332e-18,5.20759567e-11,6.15300585e-11
0.0144492187,-0.473831231,73.479424,-2539.2866,1921.13665,0.172167035,0.000576495631,0.00012560051,0.00135898704,0.0303635006,0.00401377762,0.107511005,7.46028731e-06,3.32540742e-07,9.87154081e-10,2.65934873e-09,1.65651938e-08,1.46076987e-09,1.16958224e-07,2.32344523e-07,0.0171494564,0.104921033,4.1759955e-08,1.6149694e-07,2.7602202e-09,1.93201788e-10,3.52370637e-09,1.48940562e-09,2.68217983e-07,3.03209099e-10,2.53844478e-09,5.36539681e-13,4.49392192e-13,6.88802192e-08,1.15702668e-07,7.14352173e-09,3.23830732e-08,3.69283835e-08,3.91489009e-08,5.56172719e-08,5.80804387e-09,0.000184405016,5.89903364e-08,2.94878879e-07,4.02252871e-08,1.22474451e-08,3.63574999e-06,2.49801578e-11,7.9350082e-12,7.87143701e-08,2.50213877e-08,1.19649175e-06,1.62957214e-07,0.733781226,-8.9147774e-21,4.53470743e-19,9.45385335e-19,3.42361926e-11,3.76409995e-11
0.0144609375,-0.473734105,73.284716,-2539.2866,1914.9463,0.172828585,0.000552474449,0.000123437889,0.00139743261,0.0320099284,0.00403429872,0.106883606,7.79308024e-06,3.43050601e-07,5.74741663e-10,1.64855409e-09,1.05582406e-08,9.36963428e-10,7.63981379e-08,1.59042138e-07,0.0163899901,0.104228124,3.29304749e-08,1.07428646e-07,1.79749427e-09,1.29190261e-10,2.35713987e-09,9.12059832e-10,1.65155999e-07,1.82421374e-10,1.53165182e-09,2.99644657e-13,2.04895505e-13,4.38968934e-08,7.92375521e-08,4.54608639e-09,2.75230778e-08,3.19404782e-08,3.2702026e-08,4.54682488e-08,5.68873015e-09,0.000182619438,6.12583594e-08,3.03622737e-07,3.68196227e-08,1.03417835e-08,3.12567875e-06,2.15412991e-11,5.02293939e-12,6.3051891e-08,2.18183085e-08,1.04456962e-06,1.43576665e-07,0.734184309,-8.8163996e-21,1.67333745e-19,3.46681425e-19,2.24574554e-11,2.30007638e-11
0.0144726563,-0.473599732,73.0890977,-2539.2866,1908.63008,0.173504807,0.00052954363,0.000121142283,0.00143278868,0.0336877394,0.00404741135,0.106245277,8.12988618e-06,3.53533628e-07,3.3240583e-10,1.01581694e-09,6.70165633e-09,5.98517319e-10,4.98584883e-08,1.08737369e-07,0.01566071,0.10349774,2.67343601e-08,7.12769601e-08,1.1667316e-09,8.6157514e-11,1.57442792e-09,5.53990407e-10,1.01096219e-07,1.09395244e-10,9.23193536e-10,1.69989126e-13,9.34960993e-14,2.77795709e-08,5.40595819e-08,2.87553974e-09,2.33783494e-08,2.76016662e-08,2.73052259e-08,3.71786076e-08,5.56335354e-09,0.000180759451,6.35239629e-08,3.12701469e-07,3.38004081e-08,8.7099879e-09,2.68471672e-06,1.85650704e-11,3.16156538e-12,5.05206664e-08,1.89947266e-08,9.11350892e-07,1.2616926e-07,0.734583618,-8.7189659e-21,6.20522798e-20,1.27885565e-19,1.47062453e-11,1.40448863e-11
0.014484375,-0.473427165,72.8925769,-2539.2866,1902.18534,0.174196256,0.000507634719,0.00011873173,0.00146504711,0.0353949944,0.00405346864,0.105596753,8.4703965e-06,3.64005996e-07,1.91165291e-10,6.22708822e-10,4.23930298e-09,3.81050626e-10,3.25224772e-08,7.42719483e-08,0.0149607144,0.102731735,2.23308692e-08,4.72006566e-08,7.5530554e-10,5.73419983e-11,1.05065457e-09,3.33922972e-10,6.15414608e-08,6.54063903e-11,5.55972285e-10,9.77526704e-14,4.2788182e-14,1.74682363e-08,3.67569257e-08,1.80855527e-09,1.98494203e-08,2.38390023e-08,2.27938441e-08,3.04119517e-08,5.4328232e-09,0.000178836588,6.57895356e-08,3.22092991e-07,3.11306494e-08,7.31816925e-09,2.30422881e-06,1.59887565e-11,1.98040079e-12,4.05017025e-08,1.65129951e-08,7.94699399e-07,1.10608741e-07,0.734979153,-8.62246751e-21,2.31512094e-20,4.7528591e-20,9.61799604e-12,8.57231777e-12
0.0144960937,-0.473215431,72.6951614,-2539.2866,1895.60939,0.174903509,0.000486684206,0.000116222937,0.00149421563,0.0371298442,0.00405281873,0.104938689,8.81441541e-06,3.74486526e-07,1.09396588e-10,3.79979769e-10,2.67382189e-09,2.41909577e-10,2.12069685e-08,5.06812415e-08,0.0142890835,0.101931949,1.9140847e-08,3.12095481e-08,4.87824899e-10,3.80990088e-11,7.00681844e-10,1.99756357e-10,3.72566847e-08,3.89853161e-11,3.34484635e-10,5.68344773e-14,1.96792674e-14,1.09181259e-08,2.49113348e-08,1.13110626e-09,1.68494631e-08,2.0584584e-08,1.90264383e-08,2.48899118e-08,5.29798028e-09,0.000176861125,6.80578394e-08,3.31774287e-07,2.87746125e-08,6.13526141e-09,1.97646988e-06,1.37600411e-11,1.23526431e-12,3.24927094e-08,1.43374711e-08,6.92683289e-07,9.67589686e-08,0.735370907,-8.52689561e-21,8.69545841e-21,1.78160771e-20,6.28280529e-12,5.2291614e-12
0.0145078125,-0.472963549,72.4968583,-2539.2866,1888.89955,0.175627164,0.00046663345,0.000113631326,0.00152031523,0.0388905298,0.00404580234,0.104271672,9.16184283e-06,3.8499623e-07,6.22932627e-11,2.30775404e-10,1.6811414e-09,1.53113193e-10,1.38175809e-08,3.45341655e-08,0.0136448926,0.101100193,1.6769863e-08,2.06002977e-08,3.14245192e-10,2.52639432e-11,4.66845645e-10,1.18499027e-10,2.24110898e-08,2.31421599e-11,2.00816086e-10,3.32962698e-14,9.1050069e-15,6.77989768e-09,1.68229331e-08,7.02909579e-10,1.43026926e-08,1.77760684e-08,1.58822853e-08,2.03830245e-08,5.15960068e-09,0.000174842162,7.03319687e-08,3.41721578e-07,2.66984847e-08,5.13313908e-09,1.69453855e-06,1.18340851e-11,7.67124122e-13,2.60883537e-08,1.24348846e-08,6.03564982e-07,8.44797966e-08,0.735758868,-8.43224139e-21,3.28485712e-21,6.7331317e-21,4.09691677e-12,3.18483317e-12
0.0145195312,-0.472670543,72.2976748,-2539.2866,1882.05314,0.176367835,0.000447428491,0.000110971098,0.0015433777,0.0406753821,0.00403275138,0.103596221,9.51265976e-06,3.95557994e-07,3.52138795e-11,1.39226835e-10,1.05162518e-09,9.64464057e-11,8.97978864e-09,2.34653127e-08,0.013027222,0.10023824,1.49516472e-08,1.3552874e-08,2.01553719e-10,1.66939797e-11,3.10270835e-10,6.94774393e-11,1.33498317e-08,1.36326113e-11,1.19887299e-10,1.95412974e-14,4.21782139e-15,4.17230028e-09,1.13049109e-08,4.32776942e-10,1.21429818e-08,1.53568348e-08,1.32588348e-08,1.67027287e-08,5.01839841e-09,0.000172787728,7.26153575e-08,3.51910426e-07,2.4870852e-08,4.28657898e-09,1.45232053e-06,1.01718266e-11,4.7335115e-13,2.09629444e-08,1.0774569e-08,5.25788908e-07,7.36319725e-08,0.736143018,-8.33849607e-21,1.23812384e-21,2.54285205e-21,2.66095349e-12,1.93037346e-12
0.01453125,-0.472335445,72.0976179,-2539.2866,1875.06761,0.17712615,0.000429019789,0.000108255305,0.00156344329,0.0424828194,0.00401398807,0.102912797,9.86691635e-06,4.06196451e-07,1.95353067e-11,8.27952889e-11,6.50098364e-10,6.00982947e-11,5.79078249e-09,1.58454541e-08,0.0124351641,0.0993478226,1.35074046e-08,8.84727887e-09,1.28022808e-10,1.09442266e-11,2.04837605e-10,3.9824506e-11,7.7917172e-09,7.88032858e-12,7.04197462e-11,1.13363315e-14,1.89088392e-15,2.52389768e-09,7.53278089e-09,2.6180533e-10,1.03126133e-08,1.32758421e-08,1.10692216e-08,1.36944443e-08,4.87502941e-09,0.000170704874,7.49118881e-08,3.62315799e-07,2.3263223e-08,3.57301655e-09,1.2444263e-06,8.73899048e-12,2.8795864e-13,1.68556209e-08,9.32860443e-09,4.57967937e-07,6.40815842e-08,0.736523339,-8.24565087e-21,4.3883046e-22,8.9490133e-22,1.71110655e-12,1.15345682e-12
0.0145546875,-0.471536026,71.6949043,-2539.2866,1860.67208,0.178697989,0.000394454091,0.00010269295,0.0015947432,0.0461599525,0.00396031271,0.101523498,1.05858822e-05,4.27779807e-07,6.54186779e-12,3.13435704e-11,2.65960908e-10,2.48613297e-11,2.55187458e-09,7.55303796e-09,0.0113250861,0.0974876149,1.13775366e-08,3.99683148e-09,5.46561335e-11,4.96840262e-12,9.45087284e-11,1.40796462e-11,2.86902194e-09,2.86862491e-12,2.65494905e-11,4.24681607e-15,4.93032635e-16,9.8846184e-10,3.48989722e-09,1.02500317e-10,7.48617398e-09,9.98879943e-09,7.76832968e-09,9.30912244e-09,4.58366734e-09,0.000166473568,7.95570209e-08,3.83690313e-07,2.06327281e-08,2.48153217e-09,9.17012791e-07,6.46950636e-12,1.14318219e-13,1.10567936e-08,7.00174282e-09,3.48363688e-07,4.84860824e-08,0.737272267,-8.06265754e-21,7.65226654e-23,1.6228189e-22,7.5545093e-13,4.47798289e-13
0.014578125,-0.470557779,71.2888014,-2539.2866,1845.69427,0.180347982,0.000362575659,9.70382132e-05,0.00161479793,0.0499100255,0.00388744578,0.100106688,1.13201935e-05,4.49992628e-07,2.18734201e-12,1.18923999e-11,1.09693876e-10,1.03569793e-11,1.13410683e-09,3.62349086e-09,0.0103064875,0.0955337527,9.76588994e-09,1.82751965e-09,2.34284882e-11,2.27457757e-12,4.41537725e-11,4.90954843e-12,1.049793e-09,1.04310573e-12,1.00732185e-11,1.61623698e-15,1.37882761e-16,3.8645673e-10,1.61888273e-09,3.99565456e-11,5.46314214e-09,7.5703143e-09,5.46819681e-09,6.36697424e-09,4.29018436e-09,0.000162193363,8.43022558e-08,4.05610025e-07,1.85933817e-08,1.71577714e-09,6.76750453e-07,4.79380534e-12,4.55620063e-14,7.3077746e-09,5.25067264e-09,2.65258269e-07,3.65650241e-08,0.738005675,-7.88313822e-21,1.34566223e-23,3.0187038e-23,3.36422847e-13,1.75120087e-13
0.0146015625,-0.469393968,70.8793573,-2539.2866,1830.11804,0.182081498,0.000333123884,9.13591462e-05,0.0016241814,0.0537231561,0.0037975708,0.0986644118,1.20717522e-05,4.73076464e-07,7.3827691e-13,4.55140988e-12,4.58404495e-11,4.36191683e-12,5.09478373e-10,1.75283336e-09,0.0093729344,0.0934981022,8.45317038e-09,8.49154006e-10,1.01136189e-11,1.05258475e-12,2.09278553e-11,1.69446908e-12,3.82895838e-10,3.79916445e-13,3.85328883e-12,6.24093694e-16,4.18873537e-17,1.51560001e-10,7.53687049e-10,1.55511098e-11,4.01522979e-09,5.7925646e-09,3.86345495e-09,4.38462862e-09,3.99800698e-09,0.000157894123,8.91827455e-08,4.2784995e-07,1.70044394e-08,1.18239105e-09,5.00699874e-07,3.56023942e-12,1.83455542e-14,4.86943931e-09,3.93776263e-09,2.02330994e-07,2.75155036e-08,0.738723412,-7.70702678e-21,2.41690912e-24,5.78214205e-24,1.51481167e-13,6.90867991e-14
0.014625,-0.468038419,70.4666184,-2539.2866,1813.92956,0.183904061,0.000305879878,8.57119755e-05,0.00162351593,0.0575903709,0.00369273505,0.0971982678,1.28429144e-05,4.97296779e-07,2.53342252e-13,1.7650772e-12,1.94885953e-11,1.8624467e-12,2.31741843e-10,8.56473979e-10,0.00851838128,0.0913916939,7.33858649e-09,4.02949015e-10,4.40601415e-12,4.93399327e-13,1.00815956e-11,5.80575888e-13,1.39611803e-10,1.38902835e-13,1.48863626e-12,2.44482614e-16,1.38455913e-17,5.99058558e-11,3.5288624e-10,6.06012005e-12,2.97621633e-09,4.48394274e-09,2.74143716e-09,3.0420231e-09,3.7099641e-09,0.000153598188,9.42372554e-08,4.50170994e-07,1.57572115e-08,8.12881712e-10,3.71744968e-07,2.65360236e-12,7.49867294e-15,3.27275977e-09,2.95600372e-09,1.54711477e-07,2.0684251e-08,0.739425364,-7.53425889e-21,4.45998899e-25,1.14421318e-24,6.9121883e-14,2.75320657e-14
0.0146484375,-0.466485566,70.0506288,-2539.2866,1797.11745,0.185821352,0.000280658765,8.0142848e-05,0.00161345865,0.0615034606,0.0035748633,0.0957095177,1.36363909e-05,5.22946529e-07,8.89096313e-14,6.96113324e-13,8.45645895e-12,8.07799111e-13,1.06866684e-10,4.23388989e-10,0.00773716607,0.0892247525,6.37270069e-09,1.96512972e-10,1.94022568e-12,2.34683186e-13,4.94352243e-12,1.98014966e-13,5.10286651e-11,5.10790349e-14,5.81742815e-13,9.72191931e-17,4.93948351e-18,2.39694195e-11,1.66465402e-10,2.37124544e-12,2.22683871e-09,3.51689227e-09,1.95466856e-09,2.12730278e-09,3.42837209e-09,0.000149322179,9.95082968e-08,4.72318521e-07,1.47684347e-08,5.57974107e-10,2.77223666e-07,1.98740847e-12,3.12313644e-15,2.21946887e-09,2.22307463e-09,1.18672448e-07,1.55491464e-08,0.740111474,-7.36477217e-21,8.48759085e-26,2.34603522e-25,3.20250856e-14,1.10970359e-14
0.014671875,-0.464730472,69.6314314,-2539.2866,1779.67278,0.187839228,0.000257303158,7.4689353e-05,0.00159469043,0.0654548513,0.00344577283,0.0941991804,1.4455179e-05,5.5035164e-07,3.20880228e-14,2.79965457e-13,3.75471496e-12,3.5636465e-13,5.00129413e-11,2.1205817e-10,0.00702399145,0.0870067467,5.52833682e-09,9.92982903e-11,8.6470349e-13,1.13431019e-13,2.47042028e-12,6.73971952e-14,1.87447577e-11,1.89255309e-14,2.30306396e-13,3.9280831e-17,1.87801611e-18,9.74527491e-12,7.9238058e-11,9.34219419e-13,1.68243118e-09,2.79759554e-09,1.40106987e-09,1.50004634e-09,3.15510839e-09,0.000145078415,1.05042871e-07,4.94022294e-07,1.39749596e-08,3.82678354e-10,2.07830654e-07,1.49740014e-12,1.32926681e-15,1.51918115e-09,1.67627451e-09,9.13769796e-08,1.17002447e-08,0.740781746,-7.19850638e-21,1.6706822e-26,4.99686183e-26,1.50894714e-14,4.52909458e-15
0.0146953125,-0.462768844,69.209068,-2539.2866,1761.58911,0.189963744,0.000235677779,6.93818186e-05,0.00156790728,0.069437496,0.00330718697,0.0926681021,1.53025092e-05,5.79878102e-07,1.19732356e-14,1.15067904e-13,1.70919263e-12,1.60033615e-13,2.37740799e-11,1.07758429e-10,0.00637389994,0.0847464475,4.78813888e-09,5.25138161e-11,3.90432655e-13,5.5780094e-14,1.25938025e-12,2.29457787e-14,6.93722433e-12,7.07658359e-15,9.24956165e-14,1.61448529e-17,7.51748536e-19,4.03816098e-12,3.81110964e-11,3.71589944e-13,1.28333835e-09,2.25764287e-09,1.01000057e-09,1.0669253e-09,2.89167401e-09,0.000140876005,1.10893509e-07,5.14998207e-07,1.3329281e-08,2.62399379e-10,1.56761186e-07,1.1362201e-12,5.79430204e-16,1.04977843e-09,1.26824456e-09,7.06752004e-08,8.82040018e-09,0.741436251,-7.03540341e-21,3.41030169e-27,1.10818991e-26,7.23991594e-15,1.87388924e-15
0.01471875,-0.460597035,68.7835797,-2539.2866,1742.86241,0.192201173,0.000215665112,6.42444057e-05,0.00153381366,0.0734447848,0.003160746,0.0911170121,1.61817958e-05,6.1194082e-07,4.6420461e-15,4.84061156e-14,7.98838672e-13,7.31944564e-14,1.14881268e-11,5.56258365e-11,0.00578224683,0.0824519883,4.13929875e-09,2.93889228e-11,1.7877519e-13,2.79381233e-14,6.55470385e-13,7.83109721e-15,2.59267502e-12,2.67425029e-15,3.77353816e-14,6.75839758e-18,3.13901879e-19,1.70899261e-12,1.85434438e-11,1.49605536e-13,9.87725224e-10,1.84749977e-09,7.32534639e-10,7.65673953e-10,2.63924616e-09,0.000136721671,1.17119571e-07,5.34951993e-07,1.27958801e-08,1.79988007e-10,1.1905645e-07,8.69175011e-13,2.59089008e-16,7.32483372e-10,9.63452186e-10,5.49434341e-08,6.66713624e-09,0.742075125,-6.87540732e-21,7.23672332e-28,2.56457407e-27,3.54104604e-15,7.86833915e-16
0.0147421875,-0.458212042,68.3550078,-2539.2866,1723.49105,0.194558039,0.000197161915,5.92960274e-05,0.00149311713,0.077470473,0.0030080153,0.0895465651,1.7096591e-05,6.47014522e-07,1.87744791e-15,2.08639484e-14,3.83721545e-13,3.41073343e-14,5.64730008e-12,2.92038931e-11,0.0052446734,0.0801309231,3.57133233e-09,1.75725428e-11,8.30940923e-14,1.42667975e-14,3.48560359e-13,2.68459373e-15,9.80702002e-13,1.02271824e-15,1.56577381e-14,2.88498802e-18,1.35917128e-19,7.39572381e-13,9.13699899e-12,6.11201805e-14,7.6631319e-10,1.53149921e-09,5.34730944e-10,5.54557953e-10,2.39872261e-09,0.00013262037,1.23788852e-07,5.53584892e-07,1.23483135e-08,1.23563124e-10,9.11108055e-08,6.70953628e-13,1.18963702e-16,5.16156642e-10,7.35374295e-10,4.29585135e-08,5.05677032e-09,0.742698571,-6.71846435e-21,1.60022518e-28,6.20518598e-28,1.767047e-15,3.35659457e-16
0.014765625,-0.455611503,67.9233938,-2539.2866,1703.47577,0.197041146,0.000180076424,5.45511223e-05,0.00144652386,0.0815086249,0.00285049088,0.0879573738,1.80505366e-05,6.85647177e-07,7.93830037e-16,9.21901046e-15,1.8954093e-13,1.61968771e-14,2.82609226e-12,1.56105518e-11,0.00475708217,0.0777902802,3.07513925e-09,1.12806726e-11,3.92453036e-14,7.43517707e-15,1.89507597e-13,9.26165528e-16,3.76253585e-13,3.9627987e-16,6.61565651e-15,1.25735137e-18,6.08206717e-20,3.27389002e-13,4.56346587e-12,2.53989882e-14,5.98596989e-10,1.28407109e-09,3.92992249e-10,4.05457265e-10,2.17075925e-09,0.000128575744,1.30979549e-07,5.70601066e-07,1.19669425e-08,8.49344019e-11,7.03053886e-08,5.23135843e-13,5.61215892e-17,3.67376352e-10,5.6428737e-10,3.38005845e-08,3.85114623e-09,0.743306854,-6.56452285e-21,3.69635689e-29,1.57260908e-28,9.00327496e-16,1.45632023e-16
0.0147890625,-0.45279369,67.4887799,-2539.2866,1682.81959,0.199657609,0.000164326119,5.00203097e-05,0.00139473486,0.0855535698,0.00268960262,0.086350034,1.90473107e-05,7.28476618e-07,3.50766104e-16,4.17615596e-15,9.62822504e-14,7.83987806e-15,1.44072252e-12,8.50452964e-12,0.00431561476,0.0754366087,2.64259834e-09,7.75908492e-12,1.88571496e-14,3.95828957e-15,1.05409053e-13,3.22118174e-16,1.46712642e-13,1.55741642e-16,2.84947245e-15,5.60121481e-19,2.80821644e-20,1.48206035e-13,2.31221763e-12,1.07606686e-14,4.70165959e-10,1.0869427e-09,2.90869568e-10,2.99316726e-10,1.9558022e-09,0.000124590457,1.38782708e-07,5.85716366e-07,1.16371921e-08,5.84772095e-11,5.47382264e-08,4.12331343e-13,2.72011469e-17,2.64145231e-10,4.35561947e-10,2.67785791e-08,2.94690618e-09,0.743900294,-6.41353329e-21,8.94270021e-30,4.18174699e-29,4.68664254e-16,6.43311243e-17
0.0148125,-0.449757503,67.0512099,-2539.2866,1661.5278,0.202414889,0.000149835911,4.57109469e-05,0.00133844254,0.0895998693,0.00252671557,0.0847251449,2.00905688e-05,7.76251251e-07,1.61459206e-16,1.93836981e-15,5.02729439e-14,3.86835337e-15,7.48691643e-13,4.72657371e-12,0.00391663293,0.0730760198,2.26638436e-09,5.67144561e-12,9.23096141e-15,2.15469293e-15,6.00199768e-14,1.13127569e-16,5.82571755e-14,6.21415542e-17,1.25245555e-15,2.55326219e-19,1.33719967e-20,6.85597582e-14,1.18943018e-12,4.65801286e-15,3.70829532e-10,9.27083197e-10,2.16862118e-10,2.2314577e-10,1.75411542e-09,0.000120666441,1.47305267e-07,5.98667915e-07,1.13482282e-08,4.03395959e-11,4.30268913e-08,3.2880521e-13,1.35367945e-17,1.91879435e-10,3.38363435e-10,2.13734678e-08,2.26702495e-09,0.744479265,-6.26544819e-21,2.27368714e-30,1.16939322e-29,2.49388088e-16,2.89638781e-17
0.0148359375,-0.446502465,66.6107292,-2539.2866,1639.60789,0.205320831,0.00013653665,4.16276089e-05,0.00127832776,0.0936422919,0.00236312968,0.0830833251,2.11838751e-05,8.29856145e-07,7.70002906e-17,9.20801438e-16,2.69529152e-14,1.94569901e-15,3.96841162e-13,2.68216487e-12,0.00355670264,0.0707142209,1.93987439e-09,4.35530473e-12,4.61152327e-15,1.20040815e-15,3.50047107e-14,4.01798347e-17,2.36016649e-14,2.51948187e-17,5.62343381e-16,1.19218123e-19,6.56766866e-21,3.2378267e-14,6.21634164e-13,2.06440628e-15,2.93317633e-10,7.95207375e-10,1.62901682e-10,1.68032541e-10,1.56580494e-09,0.000116805066,1.56673888e-07,6.09223838e-07,1.10919631e-08,2.78886039e-11,3.41649722e-08,2.65471972e-13,6.90830639e-18,1.40837663e-10,2.64672465e-10,1.71952973e-08,1.75425038e-09,0.745044184,-6.12022209e-21,6.1363398e-31,3.48280258e-30,1.35727513e-16,1.3305502e-17
0.014859375,-0.443028719,66.1673855,-2539.2866,1617.06953,0.208383698,0.000124363884,3.77725041e-05,0.00121505714,0.0976757939,0.00220007816,0.0814252267,2.23306231e-05,8.90346268e-07,3.77883623e-17,4.46908401e-16,1.48136471e-14,9.97437715e-16,2.14665916e-13,1.55530627e-12,0.00323258115,0.0683565436,1.65708975e-09,3.47389651e-12,2.35605103e-15,6.85070096e-16,2.09215398e-14,1.44525906e-17,9.77303024e-15,1.03880856e-17,2.58163473e-16,5.70740046e-20,3.32881414e-21,1.55943245e-14,3.30298433e-13,9.38553145e-16,2.32385905e-10,6.84694217e-10,1.23307132e-10,1.27823677e-10,1.39084004e-09,0.000113007273,1.67039836e-07,6.17192461e-07,1.08623102e-08,1.93265479e-11,2.74180958e-08,2.17164046e-13,3.60867822e-18,1.04463617e-10,2.08552039e-10,1.39508127e-08,1.36609163e-09,0.745595512,-5.97781152e-21,1.91778664e-31,1.268907e-30,7.55882273e-17,6.24332648e-18
0.0148828125,-0.439337027,65.7212294,-2539.2866,1593.92451,0.211612209,0.00011325679,3.41458372e-05,0.00114928078,0.101695506,0.00203872491,0.0797515471,2.35339444e-05,9.58989435e-07,1.89486028e-17,2.21126038e-16,8.32928806e-15,5.20963741e-16,1.18565963e-13,9.22265786e-13,0.00294120669,0.0660079666,1.41265125e-09,2.85077822e-12,1.23421764e-15,4.00859405e-16,1.28201802e-14,5.27163468e-18,4.14340682e-15,4.35885653e-18,1.2129219e-16,2.80392801e-20,1.74227462e-21,7.65198983e-15,1.7853703e-13,4.38494078e-16,1.84202447e-10,5.90809678e-10,9.40620499e-11,9.82423393e-11,1.22907222e-09,0.000109273667,1.78585228e-07,6.22430286e-07,1.06546278e-08,1.34266235e-11,2.22487932e-08,1.80102036e-13,1.92493737e-18,7.83106174e-11,1.65602631e-10,1.14191455e-08,1.07103081e-09,0.746133749,-5.83817497e-21,1.23033999e-31,1.18322372e-30,4.30967911e-17,2.99561482e-18
0.01490625,-0.435428772,65.2723149,-2539.2866,1570.18677,0.215015578,0.000103157259,3.07461284e-05,0.00108163027,0.105696721,0.00188016092,0.0780630407,2.47966044e-05,1.03732279e-06,9.64399839e-18,1.11257193e-16,4.77982696e-15,2.77084596e-16,6.68959656e-14,5.59620785e-13,0.00267969047,0.063673134,1.20173923e-09,2.39007845e-12,6.6498522e-16,2.40702371e-16,8.05739919e-15,1.95220242e-18,1.80153323e-15,1.86261513e-18,5.83694455e-17,1.41474104e-20,9.42322567e-22,3.82199853e-15,9.82339129e-14,2.10868382e-16,1.45928333e-10,5.10150916e-10,7.23145613e-11,7.62959178e-11,1.08025202e-09,0.000105604579,1.91531151e-07,6.24848119e-07,1.04653043e-08,9.35154785e-12,1.82622916e-08,1.51512264e-13,1.04564979e-18,5.93393667e-11,1.32558901e-10,9.43360623e-09,8.45683216e-10,0.746659422,-5.70127286e-21,2.66033324e-31,3.36319312e-30,2.51679038e-17,1.47135941e-18
0.0149296875,-0.431305965,64.8206999,-2539.2866,1545.87233,0.218603548,9.4009084e-05,2.75704937e-05,0.00101271713,0.109674887,0.0017254,0.076360529,2.61208853e-05,1.12722877e-06,4.95284967e-18,5.67677643e-17,2.79238772e-15,1.49968647e-16,3.85699347e-14,3.4768504e-13,0.00244531066,0.0613563691,1.0200552e-09,2.03739679e-12,3.69812745e-16,1.48447626e-16,5.19555787e-15,7.34778637e-19,8.04569754e-16,8.11111221e-19,2.87940089e-17,7.3363727e-21,5.27030623e-22,1.94172398e-15,5.50497131e-14,1.04526815e-16,1.1543041e-10,4.40250701e-10,5.60302357e-11,5.98760863e-11,9.44044147e-10,0.000102000116,2.06148311e-07,6.24414897e-07,1.02914475e-08,6.52956159e-12,1.51674229e-08,1.29350969e-13,5.76733701e-19,4.5456305e-11,1.0699221e-10,7.86807521e-09,6.72681715e-10,0.747173092,-5.56706753e-21,8.36960952e-31,1.20111778e-29,1.50613195e-17,7.40615836e-19
0.014953125,-0.42697125,64.3664469,-2539.2866,1520.99932,0.222386435,8.57572651e-05,2.46148908e-05,0.000943131591,0.113625603,0.00157537365,0.0746449108,2.75084568e-05,1.23104026e-06,2.55397079e-18,2.92929709e-17,1.6565113e-15,8.25311325e-17,2.27324971e-14,2.21287904e-13,0.00223550783,0.0590616861,8.6378407e-10,1.76028951e-12,2.13067359e-16,9.41107588e-17,3.43806127e-15,2.81363132e-19,3.69629583e-16,3.6019662e-19,1.4571726e-17,3.91249484e-21,3.04994442e-22,1.00276025e-15,3.14373768e-14,5.34757619e-17,9.10838279e-11,3.7929718e-10,4.37505816e-11,4.74872186e-11,8.20040937e-10,9.84601964e-05,2.22771189e-07,6.21158883e-07,1.01306526e-08,4.5698456e-12,1.27484282e-08,1.12105478e-13,3.22016171e-19,3.52080555e-11,8.7091691e-11,6.62684252e-09,5.39108217e-10,0.747675338,-5.43552322e-21,2.63332785e-30,4.19486416e-29,9.24034657e-18,3.82458823e-19
0.0149765625,-0.422427922,63.9096236,-2539.2866,1495.58802,0.226375157,7.83474189e-05,2.18743306e-05,0.000873441662,0.117544612,0.00143092539,0.0729171712,2.89602324e-05,1.35169075e-06,1.31676324e-18,1.52457421e-17,9.95424314e-16,4.61404033e-17,1.36996644e-14,1.44344724e-13,0.00204788162,0.0567927986,7.29556824e-10,1.5383353e-12,1.27615141e-16,6.13823173e-17,2.33519087e-15,1.09708037e-19,1.74927766e-16,1.63232462e-19,7.57041446e-18,2.14696571e-21,1.82721081e-22,5.26143037e-16,1.83045623e-14,2.82656288e-17,7.16351968e-11,3.25936377e-10,3.44245371e-11,3.80609041e-11,7.07774322e-10,9.49845636e-05,2.41817051e-07,6.15166146e-07,9.98082455e-09,3.20490608e-12,1.08446002e-08,9.86507536e-14,1.81474965e-19,2.757778e-11,7.15033163e-11,5.63702722e-09,4.35334495e-10,0.748166765,-5.1964645e-21,7.91282915e-30,1.3937372e-28,5.81442e-18,2.02844177e-19
0.015,-0.417679938,63.4503036,-2539.2866,1469.6608,0.230581273,7.1725311e-05,1.93430575e-05,0.000804192471,0.121427802,0.00129280427,0.0711783894,3.04762017e-05,1.49293291e-06,6.76346468e-19,7.98284595e-18,6.04551387e-16,2.61823253e-17,8.44362198e-15,9.65323599e-14,0.00188018818,0.054553127,6.14413658e-10,1.35796182e-12,7.96528841e-17,4.12234611e-17,1.62825869e-15,4.35919544e-20,8.5389983e-17,7.55446596e-20,4.04030406e-18,1.21277277e-21,1.13367931e-22,2.80372233e-16,1.08718505e-14,1.544915e-17,5.61066817e-11,2.79133782e-10,2.72905253e-11,3.08285289e-11,6.06726354e-10,9.15728017e-05,2.63811756e-07,6.06576413e-07,9.84004214e-09,2.25135709e-12,9.33556408e-09,8.81457288e-14,1.029396e-19,2.18485074e-11,5.92116514e-11,4.84292127e-09,3.54167435e-10,0.74864799,-4.96219997e-21,2.28494758e-29,4.39008738e-28,3.75390258e-18,1.10606703e-19
0.0150234375,-0.412731938,62.9885671,-2539.2866,1443.24224,0.235017013,6.58365299e-05,1.70146956e-05,0.000735905657,0.125271208,0.00116165808,0.0694297451,3.20552072e-05,1.65964779e-06,3.4497874e-19,4.19538223e-18,3.70319567e-16,1.50676204e-17,5.32318724e-15,6.62053346e-14,0.00173033804,0.0523458049,5.15767639e-10,1.20967812e-12,5.18511376e-17,2.85290993e-17,1.16565343e-15,1.76628482e-20,4.30461512e-17,3.57333299e-20,2.21644848e-18,7.05421785e-22,7.2861334e-23,1.51687657e-16,6.58976816e-15,8.73732442e-18,4.37278111e-11,2.3807792e-10,2.17936184e-11,2.52332271e-11,5.16338385e-10,8.82243337e-05,2.8942502e-07,5.95576599e-07,9.7064486e-09,1.58322796e-12,8.13061536e-09,7.99582295e-14,5.86208609e-20,1.75107621e-11,4.94529014e-11,4.20176745e-09,2.90219451e-10,0.749119641,-4.8306326e-21,7.0746172e-29,1.30969408e-27,2.4874688e-18,6.20689342e-20
0.015046875,-0.407589262,62.5245017,-2539.2866,1416.35908,0.239695312,6.06263203e-05,1.4882363e-05,0.00066907861,0.129071015,0.00103802615,0.0676725225,3.36946043e-05,1.8582282e-06,1.74231215e-19,2.20827064e-18,2.28370229e-16,8.78805783e-18,3.4330605e-15,4.65733571e-14,0.00159639421,0.0501736849,4.31369004e-10,1.08654562e-12,3.51559806e-17,2.03604703e-17,8.56851148e-16,7.30203798e-21,2.2434434e-17,1.72891688e-20,1.25051917e-18,4.22580917e-22,4.85117358e-23,8.32973758e-17,4.0778313e-15,5.1153687e-18,3.38862066e-11,2.02113543e-10,1.7527143e-11,2.08686745e-11,4.36019029e-10,8.49384106e-05,3.19518773e-07,5.82392454e-07,9.5781592e-09,1.11378809e-12,7.16097831e-09,7.36104488e-14,3.34347026e-20,1.41996966e-11,4.16508482e-11,3.68060519e-09,2.39444794e-10,0.749582355,-4.70175152e-21,4.32835526e-28,3.69845767e-27,1.69213269e-18,3.58791738e-20
0.0150703125,-0.402257973,62.0582034,-2539.2866,1389.0403,0.244629833,5.60395923e-05,1.29387546e-05,0.000604183216,0.132823571,0.000922332557,0.0659081111,3.53897224e-05,2.09689903e-06,8.6877113e-20,1.16181418e-18,1.4154987e-16,5.19195986e-18,2.26500761e-15,3.36072112e-14,0.00147657005,0.048039345,3.59270194e-10,9.83299972e-13,2.47415886e-17,1.49932705e-17,6.46796468e-16,3.08141072e-21,1.20995329e-17,8.56385872e-21,7.25985143e-19,2.60740489e-22,3.34604402e-23,4.64165921e-17,2.57706122e-15,3.10107785e-18,2.60914029e-11,1.70695512e-10,1.41913451e-11,1.74362845e-11,3.65151076e-10,8.17140881e-05,3.55213415e-07,5.67278903e-07,9.45317642e-09,7.83161875e-13,6.37417174e-09,6.87392191e-14,1.90581925e-20,1.16520016e-11,3.53694998e-11,3.25391113e-09,1.98797722e-10,0.750036766,-4.60924797e-21,7.87936692e-27,9.87978192e-27,1.18187251e-18,2.13818671e-20
0.01509375,-0.396744877,61.5897773,-2539.2866,1361.31713,0.249834988,5.20211128e-05,1.11761958e-05,0.000541663721,0.136525395,0.000814880083,0.064138004,3.71330842e-05,2.38562794e-06,4.26608333e-20,6.09849753e-19,8.80540807e-17,3.10618005e-18,1.52864552e-15,2.48737768e-14,0.0013692268,0.0459450957,2.97791768e-10,8.95824123e-13,1.7980812e-17,1.13963103e-17,5.01389975e-16,1.32775647e-21,6.75852832e-18,4.34619305e-21,4.33871598e-19,1.65848655e-22,2.39074884e-23,2.62407886e-17,1.66367851e-15,1.94678641e-18,1.99478982e-11,1.43356989e-10,1.15640007e-11,1.47150898e-11,3.03097606e-10,7.85501864e-05,3.97977963e-07,5.50509716e-07,9.32930529e-09,5.49881552e-13,5.72989677e-09,6.50669598e-14,1.0835569e-20,9.67616714e-12,3.02779331e-11,2.90183148e-09,1.65979993e-10,0.750483501,-4.51866917e-21,1.97806007e-25,2.48760754e-26,8.47546611e-19,1.31459187e-20
0.0151171875,-0.391057543,61.1193385,-2539.2866,1333.22309,0.255325957,4.85158719e-05,9.58667165e-06,0.000481933264,0.140173198,0.000715845877,0.0623637916,3.89134517e-05,2.73510619e-06,2.05700504e-20,3.18828022e-19,5.4901566e-17,1.88163485e-18,1.05513049e-15,1.88778418e-14,0.00127287048,0.043892988,2.45489455e-10,8.20817776e-13,1.34112212e-17,8.94109542e-18,3.9912784e-16,5.8429986e-22,3.91248597e-18,2.26149321e-21,2.67029032e-19,1.09596918e-22,1.76872567e-23,1.50467585e-17,1.0973359e-15,1.2654657e-18,1.51348559e-11,1.19687422e-10,9.47941871e-12,1.25404179e-11,2.49207576e-10,7.54452317e-05,4.49750602e-07,5.32367141e-07,9.2040634e-09,3.85120394e-13,5.19702616e-09,6.23803424e-14,6.13376004e-21,8.13181584e-12,2.61240451e-11,2.60885507e-09,1.39253742e-10,0.750923176,-4.34131138e-21,4.98252108e-24,5.67468238e-26,6.23928869e-19,8.34248671e-21
0.015140625,-0.385204323,60.6470136,-2539.2866,1304.79401,0.261118694,4.54696009e-05,8.16183861e-06,0.000425368722,0.143763906,0.000625279728,0.0605871526,4.07148926e-05,3.15440843e-06,9.71708166e-21,1.65736432e-19,3.42682227e-17,1.15423086e-18,7.44566719e-16,1.46844132e-14,0.00118614797,0.0418848234,2.0112268e-10,7.55582495e-13,1.01995025e-17,7.23727711e-18,3.26204092e-16,2.62618319e-22,2.34843009e-18,1.20695835e-21,1.6926316e-19,7.29823514e-23,1.34743955e-23,8.7491825e-18,7.39553398e-16,8.51511531e-19,1.13907072e-11,9.93171907e-11,7.81336447e-12,1.07886983e-11,2.02821193e-10,7.23973756e-05,5.13094167e-07,5.13132104e-07,9.07458386e-09,2.68752697e-13,4.75139178e-09,6.05145391e-14,3.45133978e-21,6.91524401e-12,2.2714848e-11,2.36281473e-09,1.17302233e-10,0.751356381,-4.16770749e-21,2.50046093e-25,4.18413331e-26,4.71316596e-19,5.46539674e-21
0.0151640625,-0.379194371,60.1729412,-2539.2866,1276.06799,0.267229924,4.28294034e-05,6.8930277e-06,0.000372303691,0.147294677,0.000543105855,0.0588098404,4.25160427e-05,3.64754795e-06,4.48459597e-21,8.55292403e-20,2.13890572e-17,7.17112845e-19,5.36827817e-16,1.16986153e-14,0.00110784225,0.0399221648,1.63625014e-10,6.97879421e-13,7.85923983e-18,6.03782016e-18,2.7359282e-16,1.20542215e-22,1.46198249e-18,6.60783183e-22,1.10521856e-19,5.03934813e-23,1.05957856e-23,5.1574885e-18,5.0926767e-16,5.92844894e-19,8.50142412e-12,8.19068731e-11,6.47217511e-12,9.36656807e-12,1.63275402e-10,6.94042948e-05,5.91383851e-07,4.93075508e-07,8.93751362e-09,1.86660028e-13,4.37415109e-09,5.93415183e-14,1.92738786e-21,5.94923874e-12,1.99016152e-11,2.15413329e-09,9.91256817e-11,0.751783675,-3.99782588e-21,1.15859153e-26,2.04264741e-26,3.65098484e-19,3.69477611e-21
0.0151875,-0.373037647,59.6972736,-2539.2866,1247.08545,0.273677136,4.05444443e-05,5.77124915e-06,0.00032301981,0.150762932,0.000469129031,0.0570336672,4.42895401e-05,4.20999406e-06,2.01557142e-21,4.37502919e-20,1.33368838e-17,4.51360596e-19,3.95108187e-16,9.53542439e-15,0.00103686659,0.0380063501,1.32077058e-10,6.45835831e-13,6.09948648e-18,5.18341334e-18,2.35280756e-16,5.64869913e-23,9.43965318e-19,3.70998554e-22,7.43434145e-20,3.57472847e-23,8.5762747e-24,3.08128725e-18,3.58264579e-16,4.26787576e-19,6.29156414e-12,6.71398278e-11,5.38486041e-12,8.20300847e-12,1.29909718e-10,6.64630812e-05,6.89008688e-07,4.72451015e-07,8.7889181e-09,1.28888208e-13,4.05057344e-09,5.87612733e-14,1.06673879e-21,5.175861e-12,1.75686754e-11,1.97525203e-09,8.39628972e-11,0.75220558,-3.83163809e-21,7.84935587e-28,1.04967844e-26,2.89735115e-19,2.57697631e-21
0.0152109375,-0.366744915,59.2201776,-2539.2866,1217.88899,0.280478567,3.85666359e-05,4.78720789e-06,0.000277737074,0.154166373,0.000403045457,0.0552604831,4.60013682e-05,4.82668402e-06,8.81532598e-22,2.21508662e-20,8.30063109e-18,2.87852533e-19,2.96503068e-16,7.94139594e-15,0.000972257864,0.0361385071,1.05682253e-10,5.97886949e-13,4.74193278e-18,4.56932775e-18,2.07179411e-16,2.70099064e-23,6.31983354e-19,2.1342872e-22,5.1508648e-20,2.59908301e-23,7.12449462e-24,1.86514621e-18,2.57407438e-16,3.17392414e-19,4.61739763e-12,5.47173577e-11,4.49733833e-12,7.24363311e-12,1.0207252e-10,6.35701487e-05,8.11542708e-07,4.5148958e-07,8.62421464e-09,8.83847984e-14,3.76913105e-09,5.86951867e-14,5.84389828e-22,4.55129953e-12,1.56249964e-11,1.82019494e-09,7.12320253e-11,0.752622567,-3.66911896e-21,1.56887127e-28,5.68806174e-27,2.35230215e-19,1.85257607e-21
0.015234375,-0.360327731,58.7418362,-2539.2866,1188.52331,0.287653172,3.68512602e-05,3.9313357e-06,0.000236604216,0.157502993,0.000344458219,0.0534921541,4.7609834e-05,5.47265806e-06,3.74552552e-22,1.10861972e-20,5.15326897e-18,1.85996888e-19,2.26528333e-16,6.74692067e-15,0.000913168929,0.0343195697,8.37459748e-11,5.5274516e-13,3.674635e-18,4.12532906e-18,1.86445821e-16,1.31677455e-23,4.38463581e-19,1.25614906e-22,3.67456927e-20,1.93244246e-23,6.05311189e-24,1.14348056e-18,1.8880642e-16,2.4352484e-19,3.36157527e-12,4.43560397e-11,3.76820525e-12,6.44651114e-12,7.91277555e-11,6.07212012e-05,9.65808908e-07,4.30395841e-07,8.43817469e-09,6.01322e-14,3.5208108e-09,5.90809652e-14,3.1654305e-22,4.04218003e-12,1.39979362e-11,1.68423435e-09,6.04855934e-11,0.753035056,-3.51024666e-21,7.0321107e-29,3.24562605e-27,1.9502704e-19,1.3706748e-21
0.0152578125,-0.353798403,58.2624495,-2539.2866,1159.035,0.295220598,3.53574724e-05,3.19384174e-06,0.000199690581,0.160771088,0.000292896461,0.0517305394,4.90642387e-05,6.11633912e-06,1.53904183e-22,5.478999e-21,3.19022828e-18,1.21721746e-19,1.75882287e-16,5.8366667e-15,0.000858860328,0.0325502958,6.56581051e-11,5.09391329e-13,2.82553654e-18,3.80330901e-18,1.71053861e-16,6.53755693e-24,3.14931774e-19,7.54708175e-23,2.69746966e-20,1.46535441e-23,5.23917896e-24,7.09759648e-19,1.41302217e-16,1.92452774e-19,2.42890397e-12,3.57869591e-11,3.16561382e-12,5.77909418e-12,6.04618395e-11,5.79113235e-05,1.15972868e-06,4.09346326e-07,8.22505111e-09,4.05498188e-14,3.29858654e-09,5.98687495e-14,1.6939299e-22,3.62290324e-12,1.26286844e-11,1.56363228e-09,5.13763897e-11,0.753443404,-3.35500286e-21,3.86804935e-29,1.94613483e-27,1.64734152e-19,1.04155331e-21
0.01528125,-0.347169942,57.7822365,-2539.2866,1129.47232,0.303201146,3.40486497e-05,2.56477943e-06,0.000166980977,0.163969247,0.000247836818,0.0499774693,5.03038071e-05,6.72437615e-06,6.10584397e-23,2.6720879e-21,1.96954115e-18,8.06153893e-20,1.38502592e-16,5.13101442e-15,0.000808691448,0.0308312852,5.08789972e-11,4.67082384e-13,2.14689237e-18,3.56955673e-18,1.59522305e-16,3.30041764e-24,2.33854893e-19,4.61543464e-23,2.03579698e-20,1.12967328e-23,4.60065701e-24,4.45834233e-19,1.07823865e-16,1.56321456e-19,1.74289705e-12,2.87565844e-11,2.66495273e-12,5.2159423e-12,4.54904146e-11,5.51352662e-05,1.40183769e-06,3.88489308e-07,7.9788932e-09,2.70790403e-14,3.09700841e-09,6.10181411e-14,8.95162774e-23,3.27371454e-12,1.14690147e-11,1.45543847e-09,4.36316788e-11,0.753847909,-3.20337272e-21,2.2884536e-29,1.22333783e-27,1.41342318e-19,8.10708817e-22
0.0153046875,-0.340455997,57.3014359,-2539.2866,1099.88488,0.311615723,3.28925612e-05,2.03412618e-06,0.00013837484,0.167096337,0.000208725275,0.0482347274,5.12578493e-05,7.2665072e-06,2.34542657e-23,1.28574521e-21,1.21336811e-18,5.39669389e-20,1.1038238e-16,4.5742197e-15,0.000762111415,0.0291629981,3.89286138e-11,4.25366075e-13,1.60581635e-18,3.39986064e-18,1.507427e-16,1.6909264e-24,1.79192864e-19,2.86298184e-23,1.57759742e-20,8.82151039e-24,4.08243625e-24,2.8327561e-19,8.38208955e-17,1.30172303e-19,1.24285301e-12,2.30289054e-11,2.24710843e-12,4.73703277e-12,3.36646405e-11,5.23879765e-05,1.70037729e-06,3.67946023e-07,7.6940956e-09,1.78925165e-14,2.91187851e-09,6.2495988e-14,4.67177999e-23,2.97929555e-12,1.04790268e-11,1.35733115e-09,3.7033915e-11,0.754248806,-3.05534507e-21,1.43296118e-29,8.03966488e-28,1.22738576e-19,6.44343768e-22
0.015328125,-0.33367077,56.8203077,-2539.2866,1070.3233,0.320485793,3.18613597e-05,1.59187325e-06,0.000113690559,0.170151473,0.000174997585,0.046504038,5.18482043e-05,7.71918819e-06,8.66113287e-24,6.10675044e-22,7.46923702e-19,3.64589538e-20,8.88380225e-17,4.12675736e-15,0.00071864994,0.0275457726,2.93784418e-11,3.84090046e-13,1.17838374e-18,3.27635341e-18,1.43871249e-16,8.77123388e-25,1.41366838e-19,1.79414329e-23,1.25326715e-20,6.94911885e-24,3.64778404e-24,1.81967972e-19,6.63197425e-17,1.108058e-19,8.81298766e-13,1.8388292e-11,1.89715082e-12,4.32649723e-12,2.44767046e-11,4.96653799e-05,2.06195408e-06,3.47812936e-07,7.36617777e-09,1.168842e-14,2.7399913e-09,6.42748629e-14,2.40953232e-23,2.72772981e-12,9.62560193e-12,1.26749039e-09,3.14065566e-11,0.754646271,-2.91091237e-21,9.47466538e-30,5.50725862e-28,1.0740553e-19,5.2110101e-22
0.0153515625,-0.326828919,56.3391342,-2539.2866,1040.83883,0.329833324,3.09314069e-05,1.22812435e-06,9.26751275e-05,0.173133976,0.000146096676,0.0447870581,5.19946937e-05,8.06742836e-06,3.09375242e-24,2.86623559e-22,4.60363101e-19,2.48107414e-20,7.20493615e-17,3.76029061e-15,0.000677908364,0.0259798416,2.18457258e-11,3.43390968e-13,8.45907025e-19,3.18543313e-18,1.38261307e-16,4.59417481e-25,1.1451751e-19,1.13097707e-23,1.01867011e-20,5.49791805e-24,3.27286281e-24,1.18111679e-19,5.33478448e-17,9.61152735e-20,6.21702487e-13,1.46423873e-11,1.60333019e-12,3.97167582e-12,1.74643144e-11,4.69653402e-05,2.48989734e-06,3.28164668e-07,6.99271148e-09,7.54334508e-15,2.57892372e-09,6.63322599e-14,1.22981034e-23,2.50973642e-12,8.88133945e-12,1.18449648e-09,2.6603867e-11,0.755040428,-2.77007075e-21,6.60846567e-30,3.91929799e-28,9.4240631e-20,4.27264645e-22
0.015375,-0.319945443,55.8582213,-2539.2866,1011.48285,0.339680721,3.00829624e-05,9.33203348e-07,7.50185025e-05,0.176043333,0.00012148602,0.0430853757,5.16236207e-05,8.3049334e-06,1.08428033e-24,1.33177147e-22,2.84858722e-19,1.69741198e-20,5.87666115e-17,3.45431391e-15,0.000639551086,0.0244653474,1.59895144e-11,3.0365291e-13,5.92656629e-19,3.11634554e-18,1.33420668e-16,2.42269678e-25,9.49772892e-20,7.14025629e-24,8.45284758e-21,4.34892144e-24,2.94290767e-24,7.74206671e-20,4.35772446e-17,8.46885126e-20,4.364163e-13,1.1624307e-11,1.35630654e-12,3.66240717e-12,1.22139845e-11,4.42886297e-05,2.98260159e-06,3.09057262e-07,6.57422562e-09,4.80625847e-15,2.42686474e-09,6.8650611e-14,6.22367026e-24,2.31809596e-12,8.22378762e-12,1.10724797e-09,2.25037763e-11,0.755431353,-2.63281998e-21,4.85576448e-30,2.88753368e-28,8.2455184e-20,3.5391514e-22
0.0153984375,-0.313035558,55.3778992,-2539.2866,982.306494,0.350050772,2.92997737e-05,6.97770721e-07,6.03713103e-05,0.178879139,0.000100658663,0.0414005119,5.06784337e-05,8.43303476e-06,2.30272164e-25,6.13702409e-23,1.77500917e-19,1.16531175e-20,4.81206225e-17,3.19387699e-15,0.000603297527,0.0230023556,1.15079995e-11,2.65432475e-13,4.04619133e-19,3.06017223e-18,1.28982963e-16,1.28244354e-25,8.03999063e-20,4.4964065e-24,7.14347483e-21,3.42414869e-24,2.64932732e-24,5.1220244e-20,3.61009995e-17,7.55645781e-20,3.04845734e-13,9.19352807e-12,1.14855737e-12,3.39049377e-12,8.36298436e-12,4.16396751e-05,3.53225974e-06,2.90531481e-07,6.11485671e-09,3.02163273e-15,2.28247692e-09,7.12181667e-14,3.13142052e-24,2.14721429e-12,7.63483081e-12,1.03489523e-09,1.90029999e-11,0.755819085,-2.49916334e-21,3.7501142e-30,2.19428721e-28,7.15237503e-20,2.95202446e-22
0.015421875,-0.306114489,54.898523,-2539.2866,953.359855,0.360966666,2.85686108e-05,5.12946081e-07,4.83640352e-05,0.181641052,8.31423175e-05,0.0397339261,4.91307399e-05,8.45896502e-06,3.94066367e-26,2.81388771e-23,1.11722723e-19,8.01523277e-21,3.94982086e-17,2.96801654e-15,0.00056891471,0.0215908652,8.13662621e-12,2.29359096e-13,2.68999523e-19,3.00906865e-18,1.24686252e-16,6.79463295e-26,6.92536542e-20,2.81458093e-24,6.13307639e-21,2.67248277e-24,2.38739816e-24,3.4183089e-20,3.02910266e-17,6.80821085e-20,2.11860725e-13,7.23513042e-12,9.73926776e-13,3.14929777e-12,5.59966246e-12,3.9026839e-05,4.124403e-06,2.72615895e-07,5.62251829e-09,1.87362318e-15,2.14478468e-09,7.40296816e-14,1.56812904e-24,1.99278524e-12,7.10014348e-12,9.66786695e-10,1.60137244e-11,0.756203631,-2.3691075e-21,3.03292853e-30,1.71348047e-28,6.11576315e-20,2.47267777e-22
0.0154453125,-0.299197262,54.4204733,-2539.2866,924.691357,0.372452045,2.78787888e-05,3.70430608e-07,3.86256632e-05,0.184328749,6.85014789e-05,0.0380870229,4.69892287e-05,8.39394088e-06,7.72974757e-26,1.28489764e-23,7.12110377e-20,5.51682749e-21,3.24591977e-17,2.76865886e-15,0.000536210514,0.0202308177,5.64660001e-12,1.9602818e-13,1.74205196e-19,2.9557229e-18,1.20354853e-16,3.59330562e-26,6.05199392e-20,1.74698764e-24,5.33642479e-21,2.0600594e-24,2.15445692e-24,2.30010801e-20,2.57065399e-17,6.17825143e-20,1.46463188e-13,5.65745094e-12,8.27289799e-13,2.93343294e-12,3.66260379e-12,3.64620684e-05,4.73852889e-06,2.55329633e-07,5.1084506e-09,1.14553231e-15,2.01308513e-09,7.70863013e-14,7.84188572e-25,1.8515249e-12,6.608664e-12,9.02425264e-10,1.34612868e-11,0.756584976,-2.24266216e-21,2.55439549e-30,1.36984201e-28,5.12773569e-20,2.07549344e-22
0.01546875,-0.292298623,53.9441563,-2539.2866,896.34748,0.384530911,2.72217133e-05,2.62620004e-07,3.07999654e-05,0.18694189,5.63377241e-05,0.0364611602,4.43040733e-05,8.25136329e-06,1.0867653e-25,5.84991735e-24,4.60341178e-20,3.79692363e-21,2.6680841e-17,2.58984118e-15,0.000505027591,0.0189221028,3.84327149e-12,1.65908193e-13,1.10058094e-19,2.89302071e-18,1.15882632e-16,1.85807916e-26,5.35101023e-20,1.07386794e-24,4.69485431e-21,1.56358437e-24,1.94859778e-24,1.55976019e-20,2.20343166e-17,5.6346704e-20,1.00713503e-13,4.38853837e-12,7.04311017e-13,2.73852695e-12,2.33791818e-12,3.39598999e-05,5.34983965e-06,2.38684684e-07,4.58616821e-09,6.90496836e-16,1.88687768e-09,8.03883477e-14,3.91755223e-25,1.72095854e-12,6.15207468e-12,8.41433245e-10,1.12824066e-11,0.756963086,-2.1198398e-21,2.22283187e-30,1.11715508e-28,4.19675447e-20,1.74322341e-22
0.0154921875,-0.285432979,53.4700035,-2539.2866,868.372564,0.397227509,2.65904769e-05,1.82697098e-07,2.45581182e-05,0.189480103,4.62892557e-05,0.0348576574,4.11651683e-05,8.04530899e-06,3.03184615e-27,2.65569102e-24,3.01900464e-20,2.61212156e-21,2.1920559e-17,2.42715208e-15,0.000475237954,0.0176645633,2.56415346e-12,1.39279508e-13,6.80208593e-20,2.8140528e-18,1.11217406e-16,-4.91294084e-26,4.77517473e-20,6.53756131e-25,4.1674918e-21,1.16576035e-24,1.76787641e-24,1.06553651e-20,1.90492265e-17,5.15527162e-20,6.89005657e-14,3.37205479e-12,6.01278276e-13,2.56103472e-12,1.45528935e-12,3.15359775e-05,5.93181284e-06,2.22687755e-07,4.06999352e-09,4.10344288e-16,1.7658097e-09,8.39183858e-14,1.95524534e-25,1.59924716e-12,5.72429539e-12,7.83524286e-10,9.42366864e-12,0.75733791,-2.00065522e-21,1.97844692e-30,9.26302644e-29,3.34102567e-20,1.46390218e-22
0.015515625,-0.278614364,52.9984715,-2539.2866,840.808725,0.410566138,2.59795211e-05,1.24694328e-07,1.96070445e-05,0.191942969,3.80303523e-05,0.0332778048,3.76939631e-05,7.7893916e-06,6.34685438e-26,1.20122786e-24,2.00686604e-20,1.79625402e-21,1.79912123e-17,2.27732517e-15,0.000446738192,0.0164579976,1.67648371e-12,1.16213634e-13,4.12990628e-20,2.71255272e-18,1.06346794e-16,4.35143461e-27,4.29176659e-20,3.94665606e-25,3.72555019e-21,8.52364699e-25,1.60996543e-24,7.3303437e-21,1.65877983e-17,4.72466976e-20,4.69234002e-14,2.56330874e-12,5.14992879e-13,2.39808904e-12,8.82976403e-13,2.92053765e-05,6.45909605e-06,2.07341705e-07,3.57347527e-09,2.40442911e-16,1.64963497e-09,8.76136721e-14,9.74164873e-26,1.48504535e-12,5.32100799e-12,7.28481134e-10,7.84009872e-12,0.757709388,-1.88512508e-21,1.78056097e-30,7.78504458e-29,2.58084757e-20,1.22880087e-22
0.0155390625,-0.271856444,52.5300412,-2539.2866,813.695876,0.424570878,2.53843651e-05,8.35199505e-08,1.56935341e-05,0.194330031,3.12709309e-05,0.0317228726,3.4030265e-05,7.49600395e-06,1.04307912e-27,5.40794106e-25,1.34990469e-20,1.23492684e-21,1.47449329e-17,2.1379417e-15,0.000419445263,0.0153021607,1.07431736e-12,9.65904006e-14,2.47728152e-20,2.58377566e-18,1.01286017e-16,2.21987522e-25,3.87803626e-20,2.36801891e-25,3.34855275e-21,6.10626688e-25,1.47214554e-24,5.07663137e-21,1.45302625e-17,4.33226348e-20,3.18426821e-14,1.92594124e-12,4.42698451e-13,2.24737885e-12,5.2217449e-13,2.69810709e-05,6.9101423e-06,1.92646603e-07,3.10801173e-09,1.38936037e-16,1.53818274e-09,9.13368006e-14,4.83940359e-26,1.37738458e-12,4.93923024e-12,6.76138176e-10,6.49379161e-12,0.758077443,-1.77326747e-21,1.60244467e-30,6.61384916e-29,1.9318797e-20,1.03113019e-22
0.0155625,-0.265172553,52.0652174,-2539.2866,787.071852,0.439265203,2.48013961e-05,5.49463821e-08,1.26047281e-05,0.196640802,2.57560519e-05,0.0301941203,3.03166473e-05,7.1759067e-06,1.86083296e-25,2.42111072e-25,9.16878093e-21,8.49059727e-22,1.20626706e-17,2.00721154e-15,0.000393292857,0.0141967644,6.75244255e-13,8.01419096e-14,1.47851891e-20,2.42560937e-18,9.60679611e-17,1.60443479e-27,3.51708831e-20,1.41628807e-25,3.02179722e-21,4.28556058e-25,1.35148745e-24,3.53803695e-21,1.27881684e-17,3.9707996e-20,2.15596237e-14,1.4295175e-12,3.82032816e-13,2.10704866e-12,3.01159113e-13,2.48728209e-05,7.2691045e-06,1.78600477e-07,2.6819237e-09,7.9179391e-17,1.43133478e-09,9.48615805e-14,2.39469426e-26,1.27557819e-12,4.57695245e-12,6.26367905e-10,5.35262152e-12,0.758441986,-1.66510131e-21,1.42941257e-30,5.6662674e-29,1.40095668e-20,8.65279688e-23
0.0155859375,-0.258575755,51.6045272,-2539.2866,760.972608,0.454671466,2.42277095e-05,3.55636281e-08,1.01658682e-05,0.198874783,2.12650359e-05,0.0286928061,2.66835857e-05,6.83809711e-06,-7.4813557e-28,1.07788126e-25,6.27543275e-21,5.83949386e-22,9.84737796e-18,1.8838113e-15,0.000368228252,0.0131414759,4.16896752e-13,6.65082673e-14,8.85257443e-21,2.23947773e-18,9.07355259e-17,-7.6249173e-26,3.19755249e-20,8.47206043e-26,2.73463053e-21,2.94874406e-25,1.24509229e-24,2.48029782e-21,1.12957182e-17,3.63534834e-20,1.45855056e-14,1.04801038e-12,3.30990723e-13,1.97561482e-12,1.69619264e-13,2.28866323e-05,7.52673358e-06,1.65199824e-07,2.30008782e-09,4.45071172e-17,1.32900871e-09,9.78895765e-14,1.18017268e-26,1.17914519e-12,4.2328432e-12,5.7907054e-10,4.38909494e-12,0.758802908,-1.56064586e-21,1.25685721e-30,4.88536691e-29,9.85042027e-21,7.26419361e-23
0.015609375,-0.252078927,51.1485193,-2539.2866,735.432463,0.470810232,2.36609856e-05,2.27041185e-08,8.23629007e-06,0.201031479,1.76099122e-05,0.0272201956,2.32380236e-05,6.48987594e-06,-1.60983225e-25,4.77788465e-26,4.32030873e-21,4.01817913e-22,8.01937938e-18,1.76676439e-15,0.000344209648,0.0121359154,2.53437903e-13,5.52914331e-14,5.36388463e-21,2.03055102e-18,8.53360566e-17,-2.00371707e-28,2.91099681e-20,5.08555577e-26,2.4792624e-21,1.99241494e-25,1.15029871e-24,1.74819387e-21,1.00036173e-17,3.32257065e-20,9.87415321e-15,7.58978827e-13,2.87889497e-13,1.85189593e-12,9.35069027e-14,2.10247828e-05,7.68028691e-06,1.52439939e-07,1.96409935e-09,2.46745889e-17,1.23114594e-09,1.00098775e-13,5.79840167e-27,1.08775027e-12,3.9060227e-12,5.3416615e-10,3.57939712e-12,0.759160081,-1.45992012e-21,1.08696982e-30,4.2314923e-29,6.72819979e-21,6.10320894e-23
0.0156328125,-0.245694844,50.6977621,-2539.2866,710.484349,0.487699452,2.30993934e-05,1.4347416e-08,6.70455956e-06,0.203110417,1.46330946e-05,0.0257775698,2.00569613e-05,6.13703243e-06,-2.42088791e-28,2.11372891e-26,2.98743494e-21,2.76645857e-22,6.51300118e-18,1.65535207e-15,0.000321203925,0.0111796537,1.52209903e-13,4.60981023e-14,3.31546809e-21,1.80702523e-18,7.99175112e-17,3.22424871e-26,2.65127897e-20,3.07229541e-26,2.24994209e-21,1.32546025e-25,1.06481371e-24,1.23816273e-21,8.87466319e-18,3.03019762e-20,6.6984689e-15,5.43175788e-13,2.51333762e-13,1.7349551e-12,5.06203923e-14,1.92862939e-05,7.73266315e-06,1.40315108e-07,1.67282727e-09,1.34899887e-17,1.13770292e-09,1.01208273e-13,2.84582257e-27,1.00115797e-12,3.59589683e-12,4.91588735e-10,2.90265504e-12,0.759513348,-1.36294222e-21,9.24905612e-31,3.67655185e-29,4.47774643e-21,5.13290213e-23
0.01565625,-0.23943626,50.2528417,-2539.2866,686.160036,0.505353471,2.25415117e-05,9.0141213e-09,5.48345147e-06,0.205111156,1.22043858e-05,0.0243662315,1.71862994e-05,5.78408049e-06,-8.60001439e-26,9.35832534e-27,2.07262536e-21,1.90559543e-22,5.27394926e-18,1.54904729e-15,0.000299184761,0.0102722077,9.06899231e-14,3.85680207e-14,2.10319354e-21,1.57865522e-18,7.45259695e-17,9.4059765e-29,2.41384075e-20,1.87193419e-26,2.04238266e-21,8.71194831e-26,9.86763502e-25,8.80642968e-22,7.88055066e-18,2.75666448e-20,4.55884669e-15,3.84346136e-13,2.20178531e-13,1.62405259e-12,2.70226921e-14,1.76676632e-05,7.6910867e-06,1.28818712e-07,1.4231768e-09,7.27136727e-18,1.0486449e-09,1.01034459e-13,1.39999645e-27,9.19198495e-13,3.30204134e-12,4.51281782e-10,2.34040714e-12,0.759862521,-1.26972882e-21,7.75732991e-31,3.20031124e-29,2.91535031e-21,4.32140265e-23
0.0156796875,-0.233315978,49.8143599,-2539.2866,662.49031,0.523781868,2.19862639e-05,5.65811266e-09,4.50524658e-06,0.207033303,1.02175509e-05,0.0229875105,1.46439982e-05,5.43449991e-06,7.1877462e-29,4.16756424e-27,1.44155644e-21,1.31304074e-22,4.25718994e-18,1.44746556e-15,0.000278131082,0.00941303643,5.38564329e-14,3.23885026e-14,1.37330154e-21,1.35504947e-18,6.92041263e-17,7.46326092e-26,2.19543514e-20,1.15162109e-26,1.85335543e-21,5.6810526e-26,9.14682886e-25,6.28593918e-22,6.99954654e-18,2.50085764e-20,3.11554646e-15,2.69051701e-13,1.93491849e-13,1.51860711e-12,1.42917836e-14,1.6163671e-05,7.56566511e-06,1.17943258e-07,1.21088175e-09,3.86319156e-18,9.63941247e-10,9.95199216e-14,6.92169435e-28,8.41743169e-13,3.02412484e-12,4.13194943e-10,1.8762445e-12,0.760207376,-1.18029447e-21,6.42833566e-31,2.78795038e-29,1.86600941e-21,3.64165686e-23
0.015703125,-0.227346894,49.3829314,-2539.2866,639.505061,0.542988144,2.14328635e-05,3.56511908e-09,3.71761119e-06,0.20887652,8.58675577e-06,0.0216427656,1.24259391e-05,5.09095532e-06,-1.51962451e-26,1.86950541e-27,1.00455035e-21,9.04838338e-23,3.4252273e-18,1.35032823e-15,0.000258025774,0.00860153602,3.20205756e-14,2.72983695e-14,9.22722559e-22,1.14426609e-18,6.39904667e-17,1.74620397e-28,1.99359122e-20,7.15388125e-27,1.68040201e-21,3.69161731e-26,8.47468205e-25,4.49981975e-22,6.21478928e-18,2.26194316e-20,2.13946122e-15,1.86444976e-13,1.70518908e-13,1.41816449e-12,7.52305904e-15,1.47681192e-05,7.36806794e-06,1.07680379e-07,1.03119459e-09,2.02250462e-18,8.83562097e-10,9.67303539e-14,3.45144038e-28,7.68687217e-13,2.76185976e-12,3.77281515e-10,1.4955767e-12,0.760547649,-1.09465089e-21,5.27570803e-31,2.42842874e-29,1.18042952e-21,3.0710519e-23
0.0157265625,-0.221542014,48.9591803,-2539.2866,617.233302,0.562968272,2.08807676e-05,2.26367353e-09,3.08015932e-06,0.21064054,7.24313107e-06,0.0203333846,1.0512758e-05,4.75548106e-06,-2.97371068e-29,8.47900948e-28,7.01045482e-22,6.23455924e-23,2.74671927e-18,1.25743492e-15,0.00023885461,0.00783703396,1.91296879e-14,2.30851654e-14,6.3615896e-22,9.52027625e-19,5.89188936e-17,6.02960806e-28,1.80661478e-20,4.48361422e-27,1.52162833e-21,2.40031029e-26,7.84315411e-25,3.22838377e-22,5.51304324e-18,2.03925316e-20,1.4769731e-15,1.27977346e-13,1.50649345e-13,1.32237237e-12,3.95645882e-15,1.34744202e-05,7.11046857e-06,9.80207883e-08,8.79403128e-10,1.04319144e-18,8.0747569e-10,9.28273758e-14,1.7399591e-28,6.99938147e-13,2.51497213e-12,3.43496527e-10,1.18547547e-12,0.760883028,-1.01280623e-21,4.29669506e-31,2.11337579e-29,7.41833947e-22,2.59091611e-23
0.01575,-0.215914434,48.543736,-2539.2866,595.703071,0.583709151,2.03296394e-05,1.45199305e-09,2.56168669e-06,0.212325173,6.13165118e-06,0.0190607811,8.87625468e-06,4.42962965e-06,-1.54941372e-26,3.89104256e-28,4.89787119e-22,4.29424304e-23,2.19538268e-18,1.16864282e-15,0.000220605357,0.00711878345,1.1508968e-14,1.95789758e-14,4.48186074e-22,7.81576761e-19,5.40186372e-17,7.55434798e-30,1.63306561e-20,2.83116432e-27,1.37555589e-21,1.56690828e-26,7.24657507e-25,2.31985992e-22,4.88378428e-18,1.8322121e-20,1.02538825e-15,8.70636046e-14,1.33388843e-13,1.23095975e-12,2.08404135e-15,1.22760119e-05,6.80479167e-06,8.89542324e-08,7.5115868e-10,5.30083875e-19,7.3564628e-10,8.80306162e-14,8.86726497e-29,6.35408042e-13,2.28318343e-12,3.11795244e-10,9.34558268e-13,0.761213155,-9.34764279e-22,3.47809251e-31,1.83632781e-29,4.65142992e-22,2.18595457e-23
0.0157734375,-0.210477292,48.1372286,-2539.2866,574.941251,0.605187016,1.97793178e-05,9.41737232e-10,2.13800381e-06,0.213930326,5.20842817e-06,0.0178263872,7.48453309e-06,4.11458681e-06,-1.31101944e-29,1.80678151e-28,3.42487466e-22,2.95621968e-23,1.74913363e-18,1.08385083e-15,0.000203267011,0.0064459571,6.97760238e-15,1.66451843e-14,3.21278218e-22,6.33993119e-19,4.93143309e-17,-6.55020753e-27,1.4718809e-20,1.79836126e-27,1.24101333e-21,1.02937571e-26,6.68108738e-25,1.66864936e-22,4.31852681e-18,1.64028988e-20,7.16092262e-16,5.87358423e-14,1.18335435e-13,1.14372044e-12,1.10066083e-15,1.1166613e-05,6.46223931e-06,8.04694188e-08,6.42640277e-10,2.65391785e-19,6.68032356e-10,8.25809667e-14,4.56923738e-29,5.75008531e-13,2.06619962e-12,2.82131992e-10,7.32886101e-13,0.761537626,-8.6052362e-22,2.80153241e-31,1.59219623e-29,2.91859222e-22,1.84368466e-23
0.015796875,-0.205243671,47.740283,-2539.2866,554.973284,0.627365869,1.92297922e-05,6.17408378e-10,1.79026974e-06,0.21545602,4.43844779e-06,0.0166316427,6.30558184e-06,3.81125812e-06,-7.05986668e-27,8.47728779e-29,2.39651393e-22,2.0337899e-23,1.38941017e-18,1.00298746e-15,0.000186829144,0.00581764081,4.26059377e-15,1.41775257e-14,2.33443001e-22,5.08731861e-19,4.48261787e-17,3.66238216e-30,1.32221767e-20,1.14748203e-27,1.11705662e-21,6.81514877e-27,6.14418121e-25,1.20076501e-22,3.81032674e-18,1.46297252e-20,5.03175214e-16,3.93159966e-14,1.05160336e-13,1.06049944e-12,5.8280457e-16,1.01403535e-05,6.09303424e-06,7.25539466e-08,5.50598633e-10,1.30964121e-19,6.04585089e-10,7.67120779e-14,2.37740691e-29,5.18647503e-13,1.86370434e-12,2.54459208e-10,5.71861041e-13,0.761855984,-7.90076691e-22,2.24719106e-31,1.37689327e-29,1.83539877e-22,1.55391872e-23
0.0158203125,-0.200226474,47.3535122,-2539.2866,535.822806,0.650196037,1.86811832e-05,4.08746461e-10,1.50372603e-06,0.216902409,3.7937248e-06,0.0154779808,5.30941573e-06,3.52033287e-06,5.15091344e-29,4.01607473e-29,1.67789589e-22,1.39822441e-23,1.1006305e-18,9.26001378e-16,0.000171281332,0.0052328277,2.6168777e-15,1.2092061e-14,1.7140309e-22,4.04189601e-19,4.05701667e-17,1.88815337e-28,1.18340028e-20,7.34658852e-28,1.00290963e-21,4.55066819e-27,5.63432197e-25,8.64032465e-23,3.35341175e-18,1.29974393e-20,3.55831727e-16,2.61262455e-14,9.35927696e-14,9.81181726e-13,3.09207865e-16,9.19182032e-06,5.70631254e-06,6.51942357e-08,4.72326009e-10,6.37413624e-20,5.45246918e-10,7.06322937e-14,1.24739162e-29,4.66226944e-13,1.67535445e-12,2.28726682e-10,4.44117984e-13,0.762167728,-7.2340883e-22,1.79598211e-31,1.1870657e-29,1.15719275e-22,1.30831775e-23
0.01584375,-0.195438268,46.9775097,-2539.2866,517.511219,0.673612961,1.81337273e-05,2.7293852e-10,1.26674098e-06,0.218269801,3.25182707e-06,0.0143668078,4.46911047e-06,3.2423301e-06,5.23001345e-26,1.91782601e-29,1.17538603e-22,9.60652091e-24,8.69750071e-19,8.5285389e-16,0.000156612638,0.00469041256,1.61450411e-15,1.03222448e-14,1.26869085e-22,3.18185158e-19,3.65582948e-17,6.80383549e-30,1.05485347e-20,4.71588552e-28,8.97919588e-22,3.0659336e-27,5.15065773e-25,6.21440678e-23,2.94290437e-18,1.15007471e-20,2.53314173e-16,1.72459893e-14,8.34081238e-14,9.05682875e-13,1.6427518e-16,8.31604983e-06,5.31010791e-06,5.83754618e-08,4.05589834e-10,3.06276581e-20,4.89950271e-10,6.45159564e-14,6.57904606e-30,4.17641478e-13,1.50077687e-12,2.04880942e-10,3.43410441e-13,0.762472317,-6.60497259e-22,1.43064313e-31,1.01990431e-29,7.31209973e-23,1.10002231e-23
0.0158671875,-0.190891089,46.6128408,-2539.2866,500.057203,0.697536344,1.75877638e-05,1.83643369e-10,1.07008955e-06,0.219558685,2.79470872e-06,0.01329948,3.76110706e-06,2.97763121e-06,-1.88568403e-27,9.23308273e-30,8.23825358e-23,6.59670533e-24,6.85890842e-19,7.83512972e-16,0.000142811166,0.00418918717,9.99360349e-16,8.81502079e-15,9.44916569e-23,2.48315042e-19,3.27988169e-17,7.4974939e-32,9.3608861e-21,3.03380045e-28,8.01523353e-22,2.08500279e-27,4.69279167e-25,4.46597544e-23,2.57461268e-18,1.01341551e-20,1.81589095e-16,1.13161881e-14,7.44187551e-14,8.33940973e-13,8.73732574e-17,7.50849256e-06,4.91138588e-06,5.20815029e-08,3.48555782e-10,1.45479426e-20,4.38616406e-10,5.85015647e-14,3.49003193e-30,3.72777391e-13,1.33956643e-12,1.82864779e-10,2.64492975e-13,0.762769172,-6.01310066e-22,1.13613108e-31,8.73006705e-30,4.62785128e-23,9.23355124e-24
0.015890625,-0.186596232,46.2600334,-2539.2866,483.476203,0.721869817,1.7043724e-05,1.24420943e-10,9.06410244e-07,0.220769753,2.40779366e-06,0.0122772758,3.16510295e-06,2.72650263e-06,-8.70764724e-27,4.47427335e-30,5.77782527e-23,4.52844473e-24,5.40024951e-19,7.17948358e-16,0.000129863649,0.00372783688,6.20113175e-16,7.5277899e-15,7.07148817e-23,1.92188663e-19,2.92964869e-17,7.41596974e-30,8.26653964e-21,1.95561205e-28,7.13221783e-22,1.43188835e-27,4.26060548e-25,3.20599083e-23,2.24487121e-18,8.89193366e-21,1.31121036e-16,7.38692171e-15,6.64668497e-14,7.65909688e-13,4.65349224e-17,6.76496489e-06,4.51610175e-06,4.62949036e-08,2.9971478e-10,6.84237229e-21,3.91154421e-10,5.26941159e-14,1.85896726e-30,3.31512005e-13,1.19128444e-12,1.62616905e-10,2.03003761e-13,0.763057693,-5.45805204e-22,8.99635934e-32,7.44278464e-30,2.93214883e-23,7.73585593e-24
0.0159140625,-0.182564022,45.9195676,-2539.2866,467.779911,0.746501233,1.65021216e-05,8.48519478e-11,7.69793872e-07,0.221903922,2.07925763e-06,0.011301364,2.66375047e-06,2.48911104e-06,8.05739923e-30,2.21046548e-30,4.05535673e-23,3.10853761e-24,4.24700944e-19,6.56127508e-16,0.000117755091,0.00330493907,3.85547276e-16,6.42607884e-15,5.31148878e-23,1.47567857e-19,2.6052811e-17,9.98574337e-27,7.26131135e-21,1.26318755e-28,6.32560285e-22,9.93582887e-28,3.85412271e-25,2.29854853e-23,1.95041953e-18,7.7681029e-21,9.54003298e-17,4.80173479e-15,5.9418859e-14,7.01552179e-13,2.4836819e-17,6.08159745e-06,4.12926742e-06,4.09968628e-08,2.57820204e-10,3.19307979e-21,3.47460465e-10,4.71694754e-14,9.97402815e-31,2.93713363e-13,1.05545804e-12,1.44071744e-10,1.55350584e-13,0.763337263,-4.93929556e-22,7.10409671e-32,6.3186197e-30,1.85914275e-23,6.46744862e-24
0.0159375,-0.178803576,45.5918655,-2539.2866,452.975775,0.771303732,1.59635428e-05,5.82406222e-11,6.55470732e-07,0.222962358,1.79946608e-06,0.0103727697,2.24229388e-06,2.26553347e-06,5.78954137e-27,1.07414057e-30,2.84913509e-23,2.13454015e-24,3.33805004e-19,5.98012264e-16,0.00010646847,0.00291896376,2.40137343e-16,5.48175385e-15,4.00048804e-23,1.1243871e-19,2.30663103e-17,-2.5968928e-29,6.34113443e-21,8.17770702e-29,5.59114119e-22,6.96979833e-28,3.4734033e-25,1.64566797e-23,1.68830981e-18,6.75643601e-21,6.99618663e-17,3.11178032e-15,5.31611312e-14,6.40835726e-13,1.32994025e-17,5.45478506e-06,3.75501996e-06,3.61672505e-08,2.21836605e-10,1.48196738e-21,3.07417223e-10,4.19793225e-14,5.33517433e-31,2.59240193e-13,9.31580404e-13,1.27159363e-10,1.18602957e-13,0.763607267,-4.45618111e-22,5.59523297e-32,5.34085585e-30,1.17948885e-23,5.39481207e-24
0.0159609375,-0.175322572,45.2772808,-2539.2866,439.066553,0.796137645,1.54286371e-05,4.02347811e-11,5.59571147e-07,0.223946491,1.56053322e-06,0.00949233812,1.88821167e-06,2.05576362e-06,5.2347241e-30,4.62769832e-31,2.00410548e-23,1.46682365e-24,2.62352108e-19,5.43556116e-16,9.59844845e-05,0.00256827702,1.49840344e-16,4.67165312e-15,3.01908764e-23,8.50393567e-20,2.03327947e-17,-3.75817322e-26,5.50197031e-21,5.30782452e-29,4.92477512e-22,4.9446212e-28,3.11846321e-25,1.17655918e-23,1.4558373e-18,5.85047821e-21,5.17285084e-17,2.01323982e-15,4.75964542e-14,5.83726996e-13,7.15531889e-18,4.88114094e-06,3.39668878e-06,3.17846606e-08,1.90898963e-10,6.85890034e-22,2.70893727e-10,3.71558538e-14,2.70622814e-31,2.2794218e-13,8.19111881e-13,1.11805558e-10,9.03923084e-14,0.763867107,-4.00793329e-22,4.39611119e-32,4.4942775e-30,7.48731883e-24,4.48946996e-24
0.015984375,-0.172127031,44.9760886,-2539.2866,426.049962,0.820853256,1.48981064e-05,2.79799413e-11,4.78941013e-07,0.224858029,1.35597551e-06,0.00866069968,1.59089238e-06,1.85971588e-06,-3.67557916e-27,2.64395057e-31,1.41179904e-23,1.00921627e-24,2.06303545e-19,4.92702008e-16,8.62813867e-05,0.00225114741,9.36838189e-17,3.97653845e-15,2.28157997e-23,6.386108e-20,1.78456505e-17,-1.93263158e-29,4.74002074e-21,3.4554921e-29,4.3225585e-22,3.54830762e-28,2.78921451e-25,8.40024994e-24,1.25048881e-18,5.04357948e-21,3.85698288e-17,1.30242243e-15,4.26412939e-14,5.30187925e-13,3.8746079e-18,4.35745667e-06,3.05686101e-06,2.78265016e-08,1.64280636e-10,3.17489385e-22,2.37745551e-10,3.27158779e-14,1.55897977e-31,1.99660542e-13,7.17482215e-13,9.79320996e-11,6.88214704e-14,0.764116217,-3.59364728e-22,3.44629976e-32,3.7649214e-30,4.75606076e-24,3.72710155e-24
0.0160078125,-0.169221127,44.6884772,-2539.2866,413.918425,0.845294375,1.43726941e-05,1.95903517e-11,4.10998765e-07,0.225698965,1.18043842e-06,0.00787823577,1.34135177e-06,1.67722786e-06,-1.09715201e-29,1.34492889e-31,9.96332775e-24,6.95581465e-25,1.62408151e-19,4.45380696e-16,7.73348778e-05,0.0019657559,5.87077926e-17,3.38028975e-15,1.72572218e-23,4.76343023e-20,1.55961419e-17,3.98578281e-29,4.05101609e-21,2.25749672e-29,3.78060419e-22,2.57534355e-28,2.48542311e-25,5.99007878e-24,1.0699061e-18,4.32893988e-21,2.90041824e-17,8.43992694e-16,3.82235685e-14,4.80172222e-13,2.11559906e-18,3.88066843e-06,2.73744537e-06,2.42691312e-08,1.41368162e-10,1.47440073e-22,2.07815456e-10,2.86642153e-14,9.64021335e-32,1.74228926e-13,6.26093816e-13,8.54571392e-11,5.23841043e-14,0.764354083,-3.21228778e-22,2.69644458e-32,3.13990922e-30,3.02355447e-24,3.08684563e-24
0.01603125,-0.16660704,44.4145398,-2539.2866,402.658957,0.869302584,1.38531729e-05,1.38126218e-11,3.53623694e-07,0.226471578,1.02948061e-06,0.00714504969,1.13199035e-06,1.50806247e-06,-1.2328801e-26,6.75051405e-32,7.04626477e-24,4.80512442e-25,1.28065046e-19,4.01509635e-16,6.91180983e-05,0.00171020904,3.68878979e-17,2.8692849e-15,1.30587151e-23,3.53067704e-20,1.35737233e-17,6.92580987e-30,3.43086704e-21,1.48083423e-29,3.29505285e-22,1.88962035e-28,2.20668156e-25,4.26576673e-24,9.11861006e-19,3.69966581e-21,2.19966005e-17,5.48763909e-16,3.42808405e-14,4.33622525e-13,1.16702308e-18,3.44782999e-06,2.43973535e-06,2.10880313e-08,1.21641335e-10,6.89145861e-23,1.80934483e-10,2.49964532e-14,4.55180923e-32,1.51474617e-13,5.44326157e-13,7.42957793e-11,3.9894182e-14,0.76458026,-2.86269133e-22,2.10640711e-32,2.60733905e-30,1.92400527e-24,2.55074993e-24
0.0160546875,-0.164284855,44.1542705,-2539.2866,392.25321,0.892721923,1.33403318e-05,9.8087308e-12,3.05068157e-07,0.227178422,8.994026e-07,0.00646094344,9.5638694e-07,1.35191018e-06,-2.64173584e-29,3.51889978e-32,4.99557842e-24,3.32884718e-25,1.01205954e-19,3.60992425e-16,6.16017049e-05,0.00148255545,2.32482872e-17,2.4319209e-15,9.88284957e-24,2.60183827e-20,1.17663614e-17,2.20082982e-33,2.87522819e-21,9.75880781e-30,2.86205954e-22,1.40042241e-28,1.95239554e-25,2.93072857e-24,7.74240248e-19,3.14883512e-21,1.6821067e-17,3.58338421e-16,3.07588352e-14,3.9046827e-13,6.51590386e-19,3.05609229e-06,2.16447246e-06,1.82580234e-08,1.04657309e-10,3.25251106e-23,1.56923514e-10,2.17011634e-14,2.54925035e-32,1.31220038e-13,4.71541189e-13,6.43607892e-11,3.04252692e-14,0.764794385,-2.54357241e-22,1.64367547e-32,2.1562179e-30,1.2255044e-24,2.10333222e-24
0.016078125,-0.162252521,43.9075605,-2539.2866,382.677659,0.915403749,1.28349624e-05,7.01053588e-12,2.6388807e-07,0.227822311,7.87110628e-07,0.0058254029,8.0912369e-07,1.20839206e-06,-7.91354008e-27,1.83100383e-32,3.55157978e-24,2.31394449e-25,8.01952701e-20,3.23718811e-16,5.47540401e-05,0.0012808051,1.46902806e-17,2.05824343e-15,7.47843e-24,1.90753185e-20,1.01608608e-17,1.26034798e-32,2.37981709e-21,6.46453267e-30,2.47779495e-22,1.0467601e-28,1.72178227e-25,2.16356308e-24,6.55037639e-19,2.6695683e-21,1.29663954e-17,2.34551268e-16,2.76102187e-14,3.50624298e-13,3.68582554e-19,2.70268956e-06,1.91190999e-06,1.57535175e-08,9.0037809e-11,1.55480229e-23,1.3559526e-10,1.87616929e-14,1.40789152e-32,1.13284497e-13,4.0708964e-13,5.55634485e-11,2.32590514e-14,0.764996193,-2.25353342e-22,1.28202091e-32,1.77642162e-30,7.80010616e-25,1.73122651e-24
0.016125,-0.159017354,43.4522546,-2539.2866,365.852663,0.95814825,1.18496874e-05,3.68629971e-12,1.99626812e-07,0.228937201,6.07006961e-07,0.00469374256,5.83048304e-07,9.56561387e-07,-1.37437055e-26,-6.09672909e-32,1.83368075e-24,1.14487924e-25,5.13419886e-20,2.58223289e-16,4.2891479e-05,0.000945343681,5.97152523e-18,1.46781222e-15,4.27874799e-24,1.02795817e-20,7.48501937e-18,4.04298477e-29,1.54854547e-21,2.88713516e-30,1.83739602e-22,6.05555671e-29,1.32507667e-25,1.09439205e-24,4.63263969e-19,1.89401266e-21,8.05197291e-18,1.08176681e-16,2.22880672e-14,2.8028064e-13,1.2441699e-19,2.09865885e-06,1.47137848e-06,1.15974969e-08,6.66739038e-11,3.90054602e-24,1.00037712e-10,1.38388143e-14,8.2262048e-32,8.34962958e-14,3.00045337e-13,4.09526976e-11,1.38913576e-14,0.765363043,-1.7529675e-22,7.81419179e-33,1.18971214e-30,3.21236009e-25,1.1667602e-24
0.016171875,-0.156806808,43.0446633,-2539.2866,351.824423,0.996929305,1.09023558e-05,1.98552036e-12,1.52243503e-07,0.229849371,4.70013308e-07,0.00373436214,4.20759729e-07,7.47105817e-07,-3.58307761e-28,-1.0668472e-31,9.5429763e-25,5.73254846e-26,3.32221554e-20,2.03562817e-16,3.31735567e-05,0.000685243156,2.44962563e-18,1.03305849e-15,2.42042507e-24,5.42018132e-21,5.40803997e-18,-2.31919191e-25,8.9594885e-22,1.30928063e-30,1.33893938e-22,3.55215169e-29,1.00499307e-25,5.48478982e-25,3.20615678e-19,1.31407273e-21,5.1427079e-18,5.23660763e-17,1.79859028e-14,2.21250087e-13,4.47058279e-20,1.61078509e-06,1.11109984e-06,8.38345735e-09,4.91184798e-11,9.53603673e-25,7.2403898e-11,1.00037411e-14,-1.04454847e-31,6.04336915e-14,2.17169509e-13,2.96409474e-11,8.34164101e-15,0.765682428,-1.34514836e-22,4.6832722e-33,7.75632527e-31,1.31082288e-25,7.72930531e-25
0.0161953125,-0.156073596,42.8584669,-2539.2866,345.789362,1.0145868,1.04445539e-05,1.46732284e-12,1.33196811e-07,0.230235817,4.13869736e-07,0.00331649936,3.5734501e-07,6.57288353e-07,1.39015088e-25,3.39294782e-29,6.87835326e-25,4.060087e-26,2.67505153e-20,1.80017561e-16,2.90495233e-05,0.000579869553,1.57253877e-18,8.62290606e-16,1.81131853e-24,3.87769026e-21,4.56702833e-18,2.82076143e-29,6.29116993e-22,8.87106002e-31,1.13624808e-22,2.71954835e-29,8.7165822e-26,3.86845328e-25,2.6474916e-19,1.08629275e-21,4.12464657e-18,3.66477773e-17,1.61491953e-14,1.9572963e-13,2.74553009e-20,1.40556106e-06,9.59623687e-07,7.08411562e-09,4.20603317e-11,4.96544562e-25,6.11990382e-11,8.44844055e-15,-2.09456041e-30,5.11013835e-14,1.83633708e-13,2.50636693e-11,6.4503139e-15,0.765824386,-1.17294022e-22,3.59727894e-33,6.20475797e-31,8.3033102e-26,6.2493715e-25
0.01621875,-0.155582275,42.6835653,-2539.2866,340.373058,1.03097051,9.9982391e-06,1.09275777e-12,1.16798267e-07,0.230578779,3.64913551e-07,0.00293847246,3.0394356e-07,5.76891445e-07,-1.27809358e-28,-8.53256632e-32,4.97838586e-25,2.89126205e-26,2.1636059e-20,1.58865207e-16,2.53837743e-05,0.000489362752,1.01519762e-18,7.18580425e-16,1.35357966e-24,2.77049071e-21,3.84537436e-18,2.0054325e-25,3.98101191e-22,6.05027898e-31,9.61668368e-23,2.09117259e-29,7.54866512e-26,2.73023822e-25,2.17952328e-19,8.95148704e-22,3.32859772e-18,2.61233065e-17,1.45025759e-14,1.72757069e-13,1.72129953e-20,1.22417869e-06,8.2616107e-07,5.96980046e-09,3.60050285e-11,2.64898878e-25,5.15747001e-11,7.11285619e-15,1.54229239e-31,4.30924677e-14,1.54853535e-13,2.11355011e-11,5.00849462e-15,0.765954585,-1.02045246e-22,2.76239476e-33,4.94696327e-31,5.27722293e-26,5.04418003e-25
0.0162421875,-0.155319392,42.5192732,-2539.2866,335.531164,1.04606751,9.56389652e-06,8.19497135e-13,1.02643693e-07,0.230881865,3.22166229e-07,0.00259796138,2.58930026e-07,5.05237693e-07,-2.70279098e-25,1.670124e-29,3.61873546e-25,2.07058698e-26,1.75800408e-20,1.39935755e-16,2.21383503e-05,0.000412016297,6.58839713e-19,5.98031804e-16,1.01029238e-24,1.97829076e-21,3.22950634e-18,2.08847877e-29,1.98672806e-22,4.15422463e-31,8.12039001e-23,1.613363e-29,6.53078275e-26,1.92855881e-25,1.78970839e-19,7.35678407e-22,2.70159304e-18,1.8942751e-17,1.30262442e-14,1.52164586e-13,1.10111948e-20,1.06442837e-06,7.09262347e-07,5.01898931e-09,3.08159148e-11,1.448627e-25,4.33526066e-11,5.97247861e-15,2.05022663e-29,3.62538772e-14,1.30278943e-13,1.77813594e-11,3.90640699e-15,0.766073487,-8.85995165e-23,2.12199681e-33,3.93361674e-31,3.30215827e-26,4.06642503e-25
0.016265625,-0.155270799,42.3648731,-2539.2866,331.219208,1.05988643,9.14193432e-06,6.18734557e-13,9.03955842e-08,0.231148613,2.84792146e-07,0.00229253236,2.2094947e-07,4.41645557e-07,-1.54398167e-29,5.39816669e-32,2.6422372e-25,1.49153634e-26,1.43517161e-20,1.23059163e-16,1.92761953e-05,0.000346240294,4.29898123e-19,4.97244354e-16,7.53399272e-25,1.41292121e-21,2.70668809e-18,8.42741228e-26,2.76649577e-23,2.87203323e-31,6.84408312e-23,1.24816009e-29,5.64769791e-26,1.36455409e-25,1.4667621e-19,6.03384044e-22,2.20435843e-18,1.3950527e-17,1.17025811e-14,1.33780974e-13,7.18570368e-21,9.2421432e-07,6.07448261e-07,4.21167907e-09,2.63744933e-11,8.12327109e-26,3.63653763e-11,5.00412009e-15,2.01630722e-30,3.04432121e-14,1.09398218e-13,1.49313953e-11,3.0616163e-15,0.766181622,-7.67922417e-23,1.63188929e-33,3.12213462e-31,1.40149773e-26,3.276148e-25
0.0162890625,-0.155421927,42.2196308,-2539.2866,327.393248,1.07245499,8.73268196e-06,4.70234352e-13,7.97717567e-08,0.231382444,2.52076558e-07,0.00201968578,1.8887294e-07,3.85439378e-07,1.30390878e-25,-9.10813228e-30,1.93830524e-25,1.08090613e-26,1.17727323e-20,1.08067567e-16,1.67615416e-05,0.000290569527,2.82095334e-19,4.13258005e-16,5.61579825e-25,1.01019485e-21,2.26512128e-18,4.10721757e-30,-1.18459127e-22,1.99958991e-31,5.76048679e-23,9.68037528e-30,4.88458898e-26,9.67541981e-26,1.20063136e-19,4.94234514e-22,1.8075659e-18,1.04136407e-17,1.05158809e-14,1.17434343e-13,4.78177125e-21,8.01562362e-07,5.19248513e-07,3.52947907e-09,2.25779694e-11,4.67074973e-26,3.04577812e-11,4.18617195e-15,1.58262364e-29,2.55294244e-14,9.17404365e-14,1.25213297e-11,2.4122111e-15,0.766279576,-6.64649961e-23,1.25766872e-33,2.47611505e-31,-7.32210373e-26,2.63975937e-25
0.0163125,-0.155758046,42.0828075,-2539.2866,324.010455,1.08381705,8.33639054e-06,3.59581215e-13,7.05359119e-08,0.231586633,2.2340714e-07,0.00177690174,1.61759665e-07,3.35958446e-07,-9.85156783e-26,2.35181067e-30,1.42873476e-25,7.8821374e-27,9.70503663e-21,9.47972629e-17,1.45602336e-05,0.000243667748,1.86150497e-19,3.43504237e-16,4.18662971e-25,7.23676402e-22,1.89400778e-18,4.05863164e-34,-2.42581455e-22,1.40208975e-31,4.84464824e-23,7.52676416e-30,4.2272613e-26,6.88081959e-26,9.82447229e-20,4.04656077e-22,1.48914745e-18,7.85795651e-18,9.45212291e-15,1.02954651e-13,3.2422928e-21,6.9462586e-07,4.43233233e-07,2.95565603e-09,1.9337159e-11,2.75311527e-26,2.54875453e-11,3.49877024e-15,8.80794088e-31,2.13931632e-14,7.68767096e-14,1.04926216e-11,1.91164401e-15,0.766367969,-5.7466978e-23,9.72621295e-34,1.96474191e-31,-1.02027651e-24,2.12916157e-25
0.016359375,-0.156913498,41.8306195,-2539.2866,318.385998,1.10324771,7.58297174e-06,2.14414406e-13,5.54994458e-08,0.231920043,1.76227662e-07,0.00136986971,1.19344089e-07,2.54205008e-07,-5.40344708e-26,4.89346027e-26,7.86226895e-26,4.28733814e-27,6.71678034e-21,7.27005557e-17,1.09522163e-05,0.000170901832,8.25262167e-20,2.37417099e-16,2.67624588e-25,3.8062425e-22,1.32042544e-18,-1.63658896e-38,-4.37623646e-22,6.98775708e-32,3.41737497e-23,4.5947965e-30,3.16804214e-26,3.51630094e-26,6.5673669e-20,2.70745779e-22,1.02930761e-18,4.66698071e-18,7.6440018e-15,7.8831741e-14,1.57328621e-21,5.20312785e-07,3.21493206e-07,2.06739236e-09,1.42072116e-11,3.85868705e-26,1.77948744e-11,2.43661637e-15,-7.96750439e-27,1.49835602e-14,5.38436883e-14,7.34891798e-12,1.22676155e-15,0.766519201,-4.28204682e-23,5.8853033e-34,1.23750074e-31,-3.14725339e-23,1.38962715e-25
0.01640625,-0.158604492,41.602164,-2539.2866,314.001731,1.11888161,6.88144863e-06,1.30006594e-13,4.38565496e-08,0.23217388,1.39350035e-07,0.00104952939,8.82403446e-08,1.91087295e-07,-2.65619636e-25,3.02033252e-26,4.45019451e-26,2.36730157e-27,4.70589808e-21,5.54401569e-17,8.19098761e-06,0.000119023551,3.70627783e-20,1.63293456e-16,1.28525525e-25,2.00296901e-22,9.13675542e-19,-2.18735777e-38,-6.92119506e-22,3.57719711e-32,2.39387434e-23,2.79731275e-30,2.36607233e-26,1.79781813e-26,4.35565244e-20,1.79695246e-22,7.189418e-19,2.8354196e-18,6.17889916e-15,5.99936546e-14,8.07931924e-22,3.87686248e-07,2.31366133e-07,1.43589253e-09,1.04196475e-11,4.06769476e-27,1.23304405e-11,1.68392423e-15,4.03131075e-26,1.04206073e-14,3.74466361e-14,5.11094177e-12,7.95978374e-16,0.766641411,-3.1714e-23,3.55770177e-34,7.72691132e-32,-4.74026129e-25,9.02856702e-26
0.016453125,-0.160739787,41.3931887,-2539.2866,310.619458,1.13124791,6.23139752e-06,8.00236568e-14,3.4778512e-08,0.23236494,1.10424455e-07,0.000800312004,6.53789852e-08,1.429406e-07,-2.25723471e-25,-1.76298719e-26,1.31980618e-25,1.32531296e-27,3.33417727e-21,4.21005584e-17,6.10060332e-06,8.25257231e-05,1.68599137e-20,1.1201507e-16,7.06803076e-26,1.05767402e-22,6.29246661e-19,-9.69805888e-39,-4.90089546e-22,1.85903833e-32,1.66948468e-23,1.70335049e-30,1.76340025e-26,9.13297216e-27,2.87572757e-20,1.18707139e-22,5.06335947e-19,1.75224109e-18,4.99278505e-15,4.54487042e-14,4.35994016e-22,2.87783892e-07,1.6560641e-07,9.92884701e-10,7.63580272e-12,-1.11782301e-25,8.50317462e-12,1.15812132e-15,-5.47143477e-26,7.21520522e-15,2.59279671e-14,3.53880167e-12,5.21896511e-16,0.766739082,-2.33874132e-23,2.15499098e-34,4.80310329e-32,-8.5232926e-27,5.85674732e-26
0.0165,-0.163237371,41.199891,-2539.2866,308.034926,1.14088361,5.63165474e-06,4.99327606e-14,2.76627644e-08,0.232507246,8.76802832e-08,0.000608457072,4.85621755e-08,1.06618938e-07,-1.76014382e-26,1.18976128e-31,7.37378053e-26,7.51798562e-28,2.38755159e-21,3.18904965e-17,4.5338476e-06,5.71612209e-05,7.77235832e-21,7.68800089e-17,3.88473588e-26,5.61712562e-23,4.32893308e-19,-4.61476984e-39,-3.46595569e-22,9.80173568e-33,1.16295777e-23,1.04197273e-30,1.31799906e-26,4.72920851e-27,1.89875845e-20,7.84143934e-23,3.59175732e-19,1.09619812e-18,4.03382221e-15,3.43346389e-14,2.45509812e-22,2.13234448e-07,1.18251701e-07,6.85904483e-10,5.59951091e-12,7.83554101e-28,5.85701832e-12,7.95594188e-16,-1.00767658e-29,4.99090365e-15,1.79349001e-14,2.44785919e-12,3.46006002e-16,0.766816367,-1.72101774e-23,1.31466695e-34,2.99083992e-32,1.06391318e-28,3.80934123e-26
0.016546875,-0.166025623,41.0189887,-2539.2866,306.077258,1.14829303,5.08048402e-06,3.15491103e-14,2.20647115e-08,0.232612217,6.97707007e-08,0.000462173331,3.61999643e-08,7.94964956e-08,1.23817035e-26,4.16664539e-32,-2.87037577e-25,4.32143682e-28,1.72816748e-21,2.41452698e-17,3.37038353e-06,3.97322591e-05,3.6347247e-21,5.30276924e-17,2.14496314e-26,3.00377434e-23,2.98934729e-19,-2.34364347e-39,-2.45743503e-22,5.25407053e-33,8.12706847e-24,6.42223382e-31,9.84152664e-27,2.46870462e-27,1.2618424e-20,5.21299585e-23,2.56561336e-19,6.90709472e-19,3.25987405e-15,2.59226883e-14,1.43346111e-22,1.58090977e-07,8.45538078e-08,4.75585705e-10,4.11753807e-12,3.71224488e-28,4.04908616e-12,5.48624147e-16,-6.36227842e-33,3.46479148e-15,1.2450789e-14,1.69935503e-12,2.32499287e-16,0.766876976,-1.26717456e-23,8.14495479e-35,1.8827804e-32,8.04573933e-29,2.49996297e-26
0.016640625,-0.172211021,40.6822816,-2539.2866,303.46219,1.15834483,4.11230586e-06,1.29846451e-14,1.41260985e-08,0.232747437,4.43879091e-08,0.000265239566,2.02124878e-08,4.39719154e-08,-1.23169355e-25,1.84343404e-32,-2.26860885e-25,1.48397169e-28,9.35277718e-22,1.3778769e-17,1.85759037e-06,1.93095251e-05,8.20382588e-22,2.55081772e-17,6.59428385e-27,9.30520848e-24,1.43495618e-19,-6.52312592e-40,-1.23840806e-22,1.56163973e-33,3.98896459e-24,2.49874044e-31,5.40429084e-27,6.91305793e-28,5.65330026e-21,2.33642921e-23,1.35230476e-19,2.83189735e-19,2.12724685e-15,1.47082709e-14,5.29902227e-23,8.67459544e-08,4.32158158e-08,2.3008792e-10,2.23835151e-12,9.25042054e-29,1.94755302e-12,2.62653097e-16,-1.82765553e-32,1.68003384e-15,6.03723099e-15,8.23995415e-13,1.09172862e-16,0.766961791,-6.85783085e-24,3.2692423e-35,7.67003457e-33,-4.34493794e-28,1.10250916e-26
0.016734375,-0.178902512,40.3668403,-2539.2866,301.923968,1.16434341,3.30323533e-06,5.36656637e-15,8.96065394e-09,0.232823468,2.79491605e-08,0.000148427973,1.10343236e-08,2.36435304e-08,1.72915877e-26,7.07530193e-33,5.04580935e-26,5.02822504e-29,5.04186016e-22,7.66954203e-18,9.96882848e-07,9.07409962e-06,1.81719015e-22,1.18905638e-17,1.92802895e-27,2.77498291e-24,6.653847e-20,-1.58548469e-40,-6.03367943e-23,4.4432902e-34,1.89419851e-24,9.00522353e-32,2.87020095e-27,1.858276e-28,2.43862368e-21,1.00808275e-23,7.10207047e-20,1.13951227e-19,1.37052815e-15,8.13401164e-15,2.05466884e-23,4.63551156e-08,2.13864935e-08,1.0761386e-10,1.18989101e-12,2.40276802e-29,9.04971713e-13,1.21447423e-16,3.714858e-32,7.87624736e-16,2.83034322e-15,3.86301113e-13,5.03597968e-17,0.76701459,-3.61157767e-24,1.26709661e-35,2.99754998e-33,2.13121466e-25,4.70050614e-27
0.016828125,-0.185897803,40.0644754,-2539.2866,301.038398,1.16782825,2.63369366e-06,2.20909355e-15,5.60609848e-09,0.232865241,1.73450257e-08,8.06773969e-05,5.84375979e-09,1.229551e-08,1.83306673e-27,-2.35558275e-33,2.44470937e-26,1.65428767e-29,2.67432734e-22,4.14629609e-18,5.18065028e-07,4.07650731e-06,3.88926115e-23,5.30376184e-18,5.27129076e-28,7.88590383e-25,2.94463096e-20,-3.98743025e-41,-2.81334143e-23,1.1715163e-34,8.60846101e-25,3.02380813e-32,1.46560826e-27,4.68141639e-29,9.96033036e-22,4.11788967e-24,3.68373598e-20,4.47970784e-20,8.69490845e-16,4.36557523e-15,8.14952575e-24,2.39850903e-08,1.0162657e-08,4.80931552e-11,6.14071478e-13,6.17865152e-30,4.0143456e-13,5.35788821e-17,-9.11560497e-33,3.52915032e-16,1.26820631e-15,1.73091872e-13,2.23991668e-17,0.767046778,-1.83978427e-24,4.61765804e-36,1.09705202e-33,-5.6844408e-24,1.90097077e-27
0.016875,-0.189468721,39.9166168,-2539.2866,300.757913,1.16893755,2.34612234e-06,1.41826558e-15,4.41729701e-09,0.232877945,1.36104342e-08,5.90929847e-05,4.22476088e-09,8.80270495e-09,-1.48913131e-26,-7.27927558e-35,3.14962287e-27,9.40669659e-30,1.93892601e-22,3.02884871e-18,3.70845084e-07,2.70584402e-06,1.79086098e-23,3.50801895e-18,2.75259374e-28,3.99988104e-25,1.93916491e-20,-2.02169315e-41,-1.90276306e-23,6.57478396e-35,5.74851329e-25,1.70176518e-32,1.04431752e-27,2.31353091e-29,6.28859026e-22,2.60004231e-24,2.61505931e-20,2.75709944e-20,6.89732066e-16,3.17696629e-15,5.17067186e-24,1.71311786e-08,6.94494323e-09,3.1835654e-11,4.38194792e-13,3.1147699e-30,2.64685692e-13,3.52263036e-17,-2.5296523e-35,2.33934268e-16,8.4064686e-16,1.14736163e-13,1.48073997e-17,0.767057484,-1.3036565e-24,2.74530841e-36,6.53508246e-34,6.61621814e-27,1.19428305e-27
0.01696875,-0.196694815,39.6249783,-2539.2866,300.40551,1.17033637,1.85382585e-06,5.93601044e-16,2.74094663e-09,0.232893262,8.37856951e-09,3.18218675e-05,2.21688779e-09,4.5399578e-09,-1.04517574e-26,-9.17316687e-35,2.85397554e-27,3.0782197e-30,1.03100123e-22,1.62303031e-18,1.91362449e-07,1.21750422e-06,3.88360625e-24,1.56973377e-18,7.52529851e-29,1.13746905e-25,8.60312106e-21,-5.46072233e-42,-8.84679065e-24,1.82945667e-35,2.61445606e-25,5.60686664e-33,5.32623147e-28,5.85413261e-30,2.59211676e-22,1.07179093e-24,1.35495521e-20,1.07186807e-20,4.33236117e-16,1.69026789e-15,2.13044747e-24,8.80456451e-09,3.29106577e-09,1.42554875e-11,2.25121225e-13,8.30428012e-31,1.17688421e-13,1.55837917e-17,-1.49876791e-35,1.05006066e-16,3.77341121e-16,5.15016119e-14,6.63769475e-18,0.767071624,-6.60307785e-25,1.02420485e-36,2.44108918e-34,2.79397166e-29,4.88703057e-28
0.0170625,-0.203965415,39.3363972,-2539.2866,300.212013,1.17110789,1.45479699e-06,2.46846693e-16,1.67557579e-09,0.232901265,5.08053769e-09,1.67485766e-05,1.13321566e-09,2.28269995e-09,1.44833215e-26,-8.25059434e-35,8.09185093e-30,9.73585805e-31,5.37874748e-23,8.49917877e-19,9.63333406e-08,5.31060211e-07,8.17450448e-25,6.81090816e-19,1.96218879e-29,3.08819111e-26,3.69729001e-21,-1.44632343e-42,-3.99085905e-24,4.87722844e-36,1.15325855e-25,1.75202743e-33,2.64089114e-28,1.41009517e-30,1.0317501e-22,4.26625165e-25,6.92410924e-21,4.03617669e-21,2.68092791e-16,8.78480586e-16,8.79446072e-25,4.41393818e-09,1.51510385e-09,6.18674986e-12,1.12913593e-13,2.15747639e-31,5.06976556e-14,6.67776077e-18,-4.10517618e-35,4.56872072e-17,1.64177772e-16,2.24078928e-14,2.88990196e-18,0.767079888,-3.26038876e-25,3.68109701e-37,8.77190807e-35,1.35014376e-31,1.93218617e-28
0.01715625,-0.211239925,39.0495041,-2539.2866,300.107592,1.17152633,1.13377094e-06,1.0162571e-16,1.00621659e-09,0.232905373,3.02533895e-09,8.56051435e-06,5.59892475e-10,1.10979088e-09,-1.85219151e-27,-1.75947562e-35,-1.29355297e-28,2.94276868e-31,2.73051228e-23,4.32054611e-19,4.69196716e-08,2.20941861e-07,1.6496917e-25,2.8179513e-19,4.78287341e-30,7.90651135e-27,1.51292803e-21,-3.65284456e-43,-1.72271043e-24,1.22134923e-36,4.85813574e-26,5.15385362e-34,1.26206469e-28,3.14907998e-31,3.87510845e-23,1.60238004e-25,3.46518335e-21,1.47357503e-21,1.63042096e-16,4.42929967e-16,3.60468917e-25,2.14020936e-09,6.69027354e-10,2.5595381e-12,5.48095157e-14,5.17981128e-32,2.08010633e-14,2.72378368e-18,-3.49972405e-36,1.89546439e-17,6.81138415e-17,9.29655454e-15,1.20124954e-18,0.767084657,-1.55501261e-25,1.23339328e-37,2.9352536e-35,4.36303369e-33,7.20666567e-29
0.017203125,-0.214871113,38.9064518,-2539.2866,300.076201,1.17165278,9.9876909e-07,6.52105646e-17,7.76663158e-10,0.232906556,2.32524212e-09,6.08507965e-06,3.91082723e-10,7.68805346e-10,4.3566434e-27,-5.24916049e-36,1.81285387e-28,1.60257241e-31,1.93485912e-23,3.06266096e-19,3.25358591e-08,1.41156296e-07,7.36601797e-26,1.79516582e-19,2.32834822e-30,3.7597383e-27,9.58188193e-22,-1.81870236e-43,-1.12197274e-24,6.03347479e-37,3.12413741e-26,2.7019485e-34,8.72893853e-29,1.46300897e-31,2.34525329e-23,9.69785906e-26,2.42987446e-21,8.71112992e-22,1.2665171e-16,3.12654979e-16,2.30996476e-25,1.48067962e-09,4.40950972e-10,1.63043867e-12,3.7943628e-14,2.53198339e-32,1.31926244e-14,1.72215617e-18,1.75538574e-37,1.20920713e-17,4.34530676e-17,5.93071537e-15,7.67190341e-19,0.76708618,-1.06671805e-25,7.01954968e-38,1.66929743e-35,1.71599019e-33,4.3455704e-29
0.017296875,-0.222110936,38.6207988,-2539.2866,300.038716,1.17180485,7.72321416e-07,2.72625955e-17,4.63437227e-10,0.232907911,1.37645057e-09,3.11236882e-06,1.93429701e-10,3.75179152e-10,-3.7512383e-28,-3.44310115e-36,5.78853173e-29,4.8289876e-32,9.84987869e-24,1.55857517e-19,1.59102055e-08,5.97449646e-08,1.51879574e-26,7.5614408e-20,5.74753671e-31,9.70495858e-28,3.99503151e-22,-4.68046924e-44,-4.90898426e-25,1.52802746e-37,1.33731046e-26,8.03927342e-35,4.24416322e-29,3.33947659e-32,9.05410835e-24,3.74400233e-26,1.21984661e-21,3.15074408e-22,7.64928986e-17,1.5789111e-16,9.64198873e-26,7.21063386e-10,1.97003482e-10,6.86598307e-13,1.85032271e-14,6.23531021e-33,5.51398761e-15,7.15976734e-19,-1.22232098e-36,5.10510145e-18,1.83452704e-17,2.50386409e-15,3.24637184e-19,0.767088125,-5.11618216e-26,2.45012879e-38,5.81693386e-36,3.94572329e-34,1.66774211e-29
0.017390625,-0.229310224,38.3354584,-2539.2866,300.019299,1.1718846,5.93339054e-07,1.13150197e-17,2.72568111e-10,0.23290858,8.03017461e-10,1.5620055e-06,9.36368098e-11,1.79406277e-10,7.40102575e-28,1.78597874e-36,-2.42582405e-29,1.40827245e-32,4.92278834e-24,7.78164435e-20,7.62564223e-09,2.47076706e-08,3.05087884e-27,3.11191393e-20,1.36569426e-31,2.40154998e-28,1.62698261e-22,-1.16406803e-44,-2.09974777e-25,3.72833101e-38,5.59447098e-27,2.29089245e-35,2.01945449e-29,7.32661466e-33,3.40982772e-24,1.41002002e-26,6.04776722e-22,1.10307208e-22,4.55503772e-17,7.8212791e-17,3.99851287e-26,3.44137504e-10,8.60882493e-11,2.82480695e-13,8.84461084e-15,1.45152008e-33,2.25125348e-15,2.90741109e-19,2.37842173e-36,2.10579844e-18,7.56722314e-18,1.03281651e-15,1.34248577e-19,0.76708923,-2.40403072e-26,8.33390551e-39,1.97456972e-36,9.04782105e-35,6.24393234e-30
0.017484375,-0.23646315,38.0502789,-2539.2866,300.009395,1.17192604,4.52834985e-07,4.6459422e-18,1.57680812e-10,0.232908908,4.60685588e-10,7.65871768e-07,4.4149817e-11,8.36320654e-11,-6.00430067e-27,-2.66080181e-37,4.5818148e-29,3.94610932e-33,2.40417108e-24,3.79493574e-20,3.56386114e-09,9.90344499e-09,5.91842697e-28,1.24111612e-20,3.09090915e-32,5.67869369e-29,6.41798547e-23,-2.76728889e-45,-8.71595752e-26,8.67561252e-39,2.26938217e-27,6.23913664e-36,9.34668852e-30,1.52632275e-33,1.24022562e-24,5.12855323e-27,2.95067503e-22,3.75309199e-23,2.66926176e-17,3.7830458e-17,1.64110203e-26,1.6012472e-10,3.65416071e-11,1.12618765e-13,4.12233678e-15,3.33616745e-34,8.90404787e-16,1.14347563e-19,-7.29391881e-37,8.41800894e-19,3.02502607e-18,4.12872301e-16,5.38137063e-20,0.767089859,-1.10059009e-26,2.72898782e-39,6.45054262e-37,2.02543774e-35,2.25741081e-30
0.017578125,-0.24356646,37.7651805,-2539.2866,300.004421,1.17194747,3.43274766e-07,1.87632169e-18,8.93653053e-11,0.232909067,2.58798384e-10,3.63178566e-07,2.00319494e-11,3.75239729e-11,3.23574013e-27,6.97983516e-37,-5.37399284e-30,1.04598518e-33,1.13542143e-24,1.78903694e-20,1.60369673e-09,3.75926671e-09,1.08762922e-28,4.68503557e-21,6.47476111e-33,1.26031244e-29,2.39295768e-23,-6.13011785e-46,-3.44008086e-26,1.87489356e-39,8.73037743e-28,1.59650815e-36,4.14944409e-30,2.9123307e-34,4.22012059e-25,1.74509777e-27,1.40439774e-22,1.22480874e-23,1.53368246e-17,1.76751274e-17,6.62640687e-27,7.17062419e-11,1.47859642e-11,4.24929169e-14,1.84958853e-15,7.38517065e-35,3.32979237e-16,4.24930117e-20,1.7074284e-37,3.18585365e-19,1.14484201e-18,1.56254374e-16,2.04300738e-20,0.767090221,-4.84168824e-27,8.24140569e-40,1.94227465e-37,4.28222209e-36,7.62946537e-31
0.017625,-0.247098949,37.622649,-2539.2866,300.003012,1.17195376,2.98306826e-07,1.18940459e-18,6.69889475e-11,0.232909111,1.93127944e-10,2.4843936e-07,1.3393681e-11,2.49429428e-11,3.49825758e-27,2.71391977e-37,3.93498678e-30,5.33458625e-34,7.75091486e-25,1.22011748e-20,1.06763895e-09,2.28860016e-09,4.61578382e-29,2.84376829e-21,2.91356903e-33,5.45568348e-30,1.44296248e-23,-2.84230491e-46,-2.13802528e-26,8.57818403e-40,5.35287938e-28,7.71355871e-37,2.76915879e-30,1.24528696e-34,2.42263234e-25,1.00180399e-27,9.59442561e-23,6.85409611e-24,1.15772549e-17,1.19985802e-17,4.20024427e-27,4.76174125e-11,9.31124343e-12,2.57865504e-14,1.22947464e-15,3.78984382e-35,2.01107214e-16,2.55779787e-20,-1.80416294e-37,1.93642404e-19,6.95857324e-19,9.49744584e-17,1.24385901e-20,0.767090338,-3.1855485e-27,4.43147145e-40,1.04267496e-37,1.93858068e-36,4.36378274e-31
0.01771875,-0.254124882,37.337605,-2539.2866,300.001426,1.17196119,2.24671873e-07,4.83879096e-19,3.78176629e-11,0.232909161,1.08112266e-10,1.18481071e-07,6.12624952e-12,1.13014906e-11,-7.58227307e-27,8.20227094e-38,1.03181573e-30,1.41831037e-34,3.68292013e-25,5.78713801e-21,4.8507637e-10,8.91109165e-10,8.65428204e-30,1.10178714e-21,6.25030326e-34,1.22832459e-30,5.52906668e-24,-6.41370377e-47,-8.62088244e-27,1.89237867e-40,2.10938177e-28,2.02666457e-37,1.26067051e-30,2.45754156e-35,8.55868878e-26,3.53918111e-28,4.59080992e-23,2.20337341e-24,6.62277618e-18,5.64392253e-18,1.7086489e-27,2.15386275e-11,3.839949e-12,9.98658257e-15,5.57121765e-16,3.58954497e-36,7.7265305e-17,9.77183259e-21,6.51191533e-38,7.51964188e-20,2.70219629e-19,3.68810702e-17,4.84393785e-21,0.767090494,-1.41759415e-27,1.40987803e-40,3.30837892e-38,4.25406705e-37,1.5324796e-31
0.0178125,-0.261098099,37.0525733,-2539.2866,300.000658,1.17196512,1.6818444e-07,1.93576566e-19,2.0978648e-11,0.232909186,5.94488637e-11,5.50896569e-08,2.72434642e-12,4.9808363e-12,-1.18263695e-26,6.6566711e-38,-3.61225151e-33,3.60853322e-35,1.7059804e-25,2.67553976e-21,2.14410385e-10,3.35416908e-10,1.55440531e-30,4.12587343e-22,1.27245747e-34,2.63195903e-31,2.04681706e-24,-1.3762934e-47,-3.36473319e-27,3.96592263e-41,8.03921847e-29,5.0612142e-38,5.56322646e-31,4.58645439e-36,2.91295496e-26,1.20456291e-28,2.1578963e-23,7.28549614e-25,3.72501775e-18,2.58674871e-18,6.83528055e-28,9.47622246e-12,1.53429863e-12,3.73805631e-15,2.45575569e-16,-1.62403121e-36,2.86825355e-17,3.60638186e-21,6.25477325e-38,2.82255959e-20,1.01429166e-19,1.38436138e-17,1.82358676e-21,0.76709059,-6.13167924e-28,4.30847782e-41,1.00812157e-38,8.90421059e-38,5.18386363e-32
0.01790625,-0.268018255,36.7675476,-2539.2866,300.000291,1.17196724,1.25126588e-07,7.56097864e-20,1.13696531e-11,0.232909199,3.19148205e-11,2.45971428e-08,1.15640837e-12,2.09487883e-12,1.54047063e-26,-4.20769613e-39,4.1162068e-31,8.64469131e-36,7.58540434e-26,1.18706682e-21,9.04767528e-11,1.18047799e-10,2.60121324e-31,1.44359124e-22,2.35936885e-35,5.24850967e-32,7.06824802e-25,-2.70937546e-48,-1.23397925e-27,7.60039863e-42,2.86971742e-29,1.17692864e-38,2.33206315e-31,7.69652849e-37,9.13652263e-27,3.77812863e-29,9.84164474e-24,2.12833231e-25,2.04924562e-18,1.13662228e-18,2.66974782e-28,3.97802059e-12,5.77870977e-13,1.30724158e-15,1.03308464e-16,1.64118675e-36,9.93637485e-18,1.24104521e-21,-6.23242123e-38,9.90238659e-21,3.5584397e-20,4.85675537e-18,6.41928113e-22,0.767090651,-2.52541339e-28,1.19368763e-41,2.78351753e-39,1.71333658e-38,1.61450198e-32
0.017953125,-0.271458379,36.6250361,-2539.2866,300.000192,1.17196791,1.07766273e-07,4.70047691e-20,8.32739896e-12,0.232909203,2.3260221e-11,1.62687596e-08,7.44468986e-13,1.34189283e-12,-1.44592843e-27,1.8549857e-38,2.06743998e-31,4.16808665e-36,5.0059236e-26,7.82486447e-22,5.80589764e-11,6.86070245e-11,1.04513221e-31,8.36266369e-23,9.88929377e-36,2.09991412e-32,4.06489807e-25,-1.17393288e-48,-7.33646586e-28,3.24453454e-42,1.68094806e-29,5.3488502e-39,1.50878482e-31,3.04680857e-37,4.9784953e-27,2.05870419e-29,6.56096735e-24,1.03352889e-25,1.51261602e-18,7.45371202e-19,1.65973737e-28,2.54556013e-12,3.48629292e-13,7.57068169e-16,6.61831032e-17,-9.16917369e-39,5.7244205e-18,7.12331705e-22,3.83779807e-39,5.74497208e-21,2.06446562e-20,2.81769689e-18,3.73117443e-22,0.767090673,-1.5995071e-28,6.05903804e-42,1.41010057e-39,7.30141e-39,8.76241679e-33
0.018046875,-0.278298651,36.3400144,-2539.2866,300.000084,1.17196877,7.98379634e-08,1.83531436e-20,4.4926791e-12,0.232909208,1.24304457e-11,7.22256814e-09,3.1390089e-13,5.60829185e-13,-2.8062098e-29,1.58233915e-39,1.1972224e-31,9.8839774e-37,2.21310767e-26,3.45174144e-22,2.43467954e-11,2.39382274e-11,1.74065103e-32,2.90058038e-23,1.80925877e-36,4.13605072e-33,1.3912479e-25,-2.28211815e-49,-2.66890366e-28,6.13792907e-43,5.95007909e-30,1.26369975e-39,6.41630903e-32,5.0316844e-38,1.54519308e-27,6.38967314e-30,2.97272118e-24,3.12229425e-26,8.2839716e-19,3.25606401e-19,6.48039345e-29,1.06187188e-12,1.30304988e-13,2.62454058e-16,2.76672728e-17,-1.7489697e-38,1.96556302e-18,2.4293947e-22,-4.86742744e-39,1.99808602e-21,7.18015655e-21,9.79987486e-19,1.30214325e-22,0.767090705,-6.54501676e-29,1.65758713e-42,3.84403346e-40,1.39467545e-39,2.70019462e-33
0.01809375,-0.281698778,36.1975039,-2539.2866,300.000056,1.17196906,6.8660685e-08,1.14535366e-20,3.29542584e-12,0.23290921,9.07409611e-12,4.79406254e-09,2.02855374e-13,3.60713831e-13,1.94273337e-27,-4.82630199e-39,-1.7306638e-31,4.69191795e-37,1.4657853e-26,2.28353853e-22,1.56869806e-11,1.3986367e-11,7.0570489e-33,1.68927266e-23,7.63691101e-37,1.65392917e-33,8.04419419e-26,-9.95402179e-50,-1.59479641e-28,2.63816289e-43,3.50355601e-30,5.87298647e-40,4.22578715e-32,2.00493478e-38,8.46802732e-28,3.50169373e-30,1.98360631e-24,1.70348908e-26,6.12270501e-19,2.14317275e-19,4.04404339e-29,6.82296262e-13,7.90005302e-14,1.52808676e-16,1.77973277e-17,8.84339875e-38,1.13847938e-18,1.4019752e-22,-1.20958654e-38,1.16538967e-21,4.18784783e-21,5.71580639e-19,7.60887315e-23,0.767090717,-4.16314247e-29,8.46319837e-43,1.95874312e-40,5.98984225e-40,1.4739071e-33
0.0181875,-0.288458993,35.9124834,-2539.2866,300.000025,1.17196946,5.0811032e-08,4.56233061e-21,1.80705782e-12,0.232909212,4.93255037e-12,2.20094583e-09,8.88972367e-14,1.56842931e-13,-8.62790945e-28,4.27477179e-39,-2.02188851e-33,1.17932854e-37,6.70405505e-27,1.04234203e-22,6.84157425e-12,5.17725178e-12,1.25466138e-33,6.22018555e-24,1.5110482e-37,3.39605002e-34,2.9272452e-26,-2.07842688e-50,-6.12587761e-29,5.37675418e-44,1.31354107e-30,1.5115509e-40,1.92545789e-32,3.61743124e-39,2.82635056e-28,1.16875089e-30,9.17963181e-25,5.19614169e-27,3.40418711e-19,9.69697569e-20,1.61093378e-29,2.96169058e-13,3.10862749e-14,5.62412972e-17,7.74028034e-18,-3.66896193e-38,4.15473346e-19,5.08574093e-23,2.09421973e-39,4.30156688e-22,1.54577546e-21,2.10975986e-19,2.81705142e-23,0.767090735,-1.77620206e-29,2.52791982e-43,5.83253377e-41,1.23197398e-40,4.888427e-34
0.01828125,-0.295165798,35.6274633,-2539.2866,300.000012,1.17196972,3.75357973e-08,1.82861549e-21,9.94287619e-13,0.232909214,2.69096415e-12,1.01794851e-09,3.92778635e-14,6.87797486e-14,-1.5989307e-26,-1.64472176e-39,3.33927346e-33,2.97397769e-38,3.0892359e-27,4.79375625e-23,3.00913752e-12,1.9380836e-12,2.26084194e-34,2.31642376e-24,3.03522164e-38,6.91213545e-35,1.07749119e-26,-4.40203289e-51,-2.37828573e-29,1.11198491e-44,4.97942605e-31,3.98375283e-41,8.95926821e-33,6.62393968e-40,9.5514159e-29,3.94969627e-31,4.25489186e-25,1.75929647e-27,1.89857292e-19,4.42139621e-20,6.45601693e-30,1.29663054e-13,1.23591029e-14,2.09351215e-17,3.3950946e-18,-6.08451591e-38,1.53363944e-19,1.86622593e-23,-2.50933431e-39,1.60575043e-22,5.7702918e-22,7.87561341e-20,1.05474409e-23,0.767090748,-7.64578857e-30,7.65114026e-44,1.75985036e-41,2.56560018e-41,1.64169075e-34
0.018375,-0.301819181,35.3424433,-2539.2866,300.000006,1.1719699,2.7721153e-08,7.46476557e-22,5.55083759e-13,0.232909215,1.49051098e-12,4.84995597e-10,1.79603484e-14,3.12364604e-14,-3.27386495e-27,3.11849927e-40,-6.35970848e-35,7.66382974e-39,1.4669554e-27,2.27235775e-23,1.37025843e-12,7.64277163e-13,4.36141704e-35,9.09263191e-25,6.53311947e-39,1.40311477e-35,4.18595909e-27,-9.93103023e-52,-9.68715099e-30,2.45606778e-45,1.98568388e-31,1.12661395e-41,4.38843688e-33,1.31167616e-40,3.44002926e-29,1.42251905e-31,2.00497054e-25,4.05442619e-28,1.07326957e-19,2.07962958e-20,2.63597593e-30,5.87993724e-14,5.14185415e-15,8.21439658e-18,1.54220712e-18,-1.00801105e-38,5.97299562e-20,7.23023446e-24,-6.56170635e-40,6.3164258e-23,2.26981848e-22,3.0979738e-20,4.16002345e-24,0.767090757,-3.41501243e-30,2.49957009e-44,5.73373211e-42,5.69697148e-42,5.88002089e-35
0.0185625,-0.314965658,34.7724036,-2539.2866,300.000001,1.17197011,1.49815934e-08,1.19218033e-22,1.7392768e-13,0.232909216,4.60186696e-13,1.13702761e-10,3.9056826e-15,6.7301332e-15,-7.32515033e-27,2.73691605e-42,3.47619404e-34,5.64123955e-40,3.41886006e-28,5.27936496e-24,2.96615242e-13,1.29582511e-13,1.67132411e-36,1.52995942e-25,3.33960437e-40,9.60233138e-37,6.9248165e-28,-5.48619308e-53,-1.73295261e-30,1.30983528e-46,3.42945955e-32,1.18256907e-42,9.8140618e-34,5.8570313e-42,5.03609962e-30,2.08252526e-32,4.83623057e-26,7.37591483e-29,3.44314065e-20,4.76553116e-21,4.20088146e-31,1.26361282e-14,9.53198208e-16,1.38128403e-18,3.32405145e-19,-1.31794088e-39,9.92178845e-21,1.19072679e-24,2.17388371e-40,1.06654353e-23,3.8326425e-23,5.23100245e-21,7.05516893e-25,0.767090769,-7.14803667e-31,3.14353279e-45,7.18041433e-43,3.1118931e-43,8.53276527e-36
0.01865625,-0.321458745,34.4873838,-2539.2866,300.000001,1.17197018,1.09098079e-08,4.92075147e-23,9.32225161e-14,0.232909217,2.44469534e-13,5.08204352e-11,1.66116884e-15,2.84505487e-15,1.39265251e-26,-3.45865581e-41,-1.82930523e-34,1.35160049e-40,1.52220168e-28,2.34576295e-24,1.25780872e-13,4.64280618e-14,2.79205871e-37,5.45202305e-26,6.24886486e-41,1.69953355e-37,2.43783161e-28,-1.08519037e-53,-6.44906527e-31,2.52605538e-47,1.24498038e-32,3.48165072e-43,4.3667425e-34,9.89018737e-43,1.62183721e-30,6.70661281e-33,2.18149239e-26,2.53100921e-29,1.87171952e-20,2.09844103e-21,1.71756388e-31,5.33252069e-15,3.63685044e-16,4.91990667e-19,1.40554044e-19,2.31202545e-39,3.50319996e-21,4.17835521e-25,-8.53758631e-42,3.8101088e-24,1.36916915e-23,1.86871777e-21,2.52827533e-25,0.767090772,-2.96367539e-31,9.02785181e-46,2.05551155e-43,6.00444273e-44,2.73005781e-36
0.01875,-0.327898396,34.202364,-2539.2866,300,1.17197022,7.96777318e-09,1.75878049e-23,5.13264301e-14,0.232909217,1.33532291e-13,2.3813225e-11,7.45015469e-16,1.26930359e-15,-2.18891229e-26,-1.17399731e-41,4.35642549e-35,3.40398769e-41,7.10843898e-29,1.09346068e-24,5.62703826e-14,1.79141874e-14,4.89352251e-38,2.09366774e-26,1.29762999e-41,3.07365436e-38,9.2622754e-29,-2.3533525e-54,-2.57252325e-31,5.38505541e-48,4.85939626e-33,1.24729032e-43,2.1102653e-34,1.87386146e-43,5.69840551e-31,2.35640171e-33,1.01198712e-26,5.49720397e-30,1.04367219e-20,9.70431002e-22,6.25356886e-32,2.37546655e-15,1.48286023e-16,1.88854408e-19,6.27209488e-20,-2.84185302e-40,1.33444819e-21,1.58302906e-25,-1.49294209e-41,1.46634086e-24,5.26932107e-24,7.19186079e-22,9.75693843e-26,0.767090775,-1.29987965e-31,2.86746027e-46,6.51083354e-44,1.28675558e-44,9.53739024e-37
0.0189375,-0.340617384,33.6323245,-2539.2866,300,1.17197028,4.26137464e-09,6.00859148e-24,1.66630517e-14,0.232909218,4.27907537e-14,6.00105926e-12,1.7551698e-16,2.97320812e-16,5.28419936e-27,9.15775108e-42,-2.23228149e-35,9.39257922e-43,1.78220552e-29,2.73406297e-25,1.32340742e-14,3.41070023e-15,5.10971498e-39,3.95992586e-27,7.76021157e-43,2.07995501e-39,1.72627326e-29,-1.5236659e-55,-5.13004828e-32,3.33735359e-49,9.40098695e-34,2.44775887e-44,5.33720465e-35,9.86905333e-45,9.55125884e-32,3.9496317e-34,2.55220833e-27,2.08630341e-30,3.45955194e-21,2.39767032e-22,2.04670145e-32,5.551855e-16,3.04996981e-17,3.56998219e-20,1.46964136e-20,1.28790051e-40,2.49597435e-22,2.93892106e-26,4.47175032e-42,2.78184201e-25,9.99659704e-25,1.36439084e-22,1.85806376e-26,0.767090778,-2.96964954e-32,4.20843894e-47,9.52261812e-45,8.12512816e-46,1.58639613e-37
0.019125,-0.353122613,33.0622851,-2539.2866,300,1.17197031,2.21790687e-09,1.34182996e-23,4.96450444e-15,0.232909218,1.25592985e-14,1.33213105e-12,3.54813287e-17,6.05847979e-17,-1.36771123e-26,-2.12725229e-43,-5.85993184e-36,-2.58545363e-43,3.9325331e-30,6.01373611e-26,2.70945238e-15,5.44952088e-16,1.79044715e-39,6.2783442e-28,3.55676869e-44,1.20239463e-40,2.69012081e-30,-7.60791209e-57,-8.65388308e-33,1.59018735e-50,1.53050383e-34,4.79355207e-45,1.12443766e-35,3.8734044e-46,1.31450217e-32,5.43572277e-35,5.86323246e-28,-9.36416288e-32,1.05569958e-21,5.20070053e-23,4.67062132e-32,1.12832305e-16,5.33551564e-18,5.65635594e-21,2.99577252e-21,-3.20361816e-41,3.90585134e-23,4.55895792e-27,2.90496575e-43,4.42619571e-26,1.59056102e-25,2.17088564e-23,2.9695688e-27,0.76709078,-5.87642579e-33,4.96007574e-48,1.11803671e-45,3.97479063e-47,2.16384101e-38
0.01921875,-0.359295068,32.7772654,-2539.2866,300,1.17197032,1.59212879e-09,4.11007295e-25,2.64919004e-15,0.232909218,6.64611614e-15,6.00047664e-13,1.42741157e-17,2.59219796e-17,-4.5831389e-27,-8.25028947e-43,2.20848912e-36,1.73449721e-43,1.7650642e-30,2.69408181e-26,1.16257481e-15,2.00308436e-16,-9.12351452e-41,2.29631781e-28,6.81764204e-45,1.68960824e-41,9.73016647e-31,-1.32735172e-57,-3.29301353e-33,3.14026433e-51,5.69373459e-35,2.11356331e-45,5.14647916e-36,6.66051464e-47,4.38258142e-33,1.81228289e-35,2.63883694e-28,1.37869943e-31,5.70906623e-22,2.31050681e-23,7.24584508e-35,4.81989153e-17,2.0774965e-18,2.06792511e-21,1.28204177e-21,4.68023902e-42,1.41656143e-23,1.64411031e-27,-4.54534924e-43,1.62257175e-26,5.83073942e-26,7.95811556e-24,1.09171712e-27,0.767090781,-2.4697961e-33,1.48834694e-48,3.34724594e-46,7.7739251e-48,7.17143303e-39
0.01940625,-0.371479657,32.207226,-2539.2866,300,1.17197034,8.30749712e-10,-5.05482772e-24,8.35405156e-16,0.232909218,2.06842706e-15,1.46331527e-13,1.90850435e-18,5.86840289e-18,3.85836322e-27,-3.3317937e-44,-3.46119382e-37,-1.22763087e-44,4.28199558e-31,6.51773633e-27,2.64238965e-16,3.66889342e-17,-1.16291591e-40,4.17771372e-29,3.81393001e-46,5.73540055e-43,1.74374976e-31,-1.03661407e-58,-6.32348738e-34,1.82091918e-52,1.06008135e-35,5.05909064e-46,1.26073374e-36,3.20416404e-48,7.04524149e-34,2.9133448e-36,6.46727448e-29,3.79902508e-32,1.83863922e-22,5.52226745e-24,-1.86260894e-32,1.08855248e-17,4.11803561e-19,3.76004138e-22,2.90299238e-22,1.1601209e-42,2.54790017e-24,2.93468899e-28,5.3395976e-45,2.96111078e-27,1.06408024e-26,1.45231554e-24,2.00008724e-28,0.767090781,-5.45007256e-34,2.08540423e-49,4.67959268e-47,4.55336096e-49,1.14383842e-39
0.01959375,-0.383450482,31.6371866,-2539.2866,300,1.17197034,4.27372789e-10,-5.19199638e-24,2.57933934e-16,0.232909218,6.30214839e-16,3.48562684e-14,-4.52918206e-19,1.29726839e-18,7.26560696e-27,6.87763159e-45,6.37832805e-37,3.3074782e-44,1.01462183e-31,1.54008705e-27,5.86217038e-17,6.55049015e-18,1.24646567e-41,7.40848979e-30,2.03777872e-47,-5.03090435e-44,3.04574188e-32,8.33235004e-60,-1.18395303e-34,9.03825699e-54,1.92410255e-36,1.19410953e-46,2.97889958e-37,1.44942571e-49,1.10315591e-34,4.56176495e-37,1.5573591e-29,1.76353344e-32,5.79912278e-23,1.28898349e-24,-1.72663091e-32,2.39987541e-18,7.96091554e-20,6.66401004e-23,6.41690611e-23,4.55483471e-43,4.4666716e-25,5.1053771e-29,-2.57071304e-44,5.26742654e-28,1.89285876e-27,2.58347829e-25,3.57183376e-29,0.767090782,-1.17381564e-34,2.84088876e-50,6.36802204e-48,2.60919056e-50,1.77697024e-40
0.01978125,-0.395207543,31.0671472,-2539.2866,300,1.17197035,2.16854404e-10,2.48931342e-23,7.803079e-17,0.232909218,1.88129305e-16,8.11743312e-15,-5.08813523e-19,2.80497892e-19,-1.24580162e-26,4.4795487e-45,5.56248489e-39,-1.19913288e-45,2.35038852e-32,3.55764034e-28,1.26991219e-17,1.14124166e-18,6.88072459e-42,1.28203331e-30,1.04229183e-48,-2.32739711e-44,5.19054852e-33,-3.7361164e-61,-2.16362343e-35,5.35026555e-55,3.40818826e-37,2.76583534e-47,6.82402757e-38,6.10363342e-51,1.68437062e-35,6.96520127e-38,3.68691177e-30,3.53377518e-33,1.79265382e-23,2.94107132e-25,8.92365485e-32,5.16982919e-19,1.50247258e-20,1.1524678e-23,1.38599581e-23,-1.8967806e-43,7.64021872e-26,8.66552876e-30,-9.34255083e-46,9.14320243e-29,3.28562546e-28,4.48440328e-26,6.22442506e-30,0.767090782,-2.46990071e-35,3.76393903e-51,8.44466831e-49,1.44596352e-51,2.69177202e-41
0.01996875,-0.406750841,30.4971078,-2539.2866,300,1.17197035,1.08574288e-10,-1.33382545e-23,2.31446258e-17,0.232909218,5.50644241e-17,1.84984193e-15,-2.73265006e-18,5.94772544e-20,-6.43939934e-26,-1.00514316e-45,3.87791679e-38,2.00810098e-45,5.32766482e-33,8.04140595e-29,2.68363177e-18,1.94215059e-19,-3.6529203e-42,2.16715305e-31,5.11489477e-50,-8.00090649e-45,8.63941912e-34,7.67014517e-63,-3.863027e-36,2.74513877e-56,5.89737729e-38,6.27624646e-48,1.52121952e-38,2.2672864e-52,2.51046868e-36,1.03812781e-38,8.58583649e-31,-3.37798155e-34,5.43522708e-24,6.5656757e-26,-4.69940732e-32,1.08920738e-19,2.77104535e-21,1.94675796e-24,2.9278767e-24,-9.59056357e-44,1.27640067e-26,1.43649576e-30,-1.45906126e-45,1.55021218e-29,5.57071402e-29,7.60321848e-27,1.05952025e-30,0.767090782,-5.08210945e-36,4.84850276e-52,1.09249048e-49,5.22136806e-53,3.98012603e-42
0.02015625,-0.418080373,29.9270684,-2539.2866,300,1.17197035,5.3659384e-11,1.19949046e-24,6.73731434e-18,0.232909218,1.58141149e-17,4.12850305e-16,-2.04814512e-18,1.24067737e-20,-2.9607693e-27,7.12461019e-47,-6.23900236e-39,-3.06825623e-46,1.18266278e-33,1.78000265e-29,5.57255848e-19,3.2314862e-20,1.03228546e-42,3.58142703e-32,2.41434874e-51,-1.54705182e-45,1.40579778e-34,-4.13028208e-61,-6.74495528e-37,-1.27605987e-57,9.97802101e-39,1.39521994e-48,3.30919388e-39,5.38591964e-54,3.65611191e-37,1.51187367e-39,1.96779442e-31,-9.23747903e-35,1.61744792e-24,1.43528058e-26,2.95708592e-33,2.24631207e-20,4.9989023e-22,3.21516173e-25,6.05446881e-25,-5.53562377e-45,2.08469764e-27,2.32794198e-31,3.78258242e-46,2.56974553e-30,9.23442458e-30,1.26036532e-27,1.76333132e-31,0.767090782,-1.02347104e-36,6.06315756e-53,1.38025081e-50,4.36555431e-54,5.75026664e-43
0.02034375,-0.429196142,29.357029,-2539.2866,300,1.17197035,2.61861049e-11,-5.27204348e-24,1.92423939e-18,0.232909218,4.4593836e-18,9.03105809e-17,-2.00677944e-18,2.52262895e-21,1.46496004e-26,-1.51897037e-46,-1.57782354e-39,-8.99171395e-47,2.57311163e-34,3.86167207e-30,1.11504929e-19,5.26170783e-21,-1.5138527e-42,5.79196712e-33,1.09837418e-52,-3.31059704e-46,2.23831937e-35,2.03177772e-61,-1.152712e-37,5.3572872e-59,1.65222318e-39,3.04003099e-49,7.03998281e-40,-4.09489861e-55,5.20762248e-38,2.15345361e-40,4.44096786e-32,2.55891476e-35,4.72741213e-25,3.07487314e-27,-1.77970173e-32,4.53851636e-21,8.82834379e-23,5.19636569e-26,1.22656462e-25,1.84422489e-45,3.331711e-28,3.69141507e-32,2.65298307e-47,4.16856578e-31,1.49798125e-30,2.04452762e-28,2.87186543e-32,0.767090782,-2.01900262e-37,7.33425774e-54,1.70461806e-51,-9.03732305e-56,8.12494669e-44
0.02053125,-0.440098145,28.7869896,-2539.2866,300,1.17197035,1.26217651e-11,1.84819562e-24,5.37632847e-19,0.232909218,1.23548954e-18,1.93776098e-17,-1.55852813e-18,5.10762237e-22,-4.76079815e-26,5.84403422e-48,-2.90289299e-40,-1.62442315e-47,5.49108813e-35,8.21722367e-31,1.82887081e-20,8.3912497e-22,2.64974456e-43,9.17702776e-34,4.8350357e-54,-5.97895974e-47,3.49024083e-36,-1.23698362e-66,-1.92982544e-38,-1.80845695e-59,2.67978621e-40,6.49678284e-50,1.46717924e-40,-1.07563205e-55,7.26107749e-39,3.00259739e-41,9.87396673e-33,-9.96912331e-37,1.35789797e-25,6.46073005e-28,5.1378708e-33,8.99046961e-22,1.52762682e-23,8.2258832e-27,2.43632863e-26,-8.93469608e-46,5.21473876e-29,5.73245014e-33,-1.54901145e-48,6.62295347e-32,2.37996967e-31,3.24831416e-29,4.58110441e-33,0.767090782,-3.90455718e-38,8.51651689e-55,2.0598023e-52,1.42653497e-56,1.12378064e-44
0.02071875,-0.450786384,28.2169502,-2539.2866,300,1.17197035,6.0096944e-12,7.6814711e-25,1.49269749e-19,0.232909218,3.36496624e-19,4.08111973e-18,-1.61976854e-18,1.09463165e-22,-9.55099144e-27,5.91283931e-48,2.85616631e-40,1.5091471e-47,1.15017345e-35,1.71622174e-31,6.67686028e-21,1.31174901e-22,4.8740032e-43,1.42508602e-34,2.06547263e-55,-1.23859703e-47,5.33426295e-37,8.68104603e-63,-3.16747858e-39,-5.80237647e-60,4.26074188e-41,1.36268992e-50,2.99942531e-41,-1.99149909e-56,9.91902191e-40,4.10170937e-42,2.16383885e-33,-3.58817174e-37,3.83525569e-26,1.33231205e-28,5.67105067e-33,1.74739861e-22,2.59194865e-24,1.27643815e-27,4.74819296e-27,-9.22177103e-48,7.99999748e-30,8.7250199e-34,8.69955312e-48,1.03141734e-32,3.70641587e-32,5.05872126e-30,7.16309817e-34,0.767090782,-7.40799369e-39,9.34019953e-56,2.43742996e-53,1.63003115e-57,1.52277794e-45
0.02090625,-0.461260858,27.6469108,-2539.2866,300,1.17197035,2.82620229e-12,-1.69879217e-24,4.18777005e-20,0.232909218,9.01245542e-20,8.44136568e-19,-1.69355501e-18,3.09372792e-23,-8.83584662e-28,5.06915888e-48,-1.14703396e-41,-6.11444863e-49,2.36598365e-36,3.52013628e-32,5.28544137e-21,2.011443e-23,-2.26184109e-43,2.16545266e-35,8.55379505e-57,-2.674971e-48,7.99635315e-38,2.62416769e-64,-5.10044075e-40,7.4091927e-62,6.64552719e-42,2.80676867e-51,6.02017755e-42,-3.24970821e-57,1.32853807e-40,5.49376457e-43,4.67567968e-34,7.1742332e-38,1.06544977e-26,2.69800831e-29,-5.63824076e-33,3.33428241e-23,4.3151799e-25,1.94240294e-28,9.0850394e-28,-1.07670695e-48,1.20379174e-30,1.30252142e-34,-6.43773155e-49,1.57559372e-33,5.661923e-33,7.72770548e-31,1.09866397e-34,0.767090782,-1.37971422e-39,9.315606e-57,2.82681104e-54,-1.20439528e-58,2.02310292e-46
0.02109375,-0.471521567,27.0768714,-2539.2866,300,1.17197035,1.31170437e-12,3.56873517e-24,1.26105191e-20,0.232909218,2.37254751e-20,1.71461557e-19,-1.57395246e-18,1.58497985e-23,-1.16181173e-26,-7.14025321e-48,-2.3909083e-42,-1.30929849e-49,4.77940304e-37,7.09014767e-33,5.55642083e-21,3.02645992e-24,-7.09223532e-45,3.22298776e-36,3.52681746e-58,-5.29747207e-49,1.17613159e-38,1.4001756e-63,-8.05961122e-41,2.6734336e-63,1.01709603e-42,5.67640912e-52,1.18581074e-42,-5.18395122e-58,1.74546819e-41,7.21785215e-44,9.96210635e-35,4.35297917e-38,2.90969348e-27,5.36505076e-30,1.56593273e-32,6.24642365e-24,7.05067842e-26,2.89255151e-29,1.70666164e-28,1.96407036e-48,1.77731016e-31,1.90785518e-35,-3.95793804e-48,2.36167567e-34,8.48672192e-34,1.15831472e-31,1.65348148e-35,0.767090782,-2.52272465e-40,7.55958804e-58,3.21487488e-55,1.56662211e-59,2.63647869e-47
0.02128125,-0.481568511,26.506832,-2539.2866,300,1.17197035,5.99510804e-13,-6.23615709e-24,4.70047065e-21,0.232909218,6.11657645e-21,3.40941907e-20,-1.82674647e-18,1.30025041e-23,7.96603367e-26,-3.85155402e-48,-1.31399649e-42,-6.96987935e-50,9.45136938e-38,1.39800928e-33,6.88776178e-21,4.45846103e-25,-7.75117895e-43,4.72133337e-37,1.24574891e-59,-1.076589e-49,1.69375839e-39,-7.6173966e-65,-1.24685419e-41,-2.74246523e-63,1.52409107e-43,1.12336275e-52,2.27951735e-43,-7.00165195e-59,2.24557007e-42,9.28587123e-45,2.0885134e-35,-8.50516296e-39,7.78282497e-28,1.04439031e-30,-2.19731838e-32,1.14557101e-24,1.12786338e-26,4.13098124e-30,3.13855268e-29,1.79996386e-48,2.56924318e-32,2.73614529e-36,4.06693743e-48,3.46593626e-35,1.24549012e-34,1.69991376e-32,2.43644471e-36,0.767090782,-4.51562966e-41,2.45116368e-59,3.58069981e-56,-8.37656882e-60,3.36442271e-48
0.02146875,-0.491401691,25.9367926,-2539.2866,300,1.17197035,2.68339487e-13,7.30634113e-25,-3.73377171e-21,0.232909218,1.51872062e-21,6.51004285e-21,-1.4010925e-18,1.24743527e-23,2.74909571e-27,4.74650933e-48,1.19294308e-42,6.28308101e-50,1.79469827e-38,2.64687294e-34,-5.30034317e-21,6.30482079e-26,-3.95825418e-43,6.56831938e-38,5.98858676e-61,-1.79442004e-50,2.34162007e-40,-1.32108105e-64,-1.85137774e-42,4.72686375e-65,2.19218453e-44,2.13023549e-53,4.15349704e-44,-8.3141294e-60,2.77482218e-43,1.14744322e-45,4.24833237e-36,-1.99110918e-39,2.00627989e-28,1.95204343e-31,1.687378e-33,2.01669992e-25,1.7316057e-27,4.72148825e-31,5.5404407e-30,-1.73668213e-50,3.56542241e-33,3.76711308e-37,1.15185432e-47,4.88273968e-36,1.75462085e-35,2.39480352e-33,3.4462848e-37,0.767090782,-7.75833991e-42,-9.5315938e-60,3.83429748e-57,-3.77830087e-61,4.12392471e-49
0.02165625,-0.501021105,25.3667532,-2539.2866,300,1.17197035,1.16008307e-13,-8.77911034e-24,-5.2986281e-21,0.232909218,3.36019371e-22,1.05992852e-21,-1.37675303e-18,1.2377986e-23,6.75004616e-26,-5.38045517e-48,3.26251029e-44,1.73186169e-51,2.90316487e-39,4.26702269e-35,-6.28821306e-21,7.23608684e-27,1.3228801e-42,7.47251779e-39,-2.00065261e-62,-2.62840897e-51,2.61805333e-41,1.29489703e-67,-2.24845494e-43,-1.49444361e-63,2.56599652e-45,3.37660943e-54,6.09808544e-45,-9.52062561e-61,2.72561407e-44,1.12709472e-46,7.66190773e-37,1.99525447e-40,4.63683674e-29,3.09986131e-32,-3.12658028e-32,2.98622641e-26,2.18627204e-28,-5.24706266e-32,8.23042673e-31,3.83634215e-50,4.0037896e-34,4.19173667e-38,4.52039442e-48,5.57943287e-37,2.00497874e-36,2.7365058e-34,3.95645214e-38,0.767090782,-1.11666109e-42,-4.34284718e-60,3.19688265e-58,-4.18612052e-62,4.01335102e-50
0.02175,-0.505750651,25.0817335,-2539.2866,300,1.17197035,7.58736879e-14,3.95511619e-24,-7.71194032e-21,0.232909218,1.51688106e-22,3.96175514e-22,-1.06890603e-18,1.2367099e-23,2.5612671e-26,3.97632133e-49,-8.68794625e-44,-4.5613277e-51,1.08065512e-39,1.58485323e-35,-1.03408994e-20,2.1437683e-27,-8.77045421e-43,2.18376044e-39,1.78848838e-62,-9.74080621e-52,7.61668957e-42,3.39007832e-65,-6.92520734e-44,7.42489409e-66,7.70600366e-46,1.28274624e-54,2.2892162e-45,-2.8945642e-61,7.23716299e-45,2.99270843e-47,2.98981531e-37,-1.34902446e-40,2.14782619e-29,1.14029593e-32,1.42130201e-32,1.04989852e-26,6.91389644e-29,-9.5228407e-32,2.89972486e-31,5.92922681e-51,1.16836609e-34,1.21544754e-38,4.12752071e-48,1.64795833e-37,5.92196642e-37,8.08262708e-35,1.17237234e-38,0.767090782,-3.85369691e-43,-3.30964278e-60,7.53342658e-59,-7.16827637e-63,1.05857602e-50
0.0219375,-0.515049419,24.5116941,-2539.2866,300,1.17197035,3.37647388e-14,1.58537866e-24,-1.1812887e-20,0.232909218,3.75132381e-23,7.51220888e-23,-1.20204748e-18,1.23622187e-23,-6.83834206e-26,-2.86582051e-48,4.98818853e-44,2.6237075e-51,2.03762759e-40,2.97943661e-36,-1.54612077e-20,2.99500831e-28,-3.41395998e-43,3.02928479e-40,7.52945505e-64,-1.70062443e-52,1.03986388e-42,-1.07837295e-66,-1.01676503e-44,-2.63541307e-66,1.09538641e-46,2.43119705e-55,4.32687161e-46,-3.78236061e-62,8.81203594e-46,3.64394923e-48,6.02980262e-38,6.0468922e-42,5.51603944e-30,2.11583671e-33,3.8901351e-33,1.83313678e-27,1.0502989e-29,-9.55592779e-32,5.07714231e-32,-2.21348957e-51,1.60125814e-35,1.65240546e-39,1.969089e-48,2.29345598e-38,8.24157324e-38,1.12485547e-35,1.63830435e-39,0.767090782,-6.56428982e-44,-2.51868343e-60,7.92677143e-60,-8.10899663e-64,1.27835891e-51
0.022125,-0.524134422,23.9416547,-2539.2866,300,1.17197035,1.48861985e-14,-3.3822131e-24,-7.5541323e-21,0.232909218,9.15769958e-24,1.40463327e-23,-1.34052343e-18,1.23613667e-23,2.23596598e-26,6.76310604e-48,-1.18345197e-45,-6.20919528e-53,3.78851768e-41,5.52308325e-37,-7.38006909e-21,4.12226708e-29,-3.89056947e-43,2.43354909e-41,5.20790548e-64,-3.14766307e-53,1.39855414e-43,2.19263596e-66,-1.4708556e-45,1.64970973e-67,1.53406161e-47,4.52782686e-56,8.01546908e-47,-5.50168783e-63,1.05671822e-46,4.36973666e-49,1.20246952e-38,3.03425006e-43,1.39864015e-30,3.87105739e-34,-8.07121161e-33,3.15528156e-28,1.57223695e-30,-8.04762478e-32,8.76358021e-33,3.85441369e-52,2.16192439e-36,2.2130183e-40,3.36887764e-48,3.14447538e-39,1.1299726e-38,1.54224906e-36,2.25549495e-40,0.767090782,-1.10220361e-44,-2.33760093e-60,8.21187024e-61,-1.54403991e-64,1.52037469e-52
0.0223125,-0.53300566,23.3716153,-2539.2866,300,1.17197035,6.50402355e-15,2.10175397e-24,-8.65766532e-21,0.232909218,2.20773315e-24,2.59117597e-24,-1.12427249e-18,1.23612234e-23,-1.6351426e-26,1.89387354e-48,-2.33960832e-44,-1.2309946e-51,6.94935415e-42,1.01007916e-37,-9.16408094e-21,5.59288679e-30,-4.04144145e-43,-9.89962103e-42,9.57110868e-65,-5.12809981e-54,1.85404291e-44,-8.91400554e-68,-2.09744191e-46,1.03078855e-68,2.11786554e-48,8.31463481e-57,1.45906918e-47,1.7546624e-65,1.24872992e-47,5.16374358e-50,2.37203294e-39,-3.8364944e-43,3.50293408e-31,6.9869074e-35,8.26173699e-33,5.35681358e-29,2.32047505e-31,-6.61806559e-32,1.49201346e-33,-1.77562171e-53,2.87714224e-37,2.92137134e-41,7.01604994e-48,4.24975262e-40,1.52715586e-39,2.08434673e-37,3.0609132e-41,0.767090782,-1.82528588e-45,-2.30081439e-60,8.38009027e-62,1.03267805e-64,1.78183424e-53
0.0225,-0.541663133,22.8015759,-2539.2866,300,1.17197035,2.81698891e-15,-3.55033341e-24,-6.47346324e-21,0.232909218,5.25754425e-25,4.71829689e-25,-1.23314041e-18,1.23612011e-23,-2.24672322e-26,-8.99086311e-48,-2.72878433e-44,-1.43569653e-51,1.25824821e-42,1.82335801e-38,-6.98339427e-21,7.48398938e-31,-1.83348176e-44,-1.20668928e-41,-1.71390124e-64,-8.71768153e-55,2.42400856e-45,3.44646413e-67,-2.94836134e-47,-5.49648997e-69,2.88381942e-49,1.50693765e-57,2.61483558e-48,2.7850605e-64,1.45494402e-48,6.01648876e-51,4.630226e-40,-1.49300636e-44,8.6695406e-32,1.24470245e-35,-1.14733693e-32,8.97473324e-30,3.37846786e-32,-5.1948313e-32,2.5067678e-34,-7.09654986e-54,3.77624184e-38,3.80327991e-42,-1.26511949e-47,5.6646345e-41,2.03559609e-40,2.77829404e-38,4.09691614e-42,0.767090782,-2.98275728e-46,-2.29373823e-60,8.42113831e-63,-7.73991241e-66,2.05894703e-54
0.0226875,-0.550106842,22.2315365,-2539.2866,300,1.17197035,1.20980963e-15,3.11329257e-24,-5.09237797e-21,0.232909218,1.23685873e-25,8.48470299e-26,-1.00670165e-18,1.23611996e-23,6.3265069e-26,3.62059522e-48,2.65777952e-44,1.39834193e-51,2.24979978e-43,3.25042639e-39,-4.10353907e-21,9.88228698e-32,3.13554119e-43,-1.93618738e-41,-2.56416995e-63,-1.41406496e-55,3.12716041e-46,3.24531538e-68,-4.07172609e-48,-7.3674227e-69,3.87505201e-50,2.69704115e-58,4.62025796e-49,5.29817718e-63,1.67234746e-49,6.9155896e-52,8.94692223e-41,-3.05747359e-44,2.12120855e-32,2.1896832e-36,1.05308202e-32,1.48455775e-30,4.85477171e-33,-4.09746784e-32,4.15833444e-35,1.63009051e-54,4.89061511e-39,4.88570862e-43,-7.17368136e-48,7.4507455e-42,2.67743812e-41,3.65431552e-39,5.41111444e-43,0.767090782,-4.81214005e-47,-2.29236829e-60,8.26097304e-64,-4.72374407e-65,2.34702563e-55
0.022875,-0.558336786,21.6614971,-2539.2866,300,1.17197035,5.15346544e-16,6.54922876e-24,-8.00664117e-21,0.232909218,2.86672091e-26,1.50748562e-26,-1.18066558e-18,1.23612006e-23,-2.21113333e-26,1.99355394e-48,-1.17263808e-44,-6.1696783e-52,3.9744705e-44,5.72483454e-40,-1.25994007e-20,1.28838472e-32,6.4100419e-45,-2.68427929e-41,-5.88758992e-65,-2.68142459e-56,3.98279313e-47,1.15202289e-67,-5.36723362e-49,-1.2043216e-71,5.14096579e-51,4.76901383e-59,8.05817853e-50,3.38360062e-63,1.89732336e-50,7.84685882e-53,1.71193189e-41,4.04194896e-45,5.13302517e-33,3.80570747e-37,1.79078012e-32,2.42571669e-31,6.88872113e-34,-3.50909279e-32,6.81389433e-36,-4.19507848e-56,6.25305343e-40,6.1960472e-44,6.38772086e-48,9.67533877e-43,3.47684951e-42,4.74539636e-40,7.05599993e-44,0.767090782,-7.66831919e-48,-2.29202437e-60,7.14178453e-65,1.38120994e-65,2.640649e-56
0.0230625,-0.566352965,21.0914577,-2539.2866,300,1.17197035,2.17796665e-16,-2.11680539e-24,-6.7548025e-21,0.232909218,6.41960833e-27,2.64747236e-27,-1.64860601e-18,1.23612027e-23,-4.5127629e-26,8.11872453e-48,-1.02705334e-44,-5.40389776e-52,6.94014263e-45,9.96634217e-41,-1.09298619e-20,1.65959515e-33,-1.19627123e-42,-3.20928832e-41,2.54466727e-64,-5.32340662e-57,5.01025147e-48,-2.00576813e-66,-5.12333134e-50,2.06325398e-71,6.7372036e-52,8.33521174e-60,1.38853234e-50,1.47551439e-62,2.126039e-51,8.80213603e-54,3.24480328e-42,-3.98263146e-45,1.22896809e-33,6.53769579e-38,-1.06977377e-33,3.916975e-32,9.65687878e-35,-2.16192391e-32,1.10342341e-36,-3.63460523e-56,7.89692839e-41,7.76126565e-45,4.15477361e-48,1.24103204e-43,4.45966981e-43,6.08680382e-41,9.08833525e-45,0.767090782,-1.20755044e-48,-2.29186423e-60,-2.5741799e-66,2.81215257e-64,2.93387405e-57
0.02325,-0.574155379,20.5214183,-2539.2866,300,1.17197035,9.13459688e-17,-1.36449358e-23,-3.23504943e-21,0.232909218,1.30143632e-27,4.5979408e-28,-1.58478989e-18,1.23612043e-23,-3.90505057e-26,1.0182188e-47,-5.9132072e-44,-3.11113559e-51,1.19839819e-45,1.71573016e-41,-6.40798616e-21,2.11514207e-34,-1.33152276e-42,-1.24272562e-41,-2.23678542e-64,-7.77104289e-58,6.22832464e-49,-9.90763397e-66,1.46361563e-50,-3.52458411e-70,8.72530971e-53,1.44060188e-60,2.36567313e-51,-9.25846488e-63,2.35718074e-52,9.85283854e-55,6.09429697e-43,-3.50609795e-45,2.91242422e-34,1.11055488e-38,-4.81743533e-32,6.25350352e-33,1.33802546e-35,-1.07605734e-32,1.76666334e-37,1.37383237e-57,9.85524111e-42,9.60698212e-46,-7.68618359e-48,1.57309556e-44,5.65294574e-44,7.71545275e-42,1.15682808e-45,0.767090782,-1.87996124e-49,-2.29174234e-60,-9.2874695e-66,2.92173687e-64,3.22048144e-58
0.0234375,-0.581744028,19.9513789,-2539.2866,300,1.17197035,3.80301868e-17,-3.7323716e-24,-1.85362373e-22,0.232909218,2.37625475e-28,7.90017186e-29,-6.78809591e-19,1.23612048e-23,2.45187479e-26,4.95953936e-48,7.65696653e-45,4.02856005e-52,2.04720752e-46,2.92204582e-42,-1.72568855e-21,2.67084121e-35,7.25753454e-44,-9.74505166e-44,-1.1093949e-65,-5.81342343e-59,7.65459591e-50,1.55071359e-66,2.34583991e-50,4.15471612e-71,1.11712334e-53,2.46292577e-61,3.98762821e-52,6.8891453e-64,2.61769176e-53,1.18785206e-55,1.13457502e-43,-4.33179516e-47,6.83408763e-35,1.86623598e-39,-1.24530787e-32,9.87520714e-34,1.8332271e-36,-3.2715224e-33,2.79781118e-38,1.67629831e-57,1.21595773e-42,1.17564856e-46,-9.73316816e-49,1.97142871e-45,7.08436274e-45,9.66912976e-43,1.4558294e-46,0.767090782,-2.89481303e-50,-2.29162647e-60,-9.92544775e-66,-3.63953276e-65,3.49423895e-59
0.023625,-0.589118913,19.3813395,-2539.2866,300,1.17197035,1.57210336e-17,-5.09505284e-25,-8.4219249e-22,0.232909218,2.49230464e-29,1.34356339e-29,-2.93175375e-19,7.62993162e-24,1.2160411e-26,-1.29678712e-52,-2.68463604e-46,-1.41245428e-53,3.46122374e-47,4.92526001e-43,-2.1589048e-21,3.34423477e-36,1.96489313e-44,-1.80475898e-43,-8.16964336e-66,-4.91953932e-60,9.30478321e-51,-4.45796474e-68,2.46276892e-50,2.51869277e-71,1.41341334e-54,4.16731649e-62,6.6539625e-53,-3.63906974e-64,3.21675411e-54,2.38359384e-56,2.09437812e-44,3.05380909e-46,1.58847036e-35,3.10373209e-40,3.2612551e-33,1.54312868e-34,2.48474341e-37,-4.11036409e-33,4.38448679e-39,2.59288863e-58,1.4839014e-43,1.42297614e-47,1.0129858e-52,2.44373157e-46,8.78159111e-46,1.19856008e-43,1.81218009e-47,0.767090782,-4.41066562e-51,-2.29174196e-60,-5.9553372e-66,-2.73393465e-65,3.74916471e-60
0.0238125,-0.596280033,18.8113001,-2539.2866,300,1.17197035,6.4544374e-18,-2.39858945e-24,-2.24257311e-21,0.232909218,-1.37696457e-29,2.26296786e-30,-1.98236039e-19,6.92753412e-24,-2.33293185e-26,3.62969606e-48,1.23471419e-46,6.49571056e-54,5.79400345e-48,8.21958209e-44,-3.63204086e-21,4.11823224e-37,7.64779809e-46,7.91994567e-45,6.22374807e-66,-6.65463174e-61,1.11921542e-51,3.04941477e-68,2.47809536e-50,-1.15797962e-70,1.75585942e-55,6.95206715e-63,1.09967588e-53,-9.36659117e-65,7.26775359e-55,1.35352498e-56,3.83463645e-45,6.30282177e-48,3.65853398e-36,5.11055417e-41,-9.53075136e-33,2.38709101e-35,3.33306575e-38,-8.06306159e-34,6.80193615e-40,-1.82415406e-58,1.79190295e-44,1.70425711e-48,8.21876725e-49,2.99750112e-47,1.07715714e-46,1.47016359e-44,2.23216927e-48,0.767090782,-6.65240323e-52,-2.2917521e-60,-5.61476039e-66,7.80239548e-65,3.97977344e-61
0.024,-0.603227388,18.2412607,-2539.2866,300,1.17197035,2.63251394e-18,-1.28047289e-27,-2.43102892e-22,0.232909218,-2.50985253e-30,3.77590479e-31,-3.19742587e-20,1.92419882e-24,-2.2436895e-32,1.98879576e-55,2.84485225e-51,1.51523846e-58,9.60679795e-49,1.35868395e-44,-3.78166979e-22,5.02035851e-38,5.61979276e-51,9.65098672e-46,4.22503167e-70,-2.70559824e-62,1.33275571e-52,5.0869562e-74,2.48008358e-50,-5.17280462e-74,2.01874044e-56,1.15326367e-63,1.80064758e-54,-1.36573033e-68,4.57577739e-55,1.24182581e-56,6.96582713e-46,1.01382757e-49,8.35251775e-37,8.33466529e-42,-4.53063376e-36,3.65695572e-36,4.42671793e-39,-4.62722711e-34,1.0450393e-40,-1.02373071e-63,2.14204728e-45,2.02056362e-49,6.01625557e-54,3.63982387e-48,1.30797692e-47,1.78519918e-45,2.72190208e-49,0.767090782,-9.93614185e-53,-2.29194407e-60,-1.26240145e-66,-4.68479921e-66,4.18129083e-62
0.0241875,-0.609960978,17.6712213,-2539.2866,300,1.17197035,1.06691402e-18,-6.11598703e-31,-5.37188299e-23,0.232909218,-5.46615012e-31,6.24376356e-32,-4.89441895e-21,4.23657891e-25,-1.04319367e-37,3.20370101e-61,2.05010576e-55,1.09787473e-62,1.57831836e-49,2.22536183e-45,-5.78073494e-23,6.06122213e-39,4.120612e-56,1.19429268e-46,4.1939532e-73,-1.18631582e-63,1.57251633e-53,8.04918388e-80,2.48033891e-50,-2.49341711e-77,8.5389637e-58,1.90174535e-64,2.92087687e-55,-7.04579966e-70,4.26877996e-55,1.22878085e-56,1.25582779e-46,1.86162052e-51,1.8908603e-37,1.34682337e-42,-2.16657036e-39,5.55038101e-37,5.8233012e-40,-1.46948225e-34,1.59069656e-41,-6.72887576e-69,2.53586451e-46,2.37239727e-50,4.25410054e-59,4.37716926e-49,1.57294324e-48,2.14683986e-46,3.28709346e-50,0.767090782,-1.47025004e-53,-2.29199239e-60,-2.27600451e-67,-2.09824706e-66,4.34982448e-63
0.024375,-0.616480804,17.1011819,-2539.2866,300,1.17197035,4.29785585e-19,-2.92119601e-34,-1.17736917e-23,0.232909218,-1.18070044e-31,1.02362574e-32,-7.42538296e-22,8.35372592e-26,-4.91596823e-42,5.16060614e-67,1.44092445e-59,7.96426691e-67,2.57032329e-50,3.61291357e-46,-8.75794439e-24,7.2502671e-40,-3.23525871e-57,1.79316067e-47,8.71830168e-74,-4.66534849e-65,1.84645696e-54,5.75067214e-81,2.48037138e-50,-2.83196984e-81,-1.54777417e-57,3.19256865e-65,4.67868605e-56,-1.54151545e-70,4.21682498e-55,1.22631023e-56,2.24762256e-47,3.41591276e-53,4.24599441e-38,2.15723398e-43,-1.03482885e-42,8.34915477e-38,7.59058784e-41,-3.72729085e-35,2.39972152e-42,-2.58370075e-73,2.97425434e-47,2.75964148e-51,2.98498664e-64,5.21519364e-50,1.87408873e-49,2.55785986e-47,3.93294781e-51,0.767090782,-2.15607547e-54,-2.29200157e-60,-3.74035376e-68,1.33370775e-66,4.48248365e-64
0.0245625,-0.622786865,16.5311425,-2539.2866,300,1.17197035,1.7213634e-19,-1.39533979e-37,-2.56031654e-24,0.232909218,-2.53030223e-32,1.66452146e-33,-1.11690739e-22,1.54161227e-26,-8.54015079e-43,4.20790814e-71,-3.6169147e-62,-4.51924948e-69,4.15064447e-51,5.81630029e-47,-1.31553132e-24,8.59572272e-41,4.67423023e-57,5.86344299e-48,1.86165343e-74,-1.73983926e-66,2.23152376e-55,-5.39143859e-81,2.48037546e-50,5.29619817e-81,-1.86136526e-57,5.78760183e-66,7.22928376e-57,-3.3547716e-71,4.19332595e-55,1.22504065e-56,3.99463651e-48,6.59269044e-55,9.46065818e-39,3.42614749e-44,-4.94264937e-46,1.24520025e-38,9.80766118e-42,-8.65096064e-36,3.58932996e-43,-1.77270736e-74,3.45743098e-48,3.1815357e-52,2.43771079e-69,6.1585646e-51,2.2130907e-50,3.02054848e-48,4.66400073e-52,0.767090782,-3.1347091e-55,-2.29200311e-60,-5.85192804e-69,5.82850628e-67,4.57744444e-65
0.02475,-0.628879161,15.9611031,-2539.2866,300,1.17197035,6.85761534e-20,-6.45082153e-41,-5.52606237e-25,0.232909218,-5.38178603e-33,2.68584473e-34,-1.66629984e-23,2.71847985e-27,-1.3471277e-43,-6.64865604e-72,3.42517202e-63,4.32901683e-70,6.64863876e-52,9.28802194e-48,-1.95991478e-25,1.01043628e-41,4.06356714e-58,4.44135528e-48,4.06360096e-75,-6.44458956e-68,3.49806567e-56,1.65411525e-83,2.48037597e-50,-7.06651739e-83,-1.91833192e-57,-3.79612146e-66,8.97833708e-58,-7.23470483e-72,4.17431246e-55,1.22397487e-56,7.05203842e-49,1.25297159e-56,2.09233325e-39,5.39749599e-45,-2.3291711e-49,1.84191711e-39,1.25661097e-42,-1.92050722e-36,5.32478512e-44,-1.36617706e-75,3.98489281e-49,3.63667417e-53,-3.38193566e-70,7.21081687e-52,2.59121935e-51,3.53663935e-49,5.48399634e-53,0.767090782,-4.52011002e-56,-2.29200316e-60,-8.88750251e-70,-9.72242917e-68,4.63396139e-66
0.0249375,-0.634757692,15.3910637,-2539.2866,300,1.17197035,2.71930182e-20,-1.74774922e-43,-1.18424527e-25,0.232909218,-1.13648597e-33,4.30248681e-35,-2.46652075e-24,4.63411273e-28,-1.24325252e-44,-2.19689995e-76,1.14886962e-63,8.47729711e-71,1.05680967e-52,1.47178404e-48,-2.89713097e-26,1.17813506e-42,5.70533833e-63,4.27521429e-48,8.60288125e-76,-2.58943441e-69,1.33514586e-56,4.38660405e-89,2.48037603e-50,-1.34534732e-82,-1.94262113e-57,-3.33484551e-65,-1.09913191e-58,-1.55122079e-72,4.15716825e-55,1.22299202e-56,1.23697133e-49,2.41276568e-58,4.59485549e-40,8.43749321e-46,-4.45635172e-52,2.70329283e-40,1.59713499e-43,-4.15731581e-37,7.83763171e-45,-2.02412847e-76,4.5554304e-50,4.12303984e-54,-3.44106228e-75,8.37427036e-53,3.00930834e-52,4.10727032e-50,6.39580757e-54,0.767090782,-6.46662127e-57,-2.29200238e-60,-1.32348336e-70,1.84318793e-70,4.65233536e-67
0.025125,-0.640422459,14.8210243,-2539.2866,300,1.17197035,1.07484153e-20,3.54643955e-44,-2.52128859e-26,0.232909218,-2.38414618e-34,6.84638296e-36,-3.62407136e-25,7.69281541e-29,-4.29955591e-45,-2.04548116e-79,8.3173009e-65,6.00685217e-72,1.66762814e-53,2.31526545e-49,-4.25087738e-27,1.36305197e-43,6.19376913e-68,4.25596327e-48,1.83279968e-76,-1.36673158e-70,1.0882011e-56,-1.40028153e-90,2.48037604e-50,-2.2025475e-83,-1.96146797e-57,-1.48858139e-64,-2.2237283e-58,-3.30237008e-73,4.14149403e-55,1.22204555e-56,2.15652858e-50,4.55041082e-60,1.0025436e-40,1.30936062e-46,6.35532634e-53,3.93814852e-41,2.01447807e-44,-8.86687485e-38,1.14510624e-45,-1.66292448e-77,5.16729074e-51,4.63817439e-55,-2.9660472e-79,9.65024919e-54,3.46783351e-53,4.73309081e-51,7.40158822e-55,0.767090782,-9.18257053e-58,-2.2919995e-60,-1.94393073e-71,5.25179353e-72,4.63390599e-68
0.0253125,-0.645873461,14.2509849,-2539.2866,300,1.17197035,4.24870494e-21,1.97229387e-46,-5.34123108e-27,0.232909218,-4.97624878e-35,1.08351824e-36,-5.29026734e-26,1.25090458e-29,4.36875564e-47,-4.53602937e-81,-1.00820141e-65,-9.21479544e-74,2.61499176e-54,3.61927632e-50,-6.19663984e-28,1.56584321e-44,-1.07023712e-72,4.2537501e-48,3.88522968e-77,-1.11191822e-71,1.0597753e-56,-2.95493696e-91,2.48037603e-50,-3.37327139e-84,-1.97824396e-57,-5.43502143e-64,-2.35815041e-58,-6.99546934e-74,4.12708113e-55,1.22105302e-56,3.73920437e-51,1.38665024e-61,2.17687979e-41,2.01906273e-47,1.1180444e-54,5.69968487e-42,2.52337199e-45,-1.88128312e-38,1.6621499e-46,2.10147011e-78,5.81966979e-52,5.18050139e-56,-1.27415284e-81,1.10419358e-54,3.96793847e-54,5.41566169e-52,8.50497777e-56,0.767090782,-1.29532855e-58,-2.29198997e-60,-2.83113882e-72,9.0213989e-73,4.58169907e-69
0.0255,-0.651110697,13.6809455,-2539.2866,300,1.17197035,1.69285779e-21,4.75795859e-46,-1.13301941e-27,0.232909218,-1.03987261e-35,1.71408297e-37,-7.70445067e-27,2.01186323e-30,-1.76195076e-47,2.9974782e-77,-2.17868397e-66,-1.37115677e-73,4.09344811e-55,5.64779885e-51,-9.01180567e-29,1.79156506e-45,-6.04113699e-74,4.25349757e-48,8.24632684e-78,-1.23563414e-72,1.05582748e-56,-6.24344302e-92,2.48037603e-50,-5.24405492e-85,-1.99343258e-57,-1.73205973e-63,-2.38282795e-58,-1.48383653e-74,4.11363037e-55,1.21982154e-56,6.46540982e-52,5.75539063e-63,4.73442409e-42,3.10759973e-48,1.69983605e-54,8.22931746e-43,3.14984408e-46,-4.05999381e-39,2.40690522e-47,-3.40320477e-79,6.52726054e-53,5.76199066e-57,4.9209083e-78,1.25831661e-55,4.52178221e-55,6.17157823e-53,9.73353441e-57,0.767090782,-1.8224768e-59,-2.29196026e-60,-4.14721353e-73,4.58460475e-73,4.50803203e-70
0.0256875,-0.65613417,13.1109061,-2539.2866,300,1.17197035,6.92756065e-22,-1.05327768e-46,-2.4751109e-28,0.232909218,-2.23760676e-36,2.78823201e-38,-1.14938337e-27,3.32841352e-31,2.09158081e-49,8.88639377e-84,-1.7124617e-67,-9.9637982e-75,6.57174382e-56,9.0383803e-52,-1.34249699e-29,2.09095609e-46,4.72700037e-74,4.25346895e-48,1.80233337e-78,-1.57268274e-73,1.05396147e-56,-1.35851759e-92,2.48037603e-50,-8.54518246e-86,-2.00713189e-57,-4.89522362e-63,-2.39412267e-58,-3.24127004e-75,4.10055968e-55,1.21789581e-56,1.13260236e-52,-1.11677085e-64,1.06063672e-42,4.90407341e-49,-1.01455166e-55,1.21694564e-43,4.01693111e-47,-9.60266956e-40,3.56995927e-48,1.39306241e-80,7.46514568e-54,6.53406932e-58,4.62374603e-83,1.46262108e-56,5.25595378e-56,7.17361616e-54,1.13631299e-57,0.767090782,-2.62511338e-60,-2.29187445e-60,-6.56081731e-74,2.68618304e-71,4.51240545e-71
0.025875,-0.660943877,12.5408667,-2539.2866,300,1.17197035,3.03246002e-22,6.10963115e-49,-6.2307784e-29,0.232909218,-5.55866707e-37,5.40998755e-39,-2.04938322e-28,6.78196262e-32,3.34944014e-50,-7.34899557e-83,-1.00310332e-68,6.33512398e-76,1.25286605e-56,1.71820534e-52,-2.39050492e-30,2.97320902e-47,1.14983653e-71,4.25346573e-48,4.54745346e-79,-2.47826525e-74,1.05071938e-56,-3.40797526e-93,2.48037602e-50,-1.47166639e-86,-2.01929201e-57,-1.22124398e-62,-2.40191358e-58,-8.15844853e-76,4.08660842e-55,1.21422869e-56,2.20470967e-53,-1.64537833e-65,2.73080187e-43,9.20449394e-50,2.69166383e-58,2.15241079e-44,6.20036874e-48,-3.01565764e-40,6.33143639e-49,-9.31478734e-82,1.04169526e-54,9.04587087e-59,1.72318815e-81,2.0718996e-57,7.44540655e-57,1.01619023e-54,1.61616356e-58,0.767090782,-4.53250221e-61,-2.29165562e-60,-1.48566218e-74,2.48414438e-69,5.56452227e-72
0.02625,-0.669921998,11.400788,-2539.2866,300,1.17197035,7.19880534e-23,1.08943187e-49,-7.1344725e-30,0.232909218,-6.26237109e-38,4.56030134e-40,-1.55936175e-29,5.8867362e-33,-1.63404969e-51,3.12752292e-86,-1.49953983e-70,-2.71901114e-77,1.02941305e-57,1.40795906e-53,-1.81611796e-31,1.75038358e-48,2.17681767e-69,4.25346523e-48,5.17300282e-80,-1.57987716e-75,1.03556443e-56,-3.88584798e-94,2.48037602e-50,4.42614586e-83,-2.02883665e-57,-4.06710585e-62,-2.40008018e-58,-9.3413063e-77,4.05885261e-55,1.19809465e-56,1.86211636e-54,-2.61289815e-65,3.21445353e-44,7.43155311e-51,4.13587989e-58,1.62263376e-45,4.00275979e-49,-3.85074976e-41,4.78807043e-50,4.85188063e-83,6.0050572e-56,5.16887996e-60,2.51470846e-84,1.21461792e-58,4.36475021e-58,5.95725228e-56,9.51727196e-60,0.767090782,-3.32371493e-62,-2.29076978e-60,-1.27886803e-75,4.69514511e-67,2.88971513e-73
0.026625,-0.678045059,10.2607092,-2539.2866,300,1.17197035,1.6940525e-23,-1.22996226e-50,-8.08382378e-31,0.232909218,-6.98107693e-39,3.82458047e-41,-1.17348894e-30,4.96638395e-34,4.47085829e-53,2.33021555e-83,1.24418174e-70,7.8727593e-78,8.30149962e-59,1.14117112e-54,-1.36460424e-32,1.01894659e-49,4.12918715e-67,4.25346519e-48,5.72092606e-81,-9.67567774e-77,9.93594797e-57,-4.38463682e-95,2.48037602e-50,9.10085375e-79,-2.02574605e-57,-1.05029924e-61,-2.37237894e-58,-1.05839415e-77,4.00251861e-55,1.15396375e-56,1.55936175e-55,-4.33434684e-67,3.7443883e-45,5.93468895e-52,-5.08530349e-59,1.20982663e-46,2.55532003e-50,-4.56246618e-42,3.58119176e-51,-3.13328782e-84,3.42292096e-57,2.92040313e-61,1.41106967e-82,7.04076169e-60,2.53010972e-59,3.45323356e-57,5.5417915e-61,0.767090782,-2.41049374e-63,-2.29069953e-60,-1.01996247e-76,8.90617944e-65,2.27108607e-74
0.027,-0.685313061,9.12063036,-2539.2866,300,1.17197035,3.95723055e-24,-9.88938396e-52,-9.07501138e-32,0.232909218,-7.71015585e-40,3.20079331e-42,-8.74530252e-32,4.09390931e-35,3.58870932e-54,-2.47592368e-80,-9.71779889e-72,-6.45910655e-79,5.9827863e-60,9.16029026e-56,-1.01539006e-33,5.87278388e-51,7.74376494e-65,4.25346519e-48,5.9376998e-82,-8.20056032e-78,8.91930946e-57,-4.90207099e-96,2.48037602e-50,1.8501257e-74,-2.00185397e-57,-1.88865664e-61,-2.29214368e-58,-1.18814511e-78,3.86227392e-55,1.04645208e-56,1.29596096e-56,-7.83138559e-68,4.32165726e-46,4.69361617e-53,-5.84116537e-60,8.93281506e-48,1.61523661e-51,-5.20665867e-43,2.65251919e-52,-4.41301241e-87,1.93172496e-58,1.63363566e-62,2.91429689e-83,4.04085655e-61,1.45208869e-60,1.98189089e-58,3.19494291e-62,0.767090782,-1.731175e-64,-2.2906937e-60,-7.80649781e-78,1.67024151e-62,6.34044782e-75
0.027375,-0.691726005,7.98055157,-2539.2866,300,1.17197035,9.19919904e-25,-5.54390439e-53,-1.01085778e-32,0.232909218,-8.44881859e-41,2.68247729e-43,-6.46269437e-33,3.3112269e-36,3.49286251e-55,7.14814537e-78,1.31875928e-72,6.08938516e-80,-2.26124183e-61,7.29205525e-57,-7.4920673e-35,3.35559876e-52,1.43765454e-62,4.25346518e-48,5.20316223e-83,-3.48171514e-78,6.84327444e-57,-5.43825466e-97,2.48037602e-50,3.7235962e-70,-1.92304184e-57,-1.66541152e-61,-2.10277718e-58,-1.32348089e-79,3.54219433e-55,8.24739047e-57,1.06995324e-57,-3.81544155e-69,4.94947853e-47,3.68121932e-54,-1.66820592e-61,6.54025024e-49,1.01228529e-52,-5.82538086e-44,1.9481924e-53,-6.23795063e-87,1.08076281e-59,9.05944249e-64,-1.72226977e-80,2.29916083e-62,8.26207368e-62,1.12765347e-59,1.82607931e-63,0.767090782,-1.23283533e-65,-2.29068971e-60,-5.83324345e-79,3.10085773e-60,2.79480512e-75
0.02775,-0.697283889,6.84047277,-2539.2866,300,1.17197035,2.14429086e-25,-4.95129258e-54,-1.12144001e-33,0.232909218,-9.22000024e-42,2.26513572e-44,-4.7478598e-34,2.64194627e-37,2.80368381e-56,1.70141099e-76,5.81892819e-73,2.87004007e-80,-7.22300799e-61,5.77230319e-58,-5.49558251e-36,1.90433304e-53,2.64561203e-60,4.25346518e-48,2.51099446e-84,-3.29871419e-78,3.53975328e-57,-6.00892947e-98,2.48037601e-50,7.4287337e-66,-1.71953635e-57,9.89721881e-62,-1.73356303e-58,-1.468375e-80,2.92227801e-55,4.66577565e-57,8.78720805e-59,1.69457728e-70,5.64658388e-48,2.87085335e-55,-1.06966962e-62,4.76030109e-50,6.30392019e-54,-6.50536166e-45,1.42247156e-54,4.02511776e-88,6.00678756e-61,4.9907572e-65,-9.07199162e-76,1.29959413e-63,4.67011368e-63,6.3740292e-61,1.03686668e-64,0.767090782,-8.72702372e-67,-2.29068327e-60,-4.31599123e-80,5.70626382e-58,1.01727355e-75
0.028125,-0.701986714,5.70039398,-2539.2866,300,1.17197035,5.15659503e-26,1.40560734e-55,-1.26967251e-34,0.232909218,-1.02662434e-42,1.98955208e-45,-3.53498959e-35,2.13894467e-38,-2.72879871e-57,2.64753935e-74,-4.10533454e-73,-2.16848525e-80,-7.61658937e-61,4.63627524e-59,-4.08524157e-37,1.09046208e-54,4.83393e-58,4.25346514e-48,-2.14993656e-85,-3.32984834e-78,4.06066916e-59,-6.77576424e-99,2.48037601e-50,1.47093189e-61,-1.31365937e-57,2.54507092e-61,-1.17521657e-58,-1.66277575e-81,1.98335655e-55,7.58616643e-58,7.23049454e-60,2.68505914e-71,6.57746011e-49,2.27115347e-56,-4.96598179e-64,3.51087251e-51,3.96865305e-55,-7.82383775e-46,1.05248703e-55,-2.26799497e-89,3.3697094e-62,2.77471411e-66,1.66215316e-73,7.41623093e-65,2.66503523e-64,3.63738735e-62,5.94415318e-66,0.767090782,-6.25721751e-68,-2.29067579e-60,-3.3597478e-81,1.0421432e-55,2.69970577e-76
0.0285,-0.70583448,4.56031518,-2539.2866,300,1.17197035,1.41628906e-26,-8.65732259e-56,-1.75801986e-35,0.232909218,-1.40046702e-43,2.33631375e-46,-3.30124103e-36,2.26909722e-39,-1.64278476e-58,-1.3759958e-71,-4.39620138e-76,6.56567798e-83,-7.67775964e-61,4.65195306e-60,-3.80912022e-38,8.02899207e-56,9.22405259e-56,4.25345947e-48,1.54229701e-84,-3.40714834e-78,-1.4847205e-57,-9.3471653e-100,2.48037601e-50,2.89413517e-57,-7.64210368e-58,-1.25339803e-61,-6.01080407e-59,-2.30303368e-82,1.01384795e-55,-1.14355525e-57,6.51775949e-61,7.55678007e-74,9.3512485e-50,2.2463689e-57,-2.81887384e-64,3.24917048e-52,3.15860344e-56,-1.46134756e-46,9.76992619e-57,1.1837124e-91,2.40140976e-63,1.96041904e-67,-1.48775454e-72,5.37258624e-66,1.93064803e-65,2.63505511e-63,4.32514596e-67,0.767090782,-5.63746582e-69,-2.29067182e-60,-4.26903405e-82,1.89103375e-53,5.83524297e-77
0.02925,-0.710964834,2.28015759,-2539.2866,300,1.17197035,1.81658478e-27,2.600019e-57,-1.01082359e-36,0.232909218,-7.91814213e-45,1.13760449e-47,-1.23417093e-37,9.51791763e-41,-1.31282342e-59,-3.74896497e-68,-3.91828464e-76,-2.10616812e-83,-7.82113632e-61,1.87904854e-61,-1.42165089e-39,2.30595239e-57,2.24493782e-52,4.25129235e-48,-3.91179347e-85,-3.33274659e-78,-4.08805788e-59,-5.35226993e-101,2.48031595e-50,1.15558896e-52,-1.29774561e-59,2.01587451e-62,-9.92641454e-61,-1.32478532e-83,1.34938225e-57,-3.03700064e-59,2.37645678e-62,-2.99589789e-75,5.53772744e-51,8.93414685e-59,5.07176178e-66,1.20295971e-53,9.9536642e-58,-9.26785118e-48,3.62898556e-58,-7.325223e-92,6.73153572e-65,5.44557797e-69,-1.74123413e-68,1.53236429e-67,5.50657722e-67,7.51568087e-65,1.23936616e-68,0.767090782,-2.02795043e-70,-2.29067299e-60,-1.85139611e-83,6.85603878e-51,9.33200443e-79
0.03,-0.712674952,0,-2539.2866,300,1.17197035,2.32576781e-28,4.15953518e-54,-5.79960375e-38,0.232909218,-4.4605831e-46,4.63199699e-49,-4.60289831e-39,3.5260636e-42,-3.94032994e-61,3.23154431e-70,-1.60252366e-77,-8.50197238e-85,-3.16334176e-62,7.57320651e-63,-5.29411957e-41,6.59085035e-59,8.3343557e-48,1.20533519e-49,-1.10090433e-86,-9.37941892e-80,-1.13838975e-60,-1.6345698e-102,7.49834288e-52,4.62790942e-48,-3.78271064e-61,5.46222416e-64,-2.66773418e-62,-5.96801642e-85,3.30517604e-59,-7.43882719e-61,1.231073e-63,-2.77785402e-75,3.27242707e-52,3.54538152e-60,8.28548997e-68,4.44387704e-55,3.12962386e-59,-2.62581626e-49,1.34500703e-59,-3.93646578e-93,1.88267898e-66,1.50922077e-70,-7.18549082e-70,4.3606967e-69,1.5670238e-68,2.13876067e-66,3.54334958e-70,0.767090782,-7.27882458e-72,-4.79725025e-62,-3.85985984e-85,-1.99376509e-52,1.11819691e-80
