grid,velocity,spreadRate,Lambda,T,D,Y_H2,Y_H,Y_O,Y_O2,Y_OH,Y_H2O,Y_HO2,Y_H2O2,Y_C,Y_CH,Y_CH2,Y_CH2(S),Y_CH3,Y_CH4,Y_CO,Y_CO2,Y_HCO,Y_CH2O,Y_CH2OH,Y_CH3O,Y_CH3OH,Y_C2H,Y_C2H2,Y_C2H3,Y_C2H4,Y_C2H5,Y_C2H6,Y_HCCO,Y_CH2CO,Y_HCCOH,Y_N,Y_NH,Y_NH2,Y_NH3,Y_NNH,Y_NO,Y_NO2,Y_N2O,Y_HNO,Y_CN,Y_HCN,Y_H2CN,Y_HCNN,Y_HCNO,Y_HOCN,Y_HNCO,Y_NCO,Y_N2,Y_AR,Y_C3H7,Y_C3H8,Y_CH2CHO,Y_CH3CHO
0,0.018523768,8.65557873e-19,-6.63787941,300,0.653214833,0.00147079451,3.92676711e-15,7.1258748e-16,5.92805082e-08,1.96312431e-14,0.00603862172,1.19463653e-13,1.17225821e-12,-2.52007624e-14,2.97909687e-14,-8.18065971e-17,-1.83078046e-15,1.66623679e-09,0.9654346,0.00217629226,0.00167886625,2.09372922e-12,4.22813879e-08,8.20689835e-14,4.24372615e-15,3.14356207e-08,-5.36887847e-21,0.000385305779,2.27424956e-14,3.50477975e-05,1.30617707e-09,6.20061135e-06,1.6063085e-15,2.53656344e-07,6.65439012e-08,4.52228146e-14,3.1480314e-15,-2.02405469e-14,2.01823353e-06,2.33347124e-25,2.42836179e-06,1.18560744e-10,1.57869417e-09,9.11018014e-13,-7.58126747e-16,3.15172049e-06,1.10201852e-11,-7.7982205e-14,1.07739368e-08,4.31149613e-10,1.84864707e-07,9.15605443e-16,0.0227660144,-1.98127438e-19,1.18156392e-10,3.68248901e-09,7.99060427e-11,5.6074711e-10
0.000375,0.0190798156,0.239448089,-6.63787941,311.39422,0.631207463,0.00160078523,2.17988074e-15,8.54519764e-16,7.68876675e-08,1.38953668e-16,0.00782588552,1.55119577e-13,1.52371504e-12,-1.92409449e-15,4.15651288e-21,1.33926456e-16,-2.61362217e-22,2.15061973e-09,0.955156358,0.00283372051,0.00233581763,2.94653837e-12,5.96079862e-08,1.15857438e-13,6.54316755e-15,4.44910843e-08,-3.78369193e-24,0.000531954028,3.14605055e-14,4.89063983e-05,1.8599407e-09,8.84542185e-06,1.99824077e-15,3.71355794e-07,9.74210321e-08,5.00380396e-15,2.17226219e-16,-1.65390778e-14,2.62943987e-06,2.97835854e-25,3.16390735e-06,1.60331459e-10,2.20070815e-09,1.2606225e-12,-9.87626149e-16,4.47388227e-06,1.56748636e-11,-6.22405616e-14,1.50057726e-08,6.00498506e-10,2.57476709e-07,1.27404268e-15,0.0296465237,-1.96864825e-19,1.816442e-10,5.66740808e-09,1.17105509e-10,8.22623057e-10
0.00075,0.0195754587,0.482759098,-6.63787941,325.264322,0.606719206,0.0017356331,2.86274602e-15,1.27698326e-16,9.87951428e-08,1.63226843e-16,0.0100290051,2.33707535e-13,1.96201038e-12,-1.28745467e-16,6.55819535e-28,3.69434956e-17,5.22659871e-25,2.81100253e-09,0.942277811,0.00365542804,0.00321053565,4.23992647e-12,8.28966537e-08,1.67093718e-13,8.79456145e-15,6.21109524e-08,1.64793305e-26,0.00072573539,5.10509251e-14,6.73912202e-05,2.62618116e-09,1.24543168e-05,7.38968959e-16,5.35799423e-07,1.4056089e-07,5.6838322e-16,1.97196729e-16,-1.27086048e-14,3.38773356e-06,8.47190888e-25,4.08362275e-06,2.13961633e-10,3.03037997e-09,1.68953262e-12,-9.06166084e-17,6.26231821e-06,2.1901894e-11,-4.86700915e-14,2.06454596e-08,8.26186939e-10,3.54245491e-07,2.57215314e-16,0.0382709573,-1.95064164e-19,2.75358281e-10,8.5659046e-09,1.6886336e-10,1.18920913e-09
0.001125,0.0200048126,0.729332891,-6.63787941,341.860153,0.580273609,0.00187355105,5.7613243e-15,4.28660658e-18,1.25543744e-07,2.3483682e-16,0.0126853944,3.70899018e-13,2.49833872e-12,-7.70086622e-18,-1.08016149e-30,4.3848539e-18,7.27312468e-25,3.7052421e-09,0.926429325,0.00466335466,0.00434956608,6.19906907e-12,1.13442159e-07,2.44395335e-13,1.10749274e-14,8.53147362e-08,7.98149701e-26,0.000976222672,1.19183055e-13,9.14872228e-05,3.66518503e-09,1.72645237e-05,2.159755e-16,7.59779121e-07,1.99319214e-07,6.54369583e-17,4.6687272e-16,-8.87202322e-15,4.30825193e-06,3.81885871e-24,5.21208518e-06,2.81200304e-10,4.11247228e-09,2.2099941e-12,-5.4230635e-18,8.62172121e-06,3.00083824e-11,-3.73066478e-14,2.79946708e-08,1.12028709e-09,4.80347263e-07,4.11293218e-17,0.0488938726,-1.92587835e-19,4.10106984e-10,1.26848626e-08,2.3909993e-10,1.68938156e-09
0.0015,0.0203524759,0.978194703,-6.63787941,361.335874,0.552603646,0.00201241541,1.26857288e-14,5.38867155e-17,1.57508337e-07,3.30632387e-16,0.0158100091,5.94925789e-13,3.14059596e-12,-4.20639758e-19,-9.38697902e-30,1.72275617e-17,2.02211978e-24,4.90741501e-09,0.907325489,0.00587345398,0.00579557878,9.03949605e-12,1.52407676e-07,3.60367049e-13,1.3359459e-14,1.15031933e-07,3.73118962e-25,0.00129196764,2.96628582e-13,0.000122086632,5.0418494e-09,2.35059567e-05,4.48895534e-16,1.05611061e-06,2.77057875e-07,7.41338402e-18,1.1488966e-15,-5.15823708e-15,5.39874023e-06,1.91352106e-23,6.56709356e-06,3.63143316e-10,5.48803231e-09,2.82730805e-12,-2.54359916e-19,1.1647206e-05,4.01449407e-11,-2.80865465e-14,3.73293812e-08,1.49384282e-09,6.40517304e-07,1.09094627e-17,0.0617194058,-1.89304574e-19,5.97891612e-10,1.83563917e-08,3.31389568e-10,2.35202593e-09
0.001875,0.0205942998,1.22799257,-6.63787941,383.731837,0.524542917,0.00214993964,2.88567436e-14,1.47930831e-16,1.9482983e-07,4.49585393e-16,0.0193901303,9.41957076e-13,3.89197179e-12,-2.14241601e-20,-1.12024906e-28,5.01761741e-17,7.97920726e-24,6.5123529e-09,0.884807826,0.00729295518,0.00758164163,1.28490558e-11,2.00651016e-07,5.33293064e-13,1.55380991e-14,1.51966346e-07,1.71350218e-24,0.00167929228,7.41726494e-13,0.000159862833,6.82096948e-09,3.13720167e-05,1.27974636e-15,1.43603712e-06,3.76726001e-07,8.08831882e-19,2.80717156e-15,-1.63987397e-15,6.65748368e-06,9.87234192e-23,8.15658091e-06,4.59840267e-10,7.18879079e-09,3.53970272e-12,-1.01967573e-20,1.54101057e-05,5.21296671e-11,-2.08147768e-14,4.88621318e-08,1.95535962e-09,8.38402481e-07,1.10798773e-17,0.0768734548,-1.85106993e-19,8.50256433e-10,2.58991276e-08,4.48160653e-10,3.20214301e-09
0.00225,0.0207002361,1.47703817,-6.63787941,408.978856,0.49689382,0.00228387646,6.69060957e-14,2.90715386e-16,2.37375249e-07,5.87724428e-16,0.023384447,1.4471135e-12,4.75010027e-12,-7.69777664e-22,-1.27189078e-27,1.05791332e-16,3.49965343e-23,8.64228778e-09,0.858873341,0.00891862219,0.0097261017,1.72840623e-11,2.58574823e-07,7.89334963e-13,1.7445603e-14,1.96476237e-07,7.47406461e-24,0.00214124452,1.8457613e-12,0.000205159426,9.06107686e-09,4.09907685e-05,2.96238611e-15,1.90757005e-06,5.00424423e-07,6.87596222e-20,6.74652423e-15,1.77101807e-15,8.07263705e-06,5.08142187e-22,9.97666503e-06,5.69972332e-10,9.23210563e-09,4.33559076e-12,-2.69030791e-22,1.99455055e-05,6.51316618e-11,-1.52153047e-14,6.270828e-08,2.50945403e-09,1.07598213e-06,1.81381154e-17,0.0943839116,-1.79928124e-19,1.1752907e-09,3.55685276e-08,5.89534747e-10,4.25635741e-09
0.003,0.0203779091,1.96550206,-6.63787941,467.041524,0.445513236,0.00253402871,3.15696934e-13,7.50443968e-16,3.35897073e-07,9.15464973e-16,0.0323170221,2.99872499e-12,6.74197918e-12,-1.02603382e-23,-8.6513097e-26,3.03740872e-16,5.535946e-22,1.48517148e-08,0.797849249,0.012707158,0.0150247658,2.4196029e-11,4.01095019e-07,1.64205464e-12,1.98218115e-14,3.06525843e-07,1.12486114e-22,0.00327234816,9.248665e-12,0.000316702916,1.49673552e-08,6.52806564e-05,1.05302069e-14,3.11808525e-06,8.17973914e-07,4.13927599e-20,3.28481055e-14,9.39223185e-15,1.12732192e-05,1.04252662e-20,1.4216365e-05,8.19550253e-10,1.42810744e-08,6.0646259e-12,7.42954238e-23,3.11507338e-05,8.80812591e-11,-8.02027175e-15,9.68953724e-08,3.87755273e-09,1.66258223e-06,4.68494678e-17,0.135849945,-1.66752137e-19,2.0292647e-09,6.13236543e-08,9.30115454e-10,6.94886314e-09
0.00375,0.0191582894,2.4293157,-6.63787941,533.473286,0.401419185,0.00275283093,1.2687261e-12,1.50643647e-15,4.46884134e-07,1.70339274e-15,0.0419066331,5.41694687e-12,8.9915676e-12,-1.34978847e-25,-2.48165388e-24,6.60600986e-16,5.83570811e-21,2.53882508e-08,0.727552868,0.0170066403,0.0214204588,1.97426219e-11,5.71315079e-07,3.29457791e-12,2.16984285e-14,4.38695652e-07,1.65924757e-21,0.0046225932,3.66537694e-11,0.000450493127,2.25685509e-08,9.52327708e-05,3.077816e-14,4.63343378e-06,1.21545031e-06,6.02648087e-19,1.27572324e-13,2.67562571e-14,1.4759157e-05,1.47435559e-19,1.90237392e-05,1.07333562e-09,2.03642211e-08,7.62679671e-12,1.0229582e-21,4.45788086e-05,7.57732975e-11,-3.9321945e-15,1.38083082e-07,5.52580612e-09,2.36929823e-06,1.05177247e-16,0.184103892,-1.50471937e-19,2.8894069e-09,9.41009013e-08,1.25704966e-09,1.01875888e-08
0.0045,0.0169418168,2.85420708,-6.63787941,606.740301,0.364686736,0.00293602332,4.13574998e-12,2.42059181e-15,5.63661041e-07,7.0545664e-15,0.051506885,9.59239418e-12,1.13629576e-11,-2.30391801e-27,-2.83417493e-23,1.127944e-15,3.93449323e-20,4.38484196e-08,0.651780565,0.0215592118,0.0285429984,1.33661958e-11,7.58145857e-07,6.08757621e-12,2.52760757e-14,5.84480814e-07,4.90836601e-20,0.00610998334,1.10329135e-10,0.000598288354,3.03839932e-08,0.000129110441,8.72178299e-14,6.36592306e-06,1.66977859e-06,1.05129139e-17,3.87125783e-13,7.7212572e-14,1.82988597e-05,1.37310803e-18,2.41091451e-05,1.28689997e-09,2.71042981e-08,8.49050146e-12,2.73977819e-20,5.93435671e-05,2.74954377e-11,-1.53953419e-15,1.83825326e-07,7.35632251e-09,3.15413773e-06,2.02773043e-16,0.236721644,-1.32119852e-19,2.77614557e-09,1.30461366e-07,1.3789107e-09,1.33657287e-08
0.00525,0.013724394,3.22854916,-6.63787941,685.519154,0.334315134,0.00308494495,1.12220033e-11,3.28494811e-15,6.79868194e-07,4.75097064e-14,0.0606082638,1.4761966e-11,1.37176561e-11,-2.74916044e-27,-7.93538885e-23,1.5923033e-15,1.89817445e-19,7.71809641e-08,0.574532752,0.0261113562,0.0359549024,9.43422715e-12,9.49402351e-07,9.29889527e-12,2.74147927e-14,7.34344356e-07,1.66209047e-18,0.0076417524,2.5949154e-10,0.00075068722,3.45714954e-08,0.000164716628,2.5587792e-13,8.2012629e-06,2.15091654e-06,1.87084314e-16,9.41454294e-13,2.17040175e-13,2.17001649e-05,8.85978399e-18,2.91897828e-05,1.40956068e-09,3.404254e-08,8.70962251e-12,5.93461555e-19,7.44656898e-05,7.96322355e-12,-2.72887768e-16,2.31273917e-07,9.25511635e-09,3.96815697e-06,4.49081214e-16,0.291008015,-1.12953952e-19,1.10599138e-09,1.64699781e-07,1.03841633e-09,1.53618358e-08
0.006,0.00956765636,3.5449309,-6.63787941,768.656268,0.30906661,0.00320448778,2.67419463e-11,4.02874833e-15,7.90704263e-07,3.11599356e-13,0.068906884,1.75331758e-11,1.5857764e-11,7.27806791e-28,-2.71495171e-23,2.09560151e-15,8.46225463e-19,1.37717732e-07,0.499226049,0.0304654361,0.0432603858,7.31662243e-12,1.13487967e-06,9.82056531e-12,2.7655027e-14,8.80140746e-07,3.8303859e-17,0.00913728847,5.05066366e-10,0.000899461223,3.09191449e-08,0.000199970842,7.3681331e-13,1.00298004e-05,2.63045706e-06,2.54323818e-15,1.93848596e-12,5.77402991e-13,2.48401021e-05,4.30541235e-17,3.40469214e-05,1.40392465e-09,4.07416148e-08,9.20019151e-12,8.32255616e-18,8.91211129e-05,2.99137797e-12,-1.13980876e-17,2.77899102e-07,1.11210642e-08,4.76776854e-06,1.553956e-15,0.344531087,-9.41235909e-20,3.70538153e-10,1.91378776e-07,3.92789685e-10,1.52613505e-08
0.00675,0.004567917,3.80050502,-6.63787941,855.061486,0.287846198,0.00330096143,5.94910314e-11,4.87653748e-15,8.93285445e-07,1.77708041e-12,0.0762879292,1.55727319e-11,1.7122382e-11,1.2748563e-25,2.89786098e-23,3.43671447e-15,4.72384268e-18,2.49245218e-07,0.428310202,0.0344982502,0.0501685872,6.45928139e-12,1.30786896e-06,7.70762472e-12,3.07938611e-14,1.01633653e-06,5.8931245e-16,0.0105402028,8.77103022e-10,0.00103877374,2.05805502e-08,0.000233270706,2.01623068e-12,1.17660726e-05,3.08732506e-06,2.35102874e-14,3.57577881e-12,1.46654762e-12,2.76635785e-05,1.72179767e-16,3.85455481e-05,1.27483471e-09,4.68496418e-08,1.10752555e-11,8.12746036e-17,0.000102758576,1.43063373e-12,-1.14868675e-19,3.21892728e-07,1.28825048e-08,5.52158702e-06,6.24344931e-15,0.395428387,-7.64719012e-20,1.67501355e-10,2.07532806e-07,1.09590415e-10,1.37650869e-08
0.0075,-0.00116482804,3.99633417,-6.63787941,943.642856,0.269799555,0.00338055614,1.31126548e-10,6.51255082e-15,9.86383642e-07,9.01873413e-12,0.0827680941,1.19239623e-11,1.58489419e-11,4.58138153e-24,4.13757379e-22,1.10313374e-14,3.5251928e-17,4.63676139e-07,0.363242421,0.0381536442,0.0565064018,6.7165361e-12,1.4653202e-06,6.65727507e-12,4.30569306e-14,1.14011365e-06,6.62275034e-15,0.0118194662,1.47677252e-09,0.00116526124,1.17809219e-08,0.000263595696,5.35167451e-12,1.33574999e-05,3.50984194e-06,1.48278463e-13,6.19902745e-12,3.67109582e-12,3.01652967e-05,6.15566714e-16,4.26251546e-05,1.06952245e-09,5.21149909e-08,1.54062763e-11,6.13512966e-16,0.000115096878,8.700174e-13,3.37251337e-21,3.62237648e-07,1.45012869e-08,6.2115028e-06,2.31969073e-14,0.442484868,-6.04924672e-20,9.8515956e-11,2.13765896e-07,3.85449394e-11,1.17896107e-08
0.00825,-0.0075209481,4.13658464,-6.63787941,1033.92195,0.254141583,0.00344848551,3.04884615e-10,1.05012776e-14,1.0699657e-06,4.32513836e-11,0.0884358821,9.98999174e-12,1.09102161e-11,1.44929023e-22,7.26647256e-21,8.03474376e-14,3.48525744e-16,9.15121372e-07,0.304647647,0.0414242113,0.0622014263,8.50579935e-12,1.60760357e-06,7.33120458e-12,7.53485723e-14,1.25098758e-06,6.08782883e-14,0.012964639,2.59443363e-09,0.0012775031,8.00030766e-09,0.000290399522,1.45266645e-11,1.47807048e-05,3.89605941e-06,6.67097823e-13,1.06602201e-11,9.55437091e-12,3.23690806e-05,2.13901441e-15,4.62789017e-05,8.39140602e-10,5.63671286e-08,2.40926432e-11,3.99656123e-15,0.000126063205,6.8596847e-13,1.67397141e-20,3.98596241e-07,1.59716216e-08,6.83050864e-06,8.10543774e-14,0.48507404,-4.6377903e-20,7.39487157e-11,2.12376073e-07,1.8663285e-11,9.75059388e-09
0.009,-0.0143961222,4.22804406,-6.63787941,1124.64584,0.240518744,0.00350860711,7.87217713e-10,2.06526949e-14,1.14482551e-06,2.07107737e-10,0.093410054,1.04617479e-11,5.67555695e-12,4.83953608e-21,1.56627613e-19,8.08958426e-13,4.28524403e-15,1.98325221e-06,0.252473639,0.0443351335,0.0672611097,1.35165572e-11,1.73918291e-06,1.05770762e-11,1.61912777e-13,1.35075267e-06,4.99309898e-13,0.0139807413,4.9536414e-09,0.0013753814,7.76169103e-09,0.000313328051,4.2568541e-11,1.603563e-05,4.25586718e-06,2.22492962e-12,1.92831296e-11,2.74058659e-11,3.43128904e-05,7.71702196e-15,4.95357872e-05,6.1592084e-10,5.94804e-08,4.21808863e-11,2.44280137e-14,0.000135732084,7.25803535e-13,1.15976397e-19,4.31210222e-07,1.73253304e-08,7.38029071e-06,2.88165797e-13,0.523087801,-3.40831196e-20,7.12057327e-11,2.04484544e-07,1.26683892e-11,7.81963698e-09
0.0105,-0.0293133,4.29222367,-6.63787941,1304.37555,0.218051622,0.00361510816,5.59015172e-09,1.1075879e-13,1.27289557e-06,3.88692397e-09,0.10171269,1.82328736e-11,2.57466662e-12,5.33201774e-19,7.24242702e-17,4.46338386e-11,4.14643116e-13,9.33371204e-06,0.16557778,0.0492280457,0.0756728932,4.78512524e-11,2.00552454e-06,3.47997253e-11,9.52575257e-13,1.53204987e-06,2.14448833e-11,0.0156747926,1.7249447e-08,0.00152966311,1.61812735e-08,0.000345158552,3.56857616e-10,1.80944352e-05,4.98291024e-06,1.17921364e-11,6.26809773e-11,2.2878145e-10,3.75677014e-05,9.18340798e-14,5.50301398e-05,2.43023538e-10,6.19351842e-08,1.373657e-10,6.55227682e-13,0.000151712924,1.42734852e-12,8.82003803e-18,4.8759603e-07,1.99612852e-08,8.29735917e-06,3.28890779e-12,0.586353257,-1.59690041e-20,9.45299411e-11,1.65904722e-07,1.07942425e-11,4.46032036e-09
0.01125,-0.0371566778,4.27620066,-6.63787941,1390.50223,0.20895011,0.00366447024,1.85382085e-08,4.10098305e-13,1.33129608e-06,1.87162318e-08,0.105222946,2.79400407e-11,2.42987478e-12,2.06413526e-17,1.77795818e-15,2.86358545e-10,3.87232019e-12,2.40925103e-05,0.129804558,0.0512828717,0.0791379908,1.28149294e-10,2.30150681e-06,9.95994207e-11,3.17372986e-12,1.67555787e-06,1.41739218e-10,0.016376138,4.01478248e-08,0.00157949411,3.97971431e-08,0.000348898556,1.26873011e-09,1.91766009e-05,5.70684729e-06,1.87631206e-11,1.30711598e-10,8.16309661e-10,3.89324248e-05,3.71098773e-13,5.73922418e-05,1.23969279e-10,6.03266529e-08,2.90296064e-10,3.6053157e-12,0.000158263993,3.0483177e-12,1.0897469e-16,5.171558e-07,2.2394332e-08,8.69236704e-06,1.31254411e-11,0.612264198,-8.76474064e-21,1.49340185e-10,1.47221227e-07,1.5848962e-11,3.16731765e-09
0.012,-0.0451455414,4.23384107,-6.63787941,1473.44707,0.200952923,0.00371141583,5.67591198e-08,2.0926318e-12,1.39273871e-06,7.85350096e-08,0.108392902,4.0630482e-11,2.48230432e-12,5.95497867e-16,3.67020344e-14,1.65163733e-09,3.03498579e-11,5.5196842e-05,0.0985069767,0.0531150577,0.0821693314,3.55377082e-10,2.94996444e-06,3.24473573e-10,1.07276815e-11,1.93888577e-06,7.76801679e-10,0.0169791762,8.9985379e-08,0.00160269378,1.01649251e-07,0.000336491519,4.23592646e-09,2.08199417e-05,7.10089479e-06,2.56729602e-11,2.46089319e-10,2.66179519e-09,4.01345463e-05,1.34279606e-12,5.96350569e-05,5.79270734e-11,5.64069609e-08,5.53421882e-10,1.68973378e-11,0.000163913937,6.49780299e-12,1.25500638e-15,5.55650902e-07,2.70061763e-08,9.07974119e-06,4.71457662e-11,0.634822672,-2.59562134e-21,2.24143362e-10,1.41693862e-07,2.50026296e-11,2.18714255e-09
0.012375,-0.0491737121,4.20393081,-6.63787941,1513.68029,0.197305137,0.00373220712,9.66398392e-08,5.21857022e-12,1.43193536e-06,1.53807115e-07,0.109868271,4.8602803e-11,2.64956013e-12,3.4152192e-15,1.58036157e-13,3.83624188e-09,7.98524956e-11,7.97813557e-05,0.084398496,0.0539563844,0.0835369076,6.17271698e-10,3.60841762e-06,6.1959945e-10,2.02179334e-11,2.16775122e-06,1.70927557e-09,0.0172218357,1.33083721e-07,0.00159515014,1.60782403e-07,0.000320958597,7.75307416e-09,2.23053577e-05,8.29007258e-06,2.91803467e-11,3.29674404e-10,4.67395351e-09,4.06609124e-05,2.46165867e-12,6.08466895e-05,4.18900587e-11,5.36764236e-08,7.44089727e-10,3.47113091e-11,0.000166327837,9.38598728e-12,4.17177068e-15,5.85782807e-07,3.10038977e-08,9.30348017e-06,8.66356614e-11,0.644973685,1.48939058e-22,2.66912242e-10,1.44303172e-07,3.27104899e-11,1.8443873e-09
0.01275,-0.0532186466,4.16872152,-6.63787941,1553.17023,0.193847634,0.00374983125,1.60586585e-07,1.32843035e-11,1.4817727e-06,2.91360186e-07,0.111277339,5.81380517e-11,2.98571964e-12,1.78675104e-14,6.42662146e-13,8.56121355e-09,1.98441712e-10,0.000110911579,0.0712866654,0.0547497637,0.0848093033,1.09268946e-09,4.58137375e-06,1.19492565e-09,3.82284308e-11,2.47010145e-06,3.5977014e-09,0.017406594,1.93339221e-07,0.00156901208,2.46397094e-07,0.000297634497,1.41350004e-08,2.43984476e-05,9.86769341e-06,3.326093e-11,4.37005309e-10,7.99581046e-09,4.11264028e-05,4.37996492e-12,6.22071267e-05,3.43781141e-11,5.062347e-08,9.85931525e-10,6.86053001e-11,0.000168404856,1.33077122e-11,1.33320054e-14,6.27086194e-07,3.63955133e-08,9.5656476e-06,1.55342312e-10,0.654417051,9.51799236e-22,3.08156339e-10,1.46259823e-07,4.36337219e-11,1.60160227e-09
0.013125,-0.0572818437,4.12863202,-6.63787941,1592.13781,0.190537554,0.00376180312,2.61071793e-07,3.38506786e-11,1.55075874e-06,5.36600044e-07,0.112625737,7.00851566e-11,3.61921353e-12,8.70366392e-14,2.46588563e-12,1.8291045e-08,4.65948423e-10,0.000148304707,0.059155672,0.0554957845,0.0859917488,1.9639748e-09,5.96596053e-06,2.29207605e-09,7.19723102e-11,2.84050045e-06,7.27626583e-09,0.0175012768,2.74769023e-07,0.00151566148,3.62106768e-07,0.000265940575,2.57434726e-08,2.72403871e-05,1.18694209e-05,3.87397473e-11,5.80577668e-10,1.33712168e-08,4.15115258e-05,7.58804524e-12,6.38589995e-05,3.30885184e-11,4.7542397e-08,1.30051752e-09,1.31083931e-10,0.000170040859,1.85020314e-11,4.07993341e-14,6.84807974e-07,4.34109826e-08,9.89198209e-06,2.73500663e-10,0.663200874,1.28209294e-21,3.43072988e-10,1.43691998e-07,5.92683126e-11,1.45462859e-09
0.0133125,-0.0593238946,4.10686575,-6.63787941,1611.57587,0.188917373,0.00376418029,3.30543284e-07,5.39463236e-11,1.59805393e-06,7.22229698e-07,0.113279411,7.74665624e-11,4.12239896e-12,1.91157656e-13,4.73200882e-12,2.63100748e-08,6.99955711e-10,0.000169046659,0.0534622412,0.0558500985,0.0865519238,2.64375064e-09,6.84683469e-06,3.15548765e-09,9.82721877e-11,3.04228611e-06,1.02113454e-08,0.0174946085,3.24103972e-07,0.00147456204,4.31052491e-07,0.000247168697,3.47711741e-08,2.89733577e-05,1.30352504e-05,4.2509744e-11,6.73778547e-10,1.71775038e-08,4.16615373e-05,9.9026132e-12,6.48805186e-05,3.43797734e-11,4.61427561e-08,1.49833214e-09,1.79290956e-10,0.000170629808,2.16641968e-11,7.02340969e-14,7.22481346e-07,4.76204227e-08,1.00924369e-05,3.61604705e-10,0.667363137,1.22798919e-21,3.5611063e-10,1.39685705e-07,6.94470913e-11,1.41444211e-09
0.0135,-0.061374879,4.08400484,-6.63787941,1631.04951,0.187311522,0.00376353715,4.1659569e-07,8.57973742e-11,1.65646996e-06,9.67464977e-07,0.113919968,8.61038522e-11,4.81069166e-12,4.11520871e-13,8.955063e-12,3.74211111e-08,1.03768858e-09,0.000190805301,0.048023929,0.0561908734,0.0870920138,3.558687e-09,7.8601613e-06,4.31838919e-09,1.33529593e-10,3.24941318e-06,1.42101796e-08,0.0174434632,3.79045524e-07,0.00142266063,5.06057661e-07,0.000226731749,4.68971857e-08,3.09070154e-05,1.43076581e-05,4.73968136e-11,7.86955275e-10,2.1965217e-08,4.17775037e-05,1.28530315e-11,6.60680593e-05,3.69294416e-11,4.48971417e-08,1.73197954e-09,2.43630586e-10,0.000171039367,2.52444961e-11,1.19479634e-13,7.66900317e-07,5.23238326e-08,1.03220573e-05,4.77178838e-10,0.67137543,1.1755958e-21,3.65187443e-10,1.33606101e-07,8.15087647e-11,1.39515448e-09
0.0136875,-0.0634374781,4.06009537,-6.63787941,1650.64136,0.185710909,0.00375912198,5.22948803e-07,1.36263051e-10,1.72950763e-06,1.29112446e-06,0.114548115,9.63729246e-11,5.75701143e-12,8.74903145e-13,1.67179619e-11,5.26504654e-08,1.51927373e-09,0.000213261893,0.0428465586,0.0565166947,0.08761346,4.78464107e-09,9.01159091e-06,5.87056217e-09,1.80386631e-10,3.45538992e-06,1.96209935e-08,0.0173376483,4.39023903e-07,0.00135893036,5.85440126e-07,0.000204982417,6.31517299e-08,3.30279231e-05,1.56835624e-05,5.39779495e-11,9.27325198e-10,2.79807945e-08,4.18521814e-05,1.66028358e-11,6.74665825e-05,4.08208583e-11,4.3869974e-08,2.01257506e-09,3.29207403e-10,0.000171237569,2.92862127e-11,2.00876332e-13,8.19088926e-07,5.7562303e-08,1.05856936e-05,6.2925873e-10,0.675243112,1.12567175e-21,3.6958403e-10,1.25391996e-07,9.5706359e-11,1.395803e-09
0.013875,-0.0655150574,4.03518227,-6.63787941,1670.44771,0.184105788,0.00375007209,6.54161425e-07,2.16416073e-10,1.821806e-06,1.71850288e-06,0.115164587,1.08799227e-10,7.06757163e-12,1.84022787e-12,3.0820099e-11,7.33194665e-08,2.19869773e-09,0.000236031545,0.0379376465,0.0568254292,0.0881181431,6.41934051e-09,1.03039371e-05,7.92463174e-09,2.42132112e-10,3.65300578e-06,2.68966318e-08,0.0171654653,5.0290878e-07,0.00128277774,6.66834889e-07,0.000182358004,8.48647973e-08,3.53121501e-05,1.71582022e-05,6.31634907e-11,1.10479291e-09,3.55298104e-08,4.18764368e-05,2.1357828e-11,6.91303784e-05,4.62536457e-11,4.31300752e-08,2.35483312e-09,4.42762066e-10,0.000171186743,3.38396617e-11,3.33898565e-13,8.80170829e-07,6.33895667e-08,1.08882821e-05,8.30187601e-10,0.678971271,1.0778671e-21,3.68732454e-10,1.15170556e-07,1.12269119e-10,1.41598989e-09
0.0140625,-0.0676116409,4.0093094,-6.63787941,1690.57753,0.182486004,0.00373541954,8.15857864e-07,3.44337441e-10,1.93959675e-06,2.28382665e-06,0.115770164,1.24106463e-10,8.89748955e-12,3.83451827e-12,5.61545682e-11,1.01116137e-07,3.14798111e-09,0.000258657064,0.0333062081,0.0571139897,0.0886085349,8.5879772e-09,1.17367398e-05,1.06207572e-08,3.22823477e-10,3.83459205e-06,3.66205688e-08,0.0169138817,5.68909247e-07,0.00119423174,7.47179187e-07,0.000159357963,1.13751189e-07,3.7723692e-05,1.87243124e-05,7.64370021e-11,1.33316029e-09,4.49960355e-08,4.18387477e-05,2.73782199e-11,7.11249234e-05,5.35670931e-11,4.27504831e-08,2.7784892e-09,5.93234021e-10,0.000170842748,3.89681166e-11,5.48860903e-13,9.5139405e-07,6.9875639e-08,1.12346652e-05,1.09696821e-09,0.682564646,1.03209827e-21,3.62293288e-10,1.03241264e-07,1.31380201e-10,1.45620263e-09
0.01425,-0.0697318374,3.98251974,-6.63787941,1711.15022,0.180841348,0.00371410472,1.01496784e-06,5.50022831e-10,2.0913823e-06,3.0337366e-06,0.116365699,1.43311164e-10,1.14755953e-11,7.92466116e-12,1.01190429e-10,1.38176319e-07,4.46242018e-09,0.000280597602,0.028962373,0.0573780355,0.0890878899,1.14499544e-08,1.33055053e-05,1.4131612e-08,4.27420684e-10,3.99221893e-06,4.95354005e-08,0.0165689056,6.34482659e-07,0.00109410773,8.22716425e-07,0.000136518554,1.52003472e-07,4.02124285e-05,2.03705171e-05,9.62656143e-11,1.63164274e-09,5.68593925e-08,4.17245872e-05,3.49931711e-11,7.35291322e-05,6.32822375e-11,4.28087811e-08,3.30988005e-09,7.92500734e-10,0.000170154095,4.47537032e-11,8.92324867e-13,1.03416189e-06,7.71089567e-08,1.16293294e-05,1.45314717e-09,0.686027573,9.88285588e-22,3.50210695e-10,9.00552981e-08,1.5313904e-10,1.51815238e-09
0.0144375,-0.0718806967,3.95485546,-6.63787941,1732.29207,0.179162047,0.00368499882,1.25998351e-06,8.84061657e-10,2.28897448e-06,4.03208259e-06,0.116952167,1.67862607e-10,1.51419605e-11,1.62565767e-11,1.80412203e-10,1.87158032e-07,6.26641142e-09,0.000301212908,0.0249168456,0.0576115963,0.0895604766,1.52060555e-08,1.50003829e-05,1.86660452e-08,5.6188746e-10,4.11781729e-06,6.65672292e-08,0.0161162042,6.9629785e-07,0.000984110753,8.89044667e-07,0.000114385614,2.02391176e-07,4.27116404e-05,2.20788729e-05,1.26819126e-10,2.02688311e-09,7.17134515e-08,4.15156637e-05,4.46177947e-11,7.64381352e-05,7.61716373e-11,4.33881562e-08,3.98381315e-09,1.05631617e-09,0.000169060884,5.13066713e-11,1.43458137e-12,1.13006799e-06,8.51966702e-08,1.20760269e-05,1.93140034e-09,0.689363922,9.46352978e-22,3.32735928e-10,7.61817553e-08,1.77510437e-10,1.60511507e-09
0.014625,-0.0740634823,3.92635801,-6.63787941,1754.13097,0.177439365,0.00364693664,1.56121849e-06,1.43326089e-09,2.54911604e-06,5.36650438e-06,0.117530729,1.99861332e-10,2.04052851e-11,3.31112356e-11,3.18222965e-10,2.51283236e-07,8.71896944e-09,0.000319747228,0.021180185,0.0578066053,0.0900318495,2.01048126e-08,1.68040864e-05,2.44692169e-08,7.33203559e-10,4.20327702e-06,8.883508e-08,0.0155420136,7.5029575e-07,0.000866847919,9.41250212e-07,9.34863643e-05,2.68359502e-07,4.51354873e-05,2.38214728e-05,1.75235193e-10,2.55557462e-09,9.02786506e-08,4.11890091e-05,5.67723573e-11,7.9966629e-05,9.33689511e-11,4.45794258e-08,4.84568799e-09,1.40545702e-09,0.000167493573,5.87801793e-11,2.27939684e-12,1.24092936e-06,9.42622369e-08,1.25772158e-05,2.57704053e-09,0.692577031,9.06227612e-22,3.10410314e-10,6.22605541e-08,2.04262358e-10,1.72223472e-09
0.0148125,-0.0762853456,3.89706811,-6.63787941,1776.78935,0.175666322,0.00359875992,1.93106443e-06,2.34929241e-09,2.89606218e-06,7.15746775e-06,0.118102822,2.42409462e-10,2.80314301e-11,6.69367937e-11,5.54952686e-10,3.34305143e-07,1.2017173e-08,0.00033532154,0.0177618956,0.0579523334,0.0905091598,2.64460432e-08,1.86890588e-05,3.18160459e-08,9.49210518e-10,4.2406358e-06,1.17626825e-07,0.0148343649,7.91904107e-07,0.000745726765,9.74191627e-07,7.43000442e-05,3.54123293e-07,4.73774581e-05,2.55560837e-05,2.53847059e-10,3.26778214e-09,1.13405166e-07,4.0715928e-05,7.21035967e-11,8.42527839e-05,1.16537608e-10,4.64844169e-08,5.95373966e-09,1.86705376e-09,0.00016537158,6.73942054e-11,3.57561321e-12,1.36880914e-06,1.04439011e-07,1.31332352e-05,3.45269726e-09,0.69566965,8.67839515e-22,2.84011455e-10,4.89435744e-08,2.32902927e-10,1.87671788e-09
0.015,-0.0785508939,3.8670256,-6.63787941,1800.37518,0.173838507,0.00353937036,2.38430009e-06,3.9024181e-09,3.36577734e-06,9.5709005e-06,0.118670288,3.00189421e-10,3.91828893e-11,1.34179537e-10,9.55687741e-10,4.40351667e-07,1.63950107e-08,0.000346948064,0.0146693391,0.0580347218,0.0910014881,3.45794699e-08,2.06142685e-05,4.0995058e-08,1.21823165e-09,4.22251375e-06,1.54315836e-07,0.0139846139,8.16468256e-07,0.000624729664,9.83011441e-07,5.72269281e-05,4.64775449e-07,4.93115548e-05,2.72209369e-05,3.84108819e-10,4.23110288e-09,1.42058353e-07,4.00608504e-05,9.14101679e-11,8.94625534e-05,1.48129224e-10,4.92214238e-08,7.38131083e-09,2.47606771e-09,0.000162601795,7.74737554e-11,5.52934144e-12,1.51601985e-06,1.15857788e-07,1.37411064e-05,4.6444985e-09,0.698643879,8.31121145e-22,2.54480904e-10,3.68271881e-08,2.62642455e-10,2.07782395e-09
0.0151875,-0.0808636549,3.83626929,-6.63787941,1824.97119,0.171954904,0.00346778814,2.93868505e-06,6.5853949e-09,4.01291542e-06,1.28368348e-05,0.119235536,3.80456976e-10,5.56483148e-11,2.66384601e-10,1.62271622e-09,5.73622381e-07,2.21155774e-08,0.000353585058,0.0119065183,0.0580356302,0.0915201753,4.48991169e-08,2.25226604e-05,5.22834476e-08,1.54853026e-09,4.14294525e-06,2.00192416e-07,0.0129891929,8.19938886e-07,0.000508072991,9.63924967e-07,4.25565007e-05,6.06499893e-07,5.07987086e-05,2.87290577e-05,6.03557528e-10,5.53619003e-09,1.77283513e-07,3.91801772e-05,1.15681445e-10,9.57940298e-05,1.91780739e-10,5.2934179e-08,9.2195281e-09,3.27696162e-09,0.000159077137,8.9508914e-11,8.41533924e-12,1.68509419e-06,1.28625362e-07,1.43928424e-05,6.27038151e-09,0.701501127,7.96006958e-22,2.22861716e-10,2.63826701e-08,2.92428853e-10,2.33659279e-09
0.015375,-0.0832254498,3.80483656,-6.63787941,1850.62275,0.170018687,0.00338320684,3.61650788e-06,1.13236728e-08,4.92273856e-06,1.72798663e-05,0.119801734,4.94832144e-10,8.02498128e-11,5.23393971e-10,2.71314241e-09,7.38026595e-07,2.94588571e-08,0.000354248213,0.00947285695,0.0579320234,0.0920791128,5.78441022e-08,2.43411249e-05,6.59252558e-08,1.94800913e-09,3.99866713e-06,2.56204705e-07,0.0118514059,7.99785342e-07,0.000399782904,9.15234079e-07,3.04382633e-05,7.87142932e-07,5.17011473e-05,2.99629488e-05,9.78464178e-10,7.30559585e-09,2.20162543e-07,3.80212394e-05,1.46178244e-10,0.00010348125,2.52930917e-10,5.78070078e-08,1.1582374e-08,4.32603582e-09,0.00015467534,1.0425117e-10,1.25898485e-11,1.87869788e-06,1.42790121e-07,1.50731341e-05,8.49219492e-09,0.704242098,7.62432968e-22,1.9026869e-10,1.78960485e-08,3.21130011e-10,2.6654374e-09
0.0155625,-0.0856356962,3.77276297,-6.63787941,1877.32476,0.168037905,0.00328502833,4.44868723e-06,1.99293656e-08,6.23212601e-06,2.33759686e-05,0.120373033,6.62744584e-10,1.17643543e-10,1.01912271e-09,4.46714856e-09,9.3709737e-07,3.87190372e-08,0.000348178384,0.00736220019,0.0576951118,0.0926949636,7.39399445e-08,2.59854062e-05,8.21463717e-08,2.42520875e-09,3.79068222e-06,3.2266123e-07,0.0105829837,7.55956781e-07,0.00030324441,8.38314216e-07,2.08617846e-05,1.01771233e-06,5.19060505e-05,3.07709672e-05,1.62818399e-09,9.71193691e-09,2.71810552e-07,3.65214957e-05,1.84628135e-10,0.000112796683,3.39797191e-10,6.40903506e-08,1.46200892e-08,5.69614476e-09,0.000149258145,1.22884686e-10,1.85215123e-11,2.09940887e-06,1.58289851e-07,1.57562526e-05,1.15362676e-08,0.706866806,7.30336334e-22,1.57882358e-10,1.1433245e-08,3.47949167e-10,3.07811604e-09
0.01575,-0.0880906377,3.7400817,-6.63787941,1905.00775,0.166026044,0.00317285157,5.48470449e-06,3.6171264e-08,8.16813032e-06,3.18707831e-05,0.120954789,9.18599231e-10,1.76066759e-10,1.97787166e-09,7.26559773e-09,1.17485039e-06,5.02445523e-08,0.000335019797,0.0055623826,0.0572893617,0.0933873401,9.39547326e-08,2.73712148e-05,1.01266086e-07,2.99346891e-09,3.52545843e-06,3.99029758e-07,0.00920505799,6.9150014e-07,0.000220801123,7.38058917e-07,1.36544093e-05,1.31585946e-06,5.13548196e-05,3.09673144e-05,2.7767214e-09,1.30205224e-08,3.33507609e-07,3.46080616e-05,2.33693697e-10,0.000124051744,4.64979941e-10,7.21405696e-08,1.85540694e-08,7.48820832e-09,0.000142670882,1.47381158e-10,2.68917186e-11,2.34913175e-06,1.74876049e-07,1.64018392e-05,1.57342714e-08,0.709374655,6.99654983e-22,1.26904734e-10,6.84546875e-09,3.73124715e-10,3.59087487e-09
0.0159375,-0.0905824214,3.70682284,-6.63787941,1933.52155,0.164002626,0.00304637934,6.81397883e-06,6.85636684e-08,1.11225283e-05,4.40375337e-05,0.121553769,1.32796501e-09,2.71462389e-10,3.87469491e-09,1.1767951e-08,1.45822235e-06,6.45618901e-08,0.000314879406,0.00405580436,0.0566710202,0.0941791034,1.19284039e-07,2.84274467e-05,1.23954782e-07,3.68000931e-09,3.21449154e-06,4.83948625e-07,0.00774831891,6.1224837e-07,0.000153494463,6.2211867e-07,8.50394179e-06,1.71278932e-06,5.00632905e-05,3.03383824e-05,4.87337643e-09,1.76869683e-08,4.07039922e-07,3.21977752e-05,2.98003437e-10,0.000137595173,6.48215725e-10,8.24686366e-08,2.37541407e-08,9.85789975e-09,0.000134741745,1.81278172e-10,3.88737002e-11,2.62750833e-06,1.92008023e-07,1.69487606e-05,2.16088201e-08,0.711764544,6.70327279e-22,9.83837079e-11,3.82042301e-09,3.98825904e-10,4.22437088e-09
0.016125,-0.093097811,3.67301259,-6.63787941,1962.61254,0.161994199,0.00290520391,8.60533103e-06,1.3827907e-07,1.58056991e-05,6.22209942e-05,0.122178364,2.02668771e-09,4.37538544e-10,7.80086276e-09,1.92348197e-08,1.800088e-06,8.25560128e-08,0.000288094503,0.0028213498,0.0557852525,0.0950971705,1.52652776e-07,2.90997767e-05,1.51534185e-07,4.53769982e-09,2.87094086e-06,5.7502161e-07,0.0062525145,5.25040415e-07,0.000101034142,4.98792413e-07,5.0113794e-06,2.26371321e-06,4.81067853e-05,2.86616173e-05,8.87831798e-09,2.45503888e-08,4.95024014e-07,2.91990085e-05,3.8613027e-10,0.000153809163,9.20966146e-10,9.57554259e-08,3.08699084e-08,1.30657793e-08,0.00012527867,2.31032214e-10,5.67453061e-11,2.92780482e-06,2.08707931e-07,1.73052024e-05,3.00336655e-08,0.714034977,6.42291679e-22,7.2930216e-11,1.96977772e-09,4.29813134e-10,5.00060486e-09
0.01621875,-0.0943567095,3.65590617,-6.63787941,1977.22909,0.161008917,0.00282873083,9.79085292e-06,2.03735622e-07,1.93243351e-05,7.50604951e-05,0.122504661,2.59257463e-09,5.71991472e-10,1.13969506e-08,2.49345558e-08,2.00451292e-06,9.36232395e-08,0.000272482398,0.00229842792,0.0552133806,0.0956170601,1.74315367e-07,2.92811623e-05,1.68328505e-07,5.07247815e-09,2.69124075e-06,6.23474681e-07,0.00550768083,4.8113064e-07,7.99034233e-05,4.37229259e-07,3.75452705e-06,2.63335366e-06,4.69229623e-05,2.73708904e-05,1.23165688e-08,2.93734049e-08,5.46303623e-07,2.74402351e-05,4.44887222e-10,0.000163087765,1.10853735e-09,1.03792905e-07,3.55857454e-08,1.51503421e-08,0.000119877221,2.66993052e-10,6.95601144e-11,3.07777982e-06,2.16333768e-07,1.73582259e-05,3.57147362e-08,0.715124769,6.28713033e-22,6.15041454e-11,1.36555849e-09,4.51138735e-10,5.44519253e-09
0.0163125,-0.0956127408,3.63866799,-6.63787941,1991.82326,0.160041958,0.00274813666,1.12320283e-05,3.0770344e-07,2.39275502e-05,9.14627706e-05,0.122841591,3.38412702e-09,7.61448211e-10,1.68546812e-08,3.25377477e-08,2.22938669e-06,1.06081786e-07,0.000254977112,0.00183648259,0.0545441227,0.0961823349,2.00054827e-07,2.9311156e-05,1.87021525e-07,5.68054591e-09,2.50342081e-06,6.7131527e-07,0.00477238607,4.36298767e-07,6.18942232e-05,3.75447668e-07,2.75429044e-06,3.07836959e-06,4.55356435e-05,2.57522527e-05,1.72938034e-08,3.5426723e-08,6.01886363e-07,2.55009394e-05,5.16729093e-10,0.000173194523,1.34170912e-09,1.12755071e-07,4.12369598e-08,1.76355837e-08,0.000113998662,3.12108373e-10,8.58804051e-11,3.22049226e-06,2.23148161e-07,1.73024346e-05,4.26706461e-08,0.716183627,6.15487362e-22,5.06719964e-11,9.17454541e-10,4.76201879e-10,5.90559442e-09
0.01640625,-0.0968614811,3.62129972,-6.63787941,2006.31179,0.159099969,0.00266312747,1.3006438e-05,4.77317566e-07,3.00634337e-05,0.00011271187,0.123190936,4.52294879e-09,1.03422271e-09,2.52306963e-08,4.26949219e-08,2.47154393e-06,1.19869697e-07,0.000235286047,0.00143361106,0.0537632933,0.0967989146,2.30582403e-07,2.91286836e-05,2.07432231e-07,6.36129872e-09,2.3043562e-06,7.16390253e-07,0.00405463278,3.9016355e-07,4.67237393e-05,3.13656098e-07,1.96523963e-06,3.60976764e-06,4.38623619e-05,2.3795698e-05,2.45736449e-08,4.30427137e-08,6.60924395e-07,2.33760954e-05,6.05654113e-10,0.000184178285,1.63448393e-09,1.22539659e-07,4.79916895e-08,2.06110816e-08,0.000107604656,3.68294505e-10,1.06707743e-10,3.34523516e-06,2.28778379e-07,1.71065662e-05,5.12111945e-08,0.717211201,6.02499268e-22,4.03380571e-11,5.91145554e-10,5.05020327e-10,6.34250228e-09
0.0165,-0.0980975833,3.60380248,-6.63787941,2020.59456,0.158190626,0.00257332704,1.52059738e-05,7.61970147e-07,3.84054599e-05,0.000140557917,0.12355468,6.20993394e-09,1.43496943e-09,3.80385188e-08,5.6121549e-08,2.71970095e-06,1.34520619e-07,0.000213085301,0.00108810474,0.0528539737,0.0974734346,2.66202464e-07,2.86451706e-05,2.28685619e-07,7.09355729e-09,2.09007927e-06,7.5465778e-07,0.00336351292,3.41980399e-07,3.41312335e-05,2.5245085e-07,1.35112903e-06,4.22755869e-06,4.17810196e-05,2.15075846e-05,3.51734689e-08,5.25217849e-08,7.21018538e-07,2.10688262e-05,7.16489541e-10,0.000196076564,2.00551953e-09,1.32856414e-07,5.59284894e-08,2.41586952e-08,0.000100652762,4.35250315e-10,1.32951999e-10,3.43649923e-06,2.32755762e-07,1.67337481e-05,6.16473579e-08,0.718207116,5.89865998e-22,3.05508938e-11,3.59988041e-10,5.36078695e-10,6.68693796e-09
0.01659375,-0.0993147,3.58617674,-6.63787941,2034.55313,0.157322697,0.0024782762,1.79338755e-05,1.24870322e-06,4.99873493e-05,0.00017727959,0.123935051,8.77321077e-09,2.03102166e-09,5.71175506e-08,7.3333527e-08,2.95075439e-06,1.48937966e-07,0.000188156993,0.000798300145,0.0517961106,0.098213146,3.06215811e-07,2.77411317e-05,2.48881085e-07,7.82321346e-09,1.85690122e-06,7.80032177e-07,0.0027094753,2.9110265e-07,2.38959381e-05,1.93135547e-07,8.84030832e-07,4.90958707e-06,3.91343612e-05,1.89158125e-05,5.02268315e-08,6.39940414e-08,7.77664121e-07,1.85952534e-05,8.54739171e-10,0.000208903736,2.48008067e-09,1.43127839e-07,6.4929086e-08,2.8326211e-08,9.30980646e-05,5.07911229e-10,1.64899897e-10,3.47323883e-06,2.34508173e-07,1.61429324e-05,7.42080124e-08,0.719170968,5.77475829e-22,2.15472036e-11,2.03262413e-10,5.65557396e-10,6.83471211e-09
0.0166875,-0.100505478,3.56842227,-6.63787941,2048.05059,0.156505961,0.00237746844,2.12950344e-05,2.09292782e-06,6.64102092e-05,0.000225807295,0.124334306,1.27574867e-08,2.92384221e-09,8.40411976e-08,9.41388622e-08,3.1252719e-06,1.61099375e-07,0.000160589879,0.00056220248,0.0505668647,0.0990253593,3.47990123e-07,2.62713764e-05,2.64686952e-07,8.44756551e-09,1.60289872e-06,7.84106821e-07,0.00210444956,2.37536438e-07,1.58309506e-05,1.37985318e-07,5.41471701e-07,5.5935955e-06,3.57516617e-05,1.60792423e-05,7.05265214e-08,7.71664972e-08,8.23513677e-07,1.59913192e-05,1.02613665e-09,0.000222629805,3.0925957e-09,1.52398393e-07,7.45167204e-08,3.30707204e-08,8.49008076e-05,5.72474347e-10,2.01281408e-10,3.42942001e-06,2.3334599e-07,1.52935221e-05,8.88942574e-08,0.720102413,5.65356019e-22,1.37619274e-11,1.03759443e-10,5.86187659e-10,6.65551524e-09
0.01678125,-0.101661755,3.55053804,-6.63787941,2060.93485,0.155750879,0.00227042195,2.53798331e-05,3.56305975e-06,9.016694e-05,0.000289727219,0.124754291,1.90496837e-08,4.2588302e-09,1.18551554e-07,1.16803603e-07,3.18887133e-06,1.68028732e-07,0.000131043842,0.00037698507,0.0491419703,0.099916389,3.85921394e-07,2.40930577e-05,2.71436448e-07,8.81286317e-09,1.3304395e-06,7.57448687e-07,0.00156160959,1.82703417e-07,9.76357075e-06,9.00645679e-08,3.04194594e-07,6.16208019e-06,3.15079142e-05,1.30956339e-05,9.5533442e-08,9.10089272e-08,8.48675285e-07,1.33188928e-05,1.23580502e-09,0.000237148874,3.88925575e-09,1.59320183e-07,8.37254009e-08,3.81771288e-08,7.6043446e-05,6.05369463e-10,2.3799688e-10,3.27737127e-06,2.28489415e-07,1.41543217e-05,1.05259411e-07,0.721001279,5.53498187e-22,7.68979103e-12,4.64244034e-11,5.87261039e-10,6.03425213e-09
0.016875,-0.102775066,3.53252221,-6.63787941,2073.0476,0.155067825,0.00215681269,3.02398438e-05,6.09862938e-06,0.000125112378,0.000373159103,0.125195454,2.90448857e-08,6.23094438e-09,1.56234492e-07,1.37210075e-07,3.08233249e-06,1.66214848e-07,0.000100879579,0.000238527109,0.04749909,0.100889718,4.10855814e-07,2.11177477e-05,2.6394886e-07,8.73472113e-09,1.04802387e-06,6.92473002e-07,0.00109432884,1.29845538e-07,5.49754553e-06,5.23018744e-08,1.53064033e-07,6.44435899e-06,2.64115023e-05,1.01049837e-05,1.22126424e-07,1.03557339e-07,8.42427844e-07,1.06686409e-05,1.48697722e-09,0.000252236289,4.92888622e-09,1.62314148e-07,9.11235564e-08,4.31596806e-08,6.65623985e-05,5.80690855e-10,2.67162332e-10,2.99557879e-06,2.19156177e-07,1.27177633e-05,1.22158832e-07,0.721867769,5.4189379e-22,3.6122533e-12,1.75978733e-11,5.56877286e-10,4.94599962e-09
0.016921875,-0.103312656,3.52346419,-6.63787941,2078.75888,0.15475687,0.0020975392,3.29585722e-05,7.97893333e-06,0.000149011267,0.000423648148,0.125423291,3.61548203e-08,7.53889515e-09,1.72830385e-07,1.44674276e-07,2.9531377e-06,1.61188758e-07,8.62309633e-05,0.000184830095,0.0465897354,0.101406965,4.15131411e-07,1.93499818e-05,2.53790689e-07,8.48692307e-09,9.08569167e-07,6.45452705e-07,0.000893373076,1.05392972e-07,3.94992676e-06,3.78189418e-08,1.03160001e-07,6.4241165e-06,2.36278082e-05,8.67085951e-06,1.33783224e-07,1.08424295e-07,8.24871349e-07,9.39423168e-06,1.62820834e-09,0.000259849074,5.56553348e-09,1.6179782e-07,9.35653174e-08,4.53621885e-08,6.16360242e-05,5.41494988e-10,2.75687363e-10,2.80459691e-06,2.12639623e-07,1.18996082e-05,1.3024574e-07,0.722289156,5.36170257e-22,2.28355929e-12,1.00030751e-11,5.27575043e-10,4.27840107e-09
0.01696875,-0.103836715,3.51437203,-6.63787941,2084.22439,0.154467036,0.00203669343,3.58537798e-05,1.04028841e-05,0.00017818434,0.000480616321,0.125654965,4.5059055e-08,9.09904381e-09,1.85857159e-07,1.49048133e-07,2.76994185e-06,1.53083888e-07,7.22132776e-05,0.000140564319,0.0456215503,0.101943408,4.11911239e-07,1.74183089e-05,2.3897672e-07,8.07948041e-09,7.72890783e-07,5.89304867e-07,0.000715225374,8.31466705e-08,2.74787586e-06,2.62512888e-08,6.69220998e-08,6.26918307e-06,2.07431247e-05,7.30352525e-06,1.43226294e-07,1.11906054e-07,7.96862985e-07,8.1699351e-06,1.77915633e-09,0.000267440225,6.29069571e-09,1.59833267e-07,9.49536536e-08,4.71988657e-08,5.66172444e-05,4.86795455e-10,2.78216195e-10,2.582635e-06,2.04813154e-07,1.10244039e-05,1.37642933e-07,0.72270279,5.30530261e-22,1.35842045e-12,5.37135771e-12,4.8839803e-10,3.56380485e-09
0.017015625,-0.104346619,3.5052453,-6.63787941,2089.43187,0.154198886,0.00197438421,3.89046752e-05,1.34982939e-05,0.00021382771,0.000544528227,0.125889239,5.61540682e-08,1.09434034e-08,1.93423539e-07,1.4954033e-07,2.53649961e-06,1.41996806e-07,5.91253349e-05,0.000104759349,0.0445953379,0.10249743,4.00212147e-07,1.53643258e-05,2.19798075e-07,7.51663928e-09,6.43783533e-07,5.25611258e-07,0.000560402004,6.35523323e-08,1.84445217e-06,1.74258876e-08,4.16262501e-08,5.9708527e-06,1.7827704e-05,6.02694278e-06,1.49426423e-07,1.13646346e-07,7.58392532e-07,7.01134051e-06,1.9388165e-09,0.000274931584,7.11529583e-09,1.56382536e-07,9.51278964e-08,4.85301699e-08,5.15461753e-05,4.20425249e-10,2.73674422e-10,2.33429924e-06,1.95675093e-07,1.0104975e-05,1.43986835e-07,0.72310892,5.24928282e-22,7.560233e-13,2.71124895e-12,4.4042937e-10,2.84585625e-09
0.0170625,-0.104841978,3.49608358,-6.63787941,2094.37338,0.153952628,0.00191077465,4.20817691e-05,1.7408859e-05,0.000257349877,0.000615757875,0.126124407,6.9890216e-08,1.31018479e-08,1.9400306e-07,1.45582915e-07,2.26116816e-06,1.28272373e-07,4.72313731e-05,7.63896857e-05,0.0435134262,0.10306674,3.79562848e-07,1.32445752e-05,1.96916788e-07,6.81491543e-09,5.23912955e-07,4.56804678e-07,0.000428837171,4.69616551e-08,1.19011354e-06,1.10118869e-08,2.47048481e-08,5.53246565e-06,1.49634168e-05,4.86280748e-06,1.51590018e-07,1.13385727e-07,7.10153141e-07,5.93280586e-06,2.10572703e-09,0.000282235089,8.04927538e-09,1.51500328e-07,9.40042401e-08,4.9216536e-08,4.64728369e-05,3.48375363e-10,2.61474073e-10,2.06651753e-06,1.85269878e-07,9.15747952e-06,1.48888522e-07,0.723507863,5.19404943e-22,3.90441918e-13,1.27361038e-12,3.85749901e-10,2.16903142e-09
0.017109375,-0.105322691,3.4868864,-6.63787941,2099.04613,0.153728074,0.00184608091,4.53478284e-05,2.22800797e-05,0.000310385151,0.000694521847,0.126358322,8.67426338e-08,1.55978374e-08,1.86839026e-07,1.37067384e-07,1.95652346e-06,1.12514637e-07,3.67297028e-05,5.44192445e-05,0.0423797667,0.103648377,3.50363856e-07,1.11268726e-05,1.71347031e-07,6.00411592e-09,4.15611163e-07,3.85693502e-07,0.000319819984,3.34584476e-08,7.35774601e-07,6.60277757e-09,1.39516314e-08,4.97231335e-06,1.2235328e-05,3.82784271e-06,1.49333364e-07,1.11009774e-07,6.53542438e-07,4.94648575e-06,2.27801154e-09,0.000289256237,9.10170875e-09,1.45343097e-07,9.15872819e-08,4.9149481e-08,4.14558796e-05,2.76857498e-10,2.4183256e-10,1.78818533e-06,1.73702092e-07,8.2006429e-06,1.52010971e-07,0.723899988,5.1392144e-22,1.86649871e-13,5.57004469e-13,3.27183122e-10,1.57103406e-09
0.01715625,-0.105788946,3.47765336,-6.63787941,2103.45271,0.153524619,0.00178057475,4.86572428e-05,2.82644974e-05,0.000374792571,0.000780886238,0.126588362,1.07220029e-07,1.8448301e-08,1.72178712e-07,1.24394656e-07,1.63886556e-06,9.55736092e-08,2.77489306e-05,3.78135148e-05,0.0411999756,0.104238718,3.13900791e-07,9.08528081e-06,1.44440809e-07,5.12688427e-09,3.20658232e-07,3.15653734e-07,0.000231969569,2.29681689e-08,4.34315143e-07,3.73602261e-09,7.45351889e-09,4.32259449e-06,9.7241662e-06,2.93380426e-06,1.42772418e-07,1.06561807e-07,5.90583919e-07,4.0614334e-06,2.45334398e-09,0.00029589923,1.0280003e-08,1.38168037e-07,8.79702646e-08,4.82563666e-08,3.65602276e-05,2.11708894e-10,2.15815263e-10,1.50949924e-06,1.6113169e-07,7.25461732e-06,1.53059744e-07,0.72428572,5.0851016e-22,8.16092492e-14,2.23465406e-13,2.68200348e-10,1.07715422e-09
0.017203125,-0.106241228,3.46838404,-6.63787941,2107.60106,0.15334127,0.00171457079,5.19589337e-05,3.55009115e-05,0.000452647426,0.000874704211,0.126811576,1.31818557e-07,2.16599914e-08,1.51356901e-07,1.08489145e-07,1.32532646e-06,7.83975534e-08,2.03240928e-05,2.55923308e-05,0.0399811221,0.104833605,2.72319436e-07,7.19064165e-06,1.17631617e-07,4.2313116e-09,2.4008645e-07,2.49690233e-07,0.00016330807,1.51757585e-08,2.44169046e-07,1.98969057e-09,3.75839761e-09,3.62515531e-06,7.4952015e-06,2.18472534e-06,1.32524828e-07,1.00253651e-07,5.23724257e-07,3.28296484e-06,2.6290984e-09,0.000302073381,1.15900186e-08,1.30315241e-07,8.3327879e-08,4.65268011e-08,3.18532998e-05,1.56605232e-10,1.8526566e-10,1.24089214e-06,1.47778834e-07,6.33942055e-06,1.51868006e-07,0.724665509,5.0314901e-22,3.26185486e-14,8.23779629e-14,2.12030305e-10,6.96651799e-10
0.01725,-0.106680259,3.45907811,-6.63787941,2111.50357,0.153176718,0.00164841619,5.51977928e-05,4.41153524e-05,0.000546219776,0.000975631493,0.127024767,1.61015979e-07,2.52293745e-08,1.26589599e-07,9.06840858e-08,1.03235362e-06,6.19537162e-08,1.44049781e-05,1.68479842e-05,0.038731412,0.10542847,2.28379203e-07,5.5029446e-06,9.23362532e-08,3.36737242e-09,1.74089106e-07,1.90483405e-07,0.000111386939,9.65811923e-09,1.30482971e-07,9.9355436e-10,1.78210666e-09,2.92629571e-06,5.59188357e-06,1.57771074e-06,1.19597221e-07,9.24392397e-08,4.55634829e-07,2.61225774e-06,2.80241755e-09,0.000307699964,1.3035583e-08,1.22180079e-07,7.78967256e-08,4.40130311e-08,2.74005051e-05,1.13108143e-10,1.52577868e-10,9.91899668e-07,1.33911615e-07,5.4732891e-06,1.48392144e-07,0.725039815,4.9784296e-22,1.18476849e-14,2.77379934e-14,1.6145276e-10,4.23833778e-10
0.017296875,-0.107106927,3.44973527,-6.63787941,2115.17566,0.153029455,0.00158247161,5.83179709e-05,5.42098934e-05,0.00065794523,0.00108312446,0.127224675,1.95238643e-07,2.91421646e-08,1.00522368e-07,7.24906605e-08,7.7306443e-07,4.70693148e-08,9.8640084e-06,1.07753077e-05,0.0374596953,0.106018523,1.85034605e-07,4.06340986e-06,6.97196002e-08,2.57872593e-09,1.22030186e-07,1.39862455e-07,7.34842241e-05,5.92948016e-09,6.62229115e-08,4.63801984e-10,7.92175592e-10,2.26935887e-06,4.03132629e-06,1.1029995e-06,1.05187249e-07,8.35696819e-08,3.88917923e-07,2.04644953e-06,2.97038265e-09,0.000312718463,1.46188077e-08,1.14176425e-07,7.19484479e-08,4.08289352e-08,2.32603267e-05,8.07249262e-11,1.20283388e-10,7.70076108e-07,1.19832057e-07,4.67116046e-06,1.42734256e-07,0.725409087,4.9259133e-22,3.89443556e-15,8.49374404e-15,1.18307543e-10,2.42113221e-10
0.01734375,-0.107522183,3.44035528,-6.63787941,2118.63397,0.152897918,0.00151709179,6.1265904e-05,6.58578872e-05,0.00079038731,0.00119646705,0.12740814,2.34838836e-07,3.33741747e-08,7.56722628e-08,5.53227092e-08,5.55667149e-07,3.43233903e-08,6.51714774e-06,6.68800942e-06,0.0361749205,0.106598938,1.44953048e-07,2.88989758e-06,5.05542369e-08,1.89708063e-09,8.25641239e-08,9.86735175e-08,4.68241718e-05,3.51953828e-09,3.19352073e-08,2.01914664e-10,3.29290902e-10,1.68826438e-06,2.80451406e-06,7.45401738e-07,9.0462726e-08,7.41341892e-08,3.25849917e-07,1.57910841e-06,3.13016787e-09,0.00031709111,1.63403639e-08,1.06698666e-07,6.57596901e-08,3.71356526e-08,1.94798138e-05,5.76686533e-11,9.0612042e-11,5.80231048e-07,1.05854978e-07,3.94358508e-06,1.3512851e-07,0.725773737,4.87393454e-22,1.15498546e-15,2.3574834e-15,8.33791716e-11,1.29770025e-10
0.017390625,-0.107926938,3.43093797,-6.63787941,2121.89442,0.152780638,0.00145260748,6.39930807e-05,7.91008867e-05,0.000946195777,0.0013148092,0.127572259,2.80074935e-07,3.78929729e-08,5.39512168e-08,4.02606469e-08,3.82944552e-07,2.39927452e-08,4.15030733e-06,4.02508102e-06,0.0348856121,0.107165028,1.10108299e-07,1.97683551e-06,3.51595065e-08,1.33899711e-09,5.38539884e-08,6.68003409e-08,2.87842981e-05,2.02465955e-09,1.46658606e-08,8.18325393e-11,1.27753053e-10,1.20354596e-06,1.88074796e-06,4.86333366e-07,7.6382167e-08,6.46011933e-08,2.68186806e-07,1.20103451e-06,3.27918307e-09,0.000320804835,1.819993e-08,1.00088814e-07,5.9584756e-08,3.31206653e-08,1.60912075e-05,4.1679379e-11,6.51480185e-11,4.24152786e-07,9.22847465e-08,3.29627183e-06,1.25912277e-07,0.726134126,4.82248686e-22,3.08448801e-16,5.9170913e-16,5.64980538e-11,6.53029579e-11
0.0174375,-0.108321968,3.42148322,-6.63787941,2124.97049,0.152676363,0.00138931114,6.64581666e-05,9.39472798e-05,0.0011280624,0.00143720997,0.127714496,3.31097049e-07,4.26599952e-08,3.64134479e-08,2.79195739e-08,2.52849546e-07,1.606343e-08,2.5457164e-06,2.34734633e-06,0.0335994548,0.107712372,8.15600345e-08,1.29935393e-06,2.34341263e-08,9.05964819e-10,3.38347498e-08,4.33528448e-08,1.70553504e-05,1.13109169e-09,6.44147277e-09,3.08403304e-11,4.61966572e-11,8.21610708e-07,1.21491898e-06,3.06046491e-07,6.35982466e-08,5.53713625e-08,2.17063871e-07,9.01248272e-07,3.41518474e-09,0.000323870361,2.01966396e-08,9.46138239e-08,5.36353008e-08,2.89751739e-08,1.3110225e-05,3.06443609e-11,4.46715178e-11,3.00842968e-07,7.93933005e-08,2.73030681e-06,1.15487827e-07,0.726490557,4.771564e-22,7.41184145e-17,1.34115657e-16,3.67993301e-11,3.09206428e-11
0.017484375,-0.108707851,3.41199095,-6.63787941,2127.87205,0.152584145,0.00132744825,6.86282919e-05,0.00011037208,0.00133867512,0.00156267799,0.127832751,3.87939289e-07,4.76327764e-08,2.3266095e-08,1.84446254e-08,1.59894674e-07,1.02957759e-08,1.5033636e-06,1.3258985e-06,0.0323230375,0.108236896,5.94592786e-08,8.20144977e-07,1.49616259e-08,5.87318119e-10,2.0463622e-08,2.69559515e-08,9.73450361e-06,6.14351669e-10,2.72358861e-09,1.08032858e-11,1.55581678e-11,5.36902739e-07,7.55646811e-07,1.85632526e-07,5.24497814e-08,4.6749547e-08,1.7299553e-07,6.68005364e-07,3.53634551e-09,0.000326318815,2.23294298e-08,9.04554509e-08,4.80693131e-08,2.48745587e-08,1.05361854e-05,2.29083048e-11,2.9204091e-11,2.07149998e-07,6.7402779e-08,2.2429207e-06,1.04283054e-07,0.726843274,4.7211597e-22,1.60336618e-17,2.74401114e-17,2.30355534e-11,1.38320798e-11
0.01753125,-0.10908494,3.40246112,-6.63787941,2130.60482,0.152503373,0.00126721419,7.04795022e-05,0.000128317364,0.00158067101,0.00169020446,0.127925383,4.505189e-07,5.27670191e-08,1.40787181e-08,1.16093546e-08,9.68347566e-08,6.3165862e-09,8.54633282e-07,7.25222212e-07,0.031061764,0.108734911,4.32395878e-08,4.96992895e-07,9.1492408e-09,3.64762799e-10,1.19114425e-08,1.60536436e-08,5.35010303e-06,3.24430405e-10,1.11819811e-09,3.5186073e-12,4.87877819e-12,3.35837367e-07,4.52458011e-07,1.08482468e-07,4.30181859e-08,3.89366852e-08,1.3595752e-07,4.89696385e-07,3.64128203e-09,0.000328196711,2.45972414e-08,8.7711984e-08,4.29892601e-08,2.09648195e-08,8.35378476e-06,1.7324661e-11,1.8204336e-11,1.38603188e-07,5.64749459e-08,1.82856968e-06,9.27176219e-08,0.727192465,4.67126767e-22,3.1289632e-18,5.07092061e-18,1.38565045e-11,5.88259933e-12
0.017578125,-0.109453357,3.39289368,-6.63787941,2133.1704,0.152433767,0.00120875587,7.19965262e-05,0.000147693151,0.00185658875,0.00181878713,0.127991188,5.18641651e-07,5.80183383e-08,8.07425693e-09,6.96474245e-09,5.61767321e-08,3.71003618e-09,4.67741309e-07,3.84101826e-07,0.0298199047,0.109203117,3.19028043e-08,2.89159771e-07,5.35983625e-09,2.17071211e-10,6.67296245e-09,9.15785839e-09,2.83118717e-06,1.66418659e-10,4.50207524e-10,1.06681969e-12,1.42490659e-12,2.0112344e-07,2.60838414e-07,6.10728383e-08,3.5212222e-08,3.20377763e-08,1.05518998e-07,3.55536508e-07,3.72904878e-09,0.000329560323,2.69990785e-08,8.64089267e-08,3.84473833e-08,1.73556439e-08,6.53604497e-06,1.31649166e-11,1.08243029e-11,9.02395066e-08,4.67079649e-08,1.48007082e-06,8.11773437e-08,0.727538274,4.62188155e-22,5.53089644e-19,8.47839381e-19,8.00922582e-12,2.39928097e-12
0.017625,-0.109813022,3.3832886,-6.63787941,2135.56672,0.152375338,0.00115217649,7.31720802e-05,0.00016837885,0.00216882204,0.00194744676,0.128029364,5.92012232e-07,6.33436264e-08,4.39325542e-09,3.98528438e-09,3.12335208e-08,2.08704446e-09,2.46542731e-07,1.97019779e-07,0.0286007401,0.109638586,2.43026951e-08,1.6159261e-07,3.00938819e-09,1.23835917e-10,3.59888572e-09,5.00563936e-09,1.44280658e-06,8.27946536e-11,1.79465198e-10,3.01848263e-13,3.87894594e-13,1.15371944e-07,1.44826776e-07,3.31267008e-08,2.88497273e-08,2.60795815e-08,8.09895828e-08,2.56007367e-07,3.79910864e-09,0.000330470358,2.95339704e-08,8.65147039e-08,3.44552383e-08,1.411915e-08,5.04783764e-06,9.98845188e-12,6.14348862e-12,5.72681474e-08,3.81396358e-08,1.18958648e-06,6.99967109e-08,0.727880807,4.57299486e-22,8.91669508e-20,1.28633407e-19,4.44901226e-12,9.48979981e-13
0.017671875,-0.11016369,3.37364582,-6.63787941,2137.78873,0.152328332,0.00109754181,7.40059274e-05,0.000190225532,0.00251957647,0.00207523848,0.128039454,6.70248155e-07,6.87020609e-08,2.27072632e-09,2.17706228e-09,1.66546158e-08,1.12520887e-09,1.25222985e-07,9.79081898e-08,0.0274067414,0.110038745,1.93598131e-08,8.6798164e-08,1.62057232e-09,6.77715151e-11,1.86955666e-09,2.62317977e-09,7.08373982e-07,3.98865064e-11,7.13420196e-11,8.00569527e-14,9.85441725e-14,6.34370932e-08,7.74919831e-08,1.73187635e-08,2.37187046e-08,2.10317828e-08,6.15533957e-08,1.83063813e-07,3.8512907e-09,0.000330987527,3.22008893e-08,8.7957679e-08,3.09946521e-08,1.12926828e-08,3.84942494e-06,7.52994138e-12,3.33135104e-12,3.55003453e-08,3.0755321e-08,9.49346806e-07,5.94481506e-08,0.728220143,4.52460104e-22,1.32552404e-20,1.77920453e-20,2.37585976e-12,3.68678201e-13
0.01771875,-0.110504986,3.36396529,-6.63787941,2139.82919,0.152293173,0.00104488666,7.45038555e-05,0.000213059252,0.00291083277,0.00220126087,0.12802129,7.52895661e-07,7.40558102e-08,1.1165564e-09,1.13665845e-09,8.52508362e-09,5.81927114e-10,6.13358085e-08,4.71641162e-08,0.0262397511,0.110401352,1.61833011e-08,4.48624331e-08,8.3775807e-10,3.56124709e-11,9.3616493e-10,1.31904612e-09,3.35285078e-07,1.85825158e-11,2.83727045e-11,2.00607891e-14,2.34044025e-14,3.34644819e-08,3.99880949e-08,8.73239233e-09,1.96137882e-08,1.6826999e-08,4.63738079e-08,1.30151323e-07,3.88574328e-09,0.00033116928,3.49986681e-08,9.06417505e-08,2.80280019e-08,8.88406834e-09,2.89960111e-06,5.62188803e-12,1.72785905e-12,2.15476668e-08,2.44985454e-08,7.52092977e-07,4.97366346e-08,0.728556341,4.47669345e-22,1.84752723e-21,2.25949003e-21,1.22044687e-12,1.42473497e-13
0.017765625,-0.110836447,3.3542469,-6.63787941,2141.6793,0.152270408,0.000994220973,7.46766707e-05,0.000236685448,0.00334431911,0.00232466422,0.127974942,8.39446405e-07,7.93704989e-08,5.23193295e-10,5.67948797e-10,4.19372178e-09,2.89010208e-10,2.89999522e-08,2.20394873e-08,0.0251011344,0.110724491,1.41097055e-08,2.23487349e-08,4.16207999e-10,1.79885295e-11,4.52293116e-10,6.37101287e-10,1.5312199e-07,8.36554311e-12,1.12772756e-11,4.81595366e-15,5.20882959e-15,1.69550156e-08,1.99199114e-08,4.25001557e-09,1.63526739e-08,1.33771989e-08,3.466392e-08,9.20936385e-08,3.90288681e-09,0.000331067694,3.79259447e-08,9.44590275e-08,2.55066645e-08,6.87804996e-09,2.15819781e-06,4.14882923e-12,8.58330282e-13,1.28402579e-08,1.92824797e-08,5.91287701e-07,4.09988266e-08,0.728889445,4.42926535e-22,2.47163496e-22,2.66332177e-22,6.03569679e-13,5.53089782e-14
0.0178125,-0.111157548,3.34449054,-6.63787941,2143.32931,0.152260672,0.00094553496,7.4539254e-05,0.000260894204,0.00382149413,0.00244465838,0.127900666,9.29353988e-07,8.46154816e-08,2.34055235e-10,2.71992235e-10,1.98520032e-09,1.38014409e-10,1.32502654e-08,9.99936578e-09,0.0239918969,0.111006559,1.26861093e-08,1.07579408e-08,1.98977193e-10,8.7456196e-12,2.11073566e-10,2.95943282e-10,6.75445335e-08,3.63836245e-12,4.46181235e-12,1.1342943e-15,1.08985553e-15,8.26107003e-09,9.58995372e-09,1.99865176e-09,1.37799933e-08,1.05858308e-08,2.57259193e-08,6.49083146e-08,3.90336878e-09,0.000330728345,4.09811379e-08,9.92991432e-08,2.33772994e-08,5.24297252e-09,1.58787548e-06,3.0233254e-12,4.08987987e-13,7.53342233e-09,1.50009641e-08,4.61166917e-07,3.33063489e-08,0.729219486,4.38230994e-22,3.26444005e-23,2.96256771e-23,2.87688771e-13,2.16732472e-14
0.017859375,-0.111467727,3.33469605,-6.63787941,2144.7689,0.15226465,0.000898803401,7.41096933e-05,0.00028546602,0.00434354133,0.00256051994,0.127798864,1.02204966e-06,8.97639609e-08,1.00170371e-10,1.25051388e-10,9.05635398e-10,6.34649538e-11,5.85807204e-09,4.40931319e-09,0.022912768,0.111246253,1.16265221e-08,5.02527527e-09,9.16697663e-11,4.09844394e-12,9.52706326e-11,1.32392694e-10,2.88138217e-08,1.52928469e-12,1.74815893e-12,2.71820739e-16,2.15400385e-16,3.87626886e-09,4.46755219e-09,9.09274472e-10,1.176522e-08,8.35607601e-09,1.89665569e-08,4.55964895e-08,3.88802133e-09,0.000330189934,4.41624521e-08,1.0505547e-07,2.15861506e-08,3.93704755e-09,1.15523731e-06,2.17463823e-12,1.87239349e-13,4.36448366e-09,1.15382151e-08,3.56703954e-07,2.66727098e-08,0.72954649,4.33582035e-22,4.36645959e-24,3.18631328e-24,1.32334846e-13,8.56639804e-15
0.01790625,-0.111766401,3.32486324,-6.63787941,2145.98749,0.152283059,0.000853989226,7.34084911e-05,0.000310177643,0.00491137375,0.00267159791,0.127670043,1.11695668e-06,9.47929746e-08,4.11051271e-11,5.52934749e-11,3.98790564e-10,2.81467931e-11,2.509543e-09,1.89184424e-09,0.0218642577,0.111442566,1.07631336e-08,2.29546988e-09,4.07622736e-11,1.85422624e-12,4.16498365e-11,5.71249423e-11,1.19027515e-08,6.21694633e-13,6.75045141e-13,6.9223049e-17,4.05216393e-17,1.75424007e-09,2.01667729e-09,4.00716564e-10,1.01988502e-08,6.5960674e-09,1.38968096e-08,3.19384982e-08,3.85782178e-09,0.000329484443,4.74678975e-08,1.11628838e-07,2.00817875e-08,2.91374981e-09,8.3136807e-07,1.54385942e-12,8.25062009e-14,2.50401751e-09,8.77675745e-09,2.73539108e-07,2.10630964e-08,0.729870472,4.28978968e-22,5.98836264e-25,3.41929136e-25,5.88318427e-14,3.39889686e-15
0.017953125,-0.112052975,3.3149919,-6.63787941,2146.97449,0.152316633,0.000811046458,7.24578502e-05,0.00033480752,0.00552564726,0.0027773173,0.127514785,1.21350295e-06,9.96832713e-08,1.62105574e-11,2.35534013e-11,1.69767476e-10,1.20578066e-11,1.04307099e-09,7.90602303e-10,0.0208466969,0.111594763,1.00044171e-08,1.04017893e-09,1.75205055e-11,8.11087149e-13,1.76595786e-11,2.38071718e-11,4.76731386e-09,2.44669158e-13,2.55934527e-13,1.93141258e-17,7.3530273e-18,7.66784649e-10,8.83177077e-10,1.71278169e-10,8.98887786e-09,5.22193007e-09,1.01226417e-08,2.23131464e-08,3.81385617e-09,0.000328637632,5.08953099e-08,1.18929422e-07,1.88167245e-08,2.12608615e-09,5.91927101e-07,1.08186388e-12,3.50528515e-14,1.42614182e-09,6.60342899e-09,2.07905788e-07,1.64058861e-08,0.730191444,4.24421096e-22,8.3769922e-26,3.77773947e-26,2.53120941e-14,1.34490694e-15
0.018,-0.112326856,3.30508177,-6.63787941,2147.71941,0.152366109,0.000769922622,7.128105e-05,0.000359140396,0.00618678005,0.00287717993,0.127333723,1.31113157e-06,1.04419088e-07,6.1530886e-12,9.67048355e-12,6.98943961e-11,4.99095271e-12,4.20673305e-10,3.21721375e-10,0.0198602657,0.111702366,9.3042527e-09,4.79947424e-10,7.28128194e-12,3.43116191e-13,7.26282339e-12,9.5851095e-12,1.85140133e-09,9.32083321e-14,9.49262814e-14,5.8831576e-18,1.31728064e-18,3.23753933e-10,3.75183607e-10,7.10038588e-11,8.05812847e-09,4.15933057e-09,7.33185465e-09,1.5547802e-08,3.75728671e-09,0.000327669728,5.44423309e-08,1.26877399e-07,1.77482827e-08,1.5296535e-09,4.16925421e-07,7.48245418e-13,1.43658217e-14,8.07233028e-10,4.91352671e-09,1.56566904e-07,1.26045948e-08,0.730509414,4.19907718e-22,1.17441982e-26,4.36939323e-27,1.05398597e-14,5.26769714e-16
0.018046875,-0.112587456,3.29513257,-6.63787941,2148.21202,0.152432222,0.00073056056,6.99019669e-05,0.000382970002,0.00689497663,0.00297076024,0.127127519,1.4093088e-06,1.08987806e-07,2.23390516e-12,3.79575538e-12,2.75988884e-11,1.97926271e-12,1.63211007e-10,1.26348241e-10,0.0189050156,0.111765125,8.64157134e-09,2.34508863e-10,2.90128956e-12,1.39189229e-13,2.87239538e-12,3.69534196e-12,6.90923587e-10,3.40645794e-14,3.40467636e-14,1.8799384e-18,2.40387854e-19,1.30863929e-10,1.53237675e-10,2.82873073e-11,7.3423268e-09,3.34404493e-09,5.28012335e-09,1.07993855e-08,3.68932628e-09,0.000326596214,5.81062533e-08,1.35402864e-07,1.68389796e-08,1.08455221e-09,2.90302277e-07,5.10437195e-13,5.63315854e-15,4.52866248e-10,3.6134115e-09,1.16764694e-07,9.54932547e-09,0.730824385,4.15438132e-22,1.59934686e-27,5.20504919e-28,4.2106716e-15,2.01236719e-16
0.01809375,-0.112834204,3.28514399,-6.63787941,2148.44252,0.152515693,0.000692899018,6.83449771e-05,0.000406095476,0.00765025834,0.00305768725,0.126896873,1.50752265e-06,1.13379156e-07,7.21909361e-13,1.32521436e-12,9.72321915e-12,6.99443828e-13,5.66448584e-11,4.45872977e-11,0.0179808853,0.111783001,8.00809874e-09,1.25045609e-10,1.0314918e-12,5.04008502e-14,1.01697988e-12,1.25819779e-12,2.28463732e-10,1.10038745e-14,1.0807544e-14,5.5633297e-19,4.09535405e-20,4.70544695e-11,5.63005453e-11,1.00342733e-11,6.78854339e-09,2.72200868e-09,3.77787263e-09,7.46225488e-09,3.61123268e-09,0.000325428635,6.18838029e-08,1.44445508e-07,1.60568184e-08,7.56379499e-10,1.99394533e-07,3.42751973e-13,1.96645657e-15,2.48211406e-10,2.62270593e-09,8.61821703e-08,7.12910005e-09,0.731136356,4.1101163e-22,1.74331517e-28,5.01211721e-29,1.50921615e-15,6.93817713e-17
0.0181875,-0.113284581,3.26504705,-6.63787941,2148.09211,0.152736688,0.000622464092,6.47763897e-05,0.000449556637,0.00930081586,0.00321046973,0.12636496,1.70207916e-06,1.21596981e-07,1.0494031e-13,2.15611752e-13,1.62512446e-12,1.17045142e-13,9.20701536e-12,7.48822636e-12,0.0162253916,0.111685397,6.82264001e-09,6.46859304e-11,1.74751749e-13,8.83304368e-15,1.71466279e-13,2.00761157e-13,3.47307333e-11,1.59336462e-15,1.56149011e-15,7.52455032e-20,3.50931085e-21,8.14042084e-12,9.98964749e-12,1.72715382e-12,6.03529224e-09,1.92420254e-09,1.97991149e-09,3.69201544e-09,3.42881067e-09,0.000322838051,6.97772738e-08,1.63918826e-07,1.4799829e-08,3.67669136e-10,9.4842155e-08,1.54894485e-13,3.20594509e-16,8.46476471e-11,1.38717813e-09,4.68180413e-08,3.94684723e-09,0.731751088,4.02286987e-22,5.41351129e-30,1.46276363e-30,2.54197518e-16,1.12929724e-17
0.01828125,-0.113673288,3.24478908,-6.63787941,2146.58885,0.153035227,0.000558114365,6.07631242e-05,0.000488351008,0.0111357271,0.00333418773,0.125743081,1.89158221e-06,1.29046938e-07,1.60835284e-14,3.31626589e-14,2.59166498e-13,1.85180846e-14,1.42173062e-12,1.19981881e-12,0.0145912303,0.111412317,5.74967743e-09,4.56569996e-11,2.83066598e-14,1.46602678e-15,2.75589007e-14,2.98034641e-14,4.9705073e-12,2.15752284e-16,2.1290829e-16,9.75120627e-21,3.83990704e-22,1.32056913e-12,1.68492801e-12,2.82028948e-13,5.52263772e-09,1.46416916e-09,1.05138543e-09,1.85895965e-09,3.21999083e-09,0.000319942533,7.80990621e-08,1.84924209e-07,1.37837859e-08,1.72564117e-10,4.40011389e-08,6.78067661e-14,4.95735931e-17,2.95826824e-11,7.15120546e-10,2.48573966e-08,2.11422231e-09,0.732353898,3.93725412e-22,2.21459866e-31,3.88925691e-32,4.04466867e-17,1.7491702e-18
0.018375,-0.113996615,3.22436662,-6.63787941,2143.87301,0.153416364,0.000499397863,5.64619317e-05,0.000521592282,0.0131506628,0.00342824062,0.125035849,2.07331643e-06,1.35722722e-07,3.15305367e-15,5.02678104e-15,4.0918817e-14,2.85061149e-15,2.12885373e-13,1.85819197e-13,0.0130755358,0.110968059,4.79557478e-09,3.5424052e-11,4.73465457e-15,2.39183204e-16,4.3201923e-15,4.16706086e-15,6.77568646e-13,2.76824778e-17,2.77238872e-17,1.209295e-21,4.61433455e-23,2.02349522e-13,2.72350003e-13,4.40120368e-14,5.11535468e-09,1.18920906e-09,5.79235501e-10,9.73224017e-10,2.99331374e-09,0.000316757242,8.68326974e-08,2.07229778e-07,1.29107847e-08,7.86353466e-11,2.00077754e-08,2.89228848e-14,7.5767465e-18,1.0660776e-11,3.60773325e-10,1.29471353e-08,1.10180065e-09,0.732944877,3.8532143e-22,1.76172091e-32,1.20699745e-33,6.13802737e-18,2.60120192e-19
0.01846875,-0.114251414,3.20377589,-6.63787941,2139.89616,0.153884676,0.000445889621,5.20094928e-05,0.000548660926,0.0153399655,0.00349270001,0.124247588,2.24508228e-06,1.41633962e-07,8.75478655e-16,8.13389885e-16,6.84192042e-15,4.50176668e-16,3.19089901e-14,2.82688429e-14,0.0116748602,0.110358099,3.96100606e-09,2.79541963e-11,1.01942333e-15,4.24132449e-17,6.90659555e-16,5.5519035e-16,8.89520193e-14,3.40571508e-18,3.48537019e-18,1.4465111e-22,5.62975473e-24,2.96089663e-14,4.25702855e-14,6.63301765e-15,4.74186378e-09,1.01209185e-09,3.39976718e-10,5.4340432e-10,2.75639279e-09,0.000313288348,9.59627153e-08,2.30665912e-07,1.21233957e-08,3.49801206e-11,8.9596165e-09,1.20896116e-14,1.23907868e-18,3.97834198e-12,1.78955573e-10,6.64592156e-09,5.62130315e-10,0.733524184,3.7706968e-22,2.02105223e-33,6.63380817e-35,8.97447543e-19,3.74555065e-20
0.0185625,-0.114435148,3.18301282,-6.63787941,2134.62183,0.154444238,0.00039719794,4.75206792e-05,0.000569195439,0.0176969094,0.00352820831,0.123382332,2.40514246e-06,1.46801368e-07,3.04528777e-16,1.58564429e-16,1.33945201e-15,7.98647992e-17,5.07238723e-15,4.32907618e-15,0.0103853678,0.109588724,3.24157122e-09,2.20265722e-11,3.7673134e-16,1.0331393e-17,1.2415265e-16,7.12631507e-17,1.13639999e-14,4.06227349e-19,4.27308552e-19,1.68589783e-23,6.91257262e-25,4.18910784e-15,6.49698541e-15,9.75806465e-16,4.36903442e-09,8.85627873e-10,2.1690177e-10,3.30687229e-10,2.51576723e-09,0.000309540578,1.05477719e-07,2.55107208e-07,1.13901619e-08,1.52687245e-11,3.96972147e-09,4.97891869e-15,2.44740595e-19,1.54162685e-12,8.76898843e-11,3.37949685e-09,2.82632342e-10,0.734092061,3.68964949e-22,2.51077047e-34,6.37946287e-36,1.2776407e-19,5.26585218e-21
0.01865625,-0.114545922,3.16207317,-6.63787941,2128.02587,0.155098624,0.000352963185,4.30893011e-05,0.000583065644,0.0202138476,0.00353587702,0.122443898,2.55215931e-06,1.51253223e-07,1.14836279e-16,4.06805723e-17,3.3287752e-16,1.7695788e-17,9.42337172e-16,6.97367238e-16,0.00920293217,0.10866685,2.62942273e-09,1.72612735e-11,2.15529258e-16,4.20572722e-18,2.98203568e-17,8.90391889e-18,1.42680879e-15,4.74676039e-20,5.15692011e-20,1.93537807e-24,8.75979772e-26,5.81953832e-16,9.78443451e-16,1.41596214e-16,3.98555443e-09,7.8556982e-10,1.50957893e-10,2.20961951e-10,2.27689375e-09,0.000305521365,1.15372309e-07,2.80461113e-07,1.06952319e-08,6.57025805e-12,1.74766611e-09,2.03014671e-15,6.39433586e-20,6.2127685e-13,4.26315388e-11,1.71193478e-09,1.41010003e-10,0.734648832,3.610022e-22,3.23781278e-35,7.65180248e-37,1.79112541e-20,7.28863382e-22
0.01875,-0.114582483,3.14095253,-6.63787941,2120.0963,0.155850923,0.00031285391,3.87898273e-05,0.000590345073,0.0228822871,0.00351721056,0.121435959,2.6851457e-06,1.55023584e-07,4.41692744e-17,1.33350278e-17,1.03570822e-16,5.0670425e-18,2.26820592e-16,1.27803665e-16,0.00812317651,0.107599948,2.11470687e-09,1.34399524e-11,1.44122615e-16,2.43720389e-18,1.07898126e-17,1.09346318e-18,1.7771034e-16,5.48684781e-21,6.17964918e-21,2.21691479e-25,1.22206519e-26,8.13065138e-17,1.47293467e-16,2.04695033e-17,3.59177232e-09,7.00040837e-10,1.13036533e-10,1.60397102e-10,2.04419853e-09,0.000301242704,1.25648997e-07,3.06661477e-07,1.00314684e-08,2.79548286e-12,7.66533221e-10,8.22165447e-16,2.15191691e-20,2.60210937e-13,2.06197907e-11,8.68319796e-10,7.02642826e-11,0.735194895,3.53176589e-22,4.60318157e-36,1.04643857e-37,2.50596535e-21,1.00190707e-22
0.01884375,-0.114544207,3.11964642,-6.63787941,2110.83296,0.156703771,0.000276561588,3.46795772e-05,0.000591286956,0.0256929093,0.00347405668,0.120362116,2.80343406e-06,1.58151858e-07,1.70009373e-17,5.10797014e-18,3.71253256e-17,1.7487834e-18,7.16550645e-17,2.93602476e-17,0.00714148513,0.106396021,1.68665619e-09,1.03932461e-11,9.96971864e-17,1.6027948e-18,5.35070138e-18,1.3270591e-19,2.20694831e-17,6.30855633e-22,7.3863412e-22,2.57976475e-26,2.11809975e-27,1.19065824e-17,2.24878355e-17,2.96354338e-18,3.1937982e-09,6.2349792e-10,8.90612794e-11,1.23772638e-10,1.8211633e-09,0.00029672155,1.36320304e-07,3.33664966e-07,9.39625028e-09,1.17056677e-12,3.33249343e-10,3.29162898e-16,8.539821e-21,1.12242285e-13,9.87427675e-12,4.41343234e-10,3.50374922e-11,0.735730714,3.45483478e-22,8.17089309e-37,1.78207498e-38,3.55095625e-22,1.37596642e-23
0.0189375,-0.114431065,3.09815037,-6.63787941,2100.24669,0.157659395,0.000243792922,3.0801352e-05,0.000586307991,0.0286355063,0.0034085922,0.119225995,2.90667081e-06,1.6068387e-07,6.32594935e-18,2.10445562e-18,1.3764329e-17,6.43722912e-19,2.6353091e-17,8.18183285e-18,0.00625300709,0.105063599,1.33437043e-09,7.97931501e-12,6.90640909e-17,1.08756896e-18,3.07252339e-18,1.21722543e-20,2.08951465e-18,5.51226941e-23,6.69560826e-23,2.49519691e-27,4.64319944e-28,1.63729319e-18,2.86248432e-18,3.32284981e-19,2.80021816e-09,5.53495054e-10,7.22741187e-11,9.92145312e-11,1.61044312e-09,0.000291979343,1.47410711e-07,3.61447257e-07,8.78913765e-09,4.61056123e-13,1.3714883e-10,1.24459421e-16,3.68038449e-21,4.74819018e-14,4.49564021e-12,2.2078506e-10,1.7133001e-11,0.736256828,3.37918456e-22,1.82899749e-37,3.89699915e-39,4.18230375e-23,1.48419136e-24
0.019125,-0.113981581,3.05456771,-6.63787941,2075.17347,0.159888031,0.000187912877,2.38382086e-05,0.000560315617,0.0348794911,0.00321851232,0.116779339,3.06798944e-06,1.64137555e-07,1.20603429e-18,5.24994957e-19,2.86897601e-18,1.35897907e-19,6.31070375e-18,1.69971817e-18,0.0047385139,0.10204461,8.15978563e-10,4.60712173e-12,3.25634118e-17,5.09148761e-19,1.27544454e-18,4.45959266e-22,8.36240166e-20,1.88419294e-24,2.54054001e-24,1.54054049e-28,9.2067966e-29,1.53147868e-19,2.01679644e-19,1.74044643e-20,2.05859868e-09,4.30005011e-10,5.00934642e-11,6.86910958e-11,1.23228604e-09,0.000281911979,1.70951322e-07,4.19274396e-07,7.66119224e-09,9.48650089e-14,3.14250684e-11,2.39386904e-17,1.02098854e-21,1.24627126e-14,1.23920989e-12,7.35833709e-11,5.59129684e-12,0.737281721,3.23158379e-22,3.3179913e-38,5.03406404e-39,2.53326566e-24,7.21364725e-26
0.0193125,-0.113246622,3.01018343,-6.63787941,2045.20395,0.162544408,0.000143136113,1.80089861e-05,0.000517502616,0.0415202809,0.0029676342,0.114126144,3.17100054e-06,1.65816463e-07,2.61157005e-19,1.4888256e-19,6.77070278e-19,3.26254879e-20,1.78225569e-18,4.5790697e-19,0.00353314753,0.0986248093,4.83732382e-10,2.58076236e-12,1.47715089e-17,2.32085425e-19,5.50893089e-19,1.72629866e-23,3.65415756e-21,6.95423012e-26,1.03690464e-25,2.48710717e-29,2.78491745e-29,2.36483845e-20,2.32967322e-20,1.04250363e-21,1.42521162e-09,3.2657414e-10,3.49398612e-11,4.87447195e-11,9.17182235e-10,0.00027128741,1.96764056e-07,4.80302346e-07,6.64930118e-09,2.05055618e-14,7.7133674e-12,4.90034573e-18,3.28280873e-22,3.76941365e-15,3.69166506e-13,2.96546232e-11,2.22104511e-12,0.738274025,3.08857778e-22,8.52790278e-39,2.83466851e-40,2.51589778e-25,4.57955103e-27
0.0195,-0.112242737,2.96496709,-6.63787941,2010.72987,0.16563592,0.000107727867,1.32944365e-05,0.000463268302,0.0484678408,0.00267583381,0.11129375,3.22155414e-06,1.66196874e-07,6.2099534e-20,4.3481775e-20,1.74353184e-19,8.45709917e-21,5.45871408e-19,1.39540125e-19,0.00259367458,0.0948827345,2.7827445e-10,1.40222978e-12,6.43297819e-18,1.02408502e-19,2.37366769e-19,7.427851e-25,1.83181328e-22,2.93328262e-27,4.76503348e-27,7.09946878e-30,1.039145e-29,4.77488694e-21,4.25033089e-21,7.3626665e-23,9.28595353e-10,2.42303255e-10,2.41213174e-11,3.47410036e-11,6.6466538e-10,0.000260325434,2.25560615e-07,5.44663487e-07,5.75257396e-09,4.82213594e-15,2.08082184e-12,1.09680746e-18,1.10490936e-22,1.31118994e-15,1.21976005e-13,1.45349467e-11,1.06995946e-12,0.739237385,2.94989345e-22,2.60477585e-39,5.34089014e-41,3.97921875e-26,4.62772243e-28
0.0196875,-0.110991164,2.9188925,-6.63787941,1972.22266,0.169167477,8.01145861e-05,9.59995729e-06,0.000402988062,0.0556326017,0.00236240233,0.108309186,3.22829424e-06,1.65786546e-07,1.50518777e-20,1.22964624e-20,4.74743542e-20,2.27265772e-21,1.72282451e-19,4.48739113e-20,0.00187655117,0.0908980832,1.55531394e-10,7.39132067e-13,2.68804659e-18,4.37133136e-20,1.00530357e-19,3.80517058e-26,1.12698764e-23,1.53445194e-28,2.7620833e-28,2.37248689e-30,4.2967715e-30,1.09104098e-21,9.92277541e-22,6.38598375e-24,5.69595198e-10,1.75590219e-10,1.63821439e-11,2.46672271e-11,4.69446571e-10,0.000249217649,2.58355942e-07,6.12085823e-07,4.96556064e-09,1.27085259e-15,6.30324975e-13,2.74542464e-19,3.66157176e-23,5.22180397e-16,4.56173735e-14,8.24882202e-12,5.87223645e-13,0.740174985,2.81529123e-22,8.65942335e-40,1.72719674e-41,8.11070947e-27,7.34383602e-29
0.019875,-0.109516133,2.87193866,-6.63787941,1930.19974,0.173142657,5.88903504e-05,6.78841269e-06,0.000341408254,0.0629304294,0.00204454201,0.105198684,3.20141426e-06,1.65088913e-07,3.50611141e-21,3.2723321e-21,1.34660299e-20,6.20268891e-22,5.47488219e-20,1.47797073e-20,0.00134020168,0.0867471386,8.45970099e-11,3.7828846e-13,1.07808109e-18,1.80734372e-20,4.16664813e-20,2.52611433e-27,9.25256112e-25,1.12197297e-29,2.78077567e-29,8.26635536e-31,1.86475039e-30,2.68910061e-22,2.61004802e-22,7.07951352e-25,3.29286508e-10,1.24155245e-10,1.09094531e-11,1.73708594e-11,3.23494872e-10,0.000238113543,2.96530232e-07,6.81326195e-07,4.27932477e-09,3.79337687e-16,2.16941125e-13,7.78501148e-20,1.16229399e-23,2.36495417e-16,1.93747917e-14,5.09897941e-12,3.43817976e-13,0.741089455,2.68456425e-22,2.99987089e-40,6.09957854e-42,1.87159947e-27,1.52994427e-29
0.0200625,-0.107843285,2.82409046,-6.63787941,1885.19382,0.177564813,4.28164491e-05,4.70653978e-06,0.000282289352,0.0702860787,0.00173642128,0.101987252,3.15133845e-06,1.64576524e-07,7.67488155e-22,8.1078447e-22,3.98768602e-21,1.71639686e-22,1.74358668e-20,4.94587389e-21,0.00094678975,0.082499239,4.48778318e-11,1.88278468e-13,4.15505391e-19,7.25574477e-21,1.69036241e-20,2.26856392e-28,1.05685107e-25,1.24549849e-30,6.15546415e-30,2.91803106e-31,8.27330424e-31,7.04815861e-23,7.41496376e-23,9.87976224e-26,1.79720221e-10,8.54665513e-11,7.10210139e-12,1.20867975e-11,2.17752123e-10,0.000227118899,3.41939122e-07,7.4971405e-07,3.68304571e-09,1.26218391e-16,8.4701447e-14,2.49997552e-20,3.49863796e-24,1.20781481e-16,9.21616237e-15,3.29035031e-12,2.06081518e-13,0.741982877,2.55753702e-22,1.06667917e-40,2.23560806e-42,4.68763573e-28,3.71915437e-30
0.02025,-0.105998295,2.7753391,-6.63787941,1837.72699,0.182438145,3.08209697e-05,3.2038184e-06,0.000228261394,0.077635328,0.00144869527,0.09869826,3.0875611e-06,1.64679347e-07,1.55384168e-22,1.86679933e-22,1.24892533e-21,4.87386873e-23,5.60718236e-21,1.6901864e-21,0.000663387734,0.0782144569,2.3283909e-11,9.13397203e-14,1.54211128e-19,2.83809729e-21,6.73231331e-21,2.01620152e-29,1.10162228e-26,1.730109e-31,2.10551453e-30,1.0374636e-31,3.70966523e-31,1.95514852e-23,2.25423589e-23,-9.0936522e-27,9.28171375e-11,5.7098826e-11,4.50558569e-12,8.27997608e-12,1.4336571e-10,0.000216301981,3.97104204e-07,8.13178825e-07,3.16544995e-09,4.5347588e-17,3.70714452e-14,8.99639374e-21,9.96771915e-25,6.8878733e-17,4.80878726e-15,2.1681259e-12,1.23931694e-13,0.742856818,2.43406351e-22,3.9040565e-41,8.50554889e-43,1.26433063e-28,1.00707598e-30
0.0204375,-0.104005774,2.72568217,-6.63787941,1788.29084,0.187768712,2.19959871e-05,2.14445393e-06,0.000180857642,0.0849258065,0.00118845571,0.0953530756,3.01780983e-06,1.65790301e-07,3.34651482e-23,4.00577609e-23,4.19367182e-22,1.44704248e-23,1.85100684e-21,5.97837948e-22,0.000462510602,0.0739425445,1.18547936e-11,4.33251175e-14,5.52792993e-20,1.08635843e-21,2.64612544e-21,-1.27742966e-29,-1.75180523e-26,-4.2617618e-32,7.85004588e-31,3.72305567e-32,1.6742827e-31,5.71997553e-24,7.32449005e-24,-1.34519303e-25,4.54878381e-11,3.6898384e-11,2.77786281e-12,5.56817571e-12,9.24557303e-11,0.000205702771,4.65532164e-07,8.66944552e-07,2.71579093e-09,1.70689332e-17,1.79254846e-14,3.58110199e-21,2.69378801e-25,4.33797287e-17,2.70708934e-15,1.44636413e-12,7.42216541e-14,0.743712387,2.31402464e-22,1.49252664e-41,3.40656227e-43,3.67422262e-29,2.97342277e-31
0.020625,-0.101888496,2.67512367,-6.63787941,1737.33309,0.193565336,1.55903661e-05,1.41357074e-06,0.000140674683,0.0921166725,0.00095953234,0.0919708123,2.94757044e-06,1.68285783e-07,4.9598401e-24,8.06194719e-24,1.51667134e-22,4.56468009e-24,6.40814179e-22,2.22785971e-22,0.000322083861,0.0697229945,5.94616822e-12,2.01703933e-14,1.92124857e-20,4.09074721e-22,1.03416669e-21,-2.37672652e-29,-5.4492487e-26,-1.45230857e-31,2.34140811e-31,1.35473853e-32,7.59766355e-32,1.75508761e-24,2.52533833e-24,-4.99474187e-25,2.12257309e-11,2.30021371e-11,1.66207465e-12,3.67087451e-12,5.8486202e-11,0.000195341795,5.52243824e-07,9.06669775e-07,2.32435194e-09,6.60543552e-18,9.47036343e-15,1.56207119e-21,6.93717555e-26,2.98059773e-17,1.63111591e-15,9.76288412e-13,4.4279436e-14,0.744550307,2.19732545e-22,6.09618115e-42,1.52035053e-43,1.14372484e-29,9.41751362e-32
0.0208125,-0.0996669465,2.62367374,-6.63787941,1685.25053,0.199840365,1.09976363e-05,9.18970432e-07,0.0001075992,0.0991774411,0.000763031622,0.0885682175,2.87989504e-06,1.7255631e-07,1.00507276e-24,1.53734484e-24,5.86149439e-23,1.53686234e-24,2.37275401e-22,8.89139285e-23,0.000224990524,0.0655859248,2.95061368e-12,9.25921174e-15,6.50363871e-21,1.52451127e-22,4.05966189e-22,-1.50498326e-29,-1.07469603e-25,-1.62805702e-31,-4.55491e-33,5.02494381e-33,3.46749101e-32,5.60676679e-25,8.94387329e-25,-1.36084519e-24,9.46739609e-12,1.38120998e-11,9.65726021e-13,2.37451243e-12,3.63393082e-11,0.000185226828,6.64659106e-07,9.2951855e-07,1.98261816e-09,2.60978491e-18,5.43171023e-15,7.43175019e-22,1.71298573e-26,2.20486453e-17,1.05043796e-15,6.69477577e-13,2.6453544e-14,0.745371003,2.08389219e-22,2.7270809e-42,5.85378017e-44,3.68922507e-30,3.14562726e-32
0.021,-0.0973591582,2.57134833,-6.63787941,1632.38751,0.206610247,7.73965363e-06,5.89889361e-07,8.10474074e-05,0.106086312,0.000597989421,0.085159705,2.81533997e-06,1.79041746e-07,3.4313761e-25,2.8198213e-25,2.38101476e-23,5.47031432e-25,9.48331685e-23,3.83270487e-23,0.000158368661,0.0615534422,1.45448812e-12,4.21283624e-15,2.15494705e-21,5.65949236e-23,1.62123909e-22,2.09698728e-29,-1.50766331e-25,-1.50789727e-32,-2.14125249e-32,1.93193849e-33,1.6120705e-32,1.86349898e-25,2.95934746e-25,-2.85308763e-24,4.05418381e-12,7.9869632e-12,5.46573031e-13,1.51195502e-12,2.21988164e-11,0.000175357005,8.14079949e-07,9.34710466e-07,1.6832798e-09,1.05364757e-18,3.36811175e-15,3.84676159e-22,4.08552328e-27,1.73198692e-17,7.23297322e-16,4.691755e-13,1.59542739e-14,0.746174704,1.97366942e-22,1.18645619e-42,-6.79724935e-42,1.11544089e-30,1.10071816e-32
0.0211875,-0.0949807876,2.51816882,-6.63787941,1579.03851,0.213895926,5.44755215e-06,3.7406165e-07,6.01782712e-05,0.112828322,0.000462032078,0.0817575088,2.75180015e-06,1.88266651e-07,5.53989887e-26,5.08416829e-26,9.97296793e-24,2.01994201e-25,4.0646249e-23,1.7748721e-23,0.000112815917,0.0576411792,7.14614843e-13,1.9100129e-15,7.0211948e-22,2.10581091e-23,6.67925262e-23,7.34722489e-29,-1.33145108e-25,3.04452686e-31,1.81502006e-31,8.38839489e-34,8.34357214e-33,6.65431158e-26,7.40897175e-26,-4.69444133e-24,1.67446797e-12,4.45043518e-12,3.02769367e-13,9.52018137e-13,1.33363521e-11,0.00016572454,1.01803994e-06,9.23422064e-07,1.42009538e-09,4.36201632e-19,2.24626128e-15,2.15750795e-22,9.4846951e-28,1.42549484e-17,5.31231705e-16,3.37854596e-13,9.79468793e-15,0.746961535,1.86661723e-22,-4.42108683e-42,-2.91943476e-40,2.34046881e-31,4.37300938e-33
0.021375,-0.0925453408,2.46416156,-6.63787941,1525.45345,0.221723075,3.84190496e-06,2.33974173e-07,4.40615231e-05,0.119393549,0.000351987638,0.0783719162,2.6843626e-06,2.00921004e-07,1.56208536e-26,9.25046797e-27,4.22424753e-24,7.55568328e-26,1.8165024e-23,8.51974761e-24,8.16181555e-05,0.0538597737,3.50153845e-13,8.61147881e-16,2.2391471e-22,7.82775511e-24,2.82680594e-23,1.18885321e-28,7.94348965e-27,6.71321928e-31,5.67546844e-31,5.16825512e-34,6.21709075e-33,2.81434385e-26,2.58441123e-26,-6.11553118e-24,6.68772213e-13,2.38726671e-12,1.6426782e-13,5.93981571e-13,7.86560911e-12,0.000156314663,1.30343737e-06,8.98224107e-07,1.18754994e-09,1.85301294e-19,1.59736565e-15,1.29899366e-22,2.15510403e-28,1.21438995e-17,4.13114145e-16,2.50703085e-13,6.15141094e-15,0.747731615,1.76270881e-22,-7.07418852e-41,-7.1819802e-39,-4.05195828e-32,2.74967245e-33
0.02175,-0.0875393525,2.35379653,-6.63787941,1418.23252,0.239154336,2.07272652e-06,9.40641986e-08,2.36086341e-05,0.131976439,0.000199529645,0.0716771388,2.62230265e-06,2.47199651e-07,1.26827005e-26,4.03284765e-28,8.1417626e-25,1.13569613e-26,4.37067016e-24,2.71877352e-24,4.77915001e-05,0.046705021,9.47015073e-14,2.09435424e-16,2.75004596e-23,1.41104021e-24,7.37622975e-24,1.4176916e-28,9.74396254e-25,9.53992436e-31,1.67908974e-30,7.09283694e-34,1.27585833e-32,1.21022204e-26,3.66201011e-25,-5.18353497e-24,1.043157e-13,6.77367968e-13,5.4803587e-14,2.64061799e-13,2.76739123e-12,0.000138094453,2.22666525e-06,8.16493166e-07,8.45774812e-10,4.00557301e-20,1.02964136e-15,6.59243367e-23,1.25632381e-29,9.58419765e-18,2.97891788e-16,1.58969285e-13,2.81369191e-15,0.749224297,1.56420762e-22,-1.73320684e-39,-3.27766668e-37,-5.40704658e-31,8.78970035e-33
0.0219375,-0.0849937691,2.29754165,-6.63787941,1365.03834,0.248820011,1.54927922e-06,5.77548119e-08,1.6848314e-05,0.137991003,0.000146692526,0.0683843133,2.54587983e-06,2.81053077e-07,-1.12198817e-26,8.94385724e-29,3.42968189e-25,4.17680871e-27,2.07080934e-24,1.52558594e-24,3.75607853e-05,0.0433393933,4.8493261e-14,1.03644664e-16,9.31114328e-24,6.00753008e-25,3.84067292e-24,3.03128384e-28,3.08709543e-24,7.90143564e-30,2.75409889e-30,1.11304499e-33,1.16654731e-32,3.33271815e-26,1.83551757e-24,-3.79961964e-24,3.93882129e-14,3.43844583e-13,3.1889788e-14,1.79164181e-13,1.57602998e-12,0.000129223517,2.95980161e-06,7.68468454e-07,6.9613807e-10,1.88275168e-20,8.67342969e-16,4.9441176e-23,2.94152541e-30,8.64301508e-18,2.61820793e-16,1.30657708e-13,1.94759584e-15,0.749946802,1.46954387e-22,-5.56530406e-39,-3.86289084e-36,3.05639614e-29,4.41328722e-32
0.022125,-0.0824286283,2.24060479,-6.63787941,1312.27081,0.259184529,1.19301789e-06,3.51763562e-08,1.19253343e-05,0.143815059,0.00010664173,0.065134159,2.45144599e-06,3.27651984e-07,4.5239162e-27,2.04373596e-29,1.4149492e-25,1.49526821e-27,9.84145819e-25,8.95584565e-25,3.03458608e-05,0.040118955,2.51030576e-14,5.45153175e-17,3.28822526e-24,2.74839962e-25,2.13413006e-24,1.18335214e-28,3.02492547e-24,2.67380907e-30,-6.52739285e-31,1.4299883e-33,3.67784521e-32,1.46712696e-26,1.73151236e-24,2.08389541e-23,1.4727503e-14,1.74460579e-13,1.95785475e-14,1.27053468e-13,8.84693729e-13,0.000120505778,3.89499272e-06,7.17995508e-07,5.68159214e-10,8.98067683e-21,7.53244874e-16,3.88944243e-23,6.97121633e-31,7.85111334e-18,2.34293003e-16,1.10005455e-13,1.37845319e-15,0.750653788,1.37806297e-22,-3.71365765e-38,-1.37589713e-35,1.35152319e-29,3.25263223e-32
0.0223125,-0.0798512038,2.18303205,-6.63787941,1260.04946,0.27029961,9.50523483e-07,2.12213031e-08,8.38059771e-06,0.149447582,7.67495021e-05,0.0619310821,2.33118941e-06,3.92637133e-07,-8.13652717e-27,5.19158138e-30,5.69346479e-26,5.18151439e-28,4.63383053e-25,5.51985698e-25,2.51483433e-05,0.0370438993,1.31073484e-14,3.04439701e-17,1.21086985e-24,1.35332567e-25,1.23815617e-24,6.61850637e-29,3.18350042e-24,1.75180975e-30,-6.69076092e-30,2.16180908e-33,7.66978071e-32,9.77884644e-27,1.9127657e-24,5.20843845e-23,5.44193706e-15,8.942128e-14,1.2738509e-14,9.44028944e-14,4.88517323e-13,0.000111951802,5.01470936e-06,6.66836417e-07,4.59131311e-10,4.30743992e-21,6.68056591e-16,3.18192711e-23,1.65270518e-31,7.16040023e-18,2.11915308e-16,9.43660966e-14,9.89744783e-16,0.751345829,1.28959775e-22,-1.43580737e-37,-6.36329863e-35,1.41033208e-29,3.12723363e-32
0.0225,-0.0772683254,2.12487315,-6.63787941,1208.48286,0.282222079,7.84829263e-07,1.26618143e-08,5.85438429e-06,0.154887792,5.47834012e-05,0.0587789651,2.17756644e-06,4.81478316e-07,3.85924089e-26,3.81140834e-31,2.22072e-26,1.72709671e-28,2.15395244e-25,3.59144891e-25,2.13052514e-05,0.034113782,6.87248317e-15,1.79507652e-17,4.60346043e-25,7.12192531e-26,7.39041828e-25,3.41015968e-29,3.24490686e-24,1.08570729e-30,-1.63224412e-29,3.37553748e-33,1.70234083e-31,6.3529171e-27,2.13122147e-24,8.81747091e-23,1.98956003e-15,4.68216941e-14,8.78118467e-15,7.32922151e-14,2.64794633e-13,0.000103597388,6.25850613e-06,6.16223117e-07,3.66392225e-10,2.06202576e-21,6.00579892e-16,2.68766145e-23,4.16528916e-32,6.54147376e-18,1.92761024e-16,8.2079452e-14,7.1611521e-16,0.752023589,1.20426377e-22,-4.64963025e-37,-2.39402869e-34,1.5169751e-29,3.33577141e-32
0.0226875,-0.0746865608,2.06618125,-6.63787941,1157.67195,0.29501369,6.70593934e-07,7.45943722e-09,4.07146564e-06,0.160134948,3.88869869e-05,0.0556813313,1.98589434e-06,5.91700698e-07,6.44796171e-26,3.28195781e-30,8.35355147e-27,5.51407766e-29,9.90727842e-26,2.4764284e-25,1.83778572e-05,0.0313277423,3.60248092e-15,1.10208103e-17,1.77595817e-25,3.94757473e-26,4.50453793e-25,1.58227978e-29,3.08452177e-24,6.15445612e-31,-2.9971152e-29,5.12375005e-33,3.86638803e-31,3.92452677e-27,2.28714869e-24,1.27358219e-22,7.21518867e-16,2.52011828e-14,6.38329801e-15,5.90857653e-14,1.40564442e-13,9.54995985e-05,7.53012965e-06,5.66969553e-07,2.87777221e-10,9.80238261e-22,5.44246786e-16,2.33198515e-23,-8.76792347e-33,5.9763158e-18,1.75738229e-16,7.20989372e-14,5.19113036e-16,0.752687789,1.12207275e-22,-1.28065299e-36,-7.32678597e-34,1.61423449e-29,3.60027826e-32
0.022875,-0.0721123537,2.00701289,-6.63787941,1107.71246,0.308740872,5.90613541e-07,4.33216226e-09,2.82439136e-06,0.165188273,2.75468661e-05,0.0526414615,1.75872289e-06,7.06094793e-07,-8.13776601e-27,2.07553591e-31,3.01563422e-27,1.68240733e-29,4.54898318e-26,1.80898053e-25,1.60763756e-05,0.028684611,1.88028843e-15,6.91513144e-18,6.80749938e-26,2.26031092e-26,2.80116202e-25,6.47168224e-30,2.6774626e-24,3.11537822e-31,-4.71805273e-29,6.96501672e-33,8.2730072e-31,2.27207518e-27,2.33217386e-24,1.6804745e-22,2.60739997e-16,1.39145626e-14,4.86172428e-15,4.90765404e-14,7.2906466e-14,8.77248275e-05,8.71810841e-06,5.19585007e-07,2.21788539e-10,4.61452617e-22,4.95197001e-16,2.07166713e-23,-1.48466446e-34,5.453872e-18,1.60230557e-16,6.37581102e-14,3.75132869e-16,0.753339185,1.04303817e-22,-3.13694007e-36,-1.85805595e-33,1.67789432e-29,3.67952298e-32
0.0230625,-0.0695521298,1.94742801,-6.63787941,1058.69669,0.323474311,5.33334189e-07,2.4773617e-09,1.95875412e-06,0.170046901,1.9556008e-05,0.0496624853,1.50748573e-06,8.00614238e-07,-6.99942382e-26,5.65665363e-32,1.03944484e-27,4.91006037e-30,2.11992496e-26,1.39269935e-25,1.4209628e-05,0.0261829841,9.74155887e-16,4.35964699e-18,2.54705148e-26,1.3131799e-26,1.78491028e-25,2.21681742e-30,2.04505941e-24,1.33665136e-31,-6.67144106e-29,8.2340584e-33,1.60388417e-30,1.19902181e-27,2.2307882e-24,2.08953505e-22,9.45272578e-17,7.8073365e-15,3.85649678e-15,4.16780874e-14,3.68754784e-14,8.03340057e-05,9.72118631e-06,4.74369899e-07,1.67452169e-10,2.14932171e-22,4.51171256e-16,1.88158882e-23,2.94068234e-32,4.9673611e-18,1.45892325e-16,5.66261219e-14,2.69013833e-16,0.753978531,9.67174383e-23,-7.2501875e-36,-3.99223056e-33,1.6520522e-29,3.33456483e-32
0.02325,-0.0670123775,1.88748995,-6.63787941,1010.71483,0.339288295,4.91078904e-07,1.39467773e-09,1.36107017e-06,0.17470987,1.39751252e-05,0.0467474533,1.24934983e-06,8.59797531e-07,-1.46776817e-26,6.5071665e-32,3.39644153e-28,1.37921186e-30,1.02645295e-26,1.12061479e-25,1.26514674e-05,0.0238212625,5.00061674e-16,2.73048029e-18,9.20955738e-27,7.64673502e-27,1.17373645e-25,5.24427825e-31,1.22754551e-24,4.04817637e-32,-8.69494415e-29,8.54893639e-33,2.80401495e-30,5.3199776e-28,1.94862554e-24,2.49111672e-22,3.4666023e-17,4.39715344e-15,3.17111575e-15,3.59540871e-14,1.81693677e-14,7.33709812e-05,1.04681467e-05,4.31488413e-07,1.23921642e-10,9.90811151e-23,4.10856711e-16,1.74805678e-23,-2.53099185e-34,4.5126138e-18,1.32530984e-16,5.04183436e-14,1.90600185e-16,0.754606554,8.94495792e-23,-1.67993216e-35,-7.44181009e-33,2.99689407e-30,2.39018089e-32
0.0234375,-0.0644997063,1.8272654,-6.63787941,963.855856,0.35625973,4.58791577e-07,7.73898456e-10,9.492058e-07,0.179176133,1.00936828e-05,0.0438994014,1.00214775e-06,8.82255594e-07,2.87954319e-25,6.91952534e-31,1.03458337e-28,3.78016524e-31,5.28614955e-27,9.33593964e-26,1.13184459e-05,0.021597672,2.54273027e-16,1.69066664e-18,3.21334181e-27,4.43739511e-27,8.02027292e-26,-3.20727189e-32,2.69436978e-25,-1.75613852e-33,-1.06312242e-28,7.98278685e-33,4.46562327e-30,1.34138582e-28,1.45129068e-24,2.76695132e-22,1.29766179e-17,2.46022961e-15,2.69273609e-15,3.1346666e-14,8.72396521e-15,6.685745e-05,1.09262599e-05,3.91019268e-07,9.0157612e-11,4.52343154e-23,3.73495667e-16,1.66547383e-23,1.19235854e-32,4.08703954e-18,1.20039412e-16,4.49414004e-14,1.32856083e-16,0.755223914,8.25016115e-23,-4.07236949e-35,-1.23167621e-32,8.27172755e-30,2.12310101e-32
0.023625,-0.0620207805,1.76682441,-6.63787941,918.20648,0.374467365,4.33159297e-07,4.24439484e-10,6.64863492e-07,0.183444603,7.39063698e-06,0.0411214068,7.80164262e-07,8.75551802e-07,3.95146398e-26,4.76097193e-31,3.06449213e-29,1.11561968e-31,2.9944367e-27,7.98392373e-26,1.01550237e-05,0.0195102652,1.28245054e-16,1.03534109e-18,1.08783647e-27,2.56385217e-27,5.70857699e-26,-1.43255618e-32,2.45191278e-25,-8.49137334e-34,-1.23432257e-28,6.86975409e-33,6.57524206e-30,6.87792774e-29,1.10030272e-24,2.46592904e-22,5.00397227e-18,1.35994005e-15,2.35232707e-15,2.75192577e-14,4.08920935e-15,6.07943267e-05,1.10985843e-05,3.52988931e-07,6.4834447e-11,2.13550025e-23,3.38652143e-16,1.634785e-23,2.51608591e-33,3.6889823e-18,1.08356914e-16,4.00597108e-14,9.07630284e-17,0.755831179,7.58747643e-23,-1.04720464e-34,-1.84829431e-32,4.94883314e-30,1.68232131e-32
0.0238125,-0.0595822876,1.70624024,-6.63787941,873.850684,0.393990496,4.12011607e-07,2.30971867e-10,4.67566587e-07,0.187514219,5.49534053e-06,0.0384166336,5.91838386e-07,8.494001e-07,4.69220425e-26,-1.75040575e-31,8.71058936e-30,3.77478636e-32,1.84560591e-27,6.9578209e-26,9.12384605e-06,0.0175569127,6.4319919e-17,6.29345402e-19,3.60720217e-28,1.47624437e-27,4.2320014e-26,-6.10960722e-33,2.20064118e-25,-3.84897465e-34,-1.37629259e-28,5.44040252e-33,9.04181992e-30,3.66769067e-29,8.42910173e-25,2.18750052e-22,2.00648723e-18,7.42638226e-16,2.10470453e-15,2.42652517e-14,1.8766503e-15,5.51672029e-05,1.10142242e-05,3.1739211e-07,4.64302282e-11,9.28998274e-24,3.06074027e-16,1.66318652e-23,-6.92382967e-33,3.31731987e-18,9.74469727e-17,3.56753749e-14,6.06044774e-17,0.756428796,6.95700402e-23,-2.84175298e-34,-2.56009555e-32,2.55362149e-30,1.20558566e-32
0.024,-0.057191029,1.64558914,-6.63787941,830.871021,0.414906275,3.93919078e-07,1.25235939e-10,3.29767243e-07,0.191384013,4.15087835e-06,0.035788368,4.39595787e-07,8.11907518e-07,8.07865045e-26,-4.50909252e-34,2.41067067e-30,1.54983483e-32,1.2149538e-27,6.14432079e-26,8.19940793e-06,0.0157352855,3.21723162e-17,3.81598035e-19,1.18376495e-28,8.46695015e-28,3.25269799e-26,-2.55600932e-33,1.96120616e-25,-1.76541973e-34,-1.48471905e-28,3.89825932e-33,1.17465245e-29,-8.27034441e-29,6.50539878e-25,1.93081133e-22,8.44685541e-19,4.02427092e-16,1.91853928e-15,2.14544824e-14,8.45947398e-16,4.99529655e-05,1.07166244e-05,2.84203777e-07,3.34042753e-11,4.0456476e-24,2.75612791e-16,1.76534192e-23,4.73237491e-35,2.97121787e-18,8.7284841e-17,3.17161229e-14,3.95092532e-17,0.757017054,6.35881228e-23,-8.45549558e-34,-3.32081526e-32,1.22904015e-30,7.62978e-33
0.0241875,-0.05485398,1.58495017,-6.63787941,789.349403,0.437286138,3.77931106e-07,6.79016819e-11,2.32938159e-07,0.195053183,3.18254153e-06,0.0332400432,3.21266657e-07,7.68642894e-07,-1.30392612e-25,8.56874214e-34,6.7085179e-31,7.5873957e-33,8.362605e-28,5.47462493e-26,7.36395842e-06,0.0140428351,1.6088283e-17,2.31916192e-19,3.8785268e-29,4.82002962e-28,2.57526128e-26,-1.05527772e-33,1.73973896e-25,-8.85775082e-35,-1.55831263e-28,2.34575428e-33,1.45565426e-29,1.17104536e-29,5.05008149e-25,1.69511329e-22,3.766777e-19,2.17983923e-16,1.77141966e-15,1.90016238e-14,3.75554806e-16,4.51254114e-05,1.02536506e-05,2.53385899e-07,2.43640032e-11,1.76005904e-24,2.47177066e-16,1.96770636e-23,2.27146927e-34,2.64998133e-18,7.78508431e-17,2.8127868e-14,2.51633679e-17,0.757596059,5.7929282e-23,-3.59138523e-33,-4.07994177e-32,5.8446346e-31,3.84923342e-33
0.024375,-0.0525783182,1.52440494,-6.63787941,749.36742,0.461191151,3.63407642e-07,3.69046702e-11,1.64616709e-07,0.198521159,2.47290265e-06,0.0307752525,2.32079235e-07,7.23019384e-07,-2.53878374e-28,-9.15222159e-35,2.00914056e-31,4.15531468e-33,5.9242797e-28,4.90585383e-26,6.60486245e-06,0.0124767697,8.05469332e-18,1.41845599e-19,1.27662581e-29,2.70733868e-28,2.08599277e-26,-4.2826205e-34,1.53711173e-25,-5.10129998e-35,-1.59790457e-28,7.52490267e-34,1.73326522e-29,7.00120678e-30,3.93789011e-25,1.47969472e-22,1.79057718e-19,1.18996748e-16,1.6474157e-15,1.68474456e-14,1.64464778e-16,4.0658947e-05,9.67101184e-06,2.24891011e-07,1.81619809e-11,7.51288044e-25,2.20705891e-16,2.32002026e-23,2.04163756e-35,2.35296676e-18,6.91268875e-17,2.48697773e-14,1.56915019e-17,0.758165703,5.25932741e-23,-2.01654454e-32,-4.7885448e-32,2.84644548e-31,8.19483827e-34
0.0245625,-0.0503714177,1.46403724,-6.63787941,711.006119,0.486666201,3.49912328e-07,2.01322526e-11,1.16324719e-07,0.201787681,1.94339841e-06,0.0283977486,1.66391871e-07,6.76969971e-07,-5.12635586e-26,-2.05775713e-31,7.25426922e-32,2.42268482e-33,4.28128605e-28,4.41065018e-26,5.91289862e-06,0.0110340285,4.03882544e-18,8.75729952e-20,4.23794345e-30,1.49266947e-28,1.7177074e-26,-1.69246801e-34,1.35268803e-25,-3.25830851e-35,-1.60575038e-28,-9.35198535e-34,1.99467351e-29,4.2513861e-30,3.08076558e-25,1.28384068e-22,9.08661461e-20,6.59218487e-17,1.53574995e-15,1.49478295e-14,7.10873636e-17,3.65304532e-05,9.00887378e-06,1.98663944e-07,1.39170386e-11,3.13305877e-25,1.96153268e-16,2.91967304e-23,-6.79242793e-33,2.07953054e-18,6.10946846e-17,2.19106949e-14,9.61071267e-18,0.758725638,4.7579234e-23,-7.02445139e-32,-5.40253986e-32,1.45795824e-31,-1.43886026e-33
0.02475,-0.0482408027,1.40393263,-6.63787941,674.345238,0.513732978,3.37144748e-07,1.10278099e-11,8.21965849e-08,0.204852875,1.54137775e-06,0.0261114274,1.18813273e-07,6.31515968e-07,-1.73247515e-25,-2.87685763e-32,3.4982649e-32,1.46234968e-33,3.13491695e-28,3.9712162e-26,5.28115299e-06,0.00971125439,2.02732923e-18,5.46866184e-20,1.42302251e-30,8.07241315e-29,1.42980586e-26,-6.43136048e-35,1.18564266e-25,-1.97597275e-35,-1.58532241e-28,-2.44759819e-33,2.22816834e-29,2.67522313e-30,2.41561703e-25,1.10681013e-22,4.90083998e-20,3.72020666e-17,1.42982531e-15,1.32675938e-14,3.0324231e-17,3.271984e-05,8.30073581e-06,1.74642535e-07,1.09852262e-11,1.27379313e-25,1.73479046e-16,3.91895053e-23,1.8628438e-33,1.82899824e-18,5.37348282e-17,1.92263943e-14,5.80152731e-18,0.759275255,4.28855585e-23,-1.16789846e-31,-5.88545901e-32,8.04092797e-32,-2.9494006e-33
0.0249375,-0.0461941888,1.34417875,-6.63787941,639.463383,0.542380609,3.24897764e-07,6.05998823e-12,5.8116191e-08,0.207717183,1.2313602e-06,0.023920386,8.47532509e-08,5.87156499e-07,6.67869345e-28,-2.21466525e-35,-5.05275071e-33,8.91526978e-34,2.29116035e-28,3.57545593e-26,4.70433098e-06,0.00850484902,1.0169792e-18,3.4592231e-20,4.83319543e-31,4.30253234e-29,1.19722741e-26,-9.03310558e-37,1.03288932e-25,-1.19122418e-34,-1.53683661e-28,-5.59156021e-33,2.42164814e-29,1.66085068e-32,1.89252344e-25,9.46684796e-23,2.78289926e-20,2.1377278e-17,1.32629008e-15,1.1777434e-14,1.2732131e-17,2.92100764e-05,7.57359407e-06,1.5275928e-07,8.91238181e-12,5.01227575e-26,1.5264481e-16,5.39867397e-23,6.43827982e-36,1.60066156e-18,4.70267585e-17,1.67976179e-14,3.4629168e-18,0.759813655,3.85266495e-23,-1.20237349e-31,-6.19665811e-32,-2.20302207e-31,-3.77735809e-33
0.025125,-0.044238782,1.28486178,-6.63787941,606.429853,0.572562175,3.1302755e-07,3.34784198e-12,4.11412291e-08,0.210382186,9.88899097e-07,0.0218284685,6.05309488e-08,5.44103746e-07,7.38766735e-26,1.87445379e-32,6.56553794e-33,5.4527064e-34,1.65600758e-28,3.21643401e-26,4.17807796e-06,0.0074105476,5.10452645e-19,2.21654143e-20,1.68572495e-31,2.28271449e-29,1.004056e-26,1.20934112e-34,8.91889578e-26,-1.80019335e-35,-1.47078714e-28,-5.67790147e-33,2.56014145e-29,6.58505575e-31,1.51018995e-25,8.03974844e-23,1.64271624e-20,1.24621177e-17,1.22408981e-15,1.04517856e-14,5.29612734e-18,2.59856169e-05,6.84867337e-06,1.32933928e-07,7.3859751e-12,1.91735834e-26,1.33603823e-16,7.13363767e-23,-2.90011758e-33,1.39368986e-18,4.0946224e-17,1.46075679e-14,2.05021756e-18,0.760339705,3.44788004e-23,-1.02558783e-31,-6.33483106e-32,-4.58638061e-34,-4.28532666e-33
0.0253125,-0.0423822356,1.22606896,-6.63787941,575.314495,0.604175225,3.0143861e-07,1.85354413e-12,2.92006817e-08,0.212849193,7.97315759e-07,0.0198399497,4.33888578e-08,5.02444743e-07,7.89777792e-26,-1.15101667e-34,-3.1808826e-33,3.25767171e-34,1.14447312e-28,2.88731546e-26,3.69903562e-06,0.00642424077,2.55370619e-19,1.43966461e-20,6.03486105e-32,1.21674347e-29,8.41004499e-27,5.54662391e-35,7.65720152e-26,-3.44721615e-35,-1.37970649e-28,-7.81650003e-33,2.62874323e-29,-9.28842794e-32,1.20777837e-25,6.78351455e-23,9.95762661e-21,7.32588695e-18,1.12356187e-15,9.26958759e-15,2.16414355e-18,2.30339405e-05,6.14233434e-06,1.15088736e-07,6.20165402e-12,7.08355109e-27,1.16312569e-16,8.65281853e-23,-8.05792424e-35,1.20728662e-18,3.54698698e-17,1.26425208e-14,1.20691426e-18,0.760851952,3.07312132e-23,-9.06100705e-32,-6.22671468e-32,-6.47918308e-32,-4.15628698e-33
0.0255,-0.040630792,1.16788217,-6.63787941,546.167442,0.637070472,2.90067419e-07,1.03229983e-12,2.07937337e-08,0.215121475,6.44534241e-07,0.0179583205,3.12566872e-08,4.62208268e-07,-2.3473801e-27,-1.10565825e-33,1.11551564e-33,1.85795159e-34,7.60162115e-29,2.58626334e-26,3.26407562e-06,0.00554078972,1.27773442e-19,9.4673712e-21,2.28661138e-32,6.5679521e-30,7.01855429e-27,-1.8543753e-35,6.52163587e-26,-7.66515741e-36,-1.27788291e-28,-7.51244505e-33,2.64160917e-29,1.927792e-31,9.71035676e-26,5.68643215e-23,6.13270769e-21,4.32231555e-18,1.02572897e-15,8.21224344e-15,8.79264491e-19,2.03419869e-05,5.46676422e-06,9.91269604e-08,5.23357296e-12,2.55461177e-27,1.00710007e-16,9.57495379e-23,-1.0621702e-33,1.04045615e-18,3.0568516e-17,1.08884618e-14,7.0825165e-19,0.761348794,2.72792037e-23,-7.98369969e-32,-5.97263271e-32,-3.49379009e-33,-3.97273693e-33
0.0256875,-0.0389907977,1.11038194,-6.63787941,519.034969,0.671027268,2.78876887e-07,5.77167324e-13,1.4870479e-08,0.217202147,5.22025681e-07,0.0161873131,2.26623186e-08,4.23434749e-07,-4.4485901e-26,-1.15388674e-34,7.9066326e-34,1.02876399e-34,4.78824291e-29,2.30938934e-26,2.87065619e-06,0.00475521959,6.37610316e-20,6.30055241e-21,9.29046053e-33,3.61042448e-30,5.83278167e-27,-4.25165886e-37,5.54706423e-26,-4.01942302e-36,-1.16418353e-28,-7.51714949e-33,2.58513586e-29,1.2855939e-29,7.82796969e-26,4.75105365e-23,3.81160676e-21,2.55332834e-18,9.31782244e-16,7.26501537e-15,3.53217638e-19,1.78986646e-05,4.8309443e-06,8.49547802e-08,4.4118188e-12,8.99335669e-28,8.6736319e-17,9.8007708e-23,-2.14288013e-35,8.92237735e-19,2.6213926e-17,9.33299605e-15,4.15147485e-19,0.761828373,2.40943265e-23,-7.27766408e-32,-5.53568604e-32,-1.20724901e-33,-3.51165177e-33
0.025875,-0.0374670981,1.05364214,-6.63787941,493.942308,0.705766554,2.67848425e-07,3.24383739e-13,1.06787386e-08,0.219095928,4.23389108e-07,0.0145298614,1.65424913e-08,3.86187884e-07,-2.28514174e-28,-8.42709321e-33,4.84480553e-34,5.52552064e-35,2.85166995e-29,2.05548758e-26,2.5163128e-06,0.00406183688,3.17689498e-20,4.23655674e-21,4.14802829e-33,2.02028122e-30,4.82598492e-27,-1.20947727e-37,4.69761659e-26,-1.77669074e-36,-1.0458673e-28,-7.33016818e-33,2.47614615e-29,9.26570976e-32,6.30923846e-26,3.9499571e-23,2.37880238e-21,1.51049734e-18,8.42769621e-16,6.41553386e-15,1.41098006e-19,1.5692208e-05,4.24097395e-06,7.2465296e-08,3.70213594e-12,3.12346497e-28,7.431757e-17,9.45603254e-23,-1.46555261e-33,7.61531209e-19,2.23738103e-17,7.96310961e-15,2.42870907e-19,0.762288747,2.11923406e-23,-6.70522194e-32,-4.9936472e-32,-4.3832537e-34,-2.94152202e-33
0.02625,-0.0347708576,0.94265024,-6.63787941,449.755111,0.776407118,2.46300419e-07,1.07172528e-13,5.80723157e-09,0.222358531,2.81988678e-07,0.0115575534,9.24047955e-09,3.16480409e-07,-8.42569128e-29,-5.34137734e-34,1.99039207e-34,1.58279521e-35,8.97009035e-30,1.61112509e-26,1.91394845e-06,0.00292075838,8.07813809e-21,2.09341575e-21,1.15285914e-33,6.95782332e-31,3.26170476e-27,-9.68063593e-39,3.32562528e-26,8.0462433e-38,-8.09543485e-29,-6.51704473e-33,2.14057614e-29,3.6436091e-32,4.09833434e-26,2.68851574e-23,9.6653106e-22,5.45719528e-19,6.81708968e-16,4.97323812e-15,2.30676744e-20,1.19301127e-05,3.20407697e-06,5.19592935e-08,2.56287537e-12,3.61793799e-29,5.36962599e-17,7.72281374e-23,-1.34135116e-34,5.46719722e-19,1.60626874e-17,5.71486334e-15,8.67053816e-20,0.763145198,1.61867504e-23,-5.44680469e-32,-3.75788e-32,-1.20671227e-35,-1.78461619e-33
0.026625,-0.0325280146,0.835061935,-6.63787941,413.098478,0.846528369,2.25439811e-07,3.67279647e-14,3.26935974e-09,0.224994703,1.88492294e-07,0.00902954459,5.33565383e-09,2.53672147e-07,6.77198469e-29,-2.59176176e-34,7.60322794e-35,4.47026579e-36,2.063135e-30,1.2421083e-26,1.43309975e-06,0.00205385285,2.06847191e-21,1.07890044e-21,4.15424229e-34,2.48007075e-31,2.14465693e-27,-7.52343218e-40,2.3091392e-26,3.65828496e-37,-5.98505974e-29,-5.25882303e-33,1.73109585e-29,1.60797873e-32,2.62204375e-26,1.78450053e-23,4.09762376e-22,2.10566336e-19,5.45327755e-16,3.80659372e-15,3.88849307e-21,8.92224279e-06,2.36036571e-06,3.64280155e-08,1.73115524e-12,4.15647412e-30,3.78732469e-17,5.76406653e-23,-1.15555119e-34,3.83810457e-19,1.12764221e-17,4.01124412e-15,3.16787433e-20,0.763908471,1.21377226e-23,-4.03087916e-32,-2.60734033e-32,4.44224905e-35,-9.38850064e-34
0.027,-0.0307259792,0.731078964,-6.63787941,383.510372,0.912949479,2.05415871e-07,1.32557883e-14,1.9198227e-09,0.227069741,1.26840442e-07,0.00693637592,3.19820979e-09,1.98806689e-07,-2.41091243e-27,1.39585389e-34,2.70213692e-35,1.23235738e-36,-5.1742423e-32,9.42587332e-27,1.05762971e-06,0.00141506968,5.4352644e-22,5.80341236e-22,1.66829809e-34,9.01823485e-32,1.36198626e-27,-6.0690958e-41,1.57722033e-26,2.40691761e-37,-4.26185642e-29,-3.86458571e-33,1.32024763e-29,7.02944821e-33,1.65217294e-26,1.15807579e-23,1.86324715e-22,9.02490542e-20,4.3298347e-16,2.87547653e-15,7.10160809e-22,6.57348644e-06,1.70034511e-06,2.50204595e-08,1.15349199e-12,1.2795327e-31,2.61238068e-17,4.08039237e-23,-5.71678343e-35,2.6399064e-19,7.75610995e-18,2.75873167e-15,1.21789842e-20,0.764568921,8.94860691e-24,-2.73820558e-32,-1.69592438e-32,-4.3379872e-34,-4.50707295e-34
0.027375,-0.0293287149,0.63070276,-6.63787941,360.264355,0.972822805,1.86403226e-07,5.10061599e-15,1.18163188e-09,0.228660265,8.62879687e-08,0.00525089018,1.99308388e-09,1.52618541e-07,-1.48850439e-28,4.14956373e-35,-1.56362037e-35,2.07711524e-37,-9.16860374e-31,7.05642906e-27,7.71145971e-07,0.000958615925,1.49317894e-22,3.28175488e-22,6.69952738e-35,3.27953479e-32,8.24198102e-28,-5.39844229e-42,1.06415012e-26,1.12721034e-37,-2.95172312e-29,-2.59051775e-33,9.58771208e-30,3.05985636e-33,1.02815143e-26,7.38097289e-24,9.10265296e-23,4.30127728e-20,3.42207598e-16,2.14615362e-15,1.46873587e-22,4.78321461e-06,1.2025069e-06,1.68960507e-08,7.65709289e-13,5.52168606e-32,1.76843785e-17,2.79408178e-23,-4.5807099e-35,1.78531661e-19,5.24531335e-18,1.86557846e-15,5.00857318e-21,0.765123027,6.50390638e-24,-1.73399477e-32,-1.05272639e-32,-9.12338841e-32,-2.2827166e-34
0.02775,-0.0282818804,0.533741,-6.63787941,342.456535,1.02421508,1.68560283e-07,2.10908213e-15,7.63733394e-10,0.229848562,5.95972294e-08,0.00393023053,1.29190275e-09,1.15186131e-07,1.95299542e-27,2.81029473e-36,-8.00685685e-32,-8.92863954e-40,-2.3183553e-30,5.22995063e-27,5.5746107e-07,0.000641882666,4.35691153e-23,1.98498276e-22,-1.06606318e-34,1.13174608e-32,4.63179685e-28,-5.48154684e-43,7.13054602e-27,4.49261481e-38,-2.00866256e-29,-1.58328694e-33,6.71291963e-30,1.33081971e-33,6.35336623e-27,4.65066235e-24,4.5900566e-23,2.2256412e-20,2.69880254e-16,1.58689177e-15,3.54768159e-23,3.4501547e-06,8.39241819e-07,1.12776488e-08,5.10117172e-13,1.00910397e-31,1.18130487e-17,1.8748614e-23,-1.31217143e-35,1.19343157e-19,3.50634244e-18,1.24704643e-15,2.22294448e-21,0.765574121,4.67822302e-24,-1.04218233e-32,-6.35063583e-33,-9.34275151e-30,-1.46746751e-34
0.028125,-0.0275209276,0.439848149,-6.63787941,329.116977,1.06637464,1.52002723e-07,9.40751034e-16,5.179506e-10,0.230715791,4.19528831e-08,0.00292119003,8.70699983e-10,8.59005992e-08,-1.09615545e-27,4.64303263e-37,4.72974702e-32,-7.30419532e-37,-5.52185041e-30,3.85518292e-27,4.01377273e-07,0.00042787838,1.36649493e-23,1.31849447e-22,9.56912088e-36,2.75418114e-33,2.29311851e-28,-6.28522951e-44,4.7769869e-27,1.68469154e-38,-1.35645887e-29,-8.81567846e-34,4.60514852e-30,5.81038297e-34,3.9460886e-27,2.92350634e-24,9.15766239e-24,1.21941437e-20,2.1286339e-16,1.1670163e-15,1.01504484e-23,2.47852669e-06,5.81790655e-07,7.49455716e-09,3.43077764e-13,-1.08185197e-31,7.84550193e-18,1.24658736e-23,-2.75528944e-37,7.94264631e-20,2.33357895e-18,8.29931295e-16,1.06900355e-21,0.765931391,3.34706091e-24,-6.08184974e-33,-3.79280891e-33,-1.83755649e-32,-2.55022597e-35
0.0285,-0.0269795038,0.348587129,-6.63787941,319.311988,1.09962191,1.36792042e-07,4.53123657e-16,3.6757585e-10,0.231335956,3.02062901e-08,0.00216702954,6.09429557e-10,6.36715278e-08,-5.4320321e-28,-2.54658729e-35,2.32148703e-27,1.04799102e-33,-1.31272253e-29,2.84123615e-27,2.89430825e-07,0.000286570805,4.64750326e-24,9.84957607e-23,2.81217646e-36,-1.17846563e-33,8.66903204e-29,-7.35391197e-45,3.22559359e-27,6.15166998e-39,-9.1821413e-30,-4.47120505e-34,3.15514374e-30,2.57844049e-34,2.48651485e-27,1.85589758e-24,4.73984201e-23,6.96761013e-21,1.68289459e-16,8.57812027e-16,3.43884761e-24,1.78334132e-06,4.03776803e-07,5.00521172e-09,2.34305559e-13,2.0808699e-32,5.23109215e-18,8.30839271e-24,-6.16746439e-36,5.31179575e-20,1.56062652e-18,5.55025482e-16,5.57214087e-22,0.766207731,2.39645431e-24,-3.55188284e-33,-2.28829118e-33,-9.40007432e-36,1.94204609e-35
0.02925,-0.0262927386,0.171929307,-6.63787941,306.868485,1.14489289,1.10336968e-07,1.34284058e-16,2.16138281e-10,0.232093578,1.72519381e-08,0.00119309387,3.32762731e-10,3.43574669e-08,3.84171969e-29,8.85560602e-37,-4.83323905e-28,-3.10385415e-34,-1.09322646e-29,1.55019717e-27,1.51865168e-07,0.000131225932,7.00334505e-25,1.31362867e-22,1.2764302e-37,-1.08154497e-33,2.51306022e-30,2.43211068e-46,1.50969612e-27,9.14924368e-40,-4.26893429e-30,-8.52143672e-35,1.40343027e-30,5.55614646e-35,1.0332137e-27,7.75470727e-25,3.38334404e-24,2.57257472e-21,1.06464002e-16,4.65425562e-16,6.29669135e-25,9.31946839e-07,1.95983079e-07,2.2806247e-09,1.1664583e-13,6.03561498e-34,2.3718307e-18,3.75287925e-24,-8.52958745e-36,2.42625843e-20,7.12844862e-19,2.53515796e-16,1.97783134e-22,0.766580657,1.23799097e-24,-1.29778273e-33,-8.70842003e-34,1.23819551e-37,2.38588595e-35
0.03,-0.0258216183,0,-6.63787941,300,1.171499,8.86203281e-08,1.16139446e-16,1.35915654e-10,0.232492266,1.0770338e-08,0.000647127104,1.72700348e-10,1.77715715e-08,-2.01601125e-26,9.08801981e-37,-6.65743895e-28,-7.26341105e-35,-4.26681816e-30,8.35755231e-28,7.87515147e-08,5.91345613e-05,1.7867225e-22,6.268852e-23,6.37138423e-38,-4.88889434e-34,1.11896365e-30,1.11413978e-46,7.00243359e-28,4.22817426e-40,-1.94550663e-30,-3.72612856e-35,6.10649206e-31,3.15433328e-35,4.25178427e-28,3.19088909e-25,2.04108106e-24,1.64897835e-21,6.77199288e-17,2.49221723e-16,3.2510852e-25,4.81333051e-07,9.30948334e-08,1.02262906e-09,6.03508794e-14,3.12754601e-34,1.0563574e-18,1.66277787e-24,-4.84194125e-36,1.09064272e-20,3.20435441e-19,1.13959514e-16,8.91409406e-23,0.766800701,6.30502594e-25,-4.84868649e-34,-3.24403348e-34,5.08518265e-38,9.77557538e-36
