x,x_norm,T,rho,Y.H2,Y.H,Y.O,Y.O2,Y.OH,Y.H2O,Y.HO2,Y.H2O2,Y.C,Y.CH,Y.CH2,Y.CH2(S),Y.CH3,Y.CH4,Y.CO,Y.CO2,Y.HCO,Y.CH2O,Y.CH2OH,Y.CH3O,Y.CH3OH,Y.C2H,Y.C2H2,Y.C2H3,Y.C2H4,Y.C2H5,Y.C2H6,Y.HCCO,Y.CH2CO,Y.HCCOH,Y.N,Y.NH,Y.NH2,Y.NH3,Y.NNH,Y.NO,Y.NO2,Y.N2O,Y.HNO,Y.CN,Y.HCN,Y.H2CN,Y.HCNN,Y.HCNO,Y.HOCN,Y.HNCO,Y.NCO,Y.N2,Y.AR,Y.C3H7,Y.C3H8,Y.CH2CHO,Y.CH3CHO
0.0,0.0,300.0,0.6516985521312795,1.6548616495058874e-15,0.0,2.7007429742578396e-20,0.0,2.3279160967818617e-15,8.250496097456314e-17,1.8146820479145448e-21,8.075448241251448e-16,1.6738301223770925e-15,0.0,3.019449885310728e-16,0.0,0.0,0.9999999999999961,1.1302110360357904e-19,0.0,0.0,1.9284042092114298e-15,0.0,8.49331635925629e-18,0.0,1.380355310714376e-14,0.0,0.0,0.0,0.0,0.0,0.0,0.0,0.0,0.0,0.0,6.369923902269397e-16,0.0,0.0,0.0,4.946820109067611e-16,6.491160269326376e-15,0.0,0.0,9.633104410539925e-16,1.0304857360955651e-17,5.425752657424785e-23,1.6893899365397682e-16,3.195768548046111e-19,1.5467101825156677e-14,0.0,0.0,1.5717022427281661e-18,5.574475975301207e-22,1.5019701103841307e-15,0.0,0.0
3.7546933667083855e-05,0.0012515644555694619,299.9999999999968,0.6516985521312864,1.654619654245373e-15,0.0,2.694535055443554e-20,0.0,2.1005052279920228e-15,3.2695452815253444e-16,1.8146829141304345e-21,8.075448354073526e-16,1.6738301158883122e-15,0.0,3.0189088635551803e-16,0.0,0.0,0.9999999999999972,1.1302320827466816e-19,0.0,0.0,1.9284042092069644e-15,0.0,8.493277751641665e-18,0.0,1.3803553027599005e-14,0.0,0.0,0.0,0.0,0.0,0.0,0.0,0.0,0.0,0.0,6.369923902264786e-16,0.0,0.0,0.0,4.946820156002102e-16,6.491160269328415e-15,0.0,0.0,9.633104411646884e-16,1.0304857264291452e-17,5.425752609098141e-23,1.6893899366790793e-16,3.1957685480146053e-19,1.5467101825365593e-14,0.0,0.0,1.5717022427313333e-18,5.574476082958045e-22,1.501970110383946e-15,0.0,0.0
7.509386733416771e-05,0.0025031289111389237,299.9999999999937,0.6516985521312932,1.6543776589848584e-15,0.0,2.6883271366292683e-20,0.0,1.8730943592021838e-15,5.714040953305057e-16,1.8146837803463246e-21,8.075448466895603e-16,1.673830109399532e-15,0.0,3.018367841799633e-16,0.0,0.0,0.9999999999999984,1.1302531294575724e-19,0.0,0.0,1.9284042092024995e-15,0.0,8.493239144027039e-18,0.0,1.380355294805425e-14,0.0,0.0,0.0,0.0,0.0,0.0,0.0,0.0,0.0,0.0,6.369923902260176e-16,0.0,0.0,0.0,4.946820202936592e-16,6.491160269330453e-15,0.0,0.0,9.633104412753845e-16,1.0304857167627253e-17,5.425752560771497e-23,1.6893899368183904e-16,3.1957685479830995e-19,1.546710182557451e-14,0.0,0.0,1.5717022427345007e-18,5.574476190614882e-22,1.5019701103837611e-15,0.0,0.0
0.00011264080100125157,0.003754693366708386,299.9999999999905,0.6516985521313,1.654135663724344e-15,0.0,2.682119217814983e-20,0.0,1.6456834904123452e-15,8.158536625084771e-16,1.8146846465622143e-21,8.075448579717681e-16,1.6738301029107516e-15,0.0,3.0178268200440854e-16,0.0,0.0,0.9999999999999996,1.1302741761684636e-19,0.0,0.0,1.928404209198034e-15,0.0,8.493200536412412e-18,0.0,1.3803552868509494e-14,0.0,0.0,0.0,0.0,0.0,0.0,0.0,0.0,0.0,0.0,6.369923902255565e-16,0.0,0.0,0.0,4.946820249871083e-16,6.491160269332492e-15,0.0,0.0,9.633104413860805e-16,1.0304857070963054e-17,5.425752512444853e-23,1.6893899369577013e-16,3.1957685479515937e-19,1.5467101825783427e-14,0.0,0.0,1.5717022427376679e-18,5.57447629827172e-22,1.5019701103835763e-15,0.0,0.0
0.00015018773466833542,0.0050062578222778474,299.9999999999873,0.6516985521313069,1.6538936684638295e-15,0.0,2.6759112990006973e-20,0.0,1.4182726216225062e-15,1.0603032296864482e-15,1.8146855127781044e-21,8.075448692539758e-16,1.673830096421971e-15,0.0,3.017285798288538e-16,0.0,0.0,1.0,1.1302952228793547e-19,0.0,0.0,1.928404209193569e-15,0.0,8.493161928797786e-18,0.0,1.380355278896474e-14,0.0,0.0,0.0,0.0,0.0,0.0,0.0,0.0,0.0,0.0,6.369923902250954e-16,0.0,0.0,0.0,4.946820296805573e-16,6.491160269334531e-15,0.0,0.0,9.633104414967766e-16,1.0304856974298855e-17,5.425752464118209e-23,1.6893899370970124e-16,3.195768547920088e-19,1.5467101825992343e-14,0.0,0.0,1.571702242740835e-18,5.574476405928557e-22,1.5019701103833915e-15,0.0,0.0
0.0001877346683354193,0.00625782227784731,299.9999999999842,0.6516985521313138,1.653651673203315e-15,0.0,2.6697033801864116e-20,0.0,1.1908617528326672e-15,1.3047527968644197e-15,1.814686378993994e-21,8.075448805361836e-16,1.6738300899331908e-15,0.0,3.0167447765329906e-16,0.0,0.0,1.0,1.1303162695902456e-19,0.0,0.0,1.928404209189104e-15,0.0,8.493123321183161e-18,0.0,1.3803552709419985e-14,0.0,0.0,0.0,0.0,0.0,0.0,0.0,0.0,0.0,0.0,6.369923902246343e-16,0.0,0.0,0.0,4.946820343740063e-16,6.491160269336569e-15,0.0,0.0,9.633104416074725e-16,1.0304856877634655e-17,5.425752415791565e-23,1.6893899372363235e-16,3.195768547888582e-19,1.546710182620126e-14,0.0,0.0,1.5717022427440024e-18,5.574476513585395e-22,1.5019701103832067e-15,0.0,0.0
0.00022528160200250313,0.007509386733416772,299.999999999981,0.6516985521313207,1.6534096779428005e-15,0.0,2.663495461372126e-20,0.0,9.634508840428285e-16,1.5492023640423909e-15,1.814687245209884e-21,8.075448918183914e-16,1.6738300834444105e-15,0.0,3.0162037547774436e-16,0.0,0.0,1.0,1.1303373163011367e-19,0.0,0.0,1.928404209184639e-15,0.0,8.493084713568535e-18,0.0,1.380355262987523e-14,0.0,0.0,0.0,0.0,0.0,0.0,0.0,0.0,0.0,0.0,6.369923902241734e-16,0.0,0.0,0.0,4.946820390674554e-16,6.4911602693386075e-15,0.0,0.0,9.633104417181686e-16,1.0304856780970456e-17,5.425752367464921e-23,1.6893899373756346e-16,3.1957685478570763e-19,1.5467101826410177e-14,0.0,0.0,1.5717022427471696e-18,5.574476621242233e-22,1.501970110383022e-15,0.0,0.0
0.000262828535669587,0.008760951188986232,299.99999999997783,0.6516985521313274,1.653167682682286e-15,0.0,2.6572875425578406e-20,0.0,7.360400152529897e-16,1.7936519312203622e-15,1.814688111425774e-21,8.075449031005992e-16,1.6738300769556302e-15,0.0,3.015662733021896e-16,0.0,0.0,1.0,1.1303583630120276e-19,0.0,0.0,1.9284042091801735e-15,0.0,8.493046105953908e-18,0.0,1.3803552550330474e-14,0.0,0.0,0.0,0.0,0.0,0.0,0.0,0.0,0.0,0.0,6.369923902237123e-16,0.0,0.0,0.0,4.946820437609044e-16,6.491160269340647e-15,0.0,0.0,9.633104418288645e-16,1.0304856684306257e-17,5.425752319138277e-23,1.6893899375149457e-16,3.1957685478255705e-19,1.5467101826619096e-14,0.0,0.0,1.5717022427503368e-18,5.57447672889907e-22,1.5019701103828372e-15,0.0,0.0
0.00030037546933667084,0.010012515644555695,299.9999999999747,0.6516985521313343,1.6529256874217714e-15,0.0,2.651079623743555e-20,0.0,5.086291464631507e-16,2.0381014983983334e-15,1.8146889776416636e-21,8.07544914382807e-16,1.6738300704668499e-15,0.0,3.0151217112663487e-16,0.0,0.0,1.0,1.1303794097229187e-19,0.0,0.0,1.9284042091757086e-15,0.0,8.493007498339283e-18,0.0,1.380355247078572e-14,0.0,0.0,0.0,0.0,0.0,0.0,0.0,0.0,0.0,0.0,6.369923902232512e-16,0.0,0.0,0.0,4.946820484543534e-16,6.491160269342685e-15,0.0,0.0,9.633104419395605e-16,1.0304856587642059e-17,5.425752270811633e-23,1.6893899376542566e-16,3.1957685477940646e-19,1.546710182682801e-14,0.0,0.0,1.5717022427535042e-18,5.574476836555908e-22,1.5019701103826524e-15,0.0,0.0
0.0003379224030037547,0.011264080100125157,299.9999999999715,0.6516985521313412,1.652683692161257e-15,0.0,2.6448717049292693e-20,0.0,2.8121827767331173e-16,2.282551065576305e-15,1.8146898438575537e-21,8.075449256650147e-16,1.6738300639780696e-15,0.0,3.0145806895108013e-16,0.0,0.0,1.0,1.1304004564338099e-19,0.0,0.0,1.9284042091712432e-15,0.0,8.492968890724657e-18,0.0,1.3803552391240965e-14,0.0,0.0,0.0,0.0,0.0,0.0,0.0,0.0,0.0,0.0,6.369923902227901e-16,0.0,0.0,0.0,4.946820531478024e-16,6.4911602693447235e-15,0.0,0.0,9.633104420502566e-16,1.030485649097786e-17,5.425752222484989e-23,1.6893899377935677e-16,3.195768547762559e-19,1.5467101827036927e-14,0.0,0.0,1.5717022427566714e-18,5.5744769442127455e-22,1.5019701103824676e-15,0.0,0.0
0.0003754693366708386,0.01251564455569462,299.9999999999684,0.651698552131348,1.6524416903770992e-15,0.0,2.6386627262233252e-20,0.0,5.658086463250291e-17,2.5240193803356363e-15,1.814690709958662e-21,8.075449368096194e-16,1.67383005752747e-15,0.0,3.0140396612169266e-16,0.0,0.0,1.0,1.1304215005933202e-19,0.0,0.0,1.9284042091668236e-15,0.0,8.49293028180321e-18,0.0,1.3803552311710144e-14,0.0,0.0,0.0,0.0,0.0,0.0,0.0,0.0,0.0,0.0,6.369923902223296e-16,0.0,0.0,0.0,4.946820578413697e-16,6.4911602693467635e-15,0.0,0.0,9.633104421609553e-16,1.0304856394311256e-17,5.42575217464242e-23,1.6893899379328803e-16,3.1957685477310545e-19,1.546710182724585e-14,0.0,0.0,1.5717022427598405e-18,5.574477050782474e-22,1.5019701103822828e-15,0.0,0.0
0.0004130162703379224,0.01376720901126408,299.9999999999683,0.6516985521313482,1.6521991732251107e-15,0.0,2.6323700160763576e-20,0.0,5.104645576505297e-17,2.529968754022418e-15,1.8146915669920462e-21,8.075449370835866e-16,1.6738300540931433e-15,0.0,3.013498116395209e-16,0.0,0.0,1.0,1.1304423431937608e-19,0.0,0.0,1.9284042091660127e-15,0.0,8.492891569642834e-18,0.0,1.3803552233280164e-14,0.0,0.0,0.0,0.0,0.0,0.0,0.0,0.0,0.0,0.0,6.369923902219093e-16,0.0,0.0,0.0,4.946820625442732e-16,6.4911602693489155e-15,0.0,0.0,9.633104422718734e-16,1.0304856297454647e-17,5.425752165041714e-23,1.6893899380723112e-16,3.195768547699678e-19,1.546710182745522e-14,0.0,0.0,1.5717022427631468e-18,5.574477071470577e-22,1.5019701103820937e-15,0.0,0.0
0.00045056320400500626,0.015018773466833543,299.9999999999682,0.6516985521313483,1.6519566560731223e-15,0.0,2.6260773059293903e-20,0.0,4.551204689760302e-17,2.5359181277092e-15,1.81469242402543e-21,8.075449373575536e-16,1.6738300506588168e-15,0.0,3.012956571573491e-16,0.0,0.0,1.0,1.1304631857942011e-19,0.0,0.0,1.9284042091652017e-15,0.0,8.492852857482459e-18,0.0,1.3803552154850183e-14,0.0,0.0,0.0,0.0,0.0,0.0,0.0,0.0,0.0,0.0,6.369923902214891e-16,0.0,0.0,0.0,4.946820672471768e-16,6.4911602693510675e-15,0.0,0.0,9.633104423827914e-16,1.0304856200598039e-17,5.425752155441009e-23,1.689389938211742e-16,3.195768547668302e-19,1.5467101827664586e-14,0.0,0.0,1.5717022427664532e-18,5.574477092158681e-22,1.5019701103819043e-15,0.0,0.0
0.00048811013767209013,0.016270337922403004,299.9999999999681,0.6516985521313485,1.651714138921134e-15,0.0,2.6197845957824226e-20,0.0,3.997763803015307e-17,2.5418675013959814e-15,1.814693281058814e-21,8.075449376315207e-16,1.6738300472244901e-15,0.0,3.012415026751774e-16,0.0,0.0,1.0,1.1304840283946417e-19,0.0,0.0,1.9284042091643908e-15,0.0,8.492814145322083e-18,0.0,1.3803552076420203e-14,0.0,0.0,0.0,0.0,0.0,0.0,0.0,0.0,0.0,0.0,6.369923902210689e-16,0.0,0.0,0.0,4.946820719500803e-16,6.4911602693532196e-15,0.0,0.0,9.633104424937096e-16,1.030485610374143e-17,5.425752145840304e-23,1.689389938351173e-16,3.1957685476369256e-19,1.5467101827873956e-14,0.0,0.0,1.5717022427697596e-18,5.574477112846784e-22,1.5019701103817152e-15,0.0,0.0
0.000525657071339174,0.017521902377972465,299.999999999968,0.6516985521313488,1.6514716217691457e-15,0.0,2.613491885635455e-20,0.0,3.444322916270313e-17,2.547816875082763e-15,1.814694138092198e-21,8.075449379054877e-16,1.6738300437901637e-15,0.0,3.011873481930056e-16,0.0,0.0,1.0,1.1305048709950823e-19,0.0,0.0,1.92840420916358e-15,0.0,8.492775433161708e-18,0.0,1.3803551997990222e-14,0.0,0.0,0.0,0.0,0.0,0.0,0.0,0.0,0.0,0.0,6.369923902206486e-16,0.0,0.0,0.0,4.946820766529839e-16,6.4911602693553716e-15,0.0,0.0,9.633104426046276e-16,1.0304856006884822e-17,5.425752136239599e-23,1.689389938490604e-16,3.195768547605549e-19,1.5467101828083322e-14,0.0,0.0,1.571702242773066e-18,5.574477133534887e-22,1.5019701103815259e-15,0.0,0.0
0.0005632040050062579,0.01877346683354193,299.9999999999679,0.651698552131349,1.6512291046171573e-15,0.0,2.6071991754884876e-20,0.0,2.890882029525317e-17,2.553766248769545e-15,1.814694995125582e-21,8.075449381794548e-16,1.6738300403558372e-15,0.0,3.0113319371083384e-16,0.0,0.0,1.0,1.1305257135955228e-19,0.0,0.0,1.9284042091627685e-15,0.0,8.492736721001333e-18,0.0,1.3803551919560241e-14,0.0,0.0,0.0,0.0,0.0,0.0,0.0,0.0,0.0,0.0,6.369923902202284e-16,0.0,0.0,0.0,4.946820813558874e-16,6.4911602693575236e-15,0.0,0.0,9.633104427155456e-16,1.0304855910028213e-17,5.425752126638893e-23,1.6893899386300349e-16,3.1957685475741726e-19,1.5467101828292692e-14,0.0,0.0,1.5717022427763725e-18,5.574477154222991e-22,1.5019701103813368e-15,0.0,0.0
0.0006007509386733417,0.02002503128911139,299.9999999999678,0.6516985521313491,1.6509865874651689e-15,0.0,2.60090646534152e-20,0.0,2.3374411427803232e-17,2.5597156224563268e-15,1.8146958521589657e-21,8.075449384534218e-16,1.6738300369215106e-15,0.0,3.010790392286621e-16,0.0,0.0,1.0,1.1305465561959634e-19,0.0,0.0,1.9284042091619575e-15,0.0,8.492698008840957e-18,0.0,1.3803551841130259e-14,0.0,0.0,0.0,0.0,0.0,0.0,0.0,0.0,0.0,0.0,6.369923902198081e-16,0.0,0.0,0.0,4.94682086058791e-16,6.4911602693596756e-15,0.0,0.0,9.633104428264638e-16,1.0304855813171605e-17,5.425752117038188e-23,1.6893899387694658e-16,3.1957685475427963e-19,1.546710182850206e-14,0.0,0.0,1.571702242779679e-18,5.574477174911094e-22,1.5019701103811474e-15,0.0,0.0
0.0006382978723404255,0.02127659574468085,299.9999999999677,0.6516985521313493,1.6507440703131805e-15,0.0,2.5946137551945527e-20,0.0,1.7840002560353292e-17,2.5656649961431086e-15,1.81469670919235e-21,8.075449387273889e-16,1.6738300334871841e-15,0.0,3.010248847464903e-16,0.0,0.0,1.0,1.1305673987964037e-19,0.0,0.0,1.9284042091611466e-15,0.0,8.492659296680582e-18,0.0,1.3803551762700278e-14,0.0,0.0,0.0,0.0,0.0,0.0,0.0,0.0,0.0,0.0,6.369923902193879e-16,0.0,0.0,0.0,4.946820907616945e-16,6.4911602693618276e-15,0.0,0.0,9.633104429373817e-16,1.0304855716314996e-17,5.425752107437483e-23,1.6893899389088967e-16,3.19576854751142e-19,1.5467101828711426e-14,0.0,0.0,1.5717022427829854e-18,5.574477195599198e-22,1.5019701103809583e-15,0.0,0.0
0.0006758448060075094,0.022528160200250315,299.9999999999676,0.6516985521313495,1.650501553161192e-15,0.0,2.588321045047585e-20,0.0,1.2305593692903334e-17,2.5716143698298904e-15,1.8146975662257336e-21,8.07544939001356e-16,1.6738300300528574e-15,0.0,3.0097073026431855e-16,0.0,0.0,1.0,1.1305882413968443e-19,0.0,0.0,1.9284042091603356e-15,0.0,8.492620584520207e-18,0.0,1.3803551684270298e-14,0.0,0.0,0.0,0.0,0.0,0.0,0.0,0.0,0.0,0.0,6.369923902189677e-16,0.0,0.0,0.0,4.946820954645981e-16,6.49116026936398e-15,0.0,0.0,9.633104430483e-16,1.0304855619458388e-17,5.425752097836778e-23,1.6893899390483276e-16,3.195768547480043e-19,1.5467101828920796e-14,0.0,0.0,1.5717022427862916e-18,5.574477216287301e-22,1.501970110380769e-15,0.0,0.0
0.0007133917396745932,0.023779724655819776,299.99999999996754,0.6516985521313496,1.6502590360092037e-15,0.0,2.5820283349006174e-20,0.0,6.771184825453394e-18,2.5775637435166722e-15,1.8146984232591177e-21,8.075449392753231e-16,1.673830026618531e-15,0.0,3.0091657578214675e-16,0.0,0.0,1.0,1.1306090839972849e-19,0.0,0.0,1.9284042091595247e-15,0.0,8.492581872359831e-18,0.0,1.3803551605840317e-14,0.0,0.0,0.0,0.0,0.0,0.0,0.0,0.0,0.0,0.0,6.369923902185474e-16,0.0,0.0,0.0,4.946821001675016e-16,6.491160269366132e-15,0.0,0.0,9.63310443159218e-16,1.030485552260178e-17,5.425752088236072e-23,1.6893899391877585e-16,3.195768547448667e-19,1.5467101829130163e-14,0.0,0.0,1.571702242789598e-18,5.574477236975405e-22,1.5019701103805798e-15,0.0,0.0
0.0007509386733416772,0.02503128911138924,299.99999999996743,0.6516985521313499,1.6500164946964526e-15,0.0,2.575738596132127e-20,0.0,1.371777277629252e-18,2.5833679955195584e-15,1.814699280396122e-21,8.075449395425917e-16,1.6738300232371162e-15,0.0,3.008624175290658e-16,0.0,0.0,1.0,1.130629928832922e-19,0.0,0.0,1.928404209158715e-15,0.0,8.492543155810027e-18,0.0,1.380355152740364e-14,0.0,0.0,0.0,0.0,0.0,0.0,0.0,0.0,0.0,0.0,6.36992390218127e-16,0.0,0.0,0.0,4.946821048708558e-16,6.491160269368284e-15,0.0,0.0,9.633104432701462e-16,1.0304855425735911e-17,5.425752078634443e-23,1.6893899393271956e-16,3.195768547417287e-19,1.5467101829339546e-14,0.0,0.0,1.5717022427929043e-18,5.57447725757146e-22,1.5019701103803905e-15,0.0,0.0
0.000788485607008761,0.0262828535669587,299.9999999999674,0.6516985521313501,1.6497730111139545e-15,0.0,2.569564741124246e-20,0.0,1.2374211952114566e-18,2.5835125018505206e-15,1.8147001415743264e-21,8.075449395486216e-16,1.6738300219192647e-15,0.0,3.008081122105262e-16,0.0,0.0,1.0,1.130650860841226e-19,0.0,0.0,1.928404209157956e-15,0.0,8.492504268072463e-18,0.0,1.3803551448705731e-14,0.0,0.0,0.0,0.0,0.0,0.0,0.0,0.0,0.0,0.0,6.369923902176999e-16,0.0,0.0,0.0,4.946821095917853e-16,6.4911602693704215e-15,0.0,0.0,9.633104433814728e-16,1.030485532850895e-17,5.42575206899675e-23,1.6893899394668689e-16,3.195768547385751e-19,1.546710182954946e-14,0.0,0.0,1.5717022427961977e-18,5.574477274577649e-22,1.5019701103802036e-15,0.0,0.0
0.0008260325406758448,0.02753441802252816,299.99999999996726,0.6516985521313502,1.6495295275314561e-15,0.0,2.563390886116365e-20,0.0,1.1030651127936615e-18,2.5836570081814823e-15,1.8147010027525303e-21,8.075449395546514e-16,1.673830020601413e-15,0.0,3.007538068919866e-16,0.0,0.0,1.0,1.13067179284953e-19,0.0,0.0,1.928404209157197e-15,0.0,8.4924653803349e-18,0.0,1.3803551370007824e-14,0.0,0.0,0.0,0.0,0.0,0.0,0.0,0.0,0.0,0.0,6.369923902172727e-16,0.0,0.0,0.0,4.946821143127149e-16,6.491160269372559e-15,0.0,0.0,9.633104434927994e-16,1.0304855231281989e-17,5.425752059359058e-23,1.6893899396065423e-16,3.195768547354216e-19,1.5467101829759377e-14,0.0,0.0,1.5717022427994912e-18,5.574477291583837e-22,1.5019701103800164e-15,0.0,0.0
0.0008635794743429287,0.028785982478097626,299.9999999999672,0.6516985521313504,1.649286043948958e-15,0.0,2.5572170311084838e-20,0.0,9.687090303758658e-19,2.5838015145124445e-15,1.8147018639307346e-21,8.075449395606813e-16,1.6738300192835613e-15,0.0,3.0069950157344705e-16,0.0,0.0,1.0,1.130692724857834e-19,0.0,0.0,1.9284042091564383e-15,0.0,8.492426492597335e-18,0.0,1.3803551291309918e-14,0.0,0.0,0.0,0.0,0.0,0.0,0.0,0.0,0.0,0.0,6.369923902168456e-16,0.0,0.0,0.0,4.946821190336444e-16,6.491160269374697e-15,0.0,0.0,9.633104436041258e-16,1.0304855134055029e-17,5.425752049721365e-23,1.6893899397462156e-16,3.195768547322681e-19,1.546710182996929e-14,0.0,0.0,1.5717022428027845e-18,5.574477308590026e-22,1.5019701103798294e-15,0.0,0.0
0.0009011264080100125,0.030037546933667086,299.99999999996714,0.6516985521313505,1.6490425603664596e-15,0.0,2.5510431761006028e-20,0.0,8.343529479580705e-19,2.5839460208434067e-15,1.8147027251089385e-21,8.075449395667112e-16,1.6738300179657098e-15,0.0,3.0064519625490745e-16,0.0,0.0,1.0,1.1307136568661382e-19,0.0,0.0,1.9284042091556794e-15,0.0,8.492387604859772e-18,0.0,1.380355121261201e-14,0.0,0.0,0.0,0.0,0.0,0.0,0.0,0.0,0.0,0.0,6.369923902164185e-16,0.0,0.0,0.0,4.94682123754574e-16,6.491160269376836e-15,0.0,0.0,9.633104437154524e-16,1.0304855036828067e-17,5.425752040083673e-23,1.689389939885889e-16,3.1957685472911456e-19,1.5467101830179206e-14,0.0,0.0,1.571702242806078e-18,5.574477325596215e-22,1.5019701103796423e-15,0.0,0.0
0.0009386733416770963,0.03128911138923655,299.99999999996703,0.6516985521313508,1.6487990767839615e-15,0.0,2.5448693210927217e-20,0.0,6.999968655402752e-19,2.5840905271743685e-15,1.814703586287143e-21,8.075449395727411e-16,1.673830016647858e-15,0.0,3.0059089093636784e-16,0.0,0.0,1.0,1.1307345888744422e-19,0.0,0.0,1.9284042091549205e-15,0.0,8.492348717122208e-18,0.0,1.3803551133914102e-14,0.0,0.0,0.0,0.0,0.0,0.0,0.0,0.0,0.0,0.0,6.369923902159913e-16,0.0,0.0,0.0,4.946821284755035e-16,6.4911602693789735e-15,0.0,0.0,9.633104438267788e-16,1.0304854939601107e-17,5.42575203044598e-23,1.6893899400255626e-16,3.19576854725961e-19,1.5467101830389122e-14,0.0,0.0,1.5717022428093714e-18,5.574477342602404e-22,1.5019701103794551e-15,0.0,0.0
0.0009762202753441803,0.03254067584480601,299.999999999967,0.651698552131351,1.6485555932014631e-15,0.0,2.5386954660848403e-20,0.0,5.656407831224796e-19,2.5842350335053307e-15,1.814704447465347e-21,8.07544939578771e-16,1.6738300153300064e-15,0.0,3.0053658561782824e-16,0.0,0.0,1.0,1.1307555208827463e-19,0.0,0.0,1.9284042091541616e-15,0.0,8.492309829384645e-18,0.0,1.3803551055216196e-14,0.0,0.0,0.0,0.0,0.0,0.0,0.0,0.0,0.0,0.0,6.369923902155641e-16,0.0,0.0,0.0,4.946821331964331e-16,6.491160269381111e-15,0.0,0.0,9.633104439381054e-16,1.0304854842374145e-17,5.425752020808288e-23,1.6893899401652358e-16,3.195768547228075e-19,1.5467101830599038e-14,0.0,0.0,1.571702242812665e-18,5.574477359608592e-22,1.5019701103792682e-15,0.0,0.0
0.001013767209011264,0.03379224030037547,299.9999999999669,0.6516985521313511,1.648312109618965e-15,0.0,2.5325216110769593e-20,0.0,4.3128470070468437e-19,2.584379539836293e-15,1.814705308643551e-21,8.075449395848008e-16,1.6738300140121549e-15,0.0,3.0048228029928864e-16,0.0,0.0,1.0,1.1307764528910504e-19,0.0,0.0,1.9284042091534027e-15,0.0,8.49227094164708e-18,0.0,1.3803550976518288e-14,0.0,0.0,0.0,0.0,0.0,0.0,0.0,0.0,0.0,0.0,6.36992390215137e-16,0.0,0.0,0.0,4.946821379173626e-16,6.491160269383249e-15,0.0,0.0,9.63310444049432e-16,1.0304854745147185e-17,5.425752011170596e-23,1.6893899403049093e-16,3.1957685471965396e-19,1.546710183080895e-14,0.0,0.0,1.5717022428159585e-18,5.574477376614781e-22,1.501970110379081e-15,0.0,0.0
0.001051314142678348,0.03504380475594493,299.99999999996686,0.6516985521313513,1.6480686260364666e-15,0.0,2.5263477560690782e-20,0.0,2.9692861828688905e-19,2.5845240461672547e-15,1.8147061698217553e-21,8.075449395908308e-16,1.6738300126943032e-15,0.0,3.0042797498074904e-16,0.0,0.0,1.0,1.1307973848993544e-19,0.0,0.0,1.928404209152644e-15,0.0,8.492232053909517e-18,0.0,1.380355089782038e-14,0.0,0.0,0.0,0.0,0.0,0.0,0.0,0.0,0.0,0.0,6.369923902147099e-16,0.0,0.0,0.0,4.946821426382922e-16,6.491160269385387e-15,0.0,0.0,9.633104441607585e-16,1.0304854647920225e-17,5.425752001532903e-23,1.6893899404445828e-16,3.195768547165004e-19,1.5467101831018866e-14,0.0,0.0,1.5717022428192518e-18,5.57447739362097e-22,1.501970110378894e-15,0.0,0.0
0.0010888610763454317,0.03629536921151439,299.99999999996675,0.6516985521313514,1.6478251424539685e-15,0.0,2.5201739010611972e-20,0.0,1.6257253586909374e-19,2.584668552498217e-15,1.8147070309999596e-21,8.075449395968606e-16,1.6738300113764515e-15,0.0,3.0037366966220943e-16,0.0,0.0,1.0,1.1308183169076585e-19,0.0,0.0,1.928404209151885e-15,0.0,8.492193166171952e-18,0.0,1.3803550819122474e-14,0.0,0.0,0.0,0.0,0.0,0.0,0.0,0.0,0.0,0.0,6.369923902142827e-16,0.0,0.0,0.0,4.946821473592217e-16,6.491160269387525e-15,0.0,0.0,9.63310444272085e-16,1.0304854550693263e-17,5.42575199189521e-23,1.689389940584256e-16,3.1957685471334687e-19,1.5467101831228782e-14,0.0,0.0,1.5717022428225453e-18,5.574477410627158e-22,1.5019701103787069e-15,0.0,0.0
0.0011264080100125157,0.03754693366708386,299.9999999999667,0.6516985521313516,1.6475816054841523e-15,0.0,2.5140042262877533e-20,0.0,3.3132999915730537e-20,2.5848077733249855e-15,1.8147078923987652e-21,8.075449396026462e-16,1.6738300101139334e-15,0.0,3.003193549171499e-16,0.0,0.0,1.0,1.1308392539760974e-19,0.0,0.0,1.9284042091511253e-15,0.0,8.492154269113571e-18,0.0,1.3803550740407887e-14,0.0,0.0,0.0,0.0,0.0,0.0,0.0,0.0,0.0,0.0,6.369923902138553e-16,0.0,0.0,0.0,4.946821520811575e-16,6.491160269389663e-15,0.0,0.0,9.633104443834348e-16,1.030485445344563e-17,5.425751982255452e-23,1.6893899407239488e-16,3.1957685471019263e-19,1.5467101831438733e-14,0.0,0.0,1.571702242825839e-18,5.574477427563336e-22,1.5019701103785197e-15,0.0,0.0
0.0011639549436795996,0.03879849812265332,299.99999999996663,0.6516985521313517,1.647336698239843e-15,0.0,2.507941844198198e-20,0.0,2.988482321614437e-20,2.584811332877458e-15,1.8147087594596815e-21,8.075449396021621e-16,1.6738300102716449e-15,0.0,3.002647982247458e-16,0.0,0.0,1.0,1.1308603209213355e-19,0.0,0.0,1.928404209150346e-15,0.0,8.492115132820854e-18,0.0,1.3803550661265188e-14,0.0,0.0,0.0,0.0,0.0,0.0,0.0,0.0,0.0,0.0,6.369923902134224e-16,0.0,0.0,0.0,4.94682156828919e-16,6.491160269391802e-15,0.0,0.0,9.633104444953789e-16,1.0304854355667425e-17,5.425751972562678e-23,1.689389940864134e-16,3.1957685470701933e-19,1.546710183164961e-14,0.0,0.0,1.5717022428291388e-18,5.574477442702543e-22,1.501970110378333e-15,0.0,0.0
0.0012015018773466834,0.04005006257822278,299.9999999999666,0.6516985521313517,1.6470917909955338e-15,0.0,2.5018794621086426e-20,0.0,2.6636646516558205e-20,2.5848148924299304e-15,1.814709626520598e-21,8.075449396016779e-16,1.6738300104293563e-15,0.0,3.0021024153234166e-16,0.0,0.0,1.0,1.1308813878665736e-19,0.0,0.0,1.928404209149567e-15,0.0,8.492075996528139e-18,0.0,1.3803550582122489e-14,0.0,0.0,0.0,0.0,0.0,0.0,0.0,0.0,0.0,0.0,6.369923902129894e-16,0.0,0.0,0.0,4.946821615766803e-16,6.4911602693939406e-15,0.0,0.0,9.633104446073232e-16,1.0304854257889219e-17,5.425751962869904e-23,1.689389941004319e-16,3.1957685470384607e-19,1.5467101831860493e-14,0.0,0.0,1.5717022428324385e-18,5.574477457841751e-22,1.5019701103781462e-15,0.0,0.0
0.0012390488110137672,0.04130162703379224,299.9999999999666,0.6516985521313519,1.6468468837512246e-15,0.0,2.4958170800190873e-20,0.0,2.338846981697204e-20,2.584818451982403e-15,1.8147104935815138e-21,8.075449396011938e-16,1.6738300105870675e-15,0.0,3.0015568483993753e-16,0.0,0.0,1.0,1.1309024548118115e-19,0.0,0.0,1.9284042091487875e-15,0.0,8.492036860235422e-18,0.0,1.380355050297979e-14,0.0,0.0,0.0,0.0,0.0,0.0,0.0,0.0,0.0,0.0,6.369923902125564e-16,0.0,0.0,0.0,4.946821663244417e-16,6.49116026939608e-15,0.0,0.0,9.633104447192675e-16,1.0304854160111013e-17,5.42575195317713e-23,1.6893899411445043e-16,3.1957685470067276e-19,1.546710183207137e-14,0.0,0.0,1.5717022428357383e-18,5.574477472980959e-22,1.5019701103779594e-15,0.0,0.0
0.001276595744680851,0.0425531914893617,299.9999999999665,0.651698552131352,1.6466019765069154e-15,0.0,2.489754697929532e-20,0.0,2.0140293117385876e-20,2.5848220115348757e-15,1.81471136064243e-21,8.075449396007097e-16,1.673830010744779e-15,0.0,3.001011281475334e-16,0.0,0.0,1.0,1.1309235217570496e-19,0.0,0.0,1.928404209148008e-15,0.0,8.491997723942707e-18,0.0,1.380355042383709e-14,0.0,0.0,0.0,0.0,0.0,0.0,0.0,0.0,0.0,0.0,6.369923902121234e-16,0.0,0.0,0.0,4.946821710722032e-16,6.4911602693982185e-15,0.0,0.0,9.633104448312116e-16,1.0304854062332806e-17,5.425751943484357e-23,1.6893899412846896e-16,3.195768546974995e-19,1.546710183228225e-14,0.0,0.0,1.571702242839038e-18,5.574477488120167e-22,1.5019701103777727e-15,0.0,0.0
0.001314142678347935,0.04380475594493117,299.99999999996646,0.6516985521313521,1.646357069262606e-15,0.0,2.4836923158399766e-20,0.0,1.6892116417799694e-20,2.584825571087348e-15,1.8147122277033464e-21,8.075449396002255e-16,1.6738300109024904e-15,0.0,3.0004657145512927e-16,0.0,0.0,1.0,1.1309445887022875e-19,0.0,0.0,1.928404209147229e-15,0.0,8.49195858764999e-18,0.0,1.3803550344694391e-14,0.0,0.0,0.0,0.0,0.0,0.0,0.0,0.0,0.0,0.0,6.369923902116903e-16,0.0,0.0,0.0,4.946821758199646e-16,6.491160269400358e-15,0.0,0.0,9.633104449431559e-16,1.03048539645546e-17,5.425751933791583e-23,1.6893899414248749e-16,3.1957685469432625e-19,1.546710183249313e-14,0.0,0.0,1.571702242842338e-18,5.574477503259375e-22,1.501970110377586e-15,0.0,0.0
0.0013516896120150188,0.04505632040050063,299.9999999999664,0.6516985521313521,1.646112162018297e-15,0.0,2.4776299337504213e-20,0.0,1.364393971821353e-20,2.5848291306398206e-15,1.8147130947642627e-21,8.075449395997413e-16,1.6738300110602017e-15,0.0,2.9999201476272514e-16,0.0,0.0,1.0,1.1309656556475256e-19,0.0,0.0,1.9284042091464497e-15,0.0,8.491919451357273e-18,0.0,1.3803550265551692e-14,0.0,0.0,0.0,0.0,0.0,0.0,0.0,0.0,0.0,0.0,6.369923902112573e-16,0.0,0.0,0.0,4.94682180567726e-16,6.4911602694024965e-15,0.0,0.0,9.633104450551e-16,1.0304853866776394e-17,5.425751924098809e-23,1.6893899415650601e-16,3.1957685469115294e-19,1.546710183270401e-14,0.0,0.0,1.5717022428456376e-18,5.574477518398583e-22,1.501970110377399e-15,0.0,0.0
0.0013892365456821027,0.04630788485607009,299.99999999996635,0.6516985521313522,1.6458672547739878e-15,0.0,2.4715675516608657e-20,0.0,1.0395763018627365e-20,2.5848326901922933e-15,1.8147139618251786e-21,8.075449395992573e-16,1.6738300112179131e-15,0.0,2.99937458070321e-16,0.0,0.0,1.0,1.1309867225927635e-19,0.0,0.0,1.9284042091456703e-15,0.0,8.491880315064558e-18,0.0,1.3803550186408993e-14,0.0,0.0,0.0,0.0,0.0,0.0,0.0,0.0,0.0,0.0,6.369923902108243e-16,0.0,0.0,0.0,4.9468218531548745e-16,6.491160269404635e-15,0.0,0.0,9.633104451670442e-16,1.030485376899819e-17,5.425751914406035e-23,1.6893899417052452e-16,3.195768546879797e-19,1.546710183291489e-14,0.0,0.0,1.5717022428489373e-18,5.574477533537791e-22,1.5019701103772122e-15,0.0,0.0
0.0014267834793491865,0.04755944931163955,299.99999999996635,0.6516985521313523,1.6456223475296786e-15,0.0,2.4655051695713103e-20,0.0,7.147586319041201e-21,2.5848362497447655e-15,1.814714828886095e-21,8.075449395987731e-16,1.6738300113756243e-15,0.0,2.998829013779169e-16,0.0,0.0,1.0,1.1310077895380016e-19,0.0,0.0,1.9284042091448913e-15,0.0,8.491841178771841e-18,0.0,1.3803550107266296e-14,0.0,0.0,0.0,0.0,0.0,0.0,0.0,0.0,0.0,0.0,6.369923902103914e-16,0.0,0.0,0.0,4.946821900632488e-16,6.4911602694067745e-15,0.0,0.0,9.633104452789883e-16,1.0304853671219984e-17,5.425751904713262e-23,1.6893899418454304e-16,3.1957685468480637e-19,1.546710183312577e-14,0.0,0.0,1.5717022428522372e-18,5.5744775486769985e-22,1.5019701103770254e-15,0.0,0.0
0.0014643304130162703,0.04881101376720901,299.9999999999663,0.6516985521313523,1.6453774402853692e-15,0.0,2.459442787481755e-20,0.0,3.899409619455037e-21,2.584839809297238e-15,1.8147156959470112e-21,8.07544939598289e-16,1.6738300115333358e-15,0.0,2.9982834468551275e-16,0.0,0.0,1.0,1.1310288564832397e-19,0.0,0.0,1.928404209144112e-15,0.0,8.491802042479126e-18,0.0,1.3803550028123597e-14,0.0,0.0,0.0,0.0,0.0,0.0,0.0,0.0,0.0,0.0,6.369923902099584e-16,0.0,0.0,0.0,4.946821948110102e-16,6.491160269408913e-15,0.0,0.0,9.633104453909326e-16,1.0304853573441778e-17,5.425751895020488e-23,1.6893899419856157e-16,3.195768546816331e-19,1.5467101833336647e-14,0.0,0.0,1.571702242855537e-18,5.574477563816206e-22,1.5019701103768387e-15,0.0,0.0
0.0015018773466833543,0.05006257822277848,299.99999999996624,0.6516985521313524,1.645132437613531e-15,0.0,2.453385387212355e-20,0.0,8.097366199640041e-22,2.5848431983805504e-15,1.814716563380779e-21,8.07544939597794e-16,1.6738300117428914e-15,0.0,2.9977377022438813e-16,1.3209950476894482e-32,0.0,1.0,1.1310499322309317e-19,0.0,0.0,1.9284042091433313e-15,0.0,8.491762889963345e-18,0.0,1.3803549948951006e-14,0.0,0.0,0.0,0.0,0.0,0.0,0.0,0.0,0.0,0.0,6.36992390209524e-16,0.0,0.0,0.0,4.9468219956057e-16,6.491160269411052e-15,0.0,0.0,9.633104455029183e-16,1.0304853475626616e-17,5.425751885324024e-23,1.6893899421258392e-16,3.1957685467845846e-19,1.5467101833547595e-14,0.0,0.0,1.5717022428588366e-18,5.574477578875714e-22,1.501970110376652e-15,0.0,0.0
0.0015394242803504381,0.05131414267834794,299.9999999999662,0.6516985521313525,1.6448856218186378e-15,0.0,2.4474226415259043e-20,0.0,7.316339222807395e-22,2.584843348549816e-15,1.814717437898729e-21,8.075449395970939e-16,1.6738300129374883e-15,0.0,2.9971885815757446e-16,1.3210266135020208e-32,0.0,1.0,1.1310711752252536e-19,0.0,0.0,1.9284042091425255e-15,0.0,8.491723429209327e-18,0.0,1.3803549869210494e-14,0.0,0.0,0.0,0.0,0.0,0.0,0.0,0.0,0.0,0.0,6.369923902090636e-16,0.0,0.0,0.0,4.946822043443003e-16,6.4911602694131895e-15,0.0,0.0,9.633104456156931e-16,1.0304853377109285e-17,5.42575187555745e-23,1.6893899422667914e-16,3.19576854675258e-19,1.546710183375982e-14,0.0,0.0,1.5717022428621324e-18,5.574477592420916e-22,1.5019701103764655e-15,0.0,0.0
0.001576971214017522,0.0525657071339174,299.9999999999662,0.6516985521313526,1.6446388060237445e-15,0.0,2.4414598958394536e-20,0.0,6.535312245974749e-22,2.5848434987190814e-15,1.814718312416679e-21,8.075449395963938e-16,1.6738300141320852e-15,0.0,2.9966394609076074e-16,1.3210581793145935e-32,0.0,1.0,1.1310924182195758e-19,0.0,0.0,1.9284042091417197e-15,0.0,8.491683968455308e-18,0.0,1.380354978946998e-14,0.0,0.0,0.0,0.0,0.0,0.0,0.0,0.0,0.0,0.0,6.369923902086033e-16,0.0,0.0,0.0,4.946822091280305e-16,6.491160269415327e-15,0.0,0.0,9.633104457284677e-16,1.0304853278591955e-17,5.425751865790876e-23,1.6893899424077435e-16,3.195768546720575e-19,1.5467101833972046e-14,0.0,0.0,1.5717022428654283e-18,5.574477605966118e-22,1.501970110376279e-15,0.0,0.0
0.0016145181476846058,0.05381727158948686,299.9999999999661,0.6516985521313527,1.6443919902288514e-15,0.0,2.435497150153003e-20,0.0,5.754285269142103e-22,2.5848436488883464e-15,1.8147191869346286e-21,8.075449395956937e-16,1.6738300153266821e-15,0.0,2.9960903402394706e-16,1.321089745127166e-32,0.0,1.0,1.1311136612138978e-19,0.0,0.0,1.9284042091409135e-15,0.0,8.491644507701291e-18,0.0,1.3803549709729468e-14,0.0,0.0,0.0,0.0,0.0,0.0,0.0,0.0,0.0,0.0,6.369923902081429e-16,0.0,0.0,0.0,4.946822139117607e-16,6.491160269417464e-15,0.0,0.0,9.633104458412424e-16,1.0304853180074627e-17,5.425751856024302e-23,1.6893899425486957e-16,3.19576854668857e-19,1.5467101834184272e-14,0.0,0.0,1.5717022428687243e-18,5.574477619511319e-22,1.5019701103760926e-15,0.0,0.0
0.0016520650813516896,0.05506883604505632,299.99999999996606,0.6516985521313529,1.6441451744339582e-15,0.0,2.4295344044665522e-20,0.0,4.973258292309457e-22,2.584843799057612e-15,1.8147200614525787e-21,8.075449395949936e-16,1.6738300165212792e-15,0.0,2.995541219571334e-16,1.3211213109397388e-32,0.0,1.0,1.1311349042082197e-19,0.0,0.0,1.9284042091401077e-15,0.0,8.491605046947274e-18,0.0,1.3803549629988954e-14,0.0,0.0,0.0,0.0,0.0,0.0,0.0,0.0,0.0,0.0,6.369923902076825e-16,0.0,0.0,0.0,4.94682218695491e-16,6.491160269419602e-15,0.0,0.0,9.633104459540172e-16,1.0304853081557296e-17,5.425751846257728e-23,1.689389942689648e-16,3.1957685466565647e-19,1.54671018343965e-14,0.0,0.0,1.5717022428720202e-18,5.574477633056521e-22,1.5019701103759062e-15,0.0,0.0
0.0016896120150187734,0.056320400500625784,299.999999999966,0.651698552131353,1.6438983586390651e-15,0.0,2.4235716587801016e-20,0.0,4.192231315476811e-22,2.5848439492268774e-15,1.8147209359705287e-21,8.075449395942935e-16,1.6738300177158761e-15,0.0,2.9949920989031967e-16,1.3211528767523113e-32,0.0,1.0,1.1311561472025417e-19,0.0,0.0,1.928404209139302e-15,0.0,8.491565586193256e-18,0.0,1.3803549550248442e-14,0.0,0.0,0.0,0.0,0.0,0.0,0.0,0.0,0.0,0.0,6.369923902072222e-16,0.0,0.0,0.0,4.946822234792212e-16,6.491160269421739e-15,0.0,0.0,9.63310446066792e-16,1.0304852983039966e-17,5.425751836491155e-23,1.6893899428306e-16,3.1957685466245596e-19,1.5467101834608726e-14,0.0,0.0,1.5717022428753162e-18,5.574477646601723e-22,1.5019701103757199e-15,0.0,0.0
0.0017271589486858574,0.05757196495619525,299.999999999966,0.651698552131353,1.6436515428441718e-15,0.0,2.417608913093651e-20,0.0,3.411204338644161e-22,2.584844099396143e-15,1.8147218104884787e-21,8.075449395935934e-16,1.673830018910473e-15,0.0,2.99444297823506e-16,1.321184442564884e-32,0.0,1.0,1.1311773901968636e-19,0.0,0.0,1.928404209138496e-15,0.0,8.491526125439237e-18,0.0,1.3803549470507929e-14,0.0,0.0,0.0,0.0,0.0,0.0,0.0,0.0,0.0,0.0,6.369923902067618e-16,0.0,0.0,0.0,4.946822282629514e-16,6.491160269423877e-15,0.0,0.0,9.633104461795667e-16,1.0304852884522636e-17,5.425751826724581e-23,1.6893899429715523e-16,3.1957685465925545e-19,1.5467101834820952e-14,0.0,0.0,1.571702242878612e-18,5.574477660146924e-22,1.5019701103755335e-15,0.0,0.0
0.0017647058823529412,0.05882352941176471,299.99999999996595,0.6516985521313531,1.6434047270492786e-15,0.0,2.4116461674072002e-20,0.0,2.630177361811515e-22,2.5848442495654083e-15,1.8147226850064284e-21,8.075449395928931e-16,1.67383002010507e-15,0.0,2.993893857566923e-16,1.3212160083774566e-32,0.0,1.0,1.1311986331911856e-19,0.0,0.0,1.9284042091376902e-15,0.0,8.49148666468522e-18,0.0,1.3803549390767415e-14,0.0,0.0,0.0,0.0,0.0,0.0,0.0,0.0,0.0,0.0,6.369923902063015e-16,0.0,0.0,0.0,4.946822330466817e-16,6.491160269426015e-15,0.0,0.0,9.633104462923413e-16,1.0304852786005307e-17,5.425751816958006e-23,1.6893899431125045e-16,3.1957685465605494e-19,1.5467101835033178e-14,0.0,0.0,1.5717022428819079e-18,5.574477673692127e-22,1.501970110375347e-15,0.0,0.0
0.001802252816020025,0.06007509386733417,299.9999999999659,0.6516985521313532,1.6431579112543855e-15,0.0,2.4056834217207495e-20,0.0,1.849150384978869e-22,2.5848443997346733e-15,1.8147235595243784e-21,8.07544939592193e-16,1.6738300212996669e-15,0.0,2.9933447368987865e-16,1.3212475741900294e-32,0.0,1.0,1.1312198761855075e-19,0.0,0.0,1.9284042091368844e-15,0.0,8.491447203931202e-18,0.0,1.3803549311026903e-14,0.0,0.0,0.0,0.0,0.0,0.0,0.0,0.0,0.0,0.0,6.369923902058411e-16,0.0,0.0,0.0,4.946822378304119e-16,6.491160269428152e-15,0.0,0.0,9.63310446405116e-16,1.0304852687487977e-17,5.425751807191433e-23,1.6893899432534567e-16,3.1957685465285443e-19,1.5467101835245403e-14,0.0,0.0,1.571702242885204e-18,5.574477687237329e-22,1.5019701103751606e-15,0.0,0.0
0.0018397997496871089,0.061326658322903634,299.9999999999659,0.6516985521313533,1.6429110954594923e-15,0.0,2.3997206760342988e-20,0.0,1.0681234081462229e-22,2.584844549903939e-15,1.8147244340423284e-21,8.075449395914929e-16,1.6738300224942638e-15,0.0,2.9927956162306493e-16,1.3212791400026022e-32,0.0,1.0,1.1312411191798295e-19,0.0,0.0,1.928404209136078e-15,0.0,8.491407743177185e-18,0.0,1.380354923128639e-14,0.0,0.0,0.0,0.0,0.0,0.0,0.0,0.0,0.0,0.0,6.369923902053808e-16,0.0,0.0,0.0,4.946822426141421e-16,6.49116026943029e-15,0.0,0.0,9.633104465178908e-16,1.0304852588970647e-17,5.425751797424859e-23,1.6893899433944089e-16,3.195768546496539e-19,1.546710183545763e-14,0.0,0.0,1.5717022428884998e-18,5.57447770078253e-22,1.5019701103749742e-15,0.0,0.0
0.0018773466833541927,0.0625782227784731,299.99999999996584,0.6516985521313534,1.6426641220617992e-15,0.0,2.3937634892991232e-20,0.0,3.347235530922589e-23,2.584844694888389e-15,1.8147253091413176e-21,8.075449395907857e-16,1.673830023734665e-15,0.0,2.992246200237433e-16,1.3213038473662438e-32,0.0,1.0,1.1312623760946705e-19,0.0,0.0,1.9284042091352526e-15,0.0,8.491368256844667e-18,0.0,1.3803549151497768e-14,0.0,0.0,0.0,0.0,0.0,0.0,0.0,0.0,0.0,0.0,6.369923902048931e-16,0.0,0.0,0.0,4.946822474007587e-16,6.491160269432411e-15,0.0,0.0,9.63310446630727e-16,1.0304852490393721e-17,5.42575178765231e-23,1.6893899435354096e-16,3.1957685464644816e-19,1.546710183566993e-14,0.0,0.0,1.5717022428917652e-18,5.574477714249779e-22,1.5019701103747896e-15,0.0,0.0
0.0019148936170212767,0.06382978723404256,299.99999999996584,0.6516985521313535,1.642414784622109e-15,0.0,2.3878896868330736e-20,0.0,3.157305247186015e-23,2.584844762100614e-15,1.8147261929558944e-21,8.075449395899708e-16,1.6738300256621306e-15,0.0,2.9916923543680257e-16,1.3212256779959204e-32,0.0,1.0,1.1312838418172988e-19,0.0,0.0,1.9284042091341297e-15,0.0,8.491328386834644e-18,0.0,1.3803549070987517e-14,0.0,0.0,0.0,0.0,0.0,0.0,0.0,0.0,0.0,0.0,6.369923902039953e-16,0.0,0.0,0.0,4.946822522306706e-16,6.491160269434286e-15,0.0,0.0,9.633104467444834e-16,1.030485239092284e-17,5.425751777790146e-23,1.6893899436771418e-16,3.1957685464316353e-19,1.546710183588334e-14,0.0,0.0,1.5717022428945734e-18,5.574477726547723e-22,1.5019701103746306e-15,0.0,0.0
0.0019524405506883605,0.06508135168961202,299.9999999999658,0.6516985521313535,1.6421654471824185e-15,0.0,2.3820158843670237e-20,0.0,2.967374963449442e-23,2.584844829312839e-15,1.814727076770471e-21,8.075449395891559e-16,1.6738300275895963e-15,0.0,2.991138508498619e-16,1.321147508625597e-32,0.0,1.0,1.1313053075399268e-19,0.0,0.0,1.9284042091330063e-15,0.0,8.491288516824623e-18,0.0,1.3803548990477266e-14,0.0,0.0,0.0,0.0,0.0,0.0,0.0,0.0,0.0,0.0,6.369923902030976e-16,0.0,0.0,0.0,4.946822570605825e-16,6.491160269436161e-15,0.0,0.0,9.633104468582401e-16,1.030485229145196e-17,5.425751767927983e-23,1.689389943818874e-16,3.1957685463987895e-19,1.5467101836096745e-14,0.0,0.0,1.5717022428973816e-18,5.574477738845667e-22,1.5019701103744717e-15,0.0,0.0
0.001989987484355444,0.06633291614518147,299.9999999999658,0.6516985521313536,1.6419161097427282e-15,0.0,2.376142081900974e-20,0.0,2.77744467971287e-23,2.5848448965250637e-15,1.814727960585048e-21,8.07544939588341e-16,1.673830029517062e-15,0.0,2.9905846626292115e-16,1.3210693392552736e-32,0.0,1.0,1.1313267732625547e-19,0.0,0.0,1.9284042091318834e-15,0.0,8.491248646814601e-18,0.0,1.3803548909967015e-14,0.0,0.0,0.0,0.0,0.0,0.0,0.0,0.0,0.0,0.0,6.369923902021997e-16,0.0,0.0,0.0,4.946822618904943e-16,6.491160269438037e-15,0.0,0.0,9.633104469719966e-16,1.030485219198108e-17,5.425751758065818e-23,1.6893899439606061e-16,3.1957685463659433e-19,1.5467101836310154e-14,0.0,0.0,1.5717022429001896e-18,5.57447775114361e-22,1.5019701103743127e-15,0.0,0.0
0.002027534418022528,0.06758448060075094,299.9999999999657,0.6516985521313536,1.6416667723030377e-15,0.0,2.3702682794349245e-20,0.0,2.5875143959762963e-23,2.5848449637372888e-15,1.8147288443996246e-21,8.075449395875262e-16,1.6738300314445276e-15,0.0,2.990030816759804e-16,1.3209911698849502e-32,0.0,1.0,1.1313482389851827e-19,0.0,0.0,1.9284042091307604e-15,0.0,8.49120877680458e-18,0.0,1.3803548829456764e-14,0.0,0.0,0.0,0.0,0.0,0.0,0.0,0.0,0.0,0.0,6.36992390201302e-16,0.0,0.0,0.0,4.946822667204061e-16,6.491160269439912e-15,0.0,0.0,9.633104470857532e-16,1.0304852092510199e-17,5.425751748203654e-23,1.6893899441023383e-16,3.195768546333097e-19,1.5467101836523563e-14,0.0,0.0,1.5717022429029978e-18,5.574477763441554e-22,1.5019701103741538e-15,0.0,0.0
0.002065081351689612,0.0688360450563204,299.9999999999657,0.6516985521313537,1.6414174348633474e-15,0.0,2.364394476968875e-20,0.0,2.3975841122397223e-23,2.5848450309495135e-15,1.8147297282142014e-21,8.075449395867113e-16,1.6738300333719933e-15,0.0,2.989476970890397e-16,1.320913000514627e-32,0.0,1.0,1.1313697047078107e-19,0.0,0.0,1.928404209129637e-15,0.0,8.491168906794557e-18,0.0,1.3803548748946513e-14,0.0,0.0,0.0,0.0,0.0,0.0,0.0,0.0,0.0,0.0,6.369923902004042e-16,0.0,0.0,0.0,4.946822715503179e-16,6.491160269441787e-15,0.0,0.0,9.633104471995097e-16,1.030485199303932e-17,5.425751738341489e-23,1.6893899442440705e-16,3.195768546300251e-19,1.5467101836736972e-14,0.0,0.0,1.5717022429058058e-18,5.574477775739498e-22,1.5019701103739948e-15,0.0,0.0
0.002102628285356696,0.07008760951188986,299.9999999999657,0.6516985521313537,1.641168097423657e-15,0.0,2.358520674502825e-20,0.0,2.2076538285031505e-23,2.5848450981617382e-15,1.814730612028778e-21,8.075449395858964e-16,1.673830035299459e-15,0.0,2.98892312502099e-16,1.3208348311443036e-32,0.0,1.0,1.1313911704304387e-19,0.0,0.0,1.928404209128514e-15,0.0,8.491129036784535e-18,0.0,1.3803548668436262e-14,0.0,0.0,0.0,0.0,0.0,0.0,0.0,0.0,0.0,0.0,6.369923901995064e-16,0.0,0.0,0.0,4.946822763802299e-16,6.491160269443663e-15,0.0,0.0,9.633104473132664e-16,1.030485189356844e-17,5.425751728479326e-23,1.6893899443858026e-16,3.1957685462674045e-19,1.5467101836950378e-14,0.0,0.0,1.571702242908614e-18,5.574477788037442e-22,1.5019701103738359e-15,0.0,0.0
0.00214017521902378,0.07133917396745933,299.99999999996567,0.6516985521313539,1.6409187599839667e-15,0.0,2.3526468720367754e-20,0.0,2.0177235447665768e-23,2.5848451653739633e-15,1.814731495843355e-21,8.075449395850815e-16,1.6738300372269246e-15,0.0,2.9883692791515827e-16,1.3207566617739802e-32,0.0,1.0,1.131412636153067e-19,0.0,0.0,1.9284042091273912e-15,0.0,8.491089166774514e-18,0.0,1.3803548587926011e-14,0.0,0.0,0.0,0.0,0.0,0.0,0.0,0.0,0.0,0.0,6.369923901986086e-16,0.0,0.0,0.0,4.946822812101417e-16,6.491160269445538e-15,0.0,0.0,9.633104474270229e-16,1.0304851794097559e-17,5.425751718617161e-23,1.6893899445275346e-16,3.1957685462345583e-19,1.5467101837163787e-14,0.0,0.0,1.5717022429114222e-18,5.574477800335386e-22,1.501970110373677e-15,0.0,0.0
0.0021777221526908634,0.07259073842302878,299.99999999996567,0.6516985521313539,1.6406694225442762e-15,0.0,2.3467730695707258e-20,0.0,1.827793261030005e-23,2.584845232586188e-15,1.814732379657932e-21,8.075449395842668e-16,1.6738300391543902e-15,0.0,2.9878154332821753e-16,1.3206784924036568e-32,0.0,1.0,1.131434101875695e-19,0.0,0.0,1.928404209126268e-15,0.0,8.491049296764493e-18,0.0,1.380354850741576e-14,0.0,0.0,0.0,0.0,0.0,0.0,0.0,0.0,0.0,0.0,6.369923901977108e-16,0.0,0.0,0.0,4.946822860400535e-16,6.491160269447414e-15,0.0,0.0,9.633104475407794e-16,1.0304851694626679e-17,5.425751708754997e-23,1.6893899446692667e-16,3.195768546201712e-19,1.5467101837377196e-14,0.0,0.0,1.5717022429142302e-18,5.57447781263333e-22,1.501970110373518e-15,0.0,0.0
0.0022152690863579474,0.07384230287859825,299.9999999999656,0.651698552131354,1.640420085104586e-15,0.0,2.3408992671046762e-20,0.0,1.637862977293431e-23,2.5848452997984128e-15,1.8147332634725088e-21,8.075449395834519e-16,1.6738300410818559e-15,0.0,2.987261587412768e-16,1.3206003230333334e-32,0.0,1.0,1.131455567598323e-19,0.0,0.0,1.928404209125145e-15,0.0,8.49100942675447e-18,0.0,1.3803548426905509e-14,0.0,0.0,0.0,0.0,0.0,0.0,0.0,0.0,0.0,0.0,6.369923901968131e-16,0.0,0.0,0.0,4.946822908699653e-16,6.4911602694492894e-15,0.0,0.0,9.63310447654536e-16,1.0304851595155798e-17,5.425751698892832e-23,1.689389944810999e-16,3.195768546168866e-19,1.5467101837590605e-14,0.0,0.0,1.5717022429170384e-18,5.574477824931273e-22,1.501970110373359e-15,0.0,0.0
0.0022528160200250315,0.07509386733416772,299.9999999999656,0.651698552131354,1.6401702763863342e-15,0.0,2.3350360141961978e-20,0.0,1.4617446683544672e-23,2.584845366741701e-15,1.8147341490651616e-21,8.075449395826147e-16,1.6738300430723969e-15,0.0,2.986706791316185e-16,1.3205220040391447e-32,0.0,1.0,1.1314770763777774e-19,0.0,0.0,1.9284042091239786e-15,0.0,8.490969477070931e-18,0.0,1.380354834624359e-14,0.0,0.0,0.0,0.0,0.0,0.0,0.0,0.0,0.0,0.0,6.369923901958804e-16,0.0,0.0,0.0,4.946822957089613e-16,6.491160269451066e-15,0.0,0.0,9.633104477684947e-16,1.030485149549706e-17,5.425751689011967e-23,1.6893899449528553e-16,3.19576854613578e-19,1.5467101837804165e-14,0.0,0.0,1.5717022429197002e-18,5.574477837126395e-22,1.5019701103732081e-15,0.0,0.0
0.002290362953692115,0.07634543178973717,299.9999999999656,0.651698552131354,1.6399146552324945e-15,0.0,2.3293028724977665e-20,0.0,1.4559740485860307e-23,2.5848454303681005e-15,1.8147350565874214e-21,8.075449395815023e-16,1.673830045840868e-15,0.0,2.986140275751104e-16,1.3204418396839494e-32,0.0,1.0,1.131499116191426e-19,0.0,0.0,1.92840420912228e-15,0.0,8.490928544747345e-18,0.0,1.3803548263711089e-14,0.0,0.0,0.0,0.0,0.0,0.0,0.0,0.0,0.0,0.0,6.369923901945166e-16,0.0,0.0,0.0,4.946823006599945e-16,6.491160269451618e-15,0.0,0.0,9.633104478849468e-16,1.0304851393521402e-17,5.425751678900439e-23,1.689389945096245e-16,3.1957685460997374e-19,1.546710183801961e-14,0.0,0.0,1.5717022429205569e-18,5.574477848053372e-22,1.5019701103731594e-15,0.0,0.0
0.002327909887359199,0.07759699624530664,299.9999999999656,0.6516985521313541,1.6396590340786547e-15,0.0,2.3235697307993352e-20,0.0,1.4502034288175943e-23,2.5848454939945e-15,1.814735964109681e-21,8.075449395803899e-16,1.673830048609339e-15,0.0,2.985573760186023e-16,1.3203616753287543e-32,0.0,1.0,1.1315211560050748e-19,0.0,0.0,1.928404209120582e-15,0.0,8.490887612423759e-18,0.0,1.3803548181178589e-14,0.0,0.0,0.0,0.0,0.0,0.0,0.0,0.0,0.0,0.0,6.369923901931529e-16,0.0,0.0,0.0,4.946823056110277e-16,6.491160269452171e-15,0.0,0.0,9.63310448001399e-16,1.0304851291545746e-17,5.425751668788912e-23,1.6893899452396346e-16,3.195768546063695e-19,1.5467101838235054e-14,0.0,0.0,1.5717022429214137e-18,5.574477858980349e-22,1.5019701103731105e-15,0.0,0.0
0.0023654568210262827,0.07884856070087609,299.99999999996555,0.6516985521313541,1.6394034129248152e-15,0.0,2.317836589100904e-20,0.0,1.444432809049158e-23,2.5848455576208994e-15,1.814736871631941e-21,8.075449395792776e-16,1.6738300513778099e-15,0.0,2.9850072446209418e-16,1.320281510973559e-32,0.0,1.0,1.1315431958187233e-19,0.0,0.0,1.9284042091188838e-15,0.0,8.490846680100173e-18,0.0,1.3803548098646088e-14,0.0,0.0,0.0,0.0,0.0,0.0,0.0,0.0,0.0,0.0,6.369923901917891e-16,0.0,0.0,0.0,4.946823105620608e-16,6.491160269452723e-15,0.0,0.0,9.63310448117851e-16,1.0304851189570088e-17,5.425751658677385e-23,1.6893899453830244e-16,3.1957685460276523e-19,1.5467101838450498e-14,0.0,0.0,1.5717022429222706e-18,5.574477869907327e-22,1.5019701103730618e-15,0.0,0.0
0.0024030037546933667,0.08010012515644556,299.99999999996555,0.6516985521313541,1.6391477917709754e-15,0.0,2.3121034474024728e-20,0.0,1.4386621892807212e-23,2.584845621247299e-15,1.814737779154201e-21,8.075449395781652e-16,1.673830054146281e-15,0.0,2.98444072905586e-16,1.3202013466183638e-32,0.0,1.0,1.1315652356323718e-19,0.0,0.0,1.9284042091171857e-15,0.0,8.490805747776587e-18,0.0,1.3803548016113587e-14,0.0,0.0,0.0,0.0,0.0,0.0,0.0,0.0,0.0,0.0,6.369923901904254e-16,0.0,0.0,0.0,4.94682315513094e-16,6.491160269453276e-15,0.0,0.0,9.63310448234303e-16,1.030485108759443e-17,5.425751648565858e-23,1.689389945526414e-16,3.1957685459916094e-19,1.5467101838665942e-14,0.0,0.0,1.5717022429231274e-18,5.574477880834304e-22,1.5019701103730129e-15,0.0,0.0
0.0024405506883604508,0.08135168961201503,299.99999999996555,0.6516985521313542,1.6388921706171356e-15,0.0,2.3063703057040415e-20,0.0,1.4328915695122848e-23,2.5848456848736984e-15,1.814738686676461e-21,8.075449395770528e-16,1.673830056914752e-15,0.0,2.983874213490779e-16,1.3201211822631684e-32,0.0,1.0,1.1315872754460204e-19,0.0,0.0,1.9284042091154873e-15,0.0,8.490764815453001e-18,0.0,1.3803547933581088e-14,0.0,0.0,0.0,0.0,0.0,0.0,0.0,0.0,0.0,0.0,6.369923901890616e-16,0.0,0.0,0.0,4.946823204641272e-16,6.4911602694538285e-15,0.0,0.0,9.633104483507551e-16,1.0304850985618774e-17,5.425751638454331e-23,1.6893899456698037e-16,3.195768545955567e-19,1.546710183888139e-14,0.0,0.0,1.571702242923984e-18,5.574477891761282e-22,1.5019701103729642e-15,0.0,0.0
0.0024780976220275344,0.08260325406758448,299.99999999996555,0.6516985521313542,1.6386365494632959e-15,0.0,2.3006371640056105e-20,0.0,1.4271209497438484e-23,2.584845748500098e-15,1.8147395941987207e-21,8.075449395759404e-16,1.6738300596832229e-15,0.0,2.983307697925698e-16,1.3200410179079734e-32,0.0,1.0,1.131609315259669e-19,0.0,0.0,1.9284042091137893e-15,0.0,8.490723883129415e-18,0.0,1.3803547851048587e-14,0.0,0.0,0.0,0.0,0.0,0.0,0.0,0.0,0.0,0.0,6.369923901876979e-16,0.0,0.0,0.0,4.946823254151604e-16,6.4911602694543815e-15,0.0,0.0,9.633104484672074e-16,1.0304850883643116e-17,5.425751628342803e-23,1.6893899458131932e-16,3.1957685459195243e-19,1.5467101839096834e-14,0.0,0.0,1.571702242924841e-18,5.574477902688259e-22,1.5019701103729153e-15,0.0,0.0
0.0025156445556946184,0.08385481852315395,299.99999999996555,0.6516985521313542,1.6383809283094561e-15,0.0,2.294904022307179e-20,0.0,1.421350329975412e-23,2.5848458121264978e-15,1.8147405017209804e-21,8.07544939574828e-16,1.673830062451694e-15,0.0,2.9827411823606167e-16,1.319960853552778e-32,0.0,1.0,1.1316313550733174e-19,0.0,0.0,1.928404209112091e-15,0.0,8.49068295080583e-18,0.0,1.3803547768516087e-14,0.0,0.0,0.0,0.0,0.0,0.0,0.0,0.0,0.0,0.0,6.369923901863342e-16,0.0,0.0,0.0,4.946823303661935e-16,6.4911602694549345e-15,0.0,0.0,9.633104485836594e-16,1.0304850781667458e-17,5.425751618231276e-23,1.689389945956583e-16,3.195768545883482e-19,1.5467101839312278e-14,0.0,0.0,1.5717022429256978e-18,5.574477913615236e-22,1.5019701103728666e-15,0.0,0.0
0.002553191489361702,0.0851063829787234,299.9999999999655,0.6516985521313542,1.6381253071556164e-15,0.0,2.289170880608748e-20,0.0,1.4155797102069756e-23,2.5848458757528973e-15,1.8147414092432402e-21,8.075449395737157e-16,1.673830065220165e-15,0.0,2.9821746667955355e-16,1.3198806891975826e-32,0.0,1.0,1.1316533948869662e-19,0.0,0.0,1.9284042091103925e-15,0.0,8.490642018482243e-18,0.0,1.3803547685983586e-14,0.0,0.0,0.0,0.0,0.0,0.0,0.0,0.0,0.0,0.0,6.369923901849704e-16,0.0,0.0,0.0,4.946823353172267e-16,6.491160269455487e-15,0.0,0.0,9.633104487001114e-16,1.0304850679691801e-17,5.425751608119749e-23,1.6893899460999725e-16,3.195768545847439e-19,1.5467101839527722e-14,0.0,0.0,1.5717022429265546e-18,5.574477924542214e-22,1.5019701103728176e-15,0.0,0.0
0.002590738423028786,0.08635794743429287,299.9999999999655,0.6516985521313543,1.6378696860017766e-15,0.0,2.2834377389103168e-20,0.0,1.409809090438539e-23,2.5848459393792968e-15,1.8147423167655e-21,8.075449395726033e-16,1.6738300679886358e-15,0.0,2.981608151230454e-16,1.3198005248423875e-32,0.0,1.0,1.1316754347006148e-19,0.0,0.0,1.9284042091086944e-15,0.0,8.490601086158657e-18,0.0,1.3803547603451085e-14,0.0,0.0,0.0,0.0,0.0,0.0,0.0,0.0,0.0,0.0,6.369923901836067e-16,0.0,0.0,0.0,4.946823402682599e-16,6.49116026945604e-15,0.0,0.0,9.633104488165635e-16,1.0304850577716144e-17,5.425751598008222e-23,1.6893899462433623e-16,3.195768545811397e-19,1.5467101839743166e-14,0.0,0.0,1.5717022429274115e-18,5.574477935469191e-22,1.5019701103727687e-15,0.0,0.0
0.00262828535669587,0.08760951188986234,299.9999999999655,0.6516985521313543,1.6376140648479369e-15,0.0,2.2777045972118855e-20,0.0,1.4040384706701025e-23,2.5848460030056962e-15,1.8147432242877598e-21,8.07544939571491e-16,1.6738300707571069e-15,0.0,2.9810416356653727e-16,1.3197203604871922e-32,0.0,1.0,1.1316974745142633e-19,0.0,0.0,1.928404209106996e-15,0.0,8.490560153835071e-18,0.0,1.3803547520918585e-14,0.0,0.0,0.0,0.0,0.0,0.0,0.0,0.0,0.0,0.0,6.369923901822429e-16,0.0,0.0,0.0,4.94682345219293e-16,6.491160269456592e-15,0.0,0.0,9.633104489330157e-16,1.0304850475740486e-17,5.425751587896695e-23,1.6893899463867518e-16,3.195768545775354e-19,1.546710183995861e-14,0.0,0.0,1.5717022429282681e-18,5.574477946396169e-22,1.50197011037272e-15,0.0,0.0
0.0026658322903629537,0.08886107634543179,299.9999999999655,0.6516985521313543,1.6373584436940973e-15,0.0,2.2719714555134544e-20,0.0,1.398267850901666e-23,2.5848460666320957e-15,1.8147441318100196e-21,8.075449395703786e-16,1.673830073525578e-15,0.0,2.9804751201002916e-16,1.319640196131997e-32,0.0,1.0,1.1317195143279118e-19,0.0,0.0,1.928404209105298e-15,0.0,8.490519221511485e-18,0.0,1.3803547438386084e-14,0.0,0.0,0.0,0.0,0.0,0.0,0.0,0.0,0.0,0.0,6.369923901808792e-16,0.0,0.0,0.0,4.946823501703263e-16,6.491160269457145e-15,0.0,0.0,9.633104490494678e-16,1.030485037376483e-17,5.425751577785168e-23,1.6893899465301416e-16,3.195768545739311e-19,1.5467101840174055e-14,0.0,0.0,1.571702242929125e-18,5.574477957323146e-22,1.5019701103726711e-15,0.0,0.0
0.0027033792240300377,0.09011264080100126,299.9999999999655,0.6516985521313544,1.6371028225402575e-15,0.0,2.266238313815023e-20,0.0,1.3924972311332296e-23,2.5848461302584952e-15,1.8147450393322793e-21,8.075449395692662e-16,1.6738300762940488e-15,0.0,2.9799086045352104e-16,1.3195600317768017e-32,0.0,1.0,1.1317415541415604e-19,0.0,0.0,1.9284042091035996e-15,0.0,8.4904782891879e-18,0.0,1.3803547355853584e-14,0.0,0.0,0.0,0.0,0.0,0.0,0.0,0.0,0.0,0.0,6.369923901795155e-16,0.0,0.0,0.0,4.946823551213594e-16,6.491160269457697e-15,0.0,0.0,9.633104491659198e-16,1.0304850271789172e-17,5.42575156767364e-23,1.689389946673531e-16,3.195768545703269e-19,1.5467101840389502e-14,0.0,0.0,1.5717022429299818e-18,5.574477968250123e-22,1.5019701103726224e-15,0.0,0.0
0.0027409261576971213,0.09136420525657071,299.99999999996544,0.6516985521313544,1.6368472013864178e-15,0.0,2.2605051721165918e-20,0.0,1.3867266113647932e-23,2.584846193884895e-15,1.814745946854539e-21,8.075449395681539e-16,1.6738300790625199e-15,0.0,2.979342088970129e-16,1.3194798674216066e-32,0.0,1.0,1.131763593955209e-19,0.0,0.0,1.9284042091019016e-15,0.0,8.490437356864313e-18,0.0,1.3803547273321083e-14,0.0,0.0,0.0,0.0,0.0,0.0,0.0,0.0,0.0,0.0,6.369923901781518e-16,0.0,0.0,0.0,4.946823600723925e-16,6.49116026945825e-15,0.0,0.0,9.633104492823718e-16,1.0304850169813514e-17,5.425751557562113e-23,1.6893899468169206e-16,3.195768545667226e-19,1.5467101840604946e-14,0.0,0.0,1.5717022429308386e-18,5.574477979177101e-22,1.5019701103725735e-15,0.0,0.0
0.0027784730913642053,0.09261576971214018,299.99999999996544,0.6516985521313544,1.636591580232578e-15,0.0,2.2547720304181608e-20,0.0,1.3809559915963568e-23,2.5848462575112946e-15,1.814746854376799e-21,8.075449395670415e-16,1.673830081830991e-15,0.0,2.9787755734050477e-16,1.3193997030664113e-32,0.0,1.0,1.1317856337688577e-19,0.0,0.0,1.928404209100203e-15,0.0,8.490396424540727e-18,0.0,1.3803547190788584e-14,0.0,0.0,0.0,0.0,0.0,0.0,0.0,0.0,0.0,0.0,6.369923901767881e-16,0.0,0.0,0.0,4.946823650234258e-16,6.491160269458803e-15,0.0,0.0,9.63310449398824e-16,1.0304850067837857e-17,5.425751547450586e-23,1.6893899469603104e-16,3.1957685456311837e-19,1.546710184082039e-14,0.0,0.0,1.5717022429316953e-18,5.574477990104078e-22,1.5019701103725248e-15,0.0,0.0
0.0028160200250312893,0.09386733416770965,299.99999999996544,0.6516985521313545,1.6363359590787383e-15,0.0,2.2490388887197294e-20,0.0,1.37518537182792e-23,2.584846321137694e-15,1.8147477618990587e-21,8.075449395659291e-16,1.6738300845994618e-15,0.0,2.9782090578399665e-16,1.319319538711216e-32,0.0,1.0,1.1318076735825062e-19,0.0,0.0,1.9284042090985047e-15,0.0,8.49035549221714e-18,0.0,1.3803547108256083e-14,0.0,0.0,0.0,0.0,0.0,0.0,0.0,0.0,0.0,0.0,6.369923901754243e-16,0.0,0.0,0.0,4.946823699744589e-16,6.491160269459355e-15,0.0,0.0,9.633104495152761e-16,1.03048499658622e-17,5.425751537339059e-23,1.6893899471037e-16,3.195768545595141e-19,1.5467101841035835e-14,0.0,0.0,1.5717022429325521e-18,5.574478001031056e-22,1.5019701103724759e-15,0.0,0.0
0.002853566958698373,0.0951188986232791,299.99999999996544,0.6516985521313545,1.6360803379248985e-15,0.0,2.2433057470212984e-20,0.0,1.3694147520594837e-23,2.5848463847640936e-15,1.814748669421319e-21,8.075449395648167e-16,1.6738300873679329e-15,0.0,2.9776425422748854e-16,1.3192393743560208e-32,0.0,1.0,1.1318297133961548e-19,0.0,0.0,1.9284042090968067e-15,0.0,8.490314559893554e-18,0.0,1.3803547025723582e-14,0.0,0.0,0.0,0.0,0.0,0.0,0.0,0.0,0.0,0.0,6.369923901740606e-16,0.0,0.0,0.0,4.946823749254921e-16,6.491160269459908e-15,0.0,0.0,9.633104496317282e-16,1.0304849863886542e-17,5.425751527227532e-23,1.6893899472470897e-16,3.1957685455590985e-19,1.546710184125128e-14,0.0,0.0,1.571702242933409e-18,5.574478011958033e-22,1.501970110372427e-15,0.0,0.0
0.002891113892365457,0.09637046307884857,299.99999999996544,0.6516985521313545,1.6358247167710588e-15,0.0,2.237572605322867e-20,0.0,1.3636441322910473e-23,2.584846448390493e-15,1.8147495769435786e-21,8.075449395637043e-16,1.673830090136404e-15,0.0,2.9770760267098037e-16,1.3191592100008255e-32,0.0,1.0,1.1318517532098033e-19,0.0,0.0,1.9284042090951083e-15,0.0,8.490273627569968e-18,0.0,1.3803546943191082e-14,0.0,0.0,0.0,0.0,0.0,0.0,0.0,0.0,0.0,0.0,6.369923901726968e-16,0.0,0.0,0.0,4.946823798765253e-16,6.4911602694604605e-15,0.0,0.0,9.633104497481802e-16,1.0304849761910884e-17,5.425751517116005e-23,1.6893899473904792e-16,3.1957685455230557e-19,1.5467101841466723e-14,0.0,0.0,1.5717022429342658e-18,5.57447802288501e-22,1.5019701103723782e-15,0.0,0.0
0.0029286608260325406,0.09762202753441802,299.9999999999654,0.6516985521313545,1.635569095617219e-15,0.0,2.2318394636244358e-20,0.0,1.357873512522611e-23,2.5848465120168925e-15,1.8147504844658384e-21,8.07544939562592e-16,1.6738300929048748e-15,0.0,2.9765095111447226e-16,1.3190790456456304e-32,0.0,1.0,1.1318737930234519e-19,0.0,0.0,1.9284042090934103e-15,0.0,8.490232695246382e-18,0.0,1.3803546860658581e-14,0.0,0.0,0.0,0.0,0.0,0.0,0.0,0.0,0.0,0.0,6.369923901713331e-16,0.0,0.0,0.0,4.946823848275584e-16,6.4911602694610135e-15,0.0,0.0,9.633104498646324e-16,1.0304849659935227e-17,5.425751507004477e-23,1.689389947533869e-16,3.195768545487013e-19,1.5467101841682167e-14,0.0,0.0,1.5717022429351225e-18,5.574478033811988e-22,1.5019701103723293e-15,0.0,0.0
0.0029662077596996246,0.09887359198998749,299.9999999999654,0.6516985521313546,1.6353134744633793e-15,0.0,2.2261063219260044e-20,0.0,1.3521028927541745e-23,2.5848465756432924e-15,1.8147513919880982e-21,8.075449395614796e-16,1.6738300956733458e-15,0.0,2.9759429955796414e-16,1.318998881290435e-32,0.0,1.0,1.1318958328371004e-19,0.0,0.0,1.928404209091712e-15,0.0,8.490191762922796e-18,0.0,1.380354677812608e-14,0.0,0.0,0.0,0.0,0.0,0.0,0.0,0.0,0.0,0.0,6.369923901699693e-16,0.0,0.0,0.0,4.946823897785916e-16,6.491160269461566e-15,0.0,0.0,9.633104499810845e-16,1.030484955795957e-17,5.42575149689295e-23,1.6893899476772585e-16,3.1957685454509706e-19,1.5467101841897615e-14,0.0,0.0,1.5717022429359793e-18,5.574478044738965e-22,1.5019701103722806e-15,0.0,0.0
0.0030037546933667086,0.10012515644555696,299.9999999999654,0.6516985521313546,1.6350569711857135e-15,0.0,2.2203831862435636e-20,0.0,1.346555345652604e-23,2.584846639151e-15,1.814752302755311e-21,8.075449395603633e-16,1.6738300984966508e-15,0.0,2.9753746823489036e-16,1.318918432264267e-32,0.0,1.0,1.1319179515296403e-19,0.0,0.0,1.9284042090900075e-15,0.0,8.490150684728433e-18,0.0,1.3803546695312897e-14,0.0,0.0,0.0,0.0,0.0,0.0,0.0,0.0,0.0,0.0,6.369923901686015e-16,0.0,0.0,0.0,4.946823947464888e-16,6.4911602694621194e-15,0.0,0.0,9.633104500979302e-16,1.0304849455637523e-17,5.425751486746902e-23,1.689389947821073e-16,3.1957685454148045e-19,1.5467101842113744e-14,0.0,0.0,1.5717022429368385e-18,5.574478055600945e-22,1.5019701103722317e-15,0.0,0.0
0.0030413016270337922,0.10137672090112641,299.9999999999654,0.6516985521313546,1.6347925287936122e-15,0.0,2.2147501047050363e-20,0.0,1.343015452552827e-23,2.584846701590482e-15,1.814753242727101e-21,8.075449395592119e-16,1.6738301018134615e-15,0.0,2.9747901901272577e-16,1.318835421199342e-32,0.0,1.0,1.1319407801322016e-19,0.0,0.0,1.9284042090882503e-15,0.0,8.49010829369707e-18,0.0,1.3803546609973563e-14,0.0,0.0,0.0,0.0,0.0,0.0,0.0,0.0,0.0,0.0,6.369923901671963e-16,0.0,0.0,0.0,4.946823998661624e-16,6.4911602694626835e-15,0.0,0.0,9.633104502183176e-16,1.0304849350197972e-17,5.425751476290158e-23,1.6893899479687115e-16,3.1957685453775267e-19,1.5467101842336032e-14,0.0,0.0,1.571702242937718e-18,5.574478065877946e-22,1.5019701103721816e-15,0.0,0.0
0.0030788485607008763,0.10262828535669588,299.9999999999654,0.6516985521313546,1.6345280864015109e-15,0.0,2.2091170231665088e-20,0.0,1.3394755594530503e-23,2.5848467640299638e-15,1.814754182698891e-21,8.075449395580606e-16,1.6738301051302721e-15,0.0,2.974205697905612e-16,1.3187524101344167e-32,0.0,1.0,1.1319636087347627e-19,0.0,0.0,1.928404209086493e-15,0.0,8.490065902665709e-18,0.0,1.380354652463423e-14,0.0,0.0,0.0,0.0,0.0,0.0,0.0,0.0,0.0,0.0,6.36992390165791e-16,0.0,0.0,0.0,4.94682404985836e-16,6.491160269463247e-15,0.0,0.0,9.633104503387053e-16,1.0304849244758422e-17,5.425751465833415e-23,1.68938994811635e-16,3.1957685453402493e-19,1.5467101842558324e-14,0.0,0.0,1.5717022429385978e-18,5.574478076154947e-22,1.5019701103721315e-15,0.0,0.0
0.00311639549436796,0.10387984981226533,299.9999999999654,0.6516985521313546,1.6342636440094098e-15,0.0,2.2034839416279815e-20,0.0,1.3359356663532737e-23,2.5848468264694455e-15,1.814755122670681e-21,8.075449395569092e-16,1.6738301084470827e-15,0.0,2.973621205683966e-16,1.3186693990694917e-32,0.0,1.0,1.131986437337324e-19,0.0,0.0,1.928404209084736e-15,0.0,8.490023511634346e-18,0.0,1.3803546439294896e-14,0.0,0.0,0.0,0.0,0.0,0.0,0.0,0.0,0.0,0.0,6.369923901643859e-16,0.0,0.0,0.0,4.946824101055096e-16,6.491160269463811e-15,0.0,0.0,9.633104504590928e-16,1.0304849139318873e-17,5.425751455376671e-23,1.6893899482639885e-16,3.195768545302972e-19,1.5467101842780615e-14,0.0,0.0,1.5717022429394776e-18,5.574478086431947e-22,1.5019701103720814e-15,0.0,0.0
0.003153942428035044,0.1051314142678348,299.9999999999654,0.6516985521313546,1.6339992016173085e-15,0.0,2.197850860089454e-20,0.0,1.3323957732534967e-23,2.5848468889089276e-15,1.814756062642471e-21,8.075449395557578e-16,1.6738301117638934e-15,0.0,2.9730367134623196e-16,1.3185863880045668e-32,0.0,1.0,1.1320092659398853e-19,0.0,0.0,1.9284042090829787e-15,0.0,8.489981120602983e-18,0.0,1.3803546353955562e-14,0.0,0.0,0.0,0.0,0.0,0.0,0.0,0.0,0.0,0.0,6.369923901629806e-16,0.0,0.0,0.0,4.946824152251831e-16,6.491160269464374e-15,0.0,0.0,9.633104505794804e-16,1.0304849033879322e-17,5.425751444919929e-23,1.689389948411627e-16,3.195768545265694e-19,1.5467101843002904e-14,0.0,0.0,1.5717022429403574e-18,5.574478096708948e-22,1.5019701103720313e-15,0.0,0.0
0.0031914893617021275,0.10638297872340426,299.9999999999653,0.6516985521313547,1.6337347592252072e-15,0.0,2.1922177785509264e-20,0.0,1.32885588015372e-23,2.5848469513484094e-15,1.814757002614261e-21,8.075449395546064e-16,1.673830115080704e-15,0.0,2.9724522212406737e-16,1.3185033769396418e-32,0.0,1.0,1.1320320945424463e-19,0.0,0.0,1.9284042090812216e-15,0.0,8.489938729571622e-18,0.0,1.380354626861623e-14,0.0,0.0,0.0,0.0,0.0,0.0,0.0,0.0,0.0,0.0,6.369923901615755e-16,0.0,0.0,0.0,4.946824203448568e-16,6.491160269464937e-15,0.0,0.0,9.63310450699868e-16,1.0304848928439771e-17,5.425751434463186e-23,1.6893899485592656e-16,3.195768545228417e-19,1.5467101843225195e-14,0.0,0.0,1.571702242941237e-18,5.574478106985949e-22,1.5019701103719813e-15,0.0,0.0
0.0032290362953692115,0.10763454317897372,299.9999999999653,0.6516985521313547,1.6334703168331061e-15,0.0,2.1865846970123988e-20,0.0,1.3253159870539434e-23,2.584847013787891e-15,1.814757942586051e-21,8.07544939553455e-16,1.6738301183975147e-15,0.0,2.971867729019028e-16,1.318420365874717e-32,0.0,1.0,1.1320549231450076e-19,0.0,0.0,1.9284042090794644e-15,0.0,8.489896338540259e-18,0.0,1.3803546183276896e-14,0.0,0.0,0.0,0.0,0.0,0.0,0.0,0.0,0.0,0.0,6.369923901601702e-16,0.0,0.0,0.0,4.9468242546453035e-16,6.491160269465501e-15,0.0,0.0,9.633104508202556e-16,1.0304848823000222e-17,5.425751424006442e-23,1.689389948706904e-16,3.195768545191139e-19,1.5467101843447487e-14,0.0,0.0,1.5717022429421167e-18,5.57447811726295e-22,1.501970110371931e-15,0.0,0.0
0.0032665832290362956,0.10888610763454319,299.9999999999653,0.6516985521313547,1.6332058744410048e-15,0.0,2.1809516154738716e-20,0.0,1.3217760939541664e-23,2.5848470762273732e-15,1.814758882557841e-21,8.075449395523037e-16,1.6738301217143253e-15,0.0,2.971283236797382e-16,1.3183373548097917e-32,0.0,1.0,1.132077751747569e-19,0.0,0.0,1.928404209077707e-15,0.0,8.489853947508897e-18,0.0,1.3803546097937562e-14,0.0,0.0,0.0,0.0,0.0,0.0,0.0,0.0,0.0,0.0,6.36992390158765e-16,0.0,0.0,0.0,4.946824305842039e-16,6.4911602694660645e-15,0.0,0.0,9.633104509406433e-16,1.0304848717560671e-17,5.425751413549699e-23,1.6893899488545426e-16,3.1957685451538617e-19,1.5467101843669775e-14,0.0,0.0,1.5717022429429965e-18,5.57447812753995e-22,1.5019701103718809e-15,0.0,0.0
0.003304130162703379,0.11013767209011265,299.9999999999653,0.6516985521313547,1.6329414320489035e-15,0.0,2.175318533935344e-20,0.0,1.3182362008543898e-23,2.584847138666855e-15,1.814759822529631e-21,8.075449395511522e-16,1.673830125031136e-15,0.0,2.970698744575736e-16,1.3182543437448667e-32,0.0,1.0,1.13210058035013e-19,0.0,0.0,1.92840420907595e-15,0.0,8.489811556477534e-18,0.0,1.380354601259823e-14,0.0,0.0,0.0,0.0,0.0,0.0,0.0,0.0,0.0,0.0,6.369923901573599e-16,0.0,0.0,0.0,4.9468243570387755e-16,6.4911602694666286e-15,0.0,0.0,9.633104510610307e-16,1.030484861212112e-17,5.425751403092955e-23,1.6893899490021812e-16,3.1957685451165844e-19,1.5467101843892067e-14,0.0,0.0,1.571702242943876e-18,5.574478137816951e-22,1.5019701103718308e-15,0.0,0.0
0.003341677096370463,0.11138923654568211,299.9999999999653,0.6516985521313547,1.6326769896568022e-15,0.0,2.1696854523968164e-20,0.0,1.314696307754613e-23,2.5848472011063367e-15,1.814760762501421e-21,8.075449395500009e-16,1.6738301283479466e-15,0.0,2.97011425235409e-16,1.3181713326799417e-32,0.0,1.0,1.1321234089526913e-19,0.0,0.0,1.928404209074193e-15,0.0,8.489769165446171e-18,0.0,1.3803545927258895e-14,0.0,0.0,0.0,0.0,0.0,0.0,0.0,0.0,0.0,0.0,6.369923901559546e-16,0.0,0.0,0.0,4.946824408235511e-16,6.491160269467192e-15,0.0,0.0,9.633104511814184e-16,1.030484850668157e-17,5.425751392636212e-23,1.6893899491498197e-16,3.1957685450793065e-19,1.5467101844114358e-14,0.0,0.0,1.5717022429447558e-18,5.574478148093952e-22,1.5019701103717807e-15,0.0,0.0
0.003379224030037547,0.11264080100125157,299.9999999999653,0.6516985521313547,1.6324125472647011e-15,0.0,2.1640523708582892e-20,0.0,1.3111564146548362e-23,2.5848472635458184e-15,1.814761702473211e-21,8.075449395488495e-16,1.6738301316647572e-15,0.0,2.969529760132444e-16,1.3180883216150168e-32,0.0,1.0,1.1321462375552525e-19,0.0,0.0,1.9284042090724356e-15,0.0,8.48972677441481e-18,0.0,1.3803545841919561e-14,0.0,0.0,0.0,0.0,0.0,0.0,0.0,0.0,0.0,0.0,6.369923901545495e-16,0.0,0.0,0.0,4.946824459432248e-16,6.491160269467755e-15,0.0,0.0,9.633104513018059e-16,1.030484840124202e-17,5.425751382179468e-23,1.6893899492974582e-16,3.195768545042029e-19,1.5467101844336647e-14,0.0,0.0,1.5717022429456356e-18,5.574478158370952e-22,1.5019701103717306e-15,0.0,0.0
0.003416770963704631,0.11389236545682103,299.9999999999653,0.6516985521313547,1.6321481048725998e-15,0.0,2.1584192893197616e-20,0.0,1.3076165215550594e-23,2.5848473259853006e-15,1.814762642445001e-21,8.075449395476981e-16,1.6738301349815679e-15,0.0,2.968945267910798e-16,1.3180053105500916e-32,0.0,1.0,1.1321690661578136e-19,0.0,0.0,1.9284042090706784e-15,0.0,8.489684383383447e-18,0.0,1.3803545756580229e-14,0.0,0.0,0.0,0.0,0.0,0.0,0.0,0.0,0.0,0.0,6.369923901531442e-16,0.0,0.0,0.0,4.946824510628983e-16,6.491160269468319e-15,0.0,0.0,9.633104514221935e-16,1.030484829580247e-17,5.425751371722725e-23,1.6893899494450967e-16,3.195768545004752e-19,1.5467101844558938e-14,0.0,0.0,1.5717022429465153e-18,5.5744781686479535e-22,1.5019701103716805e-15,0.0,0.0
0.003454317897371715,0.1151439299123905,299.9999999999653,0.6516985521313547,1.6318836624804985e-15,0.0,2.152786207781234e-20,0.0,1.3040766284552826e-23,2.5848473884247823e-15,1.814763582416791e-21,8.075449395465468e-16,1.6738301382983785e-15,0.0,2.968360775689152e-16,1.3179222994851666e-32,0.0,1.0,1.132191894760375e-19,0.0,0.0,1.9284042090689212e-15,0.0,8.489641992352084e-18,0.0,1.3803545671240895e-14,0.0,0.0,0.0,0.0,0.0,0.0,0.0,0.0,0.0,0.0,6.369923901517391e-16,0.0,0.0,0.0,4.946824561825719e-16,6.491160269468882e-15,0.0,0.0,9.63310451542581e-16,1.0304848190362919e-17,5.425751361265982e-23,1.6893899495927353e-16,3.195768544967474e-19,1.546710184478123e-14,0.0,0.0,1.5717022429473949e-18,5.574478178924955e-22,1.5019701103716304e-15,0.0,0.0
0.0034918648310387984,0.11639549436795996,299.9999999999653,0.6516985521313547,1.6316192200883974e-15,0.0,2.1471531262427068e-20,0.0,1.3005367353555059e-23,2.584847450864264e-15,1.814764522388581e-21,8.075449395453953e-16,1.6738301416151892e-15,0.0,2.967776283467506e-16,1.3178392884202417e-32,0.0,1.0,1.1322147233629362e-19,0.0,0.0,1.928404209067164e-15,0.0,8.489599601320722e-18,0.0,1.380354558590156e-14,0.0,0.0,0.0,0.0,0.0,0.0,0.0,0.0,0.0,0.0,6.369923901503339e-16,0.0,0.0,0.0,4.946824613022455e-16,6.491160269469446e-15,0.0,0.0,9.633104516629687e-16,1.0304848084923368e-17,5.425751350809238e-23,1.689389949740374e-16,3.1957685449301967e-19,1.5467101845003518e-14,0.0,0.0,1.5717022429482747e-18,5.574478189201956e-22,1.5019701103715803e-15,0.0,0.0
0.0035294117647058825,0.11764705882352942,299.9999999999653,0.6516985521313547,1.6313547776962961e-15,0.0,2.1415200447041792e-20,0.0,1.2969968422557291e-23,2.584847513303746e-15,1.814765462360371e-21,8.07544939544244e-16,1.6738301449319998e-15,0.0,2.9671917912458603e-16,1.3177562773553167e-32,0.0,1.0,1.1322375519654972e-19,0.0,0.0,1.928404209065407e-15,0.0,8.48955721028936e-18,0.0,1.3803545500562228e-14,0.0,0.0,0.0,0.0,0.0,0.0,0.0,0.0,0.0,0.0,6.369923901489286e-16,0.0,0.0,0.0,4.946824664219191e-16,6.49116026947001e-15,0.0,0.0,9.633104517833561e-16,1.0304847979483819e-17,5.425751340352496e-23,1.6893899498880126e-16,3.195768544892919e-19,1.546710184522581e-14,0.0,0.0,1.5717022429491544e-18,5.574478199478956e-22,1.5019701103715302e-15,0.0,0.0
0.003566958698372966,0.11889862327909888,299.99999999996527,0.6516985521313549,1.6310903353041948e-15,0.0,2.1358869631656517e-20,0.0,1.2934569491559523e-23,2.584847575743228e-15,1.814766402332161e-21,8.075449395430926e-16,1.6738301482488104e-15,0.0,2.966607299024214e-16,1.3176732662903915e-32,0.0,1.0,1.1322603805680585e-19,0.0,0.0,1.9284042090636493e-15,0.0,8.489514819257998e-18,0.0,1.3803545415222894e-14,0.0,0.0,0.0,0.0,0.0,0.0,0.0,0.0,0.0,0.0,6.369923901475235e-16,0.0,0.0,0.0,4.946824715415926e-16,6.491160269470573e-15,0.0,0.0,9.633104519037438e-16,1.0304847874044268e-17,5.425751329895752e-23,1.689389950035651e-16,3.1957685448556416e-19,1.54671018454481e-14,0.0,0.0,1.571702242950034e-18,5.574478209755957e-22,1.5019701103714801e-15,0.0,0.0
0.00360450563204005,0.12015018773466835,299.99999999996527,0.6516985521313549,1.6308258929120935e-15,0.0,2.1302538816271244e-20,0.0,1.2899170560561755e-23,2.5848476381827096e-15,1.814767342303951e-21,8.075449395419412e-16,1.673830151565621e-15,0.0,2.966022806802568e-16,1.3175902552254665e-32,0.0,1.0,1.1322832091706198e-19,0.0,0.0,1.928404209061892e-15,0.0,8.489472428226635e-18,0.0,1.380354532988356e-14,0.0,0.0,0.0,0.0,0.0,0.0,0.0,0.0,0.0,0.0,6.369923901461182e-16,0.0,0.0,0.0,4.946824766612663e-16,6.491160269471137e-15,0.0,0.0,9.633104520241315e-16,1.0304847768604718e-17,5.425751319439009e-23,1.6893899501832896e-16,3.195768544818364e-19,1.546710184567039e-14,0.0,0.0,1.5717022429509138e-18,5.574478220032958e-22,1.50197011037143e-15,0.0,0.0
0.003642052565707134,0.12140175219023781,299.99999999996527,0.6516985521313549,1.6305614505199924e-15,0.0,2.1246208000885968e-20,0.0,1.2863771629563987e-23,2.5848477006221918e-15,1.814768282275741e-21,8.075449395407899e-16,1.6738301548824317e-15,0.0,2.965438314580922e-16,1.3175072441605416e-32,0.0,1.0,1.132306037773181e-19,0.0,0.0,1.928404209060135e-15,0.0,8.489430037195272e-18,0.0,1.3803545244544226e-14,0.0,0.0,0.0,0.0,0.0,0.0,0.0,0.0,0.0,0.0,6.369923901447131e-16,0.0,0.0,0.0,4.946824817809398e-16,6.4911602694717e-15,0.0,0.0,9.63310452144519e-16,1.0304847663165169e-17,5.425751308982266e-23,1.689389950330928e-16,3.1957685447810864e-19,1.546710184589268e-14,0.0,0.0,1.5717022429517935e-18,5.574478230309959e-22,1.50197011037138e-15,0.0,0.0
0.0036795994993742177,0.12265331664580727,299.99999999996527,0.6516985521313549,1.6302970081278911e-15,0.0,2.1189877185500693e-20,0.0,1.282837269856622e-23,2.5848477630616735e-15,1.8147692222475312e-21,8.075449395396384e-16,1.6738301581992424e-15,0.0,2.9648538223592763e-16,1.3174242330956166e-32,0.0,1.0,1.1323288663757422e-19,0.0,0.0,1.9284042090583777e-15,0.0,8.48938764616391e-18,0.0,1.3803545159204894e-14,0.0,0.0,0.0,0.0,0.0,0.0,0.0,0.0,0.0,0.0,6.369923901433079e-16,0.0,0.0,0.0,4.946824869006135e-16,6.491160269472264e-15,0.0,0.0,9.633104522649066e-16,1.0304847557725618e-17,5.425751298525522e-23,1.6893899504785666e-16,3.195768544743809e-19,1.5467101846114973e-14,0.0,0.0,1.5717022429526733e-18,5.574478240586959e-22,1.5019701103713299e-15,0.0,0.0
0.0037171464330413018,0.12390488110137673,299.99999999996527,0.6516985521313549,1.6300325657357898e-15,0.0,2.1133546370115417e-20,0.0,1.2792973767568452e-23,2.5848478255011552e-15,1.8147701622193212e-21,8.075449395384871e-16,1.673830161516053e-15,0.0,2.9642693301376305e-16,1.3173412220306917e-32,0.0,1.0,1.1323516949783035e-19,0.0,0.0,1.9284042090566205e-15,0.0,8.489345255132548e-18,0.0,1.380354507386556e-14,0.0,0.0,0.0,0.0,0.0,0.0,0.0,0.0,0.0,0.0,6.369923901419027e-16,0.0,0.0,0.0,4.94682492020287e-16,6.4911602694728274e-15,0.0,0.0,9.63310452385294e-16,1.0304847452286067e-17,5.425751288068779e-23,1.6893899506262052e-16,3.1957685447065317e-19,1.546710184633726e-14,0.0,0.0,1.5717022429535529e-18,5.57447825086396e-22,1.5019701103712798e-15,0.0,0.0
0.0037546933667083854,0.1251564455569462,299.99999999996527,0.6516985521313549,1.6297666922086779e-15,0.0,2.1077288644266667e-20,0.0,1.2757651536187235e-23,2.584847887852336e-15,1.8147711075047143e-21,8.075449395373279e-16,1.6738301648846253e-15,0.0,2.9636818381781645e-16,1.317257757338459e-32,0.0,1.0,1.1323746529184678e-19,0.0,0.0,1.9284042090548594e-15,0.0,8.489302624287431e-18,0.0,1.3803544988061978e-14,0.0,0.0,0.0,0.0,0.0,0.0,0.0,0.0,0.0,0.0,6.369923901405135e-16,0.0,0.0,0.0,4.946824971678328e-16,6.4911602694733615e-15,0.0,0.0,9.633104525063365e-16,1.0304847346273561e-17,5.425751277555122e-23,1.6893899507745347e-16,3.195768544669e-19,1.5467101846560635e-14,0.0,0.0,1.5717022429544012e-18,5.574478261119331e-22,1.5019701103712316e-15,0.0,0.0
0.0037922403003754694,0.12640801001251564,299.99999999996527,0.6516985521313549,1.6294908007364908e-15,0.0,2.102154254517357e-20,0.0,1.2722866202121867e-23,2.5848479495854064e-15,1.814772089985331e-21,8.075449395361142e-16,1.6738301686155296e-15,0.0,2.96307334805396e-16,1.317171117255074e-32,0.0,1.0,1.1323985162218557e-19,0.0,0.0,1.9284042090530715e-15,0.0,8.489258314746028e-18,0.0,1.3803544899008658e-14,0.0,0.0,0.0,0.0,0.0,0.0,0.0,0.0,0.0,0.0,6.369923901392363e-16,0.0,0.0,0.0,4.94682502510484e-16,6.4911602694736904e-15,0.0,0.0,9.633104526319634e-16,1.0304847236250368e-17,5.425751266643071e-23,1.689389950927701e-16,3.195768544629691e-19,1.54671018467916e-14,0.0,0.0,1.5717022429550304e-18,5.5744782712232955e-22,1.5019701103711965e-15,0.0,0.0
0.0038297872340425534,0.12765957446808512,299.99999999996527,0.6516985521313549,1.6292149092643036e-15,0.0,2.0965796446080474e-20,0.0,1.26880808680565e-23,2.584848011318477e-15,1.8147730724659477e-21,8.075449395349004e-16,1.673830172346434e-15,0.0,2.9624648579297563e-16,1.3170844771716887e-32,0.0,1.0,1.1324223795252433e-19,0.0,0.0,1.9284042090512835e-15,0.0,8.489214005204626e-18,0.0,1.3803544809955339e-14,0.0,0.0,0.0,0.0,0.0,0.0,0.0,0.0,0.0,0.0,6.369923901379591e-16,0.0,0.0,0.0,4.946825078531351e-16,6.49116026947402e-15,0.0,0.0,9.6331045275759e-16,1.0304847126227175e-17,5.425751255731019e-23,1.689389951080867e-16,3.195768544590382e-19,1.5467101847022563e-14,0.0,0.0,1.5717022429556596e-18,5.57447828132726e-22,1.5019701103711614e-15,0.0,0.0
0.003867334167709637,0.12891113892365458,299.99999999996527,0.6516985521313549,1.6289390177921166e-15,0.0,2.0910050346987377e-20,0.0,1.2653295533991134e-23,2.5848480730515472e-15,1.8147740549465643e-21,8.075449395336867e-16,1.6738301760773383e-15,0.0,2.961856367805552e-16,1.3169978370883034e-32,0.0,1.0,1.1324462428286311e-19,0.0,0.0,1.928404209049495e-15,0.0,8.489169695663222e-18,0.0,1.380354472090202e-14,0.0,0.0,0.0,0.0,0.0,0.0,0.0,0.0,0.0,0.0,6.36992390136682e-16,0.0,0.0,0.0,4.946825131957863e-16,6.491160269474349e-15,0.0,0.0,9.63310452883217e-16,1.0304847016203982e-17,5.425751244818968e-23,1.6893899512340333e-16,3.1957685445510726e-19,1.546710184725353e-14,0.0,0.0,1.5717022429562888e-18,5.5744782914312245e-22,1.5019701103711263e-15,0.0,0.0
0.003904881101376721,0.13016270337922403,299.99999999996527,0.6516985521313549,1.6286631263199293e-15,0.0,2.0854304247894278e-20,0.0,1.2618510199925767e-23,2.584848134784618e-15,1.814775037427181e-21,8.075449395324729e-16,1.6738301798082427e-15,0.0,2.961247877681348e-16,1.3169111970049185e-32,0.0,1.0,1.1324701061320187e-19,0.0,0.0,1.9284042090477072e-15,0.0,8.48912538612182e-18,0.0,1.3803544631848701e-14,0.0,0.0,0.0,0.0,0.0,0.0,0.0,0.0,0.0,0.0,6.369923901354048e-16,0.0,0.0,0.0,4.946825185384375e-16,6.491160269474678e-15,0.0,0.0,9.633104530088437e-16,1.0304846906180789e-17,5.425751233906917e-23,1.6893899513871998e-16,3.1957685445117634e-19,1.5467101847484492e-14,0.0,0.0,1.571702242956918e-18,5.574478301535189e-22,1.5019701103710912e-15,0.0,0.0
0.003942428035043805,0.1314142678347935,299.99999999996527,0.6516985521313549,1.6283872348477423e-15,0.0,2.079855814880118e-20,0.0,1.25837248658604e-23,2.5848481965176884e-15,1.814776019907798e-21,8.075449395312591e-16,1.6738301835391471e-15,0.0,2.9606393875571436e-16,1.3168245569215332e-32,0.0,1.0,1.1324939694354066e-19,0.0,0.0,1.928404209045919e-15,0.0,8.489081076580417e-18,0.0,1.3803544542795382e-14,0.0,0.0,0.0,0.0,0.0,0.0,0.0,0.0,0.0,0.0,6.369923901341276e-16,0.0,0.0,0.0,4.946825238810886e-16,6.491160269475008e-15,0.0,0.0,9.633104531344706e-16,1.0304846796157596e-17,5.425751222994865e-23,1.689389951540366e-16,3.1957685444724537e-19,1.5467101847715455e-14,0.0,0.0,1.5717022429575473e-18,5.574478311639153e-22,1.5019701103710561e-15,0.0,0.0
0.003979974968710888,0.13266583229036294,299.99999999996527,0.6516985521313549,1.628111343375555e-15,0.0,2.0742812049708085e-20,0.0,1.2548939531795034e-23,2.584848258250759e-15,1.8147770023884147e-21,8.075449395300455e-16,1.6738301872700514e-15,0.0,2.96003089743294e-16,1.316737916838148e-32,0.0,1.0,1.1325178327387944e-19,0.0,0.0,1.928404209044131e-15,0.0,8.489036767039015e-18,0.0,1.3803544453742062e-14,0.0,0.0,0.0,0.0,0.0,0.0,0.0,0.0,0.0,0.0,6.369923901328505e-16,0.0,0.0,0.0,4.946825292237398e-16,6.491160269475337e-15,0.0,0.0,9.633104532600972e-16,1.0304846686134403e-17,5.425751212082814e-23,1.6893899516935322e-16,3.1957685444331445e-19,1.546710184794642e-14,0.0,0.0,1.5717022429581765e-18,5.574478321743117e-22,1.501970110371021e-15,0.0,0.0
0.004017521902377972,0.13391739674593242,299.99999999996527,0.6516985521313549,1.627835451903368e-15,0.0,2.0687065950614988e-20,0.0,1.2514154197729667e-23,2.5848483199838296e-15,1.8147779848690314e-21,8.075449395288317e-16,1.6738301910009558e-15,0.0,2.9594224073087354e-16,1.3166512767547628e-32,0.0,1.0,1.132541696042182e-19,0.0,0.0,1.928404209042343e-15,0.0,8.488992457497612e-18,0.0,1.3803544364688743e-14,0.0,0.0,0.0,0.0,0.0,0.0,0.0,0.0,0.0,0.0,6.369923901315733e-16,0.0,0.0,0.0,4.94682534566391e-16,6.491160269475666e-15,0.0,0.0,9.633104533857241e-16,1.030484657611121e-17,5.425751201170762e-23,1.6893899518466985e-16,3.1957685443938353e-19,1.5467101848177383e-14,0.0,0.0,1.5717022429588057e-18,5.574478331847082e-22,1.501970110370986e-15,0.0,0.0
0.004055068836045056,0.13516896120150187,299.99999999996527,0.6516985521313549,1.6275595604311808e-15,0.0,2.0631319851521892e-20,0.0,1.24793688636643e-23,2.5848483817169e-15,1.814778967349648e-21,8.07544939527618e-16,1.6738301947318603e-15,0.0,2.958813917184531e-16,1.3165646366713778e-32,0.0,1.0,1.13256555934557e-19,0.0,0.0,1.9284042090405546e-15,0.0,8.48894814795621e-18,0.0,1.3803544275635423e-14,0.0,0.0,0.0,0.0,0.0,0.0,0.0,0.0,0.0,0.0,6.369923901302961e-16,0.0,0.0,0.0,4.946825399090421e-16,6.4911602694759955e-15,0.0,0.0,9.633104535113508e-16,1.0304846466088016e-17,5.425751190258711e-23,1.6893899519998647e-16,3.195768544354526e-19,1.546710184840835e-14,0.0,0.0,1.5717022429594347e-18,5.574478341951046e-22,1.5019701103709508e-15,0.0,0.0
0.00409261576971214,0.13642052565707136,299.99999999996527,0.6516985521313549,1.6272836689589937e-15,0.0,2.0575573752428795e-20,0.0,1.2444583529598933e-23,2.5848484434499704e-15,1.8147799498302648e-21,8.075449395264042e-16,1.6738301984627645e-15,0.0,2.958205427060327e-16,1.3164779965879926e-32,0.0,1.0,1.1325894226489575e-19,0.0,0.0,1.9284042090387666e-15,0.0,8.488903838414807e-18,0.0,1.3803544186582103e-14,0.0,0.0,0.0,0.0,0.0,0.0,0.0,0.0,0.0,0.0,6.36992390129019e-16,0.0,0.0,0.0,4.946825452516933e-16,6.4911602694763245e-15,0.0,0.0,9.633104536369777e-16,1.0304846356064823e-17,5.42575117934666e-23,1.6893899521530312e-16,3.195768544315217e-19,1.5467101848639312e-14,0.0,0.0,1.5717022429600639e-18,5.574478352055011e-22,1.5019701103709157e-15,0.0,0.0
0.004130162703379224,0.1376720901126408,299.9999999999652,0.6516985521313547,1.6270077774868065e-15,0.0,2.0519827653335695e-20,0.0,1.2409798195533566e-23,2.584848505183041e-15,1.8147809323108814e-21,8.075449395251905e-16,1.673830202193669e-15,0.0,2.957596936936123e-16,1.3163913565046074e-32,0.0,1.0,1.1326132859523454e-19,0.0,0.0,1.9284042090369787e-15,0.0,8.488859528873405e-18,0.0,1.3803544097528784e-14,0.0,0.0,0.0,0.0,0.0,0.0,0.0,0.0,0.0,0.0,6.369923901277418e-16,0.0,0.0,0.0,4.946825505943444e-16,6.4911602694766534e-15,0.0,0.0,9.633104537626044e-16,1.030484624604163e-17,5.425751168434608e-23,1.6893899523061974e-16,3.1957685442759077e-19,1.5467101848870274e-14,0.0,0.0,1.571702242960693e-18,5.574478362158974e-22,1.5019701103708806e-15,0.0,0.0
0.0041677096370463075,0.13892365456821026,299.9999999999652,0.6516985521313547,1.6267318860146195e-15,0.0,2.0464081554242602e-20,0.0,1.23750128614682e-23,2.5848485669161116e-15,1.814781914791498e-21,8.075449395239768e-16,1.6738302059245732e-15,0.0,2.956988446811919e-16,1.316304716421222e-32,0.0,1.0,1.132637149255733e-19,0.0,0.0,1.9284042090351903e-15,0.0,8.488815219332001e-18,0.0,1.3803544008475464e-14,0.0,0.0,0.0,0.0,0.0,0.0,0.0,0.0,0.0,0.0,6.369923901264646e-16,0.0,0.0,0.0,4.946825559369956e-16,6.491160269476983e-15,0.0,0.0,9.63310453888231e-16,1.0304846136018437e-17,5.425751157522557e-23,1.6893899524593636e-16,3.1957685442365986e-19,1.546710184910124e-14,0.0,0.0,1.5717022429613223e-18,5.574478372262939e-22,1.5019701103708455e-15,0.0,0.0
0.004205256570713392,0.14017521902377972,299.9999999999652,0.6516985521313547,1.6264559945424322e-15,0.0,2.0408335455149502e-20,0.0,1.2340227527402833e-23,2.5848486286491822e-15,1.8147828972721148e-21,8.07544939522763e-16,1.6738302096554776e-15,0.0,2.9563799566877145e-16,1.3162180763378372e-32,0.0,1.0,1.1326610125591208e-19,0.0,0.0,1.9284042090334024e-15,0.0,8.4887709097906e-18,0.0,1.3803543919422145e-14,0.0,0.0,0.0,0.0,0.0,0.0,0.0,0.0,0.0,0.0,6.369923901251875e-16,0.0,0.0,0.0,4.946825612796468e-16,6.491160269477312e-15,0.0,0.0,9.63310454013858e-16,1.0304846025995244e-17,5.425751146610505e-23,1.6893899526125298e-16,3.1957685441972894e-19,1.5467101849332203e-14,0.0,0.0,1.5717022429619515e-18,5.574478382366903e-22,1.5019701103708104e-15,0.0,0.0
0.004242803504380476,0.1414267834793492,299.9999999999652,0.6516985521313547,1.6261801030702452e-15,0.0,2.0352589356056406e-20,0.0,1.2305442193337466e-23,2.584848690382253e-15,1.8147838797527315e-21,8.075449395215493e-16,1.673830213386382e-15,0.0,2.9557714665635106e-16,1.316131436254452e-32,0.0,1.0,1.1326848758625084e-19,0.0,0.0,1.9284042090316144e-15,0.0,8.488726600249198e-18,0.0,1.3803543830368825e-14,0.0,0.0,0.0,0.0,0.0,0.0,0.0,0.0,0.0,0.0,6.369923901239103e-16,0.0,0.0,0.0,4.946825666222979e-16,6.491160269477641e-15,0.0,0.0,9.633104541394847e-16,1.0304845915972051e-17,5.425751135698454e-23,1.6893899527656963e-16,3.19576854415798e-19,1.546710184956317e-14,0.0,0.0,1.5717022429625807e-18,5.574478392470868e-22,1.5019701103707753e-15,0.0,0.0
0.00428035043804756,0.14267834793491865,299.9999999999652,0.6516985521313547,1.625904211598058e-15,0.0,2.029684325696331e-20,0.0,1.2270656859272098e-23,2.584848752115323e-15,1.814784862233348e-21,8.075449395203355e-16,1.6738302171172863e-15,0.0,2.955162976439306e-16,1.3160447961710667e-32,0.0,1.0,1.1327087391658963e-19,0.0,0.0,1.928404209029826e-15,0.0,8.488682290707794e-18,0.0,1.3803543741315506e-14,0.0,0.0,0.0,0.0,0.0,0.0,0.0,0.0,0.0,0.0,6.369923901226331e-16,0.0,0.0,0.0,4.946825719649491e-16,6.491160269477971e-15,0.0,0.0,9.633104542651116e-16,1.0304845805948858e-17,5.425751124786403e-23,1.6893899529188625e-16,3.195768544118671e-19,1.546710184979413e-14,0.0,0.0,1.5717022429632099e-18,5.574478402574832e-22,1.5019701103707402e-15,0.0,0.0
0.004317897371714644,0.14392991239048814,299.9999999999652,0.6516985521313547,1.6256283201258709e-15,0.0,2.0241097157870213e-20,0.0,1.2235871525206732e-23,2.5848488138483936e-15,1.8147858447139648e-21,8.075449395191218e-16,1.6738302208481907e-15,0.0,2.9545544863151024e-16,1.3159581560876818e-32,0.0,1.0,1.132732602469284e-19,0.0,0.0,1.928404209028038e-15,0.0,8.488637981166392e-18,0.0,1.3803543652262188e-14,0.0,0.0,0.0,0.0,0.0,0.0,0.0,0.0,0.0,0.0,6.36992390121356e-16,0.0,0.0,0.0,4.946825773076003e-16,6.4911602694783e-15,0.0,0.0,9.633104543907383e-16,1.0304845695925665e-17,5.425751113874351e-23,1.6893899530720287e-16,3.195768544079362e-19,1.5467101850025094e-14,0.0,0.0,1.571702242963839e-18,5.574478412678797e-22,1.501970110370705e-15,0.0,0.0
0.004355444305381727,0.14518147684605756,299.9999999999652,0.6516985521313547,1.6253524286536837e-15,0.0,2.0185351058777116e-20,0.0,1.2201086191141366e-23,2.5848488755814642e-15,1.8147868271945815e-21,8.075449395179081e-16,1.673830224579095e-15,0.0,2.953945996190898e-16,1.3158715160042965e-32,0.0,1.0,1.1327564657726717e-19,0.0,0.0,1.9284042090262498e-15,0.0,8.488593671624989e-18,0.0,1.3803543563208868e-14,0.0,0.0,0.0,0.0,0.0,0.0,0.0,0.0,0.0,0.0,6.369923901200788e-16,0.0,0.0,0.0,4.946825826502514e-16,6.491160269478629e-15,0.0,0.0,9.633104545163651e-16,1.0304845585902472e-17,5.4257511029623e-23,1.689389953225195e-16,3.1957685440400526e-19,1.546710185025606e-14,0.0,0.0,1.571702242964468e-18,5.57447842278276e-22,1.50197011037067e-15,0.0,0.0
0.004392991239048811,0.14643304130162704,299.9999999999652,0.6516985521313547,1.6250765371814966e-15,0.0,2.012960495968402e-20,0.0,1.2166300857075998e-23,2.584848937314535e-15,1.814787809675198e-21,8.075449395166943e-16,1.6738302283099994e-15,0.0,2.9533375060666936e-16,1.3157848759209113e-32,0.0,1.0,1.1327803290760594e-19,0.0,0.0,1.928404209024462e-15,0.0,8.488549362083587e-18,0.0,1.3803543474155548e-14,0.0,0.0,0.0,0.0,0.0,0.0,0.0,0.0,0.0,0.0,6.3699239011880165e-16,0.0,0.0,0.0,4.946825879929026e-16,6.4911602694789585e-15,0.0,0.0,9.633104546419918e-16,1.0304845475879278e-17,5.425751092050248e-23,1.6893899533783614e-16,3.1957685440007434e-19,1.5467101850487023e-14,0.0,0.0,1.5717022429650973e-18,5.574478432886725e-22,1.5019701103706349e-15,0.0,0.0
0.004430538172715895,0.1476846057571965,299.9999999999652,0.6516985521313547,1.6248006457093094e-15,0.0,2.0073858860590923e-20,0.0,1.2131515523010632e-23,2.5848489990476054e-15,1.814788792155815e-21,8.075449395154805e-16,1.6738302320409038e-15,0.0,2.9527290159424897e-16,1.315698235837526e-32,0.0,1.0,1.1328041923794472e-19,0.0,0.0,1.928404209022674e-15,0.0,8.488505052542184e-18,0.0,1.3803543385102229e-14,0.0,0.0,0.0,0.0,0.0,0.0,0.0,0.0,0.0,0.0,6.369923901175245e-16,0.0,0.0,0.0,4.946825933355538e-16,6.4911602694792874e-15,0.0,0.0,9.633104547676187e-16,1.0304845365856085e-17,5.425751081138197e-23,1.6893899535315276e-16,3.195768543961434e-19,1.546710185071799e-14,0.0,0.0,1.5717022429657265e-18,5.574478442990689e-22,1.5019701103705998e-15,0.0,0.0
0.004468085106382979,0.14893617021276598,299.9999999999652,0.6516985521313547,1.6245247542371223e-15,0.0,2.0018112761497824e-20,0.0,1.2096730188945265e-23,2.5848490607806756e-15,1.8147897746364315e-21,8.075449395142668e-16,1.673830235771808e-15,0.0,2.9521205258182854e-16,1.315611595754141e-32,0.0,1.0,1.1328280556828348e-19,0.0,0.0,1.9284042090208855e-15,0.0,8.488460743000782e-18,0.0,1.380354329604891e-14,0.0,0.0,0.0,0.0,0.0,0.0,0.0,0.0,0.0,0.0,6.369923901162473e-16,0.0,0.0,0.0,4.946825986782049e-16,6.491160269479616e-15,0.0,0.0,9.633104548932454e-16,1.0304845255832892e-17,5.425751070226146e-23,1.6893899536846938e-16,3.195768543922125e-19,1.546710185094895e-14,0.0,0.0,1.5717022429663557e-18,5.574478453094654e-22,1.5019701103705647e-15,0.0,0.0
0.004505632040050063,0.15018773466833543,299.9999999999652,0.6516985521313547,1.624247754146207e-15,0.0,1.9962386781278658e-20,0.0,1.2061957969611987e-23,2.584849122486707e-15,1.8147907610894668e-21,8.075449395131149e-16,1.6738302395341449e-15,0.0,2.9515097686879605e-16,1.3155245785619424e-32,0.0,1.0,1.132852015671889e-19,0.0,0.0,1.928404209019226e-15,0.0,8.488416255146831e-18,0.0,1.3803543206649329e-14,0.0,0.0,0.0,0.0,0.0,0.0,0.0,0.0,0.0,0.0,6.369923901150867e-16,0.0,0.0,0.0,4.946826040417645e-16,6.491160269480262e-15,0.0,0.0,9.633104550193937e-16,1.0304845145384894e-17,5.425751059271531e-23,1.6893899538387069e-16,3.19576854388321e-19,1.5467101851181438e-14,0.0,0.0,1.5717022429674589e-18,5.574478463202286e-22,1.501970110370503e-15,0.0,0.0
0.004543178973717146,0.15143929912390489,299.9999999999652,0.6516985521313547,1.623964471882499e-15,0.0,1.9906774808011765e-20,0.0,1.2027260067093878e-23,2.584849184039515e-15,1.8147917700528724e-21,8.075449395123125e-16,1.6738302434745984e-15,0.0,2.9508861651896186e-16,1.315435424419801e-32,0.0,1.0,1.1328765235463862e-19,0.0,0.0,1.928404209018295e-15,0.0,8.488370756855108e-18,0.0,1.3803543115287608e-14,0.0,0.0,0.0,0.0,0.0,0.0,0.0,0.0,0.0,0.0,6.369923901145866e-16,0.0,0.0,0.0,4.946826095238049e-16,6.491160269482694e-15,0.0,0.0,9.63310455148497e-16,1.0304845032529667e-17,5.425751048075724e-23,1.6893899539975176e-16,3.1957685438465313e-19,1.5467101851422564e-14,0.0,0.0,1.5717022429712475e-18,5.574478473330701e-22,1.5019701103702905e-15,0.0,0.0
0.00458072590738423,0.15269086357947434,299.9999999999652,0.6516985521313547,1.623681189618791e-15,0.0,1.985116283474487e-20,0.0,1.1992562164575768e-23,2.584849245592323e-15,1.8147927790162784e-21,8.075449395115102e-16,1.6738302474150519e-15,0.0,2.950262561691277e-16,1.3153462702776597e-32,0.0,1.0,1.1329010314208834e-19,0.0,0.0,1.9284042090173637e-15,0.0,8.488325258563383e-18,0.0,1.3803543023925887e-14,0.0,0.0,0.0,0.0,0.0,0.0,0.0,0.0,0.0,0.0,6.369923901140864e-16,0.0,0.0,0.0,4.946826150058455e-16,6.4911602694851266e-15,0.0,0.0,9.633104552776001e-16,1.0304844919674442e-17,5.425751036879916e-23,1.6893899541563286e-16,3.195768543809853e-19,1.5467101851663688e-14,0.0,0.0,1.571702242975036e-18,5.574478483459116e-22,1.501970110370078e-15,0.0,0.0
0.004618272841051314,0.15394242803504382,299.9999999999652,0.6516985521313547,1.623397907355083e-15,0.0,1.9795550861477974e-20,0.0,1.1957864262057658e-23,2.584849307145131e-15,1.8147937879796844e-21,8.075449395107078e-16,1.6738302513555056e-15,0.0,2.9496389581929354e-16,1.3152571161355183e-32,0.0,1.0,1.1329255392953806e-19,0.0,0.0,1.9284042090164324e-15,0.0,8.48827976027166e-18,0.0,1.3803542932564167e-14,0.0,0.0,0.0,0.0,0.0,0.0,0.0,0.0,0.0,0.0,6.369923901135863e-16,0.0,0.0,0.0,4.946826204878859e-16,6.4911602694875594e-15,0.0,0.0,9.633104554067033e-16,1.0304844806819215e-17,5.42575102568411e-23,1.6893899543151394e-16,3.195768543773174e-19,1.546710185190481e-14,0.0,0.0,1.5717022429788247e-18,5.57447849358753e-22,1.5019701103698655e-15,0.0,0.0
0.004655819774718398,0.15519399249061328,299.9999999999652,0.6516985521313547,1.623114625091375e-15,0.0,1.973993888821108e-20,0.0,1.1923166359539549e-23,2.584849368697939e-15,1.81479479694309e-21,8.075449395099056e-16,1.673830255295959e-15,0.0,2.9490153546945935e-16,1.315167961993377e-32,0.0,1.0,1.1329500471698776e-19,0.0,0.0,1.928404209015501e-15,0.0,8.488234261979936e-18,0.0,1.3803542841202446e-14,0.0,0.0,0.0,0.0,0.0,0.0,0.0,0.0,0.0,0.0,6.369923901130862e-16,0.0,0.0,0.0,4.946826259699264e-16,6.491160269489992e-15,0.0,0.0,9.633104555358065e-16,1.030484469396399e-17,5.425751014488303e-23,1.6893899544739502e-16,3.195768543736495e-19,1.5467101852145934e-14,0.0,0.0,1.5717022429826134e-18,5.574478503715945e-22,1.501970110369653e-15,0.0,0.0
0.004693366708385482,0.15644555694618276,299.99999999996515,0.6516985521313549,1.622831342827667e-15,0.0,1.9684326914944186e-20,0.0,1.1888468457021439e-23,2.5848494302507464e-15,1.814795805906496e-21,8.075449395091033e-16,1.6738302592364126e-15,0.0,2.9483917511962516e-16,1.3150788078512354e-32,0.0,1.0,1.1329745550443748e-19,0.0,0.0,1.92840420901457e-15,0.0,8.488188763688211e-18,0.0,1.3803542749840724e-14,0.0,0.0,0.0,0.0,0.0,0.0,0.0,0.0,0.0,0.0,6.369923901125861e-16,0.0,0.0,0.0,4.946826314519668e-16,6.491160269492425e-15,0.0,0.0,9.633104556649097e-16,1.0304844581108763e-17,5.425751003292495e-23,1.689389954632761e-16,3.1957685436998164e-19,1.5467101852387057e-14,0.0,0.0,1.5717022429864021e-18,5.57447851384436e-22,1.5019701103694405e-15,0.0,0.0
0.004730913642052565,0.15769712140175218,299.99999999996515,0.6516985521313549,1.6225480605639589e-15,0.0,1.9628714941677293e-20,0.0,1.185377055450333e-23,2.5848494918035544e-15,1.8147968148699017e-21,8.075449395083009e-16,1.6738302631768661e-15,0.0,2.9477681476979097e-16,1.314989653709094e-32,0.0,1.0,1.132999062918872e-19,0.0,0.0,1.9284042090136387e-15,0.0,8.488143265396488e-18,0.0,1.3803542658479003e-14,0.0,0.0,0.0,0.0,0.0,0.0,0.0,0.0,0.0,0.0,6.36992390112086e-16,0.0,0.0,0.0,4.946826369340073e-16,6.491160269494858e-15,0.0,0.0,9.63310455794013e-16,1.0304844468253538e-17,5.425750992096688e-23,1.689389954791572e-16,3.1957685436631375e-19,1.5467101852628184e-14,0.0,0.0,1.5717022429901908e-18,5.574478523972775e-22,1.501970110369228e-15,0.0,0.0
0.0047684605757196494,0.15894868585732166,299.99999999996515,0.6516985521313549,1.6222647783002509e-15,0.0,1.9573102968410397e-20,0.0,1.181907265198522e-23,2.5848495533563624e-15,1.8147978238333078e-21,8.075449395074987e-16,1.6738302671173196e-15,0.0,2.947144544199568e-16,1.3149004995669527e-32,0.0,1.0,1.1330235707933692e-19,0.0,0.0,1.9284042090127074e-15,0.0,8.488097767104764e-18,0.0,1.3803542567117283e-14,0.0,0.0,0.0,0.0,0.0,0.0,0.0,0.0,0.0,0.0,6.369923901115858e-16,0.0,0.0,0.0,4.946826424160477e-16,6.491160269497291e-15,0.0,0.0,9.633104559231161e-16,1.0304844355398312e-17,5.425750980900882e-23,1.6893899549503827e-16,3.1957685436264587e-19,1.5467101852869307e-14,0.0,0.0,1.5717022429939793e-18,5.57447853410119e-22,1.5019701103690155e-15,0.0,0.0
0.0048060075093867335,0.16020025031289112,299.99999999996515,0.6516985521313549,1.6219814960365428e-15,0.0,1.9517490995143502e-20,0.0,1.1784374749467112e-23,2.5848496149091704e-15,1.8147988327967138e-21,8.075449395066964e-16,1.6738302710577733e-15,0.0,2.946520940701226e-16,1.3148113454248114e-32,0.0,1.0,1.1330480786678662e-19,0.0,0.0,1.928404209011776e-15,0.0,8.488052268813041e-18,0.0,1.3803542475755562e-14,0.0,0.0,0.0,0.0,0.0,0.0,0.0,0.0,0.0,0.0,6.369923901110857e-16,0.0,0.0,0.0,4.946826478980882e-16,6.491160269499723e-15,0.0,0.0,9.633104560522193e-16,1.0304844242543085e-17,5.425750969705075e-23,1.6893899551091935e-16,3.1957685435897803e-19,1.546710185311043e-14,0.0,0.0,1.571702242997768e-18,5.574478544229603e-22,1.501970110368803e-15,0.0,0.0
0.0048435544430538175,0.1614518147684606,299.99999999996515,0.6516985521313549,1.6216982137728348e-15,0.0,1.946187902187661e-20,0.0,1.1749676846949002e-23,2.5848496764619784e-15,1.8147998417601194e-21,8.07544939505894e-16,1.6738302749982268e-15,0.0,2.945897337202884e-16,1.31472219128267e-32,0.0,1.0,1.1330725865423634e-19,0.0,0.0,1.928404209010845e-15,0.0,8.488006770521316e-18,0.0,1.3803542384393841e-14,0.0,0.0,0.0,0.0,0.0,0.0,0.0,0.0,0.0,0.0,6.369923901105856e-16,0.0,0.0,0.0,4.946826533801287e-16,6.491160269502156e-15,0.0,0.0,9.633104561813225e-16,1.030484412968786e-17,5.425750958509267e-23,1.6893899552680042e-16,3.1957685435531014e-19,1.5467101853351553e-14,0.0,0.0,1.5717022430015567e-18,5.574478554358018e-22,1.5019701103685903e-15,0.0,0.0
0.0048811013767209015,0.16270337922403005,299.99999999996515,0.6516985521313549,1.6214137276973037e-15,0.0,1.9406269772920197e-20,0.0,1.1714980826249494e-23,2.5848497380062754e-15,1.8148008555750426e-21,8.075449395050881e-16,1.6738302789698792e-15,0.0,2.945270954383359e-16,1.3146326036019764e-32,0.0,1.0,1.1330972125356206e-19,0.0,0.0,1.92840420900991e-15,0.0,8.487961053684709e-18,0.0,1.3803542292606548e-14,0.0,0.0,0.0,0.0,0.0,0.0,0.0,0.0,0.0,0.0,6.369923901100835e-16,0.0,0.0,0.0,4.946826588877341e-16,6.4911602695046e-15,0.0,0.0,9.633104563110249e-16,1.0304844016308132e-17,5.425750947261138e-23,1.689389955427495e-16,3.1957685435162536e-19,1.5467101853593756e-14,0.0,0.0,1.5717022430053644e-18,5.574478564503617e-22,1.5019701103683768e-15,0.0,0.0
0.004918648310387985,0.1639549436795995,299.99999999996515,0.6516985521313549,1.6211230373608389e-15,0.0,1.935067456464089e-20,0.0,1.1680294504153545e-23,2.584849799506709e-15,1.8148018943939393e-21,8.075449395042636e-16,1.6738302831023253e-15,0.0,2.944630247370044e-16,1.3145407815302837e-32,0.0,1.0,1.1331224472947945e-19,0.0,0.0,1.9284042090089576e-15,0.0,8.487914210501388e-18,0.0,1.380354219862592e-14,0.0,0.0,0.0,0.0,0.0,0.0,0.0,0.0,0.0,0.0,6.369923901095713e-16,0.0,0.0,0.0,4.946826645270975e-16,6.491160269507107e-15,0.0,0.0,9.633104564438148e-16,1.0304843900225197e-17,5.425750935743348e-23,1.6893899555904886e-16,3.1957685434785338e-19,1.546710185384152e-14,0.0,0.0,1.571702243009271e-18,5.574478574737778e-22,1.5019701103681574e-15,0.0,0.0
0.004956195244055069,0.16520650813516896,299.99999999996515,0.6516985521313549,1.6208323470243738e-15,0.0,1.9295079356361586e-20,0.0,1.1645608182057594e-23,2.584849861007142e-15,1.814802933212836e-21,8.075449395034391e-16,1.6738302872347715e-15,0.0,2.943989540356729e-16,1.3144489594585907e-32,0.0,1.0,1.1331476820539688e-19,0.0,0.0,1.9284042090080046e-15,0.0,8.487867367318069e-18,0.0,1.3803542104645293e-14,0.0,0.0,0.0,0.0,0.0,0.0,0.0,0.0,0.0,0.0,6.369923901090592e-16,0.0,0.0,0.0,4.94682670166461e-16,6.4911602695096136e-15,0.0,0.0,9.633104565766048e-16,1.0304843784142264e-17,5.425750924225558e-23,1.6893899557534823e-16,3.1957685434408144e-19,1.5467101854089287e-14,0.0,0.0,1.5717022430131775e-18,5.574478584971939e-22,1.5019701103679381e-15,0.0,0.0
0.004993742177722153,0.16645807259073844,299.99999999996515,0.6516985521313549,1.620541656687909e-15,0.0,1.923948414808228e-20,0.0,1.1610921859961644e-23,2.5848499225075756e-15,1.8148039720317326e-21,8.075449395026146e-16,1.6738302913672178e-15,0.0,2.943348833343414e-16,1.314357137386898e-32,0.0,1.0,1.1331729168131428e-19,0.0,0.0,1.928404209007052e-15,0.0,8.48782052413475e-18,0.0,1.3803542010664664e-14,0.0,0.0,0.0,0.0,0.0,0.0,0.0,0.0,0.0,0.0,6.3699239010854705e-16,0.0,0.0,0.0,4.946826758058244e-16,6.49116026951212e-15,0.0,0.0,9.633104567093947e-16,1.0304843668059331e-17,5.425750912707768e-23,1.689389955916476e-16,3.195768543403095e-19,1.5467101854337052e-14,0.0,0.0,1.571702243017084e-18,5.574478595206099e-22,1.5019701103677188e-15,0.0,0.0
0.005031289111389237,0.1677096370463079,299.99999999996515,0.6516985521313549,1.620250966351444e-15,0.0,1.9183888939802973e-20,0.0,1.1576235537865694e-23,2.584849984008009e-15,1.8148050108506293e-21,8.075449395017901e-16,1.6738302954996639e-15,0.0,2.942708126330099e-16,1.314265315315205e-32,0.0,1.0,1.133198151572317e-19,0.0,0.0,1.928404209006099e-15,0.0,8.48777368095143e-18,0.0,1.3803541916684037e-14,0.0,0.0,0.0,0.0,0.0,0.0,0.0,0.0,0.0,0.0,6.369923901080349e-16,0.0,0.0,0.0,4.9468268144518775e-16,6.491160269514627e-15,0.0,0.0,9.633104568421849e-16,1.0304843551976398e-17,5.425750901189979e-23,1.6893899560794695e-16,3.1957685433653753e-19,1.5467101854584817e-14,0.0,0.0,1.5717022430209905e-18,5.57447860544026e-22,1.5019701103674995e-15,0.0,0.0
0.005068836045056321,0.16896120150187738,299.99999999996515,0.6516985521313549,1.619960276014979e-15,0.0,1.9128293731523666e-20,0.0,1.1541549215769744e-23,2.5848500455084427e-15,1.8148060496695264e-21,8.075449395009656e-16,1.6738302996321102e-15,0.0,2.9420674193167837e-16,1.3141734932435124e-32,0.0,1.0,1.133223386331491e-19,0.0,0.0,1.928404209005146e-15,0.0,8.48772683776811e-18,0.0,1.3803541822703409e-14,0.0,0.0,0.0,0.0,0.0,0.0,0.0,0.0,0.0,0.0,6.369923901075228e-16,0.0,0.0,0.0,4.946826870845511e-16,6.491160269517133e-15,0.0,0.0,9.633104569749748e-16,1.0304843435893464e-17,5.425750889672187e-23,1.6893899562424632e-16,3.195768543327656e-19,1.5467101854832583e-14,0.0,0.0,1.571702243024897e-18,5.574478615674421e-22,1.5019701103672802e-15,0.0,0.0
0.005106382978723404,0.1702127659574468,299.99999999996515,0.6516985521313549,1.619669585678514e-15,0.0,1.9072698523244362e-20,0.0,1.1506862893673795e-23,2.584850107008876e-15,1.814807088488423e-21,8.075449395001411e-16,1.6738303037645564e-15,0.0,2.9414267123034686e-16,1.3140816711718194e-32,0.0,1.0,1.133248621090665e-19,0.0,0.0,1.9284042090041936e-15,0.0,8.487679994584791e-18,0.0,1.3803541728722782e-14,0.0,0.0,0.0,0.0,0.0,0.0,0.0,0.0,0.0,0.0,6.369923901070106e-16,0.0,0.0,0.0,4.946826927239145e-16,6.49116026951964e-15,0.0,0.0,9.633104571077647e-16,1.0304843319810531e-17,5.425750878154398e-23,1.6893899564054569e-16,3.1957685432899366e-19,1.5467101855080348e-14,0.0,0.0,1.5717022430288036e-18,5.574478625908581e-22,1.501970110367061e-15,0.0,0.0
0.005143929912390488,0.17146433041301629,299.99999999996515,0.6516985521313549,1.6193788953420492e-15,0.0,1.9017103314965055e-20,0.0,1.1472176571577845e-23,2.5848501685093094e-15,1.8148081273073197e-21,8.075449394993166e-16,1.6738303078970025e-15,0.0,2.940786005290154e-16,1.3139898491001267e-32,0.0,1.0,1.1332738558498392e-19,0.0,0.0,1.9284042090032407e-15,0.0,8.487633151401472e-18,0.0,1.3803541634742154e-14,0.0,0.0,0.0,0.0,0.0,0.0,0.0,0.0,0.0,0.0,6.369923901064985e-16,0.0,0.0,0.0,4.94682698363278e-16,6.491160269522146e-15,0.0,0.0,9.633104572405547e-16,1.0304843203727598e-17,5.425750866636608e-23,1.6893899565684506e-16,3.195768543252217e-19,1.5467101855328114e-14,0.0,0.0,1.57170224303271e-18,5.574478636142742e-22,1.5019701103668416e-15,0.0,0.0
0.005181476846057572,0.17271589486858574,299.99999999996515,0.6516985521313549,1.6190882050055841e-15,0.0,1.8961508106685748e-20,0.0,1.1437490249481894e-23,2.584850230009743e-15,1.8148091661262164e-21,8.075449394984921e-16,1.6738303120294488e-15,0.0,2.940145298276839e-16,1.313898027028434e-32,0.0,1.0,1.1332990906090132e-19,0.0,0.0,1.928404209002288e-15,0.0,8.487586308218152e-18,0.0,1.3803541540761527e-14,0.0,0.0,0.0,0.0,0.0,0.0,0.0,0.0,0.0,0.0,6.369923901059863e-16,0.0,0.0,0.0,4.946827040026414e-16,6.4911602695246524e-15,0.0,0.0,9.633104573733446e-16,1.0304843087644665e-17,5.425750855118818e-23,1.6893899567314443e-16,3.1957685432144974e-19,1.546710185557588e-14,0.0,0.0,1.5717022430366165e-18,5.574478646376903e-22,1.5019701103666223e-15,0.0,0.0
0.005219023779724656,0.17396745932415522,299.99999999996515,0.6516985521313549,1.6187975146691192e-15,0.0,1.8905912898406444e-20,0.0,1.1402803927385946e-23,2.5848502915101765e-15,1.814810204945113e-21,8.075449394976676e-16,1.673830316161895e-15,0.0,2.9395045912635236e-16,1.313806204956741e-32,0.0,1.0,1.1333243253681874e-19,0.0,0.0,1.928404209001335e-15,0.0,8.487539465034832e-18,0.0,1.3803541446780898e-14,0.0,0.0,0.0,0.0,0.0,0.0,0.0,0.0,0.0,0.0,6.369923901054742e-16,0.0,0.0,0.0,4.946827096420048e-16,6.4911602695271594e-15,0.0,0.0,9.633104575061346e-16,1.030484297156173e-17,5.425750843601028e-23,1.689389956894438e-16,3.195768543176778e-19,1.5467101855823645e-14,0.0,0.0,1.571702243040523e-18,5.574478656611063e-22,1.5019701103664028e-15,0.0,0.0
0.00525657071339174,0.17521902377972468,299.99999999996515,0.6516985521313549,1.6185064141101848e-15,0.0,1.885029932771985e-20,0.0,1.1368106347726243e-23,2.5848503530245887e-15,1.8148112497325768e-21,8.075449394968384e-16,1.6738303203287122e-15,0.0,2.9388604538395906e-16,1.3137138479922692e-32,0.0,1.0,1.1333497054499599e-19,0.0,0.0,1.928404209000377e-15,0.0,8.487492352987142e-18,0.0,1.3803541352276072e-14,0.0,0.0,0.0,0.0,0.0,0.0,0.0,0.0,0.0,0.0,6.369923901049593e-16,0.0,0.0,0.0,4.946827153128569e-16,6.491160269529679e-15,0.0,0.0,9.633104576396623e-16,1.0304842854832921e-17,5.425750832018782e-23,1.68938995705827e-16,3.1957685431388474e-19,1.546710185607274e-14,0.0,0.0,1.571702243044451e-18,5.574478666876044e-22,1.5019701103661825e-15,0.0,0.0
0.005294117647058823,0.17647058823529413,299.99999999996515,0.6516985521313549,1.6182133796453233e-15,0.0,1.8794599191398906e-20,0.0,1.133335569669457e-23,2.584850414604901e-15,1.814812322657571e-21,8.075449394959867e-16,1.6738303246575641e-15,0.0,2.9382001444798867e-16,1.3136189693904104e-32,0.0,1.0,1.1333757706239827e-19,0.0,0.0,1.928404208999394e-15,0.0,8.487443973435993e-18,0.0,1.3803541255300025e-14,0.0,0.0,0.0,0.0,0.0,0.0,0.0,0.0,0.0,0.0,6.369923901044311e-16,0.0,0.0,0.0,4.946827211321561e-16,6.4911602695322594e-15,0.0,0.0,9.63310457776668e-16,1.0304842735059259e-17,5.425750820132674e-23,1.6893899572260554e-16,3.195768543099921e-19,1.5467101856328093e-14,0.0,0.0,1.5717022430484798e-18,5.574478677286317e-22,1.5019701103659565e-15,0.0,0.0
0.005331664580725907,0.17772215269086358,299.99999999996515,0.6516985521313549,1.6179203451804616e-15,0.0,1.873889905507796e-20,0.0,1.1298605045662897e-23,2.584850476185213e-15,1.8148133955825646e-21,8.075449394951351e-16,1.673830328986416e-15,0.0,2.9375398351201833e-16,1.3135240907885515e-32,0.0,1.0,1.1334018357980056e-19,0.0,0.0,1.928404208998411e-15,0.0,8.487395593884843e-18,0.0,1.3803541158323977e-14,0.0,0.0,0.0,0.0,0.0,0.0,0.0,0.0,0.0,0.0,6.369923901039029e-16,0.0,0.0,0.0,4.946827269514553e-16,6.4911602695348406e-15,0.0,0.0,9.63310457913674e-16,1.0304842615285599e-17,5.425750808246565e-23,1.6893899573938407e-16,3.1957685430609945e-19,1.5467101856583447e-14,0.0,0.0,1.5717022430525087e-18,5.57447868769659e-22,1.5019701103657307e-15,0.0,0.0
0.005369211514392991,0.17897371714643306,299.99999999996515,0.651698552131355,1.6176273107156e-15,0.0,1.8683198918757016e-20,0.0,1.1263854394631223e-23,2.5848505377655255e-15,1.8148144685075586e-21,8.075449394942835e-16,1.673830333315268e-15,0.0,2.9368795257604794e-16,1.313429212186693e-32,0.0,1.0,1.1334279009720283e-19,0.0,0.0,1.9284042089974276e-15,0.0,8.487347214333694e-18,0.0,1.380354106134793e-14,0.0,0.0,0.0,0.0,0.0,0.0,0.0,0.0,0.0,0.0,6.369923901033748e-16,0.0,0.0,0.0,4.946827327707545e-16,6.491160269537422e-15,0.0,0.0,9.633104580506795e-16,1.0304842495511939e-17,5.425750796360455e-23,1.689389957561626e-16,3.195768543022068e-19,1.5467101856838798e-14,0.0,0.0,1.5717022430565375e-18,5.574478698106864e-22,1.5019701103655047e-15,0.0,0.0
0.005406758448060075,0.18022528160200252,299.99999999996515,0.651698552131355,1.6173342762507384e-15,0.0,1.8627498782436068e-20,0.0,1.1229103743599549e-23,2.584850599345838e-15,1.8148155414325527e-21,8.075449394934319e-16,1.67383033764412e-15,0.0,2.936219216400776e-16,1.313334333584834e-32,0.0,1.0,1.1334539661460512e-19,0.0,0.0,1.9284042089964447e-15,0.0,8.487298834782544e-18,0.0,1.3803540964371881e-14,0.0,0.0,0.0,0.0,0.0,0.0,0.0,0.0,0.0,0.0,6.369923901028465e-16,0.0,0.0,0.0,4.946827385900537e-16,6.491160269540003e-15,0.0,0.0,9.633104581876853e-16,1.0304842375738277e-17,5.425750784474346e-23,1.6893899577294112e-16,3.1957685429831417e-19,1.5467101857094152e-14,0.0,0.0,1.5717022430605664e-18,5.574478708517137e-22,1.5019701103652789e-15,0.0,0.0
0.005444305381727159,0.181476846057572,299.99999999996515,0.651698552131355,1.6170412417858769e-15,0.0,1.8571798646115124e-20,0.0,1.1194353092567875e-23,2.58485066092615e-15,1.8148166143575468e-21,8.075449394925803e-16,1.6738303419729719e-15,0.0,2.935558907041072e-16,1.3132394549829752e-32,0.0,1.0,1.1334800313200739e-19,0.0,0.0,1.9284042089954613e-15,0.0,8.487250455231395e-18,0.0,1.3803540867395835e-14,0.0,0.0,0.0,0.0,0.0,0.0,0.0,0.0,0.0,0.0,6.369923901023184e-16,0.0,0.0,0.0,4.946827444093529e-16,6.491160269542584e-15,0.0,0.0,9.633104583246911e-16,1.0304842255964616e-17,5.425750772588238e-23,1.6893899578971965e-16,3.195768542944215e-19,1.5467101857349507e-14,0.0,0.0,1.5717022430645953e-18,5.57447871892741e-22,1.5019701103650529e-15,0.0,0.0
0.005481852315394243,0.18272841051314143,299.99999999996515,0.651698552131355,1.6167482073210152e-15,0.0,1.851609850979418e-20,0.0,1.1159602441536203e-23,2.5848507225064624e-15,1.814817687282541e-21,8.075449394917286e-16,1.6738303463018238e-15,0.0,2.9348985976813686e-16,1.3131445763811166e-32,0.0,1.0,1.1335060964940968e-19,0.0,0.0,1.9284042089944784e-15,0.0,8.487202075680246e-18,0.0,1.3803540770419786e-14,0.0,0.0,0.0,0.0,0.0,0.0,0.0,0.0,0.0,0.0,6.369923901017903e-16,0.0,0.0,0.0,4.946827502286521e-16,6.491160269545165e-15,0.0,0.0,9.63310458461697e-16,1.0304842136190956e-17,5.425750760702129e-23,1.6893899580649818e-16,3.1957685429052884e-19,1.546710185760486e-14,0.0,0.0,1.5717022430686241e-18,5.574478729337684e-22,1.501970110364827e-15,0.0,0.0
0.005519399249061327,0.18397997496871088,299.99999999996515,0.651698552131355,1.6164551728561537e-15,0.0,1.8460398373473234e-20,0.0,1.112485179050453e-23,2.584850784086775e-15,1.814818760207535e-21,8.075449394908771e-16,1.6738303506306757e-15,0.0,2.9342382883216646e-16,1.3130496977792577e-32,0.0,1.0,1.1335321616681196e-19,0.0,0.0,1.928404208993495e-15,0.0,8.487153696129095e-18,0.0,1.380354067344374e-14,0.0,0.0,0.0,0.0,0.0,0.0,0.0,0.0,0.0,0.0,6.369923901012621e-16,0.0,0.0,0.0,4.946827560479513e-16,6.491160269547746e-15,0.0,0.0,9.633104585987028e-16,1.0304842016417294e-17,5.42575074881602e-23,1.689389958232767e-16,3.195768542866362e-19,1.5467101857860215e-14,0.0,0.0,1.5717022430726528e-18,5.574478739747957e-22,1.5019701103646013e-15,0.0,0.0
0.005556946182728411,0.18523153942428036,299.99999999996515,0.6516985521313551,1.616162138391292e-15,0.0,1.840469823715229e-20,0.0,1.1090101139472856e-23,2.5848508456670872e-15,1.814819833132529e-21,8.075449394900254e-16,1.6738303549595276e-15,0.0,2.933577978961961e-16,1.3129548191773989e-32,0.0,1.0,1.1335582268421423e-19,0.0,0.0,1.928404208992512e-15,0.0,8.487105316577946e-18,0.0,1.3803540576467691e-14,0.0,0.0,0.0,0.0,0.0,0.0,0.0,0.0,0.0,0.0,6.369923901007339e-16,0.0,0.0,0.0,4.946827618672505e-16,6.4911602695503275e-15,0.0,0.0,9.633104587357086e-16,1.0304841896643634e-17,5.425750736929911e-23,1.6893899584005524e-16,3.1957685428274356e-19,1.546710185811557e-14,0.0,0.0,1.5717022430766816e-18,5.57447875015823e-22,1.5019701103643753e-15,0.0,0.0
0.005594493116395495,0.18648310387984982,299.99999999996515,0.6516985521313551,1.6158691039264302e-15,0.0,1.8348998100831342e-20,0.0,1.1055350488441182e-23,2.5848509072473993e-15,1.8148209060575227e-21,8.075449394891738e-16,1.6738303592883796e-15,0.0,2.9329176696022573e-16,1.31285994057554e-32,0.0,1.0,1.1335842920161652e-19,0.0,0.0,1.928404208991529e-15,0.0,8.487056937026796e-18,0.0,1.3803540479491642e-14,0.0,0.0,0.0,0.0,0.0,0.0,0.0,0.0,0.0,0.0,6.369923901002057e-16,0.0,0.0,0.0,4.946827676865497e-16,6.491160269552909e-15,0.0,0.0,9.633104588727144e-16,1.0304841776869974e-17,5.425750725043802e-23,1.6893899585683377e-16,3.195768542788509e-19,1.5467101858370924e-14,0.0,0.0,1.5717022430807105e-18,5.574478760568503e-22,1.5019701103641494e-15,0.0,0.0
0.005632040050062579,0.1877346683354193,299.99999999996515,0.6516985521313551,1.6155849285929544e-15,0.0,1.8293253774640272e-20,0.0,1.1020572496606696e-23,2.584850968869251e-15,1.8148219863016637e-21,8.075449394883166e-16,1.673830363656427e-15,0.0,2.932253143451766e-16,1.3127644052928152e-32,0.0,1.0,1.1336105353982206e-19,0.0,0.0,1.92840420899054e-15,0.0,8.487008227795321e-18,0.0,1.3803540381872242e-14,0.0,0.0,0.0,0.0,0.0,0.0,0.0,0.0,0.0,0.0,6.369923900996751e-16,0.0,0.0,0.0,4.946827735444953e-16,6.4911602695555056e-15,0.0,0.0,9.633104590106258e-16,1.0304841656303878e-17,5.425750713078576e-23,1.689389958737156e-16,3.195768542749325e-19,1.546710185862791e-14,0.0,0.0,1.5717022430847667e-18,5.57447877102381e-22,1.5019701103639219e-15,0.0,0.0
0.005669586983729662,0.18898623279098872,299.99999999996515,0.6516985521313551,1.6153391428288162e-15,0.0,1.8237317959012e-20,0.0,1.0985676027960016e-23,2.584851030671108e-15,1.814823098262107e-21,8.07544939487435e-16,1.6738303681943226e-15,0.0,2.9315703445411955e-16,1.3126660243930038e-32,0.0,1.0,1.1336375510150843e-19,0.0,0.0,1.928404208989525e-15,0.0,8.486958089949105e-18,0.0,1.3803540281464975e-14,0.0,0.0,0.0,0.0,0.0,0.0,0.0,0.0,0.0,0.0,6.369923900991341e-16,0.0,0.0,0.0,4.946827795699088e-16,6.491160269558175e-15,0.0,0.0,9.633104591524624e-16,1.0304841532303899e-17,5.42575070077051e-23,1.6893899589104506e-16,3.195768542709024e-19,1.546710185889198e-14,0.0,0.0,1.571702243088941e-18,5.57447878167426e-22,1.5019701103636878e-15,0.0,0.0
0.005707133917396746,0.1902377972465582,299.99999999996515,0.6516985521313551,1.6150933570646781e-15,0.0,1.8181382143383726e-20,0.0,1.0950779559313335e-23,2.584851092472965e-15,1.81482421022255e-21,8.075449394865534e-16,1.6738303727322181e-15,0.0,2.9308875456306254e-16,1.3125676434931924e-32,0.0,1.0,1.1336645666319482e-19,0.0,0.0,1.9284042089885103e-15,0.0,8.486907952102888e-18,0.0,1.3803540181057708e-14,0.0,0.0,0.0,0.0,0.0,0.0,0.0,0.0,0.0,0.0,6.36992390098593e-16,0.0,0.0,0.0,4.946827855953221e-16,6.4911602695608446e-15,0.0,0.0,9.63310459294299e-16,1.0304841408303919e-17,5.425750688462442e-23,1.6893899590837454e-16,3.1957685426687226e-19,1.5467101859156046e-14,0.0,0.0,1.5717022430931154e-18,5.574478792324711e-22,1.5019701103634537e-15,0.0,0.0
0.00574468085106383,0.19148936170212766,299.99999999996515,0.6516985521313551,1.61484757130054e-15,0.0,1.8125446327755453e-20,0.0,1.0915883090666654e-23,2.584851154274822e-15,1.8148253221829934e-21,8.075449394856719e-16,1.6738303772701137e-15,0.0,2.930204746720055e-16,1.3124692625933808e-32,0.0,1.0,1.1336915822488118e-19,0.0,0.0,1.9284042089874954e-15,0.0,8.486857814256672e-18,0.0,1.3803540080650441e-14,0.0,0.0,0.0,0.0,0.0,0.0,0.0,0.0,0.0,0.0,6.369923900980519e-16,0.0,0.0,0.0,4.946827916207356e-16,6.491160269563514e-15,0.0,0.0,9.633104594361354e-16,1.030484128430394e-17,5.425750676154376e-23,1.68938995925704e-16,3.1957685426284215e-19,1.5467101859420112e-14,0.0,0.0,1.5717022430972896e-18,5.574478802975162e-22,1.5019701103632196e-15,0.0,0.0
0.005782227784730914,0.19274092615769714,299.99999999996515,0.6516985521313551,1.6146017855364019e-15,0.0,1.8069510512127177e-20,0.0,1.0880986622019974e-23,2.5848512160766787e-15,1.8148264341434367e-21,8.075449394847902e-16,1.6738303818080092e-15,0.0,2.929521947809484e-16,1.3123708816935694e-32,0.0,1.0,1.1337185978656755e-19,0.0,0.0,1.9284042089864806e-15,0.0,8.486807676410455e-18,0.0,1.3803539980243175e-14,0.0,0.0,0.0,0.0,0.0,0.0,0.0,0.0,0.0,0.0,6.369923900975109e-16,0.0,0.0,0.0,4.94682797646149e-16,6.4911602695661836e-15,0.0,0.0,9.63310459577972e-16,1.030484116030396e-17,5.425750663846309e-23,1.6893899594303346e-16,3.1957685425881205e-19,1.5467101859684182e-14,0.0,0.0,1.571702243101464e-18,5.574478813625612e-22,1.5019701103629857e-15,0.0,0.0
0.005819774718397998,0.1939924906132666,299.99999999996515,0.6516985521313551,1.6143559997722637e-15,0.0,1.8013574696498904e-20,0.0,1.0846090153373293e-23,2.5848512778785353e-15,1.81482754610388e-21,8.075449394839087e-16,1.6738303863459047e-15,0.0,2.928839148898914e-16,1.312272500793758e-32,0.0,1.0,1.1337456134825394e-19,0.0,0.0,1.928404208985466e-15,0.0,8.486757538564239e-18,0.0,1.3803539879835908e-14,0.0,0.0,0.0,0.0,0.0,0.0,0.0,0.0,0.0,0.0,6.369923900969698e-16,0.0,0.0,0.0,4.946828036715623e-16,6.491160269568853e-15,0.0,0.0,9.633104597198084e-16,1.030484103630398e-17,5.425750651538243e-23,1.6893899596036294e-16,3.1957685425478194e-19,1.5467101859948248e-14,0.0,0.0,1.5717022431056382e-18,5.574478824276063e-22,1.5019701103627516e-15,0.0,0.0
0.005857321652065081,0.19524405506883605,299.99999999996515,0.6516985521313551,1.6141102140081256e-15,0.0,1.795763888087063e-20,0.0,1.0811193684726613e-23,2.584851339680392e-15,1.814828658064323e-21,8.07544939483027e-16,1.6738303908838003e-15,0.0,2.9281563499883435e-16,1.3121741198939467e-32,0.0,1.0,1.133772629099403e-19,0.0,0.0,1.9284042089844512e-15,0.0,8.486707400718022e-18,0.0,1.3803539779428641e-14,0.0,0.0,0.0,0.0,0.0,0.0,0.0,0.0,0.0,0.0,6.369923900964288e-16,0.0,0.0,0.0,4.946828096969758e-16,6.491160269571522e-15,0.0,0.0,9.63310459861645e-16,1.0304840912304001e-17,5.425750639230176e-23,1.689389959776924e-16,3.195768542507518e-19,1.5467101860212318e-14,0.0,0.0,1.5717022431098126e-18,5.574478834926514e-22,1.5019701103625175e-15,0.0,0.0
0.005894868585732165,0.1964956195244055,299.99999999996515,0.6516985521313551,1.6138644282439873e-15,0.0,1.7901703065242358e-20,0.0,1.0776297216079933e-23,2.584851401482249e-15,1.8148297700247664e-21,8.075449394821455e-16,1.6738303954216958e-15,0.0,2.9274735510777734e-16,1.312075738994135e-32,0.0,1.0,1.133799644716267e-19,0.0,0.0,1.9284042089834363e-15,0.0,8.486657262871806e-18,0.0,1.3803539679021374e-14,0.0,0.0,0.0,0.0,0.0,0.0,0.0,0.0,0.0,0.0,6.369923900958877e-16,0.0,0.0,0.0,4.946828157223892e-16,6.491160269574191e-15,0.0,0.0,9.633104600034816e-16,1.0304840788304022e-17,5.42575062692211e-23,1.6893899599502186e-16,3.195768542467217e-19,1.5467101860476384e-14,0.0,0.0,1.5717022431139869e-18,5.5744788455769635e-22,1.5019701103622834e-15,0.0,0.0
0.005932415519399249,0.19774718397997498,299.99999999996515,0.6516985521313551,1.6136186424798492e-15,0.0,1.784576724961408e-20,0.0,1.0741400747433252e-23,2.584851463284106e-15,1.8148308819852097e-21,8.075449394812639e-16,1.6738303999595913e-15,0.0,2.926790752167203e-16,1.3119773580943237e-32,0.0,1.0,1.1338266603331305e-19,0.0,0.0,1.9284042089824215e-15,0.0,8.486607125025588e-18,0.0,1.3803539578614107e-14,0.0,0.0,0.0,0.0,0.0,0.0,0.0,0.0,0.0,0.0,6.369923900953467e-16,0.0,0.0,0.0,4.946828217478026e-16,6.491160269576861e-15,0.0,0.0,9.63310460145318e-16,1.0304840664304042e-17,5.425750614614042e-23,1.6893899601235134e-16,3.195768542426916e-19,1.546710186074045e-14,0.0,0.0,1.5717022431181611e-18,5.574478856227414e-22,1.5019701103620493e-15,0.0,0.0
0.005969962453066333,0.19899874843554444,299.99999999996515,0.6516985521313551,1.613372856715711e-15,0.0,1.7789831433985808e-20,0.0,1.0706504278786571e-23,2.584851525085963e-15,1.814831993945653e-21,8.075449394803823e-16,1.6738304044974869e-15,0.0,2.926107953256632e-16,1.3118789771945123e-32,0.0,1.0,1.1338536759499942e-19,0.0,0.0,1.9284042089814066e-15,0.0,8.486556987179371e-18,0.0,1.380353947820684e-14,0.0,0.0,0.0,0.0,0.0,0.0,0.0,0.0,0.0,0.0,6.369923900948057e-16,0.0,0.0,0.0,4.94682827773216e-16,6.49116026957953e-15,0.0,0.0,9.633104602871546e-16,1.0304840540304063e-17,5.425750602305975e-23,1.689389960296808e-16,3.195768542386615e-19,1.546710186100452e-14,0.0,0.0,1.5717022431223356e-18,5.574478866877865e-22,1.5019701103618152e-15,0.0,0.0
0.006007509386733417,0.20025031289111392,299.99999999996515,0.6516985521313551,1.6132165877890795e-15,0.0,1.7733820104968703e-20,0.0,1.0671560961515138e-23,2.584851586962866e-15,1.8148331148623507e-21,8.07544939479494e-16,1.6738304090813253e-15,0.0,2.9254199858574013e-16,1.3117797988906295e-32,0.0,1.0,1.1338809096372173e-19,0.0,0.0,1.9284042089803866e-15,0.0,8.486506445825755e-18,0.0,1.3803539377011666e-14,0.0,0.0,0.0,0.0,0.0,0.0,0.0,0.0,0.0,0.0,6.369923900942749e-16,0.0,0.0,0.0,4.946828338459536e-16,6.491160269582214e-15,0.0,0.0,9.633104604301013e-16,1.030484041533391e-17,5.425750589901052e-23,1.689389960471365e-16,3.195768542345988e-19,1.5467101861270578e-14,0.0,0.0,1.5717022431265362e-18,5.574478877588802e-22,1.5019701103615795e-15,0.0,0.0
0.0060450563204005004,0.20150187734668334,299.99999999996515,0.6516985521313551,1.6134183862124743e-15,0.0,1.767750672239628e-20,0.0,1.063643024974469e-23,2.584851649139956e-15,1.814834271604066e-21,8.075449394785786e-16,1.6738304138489355e-15,0.0,2.9247113445035277e-16,1.3116774309704613e-32,0.0,1.0,1.1339090156058777e-19,0.0,0.0,1.9284042089793465e-15,0.0,8.48645429044254e-18,0.0,1.380353927266486e-14,0.0,0.0,0.0,0.0,0.0,0.0,0.0,0.0,0.0,0.0,6.369923900937855e-16,0.0,0.0,0.0,4.946828401079878e-16,6.491160269584954e-15,0.0,0.0,9.633104605774892e-16,1.0304840286483062e-17,5.425750577108699e-23,1.6893899606509712e-16,3.195768542304061e-19,1.5467101861544603e-14,0.0,0.0,1.5717022431308424e-18,5.574478888541685e-22,1.5019701103613375e-15,0.0,0.0
0.0060826032540675845,0.20275344180225283,299.99999999996515,0.6516985521313551,1.613620184635869e-15,0.0,1.7621193339823856e-20,0.0,1.0601299537974241e-23,2.584851711317046e-15,1.8148354283457815e-21,8.075449394776633e-16,1.6738304186165458e-15,0.0,2.9240027031496547e-16,1.3115750630502928e-32,0.0,1.0,1.1339371215745383e-19,0.0,0.0,1.928404208978306e-15,0.0,8.486402135059324e-18,0.0,1.3803539168318054e-14,0.0,0.0,0.0,0.0,0.0,0.0,0.0,0.0,0.0,0.0,6.36992390093296e-16,0.0,0.0,0.0,4.946828463700221e-16,6.491160269587694e-15,0.0,0.0,9.633104607248772e-16,1.0304840157632213e-17,5.425750564316345e-23,1.6893899608305773e-16,3.195768542262134e-19,1.5467101861818625e-14,0.0,0.0,1.5717022431351486e-18,5.5744788994945685e-22,1.5019701103610956e-15,0.0,0.0
0.0061201501877346685,0.20400500625782228,299.99999999996515,0.651698552131355,1.6138219830592638e-15,0.0,1.7564879957251432e-20,0.0,1.0566168826203792e-23,2.584851773494136e-15,1.8148365850874973e-21,8.075449394767481e-16,1.673830423384156e-15,0.0,2.923294061795781e-16,1.3114726951301246e-32,0.0,1.0,1.1339652275431986e-19,0.0,0.0,1.9284042089772655e-15,0.0,8.486349979676109e-18,0.0,1.3803539063971248e-14,0.0,0.0,0.0,0.0,0.0,0.0,0.0,0.0,0.0,0.0,6.369923900928066e-16,0.0,0.0,0.0,4.946828526320563e-16,6.491160269590434e-15,0.0,0.0,9.63310460872265e-16,1.0304840028781365e-17,5.425750551523993e-23,1.6893899610101834e-16,3.1957685422202067e-19,1.546710186209265e-14,0.0,0.0,1.5717022431394548e-18,5.5744789104474515e-22,1.5019701103608536e-15,0.0,0.0
0.0061576971214017525,0.20525657071339176,299.99999999996515,0.651698552131355,1.6140237814826586e-15,0.0,1.7508566574679008e-20,0.0,1.0531038114433344e-23,2.5848518356712262e-15,1.8148377418292127e-21,8.075449394758328e-16,1.6738304281517663e-15,0.0,2.9225854204419075e-16,1.311370327209956e-32,0.0,1.0,1.1339933335118592e-19,0.0,0.0,1.928404208976225e-15,0.0,8.486297824292892e-18,0.0,1.3803538959624441e-14,0.0,0.0,0.0,0.0,0.0,0.0,0.0,0.0,0.0,0.0,6.369923900923171e-16,0.0,0.0,0.0,4.946828588940905e-16,6.4911602695931745e-15,0.0,0.0,9.63310461019653e-16,1.0304839899930516e-17,5.425750538731639e-23,1.6893899611897895e-16,3.1957685421782797e-19,1.5467101862366675e-14,0.0,0.0,1.571702243143761e-18,5.574478921400335e-22,1.5019701103606116e-15,0.0,0.0
0.006195244055068836,0.2065081351689612,299.99999999996515,0.651698552131355,1.6142255799060534e-15,0.0,1.7452253192106585e-20,0.0,1.0495907402662895e-23,2.5848518978483162e-15,1.814838898570928e-21,8.075449394749175e-16,1.6738304329193765e-15,0.0,2.921876779088034e-16,1.311267959289788e-32,0.0,1.0,1.1340214394805196e-19,0.0,0.0,1.9284042089751845e-15,0.0,8.486245668909677e-18,0.0,1.3803538855277636e-14,0.0,0.0,0.0,0.0,0.0,0.0,0.0,0.0,0.0,0.0,6.369923900918277e-16,0.0,0.0,0.0,4.946828651561248e-16,6.491160269595914e-15,0.0,0.0,9.633104611670408e-16,1.0304839771079668e-17,5.425750525939287e-23,1.6893899613693957e-16,3.1957685421363527e-19,1.5467101862640697e-14,0.0,0.0,1.5717022431480674e-18,5.5744789323532185e-22,1.5019701103603696e-15,0.0,0.0
0.00623279098873592,0.20775969962453067,299.99999999996515,0.651698552131355,1.6144273783294482e-15,0.0,1.739593980953416e-20,0.0,1.0460776690892447e-23,2.5848519600254063e-15,1.814840055312644e-21,8.075449394740021e-16,1.6738304376869868e-15,0.0,2.9211681377341604e-16,1.3111655913696197e-32,0.0,1.0,1.13404954544918e-19,0.0,0.0,1.928404208974144e-15,0.0,8.486193513526462e-18,0.0,1.380353875093083e-14,0.0,0.0,0.0,0.0,0.0,0.0,0.0,0.0,0.0,0.0,6.369923900913382e-16,0.0,0.0,0.0,4.946828714181591e-16,6.491160269598655e-15,0.0,0.0,9.633104613144286e-16,1.0304839642228821e-17,5.425750513146934e-23,1.6893899615490018e-16,3.1957685420944257e-19,1.5467101862914722e-14,0.0,0.0,1.5717022431523736e-18,5.5744789433061015e-22,1.5019701103601278e-15,0.0,0.0
0.006270337922403004,0.20901126408010012,299.99999999996515,0.651698552131355,1.614629176752843e-15,0.0,1.7339626426961737e-20,0.0,1.0425645979121998e-23,2.5848520222024963e-15,1.8148412120543593e-21,8.075449394730869e-16,1.673830442454597e-15,0.0,2.9204594963802873e-16,1.3110632234494512e-32,0.0,1.0,1.1340776514178405e-19,0.0,0.0,1.9284042089731034e-15,0.0,8.486141358143247e-18,0.0,1.3803538646584023e-14,0.0,0.0,0.0,0.0,0.0,0.0,0.0,0.0,0.0,0.0,6.369923900908489e-16,0.0,0.0,0.0,4.946828776801932e-16,6.491160269601395e-15,0.0,0.0,9.633104614618166e-16,1.0304839513377972e-17,5.42575050035458e-23,1.6893899617286082e-16,3.195768542052498e-19,1.5467101863188743e-14,0.0,0.0,1.5717022431566797e-18,5.574478954258985e-22,1.5019701103598858e-15,0.0,0.0
0.006307884856070088,0.2102628285356696,299.99999999996515,0.6516985521313549,1.6148309751762375e-15,0.0,1.728331304438931e-20,0.0,1.039051526735155e-23,2.5848520843795863e-15,1.8148423687960747e-21,8.075449394721716e-16,1.6738304472222073e-15,0.0,2.9197508550264137e-16,1.310960855529283e-32,0.0,1.0,1.134105757386501e-19,0.0,0.0,1.928404208972063e-15,0.0,8.486089202760032e-18,0.0,1.3803538542237218e-14,0.0,0.0,0.0,0.0,0.0,0.0,0.0,0.0,0.0,0.0,6.369923900903594e-16,0.0,0.0,0.0,4.946828839422275e-16,6.491160269604135e-15,0.0,0.0,9.633104616092044e-16,1.0304839384527124e-17,5.425750487562228e-23,1.6893899619082143e-16,3.195768542010571e-19,1.546710186346277e-14,0.0,0.0,1.571702243160986e-18,5.574478965211868e-22,1.5019701103596439e-15,0.0,0.0
0.006345431789737172,0.21151439299123906,299.99999999996515,0.6516985521313549,1.6150327735996323e-15,0.0,1.7226999661816887e-20,0.0,1.0355384555581101e-23,2.5848521465566764e-15,1.81484352553779e-21,8.075449394712563e-16,1.6738304519898174e-15,0.0,2.91904221367254e-16,1.3108584876091148e-32,0.0,1.0,1.1341338633551615e-19,0.0,0.0,1.9284042089710224e-15,0.0,8.486037047376815e-18,0.0,1.3803538437890411e-14,0.0,0.0,0.0,0.0,0.0,0.0,0.0,0.0,0.0,0.0,6.3699239008987e-16,0.0,0.0,0.0,4.946828902042618e-16,6.4911602696068754e-15,0.0,0.0,9.633104617565925e-16,1.0304839255676275e-17,5.425750474769875e-23,1.6893899620878204e-16,3.195768541968644e-19,1.546710186373679e-14,0.0,0.0,1.5717022431652921e-18,5.574478976164751e-22,1.5019701103594019e-15,0.0,0.0
0.006382978723404255,0.2127659574468085,299.99999999996515,0.6516985521313549,1.6159791962695983e-15,0.0,1.7170575531413145e-20,0.0,1.032018504142927e-23,2.584852208847333e-15,1.814844693066939e-21,8.075449394703371e-16,1.6738304568141722e-15,0.0,2.918327343897153e-16,1.3107551921657002e-32,0.0,1.0,1.1341622320403136e-19,0.0,0.0,1.9284042089700446e-15,0.0,8.485984404036821e-18,0.0,1.3803538332591644e-14,0.0,0.0,0.0,0.0,0.0,0.0,0.0,0.0,0.0,0.0,6.369923900896082e-16,0.0,0.0,0.0,4.946828965234047e-16,6.49116026960944e-15,0.0,0.0,9.633104619053523e-16,1.0304839125653545e-17,5.425750461861022e-23,1.6893899622687883e-16,3.195768541926024e-19,1.546710186401286e-14,0.0,0.0,1.5717022431694552e-18,5.5744789871947705e-22,1.5019701103591713e-15,0.0,0.0
0.006420525657071339,0.21401752190237797,299.99999999996515,0.6516985521313549,1.6196851087945046e-15,0.0,1.711374098257569e-20,0.0,1.0284730553746433e-23,2.5848522715588564e-15,1.8148459005730466e-21,8.075449394694032e-16,1.6738304618488156e-15,0.0,2.9175893923243935e-16,1.3106484594302564e-32,0.0,1.0,1.1341915743218775e-19,0.0,0.0,1.9284042089692984e-15,0.0,8.485929952386409e-18,0.0,1.380353822376502e-14,0.0,0.0,0.0,0.0,0.0,0.0,0.0,0.0,0.0,0.0,6.369923900901901e-16,0.0,0.0,0.0,4.946829030541863e-16,6.491160269611354e-15,0.0,0.0,9.633104620591971e-16,1.0304838991287959e-17,5.425750448520434e-23,1.6893899624548032e-16,3.1957685418808348e-19,1.546710186429651e-14,0.0,0.0,1.5717022431730877e-18,5.574478998510649e-22,1.5019701103589834e-15,0.0,0.0
0.006458072590738423,0.21526908635794745,299.99999999996515,0.6516985521313549,1.6233910213194108e-15,0.0,1.7056906433738233e-20,0.0,1.0249276066063597e-23,2.584852334270379e-15,1.8148471080791544e-21,8.075449394684694e-16,1.673830466883459e-15,0.0,2.9168514407516334e-16,1.3105417266948123e-32,0.0,1.0,1.134220916603441e-19,0.0,0.0,1.928404208968552e-15,0.0,8.485875500735999e-18,0.0,1.3803538114938398e-14,0.0,0.0,0.0,0.0,0.0,0.0,0.0,0.0,0.0,0.0,6.369923900907719e-16,0.0,0.0,0.0,4.946829095849678e-16,6.491160269613268e-15,0.0,0.0,9.633104622130418e-16,1.0304838856922372e-17,5.425750435179846e-23,1.6893899626408178e-16,3.1957685418356457e-19,1.5467101864580155e-14,0.0,0.0,1.5717022431767202e-18,5.5744790098265275e-22,1.5019701103587954e-15,0.0,0.0
0.006495619524405507,0.2165206508135169,299.99999999996515,0.6516985521313547,1.627096933844317e-15,0.0,1.7000071884900776e-20,0.0,1.021382157838076e-23,2.584852396981902e-15,1.814848315585262e-21,8.075449394675356e-16,1.6738304719181024e-15,0.0,2.916113489178873e-16,1.3104349939593684e-32,0.0,1.0,1.1342502588850047e-19,0.0,0.0,1.9284042089678055e-15,0.0,8.485821049085588e-18,0.0,1.3803538006111773e-14,0.0,0.0,0.0,0.0,0.0,0.0,0.0,0.0,0.0,0.0,6.369923900913539e-16,0.0,0.0,0.0,4.946829161157493e-16,6.491160269615183e-15,0.0,0.0,9.633104623668864e-16,1.0304838722556785e-17,5.425750421839257e-23,1.6893899628268327e-16,3.1957685417904566e-19,1.5467101864863804e-14,0.0,0.0,1.5717022431803529e-18,5.574479021142406e-22,1.5019701103586075e-15,0.0,0.0
0.006533166458072591,0.21777221526908638,299.99999999996515,0.6516985521313547,1.6308028463692232e-15,0.0,1.694323733606332e-20,0.0,1.0178367090697923e-23,2.584852459693425e-15,1.8148495230913695e-21,8.075449394666017e-16,1.6738304769527458e-15,0.0,2.915375537606113e-16,1.3103282612239243e-32,0.0,1.0,1.1342796011665683e-19,0.0,0.0,1.928404208967059e-15,0.0,8.485766597435176e-18,0.0,1.380353789728515e-14,0.0,0.0,0.0,0.0,0.0,0.0,0.0,0.0,0.0,0.0,6.369923900919358e-16,0.0,0.0,0.0,4.946829226465309e-16,6.491160269617097e-15,0.0,0.0,9.633104625207312e-16,1.0304838588191198e-17,5.42575040849867e-23,1.6893899630128476e-16,3.1957685417452676e-19,1.546710186514745e-14,0.0,0.0,1.5717022431839854e-18,5.5744790324582845e-22,1.5019701103584196e-15,0.0,0.0
0.006570713391739674,0.2190237797246558,299.99999999996515,0.6516985521313547,1.6345087588941295e-15,0.0,1.6886402787225864e-20,0.0,1.0142912603015087e-23,2.584852522404948e-15,1.8148507305974773e-21,8.075449394656678e-16,1.6738304819873892e-15,0.0,2.914637586033353e-16,1.3102215284884804e-32,0.0,1.0,1.134308943448132e-19,0.0,0.0,1.928404208966313e-15,0.0,8.485712145784766e-18,0.0,1.3803537788458527e-14,0.0,0.0,0.0,0.0,0.0,0.0,0.0,0.0,0.0,0.0,6.369923900925177e-16,0.0,0.0,0.0,4.946829291773124e-16,6.491160269619011e-15,0.0,0.0,9.633104626745759e-16,1.030483845382561e-17,5.425750395158082e-23,1.6893899631988622e-16,3.195768541700078e-19,1.54671018654311e-14,0.0,0.0,1.5717022431876179e-18,5.574479043774163e-22,1.5019701103582316e-15,0.0,0.0
0.006608260325406758,0.2202753441802253,299.99999999996515,0.6516985521313547,1.6382146714190357e-15,0.0,1.6829568238388407e-20,0.0,1.010745811533225e-23,2.5848525851164707e-15,1.814851938103585e-21,8.07544939464734e-16,1.6738304870220325e-15,0.0,2.913899634460593e-16,1.3101147957530363e-32,0.0,1.0,1.1343382857296958e-19,0.0,0.0,1.9284042089655667e-15,0.0,8.485657694134354e-18,0.0,1.3803537679631902e-14,0.0,0.0,0.0,0.0,0.0,0.0,0.0,0.0,0.0,0.0,6.369923900930996e-16,0.0,0.0,0.0,4.946829357080939e-16,6.491160269620925e-15,0.0,0.0,9.633104628284207e-16,1.0304838319460023e-17,5.425750381817494e-23,1.689389963384877e-16,3.195768541654889e-19,1.5467101865714746e-14,0.0,0.0,1.5717022431912504e-18,5.574479055090042e-22,1.5019701103580437e-15,0.0,0.0
0.006645807259073842,0.22152690863579474,299.99999999996515,0.6516985521313547,1.641920583943942e-15,0.0,1.677273368955095e-20,0.0,1.0072003627649414e-23,2.584852647827994e-15,1.8148531456096924e-21,8.075449394638002e-16,1.6738304920566759e-15,0.0,2.9131616828878327e-16,1.3100080630175924e-32,0.0,1.0,1.1343676280112594e-19,0.0,0.0,1.9284042089648204e-15,0.0,8.485603242483944e-18,0.0,1.380353757080528e-14,0.0,0.0,0.0,0.0,0.0,0.0,0.0,0.0,0.0,0.0,6.369923900936815e-16,0.0,0.0,0.0,4.9468294223887545e-16,6.4911602696228396e-15,0.0,0.0,9.633104629822654e-16,1.0304838185094436e-17,5.425750368476905e-23,1.6893899635708917e-16,3.1957685416097e-19,1.5467101865998395e-14,0.0,0.0,1.5717022431948829e-18,5.574479066405921e-22,1.5019701103578557e-15,0.0,0.0
0.006683354192740926,0.22277847309136423,299.99999999996515,0.6516985521313546,1.6456264964688483e-15,0.0,1.6715899140713495e-20,0.0,1.0036549139966577e-23,2.5848527105395167e-15,1.8148543531158e-21,8.075449394628664e-16,1.6738304970913193e-15,0.0,2.9124237313150726e-16,1.3099013302821483e-32,0.0,1.0,1.134396970292823e-19,0.0,0.0,1.928404208964074e-15,0.0,8.485548790833533e-18,0.0,1.3803537461978656e-14,0.0,0.0,0.0,0.0,0.0,0.0,0.0,0.0,0.0,0.0,6.369923900942633e-16,0.0,0.0,0.0,4.94682948769657e-16,6.491160269624754e-15,0.0,0.0,9.6331046313611e-16,1.0304838050728849e-17,5.425750355136317e-23,1.6893899637569066e-16,3.195768541564511e-19,1.546710186628204e-14,0.0,0.0,1.5717022431985154e-18,5.574479077721799e-22,1.5019701103576678e-15,0.0,0.0
0.00672090112640801,0.22403003754693368,299.99999999996515,0.6516985521313546,1.6493324089937545e-15,0.0,1.6659064591876038e-20,0.0,1.000109465228374e-23,2.58485277325104e-15,1.814855560621908e-21,8.075449394619325e-16,1.6738305021259627e-15,0.0,2.9116857797423124e-16,1.3097945975467045e-32,0.0,1.0,1.1344263125743867e-19,0.0,0.0,1.9284042089633275e-15,0.0,8.485494339183121e-18,0.0,1.3803537353152032e-14,0.0,0.0,0.0,0.0,0.0,0.0,0.0,0.0,0.0,0.0,6.369923900948453e-16,0.0,0.0,0.0,4.946829553004385e-16,6.491160269626668e-15,0.0,0.0,9.633104632899548e-16,1.0304837916363262e-17,5.425750341795729e-23,1.6893899639429215e-16,3.195768541519322e-19,1.546710186656569e-14,0.0,0.0,1.571702243202148e-18,5.574479089037678e-22,1.5019701103574798e-15,0.0,0.0
0.006758448060075094,0.22528160200250313,299.99999999996515,0.6516985521313546,1.6574052089443894e-15,0.0,1.6602150944955916e-20,0.0,9.965591023685303e-24,2.5848528360427456e-15,1.814856774809072e-21,8.075449394614651e-16,1.6738305072034845e-15,0.0,2.910943959941547e-16,1.3096871662025952e-32,0.0,1.0,1.1344558179117514e-19,0.0,0.0,1.9284042089635452e-15,0.0,8.485439589110271e-18,0.0,1.3803537243744566e-14,0.0,0.0,0.0,0.0,0.0,0.0,0.0,0.0,0.0,0.0,6.36992390096277e-16,0.0,0.0,0.0,4.946829618667489e-16,6.49116026963084e-15,0.0,0.0,9.633104634448688e-16,1.0304837781298758e-17,5.425750328384649e-23,1.689389964132047e-16,3.1957685414778045e-19,1.5467101866855565e-14,0.0,0.0,1.5717022432091453e-18,5.57447910040236e-22,1.5019701103571004e-15,0.0,0.0
0.006795994993742178,0.2265331664580726,299.99999999996515,0.6516985521313545,1.6805195100280931e-15,0.0,1.6544964849084385e-20,0.0,9.929918131933127e-24,2.5848528991106375e-15,1.8148580120087635e-21,8.07544939462604e-16,1.673830512428699e-15,0.0,2.910188816244319e-16,1.3095773285397505e-32,0.0,1.0,1.134485884885764e-19,0.0,0.0,1.9284042089670825e-15,0.0,8.485383811137906e-18,0.0,1.3803537132336422e-14,0.0,0.0,0.0,0.0,0.0,0.0,0.0,0.0,0.0,0.0,6.369923901006361e-16,0.0,0.0,0.0,4.946829685554368e-16,6.491160269642789e-15,0.0,0.0,9.633104636034661e-16,1.030483764382687e-17,5.425750314730765e-23,1.689389964331887e-16,3.195768541448934e-19,1.5467101867166893e-14,0.0,0.0,1.5717022432277327e-18,5.574479111935146e-22,1.5019701103560614e-15,0.0,0.0
0.006833541927409262,0.22778473091364207,299.99999999996515,0.6516985521313544,1.7036338111117966e-15,0.0,1.6487778753212853e-20,0.0,9.89424524018095e-24,2.584852962178529e-15,1.814859249208455e-21,8.075449394637429e-16,1.6738305176539132e-15,0.0,2.909433672547091e-16,1.309467490876906e-32,0.0,1.0,1.1345159518597765e-19,0.0,0.0,1.9284042089706197e-15,0.0,8.485328033165542e-18,0.0,1.3803537020928277e-14,0.0,0.0,0.0,0.0,0.0,0.0,0.0,0.0,0.0,0.0,6.369923901049951e-16,0.0,0.0,0.0,4.946829752441246e-16,6.491160269654738e-15,0.0,0.0,9.633104637620634e-16,1.0304837506354984e-17,5.425750301076881e-23,1.6893899645317275e-16,3.1957685414200637e-19,1.5467101867478222e-14,0.0,0.0,1.57170224324632e-18,5.574479123467931e-22,1.5019701103550227e-15,0.0,0.0
0.006871088861076346,0.22903629536921152,299.99999999996515,0.6516985521313543,1.7267481121955003e-15,0.0,1.6430592657341322e-20,0.0,9.858572348428774e-24,2.584853025246421e-15,1.8148604864081468e-21,8.075449394648818e-16,1.6738305228791275e-15,0.0,2.908678528849863e-16,1.309357653214061e-32,0.0,1.0,1.1345460188337891e-19,0.0,0.0,1.928404208974157e-15,0.0,8.485272255193177e-18,0.0,1.3803536909520132e-14,0.0,0.0,0.0,0.0,0.0,0.0,0.0,0.0,0.0,0.0,6.369923901093543e-16,0.0,0.0,0.0,4.946829819328124e-16,6.491160269666687e-15,0.0,0.0,9.633104639206606e-16,1.0304837368883096e-17,5.425750287422997e-23,1.6893899647315677e-16,3.1957685413911935e-19,1.546710186778955e-14,0.0,0.0,1.5717022432649074e-18,5.574479135000715e-22,1.501970110353984e-15,0.0,0.0
0.00690863579474343,0.230287859824781,299.99999999996515,0.6516985521313543,1.7498624132792038e-15,0.0,1.6373406561469793e-20,0.0,9.822899456676599e-24,2.5848530883143127e-15,1.8148617236078388e-21,8.075449394660207e-16,1.673830528104342e-15,0.0,2.9079233851526345e-16,1.3092478155512164e-32,0.0,1.0,1.1345760858078017e-19,0.0,0.0,1.9284042089776942e-15,0.0,8.485216477220811e-18,0.0,1.3803536798111988e-14,0.0,0.0,0.0,0.0,0.0,0.0,0.0,0.0,0.0,0.0,6.369923901137133e-16,0.0,0.0,0.0,4.946829886215002e-16,6.491160269678636e-15,0.0,0.0,9.63310464079258e-16,1.0304837231411209e-17,5.425750273769113e-23,1.689389964931408e-16,3.195768541362323e-19,1.546710186810088e-14,0.0,0.0,1.5717022432834947e-18,5.574479146533501e-22,1.501970110352945e-15,0.0,0.0
0.006946182728410513,0.23153942428035043,299.99999999996515,0.6516985521313541,1.7899389692659084e-15,0.0,1.6316131382395293e-20,0.0,9.787171185273499e-24,2.584853151476812e-15,1.8148629680001833e-21,8.075449394671675e-16,1.6738305333649599e-15,0.0,2.907164081170129e-16,1.30913726857348e-32,0.0,1.0,1.1346063333117492e-19,0.0,0.0,1.928404208981256e-15,0.0,8.485160375568867e-18,0.0,1.3803536686064189e-14,0.0,0.0,0.0,0.0,0.0,0.0,0.0,0.0,0.0,0.0,6.369923901180998e-16,0.0,0.0,0.0,4.94682995348205e-16,6.491160269690659e-15,0.0,0.0,9.633104642387541e-16,1.0304837093161605e-17,5.42575026003741e-23,1.6893899651323263e-16,3.195768541333302e-19,1.5467101868413944e-14,0.0,0.0,1.5717022433021976e-18,5.574479158119153e-22,1.5019701103518996e-15,0.0,0.0
0.006983729662077597,0.2327909887359199,299.99999999996515,0.6516985521313536,1.8864035618220606e-15,0.0,1.6258560061862268e-20,0.0,9.751258813949762e-24,2.584853214953817e-15,1.8148642363032384e-21,8.075449394683403e-16,1.6738305387432711e-15,0.0,2.9063909470500797e-16,1.309024363602996e-32,0.0,1.0,1.1346371809557503e-19,0.0,0.0,1.928404208984899e-15,0.0,8.48510319790102e-18,0.0,1.380353657188997e-14,0.0,0.0,0.0,0.0,0.0,0.0,0.0,0.0,0.0,0.0,6.369923901225776e-16,0.0,0.0,0.0,4.946830022012906e-16,6.491160269702931e-15,0.0,0.0,9.633104644012388e-16,1.0304836952326618e-17,5.425750246047008e-23,1.6893899653368274e-16,3.1957685413037794e-19,1.5467101868732776e-14,0.0,0.0,1.5717022433212845e-18,5.574479169880556e-22,1.5019701103508313e-15,0.0,0.0
0.007021276595744681,0.23404255319148937,299.99999999996515,0.6516985521313532,1.9828681543782133e-15,0.0,1.6200988741329246e-20,0.0,9.715346442626023e-24,2.584853278430822e-15,1.814865504606294e-21,8.075449394695131e-16,1.6738305441215824e-15,0.0,2.9056178129300303e-16,1.308911458632512e-32,0.0,1.0,1.1346680285997514e-19,0.0,0.0,1.9284042089885422e-15,0.0,8.485046020233176e-18,0.0,1.380353645771575e-14,0.0,0.0,0.0,0.0,0.0,0.0,0.0,0.0,0.0,0.0,6.369923901270554e-16,0.0,0.0,0.0,4.946830090543761e-16,6.4911602697152026e-15,0.0,0.0,9.633104645637234e-16,1.0304836811491632e-17,5.425750232056604e-23,1.6893899655413285e-16,3.195768541274257e-19,1.5467101869051608e-14,0.0,0.0,1.5717022433403713e-18,5.574479181641959e-22,1.5019701103497632e-15,0.0,0.0
0.007058823529411765,0.23529411764705885,299.99999999996515,0.6516985521313527,2.0793327469343655e-15,0.0,1.614341742079622e-20,0.0,9.679434071302285e-24,2.5848533419078273e-15,1.8148667729093494e-21,8.075449394706859e-16,1.6738305494998937e-15,0.0,2.9048446788099805e-16,1.3087985536620283e-32,0.0,1.0,1.1346988762437525e-19,0.0,0.0,1.9284042089921852e-15,0.0,8.48498884256533e-18,0.0,1.380353634354153e-14,0.0,0.0,0.0,0.0,0.0,0.0,0.0,0.0,0.0,0.0,6.369923901315332e-16,0.0,0.0,0.0,4.946830159074616e-16,6.491160269727474e-15,0.0,0.0,9.633104647262083e-16,1.0304836670656644e-17,5.425750218066202e-23,1.6893899657458298e-16,3.1957685412447343e-19,1.546710186937044e-14,0.0,0.0,1.5717022433594582e-18,5.574479193403361e-22,1.501970110348695e-15,0.0,0.0
0.007096370463078849,0.2365456821026283,299.99999999996515,0.6516985521313523,2.175797339490518e-15,0.0,1.6085846100263198e-20,0.0,9.643521699978548e-24,2.5848534053848323e-15,1.8148680412124045e-21,8.075449394718587e-16,1.673830554878205e-15,0.0,2.904071544689931e-16,1.3086856486915443e-32,0.0,1.0,1.1347297238877535e-19,0.0,0.0,1.928404208995828e-15,0.0,8.484931664897483e-18,0.0,1.3803536229367311e-14,0.0,0.0,0.0,0.0,0.0,0.0,0.0,0.0,0.0,0.0,6.36992390136011e-16,0.0,0.0,0.0,4.946830227605472e-16,6.491160269739746e-15,0.0,0.0,9.633104648886929e-16,1.0304836529821658e-17,5.4257502040758e-23,1.689389965950331e-16,3.1957685412152117e-19,1.5467101869689273e-14,0.0,0.0,1.5717022433785451e-18,5.574479205164763e-22,1.501970110347627e-15,0.0,0.0
0.007133917396745932,0.23779724655819776,299.99999999996515,0.6516985521313515,2.342408112273761e-15,0.0,1.6028170980185254e-20,0.0,9.607544789470577e-24,2.584853468997727e-15,1.814869317517016e-21,8.075449394730397e-16,1.6738305602956054e-15,0.0,2.9032937925258944e-16,1.3085718516703708e-32,0.0,1.0,1.1347608281545535e-19,0.0,0.0,1.9284042089994968e-15,0.0,8.484874128035238e-18,0.0,1.3803536114460542e-14,0.0,0.0,0.0,0.0,0.0,0.0,0.0,0.0,0.0,0.0,6.369923901405191e-16,0.0,0.0,0.0,4.946830296558232e-16,6.491160269752097e-15,0.0,0.0,9.633104650521747e-16,1.0304836388123783e-17,5.425750189999006e-23,1.6893899661560266e-16,3.195768541185518e-19,1.5467101870010024e-14,0.0,0.0,1.5717022433977569e-18,5.57447921698534e-22,1.5019701103465513e-15,0.0,0.0
0.007171464330413016,0.2390488110137672,299.99999999996515,0.6516985521313498,2.7342250426282463e-15,0.0,1.597016260893677e-20,0.0,9.571360674213229e-24,2.5848535330468983e-15,1.814870619510834e-21,8.075449394742471e-16,1.6738305658385029e-15,0.0,2.902501214010109e-16,1.3084551906969842e-32,0.0,1.0,1.1347927563156035e-19,0.0,0.0,1.9284042090032474e-15,0.0,8.484815437969916e-18,0.0,1.3803535997201907e-14,0.0,0.0,0.0,0.0,0.0,0.0,0.0,0.0,0.0,0.0,6.369923901451244e-16,0.0,0.0,0.0,4.946830366865526e-16,6.491160269764702e-15,0.0,0.0,9.633104652188576e-16,1.0304836243655585e-17,5.425750175644848e-23,1.6893899663655577e-16,3.1957685411552743e-19,1.5467101870336934e-14,0.0,0.0,1.5717022434173702e-18,5.5744792289959e-22,1.5019701103454523e-15,0.0,0.0
0.0072090112640801,0.2403003754693367,299.99999999996515,0.6516985521313481,3.126041972982732e-15,0.0,1.5912154237688286e-20,0.0,9.535176558955881e-24,2.5848535970960692e-15,1.8148719215046522e-21,8.075449394754543e-16,1.6738305713814005e-15,0.0,2.901708635494324e-16,1.3083385297235973e-32,0.0,1.0,1.1348246844766533e-19,0.0,0.0,1.9284042090069984e-15,0.0,8.484756747904595e-18,0.0,1.3803535879943271e-14,0.0,0.0,0.0,0.0,0.0,0.0,0.0,0.0,0.0,0.0,6.369923901497295e-16,0.0,0.0,0.0,4.94683043717282e-16,6.491160269777307e-15,0.0,0.0,9.633104653855406e-16,1.0304836099187388e-17,5.42575016129069e-23,1.6893899665750885e-16,3.1957685411250305e-19,1.5467101870663847e-14,0.0,0.0,1.5717022434369834e-18,5.574479241006461e-22,1.5019701103443532e-15,0.0,0.0
0.007246558197747184,0.24155193992490614,299.99999999996515,0.6516985521313463,3.517858903337217e-15,0.0,1.58541458664398e-20,0.0,9.498992443698533e-24,2.5848536611452406e-15,1.8148732234984704e-21,8.075449394766617e-16,1.6738305769242981e-15,0.0,2.9009160569785387e-16,1.3082218687502106e-32,0.0,1.0,1.134856612637703e-19,0.0,0.0,1.928404209010749e-15,0.0,8.484698057839273e-18,0.0,1.3803535762684634e-14,0.0,0.0,0.0,0.0,0.0,0.0,0.0,0.0,0.0,0.0,6.369923901543348e-16,0.0,0.0,0.0,4.946830507480114e-16,6.491160269789912e-15,0.0,0.0,9.633104655522235e-16,1.030483595471919e-17,5.425750146936533e-23,1.6893899667846193e-16,3.195768541094787e-19,1.5467101870990758e-14,0.0,0.0,1.5717022434565967e-18,5.574479253017021e-22,1.501970110343254e-15,0.0,0.0
0.007284105131414268,0.24280350438047563,299.99999999996515,0.6516985521313445,3.909675833691703e-15,0.0,1.5796137495191314e-20,0.0,9.462808328441184e-24,2.584853725194412e-15,1.8148745254922882e-21,8.07544939477869e-16,1.6738305824671957e-15,0.0,2.9001234784627535e-16,1.3081052077768237e-32,0.0,1.0,1.134888540798753e-19,0.0,0.0,1.9284042090144997e-15,0.0,8.48463936777395e-18,0.0,1.3803535645425998e-14,0.0,0.0,0.0,0.0,0.0,0.0,0.0,0.0,0.0,0.0,6.369923901589401e-16,0.0,0.0,0.0,4.946830577787409e-16,6.491160269802517e-15,0.0,0.0,9.633104657189063e-16,1.0304835810250993e-17,5.425750132582375e-23,1.6893899669941504e-16,3.1957685410645433e-19,1.546710187131767e-14,0.0,0.0,1.5717022434762098e-18,5.574479265027581e-22,1.501970110342155e-15,0.0,0.0
0.0073216520650813514,0.24405506883604505,299.99999999996515,0.6516985521313414,4.585633031408873e-15,0.0,1.5738008949158143e-20,0.0,9.426549486484707e-24,2.5848537896780354e-15,1.8148758365807915e-21,8.075449394790862e-16,1.673830588053412e-15,0.0,2.89932576708759e-16,1.307987247197249e-32,0.0,1.0,1.134921378812773e-19,0.0,0.0,1.9284042090182815e-15,0.0,8.484580278548011e-18,0.0,1.3803535527258855e-14,0.0,0.0,0.0,0.0,0.0,0.0,0.0,0.0,0.0,0.0,6.369923901635837e-16,0.0,0.0,0.0,4.946830648563564e-16,6.491160269815214e-15,0.0,0.0,9.63310465886698e-16,1.0304835664824278e-17,5.425750118132168e-23,1.6893899672050147e-16,3.19576854103412e-19,1.5467101871646724e-14,0.0,0.0,1.5717022434959693e-18,5.574479277104293e-22,1.5019701103410465e-15,0.0,0.0
0.0073591989987484355,0.24530663329161453,299.99999999996515,0.6516985521313344,6.143153622738715e-15,0.0,1.5679507553151964e-20,0.0,9.390058800154001e-24,2.5848538555095756e-15,1.8148771758861377e-21,8.075449394803339e-16,1.673830593774027e-15,0.0,2.8985121306871743e-16,1.307865254506169e-32,0.0,1.0,1.134957039703957e-19,0.0,0.0,1.928404209022161e-15,0.0,8.484519950900666e-18,0.0,1.3803535406273009e-14,0.0,0.0,0.0,0.0,0.0,0.0,0.0,0.0,0.0,0.0,6.369923901683463e-16,0.0,0.0,0.0,4.946830720794389e-16,6.491160269828198e-15,0.0,0.0,9.63310466057929e-16,1.03048355164237e-17,5.42575010338396e-23,1.6893899674200153e-16,3.1957685410031384e-19,1.5467101871982416e-14,0.0,0.0,1.571702243516182e-18,5.574479289386245e-22,1.5019701103399083e-15,0.0,0.0
0.0073967459324155195,0.246558197747184,299.99999999996515,0.6516985521313273,7.700674214068556e-15,0.0,1.5621006157145786e-20,0.0,9.353568113823294e-24,2.5848539213411163e-15,1.814878515191484e-21,8.075449394815816e-16,1.673830599494642e-15,0.0,2.8976984942867587e-16,1.3077432618150888e-32,0.0,1.0,1.134992700595141e-19,0.0,0.0,1.9284042090260407e-15,0.0,8.484459623253321e-18,0.0,1.3803535285287163e-14,0.0,0.0,0.0,0.0,0.0,0.0,0.0,0.0,0.0,0.0,6.369923901731089e-16,0.0,0.0,0.0,4.946830793025216e-16,6.491160269841183e-15,0.0,0.0,9.633104662291599e-16,1.0304835368023123e-17,5.425750088635752e-23,1.6893899676350158e-16,3.195768540972157e-19,1.546710187231811e-14,0.0,0.0,1.5717022435363945e-18,5.574479301668196e-22,1.5019701103387704e-15,0.0,0.0
0.0074342928660826035,0.24780976220275347,299.99999999996515,0.6516985521313202,9.258194805398399e-15,0.0,1.5562504761139608e-20,0.0,9.317077427492589e-24,2.5848539871726565e-15,1.8148798544968303e-21,8.075449394828294e-16,1.673830605215257e-15,0.0,2.8968848578863436e-16,1.3076212691240087e-32,0.0,1.0,1.1350283614863251e-19,0.0,0.0,1.9284042090299204e-15,0.0,8.484399295605976e-18,0.0,1.3803535164301317e-14,0.0,0.0,0.0,0.0,0.0,0.0,0.0,0.0,0.0,0.0,6.369923901778715e-16,0.0,0.0,0.0,4.946830865256041e-16,6.491160269854167e-15,0.0,0.0,9.633104664003908e-16,1.0304835219622545e-17,5.425750073887545e-23,1.6893899678500164e-16,3.1957685409411755e-19,1.5467101872653806e-14,0.0,0.0,1.5717022435566074e-18,5.574479313950148e-22,1.5019701103376325e-15,0.0,0.0
0.0074718397997496876,0.24906132665832292,299.99999999996515,0.6516985521313132,1.081571539672824e-14,0.0,1.5504003365133433e-20,0.0,9.280586741161883e-24,2.5848540530041967e-15,1.814881193802177e-21,8.075449394840771e-16,1.6738306109358721e-15,0.0,2.896071221485928e-16,1.3074992764329286e-32,0.0,1.0,1.1350640223775092e-19,0.0,0.0,1.9284042090338e-15,0.0,8.484338967958632e-18,0.0,1.3803535043315472e-14,9.140367121984192e-23,0.0,0.0,0.0,0.0,0.0,0.0,0.0,0.0,0.0,6.369923901826341e-16,0.0,0.0,0.0,4.946830937486866e-16,6.4911602698671506e-15,0.0,0.0,9.633104665716217e-16,1.0304835071221967e-17,5.425750059139336e-23,1.689389968065017e-16,3.195768540910194e-19,1.54671018729895e-14,0.0,0.0,1.57170224357682e-18,5.574479326232099e-22,1.5019701103364945e-15,0.0,0.0
0.007509386733416771,0.2503128911138924,299.99999999996515,0.651698552131301,1.3499632689083513e-14,0.0,1.5445363526004748e-20,0.0,9.244009976008377e-24,2.5848541222938326e-15,1.8148825453874543e-21,8.0754493948533275e-16,1.6738306167045698e-15,0.0,2.895251871032034e-16,1.3073749409379453e-32,0.0,1.0,1.1351074547616598e-19,0.0,0.0,1.9284042090377064e-15,0.0,8.48427819600316e-18,0.0,1.3803534920932544e-14,2.014214335852703e-22,0.0,0.0,0.0,0.0,0.0,0.0,0.0,0.0,0.0,6.369923901874631e-16,0.0,0.0,0.0,4.946831010239527e-16,6.491160269880216e-15,0.0,0.0,9.633104667440833e-16,1.0304834921754826e-17,5.425750044284106e-23,1.6893899682814898e-16,3.195768540878997e-19,1.5467101873327528e-14,0.0,0.0,1.5717022435971784e-18,5.574479338587968e-22,1.5019701103353456e-15,0.0,0.0
0.007546933667083855,0.25156445556946183,299.99999999996515,0.6516985521312735,1.9562740084515635e-14,0.0,1.5386308357508548e-20,0.0,9.207174974386463e-24,2.5848542019577566e-15,1.8148839338125246e-21,8.075449394866122e-16,1.673830622617515e-15,0.0,2.8944153784177033e-16,1.3072435770312515e-32,0.0,0.9999999999999947,1.13517420162471e-19,0.0,0.0,1.928404209041693e-15,0.0,8.484216091123309e-18,0.0,1.3803534794358376e-14,3.153827868820171e-22,0.0,0.0,0.0,0.0,0.0,0.0,0.0,0.0,0.0,6.369923901924911e-16,0.0,0.0,0.0,4.946831084557693e-16,6.491160269893523e-15,0.0,0.0,9.633104669202363e-16,1.030483476908799e-17,5.42575002910781e-23,1.6893899685023783e-16,3.195768540847154e-19,1.5467101873672553e-14,0.0,0.0,1.571702243617974e-18,5.574479351165593e-22,1.5019701103341639e-15,0.0,0.0
0.007584480600750939,0.2528160200250313,299.99999999996515,0.651698552131246,2.562584747994776e-14,0.0,1.5327253189012348e-20,0.0,9.170339972764549e-24,2.58485428162168e-15,1.814885322237595e-21,8.075449394878916e-16,1.6738306285304603e-15,0.0,2.8935788858033734e-16,1.307112213124558e-32,0.0,0.9999999999999886,1.1352409484877601e-19,0.0,0.0,1.9284042090456794e-15,0.0,8.484153986243458e-18,0.0,1.3803534667784206e-14,4.29344140178764e-22,0.0,0.0,0.0,0.0,0.0,0.0,0.0,0.0,0.0,6.369923901975192e-16,0.0,0.0,0.0,4.94683115887586e-16,6.49116026990683e-15,0.0,0.0,9.633104670963896e-16,1.0304834616421157e-17,5.425750013931514e-23,1.6893899687232667e-16,3.1957685408153106e-19,1.5467101874017582e-14,0.0,0.0,1.5717022436387695e-18,5.5744793637432175e-22,1.5019701103329821e-15,0.0,0.0
0.007622027534418023,0.2540675844806008,299.99999999996515,0.6516985521312184,3.168895487537988e-14,0.0,1.5268198020516146e-20,0.0,9.133504971142635e-24,2.5848543612856036e-15,1.8148867106626656e-21,8.075449394891711e-16,1.6738306344434055e-15,0.0,2.892742393189043e-16,1.3069808492178641e-32,0.0,0.9999999999999826,1.1353076953508103e-19,0.0,0.0,1.928404209049666e-15,0.0,8.484091881363606e-18,0.0,1.3803534541210037e-14,5.433054934755109e-22,0.0,0.0,0.0,0.0,0.0,0.0,0.0,0.0,0.0,6.369923902025472e-16,0.0,0.0,0.0,4.946831233194027e-16,6.491160269920138e-15,0.0,0.0,9.633104672725428e-16,1.0304834463754324e-17,5.425749998755218e-23,1.6893899689441554e-16,3.195768540783468e-19,1.5467101874362608e-14,0.0,0.0,1.571702243659565e-18,5.574479376320842e-22,1.5019701103318004e-15,0.0,0.0
0.007659574468085107,0.25531914893617025,299.99999999996515,0.6516985521311909,3.7752062270812e-14,0.0,1.5209142852019946e-20,0.0,9.09666996952072e-24,2.584854440949527e-15,1.814888099087736e-21,8.075449394904505e-16,1.6738306403563509e-15,0.0,2.8919059005747124e-16,1.3068494853111703e-32,0.0,0.9999999999999766,1.1353744422138602e-19,0.0,0.0,1.9284042090536525e-15,0.0,8.484029776483753e-18,0.0,1.3803534414635867e-14,6.572668467722577e-22,0.0,0.0,0.0,0.0,0.0,0.0,0.0,0.0,0.0,6.369923902075753e-16,0.0,0.0,0.0,4.946831307512192e-16,6.491160269933446e-15,0.0,0.0,9.633104674486958e-16,1.0304834311087489e-17,5.425749983578921e-23,1.6893899691650439e-16,3.1957685407516245e-19,1.5467101874707637e-14,0.0,0.0,1.5717022436803605e-18,5.5744793888984665e-22,1.5019701103306187e-15,0.0,0.0
0.00769712140175219,0.2565707133917397,299.99999999996515,0.6516985521311436,4.818094476819923e-14,0.0,1.5149928814269898e-20,0.0,9.059736232226588e-24,2.584854555332649e-15,1.8148895236788196e-21,8.075449394917387e-16,1.6738306463228047e-15,0.0,2.891063035041283e-16,1.3067129483353188e-32,0.0,0.9999999999999661,1.1355210224575055e-19,0.0,0.0,1.928404209057658e-15,0.0,8.483967176082658e-18,0.0,1.3803534284960288e-14,7.742996356490116e-22,0.0,0.0,0.0,0.0,0.0,0.0,0.0,0.0,0.0,6.369923902128759e-16,0.0,0.0,0.0,4.946831382412205e-16,6.491160269946787e-15,0.0,0.0,9.633104676262156e-16,1.0304834157231853e-17,5.425749968282994e-23,1.6893899693875657e-16,3.1957685407196097e-19,1.546710187505514e-14,0.0,0.0,1.5717022437012882e-18,5.574479401558842e-22,1.5019701103294196e-15,0.0,0.0
0.007734668335419274,0.25782227784730916,299.99999999996515,0.6516985521310389,7.128122329321305e-14,0.0,1.5090253668197712e-20,0.0,9.022515920664307e-24,2.5848547704861266e-15,1.8148910532395526e-21,8.075449394930526e-16,1.673830652444564e-15,0.0,2.8902016724987595e-16,1.306561396841668e-32,0.0,0.999999999999943,1.1358993142204384e-19,0.0,0.0,1.928404209061719e-15,0.0,8.483903137461362e-18,0.0,1.3803534146283056e-14,9.002470790140888e-22,0.0,0.0,0.0,0.0,0.0,0.0,0.0,0.0,0.0,6.369923902189676e-16,0.0,0.0,0.0,4.94683145900099e-16,6.4911602699602275e-15,0.0,0.0,9.633104678077015e-16,1.0304833999925787e-17,5.425749952639848e-23,1.6893899696148284e-16,3.195768540687096e-19,1.5467101875409833e-14,0.0,0.0,1.5717022437225992e-18,5.574479414459394e-22,1.5019701103281709e-15,0.0,0.0
0.007772215269086358,0.2590738423028786,299.99999999996515,0.6516985521309342,9.438150181822686e-14,0.0,1.5030578522125526e-20,0.0,8.985295609102026e-24,2.584854985639604e-15,1.814892582800285e-21,8.075449394943666e-16,1.6738306585663235e-15,0.0,2.8893403099562367e-16,1.306409845348017e-32,0.0,0.99999999999992,1.1362776059833714e-19,0.0,0.0,1.92840420906578e-15,0.0,8.483839098840067e-18,0.0,1.3803534007605824e-14,1.0261945223791661e-21,0.0,0.0,0.0,0.0,0.0,0.0,0.0,0.0,0.0,6.369923902250592e-16,0.0,0.0,0.0,4.946831535589775e-16,6.491160269973667e-15,0.0,0.0,9.633104679891874e-16,1.0304833842619722e-17,5.425749936996702e-23,1.6893899698420911e-16,3.195768540654583e-19,1.5467101875764527e-14,0.0,0.0,1.5717022437439104e-18,5.574479427359947e-22,1.5019701103269221e-15,0.0,0.0
0.007809762202753442,0.26032540675844806,299.99999999996515,0.6516985521308294,1.1748178034324068e-13,0.0,1.4970903376053343e-20,0.0,8.948075297539745e-24,2.5848552007930817e-15,1.8148941123610177e-21,8.075449394956804e-16,1.6738306646880827e-15,0.0,2.8884789474137135e-16,1.306258293854366e-32,0.0,0.9999999999998969,1.1366558977463043e-19,0.0,0.0,1.9284042090698407e-15,0.0,8.483775060218772e-18,0.0,1.3803533868928593e-14,1.1521419657442433e-21,0.0,0.0,0.0,0.0,0.0,0.0,0.0,0.0,0.0,6.369923902311509e-16,0.0,0.0,0.0,4.94683161217856e-16,6.491160269987108e-15,0.0,0.0,9.633104681706732e-16,1.0304833685313658e-17,5.425749921353554e-23,1.6893899700693538e-16,3.1957685406220696e-19,1.546710187611922e-14,0.0,0.0,1.5717022437652216e-18,5.574479440260499e-22,1.5019701103256733e-15,0.0,0.0
0.007847309136420526,0.2615769712140176,299.99999999996515,0.6516985521307247,1.405820588682545e-13,0.0,1.4911228229981157e-20,0.0,8.910854985977464e-24,2.5848554159465593e-15,1.8148956419217503e-21,8.075449394969944e-16,1.6738306708098421e-15,0.0,2.88761758487119e-16,1.3061067423607148e-32,0.0,0.9999999999998737,1.1370341895092372e-19,0.0,0.0,1.9284042090739017e-15,0.0,8.483711021597477e-18,0.0,1.380353373025136e-14,1.2780894091093205e-21,0.0,0.0,0.0,0.0,0.0,0.0,0.0,0.0,0.0,6.369923902372426e-16,0.0,0.0,0.0,4.946831688767346e-16,6.4911602700005486e-15,0.0,0.0,9.63310468352159e-16,1.0304833528007593e-17,5.425749905710408e-23,1.6893899702966165e-16,3.1957685405895565e-19,1.5467101876473915e-14,0.0,0.0,1.5717022437865326e-18,5.574479453161051e-22,1.5019701103244246e-15,0.0,0.0
0.00788485607008761,0.262828535669587,299.99999999996515,0.651698552130545,1.8020930054486138e-13,0.0,1.485137142179701e-20,0.0,8.873521914582968e-24,2.5848559815502674e-15,1.814897439623652e-21,8.075449394983917e-16,1.67383067699133e-15,0.0,2.8867490990883915e-16,1.3059422444798107e-32,0.0,0.9999999999998341,1.1382299170684738e-19,0.0,0.0,1.928404209078059e-15,0.0,8.483646429096628e-18,0.0,1.3803533582066334e-14,1.4137930533522529e-21,0.0,0.0,0.0,0.0,0.0,0.0,0.0,0.0,0.0,6.369923902450864e-16,0.0,0.0,0.0,4.946831766006481e-16,6.4911602700138724e-15,0.0,0.0,9.633104685351947e-16,1.0304833369374451e-17,5.425749889932773e-23,1.6893899705258923e-16,3.1957685405582597e-19,1.5467101876831077e-14,0.0,0.0,1.5717022438079416e-18,5.574479466156356e-22,1.5019701103231314e-15,0.0,0.0
0.007922403003754694,0.2640801001251565,299.99999999996515,0.6516985521301547,2.662694386949881e-13,0.0,1.479100422958403e-20,0.0,8.835872041755111e-24,2.5848575317522407e-15,1.8148999906745537e-21,8.075449395000231e-16,1.6738306833406263e-15,0.0,2.8858606003924365e-16,1.3057413734156708e-32,0.0,0.999999999999748,1.1417222499601826e-19,0.0,0.0,1.9284042090824865e-15,0.0,8.483580280457991e-18,0.0,1.3803533407168933e-14,1.5769069762520144e-21,0.0,0.0,0.0,0.0,0.0,0.0,0.0,0.0,0.0,6.36992390257853e-16,0.0,0.0,0.0,4.946831845072795e-16,6.4911602700268705e-15,0.0,0.0,9.633104687225845e-16,1.030483320701285e-17,5.42574987377729e-23,1.689389970760825e-16,3.1957685405303804e-19,1.546710187719518e-14,0.0,0.0,1.5717022438296253e-18,5.574479479417871e-22,1.5019701103217139e-15,0.0,0.0
0.007959949937421777,0.2653316645807259,299.99999999996515,0.6516985521297645,3.523295768451108e-13,0.0,1.473063703737105e-20,0.0,8.798222168927254e-24,2.584859081954214e-15,1.8149025417254552e-21,8.075449395016546e-16,1.6738306896899225e-15,0.0,2.884972101696482e-16,1.3055405023515312e-32,0.0,0.9999999999996619,1.1452145828518912e-19,0.0,0.0,1.928404209086914e-15,0.0,8.483514131819353e-18,0.0,1.3803533232271531e-14,1.740020899151768e-21,0.0,0.0,0.0,0.0,0.0,0.0,0.0,0.0,0.0,6.369923902706195e-16,0.0,0.0,0.0,4.946831924139107e-16,6.491160270039868e-15,0.0,0.0,9.633104689099745e-16,1.0304833044651248e-17,5.425749857621808e-23,1.6893899709957573e-16,3.195768540502501e-19,1.546710187755928e-14,0.0,0.0,1.5717022438513091e-18,5.574479492679386e-22,1.5019701103202965e-15,0.0,0.0
0.00799749687108886,0.2665832290362954,299.99999999996515,0.6516985521293742,4.383897149952375e-13,0.0,1.467026984515807e-20,0.0,8.760572296099397e-24,2.5848606321561874e-15,1.8149050927763568e-21,8.07544939503286e-16,1.6738306960392188e-15,0.0,2.884083603000527e-16,1.3053396312873914e-32,0.0,0.9999999999995759,1.1487069157435997e-19,0.0,0.0,1.9284042090913415e-15,0.0,8.483447983180715e-18,0.0,1.3803533057374131e-14,1.9031348220515294e-21,0.0,0.0,0.0,0.0,0.0,0.0,0.0,0.0,0.0,6.36992390283386e-16,0.0,0.0,0.0,4.94683200320542e-16,6.491160270052866e-15,0.0,0.0,9.633104690973642e-16,1.0304832882289647e-17,5.425749841466325e-23,1.6893899712306897e-16,3.195768540474622e-19,1.546710187792338e-14,0.0,0.0,1.571702243872993e-18,5.574479505940901e-22,1.5019701103188789e-15,0.0,0.0
0.008035043804755945,0.26783479349186484,299.99999999996515,0.651698552128984,5.244498531453642e-13,0.0,1.4609902652945088e-20,0.0,8.722922423271539e-24,2.5848621823581608e-15,1.8149076438272583e-21,8.075449395049175e-16,1.6738307023885151e-15,0.0,2.8831951043045725e-16,1.3051387602232518e-32,0.0,0.9999999999994899,1.1521992486353083e-19,0.0,0.0,1.9284042090957693e-15,0.0,8.483381834542078e-18,0.0,1.380353288247673e-14,2.0662487449512907e-21,0.0,0.0,0.0,0.0,0.0,0.0,0.0,0.0,0.0,6.369923902961526e-16,0.0,0.0,0.0,4.946832082271733e-16,6.491160270065863e-15,0.0,0.0,9.63310469284754e-16,1.0304832719928044e-17,5.425749825310842e-23,1.689389971465622e-16,3.1957685404467425e-19,1.546710187828748e-14,0.0,0.0,1.5717022438946766e-18,5.574479519202416e-22,1.5019701103174613e-15,0.0,0.0
0.008072590738423029,0.2690863579474343,299.99999999996515,0.651698552128317,6.715487315088629e-13,0.0,1.4549329147808793e-20,0.0,8.685144897635465e-24,2.5848671792663766e-15,1.814912734791974e-21,8.075449395075407e-16,1.6738307088044565e-15,0.0,2.8822986236276066e-16,1.3049037845543284e-32,0.0,0.9999999999993427,1.1638376790269832e-19,0.0,0.0,1.9284042091016945e-15,0.0,8.48331506519194e-18,0.0,1.3803532673805202e-14,2.2649633904995954e-21,0.0,0.0,0.0,0.0,0.0,0.0,0.0,0.0,0.0,6.369923903207935e-16,0.0,0.0,0.0,4.946832162070614e-16,6.491160270078166e-15,0.0,0.0,9.633104694744439e-16,1.0304832556083052e-17,5.425749809002289e-23,1.6893899717055246e-16,3.1957685404386546e-19,1.54671018786539e-14,0.0,0.0,1.5717022439162844e-18,5.574479532605855e-22,1.501970110315903e-15,0.0,0.0
0.008110137672090113,0.27033792240300375,299.99999999996515,0.651698552126897,9.847297634761976e-13,0.0,1.44881942796021e-20,0.0,8.647020037614248e-24,2.5848815544218096e-15,1.814924736684974e-21,8.075449395128621e-16,1.6738307154017348e-15,0.0,2.8813804245371915e-16,1.3045760126351793e-32,0.0,0.9999999999990296,1.1976410723836834e-19,0.0,0.0,1.928404209111694e-15,0.0,8.483246606929115e-18,0.0,1.3803532373236629e-14,2.5605451186032442e-21,0.0,0.0,0.0,0.0,0.0,0.0,0.0,0.0,0.0,6.369923903777438e-16,0.0,0.0,0.0,4.946832243862761e-16,6.491160270088579e-15,0.0,0.0,9.633104696703914e-16,1.0304832388201852e-17,5.425749792277249e-23,1.6893899719589503e-16,3.1957685404844157e-19,1.5467101879026628e-14,0.0,0.0,1.5717022439376854e-18,5.574479546395462e-22,1.5019701103139615e-15,0.0,0.0
0.008147684605757197,0.27158948685857326,299.99999999996515,0.6516985521254769,1.2979107954435323e-12,0.0,1.4427059411395406e-20,0.0,8.60889517759303e-24,2.5848959295772425e-15,1.814936738577974e-21,8.075449395181836e-16,1.6738307219990133e-15,0.0,2.8804622254467764e-16,1.3042482407160304e-32,0.0,0.9999999999987164,1.2314444657403838e-19,0.0,0.0,1.928404209121694e-15,0.0,8.483178148666291e-18,0.0,1.3803532072668057e-14,2.856126846706893e-21,0.0,0.0,0.0,0.0,0.0,0.0,0.0,0.0,0.0,6.36992390434694e-16,0.0,0.0,0.0,4.946832325654908e-16,6.491160270098991e-15,0.0,0.0,9.633104698663391e-16,1.0304832220320653e-17,5.425749775552207e-23,1.6893899722123758e-16,3.1957685405301767e-19,1.5467101879399352e-14,0.0,0.0,1.5717022439590863e-18,5.57447956018507e-22,1.5019701103120201e-15,0.0,0.0
0.00818523153942428,0.2728410513141427,299.99999999996515,0.6516985521240568,1.6110918274108668e-12,0.0,1.436592454318871e-20,0.0,8.570770317571812e-24,2.584910304732675e-15,1.814948740470974e-21,8.07544939523505e-16,1.6738307285962915e-15,0.0,2.879544026356361e-16,1.3039204687968815e-32,0.0,0.9999999999984032,1.2652478590970841e-19,0.0,0.0,1.928404209131694e-15,0.0,8.483109690403468e-18,0.0,1.3803531772099484e-14,3.1517085748105417e-21,0.0,0.0,0.0,0.0,0.0,0.0,0.0,0.0,0.0,6.369923904916442e-16,0.0,0.0,0.0,4.946832407447055e-16,6.4911602701094035e-15,0.0,0.0,9.633104700622867e-16,1.0304832052439454e-17,5.425749758827166e-23,1.6893899724658013e-16,3.195768540575938e-19,1.546710187977208e-14,0.0,0.0,1.5717022439804872e-18,5.574479573974678e-22,1.5019701103100786e-15,0.0,0.0
0.008222778473091365,0.27409261576971217,299.99999999996515,0.6516985521226367,1.9242728593782017e-12,0.0,1.4304789674982017e-20,0.0,8.532645457550594e-24,2.584924679888108e-15,1.814960742363974e-21,8.075449395288265e-16,1.6738307351935698e-15,0.0,2.8786258272659466e-16,1.3035926968777326e-32,0.0,0.99999999999809,1.2990512524537843e-19,0.0,0.0,1.928404209141694e-15,0.0,8.483041232140644e-18,0.0,1.3803531471530911e-14,3.447290302914191e-21,0.0,0.0,0.0,0.0,0.0,0.0,0.0,0.0,0.0,6.369923905485946e-16,0.0,0.0,0.0,4.946832489239203e-16,6.4911602701198164e-15,0.0,0.0,9.633104702582344e-16,1.0304831884558256e-17,5.425749742102125e-23,1.6893899727192268e-16,3.195768540621699e-19,1.5467101880144807e-14,0.0,0.0,1.571702244001888e-18,5.574479587764284e-22,1.5019701103081372e-15,0.0,0.0
0.008260325406758449,0.2753441802252816,299.99999999996515,0.6516985521202205,2.4571307202738984e-12,0.0,1.424342774006086e-20,0.0,8.494381251316334e-24,2.58497192232839e-15,1.81499693425135e-21,8.075449395444711e-16,1.6738307418644884e-15,0.0,2.8776986579675643e-16,1.3031742789026477e-32,0.0,0.9999999999975572,1.4115501603513631e-19,0.0,0.0,1.9284042091725137e-15,0.0,8.4829720762238e-18,0.0,1.3803531046591145e-14,3.880633639220055e-21,0.0,0.0,0.0,0.0,0.0,0.0,0.0,0.0,0.0,6.369923906841964e-16,0.0,0.0,0.0,4.946832571907561e-16,6.491160270127456e-15,0.0,0.0,9.633104704650132e-16,1.0304831715018578e-17,5.425749725197742e-23,1.6893899730126587e-16,3.195768540917291e-19,1.5467101880526417e-14,0.0,0.0,1.5717022440225137e-18,5.574479602295051e-22,1.5019701103057183e-15,0.0,0.0
0.008297872340425533,0.27659574468085113,299.99999999996515,0.6516985521151782,3.569136584707985e-12,0.0,1.4181467174710663e-20,0.0,8.455749677793139e-24,2.5851058148832725e-15,1.8150968997602624e-21,8.075449395873311e-16,1.67383074872955e-15,0.0,2.876747839939086e-16,1.3025168849619136e-32,0.0,0.9999999999964452,1.7315190611294322e-19,0.0,0.0,1.9284042092582206e-15,0.0,8.482901081037275e-18,0.0,1.3803530293763686e-14,4.677166669877199e-21,0.0,0.0,0.0,0.0,0.0,0.0,0.0,0.0,0.0,6.369923910271525e-16,0.0,0.0,0.0,4.94683265688593e-16,6.491160270127787e-15,0.0,0.0,9.633104707003467e-16,1.030483154110655e-17,5.42574970782055e-23,1.6893899734115617e-16,3.195768541871531e-19,1.5467101880931456e-14,0.0,0.0,1.5717022440410955e-18,5.57447961877978e-22,1.5019701103020412e-15,0.0,0.0
0.008335419274092615,0.27784730913642053,299.99999999996515,0.6516985521101359,4.68114244914202e-12,0.0,1.411950660936047e-20,0.0,8.417118104269947e-24,2.585239707438155e-15,1.8151968652691754e-21,8.075449396301912e-16,1.6738307555946115e-15,0.0,2.8757970219106085e-16,1.3018594910211797e-32,0.0,0.9999999999953332,2.0514879619074866e-19,0.0,0.0,1.9284042093439276e-15,0.0,8.482830085850748e-18,0.0,1.3803529540936225e-14,5.473699700534306e-21,0.0,0.0,0.0,0.0,0.0,0.0,0.0,0.0,0.0,6.369923913701087e-16,0.0,0.0,0.0,4.9468327418643e-16,6.491160270128118e-15,0.0,0.0,9.633104709356805e-16,1.0304831367194521e-17,5.425749690443358e-23,1.6893899738104648e-16,3.1957685428257706e-19,1.5467101881336492e-14,0.0,0.0,1.5717022440596772e-18,5.574479635264508e-22,1.501970110298364e-15,0.0,0.0
0.008372966207759699,0.27909887359199,299.99999999996515,0.6516985521050936,5.793148313576106e-12,0.0,1.4057546044010276e-20,0.0,8.378486530746753e-24,2.585373599993038e-15,1.815296830778088e-21,8.075449396730513e-16,1.673830762459673e-15,0.0,2.874846203882131e-16,1.3012020970804458e-32,0.0,0.9999999999942212,2.371456862685556e-19,0.0,0.0,1.9284042094296346e-15,0.0,8.482759090664222e-18,0.0,1.3803528788108765e-14,6.270232731191451e-21,0.0,0.0,0.0,0.0,0.0,0.0,0.0,0.0,0.0,6.369923917130648e-16,0.0,0.0,0.0,4.946832826842668e-16,6.491160270128448e-15,0.0,0.0,9.633104711710141e-16,1.0304831193282494e-17,5.425749673066168e-23,1.6893899742093676e-16,3.19576854378001e-19,1.546710188174153e-14,0.0,0.0,1.571702244078259e-18,5.574479651749238e-22,1.5019701102946869e-15,0.0,0.0
0.008410513141426783,0.28035043804755944,299.99999999996515,0.6516985521000513,6.905154178010192e-12,0.0,1.3995585478660078e-20,0.0,8.33985495722356e-24,2.5855074925479207e-15,1.815396796287001e-21,8.075449397159114e-16,1.6738307693247344e-15,0.0,2.8738953858536533e-16,1.300544703139712e-32,0.0,0.9999999999931092,2.691425763463625e-19,0.0,0.0,1.928404209515342e-15,0.0,8.482688095477695e-18,0.0,1.3803528035281306e-14,7.066765761848595e-21,0.0,0.0,0.0,0.0,0.0,0.0,0.0,0.0,0.0,6.36992392056021e-16,0.0,0.0,0.0,4.946832911821038e-16,6.4911602701287795e-15,0.0,0.0,9.633104714063479e-16,1.0304831019370465e-17,5.425749655688976e-23,1.6893899746082706e-16,3.1957685447342497e-19,1.5467101882146567e-14,0.0,0.0,1.5717022440968407e-18,5.574479668233967e-22,1.5019701102910096e-15,0.0,0.0
0.008448060075093867,0.2816020025031289,299.99999999996515,0.65169855209152,8.786604357621586e-12,0.0,1.3933421534431908e-20,0.0,8.301102110203224e-24,2.5859446347980085e-15,1.8157206065976598e-21,8.075449398577597e-16,1.6738307762678536e-15,0.0,2.8729344534805613e-16,1.2996489860963723e-32,0.0,0.9999999999912277,3.746924092582192e-19,0.0,0.0,1.928404209865103e-15,0.0,8.482616313731373e-18,0.0,1.3803526827104015e-14,8.438536203288832e-21,0.0,0.0,0.0,0.0,0.0,0.0,0.0,0.0,0.0,6.369923929026689e-16,0.0,0.0,0.0,4.946832998385689e-16,6.491160270119562e-15,0.0,0.0,9.63310471760784e-16,1.0304830843610115e-17,5.425749638086942e-23,1.689389975463403e-16,3.195768548667124e-19,1.546710188267672e-14,0.0,0.0,1.5717022441121553e-18,5.5744796947305275e-22,1.501970110285725e-15,0.0,0.0
0.008485607008760951,0.2828535669586984,299.9999999999652,0.6516985520740723,1.263441223157519e-11,0.0,1.3870737844182252e-20,1.5379114201695658e-20,8.262039342023526e-24,2.5871567484913988e-15,1.816616464735004e-21,8.075449402525782e-16,1.6738307834104532e-15,0.0,2.871947673337901e-16,1.2981442211241513e-32,0.0,0.9999999999873799,6.682108738571109e-19,0.0,0.0,1.92840421088967e-15,0.0,8.482542521887793e-18,0.0,1.3803524455254934e-14,1.1280357805619345e-20,0.0,0.0,0.0,0.0,0.0,0.0,0.0,0.0,0.0,6.369923950365291e-16,0.0,0.0,0.0,4.946833089004166e-16,6.4911602700859435e-15,0.0,0.0,9.633104724195936e-16,1.0304830663126279e-17,5.425749619910313e-23,1.6893899774844553e-16,3.195768560212064e-19,1.5467101883526613e-14,0.0,0.0,1.5717022441191207e-18,5.57447974681288e-22,1.5019701102763325e-15,0.0,0.0
0.008523153942428035,0.28410513141426785,299.99999999996527,0.6516985520566246,1.6482220105528794e-11,0.0,1.3808054153932594e-20,5.114442022530736e-20,8.222976573843827e-24,2.5883688621847886e-15,1.817512322872348e-21,8.075449406473966e-16,1.6738307905530527e-15,0.0,2.87096089319524e-16,1.2966394561519303e-32,0.0,0.9999999999835321,9.617293384560025e-19,0.0,0.0,1.928404211914237e-15,0.0,8.482468730044212e-18,0.0,1.3803522083405854e-14,1.4122179407949858e-20,0.0,0.0,0.0,0.0,0.0,0.0,0.0,0.0,0.0,6.369923971703892e-16,0.0,0.0,0.0,4.946833179622645e-16,6.4911602700523254e-15,0.0,0.0,9.63310473078403e-16,1.0304830482642441e-17,5.425749601733685e-23,1.6893899795055073e-16,3.1957685717570045e-19,1.5467101884376503e-14,0.0,0.0,1.5717022441260858e-18,5.574479798895233e-22,1.5019701102669397e-15,0.0,0.0
0.00856070087609512,0.2853566958698373,299.9999999999653,0.651698552039177,2.0330027979482398e-11,0.0,1.3745370463682935e-20,8.690972624891905e-20,8.183913805664129e-24,2.589580975878179e-15,1.818408181009692e-21,8.075449410422149e-16,1.6738307976956524e-15,0.0,2.8699741130525793e-16,1.2951346911797095e-32,0.0,0.9999999999796843,1.2552478030548942e-18,0.0,0.0,1.9284042129388035e-15,0.0,8.482394938200632e-18,0.0,1.3803519711556772e-14,1.696400101028037e-20,0.0,0.0,0.0,0.0,0.0,0.0,0.0,0.0,0.0,6.369923993042494e-16,0.0,0.0,0.0,4.946833270241123e-16,6.491160270018707e-15,0.0,0.0,9.633104737372127e-16,1.0304830302158605e-17,5.425749583557056e-23,1.6893899815265596e-16,3.1957685833019444e-19,1.5467101885226393e-14,0.0,0.0,1.571702244133051e-18,5.5744798509775855e-22,1.501970110257547e-15,0.0,0.0
0.008598247809762203,0.28660826032540676,299.9999999999653,0.6516985520217294,2.4177835853436002e-11,0.0,1.3682686773433277e-20,1.2267503227253075e-19,8.144851037484431e-24,2.590793089571569e-15,1.819304039147036e-21,8.075449414370333e-16,1.673830804838252e-15,0.0,2.8689873329099183e-16,1.2936299262074885e-32,0.0,0.9999999999758364,1.5487662676537858e-18,0.0,0.0,1.92840421396337e-15,0.0,8.482321146357051e-18,0.0,1.380351733970769e-14,1.980582261261088e-20,0.0,0.0,0.0,0.0,0.0,0.0,0.0,0.0,0.0,6.369924014381096e-16,0.0,0.0,0.0,4.946833360859601e-16,6.491160269985089e-15,0.0,0.0,9.633104743960222e-16,1.0304830121674767e-17,5.425749565380428e-23,1.6893899835476116e-16,3.1957685948468847e-19,1.5467101886076284e-14,0.0,0.0,1.571702244140016e-18,5.574479903059938e-22,1.5019701102481544e-15,0.0,0.0
0.008635794743429287,0.28785982478097627,299.9999999999655,0.6516985519924045,3.0644976856892055e-11,0.0,1.3620128752360215e-20,2.380750404817513e-19,8.105881254232096e-24,2.5947072351674866e-15,1.8222012271120485e-21,8.075449427311246e-16,1.673830812049691e-15,0.0,2.8679891048645107e-16,1.291510844212829e-32,0.0,0.9999999999693693,2.506151530172338e-18,0.0,0.0,1.928404218158799e-15,0.0,8.482246467253437e-18,0.0,1.3803513332728635e-14,2.5489963195639577e-20,0.0,0.0,0.0,0.0,0.0,0.0,0.0,0.0,0.0,6.369924066854207e-16,0.0,0.0,0.0,4.946833459542299e-16,6.491160269924398e-15,0.0,0.0,9.633104764966127e-16,1.0304829939166301e-17,5.425749546879421e-23,1.6893899907840301e-16,3.1957686405181867e-19,1.546710188851518e-14,0.0,0.0,1.5717022441352638e-18,5.574480106045656e-22,1.5019701102338407e-15,0.0,0.0
0.008673341677096371,0.2891113892365457,299.9999999999658,0.6516985519336443,4.3603508659549876e-11,0.0,1.355788217229003e-20,5.508306149770471e-19,8.067141911886704e-24,2.6053177206957555e-15,1.830058232476064e-21,8.07544946253849e-16,1.6738308194317323e-15,0.0,2.8669625059296854e-16,1.2878693243799528e-32,0.0,0.9999999999564106,5.108771900578755e-18,0.0,0.0,1.9284042302124516e-15,0.0,8.482169589288e-18,0.0,1.3803505273470946e-14,3.8218111687355123e-20,0.0,0.0,0.0,0.0,0.0,0.0,0.0,0.0,0.0,6.3699241964867565e-16,0.0,0.0,0.0,4.946833578210238e-16,6.491160269796615e-15,0.0,0.0,9.633104821703127e-16,1.0304829751640273e-17,5.42574952757452e-23,1.6893900109454872e-16,3.1957687707635137e-19,1.546710189489204e-14,0.0,0.0,1.5717022441014728e-18,5.57448068300928e-22,1.5019701102073316e-15,0.0,0.0
0.008710888610763454,0.2903629536921151,299.9999999999661,0.6516985518748843,5.6562040462207095e-11,0.0,1.3495635592219846e-20,8.635861894723284e-19,8.028402569541314e-24,2.615928206224024e-15,1.8379152378400792e-21,8.075449497765733e-16,1.6738308268137735e-15,0.0,2.86593590699486e-16,1.2842278045470769e-32,0.0,0.9999999999434521,7.711392270985051e-18,0.0,0.0,1.928404242266104e-15,0.0,8.48209271132256e-18,0.0,1.3803497214213256e-14,5.094626017907008e-20,0.0,0.0,0.0,0.0,0.0,0.0,0.0,0.0,0.0,6.369924326119305e-16,0.0,0.0,0.0,4.946833696878176e-16,6.4911602696688325e-15,0.0,0.0,9.633104878440126e-16,1.0304829564114246e-17,5.425749508269618e-23,1.6893900311069442e-16,3.1957689010088413e-19,1.5467101901268902e-14,0.0,0.0,1.5717022440676818e-18,5.574481259972903e-22,1.5019701101808227e-15,0.0,0.0
0.008748435544430538,0.2916145181476846,299.99999999996646,0.6516985518161242,6.952057226486492e-11,0.0,1.3433389012149659e-20,1.1763417639676242e-18,7.989663227195922e-24,2.626538691752293e-15,1.8457722432040946e-21,8.075449532992975e-16,1.6738308341958146e-15,0.0,2.8649093080600347e-16,1.2805862847142006e-32,0.0,0.9999999999304935,1.0314012641391467e-17,0.0,0.0,1.9284042543197565e-15,0.0,8.482015833357123e-18,0.0,1.3803489154955566e-14,6.367440867078563e-20,0.0,0.0,0.0,0.0,0.0,0.0,0.0,0.0,0.0,6.369924455751854e-16,0.0,0.0,0.0,4.946833815546114e-16,6.491160269541049e-15,0.0,0.0,9.633104935177124e-16,1.0304829376588219e-17,5.425749488964716e-23,1.6893900512684013e-16,3.195769031254169e-19,1.5467101907645763e-14,0.0,0.0,1.571702244033891e-18,5.574481836936527e-22,1.5019701101543136e-15,0.0,0.0
0.008785982478097622,0.2928660826032541,299.9999999999668,0.6516985517573641,8.247910406752274e-11,0.0,1.3371142432079472e-20,1.48909733846292e-18,7.950923884850531e-24,2.6371491772805618e-15,1.8536292485681104e-21,8.075449568220219e-16,1.6738308415778558e-15,0.0,2.8638827091252094e-16,1.2769447648813246e-32,0.0,0.999999999917535,1.2916633011797885e-17,0.0,0.0,1.928404266373409e-15,0.0,8.481938955391684e-18,0.0,1.3803481095697877e-14,7.640255716250117e-20,0.0,0.0,0.0,0.0,0.0,0.0,0.0,0.0,0.0,6.369924585384402e-16,0.0,0.0,0.0,4.946833934214053e-16,6.491160269413266e-15,0.0,0.0,9.633104991914122e-16,1.030482918906219e-17,5.425749469659815e-23,1.6893900714298583e-16,3.1957691614994963e-19,1.5467101914022628e-14,0.0,0.0,1.5717022440001e-18,5.57448241390015e-22,1.5019701101278045e-15,0.0,0.0
0.008823529411764706,0.29411764705882354,299.99999999996777,0.6516985516593649,1.0409098478255259e-10,0.0,1.3311259735539402e-20,2.4849722037830442e-18,7.913701350279992e-24,2.670963259295571e-15,1.878732092948389e-21,8.075449681615728e-16,1.6738308489587392e-15,0.0,2.8628430962795604e-16,1.2717575308530084e-32,0.0,0.9999999998959229,2.1293729808325465e-17,0.0,0.0,1.92840431488319e-15,0.0,8.481861106917141e-18,0.0,1.3803467305387974e-14,1.0735040072466493e-19,0.0,0.0,0.0,0.0,0.0,0.0,0.0,0.0,0.0,6.369924900586332e-16,0.0,0.0,0.0,4.946834124605457e-16,6.491160269259561e-15,0.0,0.0,9.633105217909633e-16,1.0304828999587961e-17,5.425749449768585e-23,1.6893901490907828e-16,3.195769667846566e-19,1.5467101938513673e-14,0.0,0.0,1.5717022439269539e-18,5.574485204042309e-22,1.5019701100926817e-15,0.0,0.0
0.00886107634543179,0.295369211514393,299.9999999999703,0.6516985514670244,1.465077256486074e-10,0.0,1.3257060418550462e-20,5.123240257682236e-18,7.880125608870269e-24,2.760564711587219e-15,1.9452983375167106e-21,8.075449982947707e-16,1.673830856336839e-15,0.0,2.8617721946695895e-16,1.2628540052484216e-32,0.0,0.9999999998535057,4.355414226765689e-17,0.0,0.0,1.9284044510428133e-15,0.0,8.48178092509092e-18,0.0,1.3803439736165307e-14,1.8210304307323149e-19,0.0,0.0,0.0,0.0,0.0,0.0,0.0,0.0,0.0,6.369925661944432e-16,0.0,0.0,0.0,4.946834487438383e-16,6.491160269043534e-15,0.0,0.0,9.633105850845824e-16,1.0304828805429752e-17,5.425749428467669e-23,1.6893903649951073e-16,3.1957710784382503e-19,1.546710200655584e-14,0.0,0.0,1.5717022437591886e-18,5.574493315230733e-22,1.5019701100368495e-15,0.0,0.0
0.008898623279098874,0.29662077596996245,299.99999999997283,0.6516985512746839,1.8892446651466225e-10,0.0,1.320286110156152e-20,7.761508311581427e-18,7.846549867460547e-24,2.8501661638788668e-15,2.011864582085032e-21,8.075450284279687e-16,1.6738308637149387e-15,0.0,2.8607012930596186e-16,1.2539504796438345e-32,0.0,0.9999999998110886,6.58145547269883e-17,0.0,0.0,1.928404587202436e-15,0.0,8.481700743264699e-18,0.0,1.380341216694264e-14,2.5685568542179806e-19,0.0,0.0,0.0,0.0,0.0,0.0,0.0,0.0,0.0,6.369926423302533e-16,0.0,0.0,0.0,4.946834850271309e-16,6.491160268827507e-15,0.0,0.0,9.633106483782013e-16,1.0304828611271545e-17,5.425749407166754e-23,1.6893905808994318e-16,3.195772489029935e-19,1.5467102074598007e-14,0.0,0.0,1.5717022435914234e-18,5.574501426419157e-22,1.5019701099810173e-15,0.0,0.0
0.008936170212765958,0.29787234042553196,299.9999999999754,0.6516985510823434,2.3134120738071704e-10,0.0,1.314866178457258e-20,1.0399776365480621e-17,7.812974126050825e-24,2.9397676161705143e-15,2.0784308266533535e-21,8.075450585611667e-16,1.6738308710930386e-15,0.0,2.8596303914496477e-16,1.2450469540392475e-32,0.0,0.9999999997686714,8.807496718631973e-17,0.0,0.0,1.928404723362059e-15,0.0,8.481620561438478e-18,0.0,1.3803384597719971e-14,3.316083277703646e-19,0.0,0.0,0.0,0.0,0.0,0.0,0.0,0.0,0.0,6.369927184660633e-16,0.0,0.0,0.0,4.946835213104236e-16,6.49116026861148e-15,0.0,0.0,9.633107116718204e-16,1.0304828417113337e-17,5.425749385865838e-23,1.6893907968037563e-16,3.195773899621619e-19,1.5467102142640176e-14,0.0,0.0,1.571702243423658e-18,5.5745095376075825e-22,1.501970109925185e-15,0.0,0.0
0.008973717146433042,0.2991239048811014,299.99999999997794,0.651698550890003,2.7375794824677183e-10,0.0,1.309446246758364e-20,1.3038044419379812e-17,7.779398384641104e-24,3.029369068462162e-15,2.144997071221675e-21,8.075450886943648e-16,1.6738308784711385e-15,0.0,2.8585594898396773e-16,1.2361434284346607e-32,0.0,0.9999999997262542,1.1033537964565115e-16,0.0,0.0,1.928404859521682e-15,0.0,8.481540379612258e-18,0.0,1.3803357028497304e-14,4.063609701189311e-19,0.0,0.0,0.0,0.0,0.0,0.0,0.0,0.0,0.0,6.3699279460187345e-16,0.0,0.0,0.0,4.946835575937163e-16,6.491160268395453e-15,0.0,0.0,9.633107749654393e-16,1.030482822295513e-17,5.425749364564922e-23,1.6893910127080808e-16,3.1957753102133035e-19,1.546710221068234e-14,0.0,2.651930131084868e-16,1.5717022432558927e-18,5.574517648796007e-22,1.5019701098693528e-15,0.0,0.0
0.009011264080100126,0.30037546933667086,299.99999999998545,0.6516985505720534,3.43873663057723e-10,0.0,1.3056245537507172e-20,2.1311500187983196e-17,7.755943544842333e-24,3.31058820907629e-15,2.3544729971913816e-21,8.075451839891781e-16,1.6738308855028924e-15,0.0,2.8574737198900903e-16,1.2234532311951884e-32,0.0,0.9999999996561371,1.8089428495696614e-16,0.0,0.0,1.9284053976333725e-15,0.0,8.481459516144664e-18,0.0,1.3803309901790013e-14,6.276820597490554e-19,0.0,0.0,0.0,0.0,0.0,0.0,0.0,0.0,0.0,6.369929772358656e-16,0.0,0.0,0.0,4.946836618412667e-16,6.4911602687718874e-15,0.0,0.0,9.633110289518743e-16,1.0304828029640587e-17,5.42574934189814e-23,1.6893918373357144e-16,3.1957807015900227e-19,1.5467102472451422e-14,0.0,1.270310183591453e-15,1.5717022429614688e-18,5.574556938820364e-22,1.5019701098931788e-15,0.0,0.0
0.00904881101376721,0.3016270337922403,300.00000000000455,0.6516985499610157,4.78620317073435e-10,0.0,1.3055320843559812e-20,4.273372729089695e-17,7.756104142135781e-24,4.0389152891095565e-15,2.8974048464310014e-21,8.075454313277608e-16,1.6738308917265058e-15,0.0,2.8563532571480663e-16,1.20192746680765e-32,0.0,0.9999999995213869,3.6414967358958116e-16,0.0,0.0,1.9284068736332203e-15,0.0,8.481377062180533e-18,0.0,1.3803217140951937e-14,1.190996193036163e-18,0.0,0.0,0.0,0.0,0.0,0.0,0.0,0.0,0.0,6.369934083656159e-16,0.0,0.0,0.0,4.946839246720853e-16,6.491160270530731e-15,0.0,0.0,9.633117278882126e-16,1.0304827838294592e-17,5.425749316044335e-23,1.6893940823177358e-16,3.1957953814651573e-19,1.5467103186249965e-14,0.0,3.87638901344383e-15,1.5717022423715083e-18,5.574668979461902e-22,1.5019701101028736e-15,0.0,0.0
0.009086357947434292,0.30287859824780977,300.00000000002365,0.6516985493499781,6.133669710891408e-10,0.0,1.3054396149612452e-20,6.415595439380972e-17,7.75626473942923e-24,4.76724236914279e-15,3.4403366956705965e-21,8.075456786663434e-16,1.6738308979501192e-15,0.0,2.855232794406042e-16,1.1804017024201127e-32,0.0,0.9999999993866368,5.474050622221877e-16,0.0,0.0,1.9284083496330677e-15,0.0,8.481294608216401e-18,0.0,1.3803124380113862e-14,1.7543103263232444e-18,0.0,0.0,0.0,0.0,0.0,0.0,0.0,0.0,0.0,6.369938394953662e-16,0.0,0.0,0.0,4.946841875029038e-16,6.4911602722895744e-15,0.0,0.0,9.633124268245509e-16,1.0304827646948595e-17,5.42574929019053e-23,1.6893963272997574e-16,3.195810061340292e-19,1.5467103900048506e-14,0.0,6.482467843296087e-15,1.5717022417815478e-18,5.57478102010344e-22,1.5019701103125686e-15,0.0,0.0
0.009123904881101376,0.3041301627033792,300.0000000000428,0.6516985487389405,7.481136251048528e-10,0.0,1.3053471455665092e-20,8.557818149672346e-17,7.75642533672268e-24,5.495569449176057e-15,3.983268544910216e-21,8.075459260049261e-16,1.6738309041737326e-15,0.0,2.854112331664018e-16,1.1588759380325745e-32,0.0,0.9999999992518865,7.306604508548027e-16,0.0,0.0,1.9284098256329155e-15,0.0,8.481212154252271e-18,0.0,1.3803031619275785e-14,2.3176244596103516e-18,0.0,0.0,0.0,0.0,0.0,0.0,0.0,0.0,0.0,6.369942706251165e-16,0.0,0.0,0.0,4.9468445033372245e-16,6.491160274048418e-15,0.0,0.0,9.633131257608894e-16,1.03048274556026e-17,5.425749264336724e-23,1.6893985722817787e-16,3.1958247412154265e-19,1.5467104613847046e-14,0.0,9.088546673148464e-15,1.5717022411915874e-18,5.574893060744977e-22,1.5019701105222634e-15,0.0,0.0
0.00916145181476846,0.3053817271589487,300.0000000000619,0.6516985481279028,8.828602791205649e-10,0.0,1.3052546761717731e-20,1.0700040859963721e-16,7.756585934016129e-24,6.2238965292093246e-15,4.526200394149836e-21,8.075461733435088e-16,1.6738309103973461e-15,0.0,2.8529918689219936e-16,1.1373501736450361e-32,0.0,0.9999999991171363,9.139158394874177e-16,0.0,0.0,1.9284113016327633e-15,0.0,8.48112970028814e-18,0.0,1.380293885843771e-14,2.880938592897459e-18,0.0,0.0,0.0,0.0,0.0,0.0,0.0,0.0,0.0,6.369947017548668e-16,0.0,0.0,0.0,4.94684713164541e-16,6.491160275807261e-15,0.0,0.0,9.633138246972277e-16,1.0304827264256606e-17,5.425749238482919e-23,1.6894008172638e-16,3.195839421090561e-19,1.546710532764559e-14,0.0,1.169462550300084e-14,1.571702240601627e-18,5.575005101386515e-22,1.5019701107319584e-15,0.0,0.0
0.009198998748435544,0.30663329161451813,300.0000000001174,0.6516985471279261,1.1033648678038156e-09,0.0,1.3146287077299885e-20,1.7301741582582643e-16,7.816526457499629e-24,8.470242746611075e-15,6.205170547877347e-21,8.075469412195299e-16,1.6738309146201395e-15,0.0,2.851854321530819e-16,1.106810062072439e-32,0.0,0.9999999988966207,1.4846849972934878e-15,0.0,0.0,1.9284170216070896e-15,0.0,8.481050982134243e-18,0.0,1.3802781268145801e-14,4.756523636725696e-18,0.0,0.0,0.0,0.0,0.0,0.0,0.0,0.0,0.0,6.369957202927065e-16,0.0,0.0,0.0,4.94685600628553e-16,6.491160286244887e-15,0.0,0.0,9.633165807962013e-16,1.0304827105281845e-17,5.425749208690234e-23,1.689409235939406e-16,3.1958944712229953e-19,1.546710801229511e-14,0.0,1.976385969119361e-14,1.5717022396188475e-18,5.575537627704231e-22,1.5019701126336666e-15,0.0,0.0
0.009236545682102628,0.30788485607008764,300.0000000002552,0.6516985452468831,1.5181374309380553e-09,0.0,1.3454472618550974e-20,3.400552514945549e-16,8.011886813781023e-24,1.4155367009888956e-14,1.0457615228098277e-20,8.075488882721975e-16,1.6738309143104627e-15,0.0,2.850678072179324e-16,1.0558496946316435e-32,0.0,0.9999999984818204,2.933291468941617e-15,0.0,0.0,1.9284323554827857e-15,0.0,8.480980726734143e-18,0.0,1.3802476819295214e-14,9.604804008514958e-18,0.0,0.0,0.0,0.0,0.0,0.0,0.0,0.0,0.0,6.369980694896879e-16,0.0,0.0,0.0,4.946879030779623e-16,6.49116031634261e-15,0.0,0.0,9.63323996998288e-16,1.0304827019637834e-17,5.425749169974777e-23,1.689431639920887e-16,3.1960409723464547e-19,1.546711516152542e-14,0.0,4.020881316052693e-14,1.5717022377462127e-18,5.577022682798601e-22,1.5019701183683031e-15,0.0,0.0
0.009274092615769712,0.3091364205256571,300.0000000003931,0.65169854336584,1.9329099940722948e-09,0.0,1.3762658159802064e-20,5.070930871632834e-16,8.207247170062416e-24,1.984049127316684e-14,1.4710059908319205e-20,8.07550835324865e-16,1.6738309140007858e-15,0.0,2.849501822827829e-16,1.004889327190848e-32,0.0,0.99999999806702,4.381897940589746e-15,0.0,0.0,1.9284476893584818e-15,0.0,8.480910471334044e-18,0.0,1.3802172370444624e-14,1.445308438030422e-17,0.0,0.0,0.0,0.0,0.0,0.0,0.0,0.0,0.0,6.370004186866692e-16,0.0,0.0,0.0,4.946902055273718e-16,6.491160346440333e-15,0.0,0.0,9.633314132003745e-16,1.0304826933993825e-17,5.425749131259322e-23,1.6894540439023678e-16,3.196187473469914e-19,1.5467122310755733e-14,0.0,6.065376662986026e-14,1.5717022358735779e-18,5.578507737892969e-22,1.5019701241029397e-15,0.0,0.0
0.009311639549436796,0.31038798498122655,300.0000000005309,0.651698541484797,2.3476825572065343e-09,0.0,1.407084370105315e-20,6.741309228320118e-16,8.40260752634381e-24,2.552561553644472e-14,1.8962504588540136e-20,8.075527823775325e-16,1.6738309136911092e-15,0.0,2.8483255734763346e-16,9.539289597500527e-33,0.0,0.9999999976522197,5.830504412237875e-15,0.0,0.0,1.928463023234178e-15,0.0,8.480840215933944e-18,0.0,1.3801867921594035e-14,1.9301364752093482e-17,0.0,0.0,0.0,0.0,0.0,0.0,0.0,0.0,0.0,6.370027678836505e-16,0.0,0.0,0.0,4.946925079767811e-16,6.4911603765380566e-15,0.0,0.0,9.633388294024611e-16,1.0304826848349816e-17,5.425749092543865e-23,1.6894764478838488e-16,3.1963339745933734e-19,1.546712945998605e-14,0.0,8.109872009919359e-14,1.5717022340009432e-18,5.579992792987339e-22,1.5019701298375763e-15,0.0,0.0
0.00934918648310388,0.311639549436796,300.00000000066876,0.651698539603754,2.7624551203407738e-09,0.0,1.437902924230424e-20,8.411687585007402e-16,8.597967882625204e-24,3.1210739799722605e-14,2.3214949268761064e-20,8.075547294302e-16,1.6738309133814324e-15,0.0,2.8471493241248396e-16,9.029685923092572e-33,0.0,0.9999999972374193,7.279110883886005e-15,0.0,0.0,1.9284783571098736e-15,0.0,8.480769960533845e-18,0.0,1.3801563472743446e-14,2.4149645123882745e-17,0.0,0.0,0.0,0.0,0.0,0.0,0.0,0.0,0.0,6.370051170806317e-16,0.0,0.0,0.0,4.946948104261906e-16,6.49116040663578e-15,0.0,0.0,9.633462456045477e-16,1.0304826762705805e-17,5.425749053828409e-23,1.6894988518653295e-16,3.196480475716833e-19,1.546713660921636e-14,0.0,1.0154367356852691e-13,1.5717022321283084e-18,5.581477848081708e-22,1.5019701355722129e-15,0.0,0.0
0.009386733416770964,0.3128911138923655,300.0000000010612,0.6516985365598874,3.433552826673353e-09,0.0,1.5216978937237908e-20,1.345850660769202e-15,9.128187257345398e-24,4.840163300904078e-14,3.6107366201658384e-20,8.075606531578603e-16,1.673830902967564e-15,0.0,2.8459533176613264e-16,8.3120344491569e-33,0.0,0.9999999965662373,1.1702160523945962e-14,0.0,0.0,1.9285364947275316e-15,0.0,8.480749522976512e-18,0.0,1.3801051060567685e-14,4.0944198681004045e-17,0.0,0.0,0.0,0.0,0.0,0.0,0.0,0.0,0.0,6.37010573153497e-16,0.0,0.0,0.0,4.947026072329346e-16,6.491160528882361e-15,0.0,0.0,9.633748581615208e-16,1.0304827035250213e-17,5.425749001641362e-23,1.6895810809478678e-16,3.1970181685102025e-19,1.546716287459282e-14,0.0,1.6360526473379447e-13,1.5717022290812407e-18,5.588375432104822e-22,1.50197016495876e-15,0.0,0.0
0.009424280350438049,0.31414267834793497,300.0000000020139,0.6516985309578087,4.668565848042324e-09,0.0,1.722040977027333e-20,2.5933495095571373e-15,1.0395096472631013e-23,9.090521789964964e-14,6.80077220904453e-20,8.075753255705049e-16,1.6738308703244741e-15,0.0,2.8447138455513744e-16,7.136677816260214e-33,0.0,0.9999999953310154,2.266898513451247e-14,0.0,0.0,1.9286888005775057e-15,0.0,8.480838684673263e-18,0.0,1.380008112907654e-14,8.402055324585795e-17,0.0,0.0,0.0,8.756452757326728e-20,0.0,3.536572892407289e-20,0.0,0.0,0.0,6.370228643533068e-16,0.0,0.0,0.0,4.947224916258151e-16,6.491160853856431e-15,0.0,0.0,9.634501026992439e-16,1.0304828095809138e-17,5.425748919816818e-23,1.6897949252527328e-16,3.1984164829773743e-19,1.5467231195490804e-14,0.0,3.1722345883012467e-13,1.5717022234504205e-18,5.607180579771178e-22,1.5019702463795094e-15,0.0,0.0
0.00946182728410513,0.31539424280350437,300.00000000296654,0.6516985253557301,5.903578869411238e-09,0.0,1.9223840603308664e-20,3.840848358345015e-15,1.166200568791657e-23,1.3340880279025653e-13,9.990807797923074e-20,8.075899979831494e-16,1.673830837681384e-15,0.0,2.8434743734414223e-16,5.9613211833635814e-33,0.0,0.9999999940957935,3.363580974507847e-14,0.0,0.0,1.92884110642748e-15,0.0,8.480927846370015e-18,0.0,1.3799111197585395e-14,1.2709690781070985e-16,0.0,0.0,0.0,1.7103743541994687e-18,0.0,7.129013183381129e-20,0.0,0.0,0.0,6.370351555531168e-16,0.0,0.0,0.0,4.947423760186956e-16,6.491161178830502e-15,0.0,0.0,9.63525347236967e-16,1.0304829156368062e-17,5.425748837992275e-23,1.6900087695575976e-16,3.199814797444546e-19,1.546729951638879e-14,0.0,4.708416529264478e-13,1.5717022178196003e-18,5.625985727437533e-22,1.5019703278002592e-15,0.0,0.0
0.009499374217772215,0.3166458072590738,300.00000000391924,0.6516985197536516,7.138591890780209e-09,0.0,2.122727143634409e-20,5.088347207132949e-15,1.2928914903202183e-23,1.759123876808654e-13,1.3180843386801765e-19,8.076046703957939e-16,1.6738308050382941e-15,0.0,2.8422349013314698e-16,4.785964550466895e-33,0.0,0.9999999928605717,4.4602634355644976e-14,0.0,0.0,1.9289934122774537e-15,0.0,8.481017008066766e-18,0.0,1.379814126609425e-14,1.7017326237556377e-16,0.0,0.0,0.0,3.333184180825746e-18,0.0,1.0721453474355134e-19,0.0,0.0,0.0,6.370474467529267e-16,0.0,0.0,0.0,4.947622604115761e-16,6.491161503804572e-15,0.0,0.0,9.6360059177469e-16,1.0304830216926985e-17,5.425748756167731e-23,1.6902226138624623e-16,3.2012131119117184e-19,1.5467367837286773e-14,0.0,6.24459847022778e-13,1.5717022121887801e-18,5.644790875103888e-22,1.5019704092210089e-15,0.0,0.0
0.009536921151439299,0.31789737171464333,300.00000000487194,0.651698514151573,8.373604912149181e-09,0.0,2.3230702269379517e-20,6.335846055920885e-15,1.41958241184878e-23,2.1841597257147425e-13,1.6370878975680456e-19,8.076193428084384e-16,1.673830772395204e-15,0.0,2.8409954292215177e-16,3.610607917570209e-33,0.0,0.9999999916253499,5.5569458966211484e-14,0.0,0.0,1.9291457181274278e-15,0.0,8.481106169763517e-18,0.0,1.3797171334603106e-14,2.1324961694041766e-16,0.0,0.0,0.0,4.955994007452022e-18,0.0,1.431389376532914e-19,0.0,0.0,0.0,6.370597379527365e-16,0.0,0.0,0.0,4.947821448044566e-16,6.491161828778642e-15,0.0,0.0,9.636758363124132e-16,1.030483127748591e-17,5.425748674343186e-23,1.690436458167327e-16,3.20261142637889e-19,1.546743615818476e-14,0.0,7.780780411191083e-13,1.5717022065579597e-18,5.663596022770244e-22,1.5019704906417586e-15,0.0,0.0
0.009574468085106383,0.3191489361702128,300.00000000752647,0.6516985051991008,1.0346705798182334e-08,0.0,2.8064852874290433e-20,1.0021940279064126e-14,1.725745182212068e-23,3.4410677084936287e-13,2.582884434410845e-19,8.076629889466714e-16,1.6738306896039714e-15,0.0,2.839732974823127e-16,1.9730150617566267e-33,0.0,0.9999999896516294,8.831295398007907e-14,0.0,0.0,1.9297091522966586e-15,0.0,8.48168883813387e-18,0.0,1.3795560930475108e-14,3.622864110707763e-16,0.0,0.0,0.0,1.1128148933494327e-17,0.0,2.8871281034804326e-19,0.0,0.0,0.0,6.370877460124542e-16,0.0,0.0,0.0,4.948480923105963e-16,6.4911630287942685e-15,0.0,0.0,9.639590463854732e-16,1.0304835895896205e-17,5.425748539280809e-23,1.691202508794573e-16,3.207620548277299e-19,1.5467680978773154e-14,0.0,1.2340941853965658e-12,1.5717021975475313e-18,5.7486829317176735e-22,1.501970867658983e-15,0.0,0.0
0.009612015018773467,0.32040050062578224,300.00000001381835,0.6516984890859836,1.3897288591047101e-08,0.0,3.89489731877208e-20,1.89199344199482e-14,2.4154850412614185e-23,6.475898487197092e-13,4.86829733590269e-19,8.077685593219464e-16,1.673830499633375e-15,0.0,2.8384214014161133e-16,0.0,0.0,0.9999999860995488,1.6759874456179577e-13,1.9223009421053486e-15,0.0,1.9311512724815556e-15,0.0,8.483326256061526e-18,0.0,1.3792581673064423e-14,7.377876740764757e-16,0.0,0.0,0.0,2.7023413973976804e-17,0.0,6.686355498382605e-19,0.0,0.0,0.0,6.371493450080535e-16,1.234616148313403e-17,0.0,0.0,4.950124884313489e-16,6.49116609899675e-15,0.0,0.0,9.646867318183712e-16,1.0304848118341783e-17,5.425748290435609e-23,1.693148765091222e-16,3.220346886058157e-19,1.546830302419008e-14,0.0,2.3364118310416638e-12,1.571702181314019e-18,5.9754308598737e-22,1.501971876441222e-15,0.0,0.0
0.009649561952440551,0.3216520650813517,300.00000002011024,0.6516984729728664,1.7447871383911867e-08,0.0,4.9833093501151166e-20,2.7817928560832276e-14,3.1052249003107694e-23,9.510729265900556e-13,7.153710237394536e-19,8.078741296972215e-16,1.6738303096627789e-15,0.0,2.8371098280090996e-16,0.0,0.0,0.9999999825474682,2.4688453514351243e-13,4.9379573452003714e-15,1.1736539784109787e-22,1.9325933926664527e-15,0.0,8.484963673989179e-18,0.0,1.3789602415653737e-14,1.1132889370821753e-15,0.0,0.0,0.0,4.291867901445928e-17,0.0,1.0485582893284776e-18,0.0,0.0,0.0,6.372109440036528e-16,2.5176333976897323e-17,0.0,0.0,4.951768845521014e-16,6.491169169199231e-15,0.0,0.0,9.654144172512694e-16,1.030486034078736e-17,5.425748041590409e-23,1.6950950213878706e-16,3.2330732238390145e-19,1.5468925069607007e-14,0.0,3.4387294766867614e-12,1.5717021650805065e-18,6.202178788029727e-22,1.501972885223461e-15,0.0,0.0
0.009687108886107635,0.3229036295369212,300.0000000264021,0.6516984568597493,2.0998454176776636e-08,0.0,6.071721381458153e-20,3.671592270171635e-14,3.79496475936012e-23,1.254556004460402e-12,9.439123138886381e-19,8.079797000724965e-16,1.6738301196921825e-15,0.0,2.835798254602086e-16,0.0,0.0,0.9999999789953877,3.2617032572522914e-13,7.953613748295394e-15,2.3713152316314917e-22,1.93403551285135e-15,0.0,8.486601091916834e-18,0.0,1.3786623158243052e-14,1.4887902000878748e-15,0.0,0.0,0.0,5.881394405494176e-17,0.0,1.4284810288186949e-18,0.0,0.0,0.0,6.37272542999252e-16,3.800650647066061e-17,0.0,0.0,4.95341280672854e-16,6.491172239401712e-15,0.0,0.0,9.661421026841676e-16,1.0304872563232938e-17,5.425747792745209e-23,1.6970412776845195e-16,3.245799561619872e-19,1.5469547115023934e-14,0.0,4.5410471223318585e-12,1.571702148846994e-18,6.428926716185754e-22,1.5019738940057e-15,0.0,0.0
0.009724655819774719,0.32415519399249065,300.000000032694,0.6516984407466321,2.4549036969641405e-08,0.0,7.16013341280119e-20,4.561391684260043e-14,4.4847046184094706e-23,1.5580390823307484e-12,1.1724536040378228e-18,8.080852704477716e-16,1.6738299297215862e-15,0.0,2.834486681195072e-16,0.0,0.0,0.9999999754433072,4.0545611630694584e-13,1.0969270151390416e-14,3.568976484852005e-22,1.9354776330362472e-15,0.0,8.48823850984449e-18,0.0,1.3783643900832364e-14,1.8642914630935743e-15,0.0,0.0,0.0,7.470920909542422e-17,0.0,1.808403768308912e-18,0.0,0.0,0.0,6.373341419948512e-16,5.0836678964423904e-17,0.0,0.0,4.955056767936065e-16,6.491175309604193e-15,0.0,0.0,9.668697881170656e-16,1.0304884785678515e-17,5.425747543900009e-23,1.6989875339811682e-16,3.2585258994007297e-19,1.547016916044086e-14,0.0,5.643364767976957e-12,1.5717021326134815e-18,6.655674644341779e-22,1.5019749027879389e-15,0.0,0.0
0.009762202753441803,0.3254067584480601,300.0000000498065,0.6516984153478529,3.014240667229907e-08,0.0,9.692209499965921e-20,7.125665658889281e-14,6.094040720050254e-23,2.4333329422752084e-12,1.8332881607511045e-18,8.083915163449425e-16,1.6738294946966393e-15,0.0,2.833148426197324e-16,0.0,0.0,0.9999999698456016,6.363047656783566e-13,2.1446395440645583e-14,7.033197790626787e-22,1.9406672547989747e-15,0.0,8.494405577484953e-18,0.0,1.3778807320730972e-14,3.139037126135404e-15,0.0,0.0,0.0,1.3350236048755954e-16,0.0,3.3043817999502573e-18,0.0,0.0,0.0,6.37471560543236e-16,8.837686212921683e-17,0.0,0.0,4.960368520655736e-16,6.491186127669301e-15,0.0,0.0,9.695336232716875e-16,1.0304930359759531e-17,5.425747060893746e-23,1.7057720194531353e-16,3.302888734382954e-19,1.5472337771085687e-14,0.0,8.834640828356169e-12,1.5717021070435069e-18,7.651814738103429e-22,1.5019793665501049e-15,0.0,0.0
0.009799749687108885,0.3266583229036295,300.00000008939253,0.6516983706634676,3.997848764914204e-08,0.0,1.5222664779991182e-19,1.3167694490026518e-13,9.613307479380993e-23,4.49623381114287e-12,3.3919625787898506e-18,8.091145498645127e-16,1.6738285507126566e-15,0.0,2.8317547555880513e-16,0.0,0.0,0.9999999599992904,1.181937814074528e-12,4.7420417647310875e-14,1.520488997478368e-21,1.9536401490695045e-15,0.0,8.509980379144329e-18,0.0,1.3770113224271956e-14,6.2814442354061906e-15,0.0,0.0,0.0,2.8139112199466967e-16,0.0,7.1183208229825e-18,0.0,0.0,0.0,6.377664504704834e-16,1.772378366876885e-16,2.340524941519859e-35,0.0,4.973297994208319e-16,6.491213037449099e-15,0.0,0.0,9.762186924637354e-16,1.030504520262184e-17,5.425746091552967e-23,1.7226051347507635e-16,3.412958140475711e-19,1.5477718478742317e-14,0.0,1.6364522827029466e-11,1.5717020620824183e-18,1.0245923175815284e-21,1.5019910060398114e-15,0.0,0.0
0.00983729662077597,0.327909887359199,300.0000001289785,0.6516983259790824,4.981456862598546e-08,1.6078497998021903e-16,2.0753120060016702e-19,1.9209723321164037e-13,1.3132574238711896e-22,6.559134680010629e-12,4.950636996828669e-18,8.098375833840829e-16,1.6738276067286738e-15,0.0,2.830361084978779e-16,0.0,0.0,0.999999950152979,1.7275708624707245e-12,7.339443985397736e-14,2.337658215894095e-21,1.9666130433400348e-15,0.0,8.525555180803705e-18,0.0,1.376141912781294e-14,9.423851344677122e-15,0.0,0.0,0.0,4.2927988350178666e-16,0.0,1.0932259846014918e-17,0.0,0.0,0.0,6.380613403977308e-16,2.6609881124616425e-16,4.7721211094576333e-35,0.0,4.986227467760904e-16,6.491239947228895e-15,0.0,0.0,9.829037616557837e-16,1.0305160045484149e-17,5.425745122212188e-23,1.7394382500483927e-16,3.5230275465684723e-19,1.5483099186398944e-14,0.0,2.389440482570311e-11,1.5717020171213299e-18,1.2840031613527259e-21,1.5020026455295176e-15,0.0,0.0
0.009874843554443053,0.32916145181476847,300.00000016856455,0.6516982812946972,5.965064960282888e-08,4.329421027885165e-16,2.6283575340042223e-19,2.525175215230155e-13,1.6651840998042798e-22,8.622035548878386e-12,6.509311414867487e-18,8.105606169036531e-16,1.673826662744691e-15,0.0,2.8289674143695063e-16,0.0,0.0,0.9999999403066677,2.273203910866921e-12,9.936846206064386e-14,3.1548274343098216e-21,1.9795859376105654e-15,0.0,8.54112998246308e-18,0.0,1.3752725031353922e-14,1.2566258453948053e-14,0.0,0.0,0.0,5.771686450089035e-16,0.0,1.4746198869047335e-17,0.0,0.0,0.0,6.383562303249781e-16,3.5495978580464004e-16,7.203717277395408e-35,0.0,4.999156941313489e-16,6.4912668570086916e-15,0.0,0.0,9.89588830847832e-16,1.030527488834646e-17,5.425744152871409e-23,1.7562713653460218e-16,3.6330969526612344e-19,1.5488479894055575e-14,0.0,3.1424286824376754e-11,1.5717019721602415e-18,1.5434140051239233e-21,1.502014285019224e-15,0.0,0.0
0.009912390488110137,0.3304130162703379,300.0000002081506,0.651698236610312,6.94867305796723e-08,7.05099225596814e-16,3.181403062006774e-19,3.129378098343907e-13,2.01711077573737e-22,1.0684936417746144e-11,8.067985832906305e-18,8.112836504232233e-16,1.6738257187607084e-15,0.0,2.8275737437602336e-16,0.0,0.0,0.9999999304603564,2.818836959263118e-12,1.2534248426731036e-13,3.971996652725548e-21,1.9925588318810956e-15,0.0,8.556704784122456e-18,0.0,1.3744030934894906e-14,1.5708665563218985e-14,0.0,0.0,0.0,7.250574065160205e-16,0.0,1.8560137892079755e-17,0.0,0.0,0.0,6.386511202522254e-16,4.438207603631158e-16,9.635313445333182e-35,0.0,5.012086414866074e-16,6.491293766788489e-15,0.0,0.0,9.962739000398803e-16,1.0305389731208768e-17,5.42574318353063e-23,1.7731044806436508e-16,3.743166358753996e-19,1.5493860601712202e-14,0.0,3.89541688230504e-11,1.5717019271991531e-18,1.8028248488951206e-21,1.5020259245089306e-15,0.0,0.0
0.009949937421777221,0.3316645807259074,300.00000031294263,0.6516981672110116,8.474308295139045e-08,1.0764957749913202e-15,4.435290234926075e-19,4.822622938545085e-13,2.8182152564590697e-22,1.6470653474243126e-11,1.245050214180681e-17,8.133230338405666e-16,1.6738236147972612e-15,0.0,2.8261506242740867e-16,0.0,0.0,0.9999999151752021,4.363488383549253e-12,2.1287061410370013e-13,6.233770039365663e-21,2.0378204143353385e-15,0.0,8.611465607383336e-18,0.0,1.3730529357945318e-14,2.6087312182966976e-14,0.0,0.0,0.0,1.255223592222579e-15,0.0,3.310477384942802e-17,0.0,0.0,0.0,6.392936373175844e-16,6.965998482849037e-16,3.113953770045446e-34,4.691840880512847e-16,5.052646335365191e-16,6.4913851898006935e-15,0.0,0.0,1.0199952141064145e-15,1.0305799855887859e-17,5.425741128925765e-23,1.8300173319963775e-16,4.1153113103866514e-19,1.5512053375522512e-14,0.0,6.015147231634193e-11,1.5717018575657716e-18,2.9053140075926206e-21,1.5020755665020083e-15,0.0,0.0
0.009987484355444306,0.3329161451814769,300.000000549377,0.6516980479155616,1.1094224738446207e-07,1.6482436195693512e-15,7.104084124941792e-19,8.714499654376119e-13,4.526150399678743e-22,2.9772244720861267e-11,2.2533982268108677e-17,8.180199538439805e-16,1.67381916898848e-15,0.0,2.824668051395006e-16,0.0,0.0,0.9999998889097421,7.925025962934423e-12,4.246683574567305e-13,1.1412008444874574e-20,2.1482685936887905e-15,0.0,8.745337832745388e-18,0.0,1.3707322112835523e-14,5.107497064462495e-14,0.0,4.191281029539391e-17,0.0,2.557157407916872e-15,0.0,6.931326965530586e-17,0.0,0.0,0.0,6.406379676617729e-16,1.2803079575251549e-15,9.114887903725723e-34,5.542030035950981e-15,5.148988478945054e-16,6.491606856508516e-15,0.0,0.0,1.0781104565044666e-15,1.0306806115555547e-17,5.425736883316044e-23,1.9678458768943203e-16,5.01655217471318e-19,1.5556112018737426e-14,0.0,1.0894149467613271e-10,1.5717017381222889e-18,5.709866934160607e-21,1.5022019305301939e-15,0.0,0.0
0.01002503128911139,0.33416770963704634,300.0000007858113,0.6516979286201118,1.371414118175337e-07,2.2199914641473823e-15,9.772878014957508e-19,1.260637637020715e-12,6.2340855428984155e-22,4.307383596747941e-11,3.2617462394410544e-17,8.227168738473945e-16,1.6738147231796987e-15,0.0,2.823185478515925e-16,0.0,0.0,0.9999998626442821,1.1486563542319593e-11,6.364661008097609e-13,1.6590246850383487e-20,2.2587167730422424e-15,0.0,8.879210058107438e-18,0.0,1.3684114867725726e-14,7.606262910628292e-14,0.0,8.347294365607055e-15,0.0,3.8590912236111646e-15,0.0,1.0552176546118372e-16,0.0,0.0,0.0,6.419822980059612e-16,1.864016066765406e-15,1.5115822037406e-33,1.0614875983850677e-14,5.245330622524918e-16,6.491828523216338e-15,0.0,0.0,1.1362256989025185e-15,1.0307812375223235e-17,5.425732637706325e-23,2.1056744217922633e-16,5.917793039039709e-19,1.560017066195234e-14,0.0,1.5773151703592352e-10,1.5717016186788064e-18,8.514419860728593e-21,1.5023282945583793e-15,0.0,0.0
0.010062578222778474,0.3354192740926158,300.00000102224567,0.6516978093246618,1.6334057625060532e-07,2.7917393087254134e-15,1.2441671904973225e-18,1.6498253086038183e-12,7.942020686118089e-22,5.6375427214097555e-11,4.270094252071241e-17,8.274137938508085e-16,1.6738102773709175e-15,0.0,2.821702905636844e-16,0.0,0.0,0.9999998363788221,1.5048101121704762e-11,8.482638441627913e-13,2.1768485255892398e-20,2.369164952395694e-15,0.0,9.013082283469489e-18,0.0,1.3660907622615928e-14,1.0105028756794089e-13,0.0,1.6652675920918715e-14,0.0,5.161025039305458e-15,0.0,1.4173026126706155e-16,0.0,0.0,0.0,6.433266283501496e-16,2.447724176005657e-15,2.111675617108628e-33,1.5687721931750374e-14,5.341672766104783e-16,6.49205018992416e-15,0.0,0.0,1.1943409413005705e-15,1.0308818634890923e-17,5.425728392096604e-23,2.243502966690206e-16,6.819033903366237e-19,1.5644229305167256e-14,0.0,2.0652153939571433e-10,1.5717014992353237e-18,1.1318972787296579e-20,1.502454658586565e-15,0.0,0.0
0.010100125156445558,0.33667083854818525,300.00000125868,0.651697690029212,1.8953974068367692e-07,3.3634871533034445e-15,1.5110465794988942e-18,2.0390129801869216e-12,9.649955829337763e-22,6.96770184607157e-11,5.278442264701428e-17,8.321107138542224e-16,1.6738058315621363e-15,0.0,2.820220332757763e-16,0.0,0.0,0.9999998101133621,1.8609638701089932e-11,1.0600615875158216e-12,2.694672366140131e-20,2.479613131749146e-15,0.0,9.146954508831539e-18,0.0,1.3637700377506131e-14,1.2603794602959888e-13,0.0,2.4958057476230373e-14,0.0,6.4629588549997505e-15,0.0,1.7793875707293942e-16,0.0,0.0,0.0,6.446709586943381e-16,3.0314322852459085e-15,2.7117690304766554e-33,2.076056787965007e-14,5.438014909684647e-16,6.4922718566319826e-15,0.0,0.0,1.2524561836986224e-15,1.0309824894558612e-17,5.425724146486884e-23,2.381331511588149e-16,7.720274767692765e-19,1.568828794838217e-14,0.0,2.553115617555051e-10,1.571701379791841e-18,1.4123525713864566e-20,1.5025810226147505e-15,0.0,0.0
0.010137672090112642,0.33792240300375476,300.0000017732645,0.6516975233947873,2.260501550742351e-07,4.084193906625538e-15,2.019977122116187e-18,2.929209593254028e-12,1.2921889173090864e-21,1.0012297482298245e-10,7.591488482364749e-17,8.42914870171824e-16,1.6737974603729921e-15,0.0,2.818721296050428e-16,0.0,0.0,0.9999997734506756,2.6828483918843135e-11,1.630338309609191e-12,3.841774149582522e-20,2.7863955019594505e-15,0.0,9.51997208743603e-18,0.0,1.360766239533885e-14,1.9217898742048486e-13,0.0,4.74922486607884e-14,0.0,1.0168463459472392e-14,0.0,2.869064512478482e-16,0.0,0.0,0.0,6.471470832426777e-16,4.384157861453507e-15,4.8379700519437506e-33,3.2490566199587193e-14,5.681401572720355e-16,6.492872115654242e-15,0.0,0.0,1.4163461047016305e-15,1.0312675445314085e-17,5.425716132404811e-23,2.753541702261304e-16,1.0154102672239081e-18,1.580727078423522e-14,0.0,3.673506362750043e-10,1.5717012138789927e-18,2.3437883101742224e-20,1.5030017186693708e-15,0.0,0.0
0.010175219023779724,0.33917396745932415,300.0000028338474,0.6516972638357085,2.8280117123319323e-07,5.097301480815602e-15,3.0040451144236244e-18,4.802868202567572e-12,1.9263893058631973e-21,1.6422268493078374e-10,1.2465608954352524e-16,8.65707305180239e-16,1.6737813838075802e-15,0.0,2.8171899414580007e-16,0.0,0.0,0.9999997163786187,4.4189451537837866e-11,2.904295989970681e-12,6.224125228330525e-20,3.478574617185085e-15,0.0,1.0362423137220158e-17,0.0,1.3564215929317986e-14,3.3910259530208307e-13,0.0,9.795706615460964e-14,0.0,1.8592088501176923e-14,0.0,5.386977570360496e-16,0.0,0.0,0.0,6.518448778954626e-16,7.246436243189696e-15,9.959863785605524e-33,5.728830806463562e-14,6.213431181354588e-16,6.494215537367808e-15,0.0,0.0,1.787867802225492e-15,1.0319146271167799e-17,5.425700720951083e-23,3.5858343827895357e-16,1.5596342174254064e-18,1.6073327035266846e-14,0.0,6.035452576265315e-10,1.5717009567485009e-18,4.553074554330273e-20,1.5040001775906965e-15,0.0,0.0
0.010212765957446808,0.3404255319148936,300.00000389443034,0.6516970042766297,3.395521873921539e-07,6.110409055005712e-15,3.988113106731107e-18,6.676526811881202e-12,2.5605896944173377e-21,2.28322395038588e-10,1.7339729426340528e-16,8.884997401886549e-16,1.6737653072421685e-15,0.0,2.815658586865574e-16,0.0,0.0,0.9999996593065618,6.155041915683339e-11,4.178253670332229e-12,8.606476307078638e-20,4.170753732410751e-15,0.0,1.1204874187004325e-17,0.0,1.352076946329712e-14,4.86026203183688e-13,0.0,1.4842188364843322e-13,0.0,2.7015713542881844e-14,0.0,7.904890628242627e-16,0.0,0.0,0.0,6.565426725482477e-16,1.0108714624926018e-14,1.5081757519267533e-32,8.208604992968519e-14,6.745460789988844e-16,6.495558959081373e-15,0.0,0.0,2.159389499749371e-15,1.0325617097021514e-17,5.425685309497355e-23,4.418127063317806e-16,2.10385816762693e-18,1.6339383286298483e-14,0.0,8.397398789780696e-10,1.571700699618009e-18,6.762360798486426e-20,1.5049986365120222e-15,0.0,0.0
0.010250312891113892,0.34167709637046306,300.0000069533621,0.6516965783264116,4.3207646468420614e-07,7.54626526576522e-15,6.3825618481880116e-18,1.2413297749644061e-11,4.11533694380482e-21,4.247447982841806e-10,3.231463622479259e-16,9.58757938664973e-16,1.6737261844993328e-15,0.0,2.8141076761872774e-16,2.2079866372821933e-32,0.0,0.9999995657942222,1.1527205012528509e-10,8.90569787469798e-12,1.6295123525369787e-19,6.833612605685438e-15,0.0,1.4455863833040267e-17,0.0,1.3449907160351865e-14,1.0207203116336385e-12,0.0,3.3735743801806106e-13,0.0,6.034668350306912e-14,0.0,1.8526410453593607e-15,0.0,0.0,0.0,6.675748667270529e-16,1.9010657610349256e-14,3.914918888577405e-32,1.590043963277304e-13,8.578044293675103e-16,6.500574282730531e-15,0.0,0.0,3.613929933342465e-15,1.0351078672948756e-17,5.425646396810342e-23,7.517259186107323e-16,4.130334925749548e-18,1.7330076604321682e-14,0.0,1.5663379152651814e-09,1.571700283971059e-18,1.7184927440839817e-19,1.5097209200723327e-15,0.0,0.0
0.010287859824780976,0.34292866082603257,300.00001039116296,0.651696120829918,5.31383033120454e-07,9.062270846283278e-15,9.044406196361116e-18,1.8882480318451583e-11,5.844611664948902e-21,6.462544035744971e-10,4.920456199220353e-16,1.0380152224084443e-15,1.673682692406874e-15,0.0,2.8125530578495783e-16,1.337445435926801e-31,0.0,0.9999994653731303,1.7588733845739192e-10,1.4287892312239593e-11,2.4989797149299734e-19,9.870094778813479e-15,0.0,1.8163490908105593e-17,0.0,1.3373847059328006e-14,1.628932247328927e-12,0.0,5.525458086727064e-13,1.2333991799908402e-18,9.839986383813843e-14,0.0,3.0684301822220157e-15,0.0,0.0,0.0,6.798080065409035e-16,2.905766711914868e-14,6.680852515665074e-32,2.458043443286908e-13,1.0657201212408522e-15,6.506285766226215e-15,0.0,0.0,5.273801056673697e-15,1.038014072565574e-17,5.425603028499175e-23,1.1046163842559977e-15,6.4378335916937846e-18,1.8458154645083128e-14,0.0,2.3859120636776737e-09,1.5716998382708028e-18,2.9164658768354094e-19,1.5151492075604807e-15,0.0,0.0
0.01032540675844806,0.344180225281602,300.0000163794747,0.6516955462468755,6.553379420246499e-07,1.0827348559867642e-14,1.3208216544658387e-17,3.060360916674871e-11,8.564397512721318e-21,1.047814700589413e-09,7.987617546625233e-16,1.1822633240638491e-15,1.673614656502784e-15,0.0,2.81101700572779e-16,4.712384102624183e-31,1.3899388760192644e-15,0.9999993393916274,2.8649042939522764e-10,2.5415033669462247e-11,4.1440153907863917e-19,1.6310596860835232e-14,0.0,2.6044439642253202e-17,8.52984199735003e-17,1.3278951117581456e-14,2.869294737379038e-12,0.0,1.0002283022436057e-12,1.9083903352213893e-17,1.8075717216693429e-13,0.0,5.824925061868962e-15,0.0,0.0,0.0,6.985359923894611e-16,4.7452278760269364e-14,1.3451102529942328e-31,4.044400662330269e-13,1.4737618222309895e-15,6.518142463122359e-15,0.0,0.0,8.838913244713966e-15,1.0442774435562605e-17,5.425533119862409e-23,1.835956787208251e-15,1.121996042032351e-17,2.0796019130350118e-14,0.0,3.875518509461104e-09,1.5716992864091766e-18,5.868059276675964e-19,1.5285485560077572e-15,0.0,0.0
0.010362953692115144,0.3454317897371715,300.0000272369435,0.6516947481349671,8.263487736403957e-07,1.3067927618396898e-14,2.023941652955711e-17,5.235118091225596e-11,1.3175159147693788e-20,1.7931081363513843e-09,1.3685828365298046e-15,1.4505848053693416e-15,1.673499764231034e-15,1.1679092720416989e-29,2.809516398200013e-16,1.2398607295184068e-30,1.7707449096480247e-14,0.9999991646129762,4.925247798531169e-10,4.750980096426075e-11,7.269681483255198e-19,2.924968240529218e-14,0.0,4.189263881646913e-17,2.1604656230886644e-15,1.3148095843546124e-14,5.316490103925042e-12,3.429545104018505e-21,1.8917632122911097e-12,5.5215866551709824e-17,3.4769508848377626e-13,0.0,1.1522767268650347e-14,0.0,0.0,0.0,7.296632297588263e-16,8.178322174491673e-14,2.7865956556129026e-31,7.002168110438445e-13,2.2638622678987475e-15,6.541730931055747e-15,0.0,0.0,1.6041303829017926e-14,1.0569499491032896e-17,5.425412543331321e-23,3.289792525019493e-15,2.072637737771771e-17,2.544347591876467e-14,0.0,6.644277522953033e-09,1.5716985318758437e-18,1.2167473186414843e-18,1.5571653844679195e-15,2.799125587698981e-18,0.0
0.010400500625782228,0.34668335419274093,300.0000380944122,0.6516939500230586,9.973596052561416e-07,1.5308506676926157e-14,2.7270616514455835e-17,7.40987526577632e-11,1.7785920782666258e-20,2.5384015721133555e-09,1.938403918397086e-15,1.7189062866748342e-15,1.6733848719592845e-15,4.17950971143982e-29,2.8080157906722356e-16,2.0084830487743952e-30,3.4024959316941226e-14,0.9999989898343251,6.985591303110061e-10,6.960456825905925e-11,1.0395347575724006e-18,4.218876794974912e-14,0.0,5.774083799068507e-17,4.235632826203828e-15,1.301724056951079e-14,7.763685470471047e-12,9.554143800127818e-21,2.7832981223386136e-12,9.134782975120576e-17,5.146330048006182e-13,5.53489674978877e-19,1.722060947543173e-14,0.0,0.0,0.0,7.607904671281916e-16,1.1611416472956412e-13,4.2280810582315725e-31,9.959935558546621e-13,3.0539627135665056e-15,6.5653193989891356e-15,0.0,0.0,2.324369441332188e-14,1.0696224546503188e-17,5.425291966800232e-23,4.743628262830735e-15,3.0232794335111916e-17,3.009093270717922e-14,0.0,9.413036536444962e-09,1.5716977773425106e-18,1.846688709615372e-18,1.5857822129280818e-15,9.237428931274937e-18,0.0
0.010438047559449312,0.34793491864831044,300.00006802512263,0.6516926565036076,1.2688763137578603e-06,1.8420634239955617e-14,4.37043178417784e-17,1.3765230022074519e-10,2.866744572446623e-20,4.718147577516581e-09,3.609146770122028e-15,2.5082119271560715e-15,1.6731172531505623e-15,8.344082395517253e-29,2.8067747887679807e-16,5.968564525247164e-30,8.097995297079299e-14,0.9999987072460195,1.3069196106477023e-09,1.4754282943511819e-10,2.019595469784392e-18,8.947426691005253e-14,0.0,1.158279293809085e-16,1.1892013270195157e-14,1.2812688143070945e-14,1.6233912637103363e-11,3.338028818050652e-20,5.955637609467321e-12,2.264917560784349e-16,1.1417893509572553e-12,2.9747085177244428e-18,4.001578208261226e-14,7.524499904884037e-16,0.0,0.0,8.310491285865928e-16,2.1798608533886274e-13,1.0538082883518463e-30,1.8713885677050774e-12,5.64481994329426e-15,6.648997105307353e-15,0.0,0.0,5.002139626311895e-14,1.116961872817382e-17,5.424995977142145e-23,9.889282572263074e-15,6.38794667709338e-17,4.65399889711509e-14,0.0,1.7541605465299374e-08,1.5716966113127177e-18,4.660088964154952e-18,1.7138987399399767e-15,3.5054144603523517e-17,0.0
0.010475594493116396,0.3491864831038799,300.0001014045003,0.651691273408623,1.558565671585832e-06,2.169034806394643e-14,6.183810243765798e-17,2.087648618614285e-10,4.068279871805465e-20,7.157259545696373e-09,5.47894927765157e-15,3.391717655458791e-15,1.6728220195805428e-15,1.2717126075865198e-28,2.805580726625912e-16,1.0505699502471534e-29,1.3347456540042611e-13,0.9999984051644553,1.988025405980964e-09,2.3557825371148283e-10,3.1203469976617096e-18,1.4297000298244872e-13,0.0,1.8155231124561594e-16,2.055754297176228e-14,1.2594810401251682e-14,2.5793175073862417e-11,6.040708104254405e-20,9.54037349614224e-12,3.795382144841173e-16,1.852158623542523e-12,5.664319650532029e-18,6.590235391348241e-14,2.165935948526858e-15,0.0,0.0,9.083832135887708e-16,3.3207021223454226e-13,1.772836996604091e-30,2.8515854064372328e-12,8.561275263128933e-15,6.7435396554663746e-15,0.0,0.0,8.033854553730546e-14,1.1705694781371476e-17,5.424668270719396e-23,1.5702461272874397e-14,1.0189098244824435e-16,6.51229137749843e-14,0.0,2.6639291316120076e-08,1.5716953708795057e-18,7.868284363767452e-18,1.8600059873542216e-15,6.43747060473785e-17,0.0
0.01051314142678348,0.35043804755944935,300.0001580280841,0.6516895360802265,1.9157475244910806e-06,2.5464182336498673e-14,8.959751520822895e-17,3.340683642500951e-10,5.91927207678914e-20,1.1457358256434304e-08,8.780759676745017e-15,4.955257921056625e-15,1.6723727895277814e-15,1.775939878587117e-28,2.804765739836529e-16,2.2367434543150396e-29,2.2511062724610992e-13,0.9999980260634991,3.196368318002205e-09,4.1181864086914294e-10,5.163861328871858e-18,2.5275807971074434e-13,0.0,3.167169162197952e-16,3.846203152801223e-14,1.2332266280139039e-14,4.467926400161524e-11,1.225431103723852e-19,1.6760569106459322e-11,6.98836985048495e-16,3.3388561956691683e-12,1.0043297759586412e-17,1.2258140927297194e-13,5.26078447563162e-15,0.0,0.0,1.0242569453504863e-15,5.351275998978303e-13,3.44034629440901e-30,4.593237022430566e-12,1.411273018069085e-14,6.933549873610692e-15,0.0,0.0,1.4331994446305176e-13,1.2823058503027765e-17,5.424152854098183e-23,2.7367461749447885e-14,1.7816669506286874e-16,1.0241230466736549e-13,0.0,4.271846489849043e-08,1.571693878055483e-18,1.5484645831753223e-17,2.2074954870331743e-15,1.2867560322775493e-16,0.0
0.010550688360450563,0.35168961201501875,300.00025781947926,0.6516871408897792,2.3982725825398186e-06,3.017424029923619e-14,1.352330945889386e-16,5.60012185170718e-10,8.976398535075906e-20,1.921357520335121e-08,1.4742013303028244e-14,7.781719470202372e-15,1.6716375660070714e-15,2.4044525408098877e-28,2.804654750130704e-16,4.7831998273100437e-29,3.8943795229302173e-13,0.9999975039265291,5.383865875301e-09,7.518682448063328e-10,8.958220866271338e-18,4.670890747999841e-13,0.0,5.808419355401216e-16,7.352458652867117e-14,1.1986770311767278e-14,8.088660212692591e-11,2.4988200742814023e-19,3.073233277496822e-11,1.326890049621843e-15,6.267306324086778e-12,1.7559671681670154e-17,2.364465054713196e-13,1.1478163488144886e-14,0.0,0.0,1.2117043068084758e-15,9.034210432723706e-13,6.869319544240129e-30,7.749018939051625e-12,2.4557755779745648e-14,7.300857189441969e-15,0.0,0.0,2.6696352131311633e-13,1.501995646610711e-17,5.423288832822677e-23,4.990013123852127e-14,3.2550448770392493e-16,1.7444227543847425e-13,0.0,7.176325855373711e-08,1.5716919165056698e-18,3.128760142671703e-17,2.928980598060829e-15,2.5793998106166386e-16,3.015670085446961e-16
0.010588235294117647,0.35294117647058826,300.00035761087446,0.6516847456993318,2.880797640588579e-06,3.4884298261973924e-14,1.808686739696504e-16,7.859560060913514e-10,1.2033524993362815e-19,2.696979215026847e-08,2.0703266929311744e-14,1.060818101934825e-14,1.6709023424863612e-15,3.0329652030326874e-28,2.804543760424879e-16,7.329656200305165e-29,5.537652773399411e-13,0.9999969817895592,7.571363432599895e-09,1.0919178487435383e-09,1.2752580403670992e-17,6.814200698892337e-13,0.0,8.449669548604601e-16,1.0858714152933172e-13,1.1641274343395501e-14,1.1709394025223824e-10,3.772209044839011e-19,4.470409644347776e-11,1.95494311419522e-15,9.195756452504523e-12,2.507604560375424e-17,3.503116016696725e-13,1.769554250065844e-14,0.0,0.0,1.399151668266474e-15,1.2717144866469282e-12,1.0298292794071407e-29,1.0904800855672832e-11,3.500278137880092e-14,7.668164505273263e-15,0.0,0.0,3.906070981631866e-13,1.7216854429186558e-17,5.422424811547171e-23,7.24328007275957e-14,4.728422803449878e-16,2.464722462095863e-13,0.0,1.0080805220898515e-07,1.5716899549558566e-18,4.7090557021681564e-17,3.6504657090885165e-15,3.8720435889557877e-16,7.814159193974587e-16
0.01062578222778473,0.3541927409261577,300.0006195081738,0.6516808263394647,3.625585078806011e-06,4.128828030856986e-14,2.831043478942061e-16,1.4135706673198248e-09,1.8961588752584313e-19,4.8531462115240164e-08,3.7314393342076385e-14,1.8509852375903016e-14,1.6692867998291682e-15,4.215406892216187e-28,2.8073097403185063e-16,1.9493644842051543e-28,1.0041783539329178e-12,0.9999961263102534,1.3709146486945863e-08,2.2267836025383612e-09,2.424272651194404e-17,1.4218940968914622e-12,0.0,1.7600986184336116e-15,2.3085846674420093e-13,1.1153542219679381e-14,2.3571504293555767e-10,8.971000128535592e-19,9.173125248146412e-11,4.174558381227626e-15,1.9590204802397695e-11,4.3606305908645786e-17,7.801493021827221e-13,4.116597215593511e-14,0.0,0.0,1.80452344886513e-15,2.3100738059205956e-12,2.4138579605521407e-29,1.9779677386656342e-11,6.746306142169941e-14,8.90071524532966e-15,0.0,0.0,8.250245931205982e-13,2.4969945952814504e-17,5.42042475497998e-23,1.4788048493161384e-13,9.661835276900248e-16,4.876552043122848e-13,0.0,1.8184943907753976e-07,1.5716871627437547e-18,1.1354871491430868e-16,6.691824543684603e-15,8.761737023037793e-16,2.6013274121434373e-15
0.010663329161451815,0.35544430538172717,300.0009093138157,0.6516766445768035,4.4155239158070555e-06,4.7983890310994826e-14,3.9508436043986204e-16,2.1103374512386513e-09,2.655607761489704e-19,7.246989505401582e-08,5.575901433712879e-14,2.728527780186507e-14,1.6675197003975622e-15,5.493213651975327e-28,2.810571022670647e-16,3.331339911248385e-28,1.5038442888506678e-12,0.9999952134423402,2.0527015322834657e-08,3.498485836345286e-09,3.705778825696071e-17,2.2529495249922518e-12,0.0,2.787308348966026e-15,3.6814375606188086e-13,1.0641322552735485e-14,3.6852459592739683e-10,1.4845593041234043e-18,1.4444926361602645e-10,6.668178862602766e-15,3.127000815745316e-11,6.403272980325123e-17,1.264385216625402e-12,6.76067072332256e-14,0.0,0.0,2.24741335290558e-15,3.4637924518142433e-12,3.977129036347699e-29,2.9639159950149004e-11,1.0371351347507598e-13,1.0282227307505382e-14,0.0,0.0,1.3129452900964837e-12,3.367959827258073e-17,5.418229117245357e-23,2.3243808009388137e-13,1.5190931353687063e-15,7.579597389885499e-13,0.0,2.7184262038208386e-07,1.5716842275238595e-18,1.8872773181056168e-16,1.0132575557796084e-14,1.4270702742174357e-15,4.651945649757453e-15
0.010700876095118899,0.3566958698372966,300.0013867966547,0.6516713002495963,5.376640348908774e-06,5.563955387620464e-14,5.625336362062385e-16,3.30094741655309e-09,3.8049211214498795e-19,1.1339575096980047e-07,8.733952327565667e-14,4.234288895369122e-14,1.6649292070102284e-15,6.2392107422743385e-28,2.817350642417295e-16,6.803282210688044e-28,2.3504728118574872e-12,0.9999940413975182,3.2253526789325406e-08,5.955248758723915e-09,6.043997386669657e-17,3.89735831930918e-12,0.0,4.823931480577678e-15,6.415644138092018e-13,1.0064144444599247e-14,6.218559414669828e-10,2.7920383615294033e-18,2.468929777668367e-10,1.1681098852172838e-14,5.482160438922903e-11,9.639273213989409e-17,2.284351374231089e-12,1.2329990048696978e-13,0.0,0.0,2.8955876674048683e-15,5.454374587059647e-12,7.410082127641187e-29,4.662235266657915e-11,1.7042597147067853e-13,1.29611868577162e-14,2.050639649523644e-16,0.0,2.2898026811856874e-12,5.1168643714435086e-17,5.414912692420921e-23,3.9616367421523007e-13,2.58967058074693e-15,1.2813399958078102e-12,0.0,4.260673186334346e-07,1.57168090217643e-18,3.5998227321750377e-16,1.7984154859376518e-14,2.5889899331375955e-15,8.985721214227749e-15
0.010738423028785983,0.35794743429286613,300.0022034154812,0.6516638551478582,6.6470777012800975e-06,6.503005107241147e-14,8.302168437574153e-16,5.383940674564773e-09,5.658726425165719e-19,1.850181782300017e-07,1.4265681218221673e-13,6.875251992593727e-14,1.6608508262993863e-15,6.024218429864798e-28,2.830487959561034e-16,1.4051831314633143e-27,3.824068818604138e-12,0.9999924010154748,5.285004160585034e-08,1.0553437135889789e-08,1.0291713768811601e-16,7.011510915735822e-12,0.0,8.68458233694636e-15,1.1609840706486553e-12,9.369585293606686e-15,1.0929722805577377e-09,5.4006057682690204e-18,4.391919096487525e-10,2.1246437251287674e-14,9.982573862630447e-11,1.5031692008232169e-16,4.2723914800084245e-12,2.31852798866581e-13,0.0,0.0,3.914714513084125e-15,8.95718372937912e-12,1.422158342237795e-28,7.647821460673713e-11,2.921838086250346e-13,1.7984656781042837e-14,6.64335180948888e-16,0.0,4.150177256374306e-12,8.452220655234178e-17,5.409570985662266e-23,7.029472313678862e-13,4.595682890740018e-15,2.262032522464366e-12,0.0,6.963594948763715e-07,1.5716768718617014e-18,7.04846972950761e-16,3.3806178259364936e-14,4.855039029981674e-15,1.744520212371862e-14
0.010775969962453067,0.3591989987484356,300.00302003430767,0.6516564100461202,7.917515053651422e-06,7.44205482686183e-14,1.097900051308592e-15,7.466933932576456e-09,7.512531728881558e-19,2.5664060549020287e-07,1.979741010887768e-13,9.516215089818332e-14,1.6567724455885441e-15,5.809226117455256e-28,2.843625276704773e-16,2.130038041857824e-27,5.29766482535079e-12,0.9999907606334314,7.344655642237527e-08,1.5151625513055663e-08,1.4539430150953546e-16,1.0125663512162465e-11,0.0,1.2545233193315042e-14,1.680403727488109e-12,8.675026142614124e-15,1.5640886196484927e-09,8.009173175008636e-18,6.314908415306683e-10,3.0811775650402506e-14,1.4482987286337988e-10,2.0424110802474925e-16,6.2604315857857606e-12,3.4040569724619215e-13,0.0,0.0,4.933841358763381e-15,1.2459992871698594e-11,2.1033084717114715e-28,1.063340765468951e-10,4.1394164577939074e-13,2.300812670436947e-14,1.1236063969454116e-15,0.0,6.010551831562924e-12,1.1787576939024846e-16,5.40422927890361e-23,1.0097307885205424e-12,6.601695200733107e-15,3.242725049120922e-12,0.0,9.666516711193083e-07,1.571672841546973e-18,1.0497116726840181e-15,4.962820165935336e-14,7.121088126825752e-15,2.590468303320949e-14
0.01081351689612015,0.36045056320400504,300.00505121933975,0.651643607099737,9.820311145254343e-06,8.690465041818503e-14,1.6707450010726906e-15,1.2941014900019716e-08,1.1708447264875807e-18,4.450054187765665e-07,3.4376611898763907e-13,1.6499823377244607e-13,1.6484835375394972e-15,7.725060626588668e-28,2.8805649044582536e-16,5.377239180311431e-27,9.122107741356811e-12,0.9999878791529031,1.2810397920276865e-07,2.9591958167831457e-08,2.702434788373416e-16,2.0240432239533715e-11,0.0,2.5119938455209216e-14,3.382898540770721e-12,7.856208984565326e-15,3.0172099455108418e-09,1.7899723125255787e-17,1.2404160633180675e-09,6.257366387064522e-14,2.9490455846440793e-10,3.3053224122996117e-16,1.3300448985460749e-11,7.248112701394283e-13,0.0,0.0,7.037997785352069e-15,2.1798854959196793e-11,4.63536545210473e-28,1.8573853553900946e-10,7.707113082956749e-13,3.886798181625764e-14,2.343039059820872e-15,0.0,1.2152967072876145e-11,2.28417635568835e-16,5.392874599149721e-23,1.9762606777024733e-12,1.2921691228556536e-14,6.332423759134985e-12,1.9676827069212898e-20,1.6800645720469532e-06,1.5716682027613234e-18,2.4068834366272926e-15,1.1203842621643833e-13,1.5157965477874962e-14,5.599840644436797e-14
0.010851063829787235,0.3617021276595745,300.0072811515691,0.6516299274151394,1.182658412145877e-05,9.989497883284687e-14,2.293525508653435e-15,1.8970001129006173e-08,1.628761720251551e-18,6.524735315944788e-07,5.043630925397831e-13,2.4194046332158234e-13,1.6395056341078349e-15,9.989575888338103e-28,2.9213994557660546e-16,9.037187883356414e-27,1.3331234697059715e-11,0.9999847945835318,1.8833500510452084e-07,4.564282352257933e-08,4.085717129207345e-16,3.15007563337865e-11,0.0,3.9120579892552624e-14,5.2789874705621595e-12,7.017058698089152e-15,4.631022996481226e-09,2.898187021898567e-17,1.9175164961808905e-09,9.796771478888966e-14,4.621726070158962e-10,4.686652382054436e-16,2.1167153578682403e-11,1.1543563715894272e-12,0.0,0.0,9.319704506998617e-15,3.209270752863306e-11,7.470298099012019e-28,2.732509467759872e-10,1.1659374513257186e-12,5.6501063595364486e-14,3.686861777640124e-15,6.021341340824469e-20,1.8996079877736836e-11,3.5159031502134747e-16,5.38053597836025e-23,3.0507490575800747e-12,1.994761186475201e-14,9.767232571880183e-12,5.052198252123365e-20,2.4659881370138937e-06,1.5716634644077049e-18,3.929705447441251e-15,1.8207217459922788e-13,2.4139160179612024e-14,8.963227862852564e-14
0.010888610763454319,0.362953692115144,300.0108389537127,0.6516117235363186,1.4232756761348692e-05,1.1460037147366549e-13,3.2012326750633397e-15,2.892941143593267e-08,2.373389872447322e-18,9.953577570213607e-07,7.701178972983777e-13,3.695468253663183e-13,1.6270132491162533e-15,1.3164408260791098e-27,2.989332293219178e-16,1.7793585252018853e-26,2.0229621632173367e-11,0.9999805989763396,2.884526392145462e-07,7.545128465300539e-08,6.570048319278003e-16,5.2897549645422646e-11,0.0,6.577568309080857e-14,8.90446250002757e-12,6.1645685626935066e-15,7.591878195212021e-09,5.2293068600115797e-17,3.1820575693405813e-09,1.6624993964515503e-13,7.85821231087599e-10,6.810421714474202e-16,3.703899647062124e-11,2.0210047432358508e-12,0.0,0.0,1.2574209072322738e-14,4.925441091653935e-11,1.3360133170214787e-27,4.1892218356555126e-10,1.8666406577159127e-12,8.936585504580502e-14,5.921099259644657e-15,2.45189404853111e-19,3.2146490373623915e-11,5.888309128246434e-16,5.362973871316614e-23,5.050548741251526e-12,3.302400632845715e-14,1.6159977421397042e-11,1.0826758607105011e-19,3.7678693803552548e-06,1.5716590803773173e-18,7.242530044999415e-15,3.3468339572692757e-13,4.227404133059315e-14,1.5771020913519922e-13
0.010926157697121401,0.3642052565707134,300.01673197536076,0.6515855633159332,1.7342201223581788e-05,1.323219115466894e-13,4.6100177587243665e-15,4.5800946845441316e-08,3.6222341998161094e-18,1.5763875597949806e-06,1.2208054396958476e-12,5.862521790412204e-13,1.6083402241399882e-15,1.7940143138273974e-27,3.104920737341647e-16,3.551270268779917e-26,3.185739680693899e-11,0.9999744494750484,4.587156877597899e-07,1.2945413835444468e-07,1.099070679593683e-15,9.212054744279684e-11,0.0,1.1468518455824914e-13,1.5571271704780818e-11,5.288618692991255e-15,1.2921669584831131e-08,9.711052959011619e-17,5.4796839064703294e-09,2.9236998763378555e-13,1.3844839707292551e-09,1.0239860270890534e-15,6.698884119823116e-11,3.656351969365424e-12,0.0,0.0,1.753949605238963e-14,7.849405884726862e-11,2.462238284965981e-27,6.668727342579093e-10,3.104562147946215e-12,1.4901744626306608e-13,9.721238568319393e-15,5.312093131718524e-19,5.6389045084761136e-11,1.0266737118654666e-15,5.336225633274281e-23,8.677620028146178e-12,5.6740889247434835e-14,2.7754609783855667e-11,2.1332087420663167e-19,5.9771244718720495e-06,1.5716553194670942e-18,1.3703290226141334e-14,6.325170689232216e-13,7.650678485782653e-14,2.863621732435215e-13
0.010963704630788485,0.36545682102628285,300.0226249970088,0.6515594030955478,2.045164568581503e-05,1.5004345161971413e-13,6.0188028423854595e-15,6.267248225495074e-08,4.871078527184955e-18,2.157417362568627e-06,1.6714929820933382e-12,8.029575327161324e-13,1.5896671991637222e-15,2.2715878015757075e-27,3.2205091814641216e-16,5.323182012358031e-26,4.3485171981705144e-11,0.9999682999737574,6.289787363050414e-07,1.834569920558865e-07,1.541136527259586e-15,1.3134354524017285e-10,2.1532543809452786e-19,1.6359468602569196e-13,2.2238080909534374e-11,4.4126688232889625e-15,1.8251460974450486e-08,1.4192799058011866e-16,7.777310243600184e-09,4.184900356224218e-13,1.983146710370939e-09,1.3669298827307023e-15,9.693868592584245e-11,5.291699195495074e-12,0.0,0.0,2.250478303245675e-14,1.0773370677799924e-10,3.5884632529105356e-27,9.148232849502788e-10,4.342483638176575e-12,2.086690374803299e-13,1.3521377876994301e-14,8.17229221490607e-19,8.063159979589947e-11,1.4645165109063099e-15,5.309477395231946e-23,1.2304691315040998e-11,8.045777216641363e-14,3.934924214631482e-11,3.1837416234221805e-19,8.186379563388948e-06,1.5716515585568712e-18,2.0164050407283552e-14,9.303507421195295e-13,1.1073952838506147e-13,4.150141373518498e-13
0.01100125156445557,0.3667083854818523,300.0364438699027,0.6515107918728433,2.496135601062691e-05,1.7306028017017565e-13,8.887420393317986e-15,1.0439358534556046e-07,8.804678383038428e-18,3.595238814460226e-06,2.7886799478611894e-12,1.3420476015179418e-12,1.555830310029989e-15,2.838944276014919e-27,3.5042859964357673e-16,1.2661922396735084e-25,7.189873178849931e-11,0.9999562159329577,1.053981892447939e-06,3.420342318236254e-07,2.795076721982686e-15,2.503360822274725e-10,1.1188855920991768e-18,3.123721090021846e-13,4.2642516213700715e-11,3.63508000501054e-15,3.363213932946611e-08,2.963974602396301e-16,1.4578480454318219e-08,8.093599220080084e-13,3.846303863244e-09,2.126458673187371e-15,1.957430476225554e-10,1.068669079375212e-11,0.0,0.0,3.225287516967261e-14,1.8104655652951808e-10,7.43459204646127e-27,1.5350634230981105e-09,7.742062162686624e-12,3.8473489377923275e-13,2.300774126905165e-14,1.3566372471888908e-18,1.5535516769542137e-10,2.8174939356752405e-15,5.2596265053456224e-23,2.298854959490523e-11,1.5031794227181243e-13,7.350225688999259e-11,6.265717096498883e-19,1.3672449414729883e-05,1.5716524366571504e-18,4.3782303990713207e-14,2.0215842568506173e-12,2.237316479326463e-13,8.413225579358326e-13
0.011038798498122653,0.36795994993742176,300.05149310959655,0.6514586954764937,2.9688436126380586e-05,1.9689912101135833e-13,1.1982654536642816e-14,1.4997220255273067e-07,1.315504534259166e-17,5.166064024157132e-06,4.0093307230330985e-12,1.9311829510073177e-12,1.5196394636443748e-15,3.4202381816010935e-27,3.8141714754742505e-16,2.0864827515965354e-25,1.0291802711578866e-10,0.9999432106459527,1.518529541828014e-06,5.168450405475034e-07,4.175047952530543e-15,3.8171161627313516e-10,2.115024276058764e-18,4.766524945234025e-13,6.517950719394907e-11,2.872760230815967e-15,5.057306367549986e-08,4.678887218586674e-16,2.2078756753715966e-08,1.2413281587584622e-12,5.9057543726836535e-09,2.9506558831279562e-15,3.0523601664660124e-10,1.6665309496707613e-11,0.0,0.0,4.2743424425146177e-14,2.6120109465032863e-10,1.1702944177560959e-26,2.2130958076740437e-09,1.1477204775550544e-11,5.788722785926129e-13,3.337680370654377e-14,1.9353798903865218e-18,2.379151383642587e-10,4.312531970214227e-15,5.20618928322359e-23,3.4767865783425306e-11,2.2734114973827966e-13,1.1115711438598931e-10,9.663042863597216e-19,1.966719448149474e-05,1.571654034892634e-18,7.006399517810792e-14,3.2359809238777112e-12,3.4894995220541115e-13,1.3138375764564671e-12
0.011076345431789737,0.36921151439299127,300.0746649102535,0.6513863169240552,3.527007006739039e-05,2.2360891479144145e-13,1.6369599519967657e-14,2.2250225677645752e-07,2.340760118624766e-17,7.666783330685336e-06,5.954377583928994e-12,2.872183489214401e-12,1.473187209499902e-15,4.359843896359043e-27,4.303233642606893e-16,3.9445161303740486e-25,1.519167297692609e-10,0.9999243879428923,2.262116940191343e-06,8.275579651835676e-07,6.585885369741074e-15,6.203502832895798e-10,3.868223256863824e-18,7.755748865480531e-13,1.0636008572268048e-10,2.1957273353492902e-15,8.033975094240054e-08,8.033014382542172e-16,3.548104376527991e-08,2.037315825842117e-12,9.711575613061372e-09,4.177137099955291e-15,5.157864027181989e-10,2.816192205516538e-11,0.0,0.0,5.729089366796095e-14,3.898580734934557e-10,2.0089861088080046e-26,3.299847055406503e-09,1.783076220673596e-11,9.25114257665754e-13,4.997074210176879e-14,2.6745490390080153e-18,3.894924055148833e-10,7.0601549475702414e-15,5.137356970786994e-23,5.574788190770083e-11,3.645263748085941e-13,1.7822378790800084e-10,1.5616155732123074e-18,2.9231718618508797e-05,1.5716609597247239e-18,1.2436634710147146e-13,5.749140124836172e-12,5.896847854607212e-13,2.2252449863955753e-12
0.011113892365456821,0.3704630788485607,300.11174143391514,0.6512792180705154,4.231458428553347e-05,2.552333907211673e-13,2.2967778314139822e-14,3.411695167403884e-07,4.376390410268908e-17,1.175935524365346e-05,9.13949232038621e-12,4.415529519972095e-12,1.4091688166495876e-15,5.91283084376694e-27,5.099022004612567e-16,7.579024586309122e-25,2.316937398794171e-10,0.999895606612347,3.483382552915804e-06,1.3709168848557313e-06,1.0761425920051997e-14,1.042608889798368e-09,6.9174068136246065e-18,1.30498613716331e-12,1.7945595819033837e-10,1.664694011942222e-15,1.3206240524332622e-07,1.419325458589202e-15,5.8986772843432764e-08,3.4564553990893454e-12,1.650694674877354e-08,6.0922739895887084e-15,8.993333840745771e-10,4.9104591891685744e-11,0.0,0.0,7.87832598382577e-14,6.015446542510514e-10,3.5527202451503064e-26,5.08626957735602e-09,2.866669076759008e-11,1.5317386777598248e-12,7.722082408565449e-14,3.688346612168644e-18,6.592179259648306e-10,1.1952033505002715e-14,5.0421703512017416e-23,9.247824876945496e-11,6.047008164549792e-13,2.956395024236954e-10,2.5944429570888984e-18,4.490722048594904e-05,1.5716770029679533e-18,2.266362707931852e-13,1.0485604680490551e-11,1.0281682530759683e-12,3.887976659610325e-12
0.011151439299123905,0.3717146433041302,300.14881795757674,0.6511721192169756,4.935909850367655e-05,2.868578666508932e-13,2.956595710831199e-14,4.5983677670431925e-07,6.41202070191305e-17,1.585192715662158e-05,1.2324607056843425e-11,5.958875550729791e-12,1.3451504237992731e-15,7.465817791174837e-27,5.89481036661824e-16,1.1213533042244194e-24,3.114707499895733e-10,0.9998668252818017,4.704648165640265e-06,1.914275804527895e-06,1.493696647036292e-14,1.464867496307156e-09,9.966590370385389e-18,1.834397387778567e-12,2.525518306579963e-10,1.1336606885351538e-15,1.8378505954425192e-07,2.0353494789241865e-15,8.249250192158562e-08,4.875594972336574e-12,2.330231788448571e-08,8.007410879222127e-15,1.2828803654309552e-09,7.00472617282061e-11,0.0,0.0,1.0027562600855445e-13,8.132312350086469e-10,5.096454381492608e-26,6.872692099305538e-09,3.95026193284442e-11,2.1383630978538956e-12,1.044709060695402e-13,4.702144185329273e-18,9.289434464147779e-10,1.6843912062435188e-14,4.94698373161649e-23,1.2920861563120909e-10,8.448752581013643e-13,4.1305521693939e-10,3.627270340965489e-18,6.058272235338928e-05,1.5716930462111828e-18,3.2890619448489897e-13,1.522206923614493e-11,1.4666517206912152e-12,5.550708332825075e-12
0.01118898623279099,0.37296620775969963,300.2302532266312,0.6509632476243319,5.922734950515597e-05,3.2701162111205767e-13,4.229839349532043e-14,7.341439827099908e-07,1.644898358477062e-16,2.5317351006616383e-05,1.9700137079186736e-11,9.546753648646227e-12,1.2496338169602648e-15,1.1834981488315348e-26,7.708536807078451e-16,2.5282895501271572e-24,4.938308526193042e-10,0.9998062764011376,7.5530386631588505e-06,3.3945565220042416e-06,2.6061511061408016e-14,2.651754517447679e-09,1.7969037571999378e-17,3.325672337170432e-12,4.5975841575375933e-10,8.190628872505521e-16,3.223616813510114e-07,3.906888736677776e-15,1.4702339954044156e-07,8.947054306201403e-12,4.2878541736320856e-08,1.2000292256150104e-14,2.4515703583194763e-09,1.3386056131242767e-10,0.0,0.0,1.4020283571563636e-13,1.3089985628169852e-09,9.950823075907271e-26,1.1047654498856502e-08,6.718556441565141e-11,3.799160632197979e-12,1.6797033935668426e-13,6.073093087475283e-18,1.6987545537892841e-09,3.08058790505294e-14,4.812157534269398e-23,2.2957247910467237e-10,1.5011397412646299e-12,7.338877156959417e-10,6.297272689485123e-18,9.696352585555741e-05,1.5717352899223884e-18,6.730279180543702e-13,3.119397046031632e-11,2.800751522436599e-12,1.0638847553073501e-11
0.011226533166458073,0.37421777221526914,300.3182071643634,0.650739420181139,6.951055824182092e-05,3.6841878209576306e-13,5.593227992285299e-14,1.0313230087432966e-06,2.7661769536587607e-16,3.557233374341421e-05,2.7691462896230016e-11,1.3435082695499904e-11,1.1494884403236359e-15,1.6617991947961275e-26,9.67185271426492e-16,4.08856952869179e-24,6.912658899920515e-10,0.9997410591708146,1.0640540702887273e-05,5.012521087903394e-06,3.820723545772206e-14,3.951006287691765e-09,2.669938373217586e-17,4.958296432260619e-12,6.86673026719598e-10,5.362710229086714e-16,4.737017894220662e-07,5.962930233621872e-15,2.1758308536778656e-07,1.3408281060085219e-11,6.433295541382241e-08,1.6298505260243163e-14,3.735639790178645e-09,2.0397384591333505e-10,0.0,0.0,1.8283910845142086e-13,1.8465125237044553e-09,1.529170079140056e-25,1.557362096644201e-08,9.734423594579885e-11,5.614872495159412e-12,2.367967382475318e-13,7.496526593522357e-18,2.5420549409627233e-09,4.61007264173227e-14,4.671506165996733e-23,3.3928750157842057e-10,2.2185500728228353e-12,1.0846130035344763e-09,9.207863473669093e-18,0.00013638704393487122,1.5717813838815762e-18,1.0526905871255828e-12,4.8816957359789135e-11,4.266465194072045e-12,1.62303620759325e-11
0.011264080100125157,0.3754693366708386,300.4483407801747,0.6504243222811926,8.14457997904132e-05,4.144225602939317e-13,7.46863093874239e-14,1.4848686926851818e-06,5.825621525506776e-16,5.122646362337654e-05,3.989912858866534e-11,1.9389885994892046e-11,1.0373601984216648e-15,2.4841967875220474e-26,1.2644644867060391e-15,7.607109957034173e-24,9.90600468824384e-10,0.9996447983273083,1.5378357973263598e-05,7.749684463402235e-06,5.846518536247695e-14,6.193960224969204e-09,4.0833811223488715e-17,7.779314749636548e-12,1.0805837475856153e-09,3.185118200007917e-16,7.269927783863707e-07,9.607785899695502e-15,3.3754455817338193e-07,2.121420095375501e-11,1.0197534391173485e-07,2.2477547384154406e-14,6.0741444165812515e-09,3.316613671214039e-10,0.0,0.0,2.4014467105427794e-13,2.6733231552545062e-09,2.5306203380462695e-25,2.2527352916176406e-08,1.463092300529662e-10,8.696375335584878e-12,3.4230007617939543e-13,8.884960615627421e-18,4.012503185872549e-09,7.273402096354238e-14,4.532961742735965e-23,5.252543868243604e-10,3.4345601017935464e-12,1.6790921356709696e-09,1.3835966033990598e-17,0.000196703530657041,1.5718464159220374e-18,1.7925752390784095e-12,8.32110581821548e-11,6.930203719817877e-12,2.6442710750290118e-11
0.01130162703379224,0.376720901126408,300.6487738594511,0.649957106953324,9.613442935888322e-05,4.680873671828689e-13,1.0197391058038953e-13,2.1990254731412953e-06,1.2115342725131215e-15,7.587917207527725e-05,5.913402740675214e-11,2.8788813048514028e-11,9.052605144107995e-16,3.88008862485003e-26,1.7299897429203733e-15,1.4389417801672008e-23,1.459767616755978e-09,0.9994967981284972,2.2866700628052348e-05,1.2352179188233397e-05,9.224351111462964e-14,1.0009751107301821e-08,6.39750409333598e-17,1.2580990104154862e-11,1.7528213182851911e-09,2.09140386149569e-16,1.1502019021727133e-06,1.590066518098434e-14,5.39842342609373e-07,3.4594609413733316e-11,1.665976904436585e-07,3.1791304707761727e-14,1.0170041033889139e-08,5.553059493413841e-10,0.0,0.0,3.2189905010224857e-13,3.9822949045753934e-09,4.311008075880428e-25,3.352736066949119e-08,2.2661809512182507e-10,1.3887529805116512e-11,5.089316458462691e-13,1.0215062164495742e-17,6.528197860342749e-09,1.1826472747546778e-13,4.397928894495033e-23,8.383077100239197e-10,5.481569626451551e-12,2.67982767497062e-09,2.1326588221207224e-17,0.0002918416317839611,1.5719430114312881e-18,3.1328298625004415e-12,1.4555701554266822e-10,1.1590650335747177e-11,4.4356449677143466e-11
0.011339173967459324,0.37797246558197745,300.84920693872755,0.6494898916254553,0.00011082305892735393,5.217521740718087e-13,1.2926151177335643e-13,2.9131822535974414e-06,1.8405063924755945e-15,0.00010053188052717909,7.836892622483984e-11,3.818774010213644e-11,7.73160830399928e-16,5.275980462178077e-26,2.195514999134729e-15,2.1171725646310163e-23,1.9289347646875936e-09,0.999348797929686,3.0355043282841446e-05,1.695467391306477e-05,1.2602183686678393e-13,1.3825541989634615e-08,8.711627064323195e-17,1.7382665458673397e-11,2.425058888984798e-09,9.976895229834125e-17,1.5734110259590756e-06,2.2193544462273472e-14,7.421401270453735e-07,4.7975017873712234e-11,2.3122003697558513e-07,4.1105062031369483e-14,1.4265937651197216e-08,7.789505315613745e-10,0.0,0.0,4.0365342915022303e-13,5.291266653896341e-09,6.091395813714669e-25,4.452736842280648e-08,3.0692696019068767e-10,1.9078684274648385e-11,6.755632155131505e-13,1.1545163713364125e-17,9.043892534813066e-09,1.637954339873953e-13,4.262896046254094e-23,1.1513610332234936e-09,7.528579151109648e-12,3.680563214270317e-09,2.88172104084242e-17,0.0003869797329108857,1.5720396069405386e-18,4.473084485922536e-12,2.079029729031845e-10,1.6251096951676692e-11,6.227018860399764e-11
0.011376720901126408,0.37922403003754696,301.2577785734763,0.6485922257902542,0.00013061423263370948,5.892439792478739e-13,1.7902095495929747e-13,4.441911011531055e-06,4.832610905272756e-15,0.00015329842025731198,1.1961454075971775e-10,5.84148863186635e-11,6.3671295652567e-16,9.076197877828883e-26,3.1840114314745293e-15,5.096239776331079e-23,2.9236864549172413e-09,0.999040795468728,4.6520691925723133e-05,2.8458434394032305e-05,2.0896937507036413e-13,2.3647646686036714e-08,1.3941335451807202e-16,2.973814028443114e-11,4.169452415228346e-09,6.092893091769806e-17,2.614633777990985e-06,3.8244966061204005e-14,1.251442132890237e-06,8.310215744950393e-11,4.015420920938749e-07,5.937234982431146e-14,2.5652007254303814e-08,1.4006492109027457e-09,0.0,1.4510235903336726e-15,5.463560619690993e-13,8.126406958912402e-09,1.141566922361771e-24,6.831895625577983e-08,4.957370428100258e-10,3.211459050498236e-11,1.0342732632735004e-12,1.1906266166952777e-17,1.5613910581043612e-08,2.8212910892237753e-13,4.312487929636746e-23,1.9360466048128626e-09,1.2659522772570383e-11,6.188962638182908e-09,4.512960827983446e-17,0.0005914438621277027,1.572189793921584e-18,8.570629661319061e-12,3.988827663956921e-10,2.914151458718965e-11,1.1227138574594518e-10
0.011414267834793492,0.3804755944931164,301.6952377657461,0.647634817713822,0.00015111358862254724,6.586548340082735e-13,2.3189926589515316e-13,6.083694243207094e-06,8.15269464696869e-15,0.0002099668796310428,1.6391502331222852e-10,8.014488145815598e-11,4.996615972255326e-16,1.3210111726058299e-25,4.245091051959856e-15,8.394640157647568e-23,3.99138404247651e-09,0.9987105862881127,6.389066417549313e-05,4.0920021794890634e-05,2.987411100198719e-13,3.430336789044133e-08,1.9575698043004294e-16,4.3142007207620674e-11,6.062650504696855e-09,3.1877966783862095e-17,3.7416306634804623e-06,5.5650776095679116e-14,1.803353265549855e-06,1.2124752661076434e-10,5.865342135284218e-07,7.888229842972335e-14,3.8049880225546174e-08,2.0775938325492213e-09,0.0,3.1750862261000184e-15,6.975177050978163e-13,1.1173364252085441e-08,1.7231798652064118e-24,9.388588794322534e-08,6.996060132744481e-10,4.6239270111370724e-11,1.4196418898439763e-12,1.21328812016236e-17,2.2746628312322745e-08,4.1056711043564874e-13,4.3877038860917116e-23,2.7861900329403187e-09,1.8218485717074906e-11,8.906610786294446e-09,6.266638071239613e-17,0.0008110813546737221,1.5723474188649071e-18,1.3050859290548341e-11,6.077156545826757e-10,4.3174170193392147e-11,1.66726002355468e-10
0.011451814768460576,0.38172715894868586,302.3131268398267,0.6463202641838754,0.0001744276462547474,7.36458508905401e-13,3.02426077863786e-13,8.47019750339283e-06,1.6216235947716484e-14,0.0002922918921379896,2.2843896004366767e-10,1.1183087217360818e-10,3.760627208169629e-16,2.0351297262178645e-25,5.7898057824702786e-15,1.795708060116868e-22,5.536311942847001e-09,0.9982341457287054,8.926643183718966e-05,6.081280369141545e-05,4.4146362561531236e-13,5.162576905130011e-08,2.789342730535304e-16,6.487729354548164e-11,9.15605857426759e-09,1.1995205419621536e-17,5.5231502650198945e-06,8.284348625998281e-14,2.688309677640965e-06,1.8405767699552827e-10,8.918731527884162e-07,1.0609209591715932e-13,5.92220360552705e-08,3.2336207786204385e-09,0.0,5.434841381605625e-15,8.934443194048737e-13,1.5631094891362482e-08,2.8176844054938493e-24,1.3127801328201e-07,1.0128830937448626e-09,6.885279195970021e-11,1.9811156159045997e-12,1.1736104449491323e-17,3.444813309331235e-08,6.200689223335148e-13,4.754222463887884e-23,4.1457016825506874e-09,2.710813345431026e-11,1.3252553316928029e-08,8.818015375583305e-17,0.0011311513980897165,1.572509671471686e-18,2.1199234956292264e-11,9.87967838166062e-10,6.702134256235737e-11,2.5996554006419756e-10
0.01148936170212766,0.3829787234042553,303.22384473848524,0.6444260811474058,0.0002023098262261748,8.278833181227917e-13,4.015955390495481e-13,1.2065344744274588e-05,3.1978175582007225e-14,0.00041625622858244946,3.2578456831139937e-10,1.5967495406971574e-10,2.7429656254388765e-16,3.2373136849138213e-25,8.119436511218127e-15,3.7685749998103538e-22,7.855761170566829e-09,0.9975203788332255,0.0001276352117247993,9.276604878582483e-05,6.701226540623458e-13,7.976786391197759e-08,4.0566128706128096e-16,1.0013406385141545e-10,1.4197348414823844e-08,6.991986255215659e-18,8.366928045066594e-06,1.2591985401204064e-13,4.113782198973333e-06,2.8689755428400976e-10,1.392529058683147e-06,1.4579836945902744e-13,9.463442144220282e-08,5.1671747758071975e-09,0.0,8.563999151114267e-15,1.1620222803784158e-12,2.2378441289070542e-08,4.744586784253996e-24,1.8786184635001658e-07,1.5037241560282755e-09,1.05243287282655e-10,2.828399257531191e-12,1.0327593485990112e-17,5.3564554561536774e-08,9.611333117408013e-13,5.593510869762392e-23,6.331892904731657e-09,4.140331880597745e-11,2.024113755034321e-08,1.2664020647921466e-16,0.0016142185322618944,1.572679434548664e-18,3.530083123867451e-11,1.6464251077206505e-09,1.067969929561337e-10,4.161510972618016e-10
0.011526908635794744,0.3842302878598248,304.1345626371438,0.6425318981109361,0.0002301920061976022,9.193081273401824e-13,5.007650002353103e-13,1.5660491985156346e-05,4.7740115216297966e-14,0.0005402205650269093,4.231301765791311e-10,2.0751903596582334e-10,1.7253040427081242e-16,4.439497643609779e-25,1.0449067239965976e-14,5.741441939503839e-22,1.0175210398286657e-08,0.9968066119377458,0.00016600399161240895,0.0001247192938802342,8.987816825093791e-13,1.0790995877265509e-07,5.323883010690316e-16,1.3539083415734926e-10,1.9238638255380098e-08,1.9887670908097806e-18,1.1210705825113294e-05,1.6899622176409845e-13,5.539254720305701e-06,3.897374315724913e-10,1.893184964577878e-06,1.8550464300089559e-13,1.3004680682913513e-07,7.1007287729939565e-09,0.0,1.169315692062291e-14,1.4306002413519577e-12,2.9125787686778602e-08,6.671489163014142e-24,2.444456794180232e-07,1.9945652183116887e-09,1.416337826056098e-10,3.675682899157783e-12,8.919082522488901e-18,7.268097602976118e-08,1.3021977011480878e-12,6.432799275636901e-23,8.518084126912628e-09,5.569850415764464e-11,2.722972178375839e-08,1.6510025920259629e-16,0.0020972856664340724,1.5728491976256418e-18,4.940242752105676e-11,2.304882377275239e-09,1.4657264334991006e-10,5.723366544594056e-10
0.011564455569461828,0.3854818523153943,305.83000515472116,0.6391690315355487,0.00026597070242751815,1.0428285441971696e-12,6.712693510584147e-13,2.266682962731406e-05,1.0668250151286365e-13,0.0007811749716736271,6.143532371383979e-10,3.0121710579510286e-10,1.1785843689150705e-16,7.666610098699154e-25,1.510354336539982e-14,1.8014021998904784e-21,1.4680823769519153e-08,0.9954189016492222,0.00024137527084422248,0.00019653846935239723,1.418692227477962e-12,1.728464220835707e-07,7.894015892651243e-16,2.1587243673917887e-10,3.0959542135593895e-08,9.413602811823708e-19,1.7509888245980083e-05,2.5933693531039393e-13,8.763784554483123e-06,6.318614385035811e-10,3.0754078597064065e-06,2.6037953289472175e-13,2.1787843136424435e-07,1.1896358400236611e-08,0.0,1.7207606755322997e-14,1.865102667523067e-12,4.2388935902670795e-08,1.2969649232949224e-23,3.557883585895875e-07,3.0349971311745028e-09,2.237819342625332e-10,5.329065507965424e-12,7.014434255728131e-18,1.1738423661749623e-07,2.0884454661306862e-12,9.159400960027233e-23,1.3444786504505923e-08,8.791350156640356e-11,4.297888354727967e-08,2.439358699802055e-16,0.0030429922680376338,1.5728275797033823e-18,8.769756524025302e-11,4.095117685708977e-09,2.4430065164579947e-10,9.611975321105579e-10
0.011602002503128912,0.38673341677096373,307.62804417724544,0.6356141462642605,0.00030278180537674166,1.1705452065759406e-12,8.511001715514176e-13,3.011915329366679e-05,1.7127038790308269e-13,0.0010374248998662205,8.178500282092768e-10,4.009102199831353e-10,6.934366054778188e-17,1.1158465855437094e-24,2.0061974542697153e-14,3.1633207660528744e-21,1.9472260721352198e-08,0.9939430786202652,0.00032158433267580745,0.00027356979826617385,1.9766815926278018e-12,2.425934565346227e-07,1.0634487719664036e-15,3.0226682657969355e-10,4.355375244502073e-08,4.111444861372186e-19,2.4260837351335644e-05,3.5585708629268415e-13,1.2223526828855793e-05,8.921957380027828e-10,4.34674021985842e-06,3.3985243976742505e-13,3.1256345465724126e-07,1.7066181661090753e-08,0.0,2.3033914563210607e-14,2.32129839833131e-12,5.650397340221237e-08,1.9839316492189767e-23,4.7429032152734015e-07,4.1472836782119974e-09,3.1191253568750096e-10,7.0878391478179215e-12,5.0449199811207145e-18,1.654327729911738e-07,2.9328974180259476e-12,1.213275385044256e-22,1.8729788927153067e-08,1.2247137192962284e-10,5.987342117162735e-08,3.280502639663171e-16,0.004049185301778857,1.572780940237053e-18,1.2915581615083433e-10,6.033323974490848e-09,3.496054699854268e-10,1.3804788580188826e-09
0.011639549436795996,0.3879849812265332,310.0233188759645,0.6310347442597095,0.0003434932908488104,1.3263266698704157e-12,1.0834051628106735e-12,4.029997222255092e-05,2.9517034443729004e-13,0.0013863582070553547,1.0989694410550887e-09,5.374740825238973e-10,3.437960788212774e-17,1.7403841753408088e-24,2.711586247761222e-14,7.519839396157058e-21,2.603958699503161e-08,0.9919224345082225,0.00043166015751882876,0.000387713991840435,2.8184533846976525e-12,3.474758256765198e-07,1.4700229361178885e-15,4.302693277880889e-10,6.257896089669771e-08,7.34705772301016e-20,3.417915093406479e-05,4.955995279484432e-13,1.736824131035864e-05,1.289091052014266e-09,6.286679580163204e-06,4.504971307385696e-13,4.6134588854154464e-07,2.5189630362899087e-08,0.0,3.115259793761116e-14,2.8856063165133993e-12,7.584915469538063e-08,3.5128609488123085e-23,6.370684067629721e-07,5.7375857794189615e-09,4.428354542472373e-10,9.487555114481947e-12,3.394256354935206e-18,2.3825677090803713e-07,4.195126102088444e-12,1.7392517547537146e-22,2.6573056091324856e-08,1.7375738560002928e-10,8.494595380445235e-08,4.528083988018437e-16,0.005428198730798854,1.5724056714850076e-18,1.9817384138366716e-10,9.260340066143465e-09,5.139972787195951e-10,2.0408609525253847e-09
0.011677096370463078,0.38923654568210264,313.3626112564105,0.6248359448380661,0.0003903698970827931,1.5264686249348606e-12,1.3986531981843058e-12,5.479357398575774e-05,5.128216376506842e-13,0.001881791048787369,1.5027826754160848e-09,7.323175150415389e-10,2.0834441030197e-17,2.8001555939133576e-24,3.7481923997148024e-14,1.6609758127329572e-20,3.5413964132273886e-08,0.9890406215874314,0.0005889447367992693,0.0005605204553618992,4.108784496737734e-12,5.078946915878036e-07,2.0860752322390013e-15,6.240394889005376e-10,9.176929544418699e-08,4.013706899274949e-20,4.9103943851996134e-05,7.036610742170874e-13,2.5176298957969814e-05,1.9018408728354317e-09,9.283449360064045e-06,6.10413351413689e-13,6.956371327153121e-07,3.798171282621456e-08,0.0,4.28947136590796e-14,3.6208012405444176e-12,1.0346133746879532e-07,6.372634316463249e-23,8.698313304694266e-07,8.083460853345217e-09,6.413978418264299e-10,1.2900373468686504e-11,2.2475824633520626e-18,3.502419822318619e-07,6.117711556350601e-12,2.6266285422930394e-22,3.8460032040486215e-08,2.514846580463056e-10,1.229449946764802e-07,6.418098659477202e-16,0.007396508913646434,1.571510956442637e-18,3.1075409054521005e-10,1.4524507136526795e-08,7.717846529160799e-10,3.0823378102998826e-09
0.011714643304130162,0.3904881101376721,316.7019036368567,0.6186371454164225,0.00043724650331677787,1.7266105799993148e-12,1.7139012335579526e-12,6.928717574896523e-05,7.304729308640884e-13,0.002377223890519406,1.9065959097770994e-09,9.271609475591897e-10,7.289274178265632e-18,3.8599270124859556e-24,4.784798551668431e-14,2.5699676858502502e-20,4.47883412695166e-08,0.9861588086666404,0.000746229316079717,0.0007333269188833714,5.399115608777876e-12,6.68313557499095e-07,2.702127528360142e-15,8.178096500129952e-10,1.209596299916776e-07,6.803560755395833e-21,6.402873676992815e-05,9.117226204857411e-13,3.298435660558135e-05,2.5145906936566256e-09,1.2280219139965025e-05,7.703295720888158e-13,9.299283768890905e-07,5.077379528953062e-08,0.0,5.46368293805486e-14,4.35599616457547e-12,1.3107352024221127e-07,9.23240768411432e-23,1.1025942541758918e-06,1.0429335927271582e-08,8.399602294056315e-10,1.6313191822891216e-11,1.1009085717688666e-18,4.622271935556919e-07,8.040297010612846e-12,3.514005329832405e-22,5.0347007989648116e-08,3.2921193049258555e-10,1.6094403554850977e-07,8.308113330936055e-16,0.009364819096494104,1.5706162414002665e-18,4.233343397067582e-10,1.9788674206910368e-08,1.0295720271125767e-09,4.123814668074428e-09
0.011752190237797246,0.39173967459324155,322.20764894663097,0.6092298628547939,0.0004932072178969138,2.072085356323519e-12,2.2269498091627703e-12,9.415202885443302e-05,1.2640930574578702e-12,0.003218509598934293,2.6277069607934444e-09,1.262861658273851e-09,3.915682971379028e-18,7.152139176538515e-24,6.828214506647948e-14,7.218044206119067e-20,6.124021659018471e-08,0.9811762068993253,0.0010181124150880978,0.001069203634026055,8.011174370150974e-12,9.863647560768545e-07,4.114589643029016e-15,1.18415465891814e-09,1.7923833879278082e-07,2.100426684099612e-21,9.266370822400168e-05,1.3609291866135539e-12,4.8230393288733385e-05,3.7611765694405e-09,1.8366188923517618e-05,1.0838027660325726e-12,1.4262270002409558e-06,7.787049052046475e-08,0.0,7.964876918366217e-14,5.4276331461829554e-12,1.7847896421208042e-07,2.290391655889518e-22,1.5055074449843837e-06,1.4724708564057756e-08,1.2273407275303294e-09,2.2126759610842143e-11,6.796750166783682e-19,6.868197144772253e-07,1.1766483897567029e-11,6.008940660448808e-22,7.350249081619401e-08,4.806225564316394e-10,2.349651038867703e-07,1.2306297640182463e-15,0.012765871850934456,1.5677875569338048e-18,6.834942322956022e-10,3.193347288230842e-08,1.5713782549069316e-09,6.337635145866808e-09
0.01178973717146433,0.392991239048811,327.97944987930526,0.599428556047904,0.0005502835247300859,2.43540802297787e-12,2.7642896791819452e-12,0.00012029054440544165,1.836516374115913e-12,0.004102268466415499,3.387784410346413e-09,1.6158606312232344e-09,1.7912326331822577e-18,1.0718510730386888e-23,8.995273770771008e-14,1.2325306560248644e-19,7.856125835443145e-08,0.975935613519279,0.0013040690165192091,0.0014251065204204689,1.0785550562143925e-11,1.3237743112978666e-06,5.6248564722563926e-15,1.5716930701837925e-09,2.410893040811702e-07,9.133034753020298e-22,0.00012298238581409277,1.839750053425828e-12,6.438986599379399e-05,5.085601960746116e-09,2.483153414611519e-05,1.4161338338865141e-12,1.9547019684041686e-06,1.0672389258251007e-07,1.9892556728500688e-17,1.0629033650557439e-13,6.5405875734577265e-12,2.2831515955695287e-07,3.7903182425779834e-22,1.9293162826299688e-06,1.925949318224779e-08,1.637909414669389e-09,2.8235156276621585e-11,3.4753062571856114e-19,9.252412032440921e-07,1.571416569730796e-11,8.701295461267676e-22,9.804182536452404e-08,6.410820152557715e-10,3.134099299840421e-07,1.6563379975122108e-15,0.01634287544750024,1.5647213674503498e-18,9.617779407439405e-10,4.492326140393641e-08,2.1480639910378696e-09,8.695427647170165e-09
0.011827284105131414,0.3942428035043805,335.0914510403847,0.5880869665214044,0.0006107899458338514,2.9480949326771754e-12,3.444835701713334e-12,0.00015312635509485582,2.6296504172361652e-12,0.005202141690961439,4.3829455058889025e-09,2.060257842876275e-09,4.2820223626156606e-19,1.829779530957421e-23,1.2111598729949983e-13,2.4317614789566895e-19,1.009686725782222e-07,0.9693132524912539,0.0016647817352011742,0.0019019085617680454,1.4620490360613403e-11,1.779696320756682e-06,8.088963268529341e-15,2.0691646058476046e-09,3.249899161638022e-07,3.8933534448751144e-22,0.000163316819124303,2.6218825523100287e-12,8.607689273071279e-05,6.910321195711936e-09,3.369916626023121e-05,1.9021952428943556e-12,2.6957653252404176e-06,1.471831659606964e-07,5.793785676411474e-17,1.4884435239033214e-13,7.831754512344776e-12,2.907221041629638e-07,8.678242061642377e-22,2.4642606467852335e-06,2.5116033160693283e-08,2.1889654862300657e-09,3.5845991693745856e-11,1.2541409970744829e-19,1.2493258802108374e-06,2.091337424381475e-11,1.3789558686530714e-21,1.3095155346979556e-07,8.562746208056926e-10,4.186124428076349e-07,2.2904871540331602e-15,0.02086117978596303,1.5599523981167425e-18,1.373049219218903e-09,6.406535781651791e-08,2.9563650930666733e-09,1.2008129890092253e-08
0.011864831038798498,0.39549436795994997,344.26693509281813,0.5743738305853466,0.0006765776539891654,3.690755359445698e-12,4.3458737368428935e-12,0.00019627387417197367,3.762608912210931e-12,0.006634762417654667,5.740060786526371e-09,2.6453793268190727e-09,2.3751682828975963e-19,3.2055692007140576e-23,1.6689491505326166e-13,4.691070793782645e-19,1.31207485668295e-07,0.9605634079417371,0.00214059514234874,0.0025648569210593814,2.0088361426197546e-11,2.4180898867403696e-06,1.202168080771373e-14,2.7358982536800127e-09,4.4283998442169684e-07,8.864155083453324e-22,0.0002190723366385062,3.871018675177991e-12,0.00011627459789763549,9.505334126472045e-09,4.626555755652645e-05,2.624952573996297e-12,3.7641473122557868e-06,2.0551179676214754e-07,1.0706052225679328e-16,2.1589848749089976e-13,9.397312143714224e-12,3.724840119170768e-07,1.8782606063888765e-21,3.170318440645878e-06,3.300765678905591e-08,2.956327530630377e-09,4.57701058232582e-11,7.270555623638911e-20,1.705304672342475e-06,2.8039536670262626e-11,2.2566760279588756e-21,1.767490303849611e-07,1.1557388967111936e-09,5.650132986860394e-07,3.2455691602940705e-15,0.026828788441314866,1.5525616883789328e-18,1.9890791372586687e-09,9.268005526755168e-08,4.121280329890605e-09,1.6791089989157472e-08
0.011902377972465582,0.3967459324155194,353.44241914525156,0.5606606946492889,0.0007423653621444793,4.4334157862142195e-12,5.246911771972454e-12,0.00023942139324909154,4.895567407185696e-12,0.008067383144347894,7.0971760671638386e-09,3.2305008107618706e-09,4.68314203179532e-20,4.581358870470694e-23,2.1267384280702346e-13,6.950380108608602e-19,1.6144629875836779e-07,0.9518135633922205,0.002616408549496306,0.0032278052803507173,2.5556232491781686e-11,3.0564834527240573e-06,1.595439834689812e-14,3.402631901512421e-09,5.606900526795916e-07,1.3834956722031534e-21,0.0002748278541527094,5.1201547980459535e-12,0.00014647230306455818,1.2100347057232152e-08,5.8831948852821685e-05,3.3477099050982385e-12,4.832529299271156e-06,2.638404275635987e-07,1.5618318774947184e-16,2.8295262259146737e-13,1.0962869775083671e-11,4.542459196711898e-07,2.8886970066135154e-21,3.876376234506523e-06,4.0899280417418536e-08,3.7236895750306883e-09,5.569421995277055e-11,1.999701276532994e-20,2.1612834644741124e-06,3.5165699096710505e-11,3.1343961872646797e-21,2.2254650730012662e-07,1.4552031726166946e-09,7.114141545644437e-07,4.200651166554981e-15,0.03279639709666669,1.545170978641123e-18,2.6051090552984343e-09,1.2129475271858546e-07,5.286195566714536e-09,2.157405008822269e-08
0.011939924906132666,0.3979974968710889,366.3163045593846,0.5442534271558909,0.0008130138258015501,5.9510720389270885e-12,6.663162373887418e-12,0.00030172989068727565,6.544818349671049e-12,0.010085384090434656,9.294063665564578e-09,4.078323757784016e-09,1.776725467786271e-20,1.0026114173959052e-22,3.034533649612824e-13,1.4233357290889514e-18,2.095369933720129e-07,0.939013242152425,0.003308551857396304,0.0042857298840166674,3.499461019042614e-11,4.083723549975023e-06,2.594289576986984e-14,4.3148788457548375e-09,7.514918558430512e-07,7.390186558649991e-21,0.0003628102896370418,8.43292427913264e-12,0.0001947089716992698,1.6464711755165917e-08,7.960481397049133e-05,4.867925025206259e-12,6.654449870679748e-06,3.6330343355815696e-07,2.41321811422385e-16,4.4787650233213467e-13,1.2945836645632359e-11,5.707595397789211e-07,1.0276708082801997e-20,4.904333133747322e-06,5.2619437978382174e-08,4.951081508426642e-09,6.963383363397983e-11,1.1688371551913861e-20,2.9012003251920784e-06,4.5721188440295663e-11,5.893788201354543e-21,2.9571327023503983e-07,1.933633745723621e-09,9.453069610021829e-07,6.247729822795275e-15,0.041533235807514016,1.5315636145055045e-18,3.748564528518403e-09,1.739491928295194e-07,7.292719612094878e-09,2.9754634053775597e-08
0.01197747183979975,0.3992490613266584,379.61544169803364,0.5275363814694887,0.0008842211916591713,7.557839309954105e-12,8.138653445154008e-12,0.0003662415668220281,8.25343392897817e-12,0.012170693563490003,1.1587510450328329e-08,4.956352796379743e-09,7.286716204831774e-21,1.5938729637423489e-22,3.994071714891172e-13,2.2093968757581567e-18,2.596803433524797e-07,0.9257471866590435,0.004025569335069227,0.005389069874666454,4.488952697928307e-11,5.155674223991909e-06,3.662770237808534e-14,5.255355541849274e-09,9.506818375845018e-07,1.4030386691944982e-20,0.00045449825924337477,1.1982975644613791e-11,0.0002450198068651207,2.103252108138095e-08,0.00010132128060769173,6.47983389805713e-12,8.56301425144365e-06,4.674961760731766e-07,3.306016428303074e-16,6.240536976585963e-13,1.497679830674869e-11,6.912690013767893e-07,1.83980291391535e-20,5.9693028221084855e-06,6.477981024239746e-08,6.231368864599093e-09,8.403515980719602e-11,8.484945580665291e-21,3.6737651171412214e-06,5.66709906349802e-11,8.869539697004922e-21,3.720270242453941e-07,2.4326423251289673e-09,1.189259817504235e-06,8.420369069451306e-15,0.05058848773031723,1.5172414434182219e-18,4.9526647519855656e-09,2.2936778453549386e-07,9.396014008284832e-09,3.832588557192112e-08
0.012015018773466835,0.40050062578222784,394.6279973388835,0.5103760875044892,0.0009558258329185349,9.919136319440536e-12,9.918151280598494e-12,0.0004397705348321558,1.0131481510627719e-11,0.014508438792565779,1.4419517776737613e-08,5.958574897013315e-09,8.428800453907874e-22,2.991109091835283e-22,5.323842855348621e-13,3.605031328295306e-18,3.2164980594730826e-07,0.9105080256665167,0.004845773026349412,0.006704447688978722,5.751598270591967e-11,6.4346092260968756e-06,5.507268183150509e-14,6.223973790498402e-09,1.1890256621094664e-06,4.974908265254347e-20,0.0005631936449326069,1.8160938168554274e-11,0.0003049556954330203,2.6662300945867333e-08,0.0001276270140931599,8.847329609848469e-12,1.0906302116683457e-05,5.954161045205553e-07,4.574265703493335e-16,9.101628049787587e-13,1.7168942299808415e-11,8.271925518916882e-07,5.027903202832106e-20,7.187894860867543e-06,7.864410881739618e-08,7.758598433973982e-09,1.0004406478018983e-10,1.379653480483773e-20,4.5987283441113e-06,6.871367199801258e-11,1.4523177505711615e-20,4.6301839426704585e-07,3.0276286591370823e-09,1.4801333567696526e-06,1.1714294190430468e-14,0.06100742768916976,1.4993192760363927e-18,6.499353331726946e-09,3.000791738119775e-07,1.2004498791680968e-08,4.8864455120468556e-08
0.012052565707133917,0.40175219023779724,412.21068073303366,0.49255092112159493,0.0010280263872805087,1.3412227936615837e-11,1.2153659262309684e-11,0.0005268254406553413,1.226367709579079e-11,0.017224837655672044,1.805936591561496e-08,7.147086590703586e-09,4.540973563342592e-22,5.597307092547739e-22,7.20896360857459e-13,5.915025739634196e-18,4.013584374636743e-07,0.8923092064252728,0.005820756038040433,0.00833788223878461,7.423974683922471e-11,8.024020720333865e-06,8.515792055272893e-14,7.234804367979516e-09,1.4861002508096836e-06,1.290855223540902e-19,0.0006974001547461796,2.8280767430182982e-11,0.0003793291641039883,3.3885036617760266e-08,0.00016081664785102772,1.2348205580050258e-11,1.3901675208636933e-05,7.589268118664626e-07,6.405691420350023e-16,1.3611697802894386e-12,1.96028597907831e-11,9.862372357821238e-07,1.1779955766670687e-19,8.63692042522336e-06,9.506429685886912e-08,9.65624132315241e-09,1.1846433795284903e-10,3.188064682213987e-20,5.752289223612711e-06,8.239567211356601e-11,2.4193644784002022e-20,5.760261883056368e-07,3.766581625049306e-09,1.8413879201800962e-06,1.669014812289397e-14,0.07347189970209553,1.475997114212746e-18,8.559924445879517e-09,3.93729759444219e-07,1.537076915588616e-08,6.235400171461799e-08
0.012090112640801001,0.4030037546933667,429.79336412718465,0.4747257547386998,0.001100226941642486,1.69053195537913e-11,1.4389167244020978e-11,0.0006138803464785307,1.4395872680953957e-11,0.01994123651877843,2.1699214054492475e-08,8.335598284393911e-09,6.531466727771294e-23,8.203505093260317e-22,9.094084361800649e-13,8.225020150973192e-18,4.81067068980044e-07,0.8741103871840281,0.006795739049731498,0.009971316788590574,9.096351097253051e-11,9.613432214570931e-06,1.1524315927395417e-13,8.24563494546068e-09,1.7831748395099145e-06,2.084219620556406e-19,0.0008316066645597584,3.8400596691812156e-11,0.00045370263277495976,4.110777228965354e-08,0.00019400628160889705,1.584908155025221e-11,1.689704830059055e-05,9.224375192123774e-07,8.237117137206796e-16,1.8121767556001394e-12,2.20367772817579e-11,1.145281919672567e-06,1.853200833050958e-19,1.0085945989579242e-05,1.1148448490034281e-07,1.1553884212330925e-08,1.3688461112550905e-10,4.9964758839442845e-20,6.905850103114175e-06,9.607767222912005e-11,3.386411206229288e-20,6.89033982344233e-07,4.505534590961563e-09,2.202642483590557e-06,2.16660020553577e-14,0.08593637171502189,1.4526749523890978e-18,1.0620495560032186e-08,4.873803450764648e-07,1.8737039520091504e-08,7.584354830876805e-08
0.012127659574468085,0.4042553191489362,450.880451139465,0.45760239394336216,0.001169450541444532,2.3943904362877364e-11,1.7257014923736984e-11,0.0007185843563963536,1.684990891433843e-11,0.02308557462720247,2.688668978569623e-08,9.768361659951837e-09,1.7887424862864264e-23,1.8172223113467482e-21,1.2208350813790023e-12,1.443981356532464e-17,5.99653446876193e-07,0.8518362092904229,0.00797616907971498,0.012082915560185828,1.1681268406020542e-10,1.16580503369243e-05,1.9416058738381287e-13,8.968689133296365e-09,2.1669463426624396e-06,9.256961231503369e-19,0.00100334844785162,6.376713039043419e-11,0.0005494926389150804,5.116680924373238e-08,0.00023793139862095754,2.251390269107882e-11,2.0936712618589546e-05,1.1429297421089634e-06,1.200812215402468e-15,2.8183456414682264e-12,2.4748085752486996e-11,1.3316538478964097e-06,6.48948876231999e-19,1.1840940086501435e-05,1.305668753926982e-07,1.4005825292969301e-08,1.572506494666511e-10,1.7897045986573685e-19,8.39673386156804e-06,1.0876600396205873e-10,5.997920556278806e-20,8.350035881872382e-07,5.460035217324313e-09,2.669269824923471e-06,3.209670455403369e-14,0.10127774628163862,1.4207879909700302e-18,1.3590247304912792e-08,6.215080605721207e-07,2.3330957532106483e-08,9.407387626322136e-08
0.012165206508135169,0.40550688360450565,472.3434430381191,0.4405543133321569,0.0012383548139408415,3.1362801590472945e-11,2.019269142919053e-11,0.000825181522808757,1.9338467847013087e-11,0.026275816253290354,3.22401740129627e-08,1.122732504290733e-08,7.076164613741456e-24,2.8930692416042742e-21,1.5454463344193483e-12,2.1073460851971623e-17,7.224101020656754e-07,0.8291248821988135,0.009178636679134678,0.014245805303668525,1.436407072433319e-10,1.3751496851912993e-05,2.783160704107925e-13,9.66087457345381e-09,2.5600175148392617e-06,1.7113995900000212e-18,0.0011791165061532636,9.076912373454714e-11,0.0006475799207006812,6.15300861277343e-08,0.00028300807266028443,2.951810895401403e-11,2.5088394334538074e-05,1.3695341690957612e-06,1.5987178929661963e-15,3.884064766877083e-12,2.748914896498905e-11,1.5209570722252198e-06,1.1550667912556026e-18,1.3628754337435937e-05,1.4993483085383332e-07,1.651722396507916e-08,1.7782540310268228e-10,3.1987432441894935e-19,9.923801043023726e-06,1.213477484290421e-10,8.785825550926401e-20,9.845088901061494e-07,6.437656873008747e-09,3.147200128594091e-06,4.311252921725161e-14,0.11692771593186926,1.3879823140234261e-18,1.6657523615719254e-08,7.599776135271746e-07,2.8056560931948824e-08,1.1281273093798413e-07
0.012202753441802253,0.4067584480600751,495.10629445644855,0.4242705341472958,0.0013046720012534142,4.196989550917389e-11,2.3295470364454116e-11,0.0009371869871761024,2.2020092668510033e-11,0.02956371401163996,3.83341879928173e-08,1.2761596324615743e-08,5.722788135340034e-25,5.140690587219993e-21,1.9321499388650734e-12,3.3645679423862344e-17,8.704938359827856e-07,0.8050385418994602,0.01044569726070416,0.016584495753551014,1.760637786875355e-10,1.600416672643378e-05,4.2035451870343166e-13,1.0077201802280576e-08,2.983426878665289e-06,4.617302202835936e-18,0.0013682560099536178,1.3314800962743093e-10,0.0007533449630898436,7.324449702652704e-08,0.00033216408210492613,3.8813429803380276e-11,2.964728741810684e-05,1.6183458793722436e-06,2.1874940959182353e-15,5.42983298755894e-12,3.0341031361531077e-11,1.7171570492924642e-06,2.740991440462216e-18,1.551286358307115e-05,1.6953775389630234e-07,1.9229495956276863e-08,1.9815162911894525e-10,7.393484305499218e-19,1.1569488825826189e-05,1.309100081178627e-10,1.325141202552641e-19,1.1460194540045538e-06,7.493792477025379e-09,3.6635102834183393e-06,5.884038452157018e-14,0.13358576038047013,1.3518996012347518e-18,2.004926166204813e-08,9.15785566664013e-07,3.3168606540610676e-08,1.3340083517079337e-07
0.012240300375469337,0.40801001251564456,519.7689405573803,0.4091038108932455,0.0013672080640666786,5.723666151487514e-11,2.6642475927901612e-11,0.0010570968870160552,2.4983890712131868e-11,0.03299433996329517,4.551051468799307e-08,1.4405932996809199e-08,3.6378643866459834e-25,9.100905309128518e-21,2.409603903057124e-12,5.4897348335724986e-17,1.0555940695787375e-06,0.7789425669118659,0.011807162970031022,0.019180125697402444,2.166642283594675e-10,1.8489547664886103e-05,6.469911469997302e-13,1.0090351645316336e-08,3.4511766764401554e-06,1.0621957413651836e-17,0.0015769383956367037,1.980008153992883e-10,0.0008703313478995967,8.693364225462951e-08,0.00038728219714195117,5.145730274060739e-11,3.48013355774283e-05,1.899614388302882e-06,3.0552349128993538e-15,7.67721142440905e-12,3.335488025782383e-11,1.9234368957466513e-06,5.905095162705592e-18,1.7537711667115096e-05,1.8948409109610551e-07,2.2235352029218335e-08,2.1811462246016234e-10,1.5659636589868655e-18,1.3388545179827792e-05,1.360591746693683e-10,2.0168994509287722e-19,1.3250761700268336e-06,8.664679236296765e-09,4.235914066851741e-06,8.145505383980533e-14,0.1517171449189967,1.3110273745230517e-18,2.391521301414055e-08,1.0969342585280757e-06,3.8845452300624136e-08,1.5669168875767064e-07
0.012277847309136421,0.40926157697121407,544.4315866583122,0.3939370876391951,0.0014297441268799433,7.25034275205764e-11,2.9989481491349105e-11,0.001177006786856008,2.7947688755753703e-11,0.036424965914950376,5.268684138316884e-08,1.6050269669002654e-08,1.552940637951933e-25,1.3061120031037044e-20,2.8870578672491743e-12,7.614901724758763e-17,1.2406943031746896e-06,0.7528465919242716,0.013168628679357884,0.021775755641253874,2.5726467803139954e-10,2.0974928603338422e-05,8.736277752960286e-13,1.0103501488352096e-08,3.918926474215023e-06,1.6626612624467735e-17,0.0017856207813197896,2.6285362117114565e-10,0.00098731773270935,1.0062278748273199e-07,0.0004424003121789762,6.41011756778345e-11,3.995538373674976e-05,2.18088289723352e-06,3.922975729880472e-15,9.92458986125916e-12,3.636872915411658e-11,2.1297167422008384e-06,9.069198884948968e-18,1.9562559751159046e-05,2.0943042829590866e-07,2.5241208102159808e-08,2.380776158013794e-10,2.3925788874238093e-18,1.5207601533829394e-05,1.4120834122087388e-10,2.7086576993049037e-19,1.504132886049113e-06,9.835565995568152e-09,4.808317850285142e-06,1.0406972315804048e-13,0.1698485294575233,1.2701551478113515e-18,2.7781164366232977e-08,1.2780829503921384e-06,4.4522298060637595e-08,1.799825423445479e-07
0.012315394242803505,0.4105131414267835,571.3907880855735,0.3807508089749171,0.0014851417427913809,1.0125028209793765e-10,3.347967962945523e-11,0.0013023330488714205,3.157312480190948e-11,0.03986551223272031,6.115259536993971e-08,1.7770981043453708e-08,3.1281163963068545e-25,2.5055317225325712e-20,3.482700970633972e-12,1.442506791312228e-16,1.5085005126824589e-06,0.725001648193341,0.014598848366616351,0.024621729040778827,3.110577171187429e-10,2.3664086831229055e-05,1.4263397959265756e-12,9.440056822950734e-09,4.424571030984819e-06,4.9118345309249165e-17,0.00201225185129071,3.9347238414371975e-10,0.0011146816324096053,1.1711482634751817e-07,0.0005035210629100999,8.446825100231706e-11,4.573112497074381e-05,2.496014623819369e-06,5.6806105486091575e-15,1.3910057062993928e-11,3.976070589613464e-11,2.3389922981907834e-06,2.3961207592595455e-17,2.1690531367993003e-05,2.2743728510219032e-07,2.8521172644728528e-08,2.552754685934992e-10,5.8323536537868375e-18,1.717966431875866e-05,1.3400201546936392e-10,4.1162706770458645e-19,1.6999379606197527e-06,1.111601829868552e-08,5.434265108678687e-06,1.4460740809593355e-13,0.1893659156571503,1.2244466104091778e-18,3.1418821794958974e-08,1.4880702145104514e-06,4.9959263842348927e-08,2.0605370283351452e-07
0.012352941176470589,0.411764705882353,598.5788558511973,0.36776189420446515,0.0015398279670871726,1.3134051319962237e-10,3.698414781795689e-11,0.0014281990858115347,3.526449728130746e-11,0.043307047178041194,6.974684898370803e-08,1.949930364252837e-08,5.068044339213042e-25,3.785015184813336e-20,4.090122373113579e-12,2.1702124065809296e-16,1.7845488984838457e-06,0.6969824086082635,0.016035919824871438,0.02749265075719221,3.661654816117458e-10,2.6373552761503575e-05,2.0115473023911193e-12,8.709185213409592e-09,4.933992041400159e-06,8.424968365294809e-17,0.0022406716217576684,5.306451428510732e-10,0.0012430797174425912,1.338861913822831e-07,0.0005652400144492265,1.0560499254408626e-10,5.156882187197327e-05,2.8145210353261836e-06,7.526928962013715e-15,1.8068735859854656e-11,4.319036548188478e-11,2.548566395680856e-06,4.002197659088348e-17,2.3828779900465826e-05,2.452508603572275e-07,3.1828453838909585e-08,2.721977575508292e-10,9.532546380974112e-18,1.9166975167251165e-05,1.2556438636119608e-10,5.595223129534523e-19,1.897412115595555e-06,1.240738950479785e-08,6.065548314748671e-06,1.869312354838956e-13,0.20902142573365673,1.1782561039003934e-18,3.503372828286839e-08,1.7009314256919025e-06,5.537232405921228e-08,2.3240193858076497e-07
0.012390488110137671,0.4130162703379224,626.5811572148767,0.3556031042018561,0.0015912227884498206,1.7188685651047017e-10,4.0482271240788016e-11,0.001553810893698615,3.9473601567101546e-11,0.04668191013620227,7.849628759471049e-08,2.1224466653153076e-08,9.783773015563837e-25,6.015635489657357e-20,4.7280178792179424e-12,3.5640091940315574e-16,2.1161997561608047e-06,0.6687559194838735,0.017472717971378473,0.030407233189962093,4.2359576274451113e-10,2.9105016357251982e-05,2.9509540405837394e-12,7.822175597268448e-09,5.446601954281121e-06,1.731173294045167e-16,0.002471605077474065,7.153335776506829e-10,0.0013729660565620254,1.515290691133749e-07,0.0006280632035532093,1.3223836627281053e-10,5.7534492059243627e-05,3.1399737955470583e-06,1.0181608167530357e-14,2.328103462053071e-11,4.6966516101061437e-11,2.7550574711625546e-06,7.659242251196055e-17,2.596730622865425e-05,2.6124002653210405e-07,3.517419920929062e-08,2.8761890090983953e-10,1.7429775277329916e-17,2.1171818680294737e-05,1.1229164163175864e-10,7.5886209623196405e-19,2.097604171863247e-06,1.3716569306919627e-08,6.705515118590857e-06,2.4212296686552856e-13,0.22890566384874636,1.131164773896721e-18,3.7468525520133294e-08,1.920031306915025e-06,5.976065108824263e-08,2.5925279889937993e-07
0.012428035043804755,0.4142678347934919,655.7431246121535,0.3446266131110221,0.0016379298541198146,2.2732523842225278e-10,4.3971358179179677e-11,0.001679060617782903,4.442008145594515e-11,0.049961816021742184,8.746674726238077e-08,2.2945129643864405e-08,1.845291485773048e-24,9.6009052369403e-20,5.409315896545517e-12,5.906481287317272e-16,2.527042013175741e-06,0.6402342567731863,0.018909126855699055,0.03338399906724006,4.843338706066416e-10,3.186780996140289e-05,4.394826351237699e-12,6.712787608090826e-09,5.96375363734045e-06,3.3851850388852097e-16,0.0027061186303639307,9.676958541574706e-10,0.0015049720302894457,1.7041319219984328e-07,0.0006924590946435096,1.667002767526562e-10,6.368242722966383e-05,3.475319840300115e-06,1.3987589107267614e-14,2.999394363270201e-11,5.1236153949664184e-11,2.9571575759050778e-06,1.423736204139857e-16,2.8106228205286345e-05,2.7463079189584415e-07,3.857472689122956e-08,3.0090204902275977e-10,3.130460114189674e-17,2.3201632958002177e-05,9.213252010838978e-11,1.0314713730678776e-18,2.3016671784557737e-06,1.50511128669944e-08,7.357849470775343e-06,3.156417130260337e-13,0.24911566614000222,1.0827904528548694e-18,3.822256109738951e-08,2.1480165666823703e-06,6.268950963763241e-08,2.86819518456002e-07
0.01246558197747184,0.41551939924906134,684.9050920094302,0.3336501220201881,0.0016846369197898088,2.8276362033403534e-10,4.7460445117571344e-11,0.001804310341867191,4.936656134478875e-11,0.05324172190728209,9.643720693005105e-08,2.4665792634575733e-08,2.7122056699897122e-24,1.3186174984223243e-19,6.090613913873091e-12,8.248953380602986e-16,2.937884270190678e-06,0.6117125940624993,0.020345535740019637,0.03636076494451802,5.450719784687721e-10,3.4630603565553804e-05,5.838698661891658e-12,5.603399618913205e-09,6.48090532039978e-06,5.039196783725252e-16,0.002940632183253796,1.2200581306642585e-09,0.0016369780040168661,1.8929731528631168e-07,0.0007568549857338097,2.0116218723250187e-10,6.983036240008402e-05,3.8106658850531725e-06,1.779357004700487e-14,3.6706852644873315e-11,5.550579179826693e-11,3.159257680647601e-06,2.0815481831601085e-16,3.0245150181918435e-05,2.8802155725958425e-07,4.1975254573168506e-08,3.1418519713567997e-10,4.5179427006463565e-17,2.523144723570962e-05,7.197339858502092e-11,1.3040806499037913e-18,2.5057301850483005e-06,1.6385656427069176e-08,8.010183822959829e-06,3.891604591865387e-13,0.26932566843125805,1.0344161318130179e-18,3.8976596674645724e-08,2.3760018264497163e-06,6.56183681870222e-08,3.143862380126241e-07
0.012503128911138923,0.4167709637046308,715.4746973061527,0.3242208127486553,0.0017247100820857158,3.753550199258452e-10,5.1186112894831157e-11,0.0019246190343875794,5.719179084386774e-11,0.056281120728740516,1.0444824358227639e-07,2.631428565765977e-08,5.947041738537919e-24,2.1897339698601108e-19,6.849270387364792e-12,1.4833504267558258e-15,3.5344952373506155e-06,0.5837827722346187,0.021729339150863967,0.03930208468739378,5.985750097857558e-10,3.731575011949995e-05,9.099259962341073e-12,4.6740811101271065e-09,6.98081135528896e-06,1.1712284024800929e-15,0.0031704602247639583,1.62557731265742e-09,0.0017664020381457743,2.0835422818724354e-07,0.0008205046891273167,2.5786763323839995e-10,7.595660487888284e-05,4.144783888105972e-06,2.5190006143811763e-14,4.5956476039589986e-11,6.127227719833252e-11,3.3483694663261775e-06,4.1682929133184406e-16,3.23080510261085e-05,2.9610820188861677e-07,4.529773084786505e-08,3.262317314915201e-10,9.509702104594015e-17,2.720824781810104e-05,5.46111558930631e-11,1.7480522809946406e-18,2.706734992069545e-06,1.770034551298111e-08,8.652693403729555e-06,5.102345927490257e-13,0.28929208288668784,9.865610339591473e-19,3.469575686379077e-08,2.601323025285789e-06,6.375529679284174e-08,3.414491013452973e-07
0.012540675844806008,0.41802252816020025,746.1740166755204,0.31493407654579525,0.0017641719290536354,4.713700764369761e-10,5.493358163676484e-11,0.002044472410006175,6.528229761078423e-11,0.05929835678320167,1.1237086923990438e-07,2.7956128205911258e-08,9.400082212809587e-24,3.108085650892304e-19,7.615055455793121e-12,2.180896343925454e-15,4.148224822851565e-06,0.5559074886450854,0.02310829495835042,0.042240138062935556,6.514113275644492e-10,3.999374148451938e-05,1.2527229463215383e-11,3.7613560346876725e-09,7.479128200756317e-06,1.88478799293524e-15,0.0033998564956009055,2.0452099296271464e-09,0.0018955881461000757,2.274270636990645e-07,0.0008840856311972284,3.166228248388496e-10,8.208084837244692e-05,4.47878872690653e-06,3.291730329604839e-14,5.5439858097544705e-11,6.71766973557002e-11,3.5362843761865747e-06,6.38671404033937e-16,3.436394650997113e-05,3.037060708868057e-07,4.861301467206485e-08,3.3816431167861904e-10,1.4833596232337885e-16,2.918016317942238e-05,3.750664606270296e-11,2.2078149822728097e-18,2.9074579854784183e-06,1.9013205005710804e-08,9.29429763013683e-06,6.356909633758605e-13,0.3092360506814783,9.38753782610654e-19,2.995095242672747e-08,2.826398730452427e-06,6.145064823662566e-08,3.684655342409513e-07
0.012578222778473092,0.41927409261576976,777.3638420073071,0.3062197864673989,0.0018010747131901063,5.950946323377421e-10,5.937249922861534e-11,0.0021608754326457526,7.770500253658183e-11,0.062188745662813454,1.1933164354763547e-07,2.953779986574759e-08,1.7446834441470676e-23,4.679637029855294e-19,8.535721782084096e-12,3.4821515728773312e-15,4.891064116134237e-06,0.5286376322912121,0.024448614009260506,0.04511879654013823,7.040524588614409e-10,4.259765245733207e-05,1.7819072956682827e-11,3.0118128942672937e-09,7.962703455132318e-06,3.715146068151224e-15,0.003623911608810365,2.581251685562855e-09,0.0020217573967308035,2.4540334018996266e-07,0.0009462280001257576,3.967644216986505e-10,8.809108461452018e-05,4.806668446165244e-06,4.410228538280949e-14,6.594844252714041e-11,7.43084784247904e-11,3.7169712362865127e-06,1.0375655680176423e-15,3.6363606386417625e-05,3.087459200931296e-07,5.183903138651967e-08,3.5150544544913383e-10,2.7864228642825344e-16,3.110037063923403e-05,2.466561816469276e-11,2.8096336574569455e-18,3.1038817992927733e-06,2.029808953769994e-08,9.922104396736777e-06,8.032905226108523e-13,0.3288155052557971,8.920185919373553e-19,2.4764355300113888e-08,3.0434934845465254e-06,5.674471251318924e-08,3.946825621865623e-07
0.012615769712140176,0.4205256570713392,809.2345188988693,0.29830008578564604,0.0018344253653366559,7.572816276897952e-10,6.477118910467881e-11,0.0022724891593592297,9.614105714560294e-11,0.06490306309076865,1.249573107577484e-07,3.103595074017183e-08,3.1869932836672744e-23,7.157868586543185e-19,9.671372540930694e-12,5.621391368929998e-15,5.813115391860204e-06,0.5022081450853442,0.025735302935370553,0.04791501135248215,7.564226596689063e-10,4.509873542305181e-05,2.5698084827928977e-11,2.4887760218584554e-09,8.425816500978526e-06,7.09568711475176e-15,0.0038405528763577894,3.2788762761826993e-09,0.0021437390692855256,2.6185752729360964e-07,0.001006373543649084,5.065916258587471e-10,9.39430719851211e-05,5.1260461338211e-06,6.008674058764221e-14,7.788006905468562e-11,8.314390971462992e-11,3.887625131793575e-06,1.6822185494519608e-15,3.828520788242081e-05,3.1023508511074507e-07,5.494114002326874e-08,3.668017356861812e-10,5.159227389353971e-16,3.2948804444711335e-05,1.774255772501944e-11,3.608634505376242e-18,3.2943380951624984e-06,2.1544143154034265e-08,1.0530759465395204e-05,1.0293873436452302e-12,0.34788899371811793,8.467714854848495e-19,1.8964523544721533e-08,3.2495102020772485e-06,4.870564684122286e-08,4.197899683358449e-07
0.01265331664580726,0.42177722152690866,841.1051957904314,0.29038038510389325,0.0018677760174832054,9.194686230418483e-10,7.016987898074228e-11,0.0023841028860727073,1.1457711175462404e-10,0.06761738051872385,1.3058297796786134e-07,3.2534101614596076e-08,4.6293031231874816e-23,9.636100143231076e-19,1.0807023299777295e-11,7.760631164982665e-15,6.735166667586171e-06,0.4757786578794764,0.027021991861480604,0.050711226164826075,8.087928604763717e-10,4.7599818388771555e-05,3.357709669917513e-11,1.965739149449617e-09,8.888929546824735e-06,1.0476228161352297e-14,0.004057194143905213,3.976500866802543e-09,0.0022657207418402482,2.7831171439725663e-07,0.0010665190871724105,6.164188300188436e-10,9.979505935572201e-05,5.445423821476957e-06,7.607119579247491e-14,8.981169558223084e-11,9.197934100446943e-11,4.0582790273006366e-06,2.326871530886279e-15,4.0206809378423984e-05,3.1172425012836054e-07,5.8043248660017825e-08,3.8209802592322863e-10,7.532031914425409e-16,3.479723825018865e-05,1.0819497285346119e-11,4.407635353295539e-18,3.4847943910322234e-06,2.2790196770368588e-08,1.1139414534053632e-05,1.255484164679608e-12,0.36696248218043875,8.015243790323438e-19,1.3164691789329178e-08,3.455526919607971e-06,4.0666581169256484e-08,4.4489737448512745e-07
0.012690863579474344,0.4230287859824781,873.7504383209663,0.28347332163645167,0.0018966088248361154,1.1863883008500155e-09,7.987069844671252e-11,0.002486962060409164,1.64657209850401e-10,0.07005329274557917,1.3346273043544e-07,3.379559872128027e-08,1.146612712446468e-22,1.7240497646830255e-18,1.3075496312593259e-11,1.474068459897201e-14,8.095796245262427e-06,0.45111976754488825,0.02820858360712765,0.0533200219774596,8.897368834704568e-10,4.989296727557071e-05,4.997331557635888e-11,1.6780543011094375e-09,9.312406917578141e-06,2.7494391065788667e-14,0.004258167223050634,5.196142790920518e-09,0.0023788143598804544,2.8903532573931787e-07,0.001121901324955064,8.290099582882246e-10,0.0001052485174057887,5.7439685890855536e-06,1.0895067398540501e-13,1.0351721403190508e-10,1.0544195732248639e-10,4.212558189157034e-06,3.937724645128504e-15,4.19823285442889e-05,3.0810633703208865e-07,6.087877712131985e-08,4.0496272899259703e-10,1.7939827717145816e-15,3.650061111692066e-05,8.33192932869655e-12,5.871399752046604e-18,3.6621120155414833e-06,2.3951035944976067e-08,1.1705844102972924e-05,1.6823588433656398e-12,0.38487452006567896,7.597406222327735e-19,1.031061792988888e-08,3.6325541078919933e-06,3.237621410659112e-08,4.6765310025356006e-07
0.012728410513141428,0.4242803504380476,906.4613220073463,0.2766520748820873,0.0019250587639861743,1.4621836297137865e-09,8.993610516606475e-11,0.0025890793235272287,2.174190065467508e-10,0.07246561131132431,1.361097782638208e-07,3.503704042391869e-08,1.8760113342839974e-22,2.527931599338806e-18,1.543997121133884e-11,2.2130976476854335e-14,9.493593475646338e-06,0.42661092779261195,0.02938669254087105,0.05591293482401598,9.731024168193403e-10,5.216849463025795e-05,6.70913316574357e-11,1.4103145395547395e-09,9.732525332815209e-06,4.5668284636143444e-14,0.004457812489619613,6.460023472114611e-09,0.0024911547529618033,2.9927329506768534e-07,0.0011768798927596943,1.0503098936855119e-09,0.00011066820178462367,6.04074785499523e-06,1.4326193378749602e-13,1.1737306230548855e-10,1.1929670796492522e-10,4.365449661721002e-06,5.630459126557848e-15,4.3745467851667525e-05,3.0405562070582634e-07,6.369171404232975e-08,4.284688229799588e-10,2.9028554984073837e-15,3.8191690683759e-05,6.220250565523605e-12,7.39150004493596e-18,3.83831619332528e-06,2.5104653556725336e-08,1.2268695239710934e-05,2.1262485947340165e-12,0.40268812993591235,7.1825036964107915e-19,7.706184570105563e-09,3.8071245564093457e-06,2.4064550315900418e-08,4.90209531074463e-07
0.01276595744680851,0.425531914893617,939.3962085637289,0.2702090800191652,0.0019518964105426763,1.8270398815453405e-09,1.0433812990139457e-10,0.0026870889108019827,3.1549702202782775e-10,0.07475966914530506,1.3756195409368824e-07,3.6060585147219234e-08,4.308334739296719e-22,4.381092499972184e-18,1.9291782910964567e-11,3.837412495587868e-14,1.1208913803067996e-05,0.40301196154331664,0.03051723735151719,0.05840753180961514,1.0826068815169506e-09,5.434166028772749e-05,9.124992935305188e-11,1.1981274990438234e-09,1.0133595691070458e-05,9.770477185343823e-14,0.004649537859943911,8.241043626406674e-09,0.002598993129466739,3.0593013430327437e-07,0.0012292068948232164,1.3733802182418808e-09,0.00011586939157630324,6.3264472727063735e-06,1.9466127972245063e-13,1.3194010673075868e-10,1.3679558419997207e-10,4.511218668885892e-06,8.390364181405182e-15,4.543902684279049e-05,2.9813234187337144e-07,6.636749938410496e-08,4.5668083075123323e-10,5.59628555287379e-15,3.9811397044195e-05,4.698938951916795e-12,9.631912520541505e-18,4.007749437534857e-06,2.621474210757186e-08,1.2809732749489707e-05,2.7753608718994545e-12,0.41987703211965666,6.785875040158839e-19,5.781614678838769e-09,3.964950999829383e-06,1.759613579273129e-08,5.116933333546385e-07
0.012803504380475594,0.4267834793491865,972.6341578265891,0.2642778377152526,0.0019765527200608394,2.3123903232745354e-09,1.2460734371716683e-10,0.0027795410542887375,4.748852158647288e-10,0.0768937271657224,1.3739753839615529e-07,3.678932807494508e-08,9.044615203899902e-22,7.653866254575594e-18,2.5155873811781704e-11,6.659466765998049e-14,1.3353824202952714e-05,0.3806440006215815,0.03158343070150245,0.06076911321862539,1.227475782745206e-09,5.6376336590138015e-05,1.2493401982128367e-10,1.0611000222980083e-09,1.0508895148703288e-05,1.9555535635777968e-13,0.004830548076525424,1.0721723067831551e-08,0.002700740542368303,3.077419151780458e-07,0.0012779464844134797,1.8341398928370555e-09,0.00012077497104418489,6.597156307560709e-06,2.6917980101364033e-13,1.4746935771419471e-10,1.5922474800149096e-10,4.6473513993343935e-06,1.2594088247347887e-14,4.703844775897951e-05,2.896755961207729e-07,6.885772670691585e-08,4.912596630536872e-10,1.0433528462563815e-14,4.133453965479271e-05,3.976359364193496e-12,1.2846865008057526e-17,4.168022006908741e-06,2.7265938399550088e-08,1.3321257705147215e-05,3.702127154555131e-12,0.4362207415510941,6.413969854630068e-19,4.77686006850598e-09,4.100123789294244e-06,1.3621529102090896e-08,5.317259323150085e-07
0.012841051314142678,0.42803504380475593,1005.8721070894494,0.2583465954113399,0.002001209029579002,2.79774076500373e-09,1.448765575329391e-10,0.0028719931977754924,6.342734097016299e-10,0.07902778518613975,1.372331226986223e-07,3.7518071002670925e-08,1.3780895668503084e-21,1.0926640009179004e-17,3.101996471259885e-11,9.481521036408232e-14,1.5498734602837432e-05,0.3582760396998463,0.03264962405148771,0.06313069462763564,1.3723446839734617e-09,5.841101289254855e-05,1.5861811028951544e-10,9.240725455521935e-10,1.0884194606336116e-05,2.9340594086212113e-13,0.005011558293106937,1.3202402509256426e-08,0.0028024879552698673,3.0955369605281714e-07,0.0013266860740037427,2.2948995674322303e-09,0.00012568055051206652,6.867865342415043e-06,3.4369832230482997e-13,1.6299860869763077e-10,1.816539118030099e-10,4.783484129782896e-06,1.679781231329059e-14,4.863786867516853e-05,2.812188503681744e-07,7.134795402972673e-08,5.258384953561413e-10,1.5270771372253838e-14,4.285768226539042e-05,3.2537797764701966e-12,1.606181749557355e-17,4.328294576282625e-06,2.831713469152831e-08,1.3832782660804722e-05,4.628893437210808e-12,0.4525644509825315,6.042064669101296e-19,3.772105458173192e-09,4.235296578759105e-06,9.646922411450501e-09,5.517585312753784e-07
0.012878598247809762,0.42928660826032544,1039.4824820570186,0.2530622120633308,0.0020231847614705454,3.645351902080432e-09,1.8317068123181687e-10,0.0029560011580097704,1.0839820799170577e-09,0.08093601082373762,1.35705225258073e-07,3.737356811649994e-08,4.7655388471332135e-21,2.6151444394448302e-17,4.608595548034429e-11,2.012199209285546e-13,1.873379361926658e-05,0.33790902712614534,0.033617164609578164,0.06527631269837013,1.601821466994196e-09,6.0232574474551075e-05,2.147311117605004e-10,8.533241663377731e-10,1.1220303594465147e-05,7.487062173898632e-13,0.0051755818051774805,1.7871474671753452e-08,0.002894542666789294,3.079757619546295e-07,0.0013690586468121523,3.2131492108613624e-09,0.00013009586900215728,7.114722725411041e-06,4.923162556982174e-13,1.802124047800372e-10,2.178443030063135e-10,4.905744486497496e-06,2.6449443470887375e-14,5.009258002157125e-05,2.6998561984159017e-07,7.353971146139565e-08,5.712224367077564e-10,3.3151336303768375e-14,4.423079198307552e-05,2.980201393740615e-12,2.3470643767783344e-17,4.473887001961509e-06,2.927591538731607e-08,1.4296833558938438e-05,6.519474249201298e-12,0.4674919219454676,5.710193193206964e-19,3.2796729313513953e-09,4.3317410827713956e-06,8.09310332870316e-09,5.697132494904603e-07
0.012916145181476846,0.4305381727158949,1073.121698072427,0.24782792216981925,0.0020449529065425186,4.5210168977194134e-09,2.2286067337282138e-10,0.0030393551915948664,1.5561734806264572e-09,0.08282674775828885,1.340717383222732e-07,3.716144013362984e-08,8.378637583234145e-21,4.23018269093656e-17,6.186455128828993e-11,3.136792976909712e-13,2.2053274919131877e-05,0.31769697014842024,0.034577065389171706,0.06740520633550076,1.8378503755409504e-09,6.203763222298664e-05,2.7258103226536945e-10,7.877085118480087e-10,1.155337763041038e-05,1.231687783198893e-12,0.005338289848548521,2.2710018324434605e-08,0.0029858467650703724,3.0613532467671764e-07,0.0014109381509808895,4.166827370395499e-09,0.00013447322115390058,7.359733010788379e-06,6.466725274025525e-13,1.9755665384990607e-10,2.5510037848652357e-10,5.026930551643476e-06,3.652296642346095e-14,5.1536084902973685e-05,2.585373753426096e-07,7.570835506311079e-08,6.174431373460073e-10,5.204199014606446e-14,4.5592282991881854e-05,2.7413941480981073e-12,3.120424814453188e-17,4.6183425814956605e-06,3.0227539319762475e-08,1.4757208014907011e-05,8.484693896796878e-12,0.4823097178754895,5.381421970920688e-19,2.826915178673568e-09,4.4251864266307915e-06,6.7267526465671634e-09,5.875070543818329e-07
0.01295369211514393,0.43178973717146435,1106.774759731938,0.24279914544378664,0.0020659823251909285,5.631690279150046e-09,2.7409435286747047e-10,0.003120014906612147,2.268346140650581e-09,0.08464876602213015,1.3262288875377623e-07,3.650899053132102e-08,1.88969962848073e-20,7.627250223055662e-17,8.627448180924091e-11,5.127510779295459e-13,2.6000954743514457e-05,0.2981548616469361,0.03550523035718263,0.06946242806241136,2.1234189287562497e-09,6.377651271560248e-05,3.4132131666297774e-10,7.416841802027333e-10,1.1874196369406758e-05,2.121148178653693e-12,0.005495440098669681,2.8855623153860503e-08,0.0030739469289088814,3.070830394513715e-07,0.0014503550345059974,5.4500558384267635e-09,0.00013868258542124116,7.597352366023626e-06,8.462023548759661e-13,2.1566730259345328e-10,3.0126189923332903e-10,5.14382431713072e-06,5.053086378024632e-14,5.293295213831129e-05,2.465119253449914e-07,7.777752291578923e-08,6.676953867370649e-10,8.386858653302567e-14,4.690535402288928e-05,2.6024980222580675e-12,4.34355486334576e-17,4.757978097503143e-06,3.11503813022942e-08,1.5201891249818295e-05,1.118098840222288e-11,0.4966441044205042,5.065901992702016e-19,2.4641311111063843e-09,4.505012157432108e-06,5.690765988939743e-09,6.046817392834472e-07
0.012991239048811014,0.4330413016270338,1140.435882138849,0.23809261016717193,0.00208586622845824,7.149104316883307e-09,3.452038274766932e-10,0.003196405739094751,3.4253419729794706e-09,0.08636259406134945,1.3155527263245065e-07,3.5153868323237635e-08,4.723550217621048e-20,1.5039617701235803e-16,1.2716649474832912e-10,8.862035618511196e-13,3.100056797439664e-05,0.2796803127323166,0.036383064329099726,0.07140550941652611,2.4916484697436768e-09,6.541113404851139e-05,4.280377174039363e-10,7.259835649550872e-10,1.2175646508807684e-05,3.8253137418292155e-12,0.005643755185739023,3.719733211060328e-08,0.003156946269876505,3.130142643128306e-07,0.0014857841243455802,7.306844913053123e-09,0.0001426233546500999,7.823313588406218e-06,1.1212918346432696e-12,2.3502929314505717e-10,3.625700429122589e-10,5.253943618833633e-06,7.160119699557585e-14,5.425584221569524e-05,2.3361960649761444e-07,7.96885227825458e-08,7.243701564101181e-10,1.4044892716841549e-13,4.814157955917818e-05,2.6174545964848158e-12,6.437628668654567e-17,4.889946109131503e-06,3.202779883563348e-08,1.5621598055107087e-05,1.5153670675272928e-11,0.5102064881535969,4.771448470321932e-19,2.23385118418943e-09,4.563041498708018e-06,5.131772385416502e-09,6.208815659982283e-07
0.013028785982478098,0.4342928660826033,1174.0514121329852,0.2336149537466601,0.002104984616194646,9.099231838948317e-09,4.37105957366181e-10,0.0032695981991717024,5.155966660058253e-09,0.08799792179822352,1.3110330437264243e-07,3.325358081221384e-08,1.1452280208504034e-19,2.989506824650447e-16,1.9085025737492362e-10,1.5285439852211594e-12,3.699897576281604e-05,0.262028278989435,0.037223007532357535,0.07326090311921238,2.9373271321261926e-09,6.696984479550235e-05,5.309066044245073e-10,7.303352382623049e-10,1.2462766373724002e-05,6.774954153042142e-12,0.005785341364730897,4.765025710322705e-08,0.0032360327478419674,3.247851284490041e-07,0.0015179053972103958,9.784691064093758e-09,0.0001463538251335959,8.040733933543513e-06,1.467826394630033e-12,2.554667094563497e-10,4.3908434603358577e-10,5.359085011837562e-06,1.0104678622572299e-13,5.552299239342485e-05,2.2025512675780913e-07,8.147894061238204e-08,7.859868299137203e-10,2.3141896867891633e-13,4.9319750919259574e-05,2.7311368566462757e-12,9.77335517198232e-17,5.016055586496934e-06,3.2871844294685914e-08,1.6022163013250183e-05,2.0521987738552592e-11,0.5231678112384556,4.493043347909348e-19,2.065451515933891e-09,4.60393123085101e-06,4.757373520530614e-09,6.363736100156626e-07
0.013066332916145182,0.43554443053817277,1207.5463280063022,0.2293810076702941,0.0021233450399110168,1.1762473378276957e-08,5.634053793722625e-10,0.003339354688471795,7.973589019015634e-09,0.08955071145535543,1.317210709496332e-07,3.082971898070314e-08,3.4902356456945336e-19,6.84270509608158e-16,3.041121838672596e-10,2.8111328558562578e-12,4.4478432509360144e-05,0.2452811889747428,0.03802197859820834,0.07502030129311846,3.5025956245653494e-09,6.845242237636496e-05,6.579481791140965e-10,7.604435553097441e-10,1.2734953749319332e-05,1.2545864009914734e-11,0.00591959836783527,6.11284060837466e-08,0.003310800774170591,3.45956112300077e-07,0.0015459157341079209,1.3327867820534464e-08,0.00014984683423275173,8.249716567933877e-06,1.913294202019764e-12,2.773525780907038e-10,5.399121975183312e-10,5.458922678326176e-06,1.452801055385498e-13,5.672988833852637e-05,2.0657167112465567e-07,8.313736067921091e-08,8.535771931917139e-10,3.937327811619967e-13,5.043512941025187e-05,2.9684486699398074e-12,1.608722948205209e-16,5.135788444121662e-06,3.368238031760959e-08,1.6401779570081653e-05,2.8317646641063744e-11,0.5354626653491261,4.2320862227271816e-19,1.9506662154776443e-09,4.624732107769539e-06,4.516675970035642e-09,6.51164370244773e-07
0.013103879849812266,0.4367959949937422,1240.8958411263698,0.22533115788878763,0.0021411692236775557,1.5231831585366503e-08,7.2948447264618e-10,0.003406510617650521,1.2182921490710256e-08,0.09104201239325131,1.3340969542372406e-07,2.8136816566312064e-08,1.0668036569789833e-18,1.5810642336384645e-15,4.899053933429493e-10,5.1178155161332805e-12,5.3473308286804316e-05,0.22923390940414962,0.038789691748392134,0.07670578457690383,4.195897341484685e-09,6.988347757018047e-05,8.113268890751335e-10,8.153795403876476e-10,1.2996321789062514e-05,2.2535098177977148e-11,0.006048225864766985,7.760147407200994e-08,0.0033821936766375562,3.7686748186792695e-07,0.0015702933896082516,1.8119766571656065e-08,0.00015315056118688576,8.453149459439913e-06,2.4491245151720754e-12,3.0063148310444503e-10,6.675460144068386e-10,5.554750561827047e-06,2.073410231102177e-13,5.7890887942937713e-05,1.9276968969755565e-07,8.469415576585696e-08,9.264482491272558e-10,6.544614593408133e-13,5.150259679919557e-05,3.3226651937107964e-12,2.725306760457636e-16,5.2506386891092124e-06,3.447022754614569e-08,1.676525409975352e-05,3.898256143438289e-11,0.5472390053940264,3.984465183833659e-19,1.8712536446369146e-09,4.628652706478394e-06,4.358819296993936e-09,6.654865771956634e-07
0.013141426783479349,0.4380475594493116,1274.0656168772166,0.2214573766716763,0.002158503355250763,1.9748365012625985e-08,9.488756059484626e-10,0.0034711858198055463,1.8373437713119277e-08,0.09247515722741412,1.3629467197274427e-07,2.531942354528298e-08,3.1715208101502753e-18,3.61445972945319e-15,7.903682192286912e-10,9.169517322505885e-12,6.428276076889778e-05,0.2138651646581461,0.039527352856947265,0.07831980737246731,5.049127605342585e-09,7.127173774243808e-05,9.98717738786277e-10,8.99867559122067e-10,1.3247845440364606e-05,3.92599061503171e-11,0.006171409088834094,9.762450049984118e-08,0.003450264781712786,4.1953860052565447e-07,0.0015907284996236608,2.4578676463156812e-08,0.0001562658966048353,8.652159843311243e-06,3.081274947956468e-12,3.255357740516669e-10,8.29298753774145e-10,5.64673494007848e-06,2.93706054399653e-13,5.900787082843755e-05,1.7893725175255692e-07,8.61527656560736e-08,1.0051467168550604e-09,1.0631675514760465e-12,5.2523985245975576e-05,3.813710618143528e-12,4.693660400629779e-16,5.360788586636778e-06,3.5239236427366865e-08,1.7113101024592948e-05,5.3492428857613085e-11,0.5585107003432349,3.7496597442765383e-19,1.8234648729442348e-09,4.614914996588508e-06,4.274911686520804e-09,6.794243637316156e-07
0.013178973717146433,0.43929912390488113,1307.0219724280544,0.2177520231527454,0.002175389218388345,2.5609236497320708e-08,1.239055756409603e-09,0.0035335005712609086,2.73135761837055e-08,0.09385332752532827,1.4048920419383556e-07,2.2526655038629986e-08,8.749553615644985e-18,7.955332651336393e-15,1.2644969901771798e-09,1.6042622590286543e-11,7.724757089247448e-05,0.19915348207621686,0.04023613845711965,0.07986482194210316,6.100644155247025e-09,7.262710424975998e-05,1.229907174650603e-09,1.0199109134583563e-09,1.3490573190891735e-05,6.625633622982292e-11,0.0062893238428143325,1.218761556658989e-07,0.0035150515887983993,4.7638788581814785e-07,0.0016068634389471027,3.322858864241619e-08,0.00015919355646679465,8.848036314076494e-06,3.81437654654068e-12,3.523496475401849e-10,1.0340218436640708e-09,5.7350277845999536e-06,4.1261103028805053e-13,6.0082715701468845e-05,1.6515603003782752e-07,8.751669538701644e-08,1.0903665549149893e-09,1.6867571955745393e-12,5.3501066882363066e-05,4.466358080645751e-12,8.087335608302903e-16,5.466419576022881e-06,3.599379326842726e-08,1.7445826159358105e-05,7.306804226479061e-11,0.569292032152523,3.527149202976235e-19,1.8044504813556839e-09,4.582629496261471e-06,4.259941445872151e-09,6.930723611397957e-07
0.013216520650813517,0.4405506883604506,1339.708372743322,0.2142197436490816,0.002191835284441388,3.337036567862683e-08,1.633208018885333e-09,0.0035934143251799707,4.0443072766652905e-08,0.09517579426736877,1.462173526414184e-07,1.9939571317155603e-08,2.276752209628736e-17,1.7174957356619524e-14,2.0254961928210857e-09,2.7866367043094752e-11,9.301406513906936e-05,0.1851246772104677,0.040915139707508055,0.08133832002981398,7.422767496483473e-09,7.3960794011651e-05,1.523605218164464e-09,1.187609594119346e-09,1.3725192003194964e-05,1.1031618834246509e-10,0.006401749988044894,1.5171394028173282e-07,0.0035763138209004585,5.521260573583109e-07,0.0016178526120144388,4.5047180963834275e-08,0.00016191933916846125,9.04234303793872e-06,4.6599201606418675e-12,3.8165112098791814e-10,1.2982709521348671e-09,5.819498634893655e-06,5.794487424264681e-13,6.111435950939793e-05,1.515197399925591e-07,8.878279263018839e-08,1.18369572773183e-09,2.6518213343387454e-12,5.443238055424896e-05,5.3308374727331056e-12,1.406957264210108e-15,5.5673914167171934e-06,3.6738904328910396e-08,1.7762829204348387e-05,9.998230527275431e-11,0.5795620200297205,3.317278833293709e-19,1.8142666662865733e-09,4.52910925159688e-06,4.318311089406039e-09,7.065386419793355e-07
0.0132540675844806,0.44180225281602004,1372.0224902450145,0.2108760200914318,0.002207822375654991,4.436494109398307e-08,2.2161714131118507e-09,0.003650776080341835,6.150559690322808e-08,0.0964387150452894,1.5389025088636817e-07,1.7791254758690652e-08,7.414465464346202e-17,4.268990285629916e-14,3.396523523460356e-09,5.1369769620469756e-11,0.00011295147661251478,0.17184780605962005,0.04156158149621212,0.08273331196292674,9.181849047758817e-09,7.529701150892269e-05,1.926682189313797e-09,1.4319412828531085e-09,1.395294024886491e-05,1.9106015576088072e-10,0.006508050961762896,1.9036109640634002e-07,0.0036334194361095215,6.577890066676582e-07,0.0016218848731258558,6.242346813494084e-08,0.0001644120034935915,9.238504269065705e-06,5.6369303730845895e-12,4.1481094021188416e-10,1.6607253504026933e-09,5.899720006267979e-06,8.328680250953931e-13,6.209945700413583e-05,1.3817555990742393e-07,8.994251553760385e-08,1.2889088537604618e-09,4.303931170273499e-12,5.5313434336066066e-05,6.5221756629332366e-12,2.6655752264184077e-15,5.66328167397846e-06,3.7485519215097325e-08,1.8062451983427747e-05,1.3979045324503616e-10,0.5892670902959373,3.121121686643665e-19,1.8563769509184205e-09,4.4491442774737895e-06,4.4688049336055475e-09,7.200551915948641e-07
0.013291614518147685,0.4430538172715895,1403.9974281307252,0.20767476031634727,0.002223466450469774,5.9043314309247245e-08,3.0284906262016415e-09,0.003706281416691716,9.251480022063747e-08,0.09765741272052542,1.632370256956954e-07,1.6056473401031422e-08,2.2823313992079244e-16,1.0328323794661921e-13,5.608535031533736e-09,9.275047305571057e-11,0.00013703732766460826,0.15914283138707894,0.04218335604679903,0.08406872726300296,1.14149407979264e-08,7.666176440672702e-05,2.4591896772063438e-09,1.7600372915188634e-09,1.4177450160450942e-05,3.2324554064864844e-10,0.006609566250695923,2.384862224260485e-07,0.003687045796141694,7.956127309364657e-07,0.001619488799040097,8.630086314110127e-08,0.00016672018249987326,9.439707085995113e-06,6.7191338755690006e-12,4.521090769994761e-10,2.1321572278459366e-09,5.9766209973652935e-06,1.1905424493797192e-12,6.305010162251959e-05,1.2514996845227821e-07,9.102298214915752e-08,1.4062853719339484e-09,6.861671872430455e-12,5.615609220247782e-05,8.054378174786333e-12,5.026341060819585e-15,5.755332788452487e-06,3.8245450944652906e-08,1.8348751241043075e-05,1.9469244398556504e-10,0.5985416781692442,2.935248084255161e-19,1.924800361355604e-09,4.34733632762223e-06,4.703038787458653e-09,7.338635188507356e-07
0.013329161451814769,0.444305381727159,1435.6604934805243,0.20459229716009134,0.0022388173593359557,7.76933054859845e-08,4.096190554231955e-09,0.003760325052850439,1.3463265271150857e-07,0.09884007648362998,1.7411054001815363e-07,1.4677234661993274e-08,5.899090860936081e-16,2.1764461703060055e-13,8.826185292751539e-09,1.5651514617106033e-10,0.00016522066903412478,0.14690833423526845,0.04278486004641004,0.08535530337385341,1.41455651925657e-08,7.807072151240134e-05,3.136558818128463e-09,2.175577386770927e-09,1.4400802800672774e-05,5.163450278039952e-10,0.0067070249211540894,2.9659802581299676e-07,0.0037375371376927487,9.67243423937587e-07,0.0016110124772609397,1.1740129286348522e-07,0.0001688730919450823,9.647939786506554e-06,7.894622131674746e-12,4.938098890294204e-10,2.7206528240305077e-09,6.05069237774907e-06,1.6630249368514425e-12,6.397315961505698e-05,1.1243871008038321e-07,9.20394469495131e-08,1.5362981195977223e-09,1.047268001141379e-11,5.696690634881813e-05,9.933762916556122e-12,8.896989902403584e-15,5.844241647838107e-06,3.902604552515541e-08,1.8624011832137124e-05,2.663975801207653e-10,0.6074619907739021,2.757770798177054e-19,2.0179434504006412e-09,4.226854176585557e-06,5.022160899253283e-09,7.481148639259963e-07
0.013366708385481853,0.44555694618272845,1466.8295362875251,0.20167277482496535,0.002253749200736109,1.0409683776180097e-07,5.6911088895275786e-09,0.0038124834204451624,2.0015382437025293e-07,0.09997378784847159,1.8733755389018975e-07,1.3787998789347001e-08,1.789853138239806e-15,5.07482501730563e-13,1.4317469909850387e-08,2.7537064448566967e-10,0.00020038498467001492,0.13532689100934298,0.04335824320562617,0.08657409520217968,1.7808435438395712e-08,7.958525282733599e-05,4.110973673640406e-09,2.7559529399137123e-09,1.4625666656488212e-05,8.490965878627723e-10,0.006798543410032362,3.7339284435818633e-07,0.0037830449390760367,1.2015048681270705e-06,0.0015926317510993233,1.628413784405761e-07,0.00017080632571716197,9.87198649154782e-06,9.2191407064995e-12,5.438426249266995e-10,3.5322476055096657e-09,6.120628251880111e-06,2.3701660654296984e-12,6.485960152692327e-05,1.0027678256643186e-07,9.297059410955182e-08,1.6892889994475068e-09,1.6390600864414146e-11,5.773275516167886e-05,1.243712787347015e-11,1.6851099462584482e-14,5.92877849395845e-06,3.985597973880622e-08,1.8883703648193608e-05,3.7162244698542123e-10,0.6158903506740243,2.591801314153221e-19,2.148698734936516e-09,4.080485254689839e-06,5.482076328199428e-09,7.63413243528226e-07
0.013404255319148937,0.4468085106382979,1497.5492554438242,0.19888234632909169,0.002268316300216706,1.3941275900881577e-07,7.931018415917542e-09,0.003863268733676346,2.948577305775312e-07,0.10106861981321442,2.026595246292269e-07,1.3266254851525479e-08,5.075906253812551e-15,1.1430342021675784e-12,2.285704465558433e-08,4.747341698928993e-10,0.00024231256099893904,0.12427516072902511,0.04390874387081331,0.08773780405863071,2.249616120961356e-08,8.123154750028591e-05,5.44945319717814e-09,3.5177162403962087e-09,1.4854853657006198e-05,1.3715754256278805e-09,0.006884848631209378,4.7063172160521136e-07,0.0038237705755132835,1.5029318949826392e-06,0.0015650336040330278,2.2491151595209652e-07,0.00017256251131971058,1.0115117088509875e-05,1.0702013759077984e-11,6.03194079383742e-10,4.592065573582003e-09,6.186953091417308e-06,3.360585884791251e-12,6.571819745719996e-05,8.866149238581861e-08,9.383712785879578e-08,1.8667238522992014e-09,2.5305522879533188e-11,5.846107032005115e-05,1.5589839219471504e-11,3.1507771996301164e-14,6.009718276854615e-06,4.074767746241648e-08,1.9130463664419096e-05,5.160341164219625e-10,0.6239200037410666,2.4350293657223203e-19,2.3126205780888603e-09,3.914941110328669e-06,6.077837447001178e-09,7.800204295343568e-07
0.01344180225281602,0.44806007509386736,1527.7442763072065,0.19622598087500867,0.0022824331071124256,1.8806951276844104e-07,1.119605506766375e-08,0.003912872511668729,4.363976361210435e-07,0.10212343876624426,2.2048113105035928e-07,1.3100140168707334e-08,1.5317483172149477e-14,2.667506965355243e-12,3.665189549597076e-08,8.247153904934526e-10,0.0002926485277848306,0.11377542962940783,0.04443520690355066,0.08884419800222662,2.866331215328113e-08,8.308413012767768e-05,7.378045945048329e-09,4.537570751819664e-09,1.509295638770028e-05,2.223916487640933e-09,0.00696504973024048,5.97175705468207e-07,0.0038583034904078176,1.897770435850161e-06,0.0015264577796012967,3.1224773387471524e-07,0.0001741416195140898,1.0387418221948884e-05,1.243977024740916e-11,6.765718855358069e-10,6.01577739246444e-09,6.2490613391611654e-06,4.7935120745572575e-12,6.655078431783639e-05,7.773307775905083e-08,9.46436417477954e-08,2.079151761206893e-09,3.9237441326584665e-11,5.9148470977932114e-05,1.9615318345844073e-11,6.058776860835579e-14,6.086813873955421e-06,4.173656320732859e-08,1.936329838452068e-05,7.205253159615139e-10,0.6315353355782757,2.2876923307446295e-19,2.517921330113937e-09,3.7329701310160253e-06,6.855225993713041e-09,7.987014504660186e-07
0.013479349186483105,0.44931163954943687,1557.450235535882,0.19368265501168908,0.0022960777025681765,2.524971657804905e-07,1.5745156987633584e-08,0.003961757028923719,6.370061843094192e-07,0.10314463867806145,2.407527772008949e-07,1.3225783097719414e-08,4.264469135697706e-14,5.923607042252352e-12,5.7487487695478104e-08,1.3921115431229374e-09,0.0003511795115334775,0.10374377015359684,0.044941035644664354,0.08990209122891452,3.653360469342404e-08,8.518280705634497e-05,1.006520171940929e-08,5.847221024510338e-09,1.5342850078631713e-05,3.5223308704433516e-09,0.007039268637130954,7.569643175090497e-07,0.0038862093115420646,2.3942924766164226e-06,0.0014776199041489921,4.2979998586604306e-07,0.00017558367997273054,1.0693796678626504e-05,1.4535871266131043e-11,7.670004724356641e-10,7.86284461370262e-09,6.307070211942303e-06,6.770475387398725e-12,6.73647599377619e-05,6.748631231452617e-08,9.540776317397448e-08,2.332041640497023e-09,5.972800113975516e-11,5.9799055347874377e-05,2.4565596985382985e-11,1.1365601804894535e-13,6.160505005935459e-06,4.284177021905892e-08,1.958381021116218e-05,9.975883000172508e-10,0.6388008892209679,2.148227574458422e-19,2.7659233147726836e-09,3.5412152336182355e-06,7.827323656559497e-09,8.198978350881699e-07
0.013516896120150187,0.45056320400500627,1586.5889229533132,0.1912593017882732,0.002309072835691804,3.401699755025278e-07,2.2301130325721855e-08,0.00401028769723575,9.303347503037482e-07,0.1041300415441097,2.641045819730325e-07,1.3671645277097368e-08,1.2105922168808502e-13,1.3332018067733593e-11,8.997255067937398e-08,2.345769217337933e-09,0.0004194843969350892,0.09421370183548682,0.04542435652739595,0.09090818124524597,4.68715347618102e-08,8.763943367876952e-05,1.3974929824630798e-08,7.560788919597918e-09,1.5610451111701865e-05,5.5666820034269736e-09,0.007105840095448401,9.63724159685888e-07,0.003905013441204384,3.0266356075550493e-06,0.0014170927429408892,5.922931313830047e-07,0.00017690176591592205,1.1048587014435748e-05,1.7301211956476386e-11,8.838349222246966e-10,1.0326309910126574e-08,6.359909693648471e-06,9.579761867966124e-12,6.816387737692688e-05,5.8075390941438535e-08,9.613902798308487e-08,2.6444045158222e-09,9.084750042820639e-11,6.040704526426153e-05,3.073025995602319e-11,2.1627059661554e-13,6.230287116722005e-06,4.411632112740036e-08,1.9790353138184654e-05,1.3838542867427414e-09,0.6456940416324454,2.0170520193836324e-19,3.0710907019267545e-09,3.3440529012207953e-06,9.062107707158492e-09,8.448293841406135e-07
0.013554443053817271,0.4518147684605757,1615.1970274386374,0.188939250749159,0.0023213063289665315,4.560353931342555e-07,3.1445342912704356e-08,0.004059052971196719,1.3433545383421966e-06,0.1050842981331221,2.907207753836893e-07,1.442333464353999e-08,3.266262368684225e-13,2.895351082164732e-11,1.3821663497523612e-07,3.859879649136108e-09,0.000497049953154777,0.08512158943458728,0.04588749775551082,0.09186933077839966,6.018013350802273e-08,9.051755895970612e-05,1.9516236624740516e-08,9.733530237359548e-09,1.5898630571049565e-05,8.63221234421422e-09,0.007164082451153821,1.224840256517242e-06,0.003913350989136942,3.8044616389696707e-06,0.0013461297169554249,8.097863087697401e-07,0.00017814207577934374,1.145862674143387e-05,2.1153887423625766e-11,1.0352620616284488e-09,1.3532503032330124e-08,6.407226041544202e-06,1.3435748812605878e-11,6.895660604935737e-05,4.9487064055919625e-08,9.685766727721807e-08,3.0304357014815247e-09,1.3610031728201148e-10,6.0973848845507583e-05,3.81932596904597e-11,4.03681004279708e-13,6.296263377595514e-06,4.558980254980996e-08,1.9983703716695313e-05,1.905724009984905e-09,0.6522652151055578,1.8929642634659118e-19,3.44153868400472e-09,3.146639183513176e-06,1.0590125700953486e-08,8.742749088949102e-07
0.013591989987484355,0.4530663329161452,1643.2281649453562,0.18672395897231495,0.002332475333083015,6.118291864000022e-07,4.448627450319201e-08,0.004108832342735856,1.9360081589632348e-06,0.10600636287108008,3.215218249934606e-07,1.5540318659129336e-08,8.964337692955975e-13,6.30488118645012e-11,2.1105987843856694e-07,6.303878185660127e-09,0.0005846510727791727,0.07648298307890486,0.04632899799666614,0.09278442251109986,7.77162833498681e-08,9.396759818981932e-05,2.7600100111113422e-08,1.251250422222493e-08,1.6213349652128254e-05,1.3306418950746605e-08,0.007211323008456717,1.5593083423581048e-06,0.003907465793343438,4.76054856924119e-06,0.0012646617369579624,1.1057711053645532e-06,0.00017934114131068995,1.1940728238821614e-05,2.7124710298191664e-11,1.2406991294918077e-09,1.778977649916892e-08,6.447404621275454e-06,1.882116635045453e-11,6.975191621607115e-05,4.18314340948533e-08,9.75851868425593e-08,3.5252843051425287e-09,2.031379404602665e-10,6.149257776153939e-05,4.728403856474032e-11,7.588646908246675e-13,6.3576658466921616e-06,4.7331532647136215e-08,2.016196565460488e-05,2.6251052993802548e-09,0.6585073554484905,1.7761581644433224e-19,3.9023217012951125e-09,2.952192822453036e-06,1.2506044344555219e-08,9.100257252768314e-07
0.01362953692115144,0.4543178973717147,1670.696825044936,0.1846038087173407,0.002342285570222274,8.193718611868757e-07,6.293777838410573e-08,0.004160536549626064,2.7773094401421817e-06,0.10689768683920478,3.572646192895054e-07,1.7070576754857424e-08,2.4232250456405457e-12,1.3587090079438763e-10,3.1886387727408056e-07,1.0159870141634802e-08,0.0006817037987137004,0.0682775033505797,0.04674882101371388,0.09365601877713853,1.008276639347387e-07,9.810560817652505e-05,3.9322231724005796e-08,1.6020815987571505e-08,1.655712486170085e-05,2.030614746201116e-08,0.007245062449902423,1.9831700681232464e-06,0.003884130499061648,5.908184497413345e-06,0.0011742798280829504,1.5029806213867154e-06,0.00018054198629916475,1.2504827034930287e-05,3.6951634448563385e-11,1.5241559575688891e-09,2.3402763475302098e-08,6.47899476419236e-06,2.625590609319981e-11,7.056076859046698e-05,3.511647787113514e-08,9.83477212902476e-08,4.1677920860476745e-09,3.009065241340281e-10,6.19589730400318e-05,5.825535079815205e-11,1.4216473991217414e-12,6.413784773117254e-06,4.9392045517532897e-08,2.0323974796031653e-05,3.606196054108114e-09,0.6644406403883946,1.666022905490284e-19,4.47968617398696e-09,2.7619637746745576e-06,1.4884112597599762e-08,9.535890765180101e-07
0.013667083854818523,0.45556946182728414,1697.6101999831974,0.18257257425191542,0.00235028705803761,1.0968337442269187e-06,8.923076278052413e-08,0.004215470389561613,3.975726238181639e-06,0.10775858053195238,3.9929044787929993e-07,1.910622036022019e-08,6.5576809725933375e-12,2.917415008109288e-10,4.777596799496813e-07,1.6204959721747317e-08,0.0007876285679974,0.06049763038777626,0.047145914088641265,0.0944858378263308,1.31683040668449e-07,0.0001030906993336627,5.6442947191415494e-08,2.0437354973549815e-08,1.6932031110434734e-05,3.0753757638089875e-08,0.0072614068380633095,2.5195227441296296e-06,0.0038388082662693408,7.262377074914735e-06,0.0010767686499257329,2.035567340399012e-06,0.00018178460398867883,1.316239893371756e-05,5.42802762580199e-11,1.9274072417746773e-09,3.0847600937607435e-08,6.4996617271472105e-06,3.6537902918853105e-11,7.139789157882831e-05,2.93484879079268e-08,9.917933224419414e-08,5.0230513116460904e-09,4.4350197145360326e-10,6.23656899238222e-05,7.156624033975922e-11,2.6677757560565625e-12,6.463343024190235e-06,5.183771703115732e-08,2.0467426311877603e-05,4.9503948893758475e-09,0.6700775433284276,1.5622118380316107e-19,5.215330681993011e-09,2.5751318376638213e-06,1.78418175199754e-08,1.0070720219493305e-06
0.013704630788485607,0.4568210262828536,1723.9975567798863,0.1806218073727071,0.0023559497126171263,1.4676011415138715e-06,1.26786164676756e-07,0.004275261727377203,5.679935173321689e-06,0.10858971313457516,4.493835274011361e-07,2.176867958869022e-08,1.7625501865767592e-11,6.208013657022279e-10,7.094559725350775e-07,2.5546546934891242e-08,0.0009013607953863508,0.05312891152440562,0.047519119247488535,0.09527664764660848,1.7325669944916333e-07,0.00010908053366516164,8.14193818337183e-08,2.5969517020634863e-08,1.733715246427257e-05,4.618194256859777e-08,0.007255710109793268,3.193666815258037e-06,0.0037668519917929797,8.826898541343425e-06,0.0009744132990480428,2.7447710110950286e-06,0.00018309380392553297,1.3919661447510108e-05,8.621045414178387e-11,2.5137665086200775e-09,4.073312983497656e-08,6.506541219419844e-06,5.071312904968575e-11,7.228082934581841e-05,2.448266834601627e-08,1.001193642e-07,6.182437471648491e-09,6.502101270652116e-10,6.270502270630722e-05,8.7939582047034e-11,4.998359234006381e-12,6.504650652019416e-06,5.472825440693751e-08,2.058950737252494e-05,6.792494474608846e-09,0.6754367437090217,1.464269429619395e-19,6.16139859117581e-09,2.3892095807294605e-06,2.1515986890870814e-08,1.0726636965241698e-06
0.013742177722152691,0.45807259073842305,1749.8866124924978,0.17874451257566729,0.0023585711304339287,1.9668925672366403e-06,1.810961912136556e-07,0.004342116724778103,8.121436257630548e-06,0.10939088315983239,5.103414850039728e-07,2.5247664803927825e-08,4.749430203769537e-11,1.3156523647099386e-09,1.0468006801930411e-06,3.991999944229744e-08,0.0010217347876572318,0.046166574945813846,0.047866079340806535,0.09603075427329318,2.302240629800445e-07,0.0001162647316407278,1.180811528466353e-07,3.291649677314763e-08,1.776897167033574e-05,6.89154739510272e-08,0.007221690136597092,4.0391295882912965e-06,0.0036628319345599803,1.0601024712937955e-05,0.0008694833955271454,3.687482423518477e-06,0.00018446731698282717,1.4779273178399052e-05,1.4770319636309866e-10,3.38855709914999e-09,5.394810970075864e-08,6.495564536559507e-06,7.036074877395309e-11,7.323169962685193e-05,2.046200220954747e-08,1.0121578128538018e-07,7.78701853164646e-09,9.5081331234114e-10,6.296645554105614e-05,1.0884611344680341e-10,9.389447606031824e-12,6.535175181509302e-06,5.812993344121659e-08,2.0685853259413167e-05,9.338818835237732e-09,0.6805317712262227,1.3718591521862184e-19,7.389273890591445e-09,2.200821886789111e-06,2.6101922049756346e-08,1.1529921031546505e-06
0.013779724655819775,0.45932415519399256,1775.3078015444212,0.17693416345888469,0.002357256891038734,2.6483539439832653e-06,2.6120657572997703e-07,0.004419012510355522,1.1666283729445566e-05,0.1101613406622105,5.864941768980598e-07,2.983064984693352e-08,1.2985962825973603e-10,2.7951306474992083e-09,1.5399381000004504e-06,6.206677343031217e-08,0.0011472781035474077,0.03960974173489506,0.0481831780276128,0.09675077294793863,3.1000931891905724e-07,0.00012485780306830654,1.7244784721219593e-07,4.1708893095127374e-08,1.8219740529535807e-05,1.0249098083466204e-07,0.0071513119548209155,5.09934641873357e-06,0.003521005086694093,1.2573173933784125e-05,0.0007641022279499137,4.939801630495101e-06,0.00018585714903654696,1.5736895606130876e-05,2.7140719152401875e-10,4.72678521518156e-09,7.175926517818725e-08,6.461180729695722e-06,9.789463970109606e-11,7.427809144539849e-05,1.7208405690434172e-08,1.0252568565988923e-07,1.0048591313004813e-08,1.3919667755763492e-09,6.313707450335623e-05,1.3742153958670594e-10,1.7788280367057804e-11,6.551367537842623e-06,6.211088694411222e-08,2.0750229455563768e-05,1.290814831358942e-08,0.6853755329529609,1.2846652342992526e-19,8.990145661033961e-09,2.0060576190381015e-06,3.187616927723511e-08,1.2509637708153489e-06
0.01381727158948686,0.460575719649562,1800.2843515161317,0.17518577233337881,0.002350813455135297,3.6000052026845588e-06,3.833825640288801e-07,0.004510186465862933,1.6941070713336102e-05,0.11089930835571625,6.849134367001743e-07,3.5975711026266016e-08,3.688215772345845e-10,6.0298148352077415e-09,2.2708900465992697e-06,9.660168675289924e-08,0.001275872427011446,0.03346530005456138,0.04846462591939661,0.09743963367023971,4.252871286724725e-07,0.0001351151650292636,2.5463194051730716e-07,5.3012936580217925e-08,1.8675338883118954e-05,1.5264755195200885e-07,0.007033986645078746,6.4339500030077094e-06,0.003335289619505737,1.4710680637236176e-05,0.0006600162297605655,6.606959355778006e-06,0.0001871425595018502,1.677903632940252e-05,5.342863235490601e-10,6.831894332533777e-09,9.602284565129424e-08,6.395507591170344e-06,1.3728732040465048e-10,7.545582253151882e-05,1.4634635399385734e-08,1.041189031751317e-07,1.328882445682887e-08,2.0524953550693977e-09,6.320006110402271e-05,1.8102031995041847e-10,3.4377871142053575e-11,6.548178117793339e-06,6.674860665044659e-08,2.07732765347437e-05,1.8026711163652877e-08,0.6899786823831059,1.202424687257579e-19,1.1075491714873665e-08,1.8004598950493927e-06,3.925797804359255e-08,1.3697904749122585e-06
0.013854818523153943,0.46182728410513146,1824.8188741255847,0.17349696728155664,0.002337622999775273,4.969653446232624e-06,5.789696429480601e-07,0.004621756170969231,2.5078462662820967e-05,0.11160129299399987,8.169982973909223e-07,4.440548417528975e-08,1.0995893293832724e-09,1.3471555127773835e-08,3.3769696373250738e-06,1.5163445460864661e-07,0.0014037910962678144,0.027751847756384455,0.048701232978982475,0.098100594763213,5.988160441278727e-07,0.00014732661919776186,3.8214580032602206e-07,6.787934840239379e-08,1.9110929982722617e-05,2.2903222288982028e-07,0.006856035266246651,8.11610179849778e-06,0.0030998074891209694,1.6925934171580553e-05,0.0005584923985553766,8.830144689986253e-06,0.00018809586810987703,1.7878749930818434e-05,1.1235230787264782e-09,1.0227993853856595e-08,1.2935594292639018e-07,6.287489101529232e-06,1.9530482814048206e-10,7.681126096840087e-05,1.265470891694529e-08,1.0607909342251398e-07,1.7969595555303707e-08,3.0710960364745012e-09,6.313324370335599e-05,2.5759323925320934e-10,6.880573125819042e-11,6.5186696280809224e-06,7.213372568437145e-08,2.0740947786813904e-05,2.556570484781251e-08,0.6943479073427663,1.1249545774073087e-19,1.3745378788119513e-08,1.5791993354531701e-06,4.884358695345955e-08,1.5125711680093262e-06
0.013892365456821026,0.46307884856070086,1848.8994793338666,0.17186710849401693,0.0023158460607240116,6.978304199118247e-06,9.036848756490618e-07,0.004761824103443375,3.789763678123136e-05,0.1122636514226011,9.99670287679637e-07,5.610975054586686e-08,3.3337765762347563e-09,3.064167965295866e-08,5.055319402061841e-06,2.393676493881807e-07,0.0015246469165881185,0.022473479784262593,0.048881069682344555,0.0987401007156189,8.668951970255446e-07,0.00016169861479156328,5.811286645807902e-07,8.768650377254431e-08,1.9484981931661166e-05,3.455251391007216e-07,0.006603160226480423,1.0215518407688474e-05,0.0028122296353847087,1.90392150312134e-05,0.0004600256953465609,1.1765013282515573e-05,0.00018836254199105783,1.8987635657078474e-05,2.4742394926785113e-09,1.573502241431347e-08,1.7473544499641087e-07,6.124125724334672e-06,2.821387914819239e-10,7.839671940339139e-05,1.115800046175411e-08,1.0848916507214e-07,2.4655556327578528e-08,4.66506821313561e-09,6.291327230066319e-05,4.083265415252043e-10,1.410580219656048e-10,6.455003076566091e-06,7.834248853423843e-08,2.063500060461114e-05,3.68244783672112e-08,0.698502287893115,1.0518208539085804e-19,1.6981454534577697e-08,1.3382124476243917e-06,6.140091381963073e-08,1.6802202290512112e-06
0.01392991239048811,0.4643304130162703,1872.4455754592564,0.17030231285633812,0.002283097532828357,9.976034688909479e-06,1.4699901626602042e-06,0.004942738081940469,5.861652255235331e-05,0.11287997532583369,1.2595872509483278e-06,7.247879977047634e-08,1.0398668495336043e-08,7.053947653330162e-08,7.598292175083236e-06,3.7880555838718963e-07,0.001627036362175436,0.017643839350962365,0.04898481217905582,0.0993665612130413,1.2921324569137079e-06,0.00017834524647489066,8.92159730106368e-07,1.1430655873177792e-07,1.9727986322870833e-05,5.233674948001344e-07,0.006258069903435328,1.2777645856699581e-05,0.00247313977809276,2.071495737699934e-05,0.00036482326549306174,1.5595683204157143e-05,0.00018742692197226782,2.0033419939182663e-05,5.680329886406047e-09,2.4664897659561342e-08,2.3526259347137162e-07,5.888941056336671e-06,4.140851436124175e-10,8.028013766603181e-05,1.0056531700977706e-08,1.1144659196568828e-07,3.3985249963066984e-08,7.204890554792938e-09,6.25044704382361e-05,7.338756874970816e-10,2.9518416567215735e-10,6.34745247401108e-06,8.547953719011e-08,2.042764590984728e-05,5.388337608331862e-08,0.7024599476427164,9.840527420473304e-20,2.0493735789340884e-08,1.0760379560182055e-06,7.794843265541855e-08,1.8703998130477798e-06
0.013967459324155194,0.4655819774718398,1895.2076773852907,0.16882526123863376,0.0022352310646265726,1.4585470166244464e-05,2.5507841223221533e-06,0.005187088656093559,9.383074779147783e-05,0.1134342316837126,1.6422933035322635e-06,9.554212410538376e-08,3.33564374006008e-08,1.6746321309913912e-07,1.1462573549303687e-05,6.024925071174515e-07,0.0016896809579155128,0.013336417807959229,0.04897423210793009,0.09998868290227214,1.9995686916277365e-06,0.00019726415315808694,1.382481181998088e-06,1.5048365566122908e-07,1.971440032090009e-05,7.979533533643104e-07,0.005793208725613523,1.5728687035969585e-05,0.002083734149926206,2.1336455061382247e-05,0.0002741365140977234,2.0598030717083887e-05,0.0001844953294442443,2.0897803957114464e-05,1.3576562451918434e-08,3.925514112319401e-08,3.1424161997044436e-07,5.556560135540249e-06,6.208187430333085e-10,8.257510104529068e-05,9.329282084626406e-09,1.1511273067711461e-07,4.666111253135122e-08,1.1409805278176964e-08,6.182930834575483e-05,1.4783326974356518e-09,6.367208535237157e-10,6.18076962697486e-06,9.374056458108997e-08,2.0068788234001136e-05,8.03880089410924e-08,0.7062140858696021,9.214514082366846e-20,2.337785065220406e-08,7.976647419040165e-07,9.965899752149474e-08,2.0755408392234366e-06
0.014005006257822278,0.4668335419274093,1916.7529602102975,0.16747366264672395,0.00216777122326343,2.1618734011074444e-05,4.77517653565908e-06,0.005528315012612322,0.00015459662040295704,0.1139050499775337,2.2050858975450503e-06,1.2660791334864873e-07,1.0491797220078973e-07,3.9524177368340594e-07,1.6996470632123623e-05,9.429165607781567e-07,0.0016825394236856923,0.00960171819871273,0.04879272049126028,0.10062086391640875,3.18098220989512e-06,0.00021743169706326147,2.1153056218381017e-06,1.9757094957317392e-07,1.9253911635046525e-05,1.204349725528452e-06,0.005187159091784688,1.86449891912756e-05,0.0016584367943761917,2.015704355241111e-05,0.00019052279913780589,2.699775252492212e-05,0.0001786161686725081,2.1385211373345706e-05,3.26296497944868e-08,6.220018802128011e-08,4.1016441322048716e-07,5.106015024500762e-06,9.420699453969269e-10,8.540963996208876e-05,8.944998120436266e-09,1.1965226263619362e-07,6.274191978747358e-08,1.837536183935241e-08,6.076080251726437e-05,3.1077666858561658e-09,1.3679162855604482e-09,5.940187484267371e-06,1.0319700149410102e-07,1.949295548266599e-05,1.2112270154888354e-07,0.7097733565250476,8.623844853502189e-20,2.3921808808153648e-08,5.24386882704054e-07,1.2690709378228398e-07,2.2702461209989e-06
0.014042553191489362,0.46808510638297873,1936.284511339653,0.1663160427360385,0.0020752099358679376,3.2071219156428375e-05,9.765654054743346e-06,0.006023602976578065,0.00025964208006948466,0.11425764522117657,3.0112605929867477e-06,1.6463354123530921e-07,3.044609698322535e-07,8.826183928937302e-07,2.400487020758618e-05,1.407577638692218e-06,0.0015721774059091398,0.006503147667498064,0.048343318086389406,0.10128044059831452,5.0964953681941115e-06,0.00023603068789076253,3.0939279952183085e-06,2.524884689502692e-07,1.8087371941181862e-05,1.751996586628181e-06,0.004424675051394368,2.0610119253917533e-05,0.001222748327986436,1.672849765515519e-05,0.00011862055109852182,3.496645850686842e-05,0.00016857233931102331,2.1180744318324064e-05,7.540066322150007e-08,9.594833019833173e-08,5.137716914477083e-07,4.522452127237985e-06,1.4278455220631267e-09,8.896095648291003e-05,8.910901839941102e-09,1.2532651369187634e-07,8.14491239524276e-08,2.9646160139763832e-08,5.9035955179850925e-05,6.188220225148699e-09,2.7917730314186853e-09,5.606484748796458e-06,1.136465963524555e-07,1.860715808260248e-05,1.8197857054329706e-07,0.713139947244264,8.066281187060305e-20,2.0489477974675183e-08,2.9101684002407373e-07,1.584149601466685e-07,2.401724224371371e-06
0.014080100125156446,0.4693366708385482,1952.5540480495472,0.1654563154804283,0.001952547139122013,4.6733475761391405e-05,2.1694046907935018e-05,0.006763942594722275,0.00043631475666057045,0.11444329647864533,4.083468205750824e-06,2.0352182956982395e-07,7.493245930227712e-07,1.739602938607675e-06,3.094639382908898e-05,1.920901768920745e-06,0.0013413803082535768,0.004078894945847478,0.04747720375923185,0.10198106255973252,7.90928138621647e-06,0.0002472710890591508,4.140816690209992e-06,3.022561418829307e-07,1.5982705179382614e-05,2.3594624050909666e-06,0.0035172253985835257,2.037734170647822e-05,0.0008134310840256476,1.1593303260106087e-05,6.348126350755705e-05,4.42187035580453e-05,0.00015295722478487884,1.9875081338610443e-05,1.569356097210523e-07,1.3999453202129219e-07,6.045375546265458e-07,3.8127542096917637e-06,2.119418384031977e-09,9.342831271703772e-05,9.271846797500642e-09,1.3254392287482252e-07,1.0097349800126334e-07,4.642771212847633e-08,5.619039235118902e-05,1.0451699246984262e-08,5.078946448170924e-09,5.1562370319622235e-06,1.2412684356934185e-07,1.7307607708220198e-05,2.673241966253653e-07,0.716315951468778,7.539198524146794e-20,1.3585682034362684e-08,1.283764576068917e-07,1.8944551190766345e-07,2.383444661082015e-06
0.01411764705882353,0.4705882352941177,1963.7297496833608,0.1650435655754042,0.0017964467892546295,6.571185280983076e-05,5.116040569092796e-05,0.007895503586552744,0.0007204893659435811,0.1143930560737338,5.335762688071095e-06,2.3270787780482622e-07,1.4493166678241618e-06,2.830836828393529e-06,3.469657852905082e-05,2.2858125017010796e-06,0.0010093843302341405,0.002329010007487309,0.04597700485419261,0.10271600828955059,1.1294522669665185e-05,0.00024209522772540966,4.829482807092766e-06,3.2290722388880793e-07,1.2890411431139702e-05,2.7956716188402223e-06,0.0025225404452031367,1.712341334440587e-05,0.0004715173671401182,6.320976462163968e-06,2.778019744852817e-05,5.2977382199859575e-05,0.0001302896217701153,1.709551202321726e-05,2.7600847670169435e-07,1.8771318976449002e-07,6.529420426292081e-07,3.0145024256184606e-06,3.0234417580839544e-09,9.89774254398593e-05,1.015337235254763e-08,1.4200153804077637e-07,1.1887760422340245e-07,6.744844425332157e-08,5.157062038465807e-05,1.3487131711242985e-08,7.756292570949363e-09,4.559022319499354e-06,1.3233216477129508e-07,1.5505433151760365e-05,3.756237385705427e-07,0.7193015335215022,7.04030232471805e-20,6.394122191704805e-09,4.202506649436232e-08,2.0952553116920763e-07,2.114150139158229e-06
0.014155193992490614,0.47183979974968715,1967.5175792858186,0.1652626276888322,0.0016081048153112894,8.772692724779314e-05,0.00012119842324641699,0.009633129115630556,0.0011458386277828523,0.11401498082866215,6.5133593056667355e-06,2.445065061295951e-07,2.034526518715143e-06,3.551108297165915e-06,3.203703103355679e-05,2.2477744962080937e-06,0.0006428194755148931,0.0011890065371118162,0.043586616256330056,0.10342403129841388,1.3900275714395121e-05,0.00021127752319900103,4.64673134612696e-06,2.9154408823717847e-07,9.139289425952577e-06,2.73290298548629e-06,0.0015622216155539831,1.154357984868042e-05,0.00022833438002688278,2.536553347374916e-06,9.373892112287602e-06,5.6457834773434966e-05,0.0001002665902372691,1.286390044882415e-05,3.8525407019592754e-07,2.2481052154605498e-07,6.318103524066177e-07,2.200779841806521e-06,4.072848502319139e-09,0.00010552079407788585,1.1818118651417373e-08,1.5474555180073438e-07,1.3227116475005458e-07,8.583858868476847e-08,4.4688158602743646e-05,1.20162243281579e-08,9.366864183212037e-09,3.7897917900560704e-06,1.3437823887229116e-07,1.3191709663826965e-05,4.909805499466714e-07,0.7221008872012173,6.567242340287547e-20,1.950478022817756e-09,9.455163457811663e-09,2.0154307648733266e-07,1.5637243750205102e-06
0.014192740926157698,0.4730913642052566,1961.6744264178055,0.16629950181416273,0.001396165734920264,0.00010977315378682238,0.0002676969694557401,0.01226067954306763,0.0017160712302001738,0.11319296728612271,7.2797804970679245e-06,2.448320904445629e-07,1.911363921830287e-06,3.1948489320790764e-06,2.2929210280949205e-05,1.716278987556067e-06,0.0003328326196905651,0.0005375767610591771,0.04011824183280626,0.10394399687116031,1.3593936357169529e-05,0.00015418935412302325,3.4720427611587924e-06,2.1054362451511376e-07,5.466446493627396e-06,2.0428034636560682e-06,0.0007968718764494581,5.927832489477988e-06,8.950708477269817e-05,7.127073107003577e-07,2.341297726044567e-06,4.85571485699773e-05,6.62895376140851e-05,7.998261161117003e-06,4.065598544364868e-07,2.3422012033122506e-07,5.350936183658432e-07,1.466302061364471e-06,5.106917168423142e-09,0.00011237334859653681,1.4681395667581398e-08,1.7204278751672006e-07,1.370415832359336e-07,9.064027954855042e-08,3.584050234538436e-05,6.816452992239879e-09,8.407757201128223e-09,2.8688781079625217e-06,1.2605805811749123e-07,1.0509224689498094e-05,5.753450950297847e-07,0.7247231239935492,6.117879226750958e-20,3.650617787391818e-10,1.4107753846458474e-09,1.5387664842820368e-07,8.905906227549152e-07
0.014230287859824782,0.47434292866082606,1945.630032003381,0.16821945120378462,0.0011784279362946225,0.00012792480442280058,0.000511354077734405,0.016038551916908568,0.0023629063201747167,0.11182964397723583,7.578574724884893e-06,2.5305297013813035e-07,1.1466531840816673e-06,1.9657927504288897e-06,1.2186559764161047e-05,9.69771170291143e-07,0.00013710641522296624,0.0002144935229913965,0.035691876654406686,0.10401146199977362,9.83412575408034e-06,8.880672390455871e-05,1.93259340453778e-06,1.1758597039598037e-07,2.6749975514279184e-06,1.1037552691370747e-06,0.00032388590910773554,2.274188938340986e-06,2.8143661951583843e-05,1.377563604198749e-07,4.2237262359639894e-07,3.0885250357084686e-05,3.615520115003853e-05,3.923653606129161e-06,3.25206962352417e-07,2.0953380192490007e-07,3.92778329926065e-07,8.893248767075085e-07,5.919008407635875e-09,0.00011813982381685859,1.9072701095617617e-08,1.9469925083112376e-07,1.2876994497620917e-07,7.793897649320615e-08,2.641433992809556e-05,2.4812545374190094e-09,5.376381614107124e-09,1.9205231078067927e-06,1.0669232123665588e-07,7.783749263652764e-06,5.844035808910744e-07,0.7271841939085826,5.689807911681522e-20,4.141121791053355e-11,1.3788744312979914e-10,8.657803067640892e-08,3.7255261950130884e-07
0.014267834793491864,0.4755944931163955,1921.2541327290794,0.17090220214505825,0.0009750135390253611,0.00013942126400213383,0.0008250095816001192,0.021082102036435513,0.0029643000749263603,0.10990032403344976,7.857812066518589e-06,2.843209859763179e-07,4.402545163688918e-07,8.257404984146626e-07,4.7790950535495205e-06,4.0154946708096546e-07,4.530718644432115e-05,7.612851230568309e-05,0.030783701952785975,0.10335658714231295,5.125131767713684e-06,3.939706783058432e-05,7.98835171550415e-07,5.084332212688942e-08,1.0627878824192016e-06,4.2638954004957564e-07,0.00010410080228312501,6.672355568953857e-07,7.261702109064615e-06,1.8936446358835762e-08,5.566633780405525e-08,1.4051581553657136e-05,1.6057268362930808e-05,1.4918307595958173e-06,2.1021627893656987e-07,1.6222311513600522e-07,2.520013717028061e-07,4.945268199643218e-07,6.374598252172083e-09,0.0001214420302349679,2.4925294916888738e-08,2.22584618139607e-07,1.0785420814061043e-07,5.608591971863941e-08,1.8025343278442264e-05,6.721317157236498e-10,2.4321086995392002e-09,1.1245358309102404e-06,8.108003928404566e-08,5.378496544663992e-06,5.110479986878469e-07,0.729498695589774,5.2810054566188764e-20,2.997243310293893e-12,9.208523111918416e-12,3.5867438026619506e-08,1.1576107437418946e-07
0.014305381727158948,0.47684605757196497,1891.505207356389,0.17413502469275785,0.0007996391950638074,0.0001435833604561939,0.0011493025103338432,0.027334852932789425,0.0034158629405563134,0.10745932790428785,8.666804950373661e-06,3.389653324598082e-07,1.136268104780764e-07,2.472049682948102e-07,1.4321026374686163e-06,1.2592235769238946e-07,1.2514827826527433e-05,2.4523111737150466e-05,0.02596805459163667,0.10180657150389166,1.9846151065668048e-06,1.3787741601973612e-05,2.545723364182384e-07,1.7612962856020954e-08,3.511884805314504e-07,1.20975562397472e-07,2.6931151765223696e-05,1.573595833620654e-07,1.6043688582087377e-06,2.0108717565376437e-09,5.539668895816724e-09,4.67958495778926e-06,5.915183460807768e-06,4.463234485573734e-07,1.2084813574657795e-07,1.1164366494616941e-07,1.4504708896612434e-07,2.56371602391496e-07,6.457256711567692e-09,0.00012170241396196927,3.1784201622728435e-08,2.5490022942770804e-07,8.149415836138787e-08,3.54215802211248e-08,1.1594288747567717e-05,1.9381554301921874e-10,8.04093900898945e-10,5.857011689969889e-07,5.6138388229273714e-08,3.515296271060294e-06,3.927442063261537e-07,0.7316796526801911,4.890091729719637e-20,1.4714855952162906e-13,4.4044815221059475e-13,1.1518604067084708e-08,2.836194458675858e-08
0.014342928660826032,0.4780976220275344,1858.5833946721557,0.17775777887699673,0.0006557451281662039,0.0001413753272016351,0.0014337124182921355,0.03461611012029796,0.0036785661192666064,0.10460919131613612,1.0159647859502067e-05,4.089256344777194e-07,2.129953363546328e-08,5.65926924267486e-08,3.485901554380302e-07,3.187336519984947e-08,3.073298981217827e-06,7.379245059942042e-06,0.021623459662965333,0.09933473419619662,6.187292889212024e-07,4.037716714862146e-06,6.677419014801852e-08,5.182043032543606e-09,1.0148277735354612e-07,2.646389035675601e-08,5.798701664264761e-06,3.153081896008636e-08,3.185327371420565e-07,1.9309281456747737e-10,4.4378870171784933e-10,1.203752569850865e-06,1.8754992375740533e-06,1.0900498521840317e-07,6.644347594002705e-08,7.074915675819549e-08,7.749114244491212e-08,1.2659937895102573e-07,6.233153536759373e-09,0.00011925333821588227,3.9100874028260864e-08,2.9053255121265147e-07,5.765252611899438e-08,2.0433052841080997e-08,7.169833291464974e-06,8.351239578263126e-11,2.0648180880873043e-10,2.810730180649653e-07,3.628593657267598e-08,2.2118610696102983e-06,2.7395440766338343e-07,0.7337414412086342,4.516245604202136e-20,5.386193861269905e-15,1.6444042017308894e-14,3.0828417107830894e-09,5.919200441407462e-09
0.014380475594493116,0.4793491864831039,1823.4063465494637,0.18171846193716343,0.0005401731771073207,0.00013437630639181647,0.001651696055654584,0.042712379633559304,0.0037627896750874732,0.10145384054309879,1.2180992868673173e-05,4.881417782203317e-07,3.33347489976077e-09,1.1135371343392425e-08,7.633369537367762e-08,7.236217105035767e-09,7.345389051941429e-07,2.1813091112602325e-06,0.01789210492764867,0.09601593017318864,1.8007852750458019e-07,1.0893926006814593e-06,1.5955187950120764e-08,1.4176653272049172e-09,2.7912005186558143e-08,4.886913259465231e-09,1.1202282441830007e-06,5.852417948497823e-09,6.142741667553768e-08,2.200258842454882e-11,3.391658703005331e-11,2.6277669476732815e-07,5.451072092372196e-07,2.3463853478060026e-08,3.609781123747484e-08,4.2811247448321716e-08,3.992411931579293e-08,6.127441121324146e-08,5.79183177705179e-09,0.00011483315177984159,4.652115693946099e-08,3.2813814505833656e-07,4.002342021541337e-08,1.1105896084429078e-08,4.3503031379915574e-06,4.844999689360239e-11,4.580212767439174e-11,1.3010402029308698e-07,2.248389964605525e-08,1.3657377152599635e-06,1.7909967990666987e-07,0.7356961932034056,4.159114076262543e-20,1.9185679177777315e-16,6.159443780660162e-16,7.545485672673e-10,1.1689702683504636e-09
0.0144180225281602,0.4806007509386734,1786.1563112963515,0.18603246840473608,0.00044702889483076426,0.00012425686835250256,0.0017965286423458602,0.051405768853694384,0.003702835625314588,0.098082644712378,1.4548045945788148e-05,5.754951433837018e-07,4.778146237438598e-10,2.035691543753784e-09,1.60499713319333e-08,1.5787889176956694e-09,1.779571596073547e-07,6.472126649499612e-07,0.014759469152143328,0.09199771148615454,5.821789773537324e-08,2.8832293504101755e-07,3.688624584677637e-09,3.819810891990943e-10,7.698086701979303e-09,8.01574931297834e-10,2.014764524560614e-07,1.0404590576817758e-09,1.1784296712011991e-08,3.232997730645004e-12,2.6648287230345657e-12,5.183909139901724e-08,1.5085351244936912e-07,4.6524593240042736e-09,1.9450704515576592e-08,2.539782694602423e-08,2.0318805376171394e-08,2.956059961618002e-08,5.220236928065428e-09,0.00010921024325323267,5.3964734613999984e-08,3.659921407465443e-07,2.835154155937963e-08,5.7926943742350986e-09,2.6235340296663134e-06,3.065727365349362e-11,9.4690751485036e-12,5.972027723157332e-08,1.3604241523610067e-08,8.375769282484917e-07,1.1242356064948643e-07,0.7375535944125416,3.818084961307158e-20,7.383417168114956e-18,2.531186048278049e-17,1.7749811587924738e-10,2.281624258929381e-10
0.014455569461827284,0.48185231539424284,1746.7287379435468,0.19074961160810341,0.0003710960672854125,0.00011235251243052295,0.0018709653366852518,0.0605165048455758,0.0035337329805210154,0.09455640501499164,1.7176325964315618e-05,6.737026642361035e-07,6.575068269849228e-11,3.6119876676963343e-10,3.3666362033180922e-09,3.4397163391917836e-10,4.4306458959444265e-08,1.9490561263193743e-07,0.012158491669901206,0.08743799319102184,2.4665372670511763e-08,7.742609469375252e-08,8.485587167129128e-10,1.0462119136239976e-10,2.191302977710315e-09,1.1900766305448955e-10,3.423018738766836e-08,1.785122224321501e-10,2.2577063254633433e-09,5.714526882372907e-13,2.2422308414729407e-13,9.585371054621868e-09,4.0594257661179604e-08,8.680856600451109e-10,1.042188332435104e-08,1.504341643996241e-08,1.0357264155226756e-08,1.4373289580209292e-08,4.58515519878278e-09,0.00010294981613504521,6.155237155301293e-08,4.02076635755794e-07,2.1023738076635146e-08,2.9311793568850813e-09,1.5873528569129587e-06,1.9834982440638325e-11,1.9117199611512685e-12,2.7576118021414958e-08,8.134269754363837e-09,5.143998630419899e-07,6.886902782258171e-08,0.7393184731776585,3.492545519738359e-20,3.0828815445081876e-19,1.1443626608045216e-18,4.118041818333704e-11,4.4561419592438074e-11
0.014493116395494368,0.4831038798498123,1704.9466724744595,0.19593834056663922,0.0003085871031431313,9.963539144815379e-05,0.001881275171256042,0.06990402921527762,0.0032850487209666606,0.09091220978828575,2.0054541531133946e-05,7.880947497559654e-07,9.108429214855624e-12,6.495983644846393e-11,7.32324216146382e-10,7.742083879797862e-11,1.1515005075863453e-08,6.062568330261874e-08,0.010016194992465536,0.08248151496762293,1.4052236060090861e-08,2.1687607162704057e-08,1.9915804223792168e-10,2.9950244320965435e-11,6.606092170252653e-10,1.6433264970844083e-11,5.643569354628345e-09,3.012007720436665e-11,4.396103280634789e-10,1.1329940387082784e-13,2.2538830489387565e-14,1.7369643903047899e-09,1.087683831393927e-08,1.5710588531008022e-10,5.601153135922024e-09,9.03262869699369e-09,5.345807874433983e-09,7.124693930650886e-09,3.934192185755733e-09,9.641869860977846e-05,6.951912492316921e-08,4.341582667473817e-07,1.652196208774139e-08,1.4525943986461353e-09,9.727142523779224e-07,1.3064568824157169e-11,3.9431383865364574e-13,1.294921601307854e-08,4.8544233503253484e-09,3.18908923726115e-07,4.1705663819809955e-08,0.7409922107725898,3.1819897878981534e-20,1.4768945260755502e-20,6.061811878592285e-20,9.727932442356848e-12,8.884572900607289e-12
0.014530663329161453,0.48435544430538174,1660.6473672092377,0.2016782357528813,0.00025682961886798895,8.679662790099816e-05,0.0018354179951333841,0.07945579229761977,0.0029817001103777632,0.08717201569871542,2.3207467154981236e-05,9.265355802596546e-07,1.3032462198512048e-12,1.2140239483772972e-11,1.6893812600949456e-10,1.8304753764867076e-11,3.152469814831991e-09,1.9761292682269274e-08,0.008262949189962744,0.07725768371688307,9.533282279559395e-09,6.433518656585675e-09,4.8361478747743966e-11,9.118848798340525e-12,2.1409950301557353e-10,2.1535273471994735e-12,9.245037650198771e-10,5.065891031960148e-12,8.82752179510223e-11,2.428206084604906e-14,3.04284283202087e-15,3.2084844405227817e-10,2.95423140852106e-09,2.831907172085699e-11,3.047538096938508e-09,5.5596617280656e-09,2.8141064694969825e-09,3.6317525824520966e-09,3.3005212204478606e-09,8.984462463562618e-05,7.81819850127465e-08,4.599611190903147e-07,1.375106025615958e-08,7.098114000779655e-10,6.088272418280095e-07,8.836814715701043e-12,8.536105343427972e-14,6.223587531641378e-09,2.9147701181526182e-09,2.0098308771741027e-07,2.522185990871549e-08,0.7425753771702033,2.88591695085904e-20,8.361234242916391e-22,3.926220437007756e-21,2.4052829755210645e-12,1.8352510284477603e-12
0.014568210262828537,0.48560700876095125,1613.6638358339414,0.20807069877839407,0.00021407572511543068,7.432397967757923e-05,0.0017414188389046456,0.08908005503601851,0.0026446428664413093,0.08334735426624444,2.6683433005486022e-05,1.1011867755978354e-06,2.0373965919159398e-13,2.4607628515564693e-12,4.264190485622453e-11,4.676436046513768e-12,9.3113737593508e-10,6.916041201712212e-09,0.006840260315144858,0.0718777937862123,6.933242697791737e-09,2.0682398187386405e-09,1.2539729552212224e-11,3.0286298851955287e-12,7.611490111885447e-11,2.866507130885886e-13,1.5925224245055262e-10,8.894171886041358e-13,1.8992889448131463e-11,5.699967479288798e-15,5.935709481816386e-16,6.425373034418757e-11,8.38780675763136e-10,5.370027599270967e-12,1.6986276553771488e-09,3.5415099125765244e-09,1.5266783893338773e-09,1.927070239467278e-09,2.7072682112536695e-09,8.33659991613653e-05,8.797812903564606e-08,4.772757535326081e-07,1.2021475392749446e-08,3.463367666495497e-10,3.934740691494446e-07,6.2182917191083454e-12,2.0102900878312433e-14,3.0948051505532644e-09,1.7793629182095646e-09,1.299889260188224e-07,1.5415712195887888e-08,0.7440677735797575,2.6040448032564504e-20,6.227035497506667e-23,3.433284550995029e-22,6.484762425439931e-13,4.075081612859781e-13
0.014605757196495619,0.48685857321652065,1563.8966993115014,0.21522937520361962,0.00017902968613887842,6.254821314121111e-05,0.0016080463017118557,0.09869708690783766,0.002292552606103467,0.07944604617820657,3.0539874518059666e-05,1.3304412634337443e-06,3.5986673136648764e-14,5.583997710782796e-13,1.2120114174928812e-11,1.32892581176931e-12,3.0637227489347475e-10,2.68703752368544e-09,0.005693491391075581,0.06643982526400774,5.147416036852678e-09,7.451452740915483e-10,3.597147400174394e-12,1.1349401619687928e-12,3.057443306728618e-11,4.2138211870638604e-14,3.124900782429794e-11,1.7350181061597284e-13,4.638310350660357e-12,1.5376290950665308e-15,1.6133524494022522e-16,1.48356293150845e-11,2.6084309460997926e-10,1.1579017763810683e-12,9.773462189171296e-10,2.3427197766216304e-09,8.625596142142654e-10,1.0790804542958621e-09,2.169356804161248e-09,7.706416279191744e-05,9.950471976094788e-08,4.845106963290773e-07,1.0914053768510012e-08,1.705079851496359e-10,2.6532315982199886e-07,4.613383029880512e-12,5.31195415930025e-15,1.6158800521408917e-09,1.1159788446107917e-09,8.710080595054122e-08,9.632474523194463e-09,0.7454714623477947,2.3359942152236848e-20,6.4819979061948175e-24,4.2765552376426447e-23,2.0163295471864712e-13,1.0287787132445392e-13
0.014643304130162703,0.4881101376720901,1511.4332884026248,0.22324026847469267,0.00015040386347904037,5.1654086652381976e-05,0.0014456450171998463,0.1082420133722369,0.001941809094677134,0.07547698905744968,3.4818455085263796e-05,1.638905599374746e-06,6.73228303995568e-15,1.3454197634333554e-13,3.708746946557346e-12,4.0335860984387475e-13,1.0892785839979827e-10,1.1365588005365404e-09,0.0047634823950469885,0.061025216706909934,3.815534546197322e-09,2.9365094452143443e-10,1.1034076215951322e-12,4.695581237218331e-13,1.3571678386653493e-11,6.660765535965374e-15,6.845479000196476e-12,3.6223060347990104e-14,1.249376611441445e-12,4.634769797308673e-16,5.4550013182783554e-17,3.785080225249854e-12,8.665816824314854e-11,2.7855596599798214e-13,5.718627774874131e-10,1.5879092383887044e-09,5.021176883414442e-10,6.311439056311265e-10,1.6931717866552069e-09,7.097470032849169e-05,1.134841614583427e-07,4.813803262401245e-07,1.0165511330175949e-08,8.344504151040566e-11,1.8606095878127132e-07,3.613908300510893e-12,1.4966434304925608e-15,8.739128897738238e-10,7.151491528281155e-10,6.02430007864502e-08,6.1224852371584984e-09,0.7467944847043402,2.0807178571529562e-20,8.737198839734243e-25,6.991530278140021e-24,7.060472623505245e-14,2.8684225395729246e-14
0.014680851063829787,0.48936170212765956,1456.2341321862002,0.23226490688467363,0.00012749217411870377,4.180241932642654e-05,0.0012627667025878826,0.11765099099788111,0.001606570668555504,0.07144545791258217,3.959260245006726e-05,2.076649133524531e-06,1.2467748310984895e-15,3.309774512122604e-14,1.1942257787483064e-12,1.2825333826205937e-13,4.145894877403337e-11,5.221724485608338e-10,0.004013012598541932,0.05570338184834743,2.8048406889844716e-09,1.2620357805927062e-10,3.5721489066337706e-13,2.1424263433695818e-13,6.6330846062600206e-12,1.0182179554606618e-15,1.5782872186343322e-12,7.60495117874477e-15,3.579316261910589e-13,1.513439237089604e-16,2.1491016508716084e-17,1.0156059789683106e-12,3.02899421952846e-11,7.144222342450257e-14,3.386416575278826e-10,1.0945840034945484e-09,3.020508352292083e-10,3.8674682024152736e-10,1.284394800490687e-09,6.51274636060338e-05,1.3124238104198479e-07,4.6787955761308156e-07,9.64590942591574e-09,4.066181367224177e-11,1.3623476701005743e-07,3.009513578120654e-12,4.3597922652017636e-16,4.908957576311873e-10,4.701948151090794e-10,4.319005379698619e-08,3.973401330092834e-09,0.7480409278022375,1.8746951315757517e-20,1.3017062152111617e-25,1.2997145594889499e-24,2.7346271170236664e-14,8.55489307718122e-15
0.014718397997496871,0.49061326658322907,1398.5453141785058,0.24237595554274116,0.00010925005197469823,3.29971461445075e-05,0.001068755963325178,0.12688319944828194,0.0012958314852163744,0.06736340554741845,4.488483992264661e-05,2.706710203776138e-06,2.1570634821014267e-16,7.931988724033622e-15,3.9174756264953186e-13,4.139731191711641e-14,1.6554727202934532e-11,2.5757258190946195e-10,0.003399569531934259,0.05051696516324011,2.022843131270364e-09,5.871068260439145e-11,1.190163207041388e-13,1.0725632843655192e-13,3.543303893943292e-12,1.4473831065929264e-16,3.764799875955915e-13,1.5412900187891682e-15,1.0657479831108238e-13,5.255724325918325e-17,9.629918322855735e-18,2.7500035020743683e-13,1.0867738823321474e-11,1.921530844356791e-14,1.983237392877431e-10,7.539063082604076e-10,1.856410681934968e-10,2.4601580647557805e-10,9.393423761348344e-10,5.9517876108627634e-05,1.5422255904011726e-07,4.456785479387091e-07,9.272416977223382e-09,1.9180817277728448e-11,1.0359100394097617e-07,2.662022184424367e-12,1.2584580845296008e-16,2.83235095066531e-10,3.147067980683525e-10,3.193693714487644e-08,2.606745289035258e-09,0.7492221635694042,1.630971333285318e-20,2.2128543050124776e-26,2.7905168030580607e-25,1.1553986011180097e-14,2.673438397881575e-15
0.014755944931163955,0.4918648310387985,1338.1558786652301,0.25394431619630914,9.55097148363709e-05,2.5441637975566204e-05,0.0008726806454728369,0.13585129997039422,0.0010229892520602288,0.06323737006283528,5.0829575309735904e-05,3.7146870450628995e-06,4.765417036317175e-17,2.3104663185158305e-15,1.5128086577123712e-13,1.576643618943556e-14,7.709261496800498e-12,1.4635625143218728e-10,0.0029097777184409097,0.04553724568402043,1.440696641624892e-09,3.2167570086164235e-11,4.723719475297317e-14,6.358317409340654e-14,2.2022734168160725e-12,2.825628310992014e-17,1.1762316309603668e-13,3.9849490101317823e-16,3.926603987854151e-14,2.226907771806774e-17,5.304413152195857e-18,9.028511625603848e-14,4.558720308584064e-12,6.6299140341015716e-15,1.1776711729542182e-10,5.221578164153528e-10,1.2037977330596544e-10,1.6751516496821e-10,6.653513796404454e-10,5.418718294892581e-05,1.8695235908128843e-07,4.15605967469912e-07,9.013924101609451e-09,9.345835949252932e-12,8.270392746918407e-08,2.526417850267192e-12,4.2730912598830777e-17,1.7574382602705964e-10,2.1956661730530828e-10,2.4716574504861467e-08,1.7659010886549429e-09,0.7503382294345101,1.4033963837492417e-20,5.8370830846284255e-27,8.814834932007983e-26,5.846868653963732e-15,1.030260629775034e-15
0.014793491864831039,0.493116395494368,1275.6502687740453,0.2669742719543748,8.48991192109807e-05,1.896869276769171e-05,0.0006841409219026809,0.14454345380743178,0.0007876932856528682,0.05908924844493638,5.734156638780141e-05,5.203673715886119e-06,8.926613327328668e-18,6.233661323084764e-16,5.832272191421591e-14,5.989154071406144e-15,3.7393240176226174e-12,8.925510016757106e-11,0.0025025856442121306,0.0407693312011301,9.923022876466464e-10,1.9122752000220266e-11,1.9110101607470135e-14,4.1992921083651256e-14,1.507875036783634e-12,4.760015798786607e-18,3.7911280391277675e-14,9.587998487311738e-17,1.49624500014299e-14,1.0002804878544642e-17,3.279548511919475e-18,2.862194515913448e-14,1.9513092288756765e-12,2.38918956578439e-15,6.728261095155575e-11,3.52734674200031e-10,7.921977077010984e-11,1.1801392119277514e-10,4.4837978722365254e-10,4.909566417280217e-05,2.3392670307525846e-07,3.80973535609626e-07,8.823820433253417e-09,4.304852392379266e-12,6.788983880625611e-08,2.5378183475973077e-12,1.3837836041415452e-17,1.125178985560267e-10,1.5568673090947918e-10,1.962339312625352e-08,1.195397400911594e-09,0.751407323059509,1.2491950164277384e-20,1.7014981388113218e-27,3.142202064395927e-26,3.1979518373236043e-15,4.1428343965347946e-16
0.014831038798498123,0.49436795994993743,1211.1325418665003,0.28182426229878416,7.696118985724746e-05,1.3647001763366939e-05,0.000512545497181775,0.15289327252728585,0.0005944033774748341,0.05493600010480158,6.4390955589373e-05,7.252158152776873e-06,1.8463515636644676e-18,1.8383227453926518e-16,2.4691305674874233e-14,2.5054748844821747e-15,2.004273840888197e-12,6.030919506649957e-11,0.0021659745715041927,0.036256065105051,6.610853285383265e-10,1.2699820183328448e-11,8.616683030464732e-15,3.205843647174133e-14,1.167986187668208e-12,9.677136493589108e-19,1.4865487093383826e-14,2.6835060461752493e-17,6.630805603037843e-15,5.1680502605842056e-18,2.3523657062099395e-18,1.0009765602538123e-14,9.26835838223825e-13,1.0268232296072011e-15,3.752852928069049e-11,2.328783411339759e-10,5.367662774446973e-11,8.720543072070812e-11,2.873082032373308e-10,4.425715503736203e-05,3.071874449587765e-07,3.435994729889928e-07,8.679375930491183e-09,1.9567088589190243e-12,5.724242337266307e-08,2.6981981330245705e-12,4.827584423972887e-18,7.642211982887638e-11,1.1384950093317611e-10,1.602783861191069e-08,8.147505274096046e-10,0.7524344951392663,1.1214413065460356e-20,6.7362922640775265e-28,1.465599892470502e-26,1.97609944644284e-15,1.9255252787339403e-16
0.014868585732165207,0.49561952440550694,1145.036644936239,0.29877579155255635,7.092136338107426e-05,9.408665257565319e-06,0.00036588341126151443,0.16086387255251278,0.0004404512121489307,0.05080124457972404,7.170877611376822e-05,9.614337864906001e-06,3.637785162870844e-19,5.451983338219965e-17,1.1007606706584253e-14,1.1055885682995326e-15,1.1515686297471697e-12,4.413148401312071e-11,0.0018824078568146527,0.032014730287476506,4.21691011603059e-10,9.077115997602459e-12,4.133866285633635e-15,2.779017407696863e-14,9.989903649393911e-13,2.0533290153180222e-19,6.7666254073319755e-15,8.068343279146587e-18,3.303997164575684e-15,2.9690784106864752e-18,1.8792864652085475e-18,3.65159009472573e-15,4.753819929737517e-13,5.049129758788762e-16,2.0186858498392487e-11,1.4909909963836525e-10,3.700418748800475e-11,6.697051448656971e-11,1.733552858916352e-10,3.9653825804771083e-05,4.2981370975074395e-07,3.0565556432799583e-07,8.535955093838446e-09,8.575799157353701e-13,4.904654417823904e-08,3.017154692743668e-12,1.7084325636728256e-18,5.4714558286582034e-11,8.575596362697543e-11,1.3347632190351785e-08,5.538521756329923e-10,0.7534292950796111,9.931240317998229e-21,3.3542626258848806e-28,8.362654057055192e-27,1.3361301996569919e-15,9.947455226345938e-17
0.014906132665832291,0.4968710888610764,1077.8990763149498,0.3179495483278399,6.61183868573763e-05,6.105675909000425e-06,0.00024652540973022115,0.16845819768031914,0.00031888269355732825,0.04670362167795963,7.878815181429412e-05,1.1887806916381057e-05,5.98922152064473e-20,1.491611396854402e-17,4.948161710184985e-15,4.924306628235391e-16,6.883638967009581e-13,3.4208187238389786e-11,0.0016374822363976588,0.02803616123742173,2.5137164882730226e-10,6.742997625657347e-12,2.0063681221510283e-15,2.6707418419016415e-14,9.13964180376669e-13,4.2511981266747346e-20,3.5121792568175485e-15,2.488846425105409e-18,1.8170397418639853e-15,1.840684968040071e-18,1.5980013486548503e-18,1.3254644850188646e-15,2.576452565150513e-13,2.784815327693311e-16,1.0172967555929115e-11,9.113744065627026e-11,2.554986055593862e-11,5.290876090091754e-11,9.55751540214544e-11,3.5246828682275775e-05,6.319755018116647e-07,2.685165916530935e-07,8.33716849087012e-09,3.4424014585106934e-13,4.230221501885744e-08,3.5117680988267544e-12,5.717813677278706e-19,4.087082542371302e-11,6.626219830878235e-11,1.1229314393773686e-08,3.7071943620353156e-10,0.754400018775795,8.752457361313259e-21,2.041738805970847e-28,5.577105758698527e-27,9.581671077371958e-16,5.540314832763987e-17
0.014943679599499375,0.49812265331664585,1010.2183878612947,0.3400877742311986,6.221685515801276e-05,3.7669506230070535e-06,0.00015983409747990764,0.17559617279272804,0.00022815871571929428,0.04267447541175143,8.434363604456335e-05,1.3577210810617092e-05,1.1591567130820057e-20,4.491840519252713e-18,2.3923952026180846e-15,2.36426225160718e-16,4.3668299001056063e-13,2.7990763839158737e-11,0.0014270371370981108,0.024370075259648863,1.4290585025673266e-10,5.131616174158866e-12,1.0234865886833598e-15,2.8012068417731525e-14,8.685107026002218e-13,1.1188396533763116e-20,2.1876830133711576e-15,9.202631207153531e-19,1.1547934424870102e-15,1.2380929764564582e-18,1.388447779920661e-18,5.429991971222558e-16,1.5532456102682432e-13,1.7977982077047188e-16,5.10944214724671e-12,5.4969018074542215e-11,1.7901872683582994e-11,4.32388952008233e-11,4.957373555588145e-11,3.102578356718906e-05,9.92389554195383e-07,2.3345696637702803e-07,7.968347148055683e-09,1.3922308816465379e-13,3.661454698876011e-08,4.27917840159858e-12,2.0476028610431615e-19,3.214502891290303e-11,5.312881042413506e-11,9.531357349352346e-09,2.498127989380995e-10,0.7553480354777236,7.67860040894301e-21,1.5307972262616914e-28,4.2317890513694086e-27,7.183925294918269e-16,3.424838767259991e-17
0.014981226533166457,0.49937421777221525,942.7290467348075,0.36512444719654524,5.87717225025607e-05,2.1287524203874757e-06,9.830717572482996e-05,0.18233333208552358,0.0001584498296615858,0.03872474878696104,8.695441016364465e-05,1.4533311736369816e-05,1.5579245094218873e-21,1.1238053245601284e-18,1.1084671333713306e-15,1.0870631020774969e-16,2.76951533838562e-13,2.3460535715888987e-11,0.001239804118417395,0.020975377169070886,7.361687371233754e-11,3.860155954777e-12,4.965749232995858e-16,3.055781674376607e-14,8.266652331659792e-13,2.5930316034059114e-21,1.491329719320722e-15,3.293705406192509e-19,7.881127030613428e-16,8.3626819943316445e-19,1.1839578717315526e-18,2.158436629234992e-16,9.786660770466944e-14,1.2557128723000642e-16,2.3896647773533636e-12,3.167935399766925e-11,1.2425870488381935e-11,3.59391322638222e-11,2.258677310037256e-11,2.6929419405741496e-05,1.5444657798832907e-06,2.0072875499143714e-07,7.357460049131667e-09,4.917414706213918e-14,3.1543536611266295e-08,5.35301571092983e-12,6.364063823790175e-20,2.589893287766846e-11,4.3373141958945255e-11,8.076868713243888e-09,1.6588607997689826e-10,0.7562788705785243,6.6692436306888615e-21,1.2698080237245496e-28,3.337580170550268e-27,5.310507910205733e-16,2.177718964836496e-17
0.015018773466833541,0.5006257822277848,876.1387306773344,0.3936468267128898,5.5625633575246626e-05,1.104336635977139e-06,5.882322942299484e-05,0.18863255838571502,0.00010721765583641092,0.03487998527216426,8.468552838531431e-05,1.467207664204598e-05,1.998909686454014e-22,2.6616103922853196e-19,5.075930847746495e-16,4.9366072076074574e-17,1.7617808656246648e-13,2.0010090923576623e-11,0.0010732544445675352,0.017874746600450964,3.471756299762609e-11,2.8538516363721374e-12,2.3683535541511603e-16,3.330766470702397e-14,7.732223041160686e-13,6.251492328514091e-22,1.1087945256744581e-15,1.2306284717306738e-19,5.793639088286921e-16,5.496810802844617e-19,9.759467258923738e-19,8.991336584869615e-17,6.583094178146529e-14,9.453835300405387e-17,1.0910210531824265e-12,1.782394702371872e-11,8.650771547457347e-12,3.0361263415853057e-11,9.201219731909482e-12,2.2963894024829604e-05,2.3074257559485673e-06,1.7076569604980042e-07,6.442060121278218e-09,1.619968305946177e-14,2.699504065704944e-08,6.736639122414037e-12,1.858665891547653e-20,2.1278455951652218e-11,3.593506864702901e-11,6.819375355450092e-09,1.1029142301793373e-10,0.7571918441779856,5.729369878418487e-21,1.0860473087284174e-28,2.6509504385804556e-27,3.728237464688291e-16,1.431020593437532e-17
0.015056320400500625,0.5018773466833542,811.2456973859619,0.4260427430182725,5.2647302473014516e-05,5.200717811130378e-07,3.478699694706913e-05,0.1944897314188328,7.071221445276477e-05,0.031161313320760973,7.661696272626156e-05,1.4123421982960856e-05,1.9309754087218315e-23,5.493827166178768e-20,2.245482271880221e-16,2.160883741585736e-17,1.1074302453651994e-13,1.718304242052591e-11,0.0009238438511131268,0.015066515519838189,1.478283940560243e-11,2.071749373769278e-12,1.1056101644481676e-16,3.4282972707612317e-14,7.03385380591432e-13,1.4054056343576056e-22,8.650742981855318e-16,4.5334276355819887e-20,4.452439257696829e-16,3.3455560800325025e-19,7.800103108026957e-19,3.8141735366349923e-17,4.6478952990451805e-14,7.405219367287481e-17,4.848954465457057e-13,9.718287415203137e-12,6.068047315861127e-12,2.588768161525085e-11,3.2891001960899095e-12,1.9192851419553874e-05,3.1695483625144452e-06,1.4365818218438872e-07,5.293977457448811e-09,4.819737312280521e-15,2.2887630964439215e-08,8.08436089225811e-12,4.8145216545168344e-21,1.759814696226904e-11,2.987535990261015e-11,5.715282531067132e-09,7.330053246611927e-11,0.7580866487411776,4.858957620099202e-21,8.655506893113946e-29,2.068287348668488e-27,2.3756248074528177e-16,9.53855204825938e-18
0.01509386733416771,0.5031289111389237,748.5454786650766,0.4623082529889313,4.97626367504178e-05,2.0984948162656304e-07,2.028275627844416e-05,0.19993371555262893,4.5185845688519744e-05,0.027576303559034836,6.402081187803636e-05,1.3105282334093544e-05,4.366689643895953e-25,8.412500386581473e-21,9.17895826264414e-17,8.697520514449724e-18,6.739575663940106e-14,1.4736005911968622e-11,0.0007883255474508576,0.012525651022919892,5.292053489433726e-12,1.4766639628550432e-12,4.922865954688149e-17,3.2138910424551027e-14,6.214577363179795e-13,2.5543079471881245e-23,6.888230771109656e-16,1.525084555993681e-20,3.490637967828606e-16,1.7761610759652337e-19,6.096363207153631e-19,1.573802606054774e-17,3.373325193314129e-14,5.87472008542275e-17,2.0309157663870656e-13,4.9621191804061554e-12,4.278091203956467e-12,2.211500874375497e-11,9.334849752441427e-13,1.5702672314821185e-05,3.9498352520256975e-06,1.1918220873336401e-07,4.07854735901397e-09,1.1686624717153324e-15,1.915753270283366e-08,8.906406869597862e-12,9.677238074666694e-22,1.4489169957721473e-11,2.467344118085812e-11,4.733234555634579e-09,4.7997066720550177e-11,0.7589636373144266,4.052932018604945e-21,6.135896645344452e-29,1.5701826891053625e-27,1.2987744746445893e-16,6.336482843593229e-18
0.015131414267834794,0.5043804755944932,689.1365775260764,0.5033837909489587,4.693836092517933e-05,8.031466631827694e-08,1.2346415587586176e-05,0.20488879604440977,2.9142026185301252e-05,0.02416933041757876,4.9154532188592854e-05,1.1758137983170273e-05,3.707815916146866e-25,1.4876196186580629e-21,3.910133728772411e-17,3.637901353865044e-18,4.104462895292321e-14,1.2598053950095845e-11,0.0006673520616639766,0.010290470086676905,1.8153221885370612e-12,1.0611582349095402e-12,2.323342514069392e-17,2.6409478266363508e-14,5.329001489524481e-13,5.338127597958838e-24,5.554597170172676e-16,5.4687889338632315e-21,2.7775495953089994e-16,8.405545675853525e-20,4.750701118174556e-19,7.01455173052036e-18,2.5249527559464716e-14,4.680619978995128e-17,9.057012314323805e-14,2.5028925162770463e-12,3.105628411412933e-12,1.8901982657357112e-11,2.5693744710712817e-13,1.2668487151074073e-05,4.417610981069092e-06,9.77102684756376e-08,2.9901826775970247e-09,3.007355425655738e-16,1.5848127488466607e-08,8.742739435097393e-12,2.1053931840152924e-22,1.1853153619458163e-11,2.0211969926658787e-11,3.8787564896126245e-09,3.1597336917827135e-11,0.7598174249543966,3.3222755798599244e-21,3.9348726233167905e-29,1.1736274088135276e-27,6.154311767378103e-17,4.28945719453097e-18
0.015168961201501878,0.5056320400500626,633.1252885541247,0.5487532551812179,4.414019247299238e-05,2.5757878023913956e-08,7.572763910200565e-06,0.20941568570663655,1.8659801913312465e-05,0.02093548670175378,3.523388717593544e-05,1.0284200866714233e-05,0.0,1.8261589547032257e-22,1.5676640998672377e-17,1.4199311002171497e-18,2.417430821633215e-14,1.0669771428183135e-11,0.000558060679094659,0.00831223280403105,5.057523892676464e-13,7.600595602696395e-13,1.0688330119063992e-17,1.9403938409595347e-14,4.448161359651682e-13,8.328480504645758e-25,4.452355923319986e-16,1.7791403566070033e-21,2.1994159736246138e-16,3.335819961606306e-20,3.6732882479816356e-19,3.0149569953875514e-18,1.8923416135350703e-14,3.679147379377095e-17,3.940189463759812e-14,1.1640747447325569e-12,2.276900784179154e-12,1.6043492669638006e-11,5.30840599521297e-14,1.0078600046353453e-05,4.534963423296652e-06,7.875215321028587e-08,2.1133875849403315e-09,6.075510170483005e-17,1.2892325706271217e-08,7.884886117803377e-12,3.405267673844203e-23,9.550012398943682e-12,1.629494170070832e-11,3.126582393502687e-09,2.0297988524033632e-11,0.7606479069634468,2.6569495054712643e-21,2.3360230259943978e-29,8.590820892512935e-28,2.3639406410951792e-17,2.8822096326913773e-18
0.015206508135168962,0.5068836045056321,581.2353577009345,0.5987007044529161,4.1356792120980654e-05,7.862492132981902e-09,4.802077899008394e-06,0.2134772222291845,1.216833617904058e-05,0.01790712598133657,2.405641630407888e-05,8.78561515436293e-06,0.0,2.422051770260734e-23,6.4210587713880716e-18,5.62683119983382e-19,1.40652304380597e-14,8.94161004340222e-12,0.00046084097684612787,0.006602407676067628,1.331806748066666e-13,5.472927082258784e-13,5.085535635459906e-18,1.2910910532734637e-14,3.6167305444042857e-13,1.3154070818960142e-25,3.537024602237993e-16,5.965314420759693e-22,1.7286279687046262e-16,1.2004921674046877e-20,2.82293433832044e-19,1.3287340176045536e-18,1.4162819501852e-14,2.845615193076556e-17,1.8182377615928874e-14,5.20341409100899e-13,1.6978278895089416e-12,1.3499578848037735e-11,1.0314789278865531e-14,7.94950275498669e-06,4.3124877520353605e-06,6.240922981251257e-08,1.4738621457499123e-09,1.1995504706994711e-17,1.0309792234556384e-08,6.644333999180133e-12,5.7134291703374186e-24,7.57205404145286e-12,1.2922917675245762e-11,2.4790265192804415e-09,1.287671969801544e-11,0.7614488873031199,2.062122188710607e-21,1.336538991727724e-29,6.1977814414068565e-28,7.822943428737321e-18,1.942733387867716e-18
0.015244055068836046,0.5081351689612016,533.9508731235862,0.6528784111304807,3.8584189791558536e-05,2.42043357685713e-09,3.134332001836323e-06,0.21706881968871808,8.098133403595715e-06,0.015107852039052702,1.6055871691748332e-05,7.350386556126801e-06,5.146655570849871e-26,3.15473208778878e-24,2.663000317002051e-18,2.2417311277154384e-19,8.09316318981253e-15,7.401547931968854e-12,0.0003753747863550119,0.005151017077093997,3.456274134315807e-14,3.9434713291742945e-13,2.4782711234783306e-18,8.005530580462704e-15,2.868291367573832e-13,0.0,2.7727950935700306e-16,2.034083686906965e-22,1.342031215434862e-16,4.171100135336037e-21,2.1457518875392075e-19,5.913082614048078e-19,1.0499703012403046e-14,2.1583952995973258e-17,8.887793111910288e-15,2.2398473580685e-13,1.2816751112724475e-12,1.123208675436585e-11,1.900090159068852e-15,6.223019164841482e-06,3.8589324080450014e-06,4.8573323599543904e-08,1.028074866489991e-09,2.167580672539618e-18,8.093116499841986e-09,5.351967730753984e-12,9.56449030594611e-25,5.8982121471785085e-12,1.006705304957207e-11,1.9308824050799496e-09,8.072584063497705e-12,0.7622135694440165,1.5380771966519805e-21,7.51904424662355e-30,4.400293476120485e-28,2.3694903991015198e-18,1.307819309339789e-18
0.01528160200250313,0.509386733416771,491.1990566960751,0.7102687458833696,3.582595264324396e-05,7.566159130156771e-10,2.072513176852089e-06,0.22023148626216407,5.432346290826264e-06,0.012536706456715698,1.0511723297103075e-05,6.01867799205778e-06,0.0,3.8215672740033015e-25,1.0658630685888492e-18,8.524458151565738e-20,4.51736430163506e-15,6.029575367042332e-12,0.000300419060452292,0.0039250231638656595,8.70117850678304e-15,2.807711863645451e-13,1.1923641636473853e-18,4.615738763687018e-15,2.2113219306605322e-13,4.388757086546161e-26,2.1301243091928389e-16,6.60887229247532e-23,1.0212215761122178e-16,1.4015885322449443e-21,1.5979174834238635e-19,2.53433862606441e-19,7.620252044890471e-15,1.5931133530717188e-17,4.481787387111092e-15,8.887043244578969e-14,9.703182030539722e-13,9.20312528173544e-12,3.1814866184261987e-16,4.809458289060463e-06,3.2906995932166064e-06,3.691601823266917e-08,7.132915798388649e-10,3.111944816955648e-19,6.201509414781508e-09,4.155516608000798e-12,1.5173275598370032e-25,4.487203574409661e-12,7.658984915991782e-12,1.4688649968336785e-09,4.93044008539239e-12,0.7629383575887065,1.0783567043052698e-21,4.0945895788975184e-30,3.0382382806416826e-28,6.533245195587785e-19,8.656674707302802e-19
0.015319148936170214,0.5106382978723405,453.9574944163365,0.7699454380319652,3.309793133570148e-05,2.912486855504546e-10,1.4214068919155634e-06,0.22290837069480224,3.7577439858684403e-06,0.01024964586111268,6.982789749388052e-06,4.840428546193477e-06,0.0,7.047318268285113e-26,4.604372848112328e-19,3.506651669443634e-20,2.5757076183263297e-15,4.848211153272472e-12,0.00023718527743636145,0.0029406629109375425,2.7341564245758517e-15,1.9976348358044427e-13,6.066975761708378e-19,2.5968382855266058e-15,1.6678979783836726e-13,2.7207722719640996e-26,1.6124562038242008e-16,2.4018848244598008e-23,7.661827321904729e-17,5.557227467655235e-22,1.1738641340783375e-19,1.1466132424605001e-19,5.4597034288107576e-15,1.153894176637678e-17,2.494518286657327e-15,3.677631728398448e-14,7.435599159314748e-13,7.441106214486585e-12,7.243495518457183e-17,3.694355286573183e-06,2.6893477472759272e-06,2.7585141104549016e-08,5.016041162005652e-10,5.65109897728646e-20,4.6659499419295395e-09,3.1431197363972005e-12,3.366358068250008e-26,3.3566401758473018e-12,5.7293417717576084e-12,1.0987353854204833e-09,3.0405930252014724e-12,0.7636076170791767,6.910979886093388e-22,2.2785035161751825e-30,2.0680057904620963e-28,2.150565740374385e-19,5.742438621965107e-19
0.015356695869837296,0.5118898623279099,421.58473741108753,0.8298546000060439,3.0413461561976138e-05,1.1311698094858605e-10,9.83450278374989e-07,0.22518117034799207,2.6135242030335614e-06,0.008221972468118635,4.602061506955842e-06,3.809548130110163e-06,5.5875156345028236e-27,1.1208503334523152e-26,1.9146896866554425e-19,1.3761399451317243e-20,1.4394737824324682e-15,3.827683313101087e-12,0.00018359232335461023,0.002145402896636165,8.172729989556713e-16,1.3937349991060428e-13,3.014613084855533e-19,1.3740556931369818e-15,1.221525154659367e-13,4.332405170337757e-29,1.1911883266323133e-16,8.222270567695464e-24,5.607146124272028e-17,2.23441597505614e-22,8.397294154273257e-20,4.94165062606876e-20,3.800957254570555e-15,8.099488720525682e-18,1.4299491949619105e-15,1.429842446632919e-14,5.691333003734781e-13,5.905524350230935e-12,1.4826950678638668e-17,2.7927688123885058e-06,2.118500724752581e-06,2.006766352956112e-08,3.5003650073346527e-10,7.972255878983671e-21,3.4150203306996737e-09,2.305197327987265e-12,6.646161869170232e-27,2.4448483090159672e-12,4.173053259579134e-12,8.002551534251571e-10,1.8352126310820382e-12,0.7642205038802832,3.6372826759855453e-22,1.2316801458464854e-30,1.3595580536398238e-28,6.796541726545469e-20,3.7177827644058385e-19
0.01539424280350438,0.5131414267834794,394.33585619471,0.8880437000757294,2.77953185590308e-05,4.753951832873809e-11,6.936794570136361e-07,0.22704743279800502,1.846145142722692e-06,0.0064767881606567265,3.0514922564916804e-06,2.9391738558744098e-06,0.0,2.108603538871751e-27,8.19551916607873e-20,5.570804538095365e-21,8.146737308775459e-16,2.9719918028298083e-12,0.00013962497269139794,0.0015295546436308077,2.6094640574907573e-16,9.585043887414067e-14,1.5136345823047802e-19,7.020502708563145e-16,8.717437626299824e-14,0.0,8.613810384416373e-17,2.9391892039065073e-24,4.0152611613620376e-17,9.796284743873574e-23,5.871548704033119e-20,2.142415976139868e-20,2.582620955924074e-15,5.534693893188724e-18,8.668639125595423e-16,5.7419885827363434e-15,4.3691321164353095e-13,4.605279925588871e-12,3.470789501594089e-18,2.0837654725243405e-06,1.6135069499736415e-06,1.4264510373956695e-08,2.4415342742371083e-10,1.2771406962325056e-21,2.4388720671318594e-09,1.6459523746723513e-12,1.4754389063646305e-27,1.7401074172330207e-12,2.9701535428432497e-12,5.695681802431115e-10,1.1065518586982888e-12,0.7647665587624659,9.622476195494633e-23,6.651570981021707e-31,8.695009851061676e-29,2.290485493701609e-20,2.37163731880049e-19
0.015431789737171464,0.5143929912390488,372.0171840508521,0.9421875462320857,2.5269197920266898e-05,2.1153718034645672e-11,4.979036707429825e-07,0.22853911442115996,1.3230276852750884e-06,0.0050150498853446645,2.038064599369141e-06,2.2264489590830035e-06,0.0,4.243845440228643e-28,3.5991499268061056e-20,2.32060529515335e-21,4.69990261742089e-16,2.2719892298044668e-12,0.00010446901998934128,0.0010675829541181218,8.626521226607564e-17,6.498155219560518e-14,7.630147270263641e-20,3.4855291799081657e-16,6.076778096929394e-14,0.0,6.106404788954883e-17,1.0870755685078487e-24,2.817399794902163e-17,4.545795610720619e-23,4.01865682698199e-20,9.31737374366651e-21,1.714832385134612e-15,3.6896680465334865e-18,5.492298326667713e-16,2.4318647470822125e-15,3.3625464938450085e-13,3.53185619341645e-12,8.840721254694804e-19,1.5354269805101239e-06,1.19370511140525e-06,9.925567018617796e-09,1.7008830090208224e-10,2.1487780713701795e-22,1.7025015447593054e-09,1.1473175915466744e-12,3.437217054412958e-28,1.2124710032838821e-12,2.0695435446635058e-12,3.968595884812066e-10,6.689007399544875e-13,0.7652396877166359,0.0,3.591651333222414e-31,5.419956254525568e-29,7.962380565984379e-21,1.4916579298267871e-19
0.015469336670838548,0.5156445556946183,353.8549780157404,0.9910288649209577,2.2847136710476856e-05,9.526595988340921e-12,3.5976911156101957e-07,0.22972529029275,9.521487027866547e-07,0.0038014584854754365,1.3540170760432078e-06,1.6479779535192703e-06,6.895151076278909e-27,8.213322716461015e-29,1.5541246506357932e-20,9.51024056560987e-22,2.7158480642636543e-16,1.7021021850772704e-12,7.647156370314179e-05,0.0007228686549963225,2.744444483819473e-17,4.2905374258026157e-14,3.716656139991858e-20,1.6261153485180904e-16,4.101279699447387e-14,0.0,4.208469324107094e-17,3.932317223255585e-25,1.9196505159058068e-17,2.1133656808522013e-23,2.6641197335968337e-20,3.8788568731334075e-21,1.0986941867448788e-15,2.3711574141352504e-18,3.548953855666314e-16,1.0631037945837488e-15,2.5784232496718346e-13,2.6515345834390133e-12,2.2859320592793296e-19,1.109492671690886e-06,8.545298049974923e-07,6.698186252870385e-09,1.1702701369393426e-10,3.481832909788122e-23,1.151151040152216e-09,7.739546871551663e-13,7.545752327006045e-29,8.194766184648271e-13,1.3987495210615447e-12,2.6822506417587613e-10,3.98320591022549e-13,0.7656447776787045,0.0,1.8858420121764976e-31,3.237608602762113e-29,2.6556809751710258e-21,9.096216250508854e-20
0.015506883604505632,0.5168961201501877,339.90510751731006,1.0324306045710898,2.056711148261526e-05,4.716316872755377e-12,2.654201439668529e-07,0.23061163115262184,6.985231178087345e-07,0.002849351087296507,9.161550189109943e-07,1.2063519374626386e-06,2.613132227284038e-25,5.7542221165401616e-27,7.259368647687976e-21,4.273720746561353e-22,1.6457544287579202e-16,1.2636074537521993e-12,5.5484614626210854e-05,0.0004846354954191701,9.923267976757545e-18,2.822284286967326e-14,1.867615956727341e-20,7.730554181092956e-17,2.7365633136937798e-14,0.0,2.872637969913597e-17,1.5946273141383087e-25,1.29531324986279e-17,1.048604095645696e-23,1.7498417767568633e-20,1.7122746975377135e-21,6.973838701215536e-16,1.5080384133209506e-18,2.387301243847234e-16,5.315566690280872e-16,1.988834876400309e-13,1.969772401960185e-12,7.569348735526889e-20,7.97222948489748e-07,6.01354024502123e-07,4.47607186742887e-09,8.100924101729462e-11,8.072429783440472e-24,7.695250681038983e-10,5.159626134833707e-13,0.0,5.484478187914908e-13,9.361356180004388e-13,1.7951326331624801e-10,2.426910738176592e-13,0.7659738399947337,0.0,1.0182517200005683e-31,1.9203556351080827e-29,9.903541905458896e-22,5.557272050945475e-20
0.015544430538172716,0.5181476846057572,329.0540089676441,1.066909948530077,1.842642078559773e-05,2.3481777965583577e-12,1.9651545725034146e-07,0.23128407058752407,5.136926758143147e-07,0.0020966425270862858,6.16807906616027e-07,8.65549166190906e-07,9.036889477109255e-26,0.0,3.3392582937927505e-21,1.8966781191905828e-22,1.004085402861372e-16,9.217980373191995e-13,3.949894818707138e-05,0.00031629801880469523,3.4331961455524733e-18,1.811223832190453e-14,9.014995581940393e-21,3.480974552354492e-17,1.774819427395734e-14,0.0,1.9125370262718902e-17,6.329144132569423e-26,8.514573391558354e-18,5.07386852884661e-24,1.1169638903527866e-20,7.239338361507868e-22,4.2847272244436134e-16,9.279895502596575e-19,1.616382064321558e-16,2.7496299698637724e-16,1.528095199524329e-13,1.436345876548587e-12,2.5676160418370185e-20,5.628267789099376e-07,4.118752763059218e-07,2.9110548202160457e-09,5.53870802348995e-11,1.822154619586029e-24,5.000519165766567e-10,3.3421003000062493e-13,0.0,3.572817405528627e-13,6.098377659855349e-13,1.1694211028396115e-10,1.4593878951055183e-13,0.7662418926405488,0.0,5.347533179631996e-32,1.0950519944578322e-29,3.527715356672569e-22,3.298409218051301e-20
0.0155819774718398,0.5193992490613267,320.92903243165944,1.0943051007407534,1.6442588446449845e-05,1.2194949017244637e-12,1.4674365506071032e-07,0.23177328501149866,3.80811673383183e-07,0.00152424425844685,4.1748172187954345e-07,6.132451538425618e-07,1.4214556077104947e-25,7.463378558543176e-30,1.584517304964437e-21,8.75978266954928e-23,6.284525111876584e-17,6.652287887302038e-13,2.7805181236429946e-05,0.00020344070356235276,1.2440211549498815e-18,1.1489068808769774e-14,4.3312848585727656e-21,1.557156339384148e-17,1.1331201000531253e-14,0.0,1.2559205740230807e-17,2.632355243087999e-26,5.517336201324326e-18,2.4686030204129444e-24,7.024029431985615e-21,3.0979987421467247e-22,2.5889661759119305e-16,5.613551691896616e-19,1.1096302942623349e-16,1.5060093794542735e-16,1.1744935398325444e-13,1.0350148021568133e-12,9.9594942740448e-21,3.9352530463877943e-07,2.7734518972015456e-07,1.8656939030103907e-09,3.7755425833331e-11,4.9640008018960755e-25,3.198514922578129e-10,2.1304039561981897e-13,0.0,2.2937425164174237e-13,3.9151479336186343e-13,7.507650037133597e-11,8.816048741062175e-14,0.766452550801743,0.0,2.810215530249419e-32,6.131620397145085e-30,1.3090972101962797e-22,1.9371322360645994e-20
0.015619524405506884,0.5206508135168961,314.98832792800084,1.1152543030218822,1.4624430399922034e-05,6.570406991124297e-13,1.1046098661341631e-07,0.23212020982370152,2.8457579472747606e-07,0.0011002018496509673,2.8461142583804586e-07,4.313856278436456e-07,1.3751511660208575e-25,0.0,7.741997709364945e-22,4.194301671204822e-23,4.032451978725183e-17,4.771831058406852e-13,1.945766160650954e-05,0.00012994272332273994,4.679258806822108e-19,7.253917314938421e-15,2.0833561389674194e-21,6.986426692383541e-18,7.1789827770751e-15,1.1455956978326091e-33,8.19253834301424e-18,1.1396167254865327e-26,3.5505534439242784e-18,1.2057979846252926e-24,4.387148075603311e-21,1.345861996443784e-22,1.5524410899664173e-16,3.3689206861683573e-19,7.707393858907747e-17,8.554733938921774e-17,9.042424418535649e-14,7.407208621469592e-13,4.291727230604074e-21,2.738492485157809e-07,1.8501861317285134e-07,1.1874395153471282e-09,2.5756402158005518e-11,1.7601044245385108e-25,2.030006463295648e-10,1.347353744380519e-13,0.0,1.462391873666376e-13,2.4961304879055873e-13,4.7865499731514245e-11,5.369127509257958e-14,0.7666139921429932,0.0,1.4853952804974805e-32,3.406737187504725e-30,3.8288965341036465e-23,1.1346453740706951e-20
0.015657071339173968,0.5219023779724656,310.6073630883446,1.1312031014368842,1.2957552703816459e-05,3.5538016908416395e-13,8.315587825694755e-08,0.23236846060470698,2.12658211155426e-07,0.0007841910733571031,1.9322528307320046e-07,2.9935574797422175e-07,3.3396042997223833e-26,3.579462368296597e-31,3.746001419305184e-22,1.9970677647359366e-23,2.6061215428356256e-17,3.3822124921681986e-13,1.3442459495217237e-05,8.154124964366949e-05,1.7116161879527987e-19,4.504498238556466e-15,9.676967549585825e-22,3.0149891464926855e-18,4.4642880262599586e-15,2.817102158198942e-34,5.2570280629880666e-18,4.880719608183849e-27,2.2456933139486396e-18,5.686683178460301e-25,2.6896925664418783e-21,5.666684760107542e-23,9.10997356986345e-17,1.97829348538067e-19,5.347751337083337e-17,4.855787822340055e-17,6.936186496241044e-14,5.234238107087166e-13,1.9369907467996344e-21,1.8825006199595475e-07,1.2130616218834314e-07,7.423756149302529e-10,1.7415481432898222e-11,5.256803252921659e-26,1.2645755352913392e-10,8.361766489942458e-14,2.0639353075345927e-31,9.159346401988563e-14,1.5633924392237584e-13,2.9979398193659885e-11,3.240699123444313e-14,0.7667383081908609,0.0,7.690056057899251e-33,1.843398379532453e-30,1.3424367625093e-22,6.519644192367376e-21
0.015694618272841052,0.5231539424280351,307.5706539539062,1.1425566335954422,1.1460519813907847e-05,2.0276857098515345e-13,6.332654196690244e-08,0.23253442588837395,1.608761973764113e-07,0.0005628924417419517,1.3375253512414896e-07,2.096904022691679e-07,9.280980424669807e-26,2.6197747342754548e-30,1.9280127500998058e-22,1.0178371492783191e-23,1.7441354875656024e-17,2.4169382916130235e-13,9.385400735857608e-06,5.221535140544462e-05,6.94245050567409e-20,2.861200798566537e-15,4.731458320729687e-22,1.383415046820123e-18,2.8349339946031972e-15,4.5350430346225066e-35,3.4342711952949218e-18,2.27742102636636e-27,1.448120581562302e-18,2.80488104910824e-25,1.6881212198443931e-21,2.5733420436943122e-23,5.499441640090683e-17,1.1948048119970388e-19,3.7778242092014486e-17,2.8554663430853516e-17,5.3580563137335367e-14,3.7282530780064624e-13,9.845383178964928e-22,1.3091762736207832e-07,8.066458511213739e-08,4.73836878407341e-10,1.1969826232230584e-11,4.573632811638387e-26,8.04207620654416e-11,5.299972161575199e-14,7.7588727498419644e-31,5.855529911550511e-14,9.994699189574285e-14,1.9165685590777868e-11,2.020699095429352e-14,0.7668288405835384,0.0,4.18524885850137e-33,1.0379079141561198e-30,9.730326028669192e-24,3.874383565643321e-21
0.015732165206508136,0.5244055068836045,305.4795628433795,1.1505170295291294,1.0126119121041316e-05,1.21961026193279e-13,4.88378356967951e-08,0.23264475343758595,1.2336209193284183e-07,0.0004092494351867512,9.473753935223109e-08,1.4921852204881358e-07,8.401846056026574e-26,0.0,1.0625990587450818e-22,5.572755575875529e-24,1.2107860921843093e-17,1.7510841725367262e-13,6.664478438364174e-06,3.446404446163289e-05,3.144511670774392e-20,1.8776968670652784e-15,2.474534741094179e-22,7.000845000007314e-19,1.857959869011977e-15,2.1227372561544266e-35,2.3049776306596733e-18,1.1603318822951741e-27,9.613490982574895e-19,1.4872436657306257e-25,1.096432476170336e-21,1.277223765778463e-23,3.4597737812930014e-17,7.518866514137343e-20,2.726302147409832e-17,1.751581854948852e-17,4.1764455834820676e-14,2.6927123250210333e-13,5.503089713276542e-22,9.26847456349981e-08,5.488869990518785e-08,3.1191566598521126e-10,8.40985875333654e-12,8.954796705031553e-27,5.276729810692151e-11,3.467989099632686e-14,0.0,3.859648881688766e-14,6.587965578997158e-14,1.2632979387137859e-11,1.3120933925574076e-14,0.7668941783692819,0.0,2.4318584540390898e-33,6.181873474271484e-31,4.0457366536597506e-24,2.411797439827979e-21
0.01576971214017522,0.525657071339174,303.8990618217278,1.1565937333979313,8.909662252299232e-06,7.075588976585456e-14,3.733084715956268e-08,0.23272614418479007,9.37431139422881e-08,0.00029254098324847145,6.60280593589115e-08,1.041942630461065e-07,0.0,0.0,5.515381219170836e-23,2.8822898325634274e-24,8.304157200336028e-18,1.2472713074639645e-13,4.644862035607668e-06,2.2167137329148202e-05,1.2621752524767633e-20,1.200818546412588e-15,1.1973432424696948e-22,3.295956922052387e-19,1.1855443277751142e-15,8.962200085456725e-36,1.5104831957597766e-18,5.475399173076917e-28,6.223032383955577e-19,7.345456635327837e-26,6.929437944908835e-22,5.805581462400007e-24,2.109376349032536e-17,4.5853831580630084e-20,1.9409133898092965e-17,1.0331799216210892e-17,3.224838041239971e-14,1.911188716539606e-13,2.970266433290003e-22,6.440146150782023e-08,3.648966059564959e-08,2.000323278958144e-10,5.804371127128347e-12,3.747686880748662e-27,3.3713002459426006e-11,2.208947141123232e-14,0.0,2.4788235629862396e-14,4.231059551980049e-14,8.11341061736533e-12,8.316512744396883e-15,0.766945190734757,0.0,1.3555777323848163e-33,3.5431019083372953e-31,1.7579677105631152e-24,1.455076201435146e-21
0.015807259073842304,0.5269086357947435,302.77452393756505,1.1609620064135318,7.822857544986641e-06,4.151433576866763e-14,2.8577066099710617e-08,0.2327823474338509,7.136727565669108e-08,0.0002090316154773888,4.616099468376727e-08,7.27670671835496e-08,0.0,1.1508328875589872e-31,2.859332704209861e-23,1.507307610555116e-24,5.750411151666349e-18,8.883624689370594e-14,3.2395751311256908e-06,1.4313400148543967e-05,5.1271798998716816e-21,7.715860709310344e-16,5.808596659687389e-23,1.5566304393253912e-19,7.596156557844158e-16,3.976692628139052e-36,9.931758424535387e-19,2.6193132682031306e-28,4.0428448712023737e-19,3.610018289301188e-26,4.401781325296226e-22,2.6634275352723344e-24,1.2944321429000071e-17,2.814422826365257e-20,1.386859128777369e-17,6.084211690188155e-18,2.4903949603483877e-14,1.3563436476815662e-13,1.6552647416628901e-22,4.479473025286267e-08,2.430429465797824e-08,1.288002167549801e-10,4.017380443795507e-12,1.6398022101767627e-27,2.1626852087681774e-11,1.4129191292191469e-14,0.0,1.5983323321997708e-14,2.7281648281235698e-14,5.2314829448534865e-12,5.312397274737119e-15,0.7669829569863875,0.0,7.6391888022745165e-34,2.0510447699697916e-31,7.9475701734697885e-25,8.852052568114092e-22
0.01584480600750939,0.528160200250313,302.0213120404932,1.1639152793866832,6.868749494872304e-06,2.631614381008887e-14,2.2185376671969618e-08,0.2328186551317481,5.516139547619176e-08,0.00015275403020797198,3.3223774106830066e-08,5.221019235277489e-08,0.0,1.8666744272697204e-31,1.6098743259443647e-23,8.855555327049038e-25,4.1351395149702955e-18,6.476428927070455e-14,2.3232876641810757e-06,9.696662094988791e-06,2.6325119045067187e-21,5.212389616784164e-16,3.2469116222454084e-23,8.74100836450641e-20,5.117791072494025e-16,2.1686021032305817e-36,6.818997922098402e-19,1.461853292635373e-28,2.7506842050915327e-19,2.0499726137104774e-26,2.949234110983162e-22,1.4523739442911204e-24,8.471128533215084e-18,1.8419943554334654e-20,1.0185002480624191e-17,3.8456061012095575e-18,1.946092577048999e-14,9.858816518921649e-14,1.0260830547989986e-22,3.2063150228950176e-08,1.682671859911384e-08,8.708562515441036e-11,2.86918602446594e-12,8.86203390850839e-28,1.458304945354108e-11,9.508091417423894e-15,0.0,1.0817338935776626e-14,1.846392201633426e-14,3.5406102105743073e-12,3.582517907950584e-15,0.7670094903598514,0.0,4.74419588576722e-34,1.2937461492898586e-31,4.346944763068457e-25,5.767607900654404e-22
0.015882352941176472,0.5294117647058825,301.4209039609386,1.1662758101883575,6.0003763284677865e-06,1.5215602748159485e-14,1.6883105671037226e-08,0.23284721141914022,4.176232101267176e-08,0.00010779921367646826,2.2993978679251212e-08,3.5977113203149144e-08,0.0,1.9224013960679325e-31,7.568581681240689e-24,4.479793904975145e-25,2.8639491892424674e-18,4.5566870876093974e-14,1.6002108771900961e-06,6.178951326464938e-06,9.802728740496344e-22,3.3085257416574993e-16,1.4846940522015473e-23,4.049968988684218e-20,3.2355008994232735e-16,9.403427628102544e-37,4.425848274888453e-19,6.665208396657924e-29,1.763586252595505e-19,9.705637981281023e-27,1.8497670620029472e-22,6.286890748666927e-25,5.1310748705882185e-18,1.115852805076842e-20,7.247959356043984e-18,2.2109483724498014e-18,1.4922052088872117e-14,6.909865848060964e-14,5.729223592491864e-23,2.2029256130037392e-08,1.1052730856874755e-08,5.533843785415221e-11,1.966313451135881e-12,3.764141456468696e-28,9.230763649998186e-12,6.000926581889096e-15,0.0,6.883444209363324e-15,1.1749227544836734e-14,2.2530115214195406e-12,2.2693637929695576e-15,0.7670310590611847,0.0,2.6467262157508735e-34,7.398507734433374e-32,1.8978481483664999e-25,3.4712180956357995e-22
0.015919899874843553,0.5306633291614518,301.0460071246443,1.1677615590232293,5.258532593921293e-06,1.0162465233894064e-14,1.3188622406380969e-08,0.23286432800398807,3.250559231714919e-08,7.955478891870736e-05,1.6759860986604205e-08,2.6125187060710247e-08,0.0,1.0039167253961693e-31,4.8892018090253794e-24,2.822141552445099e-25,2.100561649334119e-18,3.3563404959744665e-14,1.1622786720261513e-06,4.283209259060244e-06,5.713090858061547e-22,2.2895754194818354e-16,9.023481990329488e-24,2.5087126422263043e-20,2.232911815847694e-16,5.678110699030147e-37,3.094716195450339e-19,4.0562416956331777e-29,1.2267065795734042e-19,6.004894587279478e-27,1.271383506540851e-22,3.766915063082285e-25,3.4633330743043432e-18,7.531869228029717e-21,5.4126848113480985e-18,1.467610213026212e-18,1.1717543137427824e-14,5.07614857373074e-14,3.7953732399451825e-23,1.597666640399524e-08,7.792936316927098e-09,3.830136560444542e-11,1.4254922675496564e-12,2.2644444600377517e-28,6.37485568348752e-12,4.1377316398442504e-15,0.0,4.767894570828176e-15,8.138233766504799e-15,1.5605735603688704e-12,1.5712219935155897e-15,0.7670453007899152,0.0,1.7262589385243892e-34,4.861423914224128e-32,1.1482031219010097e-25,2.3378570334456737e-22
0.015957446808510637,0.5319148936170213,300.67111028834995,1.1692473078581012,4.516688859374731e-06,5.1093277196281745e-15,9.494139141724368e-09,0.23288144458883595,2.3248863621625765e-08,5.131036416094384e-05,1.0525743293956619e-08,1.627326091827044e-08,0.0,8.54320547243213e-33,2.209821936809822e-24,1.1644891999149e-25,1.3371741094257e-18,2.1559939043394238e-14,7.24346466862166e-07,2.387467191655373e-06,1.6234529756263718e-22,1.2706250973060773e-16,3.200023458642965e-24,9.674562957682487e-21,1.230322732272023e-16,1.9527937699574067e-37,1.7635841160121028e-19,1.447274994608191e-29,6.898269065512539e-20,2.30415119327759e-27,6.929999510787015e-23,1.2469393774974092e-25,1.795591278020314e-18,3.90521040529068e-21,3.577410266652043e-18,7.242720536025537e-19,8.513034185983233e-15,3.242431299400348e-14,1.8615228873983225e-23,9.924076677952534e-09,4.533141776979139e-09,2.1264293354737055e-11,8.846710839633824e-13,7.647474636066687e-29,3.5189477169765908e-12,2.2745366977992326e-15,0.0,2.652344932292833e-15,4.5272399881725286e-15,8.681355993181363e-13,8.730801940615576e-16,0.7670595425186455,0.0,8.057916612978197e-35,2.3243400940146485e-32,3.985580954354501e-26,1.204495971255443e-22
0.01599499374217772,0.5331664580725908,300.4596051395544,1.1700911901279805,3.9149219774794715e-06,2.989898044435945e-15,7.11714220743553e-09,0.23289069654105077,1.7341537414445735e-08,3.5278396429285385e-05,7.092228216049754e-09,1.0892809354051004e-08,0.0,0.0,1.1368917150054087e-24,5.876607176938222e-26,9.121013145703878e-19,1.4778631766397878e-14,4.851341161251993e-07,1.4687258399984929e-06,6.250405250487903e-23,7.791505139715889e-17,1.4358498617203889e-24,4.415322681150273e-21,7.502204299446133e-17,8.804380972852929e-38,1.1051759057953233e-19,6.553656346335387e-30,4.272209612845654e-20,1.0468646490929122e-27,4.194500613075012e-23,5.307573429694557e-26,1.0454405063227996e-18,2.273806507930225e-21,2.5082208319838974e-18,4.0626431694139465e-19,6.4271441957659096e-15,2.2128653983901885e-14,1.0777926215879756e-23,6.6301670807436795e-09,2.8802996185397434e-09,1.3041894785641533e-11,5.908717281254739e-13,3.347171925552971e-29,2.1487610912405552e-12,1.3844978576463709e-15,0.0,1.629212861712605e-15,2.780874197166757e-15,5.332555325999849e-13,5.361495106230861e-16,0.7670681043100349,0.0,4.3271069388632353e-35,1.2721268418968964e-32,1.771680738504767e-26,6.981406204800591e-23
0.016032540675844805,0.5344180225281602,300.3216995297858,1.1706441502905849,3.3990017879514863e-06,1.843479904782413e-15,5.402009480038696e-09,0.23289653568450694,1.310483358829887e-08,2.477795436847645e-05,4.893042035466302e-09,7.47193467510573e-09,0.0,0.0,6.1658299978731285e-25,3.192555244994859e-26,6.3708363393376565e-19,1.035252750643927e-14,3.329981113046071e-07,9.364460082364057e-07,2.7923478314312634e-23,4.954490492562853e-17,7.085893907252162e-25,2.176179275811245e-21,4.7469654784786214e-17,4.425840737229919e-38,7.16300095233024e-20,3.2667485244857776e-30,2.7397015081557027e-20,5.132334224165427e-28,2.638516885814804e-23,2.5154843504709116e-26,6.3577190127882575e-19,1.382823482888234e-21,1.79485376918016e-18,2.3988854219819835e-19,4.909186258443334e-15,1.5441310357312473e-14,6.608720767514996e-24,4.541172220488229e-09,1.8883027007339596e-09,8.293763734925261e-12,4.047198398775426e-13,1.6341842841397872e-29,1.3612604745434141e-12,8.747038547448159e-16,0.0,1.0374225645665503e-15,1.770757952131706e-15,3.3955741198506734e-13,3.4146753711201696e-16,0.7670739806034864,0.0,2.457085327277951e-35,7.337978824589924e-33,8.738018530533325e-27,4.2302753569265006e-23
0.01607008760951189,0.5356695869837297,300.2132653674002,1.171080404929153,2.9201406066729947e-06,1.0455797879821334e-15,3.959975675195091e-09,0.2329010235488754,9.556192658163137e-09,1.6496090870812756e-05,3.1849096756115646e-09,4.829293426141182e-09,8.729947609748778e-27,0.0,2.9738960376250516e-25,1.533048878273317e-26,4.218766769622353e-19,6.869857518887783e-15,2.1544264157446833e-07,5.525912049330854e-07,1.0748399423103164e-23,2.914277650377381e-17,3.0316680273535464e-25,9.631321434012818e-22,2.7746183793540424e-17,1.9268610000399373e-38,4.314021112063179e-20,1.4156377061294733e-30,1.628344602130691e-20,2.2490602978109645e-28,1.532009289355377e-23,1.03018680837583e-26,3.538498849788483e-19,7.696498795441754e-22,1.225235496529781e-18,1.2951745859631818e-19,3.626200586736139e-15,1.0197195539451587e-14,3.72990887006909e-24,2.930210760343772e-09,1.153496136129861e-09,4.878292149563026e-12,2.6124582893060393e-13,6.940747954974685e-30,7.968749359671239e-13,5.103165124884503e-16,0.0,6.111901191905111e-16,1.04322943791547e-15,2.0004782627750523e-13,2.0133298616738463e-16,0.7670787665655616,0.0,1.2608259000367867e-35,3.829633100220299e-33,3.774504518224737e-27,2.3447234760754572e-23
0.016107634543178973,0.5369211514392991,300.1435319282076,1.1713626823310892,2.5133836555593573e-06,6.077420685378764e-16,2.9320201128163484e-09,0.23290382296134726,7.040900244164221e-09,1.1147107476300156e-05,2.106265816018269e-09,3.172119076507e-09,0.0,0.0,1.4393473248296897e-25,7.45729669996678e-27,2.837760807563125e-19,4.627939021082071e-15,1.4165957648736048e-07,3.3225592270690687e-07,4.0363559741643335e-24,1.7467800647551997e-17,1.292427658933859e-25,4.1524210528949856e-22,1.652636277713053e-17,8.405267806838655e-39,2.6464988891553716e-20,6.130800039798884e-31,9.860372781483629e-21,9.590282455263077e-29,9.073681502478937e-24,4.1631344539999346e-27,2.00670303016209e-19,4.364808259341042e-22,8.473650309160971e-19,7.033764966847414e-20,2.7041487903697957e-15,6.837669546692326e-15,2.1600291418285934e-24,1.921783047793812e-09,7.174854761114952e-10,2.9238057735520416e-12,1.7141799460015047e-13,2.9380446796049966e-30,4.753583709567852e-13,3.033981999143067e-16,0.0,3.6690475082906475e-16,6.2626312709237e-16,1.2009110363728582e-13,1.2097214291505104e-16,0.767082024737741,0.0,6.566752247981453e-36,2.032431395105101e-33,1.6274084719612356e-27,1.3242204021380526e-23
0.016145181476846057,0.5381727158948686,300.1004582005522,1.1715385178051658,2.1733748704299496e-06,3.796971135762965e-16,2.2210222257853444e-09,0.23290549661433957,5.311863069646183e-09,7.827404428110987e-06,1.4529986025139735e-09,2.176803885316964e-09,0.0,0.0,7.715106583465637e-26,4.039053464141436e-27,1.9863603725822102e-19,3.2415982354001303e-15,9.730023011462633e-08,2.1255175614082913e-07,1.816151128345157e-24,1.1147435996750784e-17,6.3378827021705e-26,2.0100015282367217e-22,1.0494129935921212e-17,4.203627215603406e-39,1.72002864657844e-20,3.0438316946774944e-31,6.343190861714274e-21,4.601513981683162e-29,5.740426381092516e-24,1.962162799503687e-27,1.2263209398812834e-19,2.6674183253625555e-22,6.070049598638978e-19,4.124882413666481e-20,2.0607713821894617e-15,4.771388539179835e-15,1.346981988977793e-24,1.3172954516655683e-09,4.714299984646456e-10,1.865733880601008e-12,1.175566464992057e-13,1.4361441536552634e-30,3.022104190898376e-13,1.9237886802081577e-16,0.0,2.3442381169913295e-16,4.001337909991004e-16,7.672894323731345e-14,7.735809702699213e-17,0.7670841798005887,0.0,3.757132889468114e-36,1.179768514856187e-33,8.053817278477398e-28,8.067114897940952e-24
0.01618272841051314,0.5394242803504381,300.07125427388416,1.1716588500147864,1.8739021144478428e-06,2.47786831858501e-16,1.685711457199158e-09,0.23290659729830837,4.017194226242971e-09,5.566472810989193e-06,1.0182254272240168e-09,1.5200401336340522e-09,0.0,0.0,4.610225551155913e-26,2.410069367844314e-27,1.4099595694495925e-19,2.3006681251454276e-15,6.800041075921795e-08,1.4111451089382728e-07,1.0088863900574682e-24,7.389220903899522e-18,3.624253748917803e-26,1.1796367499652764e-22,6.932709513511862e-18,2.423454432491089e-39,1.1543198697902769e-20,1.7489613945649187e-31,4.22715647737353e-21,2.68641810472435e-29,3.784532238577349e-24,1.1072171509280124e-27,7.907817420269611e-20,1.7200648184072332e-22,4.400295260725538e-19,2.6054987770372572e-20,1.572594640911323e-15,3.376225089852646e-15,8.783998550773284e-25,9.19173657940063e-10,3.1879813997594286e-10,1.236597024777392e-12,8.207061884527598e-14,8.209232195974044e-31,1.998094010712473e-13,1.269726212440026e-16,0.0,1.5550533495955447e-16,2.6542926084680914e-16,5.089824221895581e-14,5.135474610653789e-17,0.767085743731124,0.0,2.3407662771922276e-36,7.3882245165787565e-34,4.634715916418542e-28,5.192775665467834e-24
0.016220275344180225,0.5406758448060075,300.0426671636309,1.1717766953753266,1.5772988808133313e-06,1.1931225020419327e-16,1.1596919719730851e-09,0.23290767385504646,2.745264757874201e-09,3.3529726397774952e-06,5.929179036523217e-10,8.777011868488707e-10,0.0,0.0,1.598834734815136e-26,8.306953848207722e-28,8.457148396431613e-20,1.3795798934341484e-15,3.9342848941889866e-08,7.14370818334401e-08,2.291618965782659e-25,3.723896438966715e-18,9.989924885473589e-27,3.746328193710699e-23,3.4599403139799274e-18,7.005545408917622e-40,6.022280874604684e-21,4.959536364080737e-32,2.162834064559229e-21,8.303950202144725e-30,1.8776343761430365e-24,2.8066952825490057e-28,3.6662892642151583e-20,7.974779984159938e-23,2.763704686661524e-19,1.1270365530802667e-20,1.0927389635980544e-15,2.0107097638548453e-15,4.220456740510329e-25,5.298124271061586e-10,1.6977911585160805e-10,6.230135986248812e-13,4.7364517880171713e-14,2.2575424951668983e-31,9.995307439040482e-14,6.319764002753133e-17,0.0,7.853441293345449e-17,1.3404897686201036e-16,2.5704992736559693e-14,2.5992105274315442e-17,0.7670872790175339,0.0,9.639046098698923e-37,3.1006463018969e-34,1.3257296400919762e-28,2.3938448377647182e-24
0.01625782227784731,0.541927409261577,300.0286464102487,1.1718358128383504,1.348460521079742e-06,7.197304697228375e-17,8.530897168666919e-10,0.2329081806379513,2.0103343768574715e-09,2.259584306596914e-06,3.9114538604274197e-10,5.76009555725604e-10,1.2763940966574258e-27,0.0,7.952513263572843e-27,4.2288330756609465e-28,5.68540456847553e-20,9.270652550177395e-16,2.5852445908463547e-08,4.331838887235319e-08,9.981087665357221e-26,2.252219879493632e-18,4.605682831663176e-27,1.685350608472709e-23,2.08070383932315e-18,3.301760104074074e-40,3.7170686657038184e-21,2.3154590751386128e-32,1.3197097485621815e-21,3.693986496914798e-30,1.1278025125416601e-24,1.2475220958873262e-28,2.113699070011896e-20,4.597660167306184e-23,1.9102891511958123e-19,6.1494922838329935e-21,8.093884122244868e-16,1.3453462734051626e-15,2.5445930320714826e-25,3.473352584047535e-10,1.0607856479353097e-10,3.767303962439964e-13,3.107668564349101e-14,1.0412012105025911e-31,6.019061237793794e-14,3.79456224283793e-17,2.0367531033396366e-35,4.7555744525671223e-17,8.117204467879264e-17,1.556540644956857e-14,1.5760079602649354e-17,0.7670881378619064,0.0,5.1996741183561335e-37,1.691368249638133e-34,6.171534652904386e-29,1.3757124919384711e-24
0.016295369211514393,0.5431789737171465,300.0204708893016,1.1718710951867015,1.1632218346148315e-06,4.768389803584806e-17,6.517536342582478e-10,0.23290847046897534,1.5306979593976309e-09,1.6190041920204334e-06,2.759702694760367e-10,4.0504086465169234e-10,3.937355484709146e-27,0.0,4.630478245334693e-27,2.4791155163074786e-28,4.067102659030597e-20,6.629066554287297e-16,1.8195980032519474e-08,2.8842200656431064e-08,5.211996031380578e-26,1.4969069321724827e-18,2.5126778526577262e-27,9.159747428661636e-24,1.3775316214353074e-18,1.8310814812990084e-40,2.505078668129792e-21,1.2751163888360135e-32,8.824396993081976e-22,1.9892578332139708e-30,7.463045699265071e-25,6.62163783212682e-29,1.3597710685995696e-20,2.9577427093254106e-23,1.3963140169727458e-19,3.821728159627288e-21,6.2159527616787e-16,9.590538709768896e-16,1.6853755332871916e-25,2.440703891208385e-10,7.209250467280789e-11,2.503552147247683e-13,2.1850549271929084e-14,5.682552152068477e-32,3.9886460497002844e-14,2.5095211392904405e-17,1.4080733003695448e-35,3.163336854202676e-17,5.399442747246308e-17,1.0353875043605788e-14,1.0493160685012729e-17,0.7670886970868668,0.0,3.2000648687413777e-37,1.0478482856183987e-34,3.3962112749109535e-29,8.831147073767555e-25
0.016332916145181477,0.5444305381727159,300.013828733076,1.1719001249310066,9.894205377845027e-07,2.944141028540319e-17,4.780317546916661e-10,0.23290870338757308,1.1180321477623635e-09,1.0972080874524978e-06,1.8351202537225011e-10,2.6836438467553286e-10,4.790722674293185e-27,0.0,2.5450019565307225e-27,1.3402019556811138e-28,2.751380187774912e-20,4.481590088259892e-16,1.206991581721636e-08,1.7944815460442898e-08,2.58507279519347e-26,9.295158002678733e-19,1.2830545915003308e-27,4.854214190958e-24,8.517095931929255e-19,9.462079644707732e-41,1.579870828556629e-21,6.554772570718945e-33,5.51636351191917e-22,1.046651971334219e-30,4.614307130927285e-25,3.3226381026239095e-29,8.15354056617561e-21,1.7735410575183168e-23,9.713834061525626e-20,2.2266731346869195e-21,4.58869469967568e-16,6.459694659980037e-16,1.040386724609472e-25,1.6158507767227618e-10,4.590137018259215e-11,1.5543519449665836e-13,1.4476889330466938e-14,2.9032218536672034e-32,2.4686756835975336e-14,1.5498081763679415e-17,5.591619338227122e-37,1.9660670847159462e-17,3.355844516144985e-17,6.435107541344431e-15,6.528725393186308e-18,0.7670891777134409,0.0,1.8404722723549386e-37,6.052076623003788e-35,1.7516340571005425e-29,5.2837904638144475e-25
0.01637046307884856,0.5456821026282854,300.0082425650905,1.1719247709239944,8.284245233676878e-07,1.4664531315081975e-17,3.271467967424866e-10,0.23290889896085,7.602198335302704e-10,6.578320863108548e-07,1.0621466658774821e-10,1.5425506401421325e-10,1.429183167900243e-27,0.0,9.408951973148568e-28,4.5920012827647574e-29,1.6442567610195917e-20,2.674999000960847e-16,6.953150731025512e-09,9.055256775308869e-09,6.131952429369007e-27,4.6699343201726815e-19,3.5011711561119088e-28,1.5231114553322635e-24,4.2374073961958133e-19,2.721546522751541e-41,8.213995271716795e-22,1.8428890598046013e-33,2.8131873428617274e-22,3.1950125901527307e-31,2.2972698651243795e-25,8.341595207714616e-30,3.770989015913193e-21,8.202595359175964e-24,6.09691786999289e-20,9.526341053881734e-22,3.1716388855235825e-16,3.8295392205046424e-16,5.179822885703568e-26,9.273978634911858e-11,2.4355343054209792e-11,7.806331139284142e-14,8.320844703497504e-15,7.937387855680896e-33,1.2311034982927901e-14,7.690205451136705e-18,0.0,9.897653987194628e-18,1.6894127331481144e-17,3.2395876915672227e-15,3.2947085498813217e-18,0.7670895973090983,0.0,7.6197863344507e-38,2.5358186498165965e-35,4.989839923012779e-30,2.4304061449954317e-25
0.016408010012515645,0.5469336670838548,300.0052544545631,1.171938622070151,6.99537379786619e-07,8.345782593564502e-18,2.3279353540803042e-10,0.23290900275893708,5.381502382487062e-10,4.212815379277247e-07,6.61755253297912e-11,9.55919869830247e-11,0.0,1.587492602124099e-36,4.985545088273609e-28,2.027970065973511e-29,1.0504003524096313e-20,1.707137013375669e-16,4.316375236702304e-09,5.077769776355998e-09,2.1979352295009053e-27,2.6099538050766515e-19,1.3342687958786401e-28,5.55234389667547e-25,2.350671364289515e-19,1.0737967446280837e-41,4.712107909642613e-22,7.161365084412535e-34,1.5902360904768777e-22,1.1456654437662689e-31,1.280139119408331e-25,3.006073597390038e-30,1.9794091296425606e-21,4.3055854566580016e-24,4.0400772430144095e-20,4.61446183304954e-22,2.275193087872546e-16,2.4309743603183905e-16,2.9474914477547684e-26,5.740538744782295e-11,1.4190921202292615e-11,4.361628988210264e-14,5.156399581315617e-15,3.01507337112882e-33,6.841694560357774e-15,4.257529256595209e-18,0.0,5.540161302845765e-18,9.456401509326496e-18,1.8133426653893383e-15,1.8476346438260957e-18,0.7670898660236345,0.0,3.6774885187683684e-38,1.2355842330611936e-35,1.9319518083681627e-30,1.2704822339629945e-25
0.01644555694618273,0.5481852315394243,300.00385666495737,1.1719456788483595,6.022146936783062e-07,5.8566996365179156e-18,1.7986422408176928e-10,0.23290905246700125,4.146754220175467e-10,3.098018528455356e-07,4.810970654908398e-11,6.9370925650393e-11,0.0,1.0227620347019522e-36,3.226051799978339e-28,1.326174927576039e-29,7.71688809667443e-21,1.2535786173304815e-16,3.134576221441077e-09,3.5587648406517425e-09,1.390656294552062e-27,1.8272976430857333e-19,8.515249876055389e-29,3.5996968080956914e-25,1.6419997652192637e-19,6.887500962321849e-42,3.3266366293105995e-22,4.583091101502409e-34,1.1173440109031172e-22,7.407912724678944e-32,8.961437106251968e-26,1.9051095288090023e-30,1.360887174683423e-21,2.960184792460587e-24,3.0210358863332067e-20,3.12444079544755e-22,1.7654119103496932e-16,1.7811986188053539e-16,2.0683725781019343e-26,4.164150893727397e-11,1.0070553320287344e-11,3.0534222304455433e-14,3.742105735463958e-15,1.922155183361649e-33,4.7817156767918036e-15,2.9721796320340073e-18,0.0,3.880655870103841e-18,6.62382157791059e-18,1.270172196143862e-15,1.2949578916945934e-18,0.767090028059338,0.0,2.4788343036508195e-38,8.338450569208466e-36,1.2383579301407451e-30,8.725218855005155e-26
0.016483103879849813,0.5494367959949938,300.00245887535164,1.171952735626568,5.048920075699935e-07,3.3676166794713303e-18,1.2693491275550814e-10,0.23290910217506539,2.9120060578638716e-10,1.9832216776334653e-07,3.004388776837675e-11,4.31498643177613e-11,0.0,4.580314672798052e-37,1.4665585116830695e-28,6.243797891785666e-30,4.929772669252544e-21,8.000202212852943e-17,1.9527772061798497e-09,2.0397599049474876e-09,5.833773596032187e-28,1.0446414810948148e-19,3.6878117933243767e-29,1.6470497195159134e-25,9.333281661490124e-20,3.037034478362861e-42,1.9411653489785854e-22,2.0048171185922833e-34,6.444519313293568e-23,3.3591710116951997e-32,5.121483018420627e-26,8.041454602279666e-31,7.423652197242853e-22,1.6147841282631721e-24,2.001994529652004e-20,1.634419757845561e-22,1.2556307328268398e-16,1.131422877292317e-16,1.1892537084490999e-26,2.5877630426724998e-11,5.950185438282074e-12,1.7452154726808224e-14,2.3278118896122992e-15,8.292369955944778e-34,2.7217367932258334e-15,1.6868300074728052e-18,0.0,2.221150437361918e-18,3.791241646494685e-18,7.2700172689838555e-16,7.422811395630911e-19,0.7670901900950414,0.0,1.28018008853327e-38,4.321058807804996e-36,5.447640519133277e-31,4.745615370380364e-26
0.016520650813516898,0.5506883604505632,300.00148793984675,1.171957881693459,4.216181816620771e-07,1.7625894588411367e-18,8.745315117432258e-11,0.23290913768051358,1.9943029756823132e-10,1.2067355731899464e-07,1.7668175118234766e-11,2.5234058153117506e-11,0.0,2.7081840072966204e-37,4.5691129226838336e-29,2.2374359089042556e-30,2.9912146162247735e-21,4.847611081332446e-17,1.1444757703159263e-09,1.0552337756413394e-09,1.5261004093394848e-28,5.3819529199348834e-20,1.0608986424226367e-29,5.304019335101697e-26,4.7640770099614596e-20,9.203416891881496e-43,1.0329558583186786e-22,5.938587014656358e-35,3.3673760454090456e-23,1.0590110227158997e-32,2.643263860381309e-26,2.13545196315717e-31,3.536132303700048e-22,7.691758109349043e-25,1.273580387256609e-20,7.146745820950787e-23,8.73187379509292e-17,6.812010445107178e-17,6.224013990913282e-27,1.5113470649165994e-11,3.227584865508922e-12,8.988097447173447e-15,1.361442475764587e-15,2.3446121776663414e-34,1.392399869792494e-15,8.58887442571413e-19,0.0,1.146505895386769e-18,1.9569502383080815e-18,3.7526128225597655e-16,3.840531679710369e-19,0.7670903174798988,0.0,5.513182864735411e-39,1.873509537552303e-36,1.6341378852331482e-31,2.2488811400047976e-26
0.01655819774718398,0.5519399249061328,300.0009713397909,1.171960957959412,3.556108493445077e-07,1.0457528523958688e-18,6.298716237276723e-11,0.23290915804035492,1.4297435771319505e-10,7.909956437258297e-08,1.1292784930787649e-11,1.606236303497219e-11,0.0,3.7716557803217855e-37,1.6212409279848494e-29,1.041658808164405e-30,1.956633897109203e-21,3.167692708613401e-17,7.296725383679597e-10,6.143983967422161e-10,5.968724572960655e-29,3.124253438702504e-20,4.321825550583937e-30,2.0438851653979095e-26,2.747153707528902e-20,3.8705543599331764e-43,6.138032193751598e-23,2.4627320227452684e-35,1.9747748009287676e-23,4.0444004426083185e-33,1.544085781752438e-26,8.271981128995566e-32,1.940306611010214e-22,4.220536211675197e-25,8.615201470423577e-21,3.598053810849256e-23,6.33487380860426e-17,4.43028877330395e-17,3.692641849218665e-27,9.611070066383981e-12,1.9447205973820697e-12,5.216304941010971e-15,8.666782549863736e-16,9.270989121085069e-35,8.04209867567312e-16,4.943831504313662e-19,0.0,6.664652242188518e-19,1.1375774692611942e-18,2.1813982349976061e-16,2.236312356871075e-19,0.7670904056602806,0.0,2.813868268661378e-39,9.611290682353581e-37,6.751701438092724e-32,1.2294389178402976e-26
0.016595744680851066,0.5531914893617023,300.00069813745273,1.1719628611591448,3.029717621506065e-07,7.107707077237678e-19,4.7816068593825266e-11,0.23290917023541763,1.0822991738955688e-10,5.6968096611930133e-08,8.0319913452288e-12,1.1404446755649657e-11,0.0,4.48035983321286e-37,1.0206886834609558e-29,6.485297078449793e-31,1.4077386389729484e-21,2.277859971427249e-17,5.18472653918604e-10,4.199686615604483e-10,3.5758934549961394e-29,2.1331218140623555e-20,2.615084651813516e-30,1.2534824996592627e-26,1.8708895082569966e-20,2.3560543493998993e-43,4.229446737141518e-23,1.4950923692347397e-35,1.3536253390798149e-23,2.476631727668067e-33,1.0584194152801125e-26,4.964265674110464e-32,1.2981383226121612e-22,2.8236980999761804e-25,6.31428278920896e-21,2.3257413371102958e-23,4.830897883010647e-17,3.1783025274780067e-17,2.509780074806149e-27,6.8209641128538475e-12,1.3476620404683791e-12,3.561144776940314e-15,6.153821191686032e-16,5.623143875725796e-35,5.480249552937086e-16,3.3646264828485785e-19,0.0,4.552761165010665e-19,7.771025898510697e-19,1.4901580451007209e-16,1.528677354182129e-19,0.7670904687026262,0.0,1.8412876156237574e-39,6.295063249203037e-37,4.1059121133397776e-32,8.215189728918545e-27
0.01663329161451815,0.5544430538172717,300.00042493511455,1.171964764358878,2.503326749567053e-07,3.757885630516666e-19,3.2644974814883305e-11,0.23290918243048037,7.348547706591868e-11,3.4836628851277294e-08,4.7711977596699514e-12,6.746530476327123e-12,0.0,5.189063886103935e-37,4.201364389370622e-30,2.5540060752555375e-31,8.588433808366942e-22,1.3880272342410974e-17,3.072727694692484e-10,2.2553892637868048e-10,1.1830623370316237e-29,1.1419901894222068e-20,9.083437530430946e-31,4.63079833920616e-27,9.946253089850913e-21,8.415543388666222e-44,2.320861280531439e-23,5.274527157242107e-36,7.324758772308618e-24,9.088630127278158e-34,5.72753048807787e-27,1.656550219225361e-32,6.559700342141083e-23,1.4268599882771642e-25,4.013364107994342e-21,1.0534288633713357e-23,3.326921957417035e-17,1.926316281652064e-17,1.326918300393633e-27,4.030858159323714e-12,7.506034835546884e-13,1.905984612869657e-15,3.6408598335083283e-16,1.9752986303665224e-35,2.918400430201053e-16,1.7854214613834946e-19,0.0,2.4408700878328123e-19,4.166277104409455e-19,7.989178552038354e-17,8.210423514931822e-20,0.7670905317449718,0.0,8.687069625861367e-40,2.9788358160524926e-37,1.4601227885868312e-32,4.1359902794341154e-27
0.01667083854818523,0.5556946182728411,300.000292292231,1.1719658888083713,2.1191368141906453e-07,2.363555634906758e-19,2.418061771632929e-11,0.2329091895391692,5.423628929070753e-11,2.4033829136756285e-08,3.2308447235615247e-12,4.556910728284149e-12,0.0,3.3924505484874934e-37,2.1387451293582535e-30,1.292649765026919e-31,5.916376614387347e-22,9.554442734429586e-18,2.077885436472844e-10,1.4314119229031212e-10,5.081733836057802e-30,7.233011213600372e-21,4.0993668199803815e-31,2.2197072714992948e-27,6.270913465985641e-21,3.902908812820276e-44,1.493744793452637e-23,2.417115389896346e-36,4.671754227087847e-24,4.329838412459419e-34,3.656755781785307e-27,7.174414916202247e-33,3.9989725946691276e-23,8.698529189856617e-26,2.84096775199381e-21,5.943926360041505e-24,2.4784132732670368e-17,1.3214216691188228e-17,8.34574230952904e-28,2.7208132505549678e-12,4.877701893780668e-13,1.2069790591813573e-15,2.459402801096219e-16,8.821820121897859e-36,1.8420288638932495e-16,1.1243026895437836e-19,0.0,1.5474201695503805e-19,2.641263556595126e-19,5.0648398137040334e-17,5.211208515850948e-20,0.7670905740729755,0.0,5.0538907866466155e-40,1.7361374834112063e-37,6.741546661025584e-33,2.5151778623970004e-27
0.016708385481852314,0.5569461827284105,300.0001937657199,1.1719668242408159,1.769461669241998e-07,1.443859486653584e-19,1.7344109326605746e-11,0.23290919541330127,3.87480851437518e-11,1.5980706132459222e-08,2.1080743450863695e-12,2.9663920800658425e-12,0.0,9.877504656022488e-38,1.0331412055653454e-30,6.793358560031723e-32,3.928031893072961e-22,6.33844268078714e-18,1.354197689484527e-10,8.793569147702152e-11,2.5026068370851322e-30,4.435544213992211e-21,2.0481452059489868e-31,1.1418529974032328e-27,3.8303559704820735e-21,1.9709454819939636e-44,9.29120774706481e-24,1.2147970127825567e-36,2.8824608646986847e-24,2.221264036130398e-34,2.2621677158880635e-27,3.532373094710786e-33,2.375369880329688e-23,5.166883357152632e-26,1.9424845817246183e-21,3.327535558144573e-24,1.788998579758538e-17,8.735881326273735e-18,5.098315462139486e-28,1.770006459446474e-12,3.0605953178805326e-13,7.400498672361849e-16,1.60112643027745e-16,4.0914515789195934e-36,1.1262101025435014e-16,6.860203860595899e-20,0.0,9.497083966307065e-20,1.621040117102506e-19,3.1084775706686763e-17,3.201589397305441e-20,0.7670906113732263,0.0,2.899505076353602e-40,9.967229130291257e-38,3.395994567900421e-33,1.491061327021457e-27
0.016745932415519398,0.55819774718398,300.00011490502055,1.1719676239204138,1.456877148110597e-07,7.320798376354383e-20,1.1684253233405894e-11,0.2329092004372777,2.5948536586068585e-11,9.527032771754845e-09,1.2150899296069406e-12,1.7026161840674649e-12,0.0,0.0,2.4924615877336725e-31,2.2731044969784506e-32,2.335576535588951e-22,3.763588144188368e-18,7.789141981422919e-11,4.50338532467919e-11,6.3655086542222965e-31,2.2629754822681963e-21,5.579483346512625e-32,3.5274176627694596e-28,1.937725543672842e-21,5.632219744369599e-45,4.883015056745008e-24,3.3989594116503776e-37,1.4897140368378817e-24,6.787190125615941e-35,1.1759173957288146e-27,8.970462158513568e-34,1.1288774530954272e-23,2.455524346290219e-26,1.214560838986045e-21,1.3620928043224202e-24,1.2165992792940659e-17,5.155418724417584e-18,2.5850298186119046e-28,1.0147208608913658e-12,1.6372416985042884e-13,3.7744379389442316e-16,9.191442096755262e-17,7.2599248971906264e-37,5.709047161676746e-17,3.462667118482272e-20,0.0,4.853739244918432e-20,8.284759860607455e-20,1.588670750836803e-17,1.63981938031816e-20,0.7670906441833198,0.0,1.2653747776083598e-40,4.357056881471316e-38,9.60013783237813e-34,7.053613400284614e-28
0.016783479349186482,0.5594493116395495,300.0000802674409,1.171968118328381,1.2276994612484757e-07,4.878484584709038e-20,8.670371593811313e-12,0.23290920354948283,1.9195051104772637e-11,6.6700913507047576e-09,8.388323243161173e-13,1.1735968324015584e-12,0.0,0.0,1.887878252376306e-31,1.3797949366811983e-32,1.633369849053872e-22,2.6304973844955976e-18,5.373519517302371e-11,2.979964204345867e-11,3.7399979273585652e-31,1.4956348351777223e-21,3.293451741714788e-32,2.1293595665152563e-28,1.2772356825067848e-21,3.343727902729168e-45,3.2588581087300762e-24,2.0126830271968217e-37,9.886936800235068e-25,4.090217213425119e-35,7.830357119248748e-28,5.255504008812781e-34,7.30404605494025e-24,1.588769711448051e-26,8.701793622175204e-22,8.604570824660694e-25,9.073361164870982e-18,3.59403040700323e-18,1.7226302325006035e-28,6.991098222407783e-13,1.0993325448141697e-13,2.494323476660263e-16,6.336001035208063e-17,4.29847552923723e-37,3.7655072630698e-17,2.2807741716927538e-20,3.013373075653066e-38,3.2096911857596024e-20,5.47856391281819e-20,1.0505596288690658e-17,1.0851415054140683e-20,0.7670906668962575,0.0,8.011589322426729e-41,2.7585609807009056e-38,5.694141643066905e-34,4.557960278249028e-28
0.016821026282853566,0.5607008760951189,300.00004562986123,1.1719686127363482,9.985217743863548e-08,2.436170793063694e-20,5.656489954216733e-12,0.23290920666168796,1.2441565623476685e-11,3.813149929654672e-09,4.625747190252939e-13,6.445774807356518e-13,0.0,1.7312698878420231e-38,1.2832949170189396e-31,4.8648537638394597e-33,9.311631625187927e-23,1.4974066248028278e-18,2.957897053181823e-11,1.456543084012544e-11,1.114487200494834e-31,7.282941880872482e-22,1.00742013691695e-32,7.313014702610533e-29,6.167458213407281e-22,1.0552360610887361e-45,1.6347011607151444e-24,6.264066427432655e-38,4.876733232091318e-25,1.3932443012342971e-35,3.9015402812093505e-28,1.5405458591119945e-34,3.319317578926227e-24,7.220150766058832e-27,5.257978854489961e-22,3.588213606097189e-25,5.980729536801307e-18,2.032642089588876e-18,8.602306463893024e-29,3.834987835901908e-13,5.614233911240507e-14,1.2142090143762943e-16,3.480559973660866e-17,1.3370261612838338e-37,1.8219673644628534e-17,1.0988812249032359e-20,6.950197377472018e-38,1.5656431266007733e-20,2.6723679650289267e-20,5.124485069013289e-18,5.3046363050997664e-21,0.7670906896091951,0.0,3.3694308687698594e-41,1.1600650799304954e-38,1.7881454537556806e-34,2.0623071562134438e-28
0.01685857321652065,0.5619524405506884,300.0000275537692,1.1719689573512828,8.233418511880706e-08,1.3161891405921808e-20,3.857212680336043e-12,0.23290920884970726,8.436424332380007e-12,2.314336407031725e-09,2.7169331999544484e-13,3.7717476034649426e-13,3.5557513571602764e-26,1.9192355724179092e-38,5.264961556887406e-32,1.8175269877091256e-33,5.637328681332152e-23,9.05332773802605e-19,1.734372645600682e-11,7.626328296063479e-12,3.292147875013314e-32,3.799130025067197e-22,3.085719504944357e-33,2.4350514773463235e-29,3.190496047287834e-22,3.3888784016448437e-46,8.779467998058764e-25,1.9702067388705648e-38,2.576438153839647e-25,4.623485937545406e-36,2.0983227088179684e-28,4.403132432747264e-35,1.6140994401148409e-24,3.510975172809112e-27,3.34556929171653e-22,1.5519191642777064e-25,4.114798003289087e-18,1.221712563474019e-18,4.6474683141102526e-29,2.2414861361064183e-13,3.0679316325451444e-14,6.331860793214178e-17,2.036987467683467e-17,1.4424491984204729e-37,9.4443366598837e-18,5.6720230791177514e-21,3.483172913826398e-38,8.181095050768577e-21,1.3964163277780422e-20,2.6777430033421962e-18,2.7778201275099833e-21,0.7670907064636037,0.0,1.5071404429548318e-41,5.188716100409605e-39,5.658923613796138e-35,9.982655874330068e-29
0.016896120150187734,0.5632040050062578,300.00001808862646,1.1719692062694094,6.876697677389917e-08,7.983570375185583e-21,2.768819881031188e-12,0.23290921044565724,6.030381969138926e-12,1.5249175058945602e-09,1.7484329016240944e-13,2.4207384304038934e-13,3.3924268750522174e-26,1.3845710504686922e-38,2.2427494149822214e-32,8.725560863425782e-34,3.707686867159774e-23,5.948671116831413e-19,1.1147741813681356e-11,4.5228898922457685e-12,1.3805114596339698e-32,2.2472093209512416e-22,1.313503773070777e-33,9.851091345343651e-30,1.8761020814483868e-22,1.4846292266436319e-46,5.301222915876483e-25,8.522269677443188e-39,1.5377164541330934e-25,1.8871959129768784e-36,1.2760071808058257e-28,1.795410090928848e-35,9.085872343847005e-25,1.9763511425378236e-27,2.279673175430578e-22,7.866404217431438e-26,2.9736181909207093e-18,7.993466924373561e-19,2.8189071517041373e-29,1.4374303014260737e-13,1.875364712158285e-14,3.744486093007222e-17,1.307510805593008e-17,1.3213373751189143e-37,5.561481892208596e-18,3.33008191286709e-21,8.255695031916471e-39,4.845009772568914e-21,8.26985959210362e-21,1.5858135012131556e-18,1.6475723867919365e-21,0.7670907192373991,0.0,7.997902905449831e-42,2.7533396344494088e-39,2.4351572992959334e-35,5.601179899541747e-29
0.01693366708385482,0.5644555694618273,300.0000123177673,1.1719694079188987,5.729345020988636e-08,5.090828430474787e-21,2.0130910505498405e-12,0.23290921174869297,4.3697215103725154e-12,1.0409784441687214e-09,1.1751420179565762e-13,1.6243496039696242e-13,0.0,9.215523117949806e-39,3.032155116274939e-32,4.954748652761711e-34,2.5279482520098935e-23,4.0532656806963028e-19,7.487308227439749e-12,2.898580323175603e-12,7.527870863229262e-33,1.438164642332758e-22,7.2031850687804755e-34,5.5081282950351174e-30,1.1969571205852645e-22,8.20101127629071e-47,3.4306681859703233e-25,4.692311229583676e-39,9.888263950422991e-26,1.0605238437885563e-36,8.311771054218592e-29,9.754998650854142e-36,5.672767840118332e-25,1.233935589823939e-27,1.5944842187526323e-22,4.6954983240924185e-26,2.1736946454814e-18,5.431150887242936e-19,1.797451044670177e-29,9.640375518067209e-14,1.2220288033395892e-14,2.396102124776792e-17,8.774256087720563e-18,4.679108279715457e-38,3.550884752342072e-18,2.1228677782846937e-21,1.4006769605474541e-39,3.10267773082783e-21,5.295904521499154e-21,1.0155331898153021e-18,1.055929834071392e-21,0.767090729899721,0.0,4.866490428020787e-42,1.6749497817826162e-39,1.3439552738996115e-35,3.49180371523042e-29
0.016971214017521902,0.5657071339173968,300.0000068002738,1.1719696042752346,4.609516763376472e-08,2.3401101956537666e-21,1.2862050972387498e-12,0.23290921301829878,2.772956280764209e-12,5.781874122979263e-10,6.276363574103126e-14,8.638863168683505e-14,0.0,4.723115651389849e-39,3.701507819730229e-32,1.3983805707940525e-34,1.399883792043515e-23,2.2409830626881282e-19,3.9917209994253426e-12,1.3533596079866152e-12,1.62278525853629e-33,6.685972062762555e-23,1.6210189082612238e-34,1.4163817081542563e-30,5.511075524639907e-23,1.944652050339824e-47,1.6498146837119043e-25,1.0872376609085567e-39,4.665221688208474e-26,2.8146968129403992e-37,4.074882896944611e-29,2.0436344349034392e-36,2.432384608397332e-25,5.290902192227589e-28,9.378722599930993e-23,1.6947663010736523e-26,1.4038994427756857e-18,2.981805204646778e-19,8.261605113347695e-30,5.1201961480240394e-14,5.996782585363856e-15,1.1135244623263605e-17,4.667391310413266e-18,0.0,1.6387464641439055e-18,9.749110269726467e-22,0.0,1.4452794808178673e-21,2.466921405164892e-21,4.730524413795956e-19,4.930926354696907e-22,0.7670907402987355,0.0,1.8992157243908442e-42,6.530991929119307e-40,3.1666984996371863e-36,1.4894021709706742e-29
0.017008760951188986,0.5669586983729662,300.0000048902245,1.1719697252671495,3.8815835170952695e-08,1.6115390683119896e-21,9.699867760186729e-13,0.23290921381192636,2.0859374091693803e-12,4.165040436014742e-10,4.4726315940019166e-14,6.149342802704639e-14,0.0,2.1924318102104478e-39,2.6615345063565227e-32,8.952884164578025e-35,1.0075608749283177e-23,1.612211045630734e-19,2.8432319195041737e-12,9.342135266301962e-13,1.0165225298851268e-33,4.611105095549151e-23,1.0177224582685052e-34,9.014790529358845e-31,3.793209571911756e-23,1.22579794316426e-47,1.1461358036767241e-25,6.8409641966994275e-40,3.2274956297737016e-26,1.8040380934500172e-37,2.848107424107402e-29,1.2767309190804096e-36,1.6512232971677601e-25,3.591726796551162e-28,6.881423192149775e-23,1.1169860507111279e-26,1.06307445327708e-18,2.1409421889945328e-19,5.6913219399340924e-30,3.6433829550756e-14,4.18500277573032e-15,7.679032488392258e-18,3.3225346321436918e-18,0.0,1.1284746830339943e-18,6.706665422245767e-22,0.0,9.971766464087692e-22,1.7020627805836446e-21,3.263845179765662e-19,3.40388812179343e-22,0.7670907469487541,0.0,1.268950276282626e-42,4.36260026662415e-40,1.9943508491724428e-36,1.0101157398270727e-29
0.01704630788485607,0.5682102628285357,300.00000298017517,1.1719698462590642,3.153650270814067e-08,8.829679409702123e-22,6.53768454798596e-13,0.23290921460555394,1.3989185375745515e-12,2.548206749050221e-10,2.6688996139007075e-14,3.659822436725773e-14,1.4085508724612618e-26,0.0,1.6215611929828167e-32,3.9219626212155257e-35,6.152379578131203e-24,9.834390285733394e-20,1.694742839583004e-12,5.150674452737773e-13,4.102598012339634e-34,2.5362381283357474e-23,4.1442600827578664e-35,3.8657639771751288e-31,2.0753436191836054e-23,5.069438359886962e-48,6.424569236415442e-26,2.8095517843132877e-40,1.789769571338929e-26,7.933793739596351e-38,1.6213319512701928e-29,5.098274032573796e-37,8.700619859381883e-26,1.8925514008747345e-28,4.3841237843685564e-23,5.392058003486038e-27,7.222494637784741e-19,1.3000791733422875e-19,3.1210387665204897e-30,2.166569762127161e-14,2.3732229660967847e-15,4.222820353520912e-18,1.977677953874117e-18,0.0,6.182029019240833e-19,3.664220574765068e-22,0.0,5.490738119996711e-22,9.372041560023973e-22,1.7971659457353678e-19,1.8768498888899526e-22,0.7670907535987729,0.0,6.386848281744076e-43,2.1942086041289934e-40,8.220031987076999e-37,5.3082930868347104e-30
0.017083854818523155,0.5694618272841052,300.0000018050312,1.1719699402457773,2.5803369231103048e-08,4.668932864384847e-22,4.43627627165992e-13,0.2329092152250203,9.441989707542057e-13,1.5506283118645343e-10,1.5758737389431577e-14,2.153870143547582e-14,1.1443218253921222e-26,0.0,8.892237527312167e-33,1.395376559309438e-35,3.7351794891676536e-24,5.963253443759485e-20,9.992562075615928e-13,2.743328926049749e-13,1.1743974184647385e-34,1.3463897247925969e-23,1.2181078009163262e-35,1.3101768365790964e-31,1.0935956640908862e-23,1.5577624797658152e-48,3.5000869166589127e-26,8.465161949024099e-41,9.608916089522238e-27,2.865481856666057e-38,9.02074159717672e-30,1.4115738967962811e-37,4.341408891719835e-26,9.443395607115775e-29,2.798230650538616e-23,2.3394958317083026e-27,4.942829677143292e-19,7.840753394839484e-20,1.651276781502701e-30,1.2737484836011023e-14,1.3130980636625218e-15,2.2410924369893128e-18,1.1640795946272733e-18,2.8238304549582286e-39,3.2634490458650303e-19,1.9270560121769493e-22,0.0,2.9192364213886577e-22,4.982791819521147e-22,9.554912570911586e-20,9.997550265129725e-23,0.7670907588138349,0.0,2.966068252163101e-43,1.01776847221416e-40,2.50242420363531e-37,2.638097091656761e-30
0.01712140175219024,0.5707133917396746,300.0000011871232,1.1719700137560187,2.1242628391630736e-08,2.877665068946175e-22,3.1391918478103933e-13,0.23290921571243034,6.656184372244172e-13,1.022595064071631e-10,1.0217349107429344e-14,1.393700235240297e-14,0.0,0.0,3.901486778139813e-33,7.676822360902462e-36,2.459913539445974e-24,3.9244709938011497e-20,6.472549481235446e-13,1.6887741113888216e-13,6.228500310948312e-35,8.275993530434325e-24,6.476702778432253e-36,7.21043755318955e-32,6.700031137987074e-24,8.34039327367771e-49,2.1772435766945407e-26,4.5181028445093224e-41,5.936676974151924e-27,1.6174007047929502e-38,5.6763746716126644e-30,7.444464703513583e-38,2.5999533963626736e-26,5.65539647256335e-29,1.9034038123421207e-23,1.3533246807821541e-27,3.5189049414445305e-19,5.1439330281002134e-20,1.0159759173565351e-30,8.23734261065678e-15,8.229092996541312e-16,1.3773800266714685e-18,7.533034772768202e-19,2.916287519694458e-41,2.0009735868070475e-19,1.179609467804172e-22,0.0,1.795617563861192e-22,3.0649071215060735e-22,5.877211138496269e-20,6.154743681616211e-23,0.7670907629408529,0.0,1.7304457737205923e-43,5.934674129372204e-41,1.33871687913024e-37,1.5773968527625414e-30
0.017158948685857323,0.5719649561952441,300.0000005966785,1.1719700855436457,1.6785457801221426e-08,1.169152632855135e-22,1.8912391361411648e-13,0.2329092161885663,3.97687055365203e-13,5.179045978007254e-11,4.929349778424739e-15,6.6839144238233494e-15,0.0,3.289860948284803e-41,0.0,1.7778352752891298e-36,1.2411742813685713e-24,1.97618587890097e-20,3.11364849875082e-13,6.870812230420119e-14,1.0616855766122734e-35,3.348797565423663e-24,1.1319391959322052e-36,1.6663052956928882e-32,2.67815453557752e-24,1.5552388196198532e-49,9.195378258117818e-27,8.186235504503364e-42,2.4473871244853098e-27,4.412539031084502e-39,2.4953608088056235e-30,1.1982378733604949e-38,9.498446393715625e-27,2.0660939832224136e-29,1.0455157173122843e-23,4.220202516482455e-28,2.14811648054151e-19,2.5675566896459327e-20,4.100384967335969e-31,3.943796281310147e-15,3.5654751447484445e-16,5.570810880216787e-19,3.6136233377967465e-19,0.0,8.022084755732188e-20,4.6998754127813175e-23,2.7363578845793717e-40,7.28399191148547e-23,1.2432913907553576e-22,2.3841133578031314e-20,2.5045493753024832e-23,0.7670907669732026,0.0,5.623566606662542e-44,1.9237602248151725e-41,2.4766882512653337e-38,5.724757897824145e-31
0.017196495619524407,0.5732165206508135,300.0000003608688,1.1719701350870761,1.3665694340017208e-08,5.2926375007936196e-23,1.2777263600176356e-13,0.2329092165191197,2.6726863203473333e-13,3.1464048422697214e-11,2.9133730163900412e-15,3.932457490222332e-15,1.949040895492213e-26,2.671220746997776e-40,1.2785544057854583e-33,7.59412343321895e-37,7.523666501760932e-25,1.1964967862737031e-20,1.835188765530418e-13,3.6799668753414496e-14,3.9712146796493145e-36,1.7881321433202006e-24,4.308564623284432e-37,6.055630758540609e-33,1.4203006919568757e-24,6.077752249981659e-50,5.0295659480913135e-27,3.1615311314712545e-42,1.3205290971668998e-27,1.9399849299004333e-39,1.4237321476873901e-30,4.406670425976849e-39,4.7930028649880005e-27,1.0425699124824757e-29,6.646192188259097e-24,1.9921218652730294e-28,1.4634790463488275e-19,1.5464793251329043e-20,1.8327249899762123e-31,2.318031739540517e-15,1.9786454287143335e-16,2.9738219656382073e-19,2.1263802656224024e-19,4.5057785228615194e-40,4.26137855807961e-20,2.4879654955568996e-23,6.097299406962661e-41,3.8948273104480886e-23,6.648010198967855e-23,1.2748105580446508e-20,1.3415657789168866e-23,0.7670907697830971,0.0,2.6632883110279713e-44,9.099209463053185e-42,9.48730902058151e-39,2.8783365056264533e-31
0.01723404255319149,0.574468085106383,300.0000002458558,1.1719701713678088,1.1366406510630127e-08,4.063821322187531e-23,9.324444274315418e-14,0.2329092167619358,1.9438908183559444e-13,2.149475213441362e-11,1.959597387917161e-15,2.634859683184303e-15,2.7114888519874364e-26,2.4721307308103248e-40,1.0311613423252542e-33,4.106319676481101e-37,5.132864446068665e-25,8.157001698114154e-21,1.2309576669450495e-13,2.3303233588062266e-14,1.9702627063132004e-36,1.1302460622712021e-24,2.146992034755105e-37,2.950503323829399e-33,8.940542779105204e-25,3.0880807098215e-50,3.225478727251343e-27,1.5925175310059565e-42,8.399501273380782e-28,1.107744167955256e-39,9.37961070570936e-31,2.139555495572731e-39,2.9273164297830034e-27,6.367473853271962e-30,4.6699228550590326e-24,1.1563307915192242e-28,1.073765459262821e-19,1.0509776373949053e-20,1.4171308311825146e-31,1.5522254953376711e-15,1.2799992035288517e-16,1.8794013174742785e-19,1.424864399448402e-19,6.859904382960666e-40,2.685142345303113e-20,1.5644181346268747e-23,5.2855308911164854e-42,2.4639292264984863e-23,4.2056361676116954e-23,8.064652774277784e-21,8.495956977914038e-24,0.7670907718497226,0.0,1.5637635510204472e-44,5.3383070507815606e-42,4.758572973051183e-39,1.754045059458244e-31
0.017271589486858575,0.5757196495619525,300.00000015674414,1.1719702048047371,9.243046093757869e-09,3.9435785958660314e-23,6.446768882415049e-14,0.23290921698593914,1.3384708887334102e-13,1.3746241430204121e-11,1.2335802567734135e-15,1.6490001708361667e-15,2.3879096983533347e-26,1.728126696550321e-40,3.2881362019822005e-34,2.0543718753625985e-37,3.2775310639137767e-25,5.2043457765013446e-21,7.712955165830937e-14,1.3754726463608587e-14,9.652307894939249e-37,6.659350581465434e-25,1.0252027222566873e-37,1.4540273280086614e-33,5.246800451580403e-25,1.488923359194949e-50,1.9277955577927892e-27,7.644774738043106e-43,4.979471223978787e-28,6.272214464919472e-40,5.778103103276949e-31,1.0107158054459372e-39,1.6705342670029985e-27,3.6337319673936954e-30,3.0866224187051558e-24,6.190761926277394e-29,7.472898128277544e-20,6.681705444871955e-21,1.398658944680863e-31,9.70812586286667e-16,7.717983947871419e-17,1.1071632387691916e-19,8.918251448076363e-20,3.687072116321665e-40,1.5773029224524814e-20,9.171230865265032e-24,0.0,1.452925101620723e-23,2.4799715357372025e-23,4.755549107824092e-21,5.015051749664376e-24,0.7670907737569753,0.0,8.632238944774387e-45,2.9448741112409576e-42,2.292160703951347e-39,9.990148730647575e-32
0.01730913642052566,0.5769712140175219,300.00000008781615,1.1719702339245617,7.391627379153658e-09,3.587352620648432e-23,4.1412387365141956e-14,0.23290921718114913,8.543344442178856e-14,7.745185645091519e-12,6.75691453689737e-16,8.921050569393358e-16,0.0,1.0217590489809402e-40,0.0,5.942698237813333e-38,1.841515183231748e-25,2.919765366346841e-21,4.18222951472841e-14,6.585470348631404e-15,2.541175502272174e-37,3.17546030114195e-25,2.374127275234505e-38,3.939722390815096e-34,2.4792543697406722e-25,3.62896424675197e-51,9.489661859694696e-28,1.8212897486947983e-43,2.407525385178813e-28,2.735085766212734e-40,3.0313664915590336e-31,2.202973151477196e-40,7.381831558305702e-28,1.605689747805027e-30,1.8435843373596276e-24,2.2911366849372185e-29,4.849264817602542e-20,3.7240656437761836e-21,1.2846063374974854e-31,5.245472739490133e-16,3.8720245304807493e-17,5.2775801370094234e-20,4.8256738547282113e-20,9.406711789802335e-41,7.469625696935539e-21,4.323196492543036e-24,0.0,6.941062493799942e-24,1.1847573794110019e-23,2.271869582678335e-21,2.4014416681000853e-24,0.7670907754193009,0.0,3.4935856949400653e-45,1.1896159496130364e-42,5.55867167785517e-40,4.3927398320959165e-32
0.017346683354192743,0.5782227784730914,300.000000060511,1.1719702541416506,6.101007103198014e-09,2.744481763735909e-23,3.0155870644211905e-14,0.23290921731698147,6.203089187508367e-14,5.347733066346911e-12,4.645170496199594e-16,6.073805446335683e-16,0.0,3.9300519406065863e-41,0.0,3.546726432555725e-38,1.2702162553479885e-25,2.012890915228637e-21,2.849595310682976e-14,4.3227079421928605e-15,1.4912368907142892e-37,2.082114121095771e-25,1.3839644550227832e-38,2.3390476197815164e-34,1.6217110720652642e-25,2.1255948700745768e-51,6.276774207529134e-28,1.0644584250411527e-43,1.5844996170465159e-28,1.8130310405412426e-40,2.04733943485557e-31,1.2777134698416954e-40,4.748740697437559e-28,1.0329420553497408e-30,1.3022356101223624e-24,1.4289700187396785e-29,3.547756287952741e-20,2.5614297477523148e-21,9.734470766594096e-32,3.5698346488152976e-16,2.5750458632407734e-17,3.460128839317059e-20,3.2857194420917933e-20,0.0,4.888810648272034e-21,2.826065673263909e-24,0.0,4.553441076970804e-24,7.772186056749965e-24,1.490380511617702e-21,1.5763684679782351e-24,0.7670907765765372,0.0,2.2045322968853335e-45,7.504024256904757e-43,3.2522518135470896e-40,2.822588675555399e-32
0.017384230287859823,0.5794743429286608,300.0000000332059,1.1719702743587395,4.810386827242491e-09,1.901610906823464e-23,1.8899353923282895e-14,0.23290921745281382,3.862833932838096e-14,2.9502804876025245e-12,2.533426455502013e-16,3.226560323278271e-16,0.0,0.0,0.0,1.1507546272983382e-38,6.989173274642813e-26,1.106016464110516e-21,1.5169611066376657e-14,2.0599455357545264e-15,4.412982791565016e-38,9.88767941049693e-26,3.9380163481115276e-39,7.38372848748085e-35,7.641677743899358e-26,6.222254933973227e-52,3.0638865553638685e-28,3.0762710138757716e-44,7.614738489142951e-29,8.909763148698363e-41,1.0633123781521972e-31,3.524537882062799e-41,2.11564983656966e-28,4.601943628945077e-31,7.608868828851469e-25,5.668033525422184e-30,2.2462477583030596e-20,1.3987938517285528e-21,6.622878158213625e-32,1.8941965581406165e-16,1.2780671960009171e-17,1.6426775416248632e-20,1.7457650294555186e-20,0.0,2.3079955996087666e-21,1.3289348539849205e-24,0.0,2.1658196601418853e-24,3.6967983193902876e-24,7.088914405571411e-22,7.5129526785646135e-25,0.7670907777337735,0.0,9.154788988307205e-46,3.1118890176795585e-43,9.458319492392224e-41,1.2524375190150266e-32
0.017421777221526907,0.5807259073842302,300.0000000217555,1.1719702878515887,3.9473046711827935e-09,2.2276692344019288e-23,1.3394655663412926e-14,0.23290921754357932,2.7272961302614298e-14,1.9390313439109697e-12,1.6741883361550376e-16,2.073666849654902e-16,0.0,0.0,0.0,5.2127088674970144e-39,4.586386933938066e-26,7.251835519445018e-22,9.761479197867393e-15,1.2396543213456278e-15,1.920929857491096e-38,5.937486927859949e-26,1.5611262710956122e-39,3.268282921403308e-35,4.566646715731677e-26,2.544970402192079e-52,1.8713059034849882e-28,1.2407920610605115e-44,4.6064318705978656e-29,5.534184621845866e-41,6.74541125606592e-32,1.3478883300478913e-41,1.2201242699583103e-28,2.654003998542872e-31,5.176569143631127e-25,3.0607964560867512e-30,1.6017466761519386e-20,9.138221029696856e-22,7.800733717752948e-32,1.2165384250525883e-16,7.885639969647285e-18,9.8623416606917e-21,1.1220970276056581e-20,0.0,1.3808691477501532e-21,7.93148956579611e-25,0.0,1.3018485301089478e-24,2.2221016547249105e-24,4.261062429951152e-22,4.521561052105879e-25,0.7670907785071248,0.0,5.038658950145444e-46,1.7111597370777688e-43,3.841497646001448e-41,7.204090292376437e-33
0.01745932415519399,0.5819774718397998,300.00000001355977,1.1719702999641328,3.1719845773993088e-09,2.79367724391928e-23,9.070650835286271e-15,0.2329092176250938,1.8390543771730085e-14,1.212332434533576e-12,1.0720559520759917e-16,1.268578140228114e-16,0.0,0.0,8.822043368317309e-37,2.5439957379677982e-39,2.86309611160727e-26,4.523328012583413e-22,5.978742637723897e-15,7.154635964494778e-16,1.0725667855344083e-38,3.42077157449432e-26,7.2886228755661225e-40,1.5938014489688174e-35,2.620700080023626e-26,1.1988508546190547e-52,1.0934398712507446e-28,5.821095996308665e-45,2.670051176427411e-29,3.358420768355249e-41,4.079598592252474e-32,6.23740193877161e-42,6.812740650683108e-29,1.4819015904806325e-31,3.3562269857171534e-25,1.6881598116061507e-30,1.092111529551427e-20,5.679565539319164e-22,9.859097469954046e-32,7.437387013374193e-17,4.648137659779446e-18,5.681144506131526e-21,6.865179500039312e-21,0.0,7.9320043045232405e-22,4.547012823085227e-25,0.0,7.506417715653259e-25,1.2812568298406805e-24,2.456915204074045e-22,2.6097703688655123e-25,0.7670907792016748,0.0,2.7236777438485785e-46,9.244855402614327e-44,1.806152392529076e-41,4.014791659710127e-33
0.017496871088861075,0.5832290362953692,300.0000000072892,1.1719703104362125,2.5014624833405694e-09,2.721005477960801e-23,5.6426218481359105e-15,0.23290921769558307,1.1362107501006092e-14,6.556299793292957e-13,6.133333917296087e-17,6.572118313449039e-17,8.428170562965238e-28,0.0,2.6942686477421168e-36,6.705154110784584e-40,1.5437668771179828e-26,2.4351135102339263e-22,3.1048573840950142e-15,3.2619567288228717e-16,4.3842097995759424e-39,1.553056456727567e-26,1.5188919060230093e-40,4.192766800908024e-36,1.1786469830044998e-26,2.633363918846081e-53,5.131266047561049e-29,1.2486351480926087e-45,1.2297855933472297e-29,1.7144474248800445e-41,2.063790730512153e-32,1.2294619294162832e-42,2.8588646384851704e-29,6.218578239234623e-32,1.9410755740082256e-25,6.7915325101881995e-31,6.868242795832156e-21,3.0363970878107855e-22,9.478184387147679e-32,3.847983596275144e-17,2.2248812381962904e-18,2.578350334885322e-21,3.557358780045668e-21,2.2166332565571152e-41,3.5755446215993805e-22,2.0398801830005967e-25,0.0,3.4145594146404613e-25,5.828249537428071e-25,1.117614717558052e-22,1.1900278341111554e-25,0.7670907798022782,0.0,1.0440419455639749e-46,3.5382235787766305e-44,3.924408672757591e-42,1.6761980648997913e-33
0.01753441802252816,0.5844806007509387,300.00000000487813,1.171970317619662,2.041028398119809e-09,1.367975664451509e-23,4.010751002286393e-15,0.23290921774397005,8.050337887976138e-15,4.39718537890075e-13,4.421037644061331e-17,4.341998183872871e-17,1.688757554332473e-26,0.0,3.739556615721975e-36,3.912341768060523e-40,1.03425735158839e-26,1.6304910873530711e-22,2.052941651038635e-15,2.0740679235498457e-16,2.337154220063882e-39,9.863887596221604e-27,8.66964155809463e-41,2.470125328969556e-36,7.46746660728493e-27,1.5095982223074997e-53,3.2884634751430814e-29,7.14358938922478e-46,7.840794113734264e-30,1.1365517704973338e-41,1.3510441386561985e-32,6.9909073440272895e-43,1.7809760331985094e-29,3.8739640442138603e-32,1.3382079586826118e-25,3.991140417108709e-31,4.9072271910803575e-21,2.0280312916891696e-22,4.207265630403581e-32,2.5411133301748497e-17,1.4339393438325886e-18,1.637425055072485e-21,2.350398219311761e-21,1.460509604637011e-41,2.2666771370491583e-22,1.2915547345667057e-25,0.0,2.1697873316986538e-25,3.7035706417934135e-25,7.101900888228141e-23,7.566916815334977e-26,0.7670907802145474,0.0,6.380798055957052e-47,2.1619534057724766e-44,2.249152666688124e-42,1.0430084661678244e-33
0.017571964956195243,0.5857321652065082,300.00000000246706,1.171970324803112,1.5805943128990488e-09,1.494585094221718e-25,2.378880156436876e-15,0.23290921779235707,4.738568274946186e-15,2.2380709645085433e-13,2.7087413708265742e-17,2.1118780542967035e-17,3.293233403035294e-26,0.0,4.7848445837018326e-36,1.1195294253364618e-40,5.2474782605879726e-27,8.258686644722162e-23,1.0010259179822563e-15,8.861791182768198e-17,2.9009864055182165e-40,4.197210625167538e-27,2.1503640559591645e-41,7.474838570310879e-37,3.1484633845248604e-27,3.858325257689183e-54,1.4456609027251137e-29,1.800827297523473e-46,3.383732293996233e-30,5.5865611611462277e-42,6.38297546800244e-33,1.6871953938917487e-43,7.030874279118482e-30,1.5293498491930965e-32,7.353403433569979e-26,1.190748324029218e-31,2.946211586328558e-21,1.0196654955675538e-22,0.0,1.2342430640745553e-17,6.429974494688869e-19,6.964997752596478e-22,1.143437658577853e-21,7.043859527169065e-42,9.578096524989351e-23,5.432292861328148e-26,0.0,9.250152487568462e-26,1.578891746158755e-25,3.027654600875762e-23,3.2335552895584007e-26,0.7670907806268166,0.0,2.321176656274357e-47,7.856832327683228e-45,5.738966606186569e-43,4.098188674358575e-34
0.017609511889862327,0.5869837296620776,300.0000000013642,1.1719703299110527,1.2530373571191598e-09,2.5968717280734897e-24,1.5107041460444174e-15,0.2329092178267755,2.9898984031349453e-15,1.2446933269877806e-13,1.9522284904425858e-17,1.1271165168962092e-17,0.0,0.0,0.0,3.410562601432484e-41,2.910072917150355e-27,4.573082462435567e-23,5.354759263948665e-16,4.1782328612130426e-17,6.297354766059621e-42,1.97081241617113e-27,5.2390407472921106e-42,2.246864309114162e-37,1.4647875838435225e-27,9.909142677325025e-55,7.01089594595536e-30,4.515420729151447e-47,1.611328778111425e-30,3.0621546204003634e-42,3.376489140603312e-33,3.9044532014129295e-44,3.055736741290664e-30,6.646812844049335e-33,4.3636140844853153e-26,0.0,1.8902468516841118e-21,5.608753856350331e-23,3.084644720516403e-33,6.578805119067924e-18,3.1789423538164136e-19,3.2692817519225775e-22,6.103749080093123e-22,0.0,4.466085459275578e-23,2.521122732516118e-26,0.0,4.351645158271427e-26,7.427744151066938e-26,1.4243309464078052e-23,1.5248044190855464e-26,0.7670907809200576,0.0,9.215013841321496e-48,3.117200796654389e-45,1.4512176386903523e-43,1.7722279207656226e-34
0.01764705882352941,0.5882352941176471,300.00000000084225,1.1719703336492622,1.0132445410540763e-09,0.0,1.0300567864381487e-15,0.23290921785197014,2.0290918648456815e-15,7.716080320807981e-14,1.604144125599967e-17,6.7862259370936135e-18,0.0,0.0,0.0,1.4403336715442547e-41,1.8003692090814743e-27,2.826193326292696e-23,3.229216312132164e-16,2.3046251178292306e-17,0.0,1.0838975242347009e-27,1.9478033760986332e-42,8.388465380946865e-38,8.003480503679238e-28,3.803522725263941e-55,3.944904333636442e-30,1.7079480430953835e-47,8.95048867202213e-31,1.895173600020179e-42,2.041327058152985e-33,1.4054399550308123e-44,1.590823449368372e-30,3.4603457908140355e-33,2.830368236302876e-26,0.0,1.2985181799819846e-21,3.449926763324354e-23,0.0,3.9574446680044335e-18,1.8132548456380674e-19,1.7975753664855064e-22,3.675494173857597e-22,0.0,2.4441036109149452e-23,1.3751296428675406e-26,0.0,2.3964973046725546e-26,4.0905377520649583e-26,7.84394210249201e-24,8.411359373826309e-27,0.7670907811347047,0.0,4.493778208947042e-48,1.520311540611216e-45,5.415343755556652e-44,9.19334041957081e-35
0.017684605757196496,0.5894868585732166,300.0000000005479,1.1719703367117518,8.167627861602985e-10,0.0,7.162662860393627e-16,0.23290921787261334,1.4060696395414652e-15,5.031949732838769e-14,1.4111210447364906e-17,4.350456403795002e-18,1.4214057385484789e-25,0.0,0.0,7.76853322138881e-42,1.1726570232972543e-27,1.8396329107094456e-23,2.0720096998875986e-16,1.412439523544499e-17,0.0,6.633979057985939e-28,1.0231830977008154e-42,4.5953171583080473e-38,4.883923816771962e-28,2.0096015989967134e-55,2.440665325302354e-30,8.999346009249799e-48,5.503546084303591e-31,1.2327991336818044e-42,1.3117738546528369e-33,7.350175871143408e-45,9.508463458276593e-31,2.0682729790154556e-33,1.9010409696267802e-26,0.0,9.080257948706513e-22,2.239300269016386e-23,0.0,2.5357102870914574e-18,1.12939073052544e-19,1.100077959128727e-22,2.3564390735899185e-22,9.43956387062523e-43,1.4925264487903836e-23,8.384794975232761e-27,0.0,1.4676762263981904e-26,2.5051499098368807e-26,4.803830704241871e-24,5.155328226754196e-27,0.7670907813105712,0.0,2.619713818881753e-48,8.866426713365943e-46,2.860240920419468e-44,5.487002581756611e-35
0.01772215269086358,0.590738423028786,300.0000000002728,1.1719703396569678,6.278030057382674e-10,0.0,4.206256431402758e-16,0.23290921789246624,8.193365203196575e-16,2.5221616135528766e-14,1.2342747939787243e-17,2.0772074746948026e-18,2.6993515004927e-25,0.0,0.0,1.677573891946652e-42,5.857969456580154e-28,9.173453619739773e-24,9.9189974770208e-17,5.83720008816303e-18,0.0,2.7286403828975935e-28,1.7618455689697324e-43,1.1094720530449392e-38,1.9875483302072115e-28,3.655104503674958e-56,1.042078975503196e-30,1.5957116829009057e-48,2.300731841324604e-31,6.1359038808172254e-43,6.3067164956970745e-34,1.210962207326911e-45,3.578765095192432e-31,7.784499792879207e-34,1.0291843071050818e-26,0.0,5.398630198709301e-22,1.1079009299209123e-23,0.0,1.2089114897041166e-18,4.931162908985122e-20,4.5229329342968207e-23,1.1253841048960157e-22,4.2911678857579077e-42,6.089633968672715e-24,3.402621844892734e-27,7.433433780658582e-44,6.049911262816017e-27,1.0326483686180369e-26,1.9801880597423256e-24,2.1309019703409015e-27,0.7670907814797041,0.0,8.87432244235675e-49,3.008981980843059e-46,5.185985173938307e-45,2.0533840436078137e-35
0.017759699624530664,0.5919899874843555,300.0000000001903,1.1719703414254024,5.143223484638043e-10,0.0,3.0710943239344597e-16,0.23290921790438857,5.967458104077416e-16,1.7618099903661242e-14,1.2197546660059369e-17,1.4347687463451193e-18,2.0445497869788311e-25,0.0,0.0,1.0438094556789313e-42,4.0886664285313395e-28,6.400027874700685e-24,6.854149016267503e-17,3.918497751557732e-18,0.0,1.830209818099318e-28,1.080800036745014e-43,7.072547807605397e-39,1.3306807505290855e-28,2.248856290722697e-56,7.036624061758317e-31,9.804058996023719e-49,1.5476192645266626e-31,4.275273229937158e-43,4.357501527403903e-34,7.413318009733633e-46,2.3660028578345316e-31,5.146509558600786e-34,7.340154310985282e-27,0.0,3.957663325430323e-22,7.715051138202241e-24,0.0,8.347421683848978e-19,3.343796294214644e-20,3.0335027677922206e-23,7.773649392360203e-23,2.7597288173826913e-42,4.078867611039198e-24,2.2769846463777638e-27,7.561864332955561e-45,4.059463587141086e-27,6.929024685614634e-27,1.3286973925344651e-24,1.4305109960570788e-27,0.7670907815812704,0.0,5.778678863831818e-49,1.9605025043570987e-46,3.189211400404621e-45,1.3563626158961648e-35
0.017797246558197748,0.5932415519399249,300.0000000001078,1.1719703431938369,4.008416911893413e-10,1.6747332412892596e-23,1.935932216466161e-16,0.23290921791631092,3.7415510049582575e-16,1.0014583671793718e-14,1.2052345380331496e-17,7.923300179954362e-19,1.3897480734649625e-25,0.0,0.0,4.1004501941121056e-43,2.319363400482524e-28,3.6266021296615966e-24,3.789300555514204e-17,1.999795414952434e-18,0.0,9.317792533010424e-29,3.9975450452029576e-44,3.050375084761403e-39,6.7381317085096e-29,8.426080777704368e-57,3.6524583684846736e-31,3.651001163038383e-49,7.945066877287212e-32,2.4146425790570908e-43,2.4082865591107312e-34,2.7170139461981583e-46,1.153240620476631e-31,2.5085193243223655e-34,4.388465550919745e-27,4.817118454098038e-34,2.5166964521513454e-22,4.35109297719536e-24,4.2157741666831625e-32,4.605728470656791e-19,1.756429679444166e-20,1.5440726012876205e-23,4.293457735760248e-23,1.228289749007475e-42,2.0681012534056805e-24,1.1513474478627928e-27,0.0,2.069015911466155e-27,3.531565685048898e-27,6.7720672532660465e-25,7.301200217732563e-28,0.7670907816828367,0.0,2.6830352853068856e-49,9.120230278711382e-47,1.1924376268709338e-45,6.593411881845162e-36
0.01783479349186483,0.5944931163954944,300.0000000000607,1.1719703445121523,3.1624153248549326e-10,3.172214051328522e-23,1.2348772960157966e-16,0.23290921792519903,2.37274591474658e-16,5.6698601834057225e-15,1.1803241529339932e-17,4.325961040978516e-19,5.585907040245654e-26,0.0,0.0,1.1916727902653151e-43,1.309832590411242e-28,2.0453504304886126e-24,2.0711559153367733e-17,9.80158549967925e-19,1.5112450748138054e-41,4.550705096564452e-29,9.535692952268752e-45,1.1251067543450887e-39,3.264670500205084e-29,2.104524922826566e-57,1.8343972482515834e-31,8.925292858496903e-50,3.9277550727886146e-32,1.354551985681863e-43,1.313804059158615e-34,6.26474650471223e-47,5.26879189589529e-32,1.146063197946952e-34,2.6403494562781325e-27,1.3229691208825758e-33,1.6206134623493112e-22,2.4395743179279743e-24,9.47229956643945e-32,2.5118246039952757e-19,8.970167155655287e-21,7.538811630553751e-24,2.3445428452863858e-23,4.426738159509399e-43,1.0039489672480746e-24,5.566544996067241e-28,0.0,1.01213516001122e-27,1.72759512003546e-27,3.312805532109468e-25,3.578980099178594e-28,0.7670907817585534,0.0,1.1291757734119827e-49,3.8523092558395363e-47,2.9575044134459783e-46,2.999331217426448e-36
0.017872340425531916,0.5957446808510639,300.00000000003797,1.1719703455224917,2.5140171490891125e-10,4.0355426595972356e-23,8.308430824724859e-17,0.23290921793201105,1.590379041155903e-16,3.554836993188278e-15,1.1483046445378461e-17,2.662918000885751e-19,0.0,0.0,0.0,6.289622529870716e-44,8.20145929482563e-29,1.279796762697826e-24,1.2744402050271852e-17,5.756717445135256e-19,1.2020357279360867e-41,2.669082752223047e-29,4.866585157524776e-45,6.345624819058305e-40,1.9089876945428775e-29,1.0793923084960261e-57,1.0878813622043013e-31,4.56668852101172e-50,2.3146317696193716e-32,8.421993263889789e-44,8.041385112294191e-35,3.1882703798198764e-47,3.0173936312987804e-32,6.563409348737308e-35,1.715730448505648e-27,5.915899186024628e-34,1.0973457612420859e-22,1.521830054587769e-24,1.3149137829029345e-31,1.5453555533812397e-19,5.35677302297175e-21,4.42116223114816e-24,1.4433436368989606e-23,1.6735792284937013e-43,5.874799931530348e-25,3.2523919626469756e-28,0.0,5.9401072512796055e-28,1.0139061161895524e-27,1.9442482510577599e-25,2.1021265656615697e-28,0.7670907818165834,0.0,6.302211492114726e-50,2.153828161696716e-47,1.5175407919182935e-46,1.7152367090644647e-36
0.017909887359199,0.5969962453066333,300.0000000000167,1.171970346497033,1.888591063919192e-10,4.3624545350950846e-23,4.4957997267831855e-17,0.23290921793858177,8.52461159668515e-17,1.5762846257761427e-15,1.1139367500755321e-17,1.1106449275583845e-19,0.0,6.129667323986868e-45,3.0828704022234537e-38,1.1708001466212116e-44,3.621294299182999e-29,5.638153258697957e-25,5.307271077046865e-18,2.0026349477493226e-19,8.415978305187167e-42,9.23019434483836e-30,6.096956856672281e-46,1.817928357863742e-40,6.514345613579688e-30,1.442268232125962e-58,3.9422125398254157e-32,5.916309284935311e-51,8.168685758133307e-33,3.6379372726420987e-44,3.2920311068576646e-35,3.843439636091168e-48,9.342091476244048e-33,2.032083923411698e-35,8.468340850339752e-28,0.0,6.031801482311279e-23,6.6383017918610525e-25,1.4814285089744403e-31,6.433193406691132e-20,1.9964038583265198e-21,1.5281599292027376e-24,6.021618849049961e-24,0.0,2.011225641140014e-25,1.105953335619899e-28,4.206362723740393e-45,2.059800788213493e-28,3.515836535615096e-28,6.741905315941739e-26,7.314360294547297e-29,0.7670907818725574,0.0,1.6994638882175954e-50,5.868209580228624e-48,2.0362527090986132e-47,5.2728931051247156e-37
0.017947434292866084,0.5982478097622028,300.0000000000092,1.171970347137845,1.4773241459173422e-10,0.0,2.806023139647177e-17,0.23290921794290248,5.2892259165987434e-17,8.699925096770711e-16,1.057675837125419e-17,5.910338024625225e-20,1.6951348149046634e-25,1.7093373094418626e-44,7.729663039039598e-38,7.904869238526274e-45,1.993605637188589e-29,3.099750099522867e-25,2.8113514435824027e-18,9.594242574155736e-20,3.5776393610800376e-44,4.407160744222122e-30,1.957447723287036e-46,8.118018987384609e-41,3.0870321352526014e-30,4.778715388386571e-59,1.9331339710157968e-32,1.9221879711662494e-51,3.9455930477957725e-33,2.018623342226016e-44,1.7804230996194308e-35,1.2128418639585705e-48,4.192112022229569e-33,9.118647033257442e-36,4.974165668178707e-28,0.0,3.803210984400106e-23,3.6280217843688523e-25,0.0,3.4196345549370324e-20,9.948803634560432e-22,7.294483100296202e-25,3.204977102561086e-24,6.102695654250822e-44,9.548244220978795e-26,5.230457875475304e-29,1.6025528380937186e-44,9.850120343877013e-29,1.681299138996624e-28,3.22402918548211e-26,3.5045859720339993e-29,0.7670907819093641,0.0,7.026777815179068e-51,2.4548970097815562e-48,6.480333216069504e-48,2.3568109696263212e-37
0.017984981226533168,0.5994993742177723,300.00000000000597,1.171970347578301,1.1946389073259481e-10,0.0,1.954293332870698e-17,0.23290921794587235,3.671647682947692e-17,5.644244277710025e-16,1.0425236119440083e-17,3.756667242811879e-20,1.0829086461515426e-25,1.3016351960014787e-44,5.530816095256071e-38,4.906286793208751e-45,1.2915347542175413e-29,2.0066120700287492e-25,1.7732566278027575e-18,5.750578412636255e-20,0.0,2.636569815506157e-30,9.014098596806796e-47,4.763545864711652e-41,1.838993218711914e-30,2.251315591057571e-59,1.173884784593528e-32,8.931874512579013e-52,2.375768336497879e-33,1.3080236917730524e-44,1.1385192539948248e-35,5.513684289342658e-49,2.4212707353059095e-33,5.266727875984367e-36,3.346516702153683e-28,0.0,2.6656687602328994e-23,2.340752293065026e-25,0.0,2.1721973130432678e-20,6.095988117651393e-22,4.36322426035315e-25,2.0373101544426735e-24,4.993906325331928e-44,5.693876701542984e-26,3.1123661378330987e-29,1.1422462117789924e-44,5.897902336314288e-29,1.0067022293089426e-28,1.9304342059038343e-26,2.100711579708391e-29,0.7670907819346631,0.0,3.8645929522481543e-51,1.3611262187124707e-48,2.972565564469426e-48,1.3581682146820306e-37
0.018022528160200252,0.6007509386733417,300.0000000000035,1.171970347982966,9.349231400104507e-11,0.0,1.2522698570239793e-17,0.2329092179486009,2.343070042858707e-17,3.304405656010561e-16,1.0347149276715539e-17,2.1464895098144417e-20,0.0,6.252497474287207e-45,2.1090832595424346e-38,2.051426868866758e-45,7.548136402432714e-30,1.171652157623083e-25,9.95583556618697e-19,3.0838552197286205e-20,0.0,1.411258701107455e-30,3.961946722594039e-47,2.60715519591002e-41,9.802538095252654e-31,9.951994256763611e-60,6.379016204393095e-33,3.93867809810764e-52,1.2799159933524704e-33,7.597542165620907e-45,6.519769252698634e-36,2.4165385339333145e-49,1.254069231453614e-33,2.7278409198673866e-36,2.0522987544807063e-28,0.0,1.7230283455558332e-23,1.3612765772128427e-25,0.0,1.2402550916953997e-20,3.3440099578032706e-22,2.3351296250571703e-25,1.1642114483903859e-24,1.3693232684342194e-44,3.038101324069382e-26,1.6571941480340584e-29,3.885774314544895e-45,3.1596437108460677e-29,5.393138412276448e-29,1.0341785847702236e-26,1.1266204161639327e-29,0.7670907819579064,0.0,1.9181550355313878e-51,6.817118781030974e-49,1.3180563726511639e-48,7.020514632620765e-38
0.018060075093867336,0.6020025031289112,300.00000000000165,1.1719703483344295,7.09351695574294e-11,0.0,6.959696258231935e-18,0.23290921795097072,1.2924059918481273e-17,1.5188940073533573e-16,1.0283130917907134e-17,9.29789545717961e-21,0.0,2.5096320832744512e-45,3.842771412608575e-39,3.998503042837096e-46,3.455345083711506e-30,5.351864488363252e-26,4.079414892837804e-19,1.119142415257661e-20,3.7952671472956977e-44,5.0918028892519634e-31,5.32915429519096e-48,1.0142951363767324e-41,3.4908870033863388e-31,1.4094369295937252e-60,2.409368907513029e-33,5.452327219016049e-53,4.7107323135107075e-34,3.4434676564007084e-45,2.860396016496815e-36,3.16598061462544e-50,4.058809840539029e-34,8.828689318571431e-37,1.0447102211571346e-28,1.4225243635188964e-35,9.734988339923988e-24,6.1586455712063e-26,1.7646831801313098e-33,5.362558780971173e-21,1.298159552532485e-22,8.421286391149658e-26,5.044414281587941e-25,0.0,1.0853564243085214e-26,5.8812068428609804e-30,3.072662342466884e-46,1.1430404261591988e-29,1.951034918229828e-29,3.741269695195581e-27,4.0893828969676356e-30,0.7670907819780939,0.0,5.25429779721713e-52,1.9449386633197396e-49,1.90232841244087e-49,2.2563504803117739e-38
0.01809762202753442,0.6032540675844806,300.0000000000009,1.171970348577926,5.5307271345088606e-11,1.7834405744201067e-24,4.2603103923551646e-18,0.23290921795261257,7.87506373155278e-18,8.090339393835422e-17,1.0252561684692317e-17,4.741519687640202e-21,7.846810541671822e-27,3.988989016533079e-45,1.5635142887806729e-38,8.65110192107021e-46,1.834944150390681e-30,2.8375466254509477e-26,1.877779793413615e-19,5.01125567170002e-21,8.970650854717627e-44,2.270239490118507e-31,1.3702403629327375e-48,5.017809665506333e-42,1.5415255433639997e-31,3.8041738664751615e-61,1.1110943730899616e-33,1.4243496093849025e-53,2.1313644178978396e-34,1.8572050034015384e-45,1.5255383138039806e-36,7.962325913567074e-51,1.6697536462094687e-34,3.632034221351348e-37,5.972850274887828e-29,4.598640803788301e-35,6.039014780639674e-24,3.242394254833914e-26,1.402659673634867e-32,2.7310053210383807e-21,6.108503344647085e-23,3.753537899397362e-26,2.5729659113444586e-25,7.073167985028576e-46,4.803976025014401e-27,2.5904230224779192e-30,3.50075135016759e-45,5.106389551202408e-30,8.716003449167704e-30,1.671365246250413e-27,1.8314052502756248e-30,0.76709078199208,0.0,1.8535830588409174e-52,7.280906003378824e-50,4.811125314273409e-50,9.234195520010541e-39
0.0181351689612015,0.60450563204005,300.0000000000006,1.171970348735847,4.5171644880947355e-11,6.739200541277028e-23,3.0901314589312725e-18,0.23290921795367742,5.71070079681313e-18,5.620811709050428e-17,1.0287224843177804e-17,3.2564354801275646e-21,7.996895513667038e-27,2.4259352378770674e-45,7.785948315198617e-39,4.384710025076499e-46,1.2737804365367745e-30,1.9689034064854403e-26,1.152622983793825e-19,3.342796374317216e-21,2.1855282158636012e-43,1.5131027836386546e-31,8.365550050054067e-49,3.453641180672893e-42,1.025495121919853e-31,2.33665061449301e-61,7.456130729785309e-34,8.747859281312463e-54,1.4246928295990227e-34,1.2906240455146598e-45,1.0605794995108272e-36,4.855726828450677e-51,1.0966594602136665e-34,2.385444523663714e-37,4.2373879168803486e-29,2.496817025254111e-35,4.4085561503688e-24,2.24551241792648e-26,2.4794640462076276e-31,1.8749950430481978e-21,4.116826591233436e-23,2.5015788695693513e-26,1.7671849901874152e-25,2.017216040991456e-46,3.1972712223408465e-27,1.72242365476918e-30,2.0965886202376222e-45,3.404695046328132e-30,5.811412046863147e-30,1.1143859893247878e-27,1.2216892898178888e-30,0.7670907820011509,0.0,1.180372015468711e-52,4.711927018639347e-50,3.000413045908116e-50,6.059499060910911e-39
0.018172715894868584,0.6057571964956195,300.0000000000004,1.171970348893768,3.503601841680516e-11,1.3300057025112652e-22,1.9199525255072726e-18,0.23290921795474223,3.546337862073281e-18,3.151284024265204e-17,1.0321888001663293e-17,1.7713512726147897e-21,8.146980485662267e-27,8.628814592209108e-46,0.0,1.1831812908239246e-47,7.12616722682816e-31,1.1002601875198529e-26,4.2746617417396766e-20,1.6743370769342578e-21,3.473991346255559e-43,7.559660771587323e-32,3.028696470780267e-49,1.889472695839307e-42,5.094647004756587e-32,8.691273625107225e-62,3.8013177286706636e-34,3.252222468775392e-54,7.180212413001402e-35,7.240430876277285e-46,5.956206852176309e-37,1.7491277433339934e-51,5.235652742178115e-35,1.1388548259759648e-37,2.501925558872708e-29,3.949932467197271e-36,2.778097520097774e-24,1.2486305810189546e-26,4.818662125051985e-31,1.0189847650579363e-21,2.125149837819603e-23,1.2496198397412249e-26,9.614040690302972e-26,0.0,1.5905664196671436e-27,8.544242870603603e-31,6.924258903075248e-46,1.7030005414536988e-30,2.906820644558321e-30,5.574067323991111e-28,6.119733293600967e-31,0.7670907820102216,0.0,5.071609720964427e-53,2.1429480338996337e-50,1.1897007775426554e-50,2.8848026018109857e-39
0.01821026282853567,0.6070087609511889,300.0000000000002,1.171970349008445,2.7675857559198432e-11,1.4789544656978458e-22,1.2215713996757533e-18,0.23290921795551547,2.2605105505431536e-18,1.7899942732069643e-17,9.38930210738848e-18,9.693333861381274e-22,0.0,1.791471306590087e-46,0.0,0.0,4.037383911406935e-31,6.2250878928558276e-27,3.174012325394231e-21,8.194660774929848e-22,2.9934288837564624e-43,3.6862775342362124e-32,7.172735294548857e-50,1.0226855142768254e-42,2.4637490808063952e-32,2.5615318529357744e-62,1.908182580786454e-34,8.441905021373446e-55,3.545720291774131e-35,4.115954588289455e-46,3.3973252943057853e-37,4.064444149019551e-52,2.3818182712976973e-35,5.180911292773358e-38,1.5087452083775611e-29,0.0,1.798263759556034e-24,7.022077851588697e-27,5.356250922479742e-31,5.569775724230275e-22,1.0854280490441593e-23,6.0920703635393986e-27,5.26201951022432e-26,0.0,7.707384960574292e-28,4.122866622479737e-31,1.0596300455494264e-46,8.31829880969354e-31,1.419835289053802e-30,2.7226507781266157e-28,2.9955524839399943e-31,0.7670907820168086,0.0,1.8877386554200528e-53,8.982805780039809e-51,3.707514498800365e-51,1.3064667809588508e-39
0.018247809762202753,0.6082603254067585,300.00000000000017,1.1719703490950355,2.211831869346455e-11,1.2985256642720824e-22,8.296156540330455e-19,0.23290921795609937,1.5452785406850984e-18,1.1484879224041137e-17,7.828502910805671e-18,6.10956512292993e-22,0.0,6.651718720964648e-47,0.0,0.0,2.587155140896993e-31,3.986355838973276e-27,0.0,4.930080963022918e-22,1.3639116547409434e-43,2.214677607494797e-32,3.7082100246637417e-50,6.0883670494179215e-43,1.4756614279996883e-32,1.981954174597619e-62,1.1592299561339349e-34,4.4151013644324036e-55,2.14040442818494e-35,2.6420349737600885e-46,2.196325332917937e-37,2.093970933883643e-52,1.3966205582714184e-35,3.0379174249931776e-38,9.976655431738466e-30,0.0,1.2410007906939727e-24,4.483511705975248e-27,4.723722351565215e-31,3.508692908951044e-22,6.639862888480474e-24,3.659840501394182e-27,3.3168503505986406e-26,0.0,4.619749372004156e-28,2.46739653955843e-31,5.058352275249902e-47,5.000716142639294e-31,8.535631392027302e-31,1.6367774227120817e-28,1.8022754276779373e-31,0.7670907820217823,0.0,1.0083941898256462e-53,5.1373298104795134e-51,1.9593681566334155e-51,7.649425086589983e-40
0.018285356695869837,0.609511889862328,300.0000000000001,1.1719703491772973,1.6838602160689926e-11,1.076188677858478e-22,4.667050876577031e-19,0.23290921795665404,8.827973083171828e-19,5.592104445824789e-18,6.276640391058781e-18,2.8247267432721133e-22,0.0,0.0,0.0,0.0,1.2552079454737133e-31,1.930386981546896e-27,0.0,1.9539092433024937e-22,0.0,8.732931450634234e-33,5.975679374818153e-51,2.3127617889569655e-43,5.753123789306276e-33,1.398156792873433e-62,4.7569473224935255e-35,7.944530348523163e-56,8.587552982321219e-36,1.2885376783533285e-46,1.0931711374746239e-37,3.2532879631808013e-53,5.009845978474292e-36,1.0897375360334402e-38,5.2627980407066104e-30,1.2715991128240588e-36,7.241525675281556e-25,2.153031528330677e-27,3.93789510793097e-31,1.619649912479233e-22,2.790514455785789e-24,1.4428455387906481e-27,1.5339143796529518e-26,0.0,1.8060536042833404e-28,9.590612715373451e-32,1.609365857431513e-48,1.976477152758253e-31,3.373612879773134e-31,6.469179772003884e-29,7.144120677316724e-32,0.7670907820265073,0.0,2.1486189615434696e-54,1.6506446661147097e-51,3.852309513583657e-52,2.727246477140043e-40
0.01832290362953692,0.6107634543178974,300.0000000000001,1.1719703492243112,1.3821153196295445e-11,5.125993279728142e-23,3.4030526674494554e-19,0.23290921795697106,6.498581212256657e-19,3.952252181788694e-18,4.7975479541185645e-18,1.9740355709304429e-22,0.0,0.0,0.0,0.0,8.864107186122427e-32,1.3626327238334906e-27,0.0,1.3262034170982893e-22,0.0,5.922346062984215e-33,3.685460523085449e-51,1.492059596306396e-43,3.894062460102194e-33,7.799989692916073e-63,3.248440574745517e-35,4.810695137793825e-56,5.841067136030024e-36,9.156221243724682e-47,7.867610361502614e-38,2.001682903950234e-53,3.346371943270328e-36,7.279000460384955e-39,3.7811603464287056e-30,1.0349000030446218e-36,5.363958450314068e-25,1.5169656612880446e-27,1.9037786721517653e-31,1.1315025834377956e-22,1.913872115686064e-24,9.78477615310414e-28,1.0720200879572221e-26,0.0,1.223010663476063e-28,6.488237819882407e-32,4.792854636657695e-48,1.340893819856507e-31,2.288747255603744e-31,4.388860837538567e-29,4.849173777845268e-32,0.7670907820292078,0.0,1.2008585957047028e-54,1.0855419554815671e-51,2.280252893444378e-52,1.8200185065815055e-40
0.018360450563204005,0.6120150187734669,300.00000000000006,1.1719703492713254,1.0803704231900964e-11,0.0,2.1390544583218805e-19,0.23290921795728806,4.169189341341485e-19,2.3123999177526002e-18,3.318455517178348e-18,1.1233443985887724e-22,0.0,2.0382195150972527e-47,3.2045890021724367e-40,1.6691358034505218e-47,5.176134917507723e-32,7.9487846612008535e-28,0.0,6.984975908940849e-23,6.080718377882027e-45,3.111760675334196e-33,1.395241671352745e-51,6.713574036558263e-44,2.03500113089811e-33,1.618411457097816e-63,1.739933826997508e-35,1.6768599270644876e-56,3.09458128973883e-36,5.42706570391608e-47,4.803509348258989e-38,7.500778447196667e-54,1.6828979080663626e-36,3.66062556043551e-39,2.299522652150802e-30,7.982008932651846e-37,3.48639122534658e-25,8.808997942454123e-28,0.0,6.433552543963585e-23,1.037229775586339e-24,5.141096918301798e-28,6.101257962614923e-27,0.0,6.399677226687857e-29,3.385862924391363e-32,7.976343415883877e-48,7.053104869547604e-32,1.2038816314343546e-31,2.3085419030732505e-29,2.554226878373812e-32,0.7670907820319083,0.0,2.5309822986593598e-55,5.204392448484247e-52,7.081962733050987e-53,9.127905360229677e-41
0.01839799749687109,0.6132665832290363,300.00000000000006,1.1719703493021205,8.827212985718367e-12,0.0,1.4730671972574337e-19,0.23290921795749572,2.924544260677221e-19,1.4930269727308607e-18,2.762665448363923e-18,7.057114618969538e-23,0.0,2.661492919884256e-47,4.1434187086174766e-40,2.151559874853786e-47,3.3357402046392476e-32,5.1174466587887e-28,0.0,4.035519566075924e-23,1.3864398296989421e-44,1.7927711538659254e-33,4.461928614861164e-52,3.1342799049701423e-44,1.164987343790973e-33,0.0,1.0247687088836547e-35,4.082550334604159e-57,1.8000796614587162e-36,3.542831696472753e-47,3.2161678293238565e-38,2.3288628565206878e-54,9.19005825841545e-37,1.9990138487218166e-39,1.5403065940666607e-30,6.2364854149941925e-37,2.4723885731702716e-25,5.6462947680212325e-28,0.0,4.038303063578479e-23,6.18945224432624e-25,2.9618750632284764e-28,3.8334756074927026e-27,0.0,3.669294676103686e-29,1.9350552785506802e-32,1.530579523368974e-48,4.0686682584555234e-32,6.94473577879313e-32,1.3317101226605122e-29,1.4758322687840892e-32,0.7670907820336771,0.0,0.0,2.6647318457501697e-52,8.840106356023246e-54,4.967156988323158e-41
0.018435544430538173,0.6145181476846058,300.00000000000006,1.1719703493226548,7.509286826567468e-12,0.0,1.185413393130706e-19,0.23290921795763417,2.3661675575183096e-19,1.1927327805546931e-18,2.7910054491798245e-18,5.620541436773604e-23,0.0,2.0542101063763056e-47,3.1741396262369202e-40,1.6485482839376394e-47,2.664221088262733e-32,4.086768693444653e-28,0.0,3.191280763913896e-23,2.2128037873442313e-44,1.417444323246887e-33,3.456393842282362e-52,2.482731929348902e-44,9.206975118877308e-34,0.0,8.115136013544384e-36,3.1969380987381285e-57,1.4241802935525258e-36,2.8257929441987434e-47,2.563102725154881e-38,1.8032367566694684e-54,7.242370199910213e-37,1.5753543581362803e-39,1.238132795615092e-30,4.8841352643616216e-37,2.004722691535064e-25,4.506787927787316e-28,5.4874191385932994e-34,3.21597068749686e-23,4.906421315915542e-25,2.341799713697268e-28,3.05316217924503e-27,0.0,2.9001662598481154e-29,1.529116709018918e-32,0.0,3.21715610156013e-32,5.491305179780752e-32,1.0530028682807092e-29,1.1670931895273449e-32,0.7670907820348566,0.0,0.0,2.0934867861073583e-52,7.105695018705726e-54,3.913703949967101e-41
0.018473091364205257,0.6157697121401753,300.0,1.171970349343189,6.191360667416568e-12,1.6505640673010874e-23,8.977595890039782e-20,0.23290921795777264,1.8077908543593984e-19,8.924385883785255e-19,2.8193454499957264e-18,4.1839682545776683e-23,0.0,1.4469272928683558e-47,2.2048605438563643e-40,1.145536693021493e-47,1.9927019718862174e-32,3.056090728100606e-28,0.0,2.3470419617518678e-23,3.0391677449895204e-44,1.0421174926278483e-33,2.45085906970356e-52,1.831183953727662e-44,6.764076799844884e-34,0.0,5.982584938252223e-36,2.3113258628720984e-57,1.0482809256463356e-36,2.108754191924734e-47,1.9100376209859052e-38,1.2776106568182492e-54,5.294682141404975e-37,1.1516948675507437e-39,9.359589971635232e-31,3.5317851137290524e-37,1.5370568098998566e-25,3.367281087553399e-28,5.785387689867686e-32,2.393638311415241e-23,3.623390387504843e-25,1.7217243641660597e-28,2.272848750997357e-27,0.0,2.1310378435925447e-29,1.1231781394871558e-32,0.0,2.3656439446647363e-32,4.0378745807683736e-32,7.742956139009064e-30,8.583541102706008e-33,0.767090782036036,0.0,0.0,1.5222417264645476e-52,5.371283681388206e-54,2.860250911611043e-41
0.01851063829787234,0.6170212765957447,300.0,1.1719703493637232,4.873434508265668e-12,3.313481968635331e-23,6.101057848772503e-20,0.23290921795791109,1.2494141512004871e-19,5.921443962023577e-19,2.847685450811628e-18,2.747395072381734e-23,0.0,8.396444793604054e-48,1.2355814614758084e-40,6.425251021053464e-48,1.3211828555097023e-32,2.0254127627565596e-28,0.0,1.5028031595898395e-23,3.8655317026348095e-44,6.667906620088098e-34,1.445324297124758e-52,1.1796359781064217e-44,4.3211784808124624e-34,0.0,3.85003386296006e-36,1.4257136270060683e-57,6.723815577401455e-37,1.3917154396507243e-47,1.2569725168169298e-38,7.519845569670297e-55,3.346994082899738e-37,7.280353769652072e-40,6.337851987119546e-31,2.1794349630964823e-37,1.069390928264649e-25,2.2277742473194824e-28,1.151590118834944e-31,1.571305935333622e-23,2.3403594590941438e-25,1.1016490146348512e-28,1.4925353227496843e-27,0.0,1.361909427336974e-29,7.172395699553936e-33,0.0,1.5141317877693427e-32,2.5844439817559955e-32,4.955883595211034e-30,5.496150310138566e-33,0.7670907820372155,0.0,0.0,9.509966668217364e-53,3.6368723440706867e-54,1.8067978732549855e-41
0.018548185231539425,0.6182728410513142,300.0,1.1719703493842577,3.5555083491147676e-12,4.9763998699695756e-23,3.2245198075052237e-20,0.23290921795804956,6.910374480415757e-20,2.9185020402619003e-19,2.87602545162753e-18,1.3108218901857985e-23,0.0,2.3236166585245527e-48,2.6630237909525286e-41,1.395135111892002e-48,6.496637391331871e-33,9.947347974125134e-29,0.0,6.5856435742781086e-24,4.691895660280099e-44,2.914638313897713e-34,4.397895245459563e-53,5.28088002485182e-45,1.8782801617800389e-34,0.0,1.7174827876678986e-36,5.401013911400379e-58,2.9648218983395536e-37,6.746766873767146e-48,6.039074126479539e-39,2.2635845711581056e-55,1.3993060243945e-37,3.0437588637967084e-40,3.3161140026038585e-31,8.270848124639122e-38,6.017250466294416e-26,1.0882674070855648e-28,1.724641468683119e-31,7.489735592520032e-24,1.0573285306834446e-25,4.8157366510364296e-29,7.122218945020113e-28,0.0,5.927810110814035e-30,3.113010004236313e-33,0.0,6.626196308739486e-33,1.1310133827436185e-32,2.1688110514130034e-30,2.4087595175711257e-33,0.767090782038395,0.0,0.0,3.7975160717892544e-53,1.902461006753167e-54,7.533448348989279e-42
0.01858573216520651,0.6195244055068837,300.0,1.17197034939751,2.7049429364991644e-12,3.3838244894293555e-23,1.7183473510625797e-20,0.23290921795813893,3.97849091210971e-20,1.4444357634126843e-19,2.5413876311218294e-18,6.1798333656084246e-24,0.0,1.529874312475697e-47,0.0,0.0,3.204531780305388e-33,4.897878455666087e-29,0.0,2.6885632552493557e-24,3.023572844631696e-44,1.184273681035722e-34,4.3314588679889757e-54,2.224808395453448e-45,7.551520004523216e-35,1.7775317950644803e-65,7.2427278991979115e-37,1.4930736014903767e-58,1.2242864841084196e-37,3.2658735896204587e-48,2.8878774138304126e-39,1.986882377264323e-56,5.205908459941372e-38,1.132384896446509e-40,1.7806135061524077e-31,1.8079278084360686e-38,3.535107333476645e-26,5.316429271908558e-29,1.157366794421278e-31,3.525784925348024e-24,4.5592448602587584e-26,1.9570157038436797e-29,3.358567426348859e-28,0.0,2.3893626555125954e-30,1.2480564408140825e-33,0.0,2.6982144962034455e-33,4.605533183579974e-33,8.831488131110927e-31,9.835297863939441e-34,0.7670907820391561,0.0,0.0,1.2750835618142808e-53,9.122642948312524e-55,2.7868252401203828e-42
0.018623279098873593,0.6207759699624531,300.0,1.1719703494062756,2.14234727679909e-12,0.0,1.0565415680972728e-20,0.23290921795819802,2.6805961444115115e-20,9.12403974842341e-20,1.983096809599913e-18,3.8340551367128444e-24,0.0,4.001048808270031e-47,0.0,0.0,2.021600095712663e-33,3.0877616466382325e-29,0.0,1.5921270761996926e-24,0.0,7.003446448703342e-35,2.2118946141663718e-54,1.3002912684342547e-45,4.452155524573528e-35,5.713305762702459e-66,4.330810318701561e-37,6.3401313979855625e-59,7.274475764894952e-38,2.0583050383431937e-48,1.81897074230617e-39,1.0018831409075607e-56,3.005357250317647e-38,6.53722820497682e-41,1.1608755023460898e-31,0.0,2.4051405309166286e-26,3.341681844746509e-29,0.0,2.186296467389653e-24,2.7451276368060773e-26,1.1575269327637177e-29,2.0838901358795916e-28,0.0,1.4097337774068087e-30,7.352277263367451e-34,2.986491575906885e-47,1.5966521295394794e-33,2.7252964399465674e-33,5.2259797516485845e-31,5.824599011233286e-34,0.7670907820396596,0.0,0.0,7.182177515719607e-54,3.8062406926395066e-55,1.606488431817103e-42
0.018660826032540677,0.6220275344180226,300.0,1.1719703494145317,1.612466619254231e-12,0.0,4.5259279152613426e-21,0.2329092179582537,1.4921272658748645e-20,4.2961396034803085e-20,1.5151834281414759e-18,1.7103924085674325e-24,0.0,5.866757514626926e-47,3.536346368228591e-42,1.8593410153945093e-49,9.483367467564714e-34,1.4456065485238052e-29,0.0,6.052580040624462e-25,0.0,2.648465502283156e-35,3.349045911125985e-55,4.71006183949491e-46,1.6639938428004565e-35,0.0,1.7067962848225833e-37,0.0,2.800760738257443e-38,9.634027934869289e-49,8.505647950632303e-40,1.303933617955563e-57,1.0306703212959307e-38,2.2419055569124785e-41,5.959026824011083e-32,0.0,1.368936926245147e-26,1.5508753695858323e-29,0.0,9.73723427214365e-25,1.1089847870071288e-26,4.3804289434663804e-30,9.298956955405563e-29,7.981954469154104e-50,5.283904487532949e-31,2.739357066620017e-34,7.196868658127873e-47,6.052581337724306e-34,1.0331040824996167e-33,1.9810619267580013e-31,2.214669085505605e-34,0.7670907820401338,0.0,0.0,2.199135039689694e-54,0.0,5.47480305721179e-43
0.01869837296620776,0.623279098873592,300.0,1.171970349419115,1.318301746468436e-12,5.078429049109701e-24,2.6551116358935325e-21,0.2329092179582846,1.0920859477063083e-20,3.0161724111903123e-20,1.6984510891908435e-18,1.1871003396711312e-24,0.0,3.370007584273646e-47,2.052081957215243e-42,1.0799390153966208e-49,6.65247816103495e-34,1.0136371110917063e-29,0.0,4.078339842931211e-25,0.0,1.7829959835678186e-35,2.0569300000631783e-55,3.278801751606092e-46,1.1180882196816003e-35,0.0,1.1571642150301618e-37,0.0,1.8912356583854427e-38,6.802757307911577e-49,6.0627945097436564e-40,7.675377462547747e-58,6.833644909685962e-39,1.4864487885902488e-41,4.2552003335395606e-32,0.0,1.0083091832824744e-26,1.0853870357666397e-29,1.36534176320166e-32,6.755922433724003e-25,7.551701166090263e-27,2.95003211781876e-30,6.454366625489751e-29,4.621627481448886e-50,3.5520710461394376e-31,1.8397218030802626e-34,4.681792837412017e-47,4.07641374466745e-34,6.957956357789396e-34,1.3342452771117994e-31,1.4923306592856954e-34,0.767090782040397,0.0,0.0,1.4355282307443553e-54,0.0,3.626608898873648e-43
0.018735919899874845,0.6245306633291615,300.0,1.1719703494236982,1.0241368736826409e-12,3.968499194152186e-23,7.842953565257224e-22,0.23290921795831548,6.920446295377522e-21,1.7362052189003156e-20,1.881718750240211e-18,6.6380827077483e-25,0.0,8.732576539203662e-48,5.678175462018947e-43,3.005370153987323e-50,3.8215888545051858e-34,5.816676736596075e-30,0.0,2.10409964523796e-25,2.378310653649477e-44,9.175264648524817e-36,7.648140890003716e-56,1.8475416637172745e-46,5.7218259656274416e-36,0.0,6.075321452377402e-38,3.2871263324186177e-60,9.81710578513442e-39,3.9714866809538655e-49,3.619941068855011e-40,2.3114187455398674e-58,3.3605866064126187e-39,7.309920202680186e-42,2.5513738430680393e-32,0.0,6.47681440319802e-27,6.198987019474468e-30,1.3525323438541416e-31,3.7746105953043576e-25,4.0135544621092364e-27,1.5196352921711395e-30,3.60977629557394e-29,1.2613004937436694e-50,1.8202376047459263e-31,9.40086539540508e-35,2.166717016696161e-47,2.1002461516105942e-34,3.584871890582626e-34,6.874286274655974e-32,7.699922330657862e-35,0.7670907820406604,0.0,0.0,6.719214217990168e-55,1.4140934472609972e-56,1.7784147405355063e-43
0.01877346683354193,0.625782227784731,300.0,1.171970349426613,8.370519100419569e-13,2.7548139609521025e-23,0.0,0.23290921795833516,4.8559629567639234e-21,1.1188767620319124e-20,1.6488419999627802e-18,4.158523080931752e-25,0.0,0.0,0.0,0.0,2.4579980171854518e-34,3.7373592837537826e-30,0.0,1.208751201288097e-25,2.5647133372702044e-44,5.2551455240354584e-36,2.4572590505592147e-56,1.148260346293774e-46,3.25600880303408e-36,0.0,3.5603664124437295e-38,5.048476933587028e-60,5.67955588643548e-39,2.591459007705171e-49,2.4097456959620356e-40,2.531419782240041e-59,1.821114825034135e-39,3.9612739197534614e-42,1.707468503364015e-32,0.0,4.595461912572671e-27,3.964922083460025e-30,9.238822845871456e-32,2.3626673116801926e-25,2.384177065333397e-27,8.717679872200771e-31,2.2617781905234917e-29,0.0,1.037458644480912e-31,5.340231491980022e-35,9.577494193014105e-48,1.204632653391509e-34,2.0561655255814247e-34,3.942866267509497e-32,4.4238610268126476e-35,0.7670907820408278,0.0,0.0,3.4062126579229824e-55,2.6995741455470413e-56,9.602340947494713e-44
0.018811013767209013,0.6270337922403004,300.0,1.1719703494285267,7.142148918882984e-13,0.0,0.0,0.23290921795834807,3.953037523992755e-21,8.991315464162108e-21,1.1662786028894306e-18,3.330980091402026e-25,0.0,0.0,0.0,0.0,1.974786261391171e-34,3.002267983797849e-30,0.0,9.607378095838533e-26,1.3430812996179264e-44,4.175772037142691e-36,1.9045435738218847e-56,8.881662911491824e-47,2.586135081596686e-36,0.0,2.8342307673032366e-38,3.534037960534168e-60,4.516626527747274e-39,2.082177106681329e-49,1.9391451638659897e-40,1.7827438072208016e-59,1.4417949567918258e-39,3.1361804770024654e-42,1.3795158541201591e-32,0.0,3.7490643853474854e-27,3.18334818875114e-30,0.0,1.8923451609327133e-25,1.9000612528799345e-27,6.93418394686649e-31,1.811735420391687e-29,0.0,8.241123728926325e-32,4.241028827736563e-35,5.324467558988202e-48,9.573516120746719e-35,1.6340860219028568e-34,3.1334941539509876e-32,3.516193497978244e-35,0.7670907820409377,0.0,0.0,2.6870510154858536e-55,1.9183785867097161e-56,7.600615564943046e-44
0.018848560700876097,0.6282853566958699,300.0,1.1719703494304408,5.913778737346399e-13,0.0,0.0,0.23290921795836098,3.050112091221587e-21,6.793863308005093e-21,6.837152058160809e-19,2.5034371018723e-25,0.0,0.0,0.0,0.0,1.4915745055968905e-34,2.2671766838419156e-30,0.0,7.127244178796095e-26,1.2144926196564839e-45,3.0963985502499226e-36,1.3518280970845546e-56,6.280722360045905e-47,1.916261360159292e-36,0.0,2.1080951221627443e-38,2.0195989874813086e-60,3.3536971690590675e-39,1.572895205657487e-49,1.468544631769944e-40,1.0340678322015624e-59,1.0624750885495167e-39,2.311087034251469e-42,1.0515632048763034e-32,0.0,2.9026668581222995e-27,2.4017742940422553e-30,0.0,1.422023010185234e-25,1.415945440426472e-27,5.150688021532209e-31,1.3616926502598824e-29,0.0,6.10766101304353e-32,3.1418261634931035e-35,1.0714409249622994e-48,7.100705707578348e-35,1.2120065182242884e-34,2.3241220403924786e-32,2.6085259691438404e-35,0.7670907820410476,0.0,0.0,1.9678893730487253e-55,1.137183027872391e-56,5.59889018239138e-44
0.018886107634543178,0.6295369211514393,300.0,1.1719703494323546,4.685408555809928e-13,0.0,0.0,0.23290921795837388,2.147186658450502e-21,4.596411151848282e-21,2.0115180874277594e-19,1.6758941123426503e-25,0.0,0.0,0.0,0.0,1.0083627498026546e-34,1.5320853838860499e-30,0.0,4.647110261753886e-26,0.0,2.0170250633572545e-36,7.991126203472755e-57,3.6797818086002273e-47,1.2463876387219601e-36,0.0,1.3819594770223187e-38,5.051600144285889e-61,2.1907678103709682e-39,1.0636133046336922e-49,9.979440996739414e-41,2.853918571823923e-60,6.831552203072425e-40,1.4859935915005492e-42,7.236105556324779e-33,0.0,2.0562693308971922e-27,1.6202003993334428e-30,0.0,9.517008594377984e-26,9.318296279730538e-28,3.367192096198093e-31,9.116498801281193e-30,0.0,3.9741982971609323e-32,2.042623499249746e-35,0.0,4.627895294410206e-35,7.899270145457592e-35,1.514749926834044e-32,1.700858440309521e-35,0.7670907820411575,0.0,0.0,1.2487277306116632e-55,3.559874690351378e-57,3.597164799839898e-44
0.01892365456821026,0.6307884856070087,300.0,1.1719703494342686,3.4570383742733425e-13,0.0,0.0,0.2329092179583868,1.244261225679334e-21,2.3989589956912674e-21,0.0,8.483511228129244e-26,0.0,0.0,0.0,0.0,5.251509940083737e-35,7.969940839301166e-31,0.0,2.1669763447114467e-26,0.0,9.37651576464487e-37,2.463971436099456e-57,1.0788412571543093e-47,5.765139172845662e-37,0.0,6.558238318818263e-39,0.0,1.027838451682762e-39,5.543314036098502e-50,5.273435675778955e-41,0.0,3.0383535206493316e-40,6.609001487495532e-43,3.9565790638862216e-33,5.726973859085239e-40,1.2098718036720063e-27,8.386265046245577e-31,0.0,4.813787086903191e-26,4.4771381551959135e-28,1.5836961708638125e-31,4.616071099963147e-30,0.0,1.8407355812781366e-32,9.434208350062863e-36,0.0,2.1550848812418345e-35,3.678475108671911e-35,7.05377813275535e-33,7.931909114751177e-36,0.7670907820412675,0.0,0.0,5.295660881745348e-56,0.0,1.5954394172882319e-44
0.018961201501877346,0.6320400500625782,300.0,1.1719703494353868,2.739259952055589e-13,0.0,0.0,0.2329092179583943,8.1204884823479265e-22,1.4077888052808792e-21,4.210338962143706e-19,4.807024419047741e-26,0.0,0.0,0.0,0.0,3.074364283735552e-35,4.659857956589649e-31,0.0,1.1050322197727372e-26,0.0,4.760835308359704e-37,3.72769457726116e-58,1.4884443390539123e-48,2.906438453874904e-37,0.0,3.4259356588143555e-39,0.0,5.2861968119200325e-40,3.2457662739440943e-50,3.1314826996268674e-41,0.0,1.4445400766059734e-40,3.1421516530717935e-43,2.4410325986182013e-33,7.798843307240117e-40,8.0075342387605615e-28,4.8757810499613715e-31,0.0,2.725205480331892e-26,2.3775839820065025e-28,8.274300103716238e-32,2.6165263651237814e-30,0.0,9.297721981331103e-33,4.746163185665692e-36,0.0,1.0968740793040396e-35,1.8722343734279858e-35,3.590163176962692e-33,4.0453141079705406e-36,0.7670907820413317,0.0,0.0,2.326197342741289e-56,0.0,7.552460980551753e-45
0.01899874843554443,0.6332916145181476,300.0,1.1719703494360405,2.3197480031031916e-13,0.0,0.0,0.23290921795839872,6.548074635057148e-22,1.1212783770390818e-21,1.815712291803437e-18,3.817048917754759e-26,0.0,0.0,0.0,0.0,2.4481428075262855e-35,3.710259993620136e-31,0.0,8.71535597151774e-27,0.0,3.7541173307457067e-37,2.8870821748080136e-58,1.9494345188014152e-48,2.2909273708320024e-37,0.0,2.7056545205191605e-39,0.0,4.171130364798223e-40,2.5810997359174355e-50,2.487342479352442e-41,0.0,1.1355160292394607e-40,2.469965095796514e-43,1.9559299115979804e-33,6.203869729789362e-40,6.470753381228429e-28,3.880247965532515e-31,0.0,2.1639877762680685e-26,1.8795608298994109e-28,6.712287620147175e-32,2.0778934621873213e-30,0.0,7.329420885673387e-33,3.740641854972334e-36,0.0,8.650135453125446e-36,1.4764758539357108e-35,2.8312637123350185e-33,3.190548176557622e-36,0.7670907820413693,0.0,0.0,1.823139944693504e-56,0.0,5.935715088792977e-45
0.019036295369211514,0.6345431789737171,300.00000000000006,1.171970349436694,1.9002360541507946e-13,0.0,0.0,0.23290921795840314,4.975660787766372e-22,8.347679487972846e-22,3.210390687392503e-18,2.827073416461777e-26,0.0,0.0,0.0,0.0,1.821921331317019e-35,2.760662030650623e-31,9.572658556129468e-23,6.3803897453081055e-27,0.0,2.7473993531317094e-37,2.0464697723548673e-58,2.410424698548918e-48,1.6754162877891004e-37,0.0,1.9853733822239648e-39,0.0,3.0560639176764122e-40,1.9164331978907772e-50,1.8432022590780172e-41,0.0,8.264919818729479e-41,1.7977785385212346e-43,1.4708272245777596e-33,4.608896152338606e-40,4.933972523696295e-28,2.8847148811036588e-31,0.0,1.6027700722042452e-26,1.3815376777923194e-28,5.150275136578111e-32,1.539260559250861e-30,0.0,5.3611197900156726e-33,2.7351205242789753e-36,0.0,6.331530113210497e-36,1.0807173344434355e-35,2.0723642477073443e-33,2.3357822451447028e-36,0.7670907820414068,0.0,0.0,1.320082546645719e-56,0.0,4.318969197034201e-45
0.019073842302878598,0.6357947434292867,300.00000000000006,1.1719703494373477,1.4807241051983972e-13,3.4234958704583445e-24,3.6986883663397646e-22,0.23290921795840755,3.4032469404755944e-22,5.482575205554873e-22,4.60506908298157e-18,1.837097915168795e-26,1.0816470289492796e-26,6.362851949194794e-48,0.0,0.0,1.195699855107753e-35,1.8110640676811107e-31,2.0402457852826916e-21,4.045423519098472e-27,0.0,1.740681375517712e-37,1.205857369901721e-58,2.8714148782964216e-48,1.0599052047461984e-37,0.0,1.2650922439287694e-39,0.0,1.9409974705546015e-40,1.2517666598641184e-50,1.1990620388035922e-41,0.0,5.174679345064352e-41,1.1255919812459552e-43,9.857245375575388e-34,3.0139225748878512e-40,3.3971916661641627e-28,1.8891817966748026e-31,1.2686450248306042e-32,1.041552368140422e-26,8.83514525685228e-29,3.5882626530090477e-32,1.000627656314401e-30,0.0,3.392818694357958e-33,1.7295991935856172e-36,0.0,4.012924773295548e-36,6.849588149511601e-36,1.3134647830796704e-33,1.4810163137317838e-36,0.7670907820414443,0.0,0.0,8.170251485979339e-57,0.0,2.7022233052754263e-45
0.019111389236545682,0.6370463078848561,300.00000000000006,1.1719703494380012,1.0612121562459999e-13,4.512384892884597e-23,1.3223971385514804e-21,0.23290921795841193,1.830833093184817e-22,2.6174709231369e-22,5.9997474785706355e-18,8.471224138758134e-27,4.372295208742743e-26,1.577960792757625e-47,0.0,0.0,5.6947837889848676e-36,8.614661047115978e-32,3.984764985004089e-21,1.710457292888839e-27,0.0,7.339633979037143e-38,3.652449674485743e-59,3.3324050580439246e-48,4.443941217032962e-38,0.0,5.448111056335741e-40,0.0,8.25931023432792e-41,5.8710012183746e-51,5.549218185291669e-42,0.0,2.0844388713992245e-41,4.534054239706758e-44,5.006218505373181e-34,1.4189489974370956e-40,1.8604108086320301e-28,8.93648712245946e-32,1.61028793210579e-31,4.8033466407659844e-27,3.854913735781364e-29,2.0262501694399845e-32,4.619947533779405e-31,0.0,1.4245175987002421e-33,7.240778628922584e-37,1.3182077555377768e-48,1.6943194333805986e-36,2.8920029545888506e-36,5.545653184519962e-34,6.262503823188649e-37,0.7670907820414818,0.0,0.0,3.139677505501488e-57,0.0,1.0854774135166495e-45
0.019148936170212766,0.6382978723404256,300.00000000000006,1.171970349438405,8.020145444207448e-14,4.472540139910362e-23,1.453002659834391e-21,0.23290921795841465,1.0466782383099959e-22,1.283166922392944e-22,6.286810615997408e-18,3.942282893293332e-27,4.1443587489303176e-26,1.4291946899109854e-47,5.379187981171127e-44,2.835840998273373e-51,2.782178099559849e-36,4.2010118199778937e-32,4.250258087839474e-21,6.882487990652537e-28,0.0,2.938283581060933e-38,4.6365342651043375e-60,2.94164565114739e-48,1.7601848576781813e-38,3.1231116849404588e-68,2.2665825953675023e-40,3.503383548213155e-62,3.36266353334682e-41,2.81957347638365e-51,2.6219494995648642e-42,4.4392827836561075e-61,7.621952077637563e-42,1.6579207339233414e-44,2.663513099806851e-34,6.47906917291888e-41,1.085551677696724e-28,4.3230642519937676e-32,1.6308249171451024e-31,2.2371925387622928e-27,1.6409044056181708e-29,1.309571395447084e-32,2.155578060328188e-31,1.9731278478725492e-51,5.657238135632867e-34,2.8596892568747117e-37,1.582717637956079e-48,6.799645058300754e-37,1.160619017597967e-36,2.2255822874236684e-34,2.5203181625856333e-37,0.767090782041505,0.0,0.0,1.0327854629430929e-57,1.2335591706139768e-58,3.945965139670912e-46
0.01918648310387985,0.6395494367959951,300.00000000000006,1.1719703494386668,6.339760654716698e-14,2.0388420201611016e-23,1.1162403254625308e-21,0.23290921795841643,7.107490850048462e-23,8.193179837769897e-23,5.944053312508626e-18,2.4673337901112913e-27,1.915658474440866e-26,6.603735023614893e-48,2.486165389118489e-44,1.3110102553286508e-51,1.7742520789058404e-36,2.6773151746847696e-32,3.561010861073404e-21,4.125103883628389e-28,0.0,1.7586793000784576e-38,2.4157297304622094e-60,2.0665580479240554e-48,1.0503359426589098e-38,1.443482360506368e-68,1.3716659919969053e-40,1.6305478396683921e-62,2.0222230154401883e-41,1.8124965483132992e-51,1.6929135980236215e-42,3.276213540154621e-61,4.4528306355649856e-42,9.685760505333719e-45,1.747108134915235e-34,3.4537490424179817e-41,7.439421560025711e-29,2.7471968960535325e-32,8.195245121275233e-32,1.4030906959814402e-27,9.998449487155831e-30,1.0735725739580771e-32,1.3527150010231097e-31,9.120317076926614e-52,3.3782634225159734e-34,1.7050625144664005e-37,7.30401795594928e-49,4.072421657021545e-37,6.951142272736974e-37,1.3329386202525022e-34,1.5106567363395035e-37,0.7670907820415201,0.0,0.0,5.883792282205584e-58,5.784327352710526e-59,2.301878648892207e-46
0.019224030037546934,0.6408010012515645,300.00000000000006,1.1719703494389064,4.801961461345486e-14,0.0,8.246472742257696e-22,0.23290921795841804,4.120980203542647e-23,4.1028277541342766e-23,5.643055127995758e-18,1.1693308323147424e-27,3.587800285427639e-30,0.0,0.0,6.054140357234901e-55,8.855662892647201e-37,1.3339809551753208e-32,2.8944009429016764e-21,1.7103485594684449e-28,1.3789289923329955e-47,7.257923686415841e-39,4.931811850407141e-61,1.2819824074677049e-48,4.2896433872693734e-39,4.9480661193433865e-73,5.871856209736089e-41,2.0497099625788717e-64,8.479490494747321e-42,9.23589081909262e-52,8.724436131799238e-43,2.2136292733108622e-61,1.6843360171383126e-42,3.6637538349690266e-45,9.362809415942506e-35,8.284591537023564e-42,4.398293927154967e-29,1.3583415002476626e-32,1.1977225191587497e-32,6.690950569034565e-28,4.3749625926483656e-30,8.507625898832132e-33,6.461607844846164e-32,1.481103491902507e-55,1.3832010712148526e-34,6.944311331295747e-38,3.851728791623168e-50,1.684256360045566e-37,2.8748264665182942e-37,5.512715857895703e-35,6.264501935534204e-38,0.7670907820415339,0.0,0.0,2.01029278384121e-58,1.503168500773279e-60,8.658271379639584e-47
0.019261576971214018,0.642052565707134,300.00000000000006,1.1719703494390101,4.1355186887040327e-14,0.0,8.090887310365967e-22,0.23290921795841873,3.412574974813999e-23,3.362203630364143e-23,5.597251559446584e-18,9.526654296508112e-28,2.848527525515089e-30,0.0,1.2854054833057272e-48,5.810828359541462e-55,7.2557080025728205e-37,1.0928615598984897e-32,2.366130132806371e-21,1.389435797254597e-28,1.1145089426073714e-46,5.895114622048276e-39,3.933081292992735e-61,1.0505354283646669e-48,3.482874136613208e-39,3.9317747020538494e-73,4.775933365165591e-41,1.6354500428310056e-64,6.89137345371127e-42,7.568283256876265e-52,7.154320081539811e-43,1.7651198638193498e-61,1.3641164321011506e-42,2.967214830646936e-45,7.706512412043434e-35,6.47798520339054e-42,3.648634863603675e-29,1.1123369719285813e-32,1.017030988509873e-32,5.468595515646929e-28,3.561578153526999e-30,7.085510566724885e-33,5.281606070747383e-32,1.1894144969566069e-55,1.1231587087863802e-34,5.637714027843927e-38,3.2704649218501504e-49,1.3681128115875095e-37,2.3352068087766077e-37,4.477950845430359e-35,5.089123830225093e-38,0.7670907820415398,0.0,0.0,1.6235662507352728e-58,1.2174654674838947e-60,7.011005038984994e-47
0.019299123904881102,0.6433041301627034,300.00000000000006,1.171970349439114,3.4690759160625785e-14,3.4476434345765843e-25,7.935301878474238e-22,0.23290921795841943,2.704169746085352e-23,2.6215795065940087e-23,5.5514479908974096e-18,7.360000269868798e-28,2.1092547656025393e-30,0.0,2.6394129333695553e-48,5.567516361848023e-55,5.655753112498441e-37,8.517421646216587e-33,1.837859322711066e-21,1.068523035040749e-28,2.0911249859814436e-46,4.532305557680711e-39,2.9343507355783293e-61,8.190884492616287e-49,2.6761048859570434e-39,2.915483284764313e-73,3.680010520595092e-41,1.2211901230831396e-64,5.303256412675222e-42,5.900675694659908e-52,5.584204031280384e-43,1.3166104543278375e-61,1.0438968470639887e-42,2.270675826324844e-45,6.050215408144361e-35,4.671378869757518e-42,2.8989758000523824e-29,8.663324436095e-33,8.363394578609965e-33,4.246240462259293e-28,2.7481937144056313e-30,5.663395234617639e-33,4.101604296648604e-32,8.977255020107064e-56,8.631163463579078e-35,4.331116724392107e-38,6.155756964537983e-49,1.051969263129453e-37,1.7955871510349216e-37,3.443185832965014e-35,3.9137457249159817e-38,0.7670907820415458,0.0,0.0,1.2368397176293359e-58,9.317624341945104e-61,5.363738698330404e-47
0.019336670838548186,0.6445556946182729,300.00000000000006,1.171970349439218,2.8026331434211253e-14,7.5162559119569675e-25,7.77971644658251e-22,0.23290921795842012,1.9957645173567043e-23,1.880955382823875e-23,5.505644422348236e-18,5.193346243229486e-28,1.3699820056899893e-30,0.0,3.993420383433383e-48,5.324204364154585e-55,4.055798222424061e-37,6.1062276934482746e-33,1.3095885126157604e-21,7.476102728269007e-29,3.0677410293555155e-46,3.169496493313146e-39,1.9356201781639233e-61,5.8764147015859085e-49,1.8693356353008783e-39,1.899191867474776e-73,2.5840876760245937e-41,8.069302033352737e-65,3.715139371639173e-42,4.233068132443552e-52,4.014087981020956e-43,8.68101044836325e-62,7.236772620268268e-43,1.5741368220027526e-45,4.393918404245289e-35,2.8647725361244947e-42,2.1493167365010898e-29,6.203279152904189e-33,6.556479272121198e-33,3.0238854088716568e-28,1.9348092752842642e-30,4.241279902510392e-33,2.921602522549824e-32,6.060365070648062e-56,6.030739839294353e-35,3.024519420940287e-38,9.041049007225817e-49,7.358257146713966e-38,1.2559674932932352e-37,2.408420820499669e-35,2.73836761960687e-38,0.7670907820415518,0.0,0.0,8.50113184523399e-59,6.460594009051262e-61,3.7164723576758145e-47
0.01937421777221527,0.6458072590738424,300.00000000000006,1.1719703494393217,2.1361903707796714e-14,1.158486838933735e-24,7.624131014690782e-22,0.23290921795842082,1.287359288628057e-23,1.1403312590537409e-23,5.459840853799061e-18,3.0266922165901735e-28,6.307092457774394e-31,0.0,5.347427833497211e-48,5.0808923664611465e-55,2.4558433323496813e-37,3.6950337406799624e-33,7.81317702520455e-22,4.266975106130527e-29,4.044357072729587e-46,1.8066874289455815e-39,9.368896207495173e-62,3.561944910555528e-49,1.0625663846447133e-39,8.829004501852389e-74,1.488164831454095e-41,3.9267028358740755e-65,2.1270223306031234e-42,2.5654605702271948e-52,2.443971930761529e-43,4.195916353448128e-62,4.034576769896648e-43,8.775978176806608e-46,2.737621400346217e-35,1.0581662024914719e-42,1.3996576729497973e-29,3.7432338697133755e-33,4.749563965632432e-33,1.8015303554840206e-28,1.1214248361628971e-30,2.819164570403145e-33,1.7416007484510437e-32,3.143475121189059e-56,3.430316215009629e-35,1.7179221174884672e-38,1.1926341049913651e-48,4.1968216621334e-38,7.163478355515491e-38,1.373655808034325e-35,1.5629895142977593e-38,0.7670907820415578,0.0,0.0,4.633866514174619e-59,3.603563676157419e-61,2.0692060170212248e-47
0.019411764705882354,0.6470588235294118,300.00000000000006,1.1719703494394151,1.535995790180223e-14,8.915555169536624e-26,7.306400985369014e-22,0.23290921795842146,6.660845015435668e-24,4.952913389674901e-24,5.418062546533871e-18,1.142881682956142e-28,1.6667404186334954e-35,0.0,6.314166930631631e-48,4.7276078761725474e-55,1.0625509286542963e-37,1.5954261960567933e-33,3.219665829878664e-22,1.4880235860182757e-29,4.734077178937136e-46,6.266917493654046e-40,8.212169895154682e-63,1.5461369608854691e-49,3.6419315814407306e-40,1.5416452355712951e-75,5.383883251274482e-42,1.8338820286351207e-66,7.51409852855913e-43,1.1130940978917176e-52,1.0758110951279722e-43,3.588565711905376e-63,1.2671954885177285e-43,2.756393202993199e-46,1.2908889881621337e-35,0.0,7.414291642698112e-30,1.6017008647699743e-33,0.0,7.387956319161408e-29,4.160977118187143e-31,1.5665613702486286e-33,7.156303035752963e-33,6.343337849150998e-57,1.1791472817707732e-35,5.869498364913744e-39,1.3964712830955727e-48,1.459335383573724e-38,2.490912946996048e-38,4.776530153586785e-36,5.4516409270877185e-39,0.7670907820415632,0.0,0.0,1.2978193995460294e-59,1.0915944702314112e-61,6.457740318084799e-48
0.019449311639549438,0.6483103879849813,300.00000000000006,1.1719703494394489,1.320604537824381e-14,0.0,6.0468523369332735e-22,0.23290921795842168,5.509078116682523e-24,4.054532828317537e-24,5.399665012258611e-18,9.019705874149867e-29,1.3228609629372276e-35,0.0,5.031453679901722e-48,3.73554699272546e-55,8.696597756272034e-38,1.3056716178919105e-33,2.6293621927661656e-22,1.2077545308644073e-29,3.7573591820301485e-46,5.0856956014495124e-40,6.356227764821418e-63,1.2651094940087496e-49,2.9543939109937023e-40,1.228193351645525e-75,4.375043792376474e-42,0.0,6.101323916575429e-43,9.10957785926914e-53,8.807092721073501e-44,2.8591098798254855e-63,1.0254392568173053e-43,2.230527036583857e-46,1.0614147363639055e-35,0.0,6.14276006224754e-30,1.3102498164533158e-33,0.0,6.032172921940128e-29,3.3842264990308507e-31,1.298571191861126e-33,5.8435247312180654e-33,4.9360460607532657e-57,9.566279369452692e-36,4.7609736677285436e-39,1.108373926244329e-48,1.184362578281866e-38,2.0215668812170294e-38,3.876520525245245e-36,4.4248511059960094e-39,0.7670907820415651,0.0,0.0,1.047358946310174e-59,5.839164911591376e-62,5.2248628139494454e-48
0.019486858573216522,0.6495619524405508,300.00000000000006,1.1719703494394824,1.105213285468539e-14,0.0,4.787303688497532e-22,0.23290921795842193,4.357311217929378e-24,3.1561522669601717e-24,5.381267477983351e-18,6.610594918738314e-29,9.789815072409599e-36,0.0,3.7487404291718123e-48,2.743486109278372e-55,6.767686226001105e-38,1.0159170397270277e-33,2.0390585556536667e-22,9.27485475710539e-30,2.7806411851231613e-46,3.904473709244979e-40,4.500285634488155e-63,9.8408202713203e-50,2.266856240546674e-40,9.147414677197549e-76,3.366204333478465e-42,0.0,4.688549304591728e-43,7.0882147396211e-53,6.856074490867277e-44,2.1296540477455954e-63,7.836830251168822e-44,1.7046608701745147e-46,8.319404845656772e-36,0.0,4.871228481796968e-30,1.0187987681366569e-33,0.0,4.676389524718847e-29,2.6074758798745585e-31,1.0305810134736235e-33,4.530746426683168e-33,3.528754272355533e-57,7.341085921197653e-36,3.652448970543343e-39,8.202765693930854e-49,9.093897729900079e-39,1.552220815438011e-38,2.9765108969037046e-36,3.3980612849043e-39,0.767090782041567,0.0,0.0,7.968984930743185e-60,7.623851208686378e-63,3.991985309814092e-48
0.019524405506883606,0.6508135168961202,300.00000000000006,1.171970349439516,8.898220331126972e-15,0.0,3.527755040061792e-22,0.23290921795842215,3.205544319176232e-24,2.2577717056028072e-24,5.362869943708091e-18,4.201483963326762e-29,6.351020515446921e-36,0.0,2.4660271784419028e-48,1.7514252258312844e-55,4.838774695730176e-38,7.2616246156214516e-34,1.4487549185411679e-22,6.472164205566705e-30,1.803923188216174e-46,2.7232518170404457e-40,2.6443435041548906e-63,7.030545602553104e-50,1.5793185700996457e-40,6.012895837939847e-76,2.3573648745804558e-42,0.0,3.2757746926080275e-43,5.066851619973062e-53,4.905056260661054e-44,1.4001982156657053e-63,5.419267934164592e-44,1.1787947037651724e-46,6.024662327674489e-36,0.0,3.5996969013463946e-30,7.273477198199984e-34,0.0,3.3206061274975655e-29,1.8307252607182664e-31,7.625908350861209e-34,3.2179681221482716e-33,2.1214624839578005e-57,5.115892472942613e-36,2.5439242733581426e-39,5.3217921254184185e-49,6.344169676981498e-39,1.0828747496589919e-38,2.0765012685621644e-36,2.3712714638125906e-39,0.7670907820415689,0.0,0.0,5.464380398384631e-60,0.0,2.7591078056787386e-48
0.01956195244055069,0.6520650813516897,300.00000000000006,1.1719703494395497,6.744307807568551e-15,0.0,2.2682063916260516e-22,0.23290921795842237,2.0537774204230866e-24,1.3593911442454424e-24,5.344472409432831e-18,1.7923730079152096e-29,2.9122259584842417e-36,0.0,1.1833139277119938e-48,7.593643423841969e-56,2.9098631654592474e-38,4.364078833972624e-34,8.58451281428669e-23,3.669473654028022e-30,8.272051913091869e-47,1.5420299248359124e-40,7.884013738216268e-64,4.2202709337859086e-50,8.917808996526174e-41,2.878376998682147e-76,1.3485254156824475e-42,0.0,1.8630000806243263e-43,3.0454885003250247e-53,2.9540380304548314e-44,6.707423835858151e-64,3.001705617160361e-44,6.529285373558301e-47,3.729919809692206e-36,0.0,2.3281653208958223e-30,4.358966715033397e-34,0.0,1.9648227302762853e-29,1.0539746415619742e-31,4.946006566986185e-34,1.905189817613375e-33,7.141706955600684e-58,2.8906990246875732e-36,1.4353995761729417e-39,2.4408185569059818e-49,3.594441624062917e-39,6.135286838799734e-39,1.1764916402206247e-36,1.3444816427208815e-39,0.7670907820415708,0.0,0.0,2.959775866026077e-60,0.0,1.5262303015433847e-48
0.01959949937421777,0.653316645807259,300.00000000000006,1.1719703494395797,4.8157910443333635e-15,0.0,1.1704526622676317e-22,0.23290921795842257,1.050428156276891e-24,5.823274725661475e-25,5.392251828553146e-18,0.0,0.0,0.0,9.501666391309708e-50,0.0,1.2416445606451246e-38,1.8583061608553364e-34,3.487059991957016e-23,1.259487402252141e-30,2.7609847816782892e-49,5.26433569515756e-41,0.0,1.7921377114765588e-50,3.007958956725274e-41,2.1706042263076688e-77,4.803303867736592e-43,0.0,6.478363931821706e-44,1.2973993058878782e-53,1.2663828337001162e-44,5.138193393035333e-65,9.271569033465066e-45,2.0167440771323863e-47,1.7390038441747025e-36,0.0,1.219134744434993e-30,1.839263004621702e-34,0.0,7.942298642489365e-30,3.8511302070597676e-32,2.6072985085165973e-34,7.716617725144764e-34,0.0,9.778790974125073e-37,4.82610810049224e-40,0.0,1.2301438377809748e-39,2.0997100729361633e-39,4.026366513306928e-37,4.615588528333287e-40,0.7670907820415725,0.0,0.0,8.145450201581733e-61,0.0,4.683986546594192e-49
0.019637046307884855,0.6545682102628285,300.00000000000006,1.1719703494395903,4.133850833088121e-15,0.0,9.675238935194024e-23,0.23290921795842265,8.67919279445665e-25,4.7622047645251e-25,5.80603031645292e-18,0.0,0.0,0.0,8.195883803758858e-50,0.0,1.0152174415189458e-38,1.519278639001706e-34,2.844977408877709e-23,1.0213963593659461e-30,2.0484067903013354e-48,4.268478365550605e-41,0.0,1.4774806522274674e-50,2.4380625113141027e-41,1.7284207777876503e-77,3.899851645390314e-43,0.0,5.255821047338128e-44,1.0606822284316092e-53,1.0352864546040261e-44,4.091635441748149e-65,7.496834235017178e-45,1.6307052222913483e-47,1.4284347300420016e-36,0.0,1.0088342104469259e-30,1.5030824659742337e-34,0.0,6.478540176806895e-30,3.1294361493866066e-32,2.155600645654326e-34,6.294974071522659e-34,0.0,7.926759902491445e-37,3.911370912237163e-40,0.0,9.975114037114036e-40,1.7026340154787877e-39,3.2649405614169486e-37,3.743088273596693e-40,0.7670907820415731,0.0,0.0,6.568706852873004e-61,0.0,3.786777693075144e-49
0.01967459324155194,0.655819774718398,300.00000000000006,1.171970349439601,3.451910621842879e-15,0.0,7.645951247711731e-23,0.23290921795842273,6.854104026144391e-25,3.701134803388726e-25,6.219808804352694e-18,0.0,1.855629279136339e-42,0.0,6.890101216208007e-50,0.0,7.88790322392767e-39,1.1802511171480753e-34,2.2028948257984027e-23,7.83305316479751e-31,3.820715102434842e-48,3.2726210359436494e-41,0.0,1.1628235929783761e-50,1.8681660659029313e-41,1.2862373292676317e-77,2.9963994230440356e-43,0.0,4.0332781628545496e-44,8.239651509753401e-54,8.04190075507936e-45,3.0450774904609655e-65,5.722099436569289e-45,1.2446663674503105e-47,1.1178656159093006e-36,0.0,7.985336764588587e-31,1.1669019273267657e-34,0.0,5.014781711124424e-30,2.4077420917134452e-32,1.7039027827920542e-34,4.873330417900554e-34,0.0,6.074728830857819e-37,2.9966337239820863e-40,0.0,7.648789696418326e-40,1.3055579580214117e-39,2.503514609526969e-37,2.8705880188600992e-40,0.7670907820415738,0.0,0.0,4.991963504164276e-61,0.0,2.8895688395560965e-49
0.019712140175219023,0.6570713391739674,300.00000000000006,1.1719703494396114,2.7699704105976365e-15,0.0,5.616663560229436e-23,0.2329092179584228,5.02901525783213e-25,2.640064842252352e-25,6.633587292252468e-18,0.0,4.195285504088128e-42,0.0,5.584318628657156e-50,0.0,5.623632032665883e-39,8.412235952944446e-35,1.560812242719096e-23,5.452142735935559e-31,5.593023414568348e-48,2.2767637063366943e-41,0.0,8.481665337292848e-51,1.2982696204917597e-41,8.440538807476132e-78,2.0929472006977576e-43,0.0,2.8107352783709715e-44,5.87248073519071e-54,5.730936964118458e-45,1.9985195391737817e-65,3.9473646381214004e-45,8.586275126092727e-48,8.072965017765996e-37,0.0,5.882331424707916e-31,8.307213886792973e-35,0.0,3.5510232454419545e-30,1.686048034040284e-32,1.2522049199297828e-34,3.4516867642784484e-34,0.0,4.222697759224192e-37,2.0818965357270095e-40,0.0,5.322465355722614e-40,9.084819005640358e-40,1.7420886576369892e-37,1.9980877641235056e-40,0.7670907820415744,0.0,0.0,3.4152201554555485e-61,0.0,1.992359986037049e-49
0.019749687108886107,0.6583229036295369,300.00000000000006,1.171970349439622,2.0880301993523946e-15,0.0,3.587375872747143e-23,0.23290921795842287,3.203926489519871e-25,1.5789948811159774e-25,7.047365780152243e-18,0.0,6.534941729039918e-42,0.0,4.278536041106304e-50,8.421398700602541e-58,3.3593608414040937e-39,5.021960734408142e-35,9.187296596397896e-24,3.0712323070736086e-31,7.365331726701855e-48,1.2809063767297393e-41,0.0,5.3350947448019345e-51,7.28373175080588e-42,4.0187043222759456e-78,1.1894949783514796e-43,0.0,1.588192393887393e-44,3.5053099606280194e-54,3.419973173157557e-45,9.519615878865982e-66,2.1726298396735114e-45,4.7258865776823495e-48,4.967273876438988e-37,0.0,3.779326084827244e-31,4.945408500318293e-35,0.0,2.087264779759484e-30,9.643539763671228e-33,8.005070570675115e-35,2.030043110656344e-34,0.0,2.3706666875905647e-37,1.1671593474719328e-40,0.0,2.9961410150269034e-40,5.114058431066601e-40,9.806627057470095e-38,1.1255875093869115e-40,0.767090782041575,0.0,0.0,1.838476806746821e-61,0.0,1.0951511325180013e-49
0.01978723404255319,0.6595744680851063,300.00000000000006,1.1719703494396314,1.4810396311298856e-15,0.0,1.8306498207308164e-23,0.23290921795842293,1.6247775974997353e-25,6.67562824664333e-26,7.451926621360811e-18,0.0,8.226219430488612e-42,0.0,3.073131552387962e-50,2.5609527710582185e-57,1.4146648616504745e-39,2.1103842230720175e-35,3.681314513343328e-24,1.0383859017387607e-31,8.607665893492992e-48,4.3073253157179725e-42,0.0,2.6161521866586583e-51,2.4197236022341995e-42,2.921022420225159e-79,4.1747087189414433e-44,0.0,5.4407108593190957e-45,1.4724059548956622e-54,1.4353520115731075e-45,6.992446789555318e-67,6.605282910335112e-46,1.4367757157192467e-48,2.291053354983961e-37,0.0,1.9573767360187113e-31,2.0591506774703988e-35,0.0,8.322477854553948e-31,3.472698512795127e-33,4.094010406244728e-35,8.110622736868757e-35,2.414016194556926e-59,7.898788767934315e-38,3.8649327219511375e-41,0.0,1.010027073083348e-40,1.7239967792851042e-40,3.3059054156179924e-38,3.8063451740403133e-41,0.7670907820415755,0.0,0.0,4.976297855105691e-62,0.0,3.3080408465051436e-50
0.019824780976220275,0.6608260325406758,300.00000000000006,1.1719703494396347,1.2693716898310004e-15,0.0,1.5115527871518843e-23,0.23290921795842295,1.3428409941569783e-25,5.453973635101671e-26,7.80786889472756e-18,0.0,6.49761825306983e-42,0.0,2.397172330060416e-50,2.0160786289962913e-57,1.1555714680861122e-39,1.7237087359865187e-35,3.0006847467892933e-24,8.414066008890483e-32,7.054646234852323e-48,3.4896765340922984e-42,0.0,2.1527378881125348e-51,1.959700673077269e-42,2.3251029766279952e-79,3.3866565120361527e-44,0.0,4.410361326045099e-45,1.2025952984831564e-54,1.1720282480713905e-45,5.565408552486388e-67,5.336883933402778e-46,1.160874611682359e-48,1.8800798285388047e-37,0.0,1.617859967570288e-31,1.6811731412017102e-35,0.0,6.7823972842101745e-31,2.8195184120167887e-33,3.3788731215722197e-35,6.610284500415415e-35,1.7358890273696552e-59,6.39766304525287e-38,3.1298659674441937e-41,0.0,8.183562147531721e-41,1.3968372888964942e-40,2.6785502232888913e-38,3.08430813278618e-41,0.7670907820415758,0.0,0.0,4.010202562363429e-62,0.0,2.67237933258537e-50
0.01986232790988736,0.6620775969962454,300.00000000000006,1.171970349439638,1.0577037485321152e-15,0.0,1.1924557535729522e-23,0.23290921795842298,1.0609043908142212e-25,4.232319023560011e-26,8.163811168094308e-18,0.0,4.7690170756510456e-42,0.0,1.7212131077328693e-50,1.4712044869343638e-57,8.964780745217499e-40,1.3370332489010197e-35,2.320054980235259e-24,6.444273000393358e-32,5.501626576211654e-48,2.672027752466624e-42,0.0,1.689323589566411e-51,1.4996777439203383e-42,1.7291835330308315e-79,2.5986043051308616e-44,0.0,3.380011792771102e-45,9.327846420706505e-55,9.087044845696735e-46,4.1383703154174576e-67,4.0684849564704434e-46,8.849735076454712e-49,1.4691063020936483e-37,0.0,1.2783431991218645e-31,1.3031956049330217e-35,0.0,5.242316713866401e-31,2.16633831123845e-33,2.663735836899712e-35,5.109946263962074e-35,1.0577618601823843e-59,4.896537322571426e-38,2.3947992129372494e-41,0.0,6.266853564229963e-41,1.0696777985078839e-40,2.0511950309597904e-38,2.3622710915320464e-41,0.7670907820415759,0.0,0.0,3.044107269621165e-62,0.0,2.0367178186655966e-50
0.019899874843554443,0.6633291614518148,300.00000000000006,1.1719703494396414,8.460358072332299e-16,0.0,8.7335871999402e-24,0.232909217958423,7.789677874714645e-26,3.010664412018351e-26,8.519753441461058e-18,0.0,3.0404158982322624e-42,0.0,1.045253885405323e-50,9.263303448724363e-58,6.373846809573876e-40,9.503577618155209e-36,1.6394252136812249e-24,4.4744799918962323e-32,3.948606917570984e-48,1.85437897084095e-42,0.0,1.2259092910202877e-51,1.0396548147634076e-42,1.133264089433668e-79,1.8105520982255706e-44,0.0,2.3496622594971044e-45,6.629739856581446e-55,6.453807210679567e-46,2.7113320783485272e-67,2.8000859795381095e-46,6.090724036085833e-49,1.058132775648492e-37,0.0,9.388264306734411e-32,9.252180686643331e-36,0.0,3.7022361435226268e-31,1.5131582104601119e-33,1.948598552227204e-35,3.6096080275087326e-35,3.796346929951135e-60,3.3954115998899816e-38,1.6597324584303057e-41,0.0,4.350144980928205e-41,7.425183081192736e-41,1.4238398386306892e-38,1.640234050277913e-41,0.7670907820415761,0.0,0.0,2.0780119768789015e-62,0.0,1.401056304745823e-50
0.019937421777221527,0.6645807259073843,300.00000000000006,1.1719703494396447,6.343678659343447e-16,0.0,5.54261686415088e-24,0.232909217958423,4.9703118412870746e-26,1.789009800476692e-26,8.875695714827806e-18,0.0,1.3118147208134798e-42,0.0,3.692946630777769e-51,3.8145620281050905e-58,3.782912873930253e-40,5.636822747300221e-36,9.587954471271904e-25,2.504686983399107e-32,2.3955872589303142e-48,1.0367301892152762e-42,0.0,7.62494992474164e-52,5.796318856064772e-43,5.373446458365046e-80,1.02249989132028e-44,0.0,1.3193127262231075e-45,3.931633292456386e-55,3.820569575662397e-46,1.2842938412795975e-67,1.5316870026057756e-46,3.331712995716955e-49,6.471592492033359e-38,0.0,5.993096622250177e-32,5.4724053239564455e-36,0.0,2.1621555731788538e-31,8.599781096817733e-34,1.233461267554696e-35,2.109269791055391e-35,0.0,1.8942858772085372e-38,9.246657039233619e-42,0.0,2.4334363976264465e-41,4.1535881773066334e-41,7.964846463015878e-39,9.181970090237794e-42,0.7670907820415763,0.0,0.0,1.1119166841366379e-62,0.0,7.653947908260496e-51
0.01997496871088861,0.6658322903629538,300.00000000000006,1.1719703494396476,4.470816594775905e-16,0.0,2.79896366054486e-24,0.23290921795842304,2.5480186027447812e-26,7.469580782589512e-27,9.234209349151094e-18,0.0,0.0,0.0,0.0,0.0,1.5731850907292e-40,2.3392201128075834e-36,3.792365879680951e-25,8.34824279614886e-33,1.0646079972789942e-48,3.43663725187955e-43,0.0,3.650081750694353e-52,1.8980411253004527e-43,3.8815100131169936e-81,3.538671012776241e-45,0.0,4.455913466896071e-46,1.6307063473717855e-55,1.575370042265134e-46,9.054306872756637e-69,4.5873211214851e-47,9.97830327439569e-50,2.9543849387579826e-38,2.440291236021236e-45,3.071548758377551e-32,2.2499731318678978e-36,0.0,8.509680355052674e-32,3.054324125772119e-34,6.187770445380751e-36,8.318397875944729e-36,0.0,6.221369927408167e-39,3.018062820156074e-42,7.58162375247733e-53,8.086808895268144e-42,1.380322649888795e-41,2.6468820467392687e-39,3.060982631643053e-42,0.7670907820415764,0.0,0.0,2.9627753000381593e-63,0.0,2.2774444831854975e-51
0.020012515644555695,0.6670838548185232,300.00000000000006,1.1719703494396485,3.8262419269715234e-16,0.0,2.3087760096344013e-24,0.23290921795842304,2.1260732176798524e-26,6.0969827018187606e-27,9.605676820745995e-18,0.0,0.0,0.0,0.0,0.0,1.2838732075677844e-40,1.908856103006435e-36,3.0884626228883674e-25,6.759312241003504e-33,8.522096034789587e-49,2.7821006868400744e-43,0.0,2.996465928484997e-52,1.5360099367023885e-43,3.0910134371148786e-81,2.868377886369134e-45,0.0,3.609212322256454e-46,1.3306654076406534e-55,1.2850039641970825e-46,7.203291930708424e-69,3.7037290261217876e-47,8.056320996972026e-50,2.422175477632425e-38,1.8979659200091552e-45,2.535972443622249e-32,1.835288610527641e-36,0.0,6.928831341128231e-32,2.477807868100359e-34,5.1014881137248494e-36,6.7736258052862e-36,0.0,5.0351293474526064e-39,2.442177620694424e-42,1.324041780476702e-52,6.54707854614293e-42,1.1175088869415204e-41,2.142915071456636e-39,2.4783960919832484e-42,0.7670907820415765,0.0,0.0,2.3859665905391159e-63,0.0,1.838484976423757e-51
0.02005006257822278,0.6683354192740927,300.00000000000006,1.1719703494396496,3.1816672591671425e-16,0.0,1.818588358723943e-24,0.23290921795842304,1.7041278326149237e-26,4.72438462104801e-27,9.977144292340896e-18,0.0,0.0,0.0,0.0,0.0,9.945613244063685e-41,1.4784920932052861e-36,2.3845593660957843e-25,5.17038168585815e-33,6.3981120967892336e-49,2.1275641218005987e-43,0.0,2.3428501062756406e-52,1.1739787481043244e-43,2.300516861112764e-81,2.1980847599620265e-45,0.0,2.7625111776168385e-46,1.0306244679095213e-55,9.94637886129031e-47,5.35227698866021e-69,2.820136930758474e-47,6.13433871954836e-50,1.8899660165068677e-38,1.3556406039970745e-45,2.0003961288669472e-32,1.4206040891873846e-36,0.0,5.347982327203788e-32,1.901291610428599e-34,4.0152057820689475e-36,5.228853734627669e-36,0.0,3.848888767497045e-39,1.866292421232774e-42,1.889921185705671e-52,5.007348197017717e-42,8.546951239942458e-42,1.6389480961740036e-39,1.895809552323444e-42,0.7670907820415765,0.0,0.0,1.809157881040073e-63,0.0,1.3995254696620164e-51
0.020087609511889863,0.6695869837296621,300.00000000000006,1.1719703494396507,2.5370925913627607e-16,0.0,1.3284007078134843e-24,0.23290921795842306,1.2821824475499947e-26,3.351786540277259e-27,1.0348611763935797e-17,0.0,0.0,0.0,0.0,0.0,7.05249441244953e-41,1.0481280834041374e-36,1.6806561093032011e-25,3.581451130712795e-33,4.27412815878888e-49,1.473027556761123e-43,0.0,1.6892342840662844e-52,8.119475595062602e-44,1.5100202851106491e-81,1.5277916335549193e-45,0.0,1.9158100329772224e-46,7.305835281783892e-56,7.042718080609795e-47,3.5012620466119974e-69,1.9365448353951606e-47,4.212356442124694e-50,1.3577565553813105e-38,8.133152879849936e-46,1.4648198141116455e-32,1.005919567847128e-36,0.0,3.767133313279344e-32,1.324775352756839e-34,2.928923450413045e-36,3.6840816639691386e-36,0.0,2.662648187541484e-39,1.2904072217711237e-42,2.45580059093464e-52,3.467617847892504e-42,5.918813610469711e-42,1.134981120891371e-39,1.3132230126636391e-42,0.7670907820415767,0.0,0.0,1.23234917154103e-63,0.0,9.605659629002757e-52
0.020125156445556947,0.6708385481852316,300.00000000000006,1.1719703494396516,1.8925179235583798e-16,1.2475505892846292e-23,8.382130569030257e-25,0.23290921795842306,8.602370624850657e-27,1.979188459506508e-27,1.0720079235530698e-17,0.0,2.0414439948048493e-44,0.0,0.0,0.0,4.1593755808353747e-41,6.177640736029888e-37,9.767528525106175e-26,1.9925205755674396e-33,2.1501442207885257e-49,8.184909917216477e-44,0.0,1.035618461856928e-52,4.499163709081961e-44,7.195237091085346e-82,8.574985071478118e-46,0.0,1.0691088883376063e-46,4.305425884472571e-56,4.1390572999292794e-47,1.6502471045637844e-69,1.0529527400318474e-47,2.290374164701029e-50,8.255470942557528e-39,2.7098997197291275e-46,9.292434993563436e-33,5.912350465068714e-37,2.3959927102148628e-32,2.186284299354901e-32,7.482590950850788e-35,1.8426411187571432e-36,2.1393095933106083e-36,0.0,1.476407607585923e-39,7.145220223094734e-43,3.021679996163609e-52,1.9278874987672907e-42,3.2906759809969655e-42,6.3101414560873886e-40,7.306364730038346e-43,0.7670907820415768,0.0,0.0,6.555404620419867e-64,0.0,5.2160645613853526e-52
0.02016270337922403,0.6720901126408011,300.00000000000006,1.1719703494396525,1.3256074134554517e-16,2.3163419956547398e-23,4.196146885588402e-25,0.23290921795842306,4.996692946069763e-27,8.166124957044637e-28,1.1002264862881904e-17,0.0,4.845208890436951e-44,0.0,2.5005794461631352e-52,0.0,1.7092722493013516e-41,2.5332697219611643e-37,3.816133032279343e-26,6.551855851508524e-34,3.769814813114514e-50,2.676629777741301e-44,2.0474130763200527e-67,4.79028538572881e-53,1.4532984936146406e-44,6.2726317515615166e-83,2.928464318884927e-46,1.4254454422098048e-68,3.562615727075857e-47,1.7646876136432714e-56,1.6809850450360596e-47,1.1338740466354286e-70,3.109049297692131e-48,6.762778550219217e-51,3.7320894580327394e-39,0.0,4.715176299175185e-33,2.4018632575897505e-37,5.881446539517626e-32,8.499058389439752e-33,2.6229343045934093e-35,9.15538289879325e-37,8.33347201077986e-37,1.102179459716323e-61,4.783268975631482e-40,2.300486599409981e-43,3.370133812571635e-52,6.320483766839741e-43,1.0788318354865266e-42,2.0687486488398164e-40,2.4029614071640765e-43,0.7670907820415768,0.0,0.0,1.7209652439498614e-64,1.841569062028948e-65,1.5300942787042774e-52
0.020200250312891115,0.6733416770963705,300.00000000000006,1.1719703494396527,1.1328969359137853e-16,2.5044125546374538e-23,3.459464998518891e-25,0.23290921795842306,4.3483004590161536e-27,6.659612772963329e-28,1.0854274331604725e-17,0.0,3.7039786482579347e-44,0.0,1.8848359744906345e-52,0.0,1.3936981454245342e-41,2.0653770214324146e-37,3.1051707194709634e-26,5.30083770244678e-34,2.941390619907073e-50,2.1652161908748818e-44,1.6776676897889526e-67,3.89927037383147e-53,1.1752217815275812e-44,5.0115905348326364e-83,2.3719214852267457e-46,1.1770394660761041e-68,2.883463423051286e-47,1.4387284067711316e-56,1.3698393234799875e-47,9.018478056601973e-71,2.5084322044569357e-48,5.456321172018347e-51,3.0570530386624524e-39,0.0,3.888893606396136e-33,1.957464624103991e-37,6.961790271621871e-32,6.914309545518312e-33,2.1261698687319377e-35,7.553912471135126e-37,6.780132594420413e-37,9.07266517836599e-62,3.86834651761286e-40,1.860141490211223e-43,2.6709916101159145e-52,5.113215303470879e-43,8.727653854293074e-43,1.6735993066505806e-40,1.944148075864611e-43,0.7670907820415768,0.0,0.0,1.3850103294384604e-64,1.5067676713229966e-65,1.2343161416229623e-52
0.0202377972465582,0.67459324155194,300.00000000000006,1.1719703494396532,9.401864583721187e-17,2.692483113620168e-23,2.7227831114493793e-25,0.23290921795842306,3.699907971962543e-27,5.15310058888202e-28,1.0706283800327547e-17,0.0,2.5627484060789193e-44,0.0,1.2690925028181338e-52,0.0,1.0781240415477171e-41,1.5974843209036644e-37,2.394208406662584e-26,4.049819553385035e-34,2.1129664266996317e-50,1.6538026040084627e-44,1.3079223032578526e-67,3.0082553619341313e-53,8.971450694405213e-45,3.7505493181037555e-83,1.815378651568565e-46,9.286334899424034e-69,2.204311119026715e-47,1.1127691998989915e-56,1.0586936019239156e-47,6.69821564684966e-71,1.9078151112217405e-48,4.149863793817478e-51,2.3820166192921657e-39,0.0,3.0626109136170876e-33,1.5130659906182316e-37,8.042134003726115e-32,5.3295607015968726e-33,1.6294054328704663e-35,5.952442043477001e-37,5.226793178060965e-37,7.123535759568752e-62,2.953424059594239e-40,1.4197963810124651e-43,1.971849407660194e-52,3.9059468401020165e-43,6.666989353720884e-43,1.2784499644613448e-40,1.4853347445651454e-43,0.7670907820415768,0.0,0.0,1.0490554149270594e-64,1.1719662806170454e-65,9.38538004541647e-53
0.020275344180225283,0.6758448060075095,300.00000000000006,1.1719703494396534,7.474759808304522e-17,2.880553672602882e-23,1.9861012243798674e-25,0.2329092179584231,3.0515154849089338e-27,3.646588404800712e-28,1.0558293269050371e-17,0.0,1.4215181638999034e-44,0.0,6.533490311456331e-53,0.0,7.625499376708999e-42,1.1295916203749147e-37,1.683246093854204e-26,2.798801404323291e-34,1.2845422334921905e-50,1.1423890171420436e-44,9.381769167267525e-68,2.117240350036792e-53,6.190683573534615e-45,2.4895081013748753e-83,1.258835817910384e-46,6.802275138087028e-69,1.525158815002144e-47,7.868099930268517e-57,7.475478803678435e-48,4.377953237097348e-71,1.3071980179865449e-48,2.843406415616609e-51,1.706980199921879e-39,0.0,2.2363282208380393e-33,1.0686673571324724e-37,9.122477735830359e-32,3.7448118576754326e-33,1.1326409970089949e-35,4.350971615818877e-37,3.673453761701517e-37,5.174406340771512e-62,2.0385016015756173e-40,9.794512718137073e-44,1.2727072052044735e-52,2.6986783767331545e-43,4.6063248531486925e-43,8.833006222721088e-41,1.0265214132656797e-43,0.7670907820415769,0.0,0.0,7.131005004156582e-65,8.371648899110941e-66,6.427598674603322e-53
0.020312891113892367,0.6770963704630789,300.00000000000006,1.1719703494396536,5.547655032887857e-17,3.0686242315855965e-23,1.2494193373103558e-25,0.2329092179584231,2.403122997855324e-27,2.1400762207194026e-28,1.0410302737773193e-17,0.0,2.8028792172088805e-45,9.209993878043068e-55,3.760555947313236e-54,0.0,4.469758337940828e-42,6.616989198461646e-38,9.722837810458246e-27,1.5477832552615456e-34,4.5611804028474944e-51,6.309754302756244e-45,5.684315301956526e-68,1.2262253381394525e-53,3.409916452664019e-45,1.2284668846459944e-83,7.02292984252203e-47,4.3182153767500207e-69,8.460065109775732e-48,4.608507861547117e-57,4.3640215881177155e-48,2.0576908273450344e-71,7.065809247513493e-49,1.53694903741574e-51,1.031943780551592e-39,2.927048162061062e-47,1.410045528058991e-33,6.24268723646713e-38,1.0202821467934603e-31,2.1600630137539934e-33,6.358765611475235e-36,2.7495011881607532e-37,2.12011434534207e-37,3.2252769219742737e-62,1.1235791435569963e-40,5.391061626149493e-44,5.73565002748753e-53,1.4914099133642918e-43,2.545660352576502e-43,4.88151280082873e-41,5.677080819662143e-44,0.7670907820415769,0.0,0.0,3.7714558590425715e-65,5.023634992051426e-66,3.4698173037901714e-53
0.020350438047559448,0.6783479349186483,300.00000000000006,1.1719703494396538,3.862991056616965e-17,2.9313780496202216e-23,6.246086256834838e-26,0.2329092179584231,1.847985396357839e-27,8.731117354184896e-29,1.0239570765185191e-17,0.0,0.0,1.803181847320621e-53,0.0,0.0,1.8161815028067812e-42,2.682898624910215e-38,3.754572848295186e-27,5.024606824734621e-35,0.0,2.0370334940714548e-45,2.5409026022594766e-68,4.780394641471517e-54,1.0873026306165085e-45,1.8555635726181966e-84,2.368413274070131e-47,2.1858500737366152e-69,2.783470791540187e-48,1.8678457175013537e-57,1.7489055489409307e-48,1.4537900840427474e-72,2.0584533708887587e-49,4.4775309140502754e-52,4.621990347232335e-40,6.794506524417519e-47,7.087167586809342e-34,2.50734380520675e-38,1.0060685279489775e-31,8.299342989178033e-34,2.201473711228535e-36,1.3920039527509063e-37,8.162650376764376e-38,1.556075262935678e-62,3.5934668152568444e-41,1.7133795435568092e-44,0.0,4.827121282265455e-44,8.239325176815958e-44,1.579958272183981e-41,1.8433230638126507e-44,0.7670907820415769,0.0,0.0,9.762896214309398e-66,2.1833373383979392e-66,1.0042150706128727e-53
0.020387984981226532,0.6795994993742177,300.00000000000006,1.1719703494396538,3.296957434298113e-17,1.2931090102983288e-23,5.159754428528476e-26,0.2329092179584231,1.7231291089171215e-27,7.114287374716871e-29,9.963908984443685e-18,0.0,0.0,1.4287543523040148e-53,0.0,0.0,1.4796079230350266e-42,2.1855094819973866e-38,3.052574511340421e-27,4.0622471599981973e-35,0.0,1.6466312954634905e-45,1.95385528074356e-68,3.8887224399677404e-54,8.786242048911188e-46,1.4910848422161696e-84,1.9168755655821715e-47,1.6762153415830594e-69,2.2511967169608164e-48,1.5215444539742443e-57,1.4239251130773445e-48,1.1536552952219198e-72,1.6596652075275253e-49,3.610090167269319e-52,3.782737650615528e-40,5.56910608100186e-47,5.839297762226801e-34,2.0417035958041079e-38,4.277983843601135e-32,6.746317937194732e-34,1.78317648730798e-36,1.1602075868364e-37,6.635718455618881e-38,1.1784701094488075e-62,2.9040314834746315e-41,1.3844211358883516e-44,0.0,3.9022641983854264e-44,6.660703507348206e-44,1.2772446018543876e-41,1.4902805979455306e-44,0.7670907820415769,0.0,0.0,7.852059219419547e-66,1.6856602925629337e-66,8.095446479287504e-54
0.020425531914893616,0.6808510638297872,300.00000000000006,1.171970349439654,2.7309238119792602e-17,0.0,4.073422600222114e-26,0.2329092179584231,1.598272821476404e-27,5.497457395248845e-29,9.68824720370218e-18,0.0,0.0,1.0543268572874084e-53,0.0,0.0,1.1430343432632722e-42,1.688120339084558e-38,2.3505761743856557e-27,3.0998874952617734e-35,0.0,1.2562290968555261e-45,1.3668079592276435e-68,2.9970502384639646e-54,6.69945779165729e-46,1.1266061118141424e-84,1.465337857094212e-47,1.1665806094295033e-69,1.718922642381446e-48,1.1752431904471349e-57,1.0989446772137586e-48,8.53520506401092e-73,1.260877044166292e-49,2.7426494204883628e-52,2.9434849539987204e-40,4.343705637586201e-47,4.5914279376442605e-34,1.576063386401466e-38,0.0,5.19329288521143e-34,1.3648792633874244e-36,9.284112209218935e-38,5.108786534473386e-38,8.008649559619368e-63,2.2145961516924183e-41,1.0554627282198938e-44,0.0,2.9774071145053976e-44,5.082081837880455e-44,9.74530931524794e-42,1.1372381320784104e-44,0.7670907820415769,0.0,0.0,5.941222224529696e-66,1.187983246727928e-66,6.148742252446281e-54
0.0204630788485607,0.6821026282853567,300.00000000000006,1.171970349439654,2.1648901896604073e-17,0.0,2.987090771915752e-26,0.2329092179584231,1.4734165340356865e-27,3.88062741578082e-29,9.412585422960675e-18,0.0,0.0,6.798993622708021e-54,0.0,0.0,8.064607634915177e-43,1.19073119617173e-38,1.6485778374308904e-27,2.137527830525349e-35,0.0,8.658268982475618e-46,7.79760637711727e-69,2.1053780369601889e-54,4.612673534403393e-46,7.621273814121155e-85,1.0138001486062525e-47,6.569458772759471e-70,1.1866485678020753e-48,8.289419269200253e-58,7.739642413501727e-49,5.5338571758026426e-73,8.620888808050586e-50,1.8752086737074063e-52,2.1042322573819134e-40,3.118305194170542e-47,3.3435581130617197e-34,1.1104231769988241e-38,0.0,3.640267833228129e-34,9.46582039466869e-37,6.966148550073872e-38,3.581854613327891e-38,4.2325980247506627e-63,1.5251608199102054e-41,7.265043205514362e-45,0.0,2.0525500306253688e-44,3.5034601684127035e-44,6.718172611952005e-42,7.841956662112903e-45,0.7670907820415769,0.0,0.0,4.0303852296398446e-66,6.903062008929222e-67,4.202038025605057e-54
0.020500625782227784,0.6833541927409261,300.00000000000006,1.1719703494396543,1.5988565673415544e-17,0.0,1.9007589436093896e-26,0.2329092179584231,1.3485602465949688e-27,2.263797436312795e-29,9.136923642219169e-18,0.0,0.0,3.0547186725419575e-54,0.0,0.0,4.698871837197631e-43,6.933420532589014e-39,9.465795004761252e-28,1.1751681657889251e-35,0.0,4.754246996395974e-46,1.9271331619581038e-69,1.213705835456413e-54,2.5258892771494955e-46,3.9764865101008825e-85,5.62262440118293e-48,1.473111451223913e-70,6.5437449322270455e-49,4.826406633929161e-58,4.4898380548658665e-49,2.5325092875943645e-73,4.633007174438252e-50,1.0077679269264502e-52,1.2649795607651064e-40,1.892904750754883e-47,2.095688288479179e-34,6.447829675961821e-39,0.0,2.087242781244827e-34,5.282848155463138e-37,4.6481848909288073e-38,2.054922692182396e-38,4.5654648988195665e-64,8.357254881279927e-42,3.975459128829785e-45,0.0,1.12769294674534e-44,1.9248384989449517e-44,3.6910359086560695e-42,4.3115320034417e-45,0.7670907820415769,0.0,0.0,2.1195482347499926e-66,1.926291550579167e-67,2.255333798763834e-54
0.020538172715894868,0.6846057571964956,300.00000000000006,1.1719703494396543,1.1070508848576923e-17,0.0,9.867212251948382e-27,0.2329092179584231,1.2523950411127551e-27,9.137598726719538e-30,8.979568621615025e-18,0.0,0.0,0.0,3.268639427725596e-54,0.0,1.888919653272062e-43,2.781182461584265e-39,3.6150707419258654e-28,3.7689468881673644e-36,0.0,1.5162912141990398e-46,0.0,4.705507672422667e-55,7.956197844362103e-47,9.698864751605257e-86,1.873705718368113e-48,0.0,2.127161293940544e-49,1.9354885491522145e-58,1.7780768985855775e-49,8.171135133785126e-75,1.3326590405946396e-50,2.898789038816728e-53,5.615924235026593e-41,8.571082002109949e-48,1.0438527358160187e-34,2.561917740634585e-39,0.0,7.931000265061327e-35,1.8075888130231416e-37,2.694502444418068e-38,7.824401339751564e-39,0.0,2.6403737612078413e-42,1.2480823703394084e-45,0.0,3.6058095663370905e-45,6.154690497958127e-45,1.1802124514855285e-42,1.3830456955588212e-45,0.7670907820415769,0.0,0.0,5.414337192223495e-67,0.0,6.444563392732367e-55
0.020575719649561952,0.6858573216520651,300.00000000000006,1.1719703494396543,9.436094785929042e-18,0.0,8.34865925114972e-27,0.2329092179584231,1.2831514015825206e-27,7.4393960616451e-30,9.34557062466919e-18,0.0,0.0,0.0,2.5630633951854618e-54,0.0,1.5376034557813057e-43,2.26371602566706e-39,2.936831679968287e-28,3.044940085640415e-36,0.0,1.2248316898550546e-46,0.0,3.843952208684512e-55,6.4247492807998e-47,7.864538508947002e-86,1.5153911531606847e-48,0.0,1.7191709617437875e-49,1.5753616114755968e-58,1.4464729595044911e-49,6.639710083317765e-75,1.0737726599641126e-50,2.3356615024585624e-53,4.592376759262352e-41,6.600678537266699e-48,8.592196402874373e-35,2.084445320907599e-39,0.0,6.441823494084214e-35,1.4630594037313422e-37,2.352301294475533e-38,6.355725541892832e-39,0.0,2.1323103294857707e-42,1.0077583245377378e-45,0.0,2.912904830227071e-45,4.971984057845138e-45,9.534187780214216e-43,1.1173714140436527e-45,0.7670907820415769,0.0,0.0,4.351932225676679e-67,0.0,5.19185426875548e-55
0.020613266583229036,0.6871088861076345,300.00000000000006,1.1719703494396543,7.801680723281161e-18,0.0,6.830106250351059e-27,0.2329092179584231,1.3139077620522861e-27,5.741193396570661e-30,9.711572627723352e-18,0.0,0.0,0.0,1.857487362645328e-54,0.0,1.1862872582905494e-43,1.7462495897498553e-39,2.258592618010709e-28,2.3209332831134644e-36,0.0,9.333721655110697e-47,0.0,2.982396744946357e-55,4.893300717237495e-47,6.030212266288746e-86,1.1570765879532566e-48,0.0,1.3111806295470308e-49,1.2152346737989792e-58,1.114869020423405e-49,5.108285032850403e-75,8.148862793335859e-51,1.7725339661003969e-53,3.5688292834981094e-41,4.630275072423449e-48,6.745865447588557e-35,1.6069729011806126e-39,0.0,4.952646723107101e-35,1.1185299944395426e-37,2.0101001445329992e-38,4.8870497440340995e-39,0.0,1.6242468977637003e-42,7.674342787360674e-46,0.0,2.2200000941170524e-45,3.789277617732148e-45,7.266251045573146e-43,8.516971325284842e-46,0.7670907820415769,0.0,0.0,3.2895272591298623e-67,0.0,3.9391451447785936e-55
0.02065081351689612,0.688360450563204,300.00000000000006,1.1719703494396545,6.167266660633282e-18,8.898531243371907e-24,5.311553249552396e-27,0.2329092179584231,1.3446641225220516e-27,4.042990731496222e-30,1.0077574630777517e-17,0.0,0.0,0.0,1.151911330105194e-54,0.0,8.349710607997931e-44,1.2287831538326502e-39,1.5803535560531307e-28,1.5969264805865144e-36,0.0,6.419126411670845e-47,0.0,2.1208412812082017e-55,3.361852153675191e-47,4.1958860236304904e-86,7.987620227458284e-49,0.0,9.031902973502741e-50,8.551077361223614e-59,7.832650813423187e-50,3.5768599823830417e-75,5.55999898703059e-51,1.2094064297422314e-53,2.5452818077338683e-41,2.659871607580199e-48,4.899534492302742e-35,1.1295004814536264e-39,2.4327365119307774e-32,3.463469952129987e-35,7.740005851477433e-38,1.6678989945904647e-38,3.418373946175368e-39,0.0,1.11618346604163e-42,5.271102329343969e-46,0.0,1.5270953580070332e-45,2.6065711776191587e-45,4.998314310932078e-43,5.860228510133159e-46,0.7670907820415769,0.0,0.0,2.2271222925830457e-67,0.0,2.686436020801707e-55
0.020688360450563204,0.6896120150187734,300.00000000000006,1.1719703494396545,4.532852597985402e-18,2.7262462681099165e-23,3.7930002487537345e-27,0.2329092179584231,1.3754204829918171e-27,2.3447880664217824e-30,1.0443576633831681e-17,0.0,0.0,0.0,4.4633529756506e-55,0.0,4.836548633090368e-44,7.1131671791544514e-40,9.021144940955527e-29,8.729196780595644e-37,0.0,3.5045311682309937e-47,0.0,1.259285817470047e-55,1.8304035901128863e-47,2.3615597809722347e-86,4.4044745753840025e-49,0.0,4.951999651535174e-50,4.949807984457438e-59,4.516611422612325e-50,2.0454349319156808e-75,2.971135180725322e-51,6.462788933840659e-54,1.5217343319696272e-41,6.894681427369494e-49,3.0532035370169276e-35,6.520280617266398e-40,8.782294222514987e-32,1.974293181152873e-35,4.294711758559439e-38,1.3256978446479307e-38,1.9496981483166353e-39,0.0,6.081200343195594e-43,2.867861871327263e-46,0.0,8.341906218970143e-46,1.423864737506169e-45,2.7303775762910087e-43,3.2034856949814743e-46,0.7670907820415769,0.0,0.0,1.1647173260362298e-67,0.0,1.4337268968248203e-55
0.020725907384230288,0.690863579474343,300.00000000000006,1.1719703494396545,3.121505264433928e-18,4.180010025027892e-23,2.5158663803679563e-27,0.2329092179584231,1.3929571481860579e-27,9.369998509884728e-31,1.06846174555346e-17,0.0,0.0,0.0,0.0,0.0,1.924611478409335e-44,2.8244016299659946e-40,3.4093136198447734e-29,2.767629398066817e-37,0.0,1.1049286136326043e-47,1.609376087491745e-70,5.423345024542656e-56,5.69916641785987e-48,8.456235126254073e-87,1.4513043650968007e-49,1.5713027449671662e-71,1.5914721249240445e-50,1.965090940751852e-59,1.7695662442286817e-50,7.766255821014647e-76,8.444205334153186e-52,1.8367766383878688e-54,6.699409296914893e-42,0.0,1.5077698208160204e-35,2.564322158352091e-40,1.3866449728402326e-31,7.423329253869896e-36,1.453217369041038e-38,1.035971157673235e-38,7.3461652333899035e-40,4.75811792597342e-64,1.899201327877843e-43,8.899796296999304e-47,0.0,2.636841772654293e-46,4.50077705886378e-46,8.630609659926126e-44,1.015878569965765e-46,0.7670907820415769,0.0,0.0,2.9381621077871048e-68,1.1021652835383207e-68,4.047771793679528e-56
0.020763454317897372,0.6921151439299125,300.00000000000006,1.1719703494396545,2.6572773216356003e-18,4.009167041038763e-23,2.2637744020626268e-27,0.2329092179584231,1.354364287538343e-27,7.622828233751079e-31,1.0395085392484121e-17,0.0,0.0,0.0,0.0,0.0,1.5654157735413847e-44,2.2970752903782215e-40,2.767561943034004e-29,2.234449990450711e-37,0.0,8.91934360835455e-48,1.2975251418324519e-70,4.393581795545027e-56,4.59906059785918e-48,6.815397581576098e-87,1.1729479158387323e-49,1.2651884948311624e-71,1.2853434671199486e-50,1.598194458728516e-59,1.4384145251660222e-50,6.228566662074497e-76,6.799457579039578e-52,1.4790124518736482e-54,5.4739842959170436e-42,0.0,1.239916185319281e-35,2.0847624901589166e-40,1.357783193893993e-31,6.024886932223709e-36,1.1753971300213334e-38,9.690458790372905e-39,5.962708127247945e-40,3.743792968319771e-64,1.5327194140806564e-43,7.181265363479257e-47,0.0,2.128688390748208e-46,3.633419332782705e-46,6.967379983942717e-44,8.201754407723479e-47,0.7670907820415769,0.0,0.0,2.360216116507726e-68,8.858087764943617e-69,3.258878928726861e-56
0.020801001251564456,0.6933667083854819,300.00000000000006,1.1719703494396545,2.193049378837273e-18,3.8383240570496343e-23,2.0116824237572972e-27,0.2329092179584231,1.315771426890628e-27,5.87565795761743e-31,1.0105553329433643e-17,0.0,0.0,0.0,0.0,0.0,1.2062200686734344e-44,1.7697489507904484e-40,2.125810266223234e-29,1.701270582834605e-37,0.0,6.789401080383057e-48,9.856741961731587e-71,3.3638185665473993e-56,3.49895477785849e-48,5.174560036898125e-87,8.945914665806638e-50,9.590742446951586e-72,9.792148093158527e-51,1.2312979767051797e-59,1.107262806103363e-50,4.6908775031343466e-76,5.15470982392597e-52,1.1212482653594277e-54,4.248559294919193e-42,0.0,9.720625498225413e-36,1.6052028219657426e-40,1.3289214149477532e-31,4.626444610577522e-36,8.975768910016289e-39,9.021206004013462e-39,4.579251021105987e-40,2.729468010666122e-64,1.1662375002834697e-43,5.462734429959209e-47,0.0,1.6205350088421228e-46,2.7660616067016287e-46,5.304150307959307e-44,6.244723115789308e-47,0.7670907820415769,0.0,0.0,1.7822701252283468e-68,6.694522694504024e-69,2.4699860637741943e-56
0.02083854818523154,0.6946182728410514,300.00000000000006,1.1719703494396545,1.7288214360389455e-18,3.6674810730605053e-23,1.7595904454519677e-27,0.2329092179584231,1.2771785662429132e-27,4.128487681483782e-31,9.816021266383163e-18,0.0,0.0,0.0,0.0,0.0,8.47024363805484e-45,1.2424226112026752e-40,1.4840585894124643e-29,1.168091175218499e-37,0.0,4.659458552411564e-48,6.7382325051386546e-71,2.334055337549771e-56,2.3988489578577996e-48,3.533722492220151e-87,6.162350173225954e-50,6.529599945591547e-72,6.730861515117569e-51,8.644014946818437e-60,7.761110870407036e-51,3.1531883441941963e-76,3.5099620688123626e-52,7.634840788452073e-55,3.023134293921344e-42,0.0,7.042089143258017e-36,1.1256431537725684e-40,1.3000596360015136e-31,3.2280022889313346e-36,6.197566519819243e-39,8.351953217654019e-39,3.195793914964029e-40,1.7151430530124736e-64,7.997555864862829e-44,3.744203496439161e-47,0.0,1.1123816269360378e-46,1.8987038806205534e-46,3.640920631975897e-44,4.2876918238551374e-47,0.7670907820415769,0.0,0.0,1.2043241339489679e-68,4.5309576240644333e-69,1.6810931988215275e-56
0.020876095118898624,0.6958698372966209,300.00000000000006,1.1719703494396545,1.2645934932406179e-18,3.4966380890713764e-23,1.5074984671466383e-27,0.2329092179584231,1.2385857055951984e-27,2.3813174053501336e-31,9.526489203332686e-18,0.0,0.0,0.0,0.0,0.0,4.878286589375337e-45,7.150962716149021e-41,8.423069126016949e-30,6.349117676023931e-38,0.0,2.5295160244400698e-48,3.6197230485457234e-71,1.3042921085521427e-56,1.2987431378571095e-48,1.8928849475421771e-87,3.378785680645272e-50,3.468457444231509e-72,3.669574937076609e-51,4.9750501265850765e-60,4.4495936797804415e-51,1.615499185254046e-76,1.8652143136987543e-52,4.0571989233098665e-55,1.797709292923494e-42,0.0,4.3635527882906216e-36,6.460834855793943e-41,1.2711978570552741e-31,1.8295599672851476e-36,3.419364129622198e-39,7.682700431294574e-39,1.812336808822071e-40,7.008180953588247e-65,4.3327367268909597e-44,2.025672562919113e-47,0.0,6.042282450299528e-47,1.0313461545394778e-46,1.9776909559924866e-44,2.330660531920966e-47,0.7670907820415769,0.0,0.0,6.263781426695889e-69,2.367392553624843e-69,8.922003338688608e-57
0.02091364205256571,0.6971214017521903,300.00000000000006,1.1719703494396545,8.662101398319499e-19,2.910881321115188e-23,1.2925285042316135e-27,0.2329092179584231,1.2005203858771297e-27,9.434114224312965e-32,9.238476059591318e-18,0.0,0.0,3.0093590396359003e-56,1.567050196865684e-56,0.0,1.92261572129543e-45,2.8121595327570096e-41,3.1518245252299608e-30,1.991286045717466e-38,3.91329351005882e-54,7.888841505714816e-49,1.0648833893393107e-71,4.6006907125748844e-57,3.999787529591851e-49,5.538658783432431e-88,1.1015229393144614e-50,9.629350537972519e-73,1.1666733039398552e-51,1.9562646973893533e-60,1.7262227876847906e-51,3.646517168744778e-77,5.241259042861727e-53,1.1400743833131766e-55,7.851658741431605e-43,0.0,2.137285222376144e-36,2.51641436377094e-41,1.0881664299308447e-31,6.810948816420867e-37,1.1449030242921328e-39,7.094865728728483e-39,6.761005535436171e-41,0.0,1.3384414944698689e-44,6.21775301066281e-48,2.932016620638335e-58,1.8892964496444446e-47,3.2248055959624562e-47,6.183829584473709e-45,7.31113939262727e-48,0.7670907820415769,0.0,0.0,1.561536137576686e-69,6.0162515557568e-70,2.4904056184124034e-57
0.020951188986232792,0.6983729662077598,300.00000000000006,1.1719703494396545,7.364309050444335e-19,6.325397518975374e-24,1.2289927945753636e-27,0.2329092179584231,1.1646070982053952e-27,7.671073975467487e-32,8.956659142237913e-18,0.0,0.0,2.422388743275756e-56,1.2713994555264395e-56,0.0,1.5625884788345852e-45,2.285360708233087e-41,2.556642575256499e-30,1.606602805640932e-38,3.4175191567652917e-54,6.363925640741335e-49,8.094586178829279e-72,3.7273221281420795e-57,3.2255958744825754e-49,4.460745583199904e-88,8.896498816525585e-51,7.239899412652656e-73,9.416277158871775e-52,1.5897983713138866e-60,1.402115367372695e-51,2.8393622427311193e-77,4.217748257484798e-53,9.174411538291648e-56,6.410441479004406e-43,0.0,1.7559871610097904e-36,2.0442522972466403e-41,2.762207237306742e-32,5.523782031857852e-37,9.253865254817242e-40,6.839165114017618e-39,5.483684041680742e-41,0.0,1.0794580672305084e-44,5.013836522043639e-48,0.0,1.5241959939122866e-47,2.601622297705061e-47,4.9888244278473103e-45,5.898779452371957e-48,0.7670907820415769,0.0,0.0,1.2536425672544328e-69,4.5861969092779416e-70,2.0037927999957466e-57
0.020988735919899876,0.6996245306633292,300.00000000000006,1.1719703494396545,6.066516702569171e-19,0.0,1.1654570849191136e-27,0.2329092179584231,1.1286938105336604e-27,5.908033726622009e-32,8.674842224884508e-18,0.0,0.0,1.8354184469156116e-56,9.757487141871948e-57,0.0,1.2025612363737404e-45,1.758561883709165e-41,1.961460625283037e-30,1.2219195655643985e-38,2.921744803471764e-54,4.8390097757678526e-49,5.540338464265451e-72,2.853953543709274e-57,2.4514042193732993e-49,3.382832382967377e-88,6.777768239906558e-51,4.850448287332795e-73,7.165821278344996e-52,1.2233320452384197e-60,1.0780079470605998e-51,2.0322073167174612e-77,3.1942374721078684e-53,6.948079243451529e-56,4.969224216577207e-43,0.0,1.374689099643437e-36,1.5720902307223408e-41,0.0,4.236615247294836e-37,7.058700266713157e-40,6.583464499306753e-39,4.2063625479253126e-41,0.0,8.204746399911478e-45,3.809920033424468e-48,0.0,1.1590955381801286e-47,1.9784389994476656e-47,3.793819271220912e-45,4.486419512116645e-48,0.7670907820415769,0.0,0.0,9.457489969321797e-70,3.156142262799083e-70,1.5171799815790895e-57
0.02102628285356696,0.7008760951188987,300.00000000000006,1.1719703494396545,4.768724354694008e-19,0.0,1.1019213752628637e-27,0.2329092179584231,1.0927805228619256e-27,4.144993477776531e-32,8.393025307531102e-18,0.0,0.0,1.2484481505554674e-56,6.800979728479502e-57,0.0,8.42533993912896e-46,1.2317630591852428e-41,1.3662786753095755e-30,8.372363254878643e-39,2.4259704501782355e-54,3.3140939107943704e-49,2.9860907497016224e-72,1.980584959276469e-57,1.6772125642640235e-49,2.3049191827348503e-88,4.659037663287529e-51,2.460997162012933e-73,4.915365397818219e-52,8.568657191629529e-61,7.539005267485044e-52,1.2250523907038028e-77,2.170726686730939e-53,4.721746948611411e-56,3.5280069541500075e-43,0.0,9.933910382770834e-37,1.0999281641980413e-41,0.0,2.9494484627318196e-37,4.863535278609072e-40,6.327763884595887e-39,2.9290410541698834e-41,0.0,5.614912127517872e-45,2.606003544805297e-48,0.0,7.939950824479709e-48,1.3552557011902703e-47,2.598814114594514e-45,3.074059571861332e-48,0.7670907820415769,0.0,0.0,6.378554266099265e-70,1.726087616320224e-70,1.0305671631624327e-57
0.021063829787234045,0.7021276595744682,300.00000000000006,1.1719703494396545,3.470932006818845e-19,0.0,1.0383856656066137e-27,0.2329092179584231,1.056867235190191e-27,2.381953228931053e-32,8.111208390177697e-18,0.0,0.0,6.614778541953229e-57,3.8444723150870555e-57,0.0,4.825067514520513e-46,7.049642346613205e-42,7.710967253361137e-31,4.525530854113304e-39,1.9301960968847073e-54,1.7891780458208883e-49,4.3184303513779415e-73,1.107216374843664e-57,9.030209091547478e-50,1.2270059825023235e-88,2.5403070866685014e-51,7.154603669307066e-75,2.6649095172914423e-52,4.903993930874862e-61,4.2979310643640896e-52,4.178974646901443e-78,1.1472159013540097e-53,2.495414653771293e-56,2.086789691722809e-43,0.0,6.120929769107299e-37,6.277660976737419e-42,0.0,1.6622816781688034e-37,2.6683702905049876e-40,6.072063269885022e-39,1.6517195604144542e-41,0.0,3.025077855124268e-45,1.402087056186126e-48,0.0,4.288946267158129e-48,7.32072402932875e-48,1.4038089579681164e-45,1.6616996316060193e-48,0.7670907820415769,0.0,1.1354096391138717e-70,3.299618562876733e-70,2.9603296984136515e-71,5.439543447457756e-58
0.021101376720901125,0.7033792240300375,300.00000000000006,1.1719703494396545,2.3641778190902245e-19,0.0,1.0007938769950742e-27,0.2329092179584231,1.0431396988260773e-27,9.412928723727581e-33,8.002242089799163e-18,0.0,0.0,1.858540606557585e-57,1.4274792455729397e-57,0.0,1.8841864383006035e-46,2.7468370627691337e-42,2.8581250034829827e-31,1.404808485678565e-39,1.4726836065909278e-54,5.522666798083392e-50,0.0,3.965024932333357e-58,2.752360803837349e-50,3.545473805033521e-89,8.198215576477322e-52,0.0,8.386266055136293e-53,1.910759105199037e-61,1.651977678361399e-52,0.0,3.189230167473506e-54,6.937187410395245e-57,9.04474825293665e-44,4.830718447203151e-51,2.974195367983892e-37,2.4224798129309302e-42,0.0,6.12964550867756e-38,8.845479840220959e-41,5.834237430904126e-39,6.103556946478876e-42,1.35597325812365e-66,9.248538424612418e-46,4.2591902185860985e-49,0.0,1.3273070062014173e-48,2.26555607797639e-48,4.344389850599369e-46,5.159246155754642e-49,0.7670907820415769,0.0,2.1646923380423384e-69,8.134359403347814e-71,0.0,1.502079209892253e-58
0.02113892365456821,0.704630788485607,300.00000000000006,1.1719703494396545,2.006881028858903e-19,0.0,1.0649820863281272e-27,0.2329092179584231,1.1164485714379889e-27,7.65353631709386e-33,8.571382056014144e-18,0.0,0.0,1.4705116279661392e-57,1.1270424481953014e-57,0.0,1.5301483442184073e-46,2.2305187813185996e-42,2.3166550415000567e-31,1.132671628692567e-39,1.165275348065151e-54,4.45219117410936e-50,0.0,3.238955226953329e-58,2.2181649340087255e-50,2.8810297157389853e-89,6.6168198458821945e-52,0.0,6.764068788266924e-53,1.5515896786767056e-61,1.3407290364363024e-52,0.0,2.5648497362350428e-54,5.579040196546929e-57,7.378539739330421e-44,3.668130573063012e-51,2.441196108362037e-37,1.9664074624497228e-42,0.0,4.967499251321975e-38,7.144546592827012e-41,5.666535712094522e-39,4.9467175406770755e-42,1.0542141836538775e-66,7.454085410475475e-46,3.432256928284807e-49,0.0,1.0701008309818124e-48,1.8265355567977e-48,3.5025319443027805e-46,4.1598276381050684e-49,0.7670907820415769,0.0,1.796432093125262e-69,6.526692496918879e-71,0.0,1.2078350705283051e-58
0.021176470588235293,0.7058823529411765,300.00000000000006,1.1719703494396545,1.6495842386275816e-19,0.0,1.1291702956611802e-27,0.2329092179584231,1.1897574440499003e-27,5.894143910460137e-33,9.140522022229127e-18,0.0,0.0,1.0824826493746934e-57,8.266056508176629e-58,0.0,1.1761102501362112e-46,1.7142004998680652e-42,1.7751850795171304e-31,8.60534771706569e-40,8.578670895393743e-55,3.3817155501353277e-50,0.0,2.512885521573301e-58,1.6839690641801023e-50,2.2165856264444494e-89,5.035424115287068e-52,0.0,5.141871521397555e-53,1.1924202521543746e-61,1.0294803945112057e-52,0.0,1.94046930499658e-54,4.2208929826986135e-57,5.71233122572419e-44,2.5055426989228733e-51,1.9081968487401817e-37,1.5103351119685153e-42,0.0,3.805352993966388e-38,5.443613345433064e-41,5.498833993284918e-39,3.789878134875275e-42,7.52455109184105e-67,5.659632396338532e-46,2.6053236379835155e-49,0.0,8.128946557622078e-49,1.3875150356190103e-48,2.6606740380061917e-46,3.1604091204554945e-49,0.7670907820415769,0.0,1.4281718482081856e-69,4.919025590489944e-71,0.0,9.135909311643573e-59
0.021214017521902377,0.7071339173967459,300.00000000000006,1.1719703494396545,1.29228744839626e-19,0.0,1.1933585049942333e-27,0.2329092179584231,1.2630663166618117e-27,4.134751503826415e-33,9.709661988444109e-18,0.0,0.0,6.944536707832476e-58,5.261688534400244e-58,0.0,8.22072156054015e-47,1.1978822184175312e-42,1.2337151175342044e-31,5.883979147205711e-40,5.504588310135974e-55,2.3112399261612957e-50,0.0,1.786815816193273e-58,1.1497731943514788e-50,1.5521415371499135e-89,3.45402838469194e-52,0.0,3.519674254528185e-53,8.332508256320435e-62,7.182317525861091e-53,0.0,1.3160888737581174e-54,2.8627457688502974e-57,4.0461227121179604e-44,1.3429548247827344e-51,1.3751975891183267e-37,1.0542627614873075e-42,0.0,2.643206736610802e-38,3.742680098039117e-41,5.331132274475314e-39,2.633038729073474e-42,4.506960347143323e-67,3.86517938220159e-46,1.778390347682224e-49,0.0,5.5568848054260296e-49,9.484945144403203e-49,1.818816131709603e-46,2.160990602805921e-49,0.7670907820415769,0.0,1.0599116032911089e-69,3.311358684061009e-71,0.0,6.1934679180040925e-59
0.02125156445556946,0.7083854818523154,300.00000000000006,1.1719703494396545,9.349906581649383e-20,6.473397682610738e-24,1.2575467143272863e-27,0.2329092179584231,1.336375189273723e-27,2.375359097192693e-33,1.0278801954659092e-17,0.0,0.0,3.0642469219180185e-58,2.257320560623859e-58,0.0,4.680340619718188e-47,6.815639369669971e-43,6.922451555512781e-32,3.1626105773457313e-40,2.4305057248782046e-55,1.2407643021872642e-50,0.0,1.060746110813245e-58,6.155773245228556e-51,8.876974478553776e-90,1.8726326540968126e-52,0.0,1.8974769876588157e-53,4.740813991097125e-62,4.0698311066101235e-53,0.0,6.917084425196545e-55,1.5045985550019818e-57,2.37991419851173e-44,1.8036695064259526e-52,8.421983294964717e-38,5.981904110061e-43,1.6358974681495646e-32,1.4810604792552163e-38,2.0417468506451692e-41,5.1634305556657105e-39,1.476199323271674e-42,1.4893696024455978e-67,2.0707263680646464e-46,9.514570573809325e-50,0.0,2.9848230532299822e-49,5.0947399326163025e-49,9.76958225413014e-47,1.161572085156347e-49,0.7670907820415769,0.0,6.916513583740325e-70,1.703691777632074e-71,0.0,3.251026524364614e-59
0.021289111389236545,0.7096370463078848,300.00000000000006,1.1719703494396545,6.322090746027518e-20,2.2660254073384918e-23,1.3055799520726294e-27,0.2329092179584231,1.3915878982367224e-27,9.487510057929817e-34,1.0705037654035534e-17,0.0,0.0,0.0,0.0,0.0,1.8096582531945895e-47,2.6294710307435142e-43,2.540205193618792e-32,9.71474737372529e-41,1.35800638739556e-58,3.789804807579342e-51,3.2302799871108033e-74,4.680614581493079e-59,1.8565595436745293e-51,3.48216848761324e-90,5.980891617235333e-53,3.217097865898637e-75,5.909021593806656e-54,1.8287545448616078e-62,1.547586868021713e-53,1.1993937843414194e-79,1.902335019317641e-55,4.137943604405705e-58,1.0228905302078676e-44,0.0,4.0546692302165937e-38,2.2855256080740133e-43,7.231770297648536e-32,5.406723400767398e-39,6.698643431554029e-42,4.985591125704675e-39,5.4003858930175185e-43,0.0,6.264425136841421e-47,2.8599365963643934e-50,0.0,9.14059156578076e-50,1.5601908715522265e-49,2.991794135558799e-47,3.568767910527512e-50,0.7670907820415769,0.0,3.855850005252912e-70,4.153897691903041e-72,1.094662741155274e-72,8.88111176936137e-60
0.02132665832290363,0.7108886107634543,300.00000000000006,1.1719703494396545,5.3528342070157975e-20,2.2120197819101693e-23,1.2926100881509618e-27,0.2329092179584231,1.3784673325254865e-27,7.787762241572333e-34,1.0591649778633734e-17,0.0,1.2829735843851673e-52,1.70621528109094e-60,0.0,0.0,1.4678376672299085e-47,2.132626010046934e-43,2.0566256116884452e-32,7.825609968220738e-41,7.56135195634252e-58,3.0524182416140597e-51,2.597277911518397e-74,3.790546911146756e-59,1.4948754566457023e-51,2.806133096779361e-90,4.822563599489139e-53,2.589522568277837e-75,4.7615534548401313e-54,1.4830773255495624e-62,1.2541675802928865e-53,9.654908566058854e-80,1.528643693227949e-55,3.325093282608216e-58,8.333857553589508e-45,0.0,3.322544246990304e-38,1.8530170421272946e-43,7.273596865406478e-32,4.376693337161166e-39,5.405167191841234e-42,4.769470487962873e-39,4.371868698609741e-43,0.0,5.044392177866056e-47,2.30259856173447e-50,0.0,7.362558189207771e-50,1.256701603515394e-49,2.4098285383564923e-47,2.874796395927555e-50,0.7670907820415769,0.0,3.1437018638229995e-70,3.3304774866994035e-72,8.840699708371285e-73,7.135553771397571e-60
0.021364205256570713,0.7121401752190238,300.00000000000006,1.1719703494396545,4.383577668004077e-20,2.1580141564818468e-23,1.2796402242292944e-27,0.2329092179584231,1.3653467668142509e-27,6.088014425214849e-34,1.0478261903231936e-17,0.0,1.4350355336401682e-51,3.415308232521481e-60,0.0,1.4216497705017689e-67,1.1260170812652278e-47,1.6357809893503538e-43,1.5730460297580982e-32,5.936472562716184e-41,1.3764697525289478e-57,2.3150316756487774e-51,1.9642758359259903e-74,2.9004792408004328e-59,1.1331913696168752e-51,2.130097705945483e-90,3.6642355817429433e-53,1.9619472706570372e-75,3.614085315873607e-54,1.137400106237517e-62,9.607482925640599e-54,7.315879288703516e-80,1.154952367138257e-55,2.5122429608107267e-58,6.438809805100341e-45,0.0,2.590419263764014e-38,1.4205084761805761e-43,7.315423433164422e-32,3.3466632735549335e-39,4.111690952128439e-42,4.553349850221071e-39,3.343351504201963e-43,0.0,3.82435921889069e-47,1.7452605271045472e-50,0.0,5.584524812634782e-50,9.53212335478561e-50,1.8278629411541857e-47,2.180824881327599e-50,0.7670907820415769,0.0,2.4315537223930873e-70,2.5070572814957663e-72,6.734772005189831e-73,5.389995773433771e-60
0.021401752190237797,0.7133917396745932,300.00000000000006,1.1719703494396545,3.414321128992357e-20,2.1040085310535243e-23,1.2666703603076269e-27,0.2329092179584231,1.3522262011030152e-27,4.388266608857366e-34,1.0364874027830137e-17,0.0,2.741773708841819e-51,5.124401183952022e-60,3.497679040406098e-60,4.8008135475618733e-67,7.841964953005471e-48,1.1389359686537736e-43,1.089466447827751e-32,4.047335157211631e-41,1.996804309423644e-57,1.577645109683495e-51,1.3312737603335835e-74,2.0104115704541095e-59,7.715072825880483e-52,1.4540623151116049e-90,2.5059075639967483e-53,1.3343719730362375e-75,2.4666171769070833e-54,7.917228869254718e-63,6.673290048352333e-54,4.976850011348176e-80,7.812610410485648e-56,1.6993926390132376e-58,4.543762056611173e-45,0.0,1.8582942805377246e-38,9.879999102338576e-44,7.357250000922364e-32,2.316633209948701e-39,2.8182147124156443e-42,4.337229212479268e-39,2.3148343097941853e-43,0.0,2.6043262599153246e-47,1.1879224924746242e-50,0.0,3.8064914360617935e-50,6.497230674417285e-50,1.245897343951879e-47,1.4868533667276424e-50,0.7670907820415769,0.0,1.7194055809631748e-70,1.6836370762921286e-72,4.628844302008375e-73,3.6444377754699717e-60
0.02143929912390488,0.7146433041301627,300.00000000000006,1.1719703494396545,2.4450645899806367e-20,2.0500029056252018e-23,1.2537004963859593e-27,0.2329092179584231,1.3391056353917794e-27,2.6885187924998814e-34,1.0251486152428338e-17,0.0,4.04851188404347e-51,6.833494135382563e-60,8.264484385591375e-60,8.179977324621979e-67,4.4237590933586614e-48,6.420909479571934e-44,6.05886865897404e-33,2.1581977517070773e-41,2.61713886631834e-57,8.402585437182125e-52,6.982716847411768e-75,1.1203439001077861e-59,4.098231955592211e-52,7.780269242777265e-91,1.3475795462505533e-53,7.067966754154377e-76,1.3191490379405596e-54,4.460456676134264e-63,3.7390971710640664e-54,2.637820733992836e-80,4.075697149588729e-56,8.865423172157485e-59,2.6487143081220042e-45,0.0,1.1261692973114345e-38,5.554913442871389e-44,7.399076568680307e-32,1.2866031463424681e-39,1.52473847270285e-42,4.121108574737466e-39,1.2863171153864079e-43,0.0,1.384293300939959e-47,6.30584457844701e-51,0.0,2.0284580594888045e-50,3.462337994048957e-50,6.639317467495725e-48,7.928818521276855e-51,0.7670907820415769,0.0,1.0072574395332626e-70,8.602168710884909e-73,2.522916598826921e-73,1.8988797775061715e-60
0.021476846057571965,0.7158948685857323,300.00000000000006,1.1719703494396545,1.6289106489673806e-20,1.9096098565408833e-23,1.2390880032171622e-27,0.2329092179584231,1.3246276039152818e-27,1.3007523940169873e-34,1.0129148664255587e-17,0.0,4.8549555757924317e-51,7.821100112642884e-60,1.1455124169413539e-59,1.035592713758522e-66,1.6726860926461935e-48,2.4224922104980787e-44,2.1743080326085725e-33,6.486370604291783e-42,2.9696996416285617e-57,2.5111568258793577e-52,1.929183189247191e-75,4.052012955554062e-60,1.2094213909407059e-52,2.3757392070666182e-91,4.2104931998861525e-54,2.0510162810370242e-76,4.019166418309057e-55,1.6785597350334713e-63,1.379331274331788e-54,7.694465001207757e-81,1.09720693145261e-56,2.3866355650320216e-59,1.1164805512583593e-45,1.3892145169600336e-53,5.3058675757893425e-39,2.0755318461526607e-44,7.070374083340962e-32,4.593352191084523e-40,4.893376002240162e-43,3.905693742613362e-39,4.602040528332329e-44,2.837598232564619e-69,4.097663976353772e-48,1.854688465794621e-51,0.0,6.077870179864168e-51,1.0374205533715669e-50,1.9893391151777338e-48,2.3834444102882708e-51,0.7670907820415769,0.0,4.305139670838239e-71,2.0541960821133235e-73,8.334475399593266e-74,5.0778526338964636e-61
0.02151439299123905,0.7171464330413017,300.00000000000006,1.1719703494396545,1.3696951441512447e-20,1.4549669040123946e-23,1.2185001485841714e-27,0.2329092179584231,1.3052115447999341e-27,1.0478749214253342e-34,9.974255338321844e-18,0.0,3.841487450924251e-51,6.18416651719793e-60,8.912176186539913e-60,8.154968182603372e-67,1.3484297237085483e-48,1.9527454836096884e-44,1.7500377457700414e-33,5.19855431047774e-42,2.3481847766825447e-57,2.0123615353844204e-52,1.519102596843827e-75,3.2638030715179627e-60,9.689529525901642e-53,1.9032641283059435e-91,3.3772555260391176e-54,1.6131879568420855e-76,3.222084697365393e-55,1.3516437831627943e-63,1.1091475822300045e-54,6.131652505133916e-81,8.77617926836744e-57,1.9089873538930224e-59,9.04048416104509e-46,1.1865697210441168e-53,4.3170209200483276e-39,1.6725519849381619e-44,5.393805042532231e-32,3.696512951992106e-40,3.927326288423205e-43,3.692846406286972e-39,3.7037268731612e-44,2.285596775088202e-69,3.2831224756769216e-48,1.4858263045228544e-51,0.0,4.8708620985635874e-51,8.313985498300246e-51,1.5942750026550384e-48,1.9102384121639925e-51,0.7670907820415769,0.0,3.463295078820292e-71,1.640188456810158e-73,6.589222451894757e-74,4.061158861663982e-61
0.021551939924906133,0.7183979974968712,300.00000000000006,1.1719703494396545,1.1104796393351087e-20,1.0003239514839059e-23,1.1979122939511806e-27,0.2329092179584231,1.2857954856845863e-27,7.949974488336812e-35,9.819362012388101e-18,0.0,2.82801932605607e-51,4.547232921752975e-60,6.369228203666288e-60,5.954009227621525e-67,1.0241733547709033e-48,1.482998756721298e-44,1.3257674589315107e-33,3.910738016663698e-42,1.726669911736528e-57,1.513566244889483e-52,1.1090220044404628e-75,2.4755931874818626e-60,7.284845142396226e-53,1.4307890495452688e-91,2.5440178521920825e-54,1.1753596326471467e-76,2.4250029764217287e-55,1.0247278312921172e-63,8.389638901282208e-55,4.568840009060076e-81,6.580289222208777e-57,1.4313391427540227e-59,6.916162809506587e-46,9.839249251282e-54,3.328174264307312e-39,1.269572123723663e-44,3.717236001723499e-32,2.7996737128996893e-40,2.961276574606248e-43,3.4799990699605824e-39,2.805413217990071e-44,1.7335953176117843e-69,2.4685809750000722e-48,1.1169641432510874e-51,0.0,3.6638540172630064e-51,6.253765462884823e-51,1.1992108901323427e-48,1.437032414039714e-51,0.7670907820415769,0.0,2.6214504868023464e-71,1.2261808315069926e-73,4.843969504196248e-74,3.0444650894315007e-61
0.021589486858573217,0.7196495619524406,300.00000000000006,1.1719703494396545,8.512641345189728e-21,5.4568099895541716e-24,1.1773244393181898e-27,0.2329092179584231,1.2663794265692386e-27,5.421199762420282e-35,9.664468686454358e-18,0.0,1.814551201187889e-51,2.910299326308021e-60,3.826280220792662e-60,3.753050272639677e-67,6.999169858332581e-49,1.0132520298329077e-44,9.014971720929798e-34,2.622921722849655e-42,1.1051550467905111e-57,1.0147709543945457e-52,6.989414120370989e-76,1.6873833034457625e-60,4.880160758890808e-53,9.58313970784594e-92,1.7107801783450474e-54,7.375313084522079e-77,1.6279212554780645e-55,6.978118794214401e-64,5.687801980264374e-55,3.0060275129862354e-81,4.384399176050116e-57,9.536909316150233e-60,4.791841457968085e-46,7.812801292122832e-54,2.3393276085662966e-39,8.665922625091646e-45,2.040666960914768e-32,1.902834473807273e-40,1.9952268607892913e-43,3.267151733634193e-39,1.9070995628189412e-44,1.181593860135367e-69,1.6540394743232224e-48,7.481019819793207e-52,0.0,2.456845935962426e-51,4.1935454274693985e-51,8.04146777609647e-49,9.638264159154357e-52,0.7670907820415769,0.0,1.7796058947844003e-71,8.121732062038271e-74,3.098716556497738e-74,2.0277713171990192e-61
0.0216270337922403,0.7209011264080101,300.00000000000006,1.1719703494396545,5.920486297028368e-21,9.103804642692846e-25,1.1567365846851992e-27,0.2329092179584231,1.246963367453891e-27,2.8924250365037506e-35,9.509575360520617e-18,0.0,8.010830763197084e-52,1.2733657308630664e-60,1.2833322379190375e-60,1.5520913176578292e-67,3.7566061689561294e-49,5.435053029445174e-45,4.772268852544489e-34,1.3351054290356128e-42,4.836401818444944e-58,5.159756638996082e-53,2.888608196337346e-76,8.991734194096624e-61,2.4754763753853903e-53,4.858388920239193e-92,8.775425044980125e-55,2.9970298425726897e-77,8.308395345344003e-56,3.708959275507631e-64,2.985965059246539e-55,1.4432150169123947e-81,2.1885091298914544e-57,4.760427204760239e-60,2.667520106429583e-46,5.786353332963665e-54,1.350480952825281e-39,4.636124012946658e-45,3.640979201060355e-33,1.005995234714856e-40,1.0291771469723347e-43,3.0543043973078035e-39,1.0087859076478121e-44,6.295924026589497e-70,8.394979736463727e-49,3.792398207075539e-52,0.0,1.249837854661845e-51,2.1333253920539755e-51,4.090826650869513e-49,4.906204177911574e-52,0.7670907820415769,0.0,9.377613027664546e-72,3.9816558090066146e-74,1.3534636087992282e-74,1.0110775449665385e-61
0.021664580725907386,0.7221526908635796,300.00000000000006,1.1719703494396545,3.71753071585202e-21,3.339464682923918e-24,1.1403249077436488e-27,0.2329092179584231,1.2318948296056097e-27,8.578393509241193e-36,9.38882391403366e-18,0.0,1.1370792652425884e-53,0.0,0.0,0.0,1.1467168532007536e-49,1.654540760680366e-45,1.3656870259200864e-34,3.0805892688869365e-43,2.180359666839058e-62,1.1825435930993157e-53,0.0,2.6571711336584997e-61,5.58844523501197e-54,1.0941466935613941e-92,2.1215432706449445e-55,0.0,1.948714768940888e-56,1.0841296372537997e-64,8.218268499733915e-56,2.152005924472934e-82,4.430343331117559e-58,9.636846685793199e-61,9.459973317055818e-47,3.830751949496667e-54,5.438077604839135e-40,1.3944677060866705e-45,1.1674664979493602e-32,2.860630132098359e-41,2.5699284252250725e-44,2.8483413045954568e-39,2.8760293075947136e-45,1.8228849934715425e-70,1.9021191363908657e-49,8.527273855597874e-53,0.0,2.8733256441123854e-52,4.904427023456343e-52,9.404641622391018e-50,1.1323140850733745e-52,0.7670907820415769,0.0,2.6362565137196984e-72,7.006438063266193e-75,1.0150438887734049e-76,2.0307274774859963e-62
0.02170212765957447,0.723404255319149,300.00000000000006,1.1719703494396545,2.8795141104394086e-21,3.023197034158103e-23,1.1385592624241863e-27,0.2329092179584231,1.2320732325390057e-27,5.563955110322796e-36,9.38780948138116e-18,0.0,6.379698548512506e-54,0.0,0.0,0.0,7.55643298453526e-50,1.0898284219092902e-45,8.914170218079956e-35,1.9554310255987324e-43,1.2230811300584778e-62,7.500379402164707e-54,7.035503052446276e-78,1.749881442243296e-61,3.538335219498383e-54,6.984485749286925e-93,1.3542142578516451e-55,1.2000046726411814e-78,1.2393584407796382e-56,7.189921149536474e-65,5.434207424519109e-56,1.6133715151091536e-82,2.771848475336395e-58,6.029302201019569e-61,6.371061855275926e-47,2.1236125004992823e-54,3.76024601755115e-40,9.168597656475166e-46,1.0668081090498183e-31,1.8655117732794582e-41,1.6470272021907436e-44,2.6665215451210822e-39,1.8762472700345547e-45,1.0216334233084418e-70,1.204836666839597e-49,5.396586345960857e-53,0.0,1.8230889347636264e-52,3.1117971800373454e-52,5.967126667418165e-50,7.187662769201833e-53,0.7670907820415769,0.0,1.7765234103697244e-72,4.3240642811801266e-75,7.645705304557424e-76,1.2694900375035617e-62
0.021739674593241554,0.7246558197747185,300.00000000000006,1.1719703494396545,2.0414975050267977e-21,5.712447600023816e-23,1.136793617104724e-27,0.2329092179584231,1.232251635472402e-27,2.5495167114043997e-36,9.386795048728659e-18,0.0,1.3886044445991275e-54,0.0,0.0,0.0,3.645697437062984e-50,5.251160831382142e-46,4.171470176959051e-35,8.302727823105291e-44,2.658025932778982e-63,3.175322873336255e-54,3.753669538598779e-77,8.425917508280923e-62,1.4882252039847955e-54,3.027504562959908e-93,5.868852450583457e-56,5.536146031887664e-78,5.300021126183885e-57,3.538545926534951e-65,2.6501463493043033e-56,1.0747371057453735e-82,1.1133536195552304e-58,2.4217577162459386e-61,3.282150393496034e-47,4.164730515018976e-55,2.0824144302631645e-40,4.392518252083629e-46,2.016869568304701e-31,8.703934144605578e-42,7.241259791564148e-45,2.4847017856467076e-39,8.764652324743962e-46,2.2038185314534143e-71,5.075541972883282e-50,2.265898836323839e-53,0.0,7.728522254148678e-53,1.3191673366183481e-52,2.529611712445311e-50,3.052184687669921e-53,0.7670907820415769,0.0,9.167903070197502e-73,1.6416904990940599e-75,1.4276366720341445e-75,5.082525975211269e-63
0.021777221526908638,0.725907384230288,300.00000000000006,1.1719703494396545,1.6158286930398888e-21,6.020943402174227e-23,1.098660341892426e-27,0.2329092179584231,1.1924903364636e-27,1.4817851219875282e-36,9.06906625367661e-18,0.0,0.0,0.0,0.0,0.0,2.231011589492484e-50,3.2099322325091657e-46,2.4859472789163736e-35,4.501715429578327e-44,2.183375502802409e-65,1.7162851013055592e-54,3.953828146072985e-77,5.134273951699222e-62,7.987760187119307e-55,1.6729358526274322e-93,3.250593393159146e-56,5.787599513077359e-78,2.895378456181706e-57,2.2002801803143086e-65,1.636102409693607e-56,7.976943424192782e-83,5.672118466286262e-59,1.2337945853726795e-61,2.117535087356666e-47,0.0,1.4161630750225553e-40,2.671976805292032e-46,2.1544562806226075e-31,5.1732725372539285e-42,4.069290573552148e-45,2.3048613750136387e-39,5.215020019368843e-46,2.6610081525443508e-73,2.728837313433542e-50,1.213910445512386e-53,0.0,4.1833147108850075e-53,7.14042340972624e-53,1.369234833845031e-50,1.6550671174147846e-53,0.7670907820415769,0.0,5.912812615136357e-73,7.79103439573915e-76,1.3850275890055258e-75,2.5793521935365535e-63
0.021814768460575718,0.7271589486858573,300.00000000000006,1.1719703494396545,1.346567664766135e-21,5.426394293950312e-23,1.0467324484449253e-27,0.2329092179584231,1.1375794953388037e-27,1.152459563760605e-36,8.631204424611031e-18,0.0,0.0,0.0,0.0,0.0,1.7631032142981556e-50,2.5364568294017243e-46,1.9600432972132693e-35,3.526781326840102e-44,1.676313212432901e-65,1.3443578921977173e-54,3.0729672058001697e-77,4.035519599712327e-62,6.254395621508579e-55,1.305489115947669e-93,2.5497599142028866e-56,4.489688626729057e-78,2.2692918802379088e-57,1.7394007873550477e-65,1.2934442801393864e-56,6.198759965557266e-83,4.429971051294432e-59,9.636036921854e-62,1.6828252195634324e-47,0.0,1.1336145664204666e-40,2.110432514831003e-46,1.9838629165162927e-31,4.0779813364258585e-42,3.1948204291821444e-45,2.125771751872116e-39,4.111252154423502e-46,6.279403741491401e-73,2.1368678400759475e-50,9.503941342551425e-54,0.0,3.277029755636251e-53,5.593502186200315e-53,1.0725999842133168e-50,1.2966380169538752e-53,0.7670907820415769,0.0,4.6840892760339254e-73,6.067803093026335e-76,1.0747485931950772e-75,2.014151060124711e-63
0.021852315394242802,0.7284105131414268,300.00000000000006,1.1719703494396545,1.0773066364923558e-21,4.831845185726341e-23,9.948045549974199e-28,0.2329092179584231,1.0826686542140023e-27,8.231340055336514e-37,8.193342595545412e-18,0.0,0.0,0.0,0.0,0.0,1.2951948391037843e-50,1.8629814262942216e-46,1.434139315510116e-35,2.5518472241017867e-44,1.1692509220633465e-65,9.72430683089841e-55,2.1921062655272727e-77,2.93676524772533e-62,4.521031055897691e-55,9.380423792678719e-94,1.8489264352465618e-56,3.1917777403806362e-78,1.643205304294054e-57,1.2785213943957442e-65,9.507861505851343e-57,4.420576506921587e-83,3.187823636302489e-59,6.934127989980958e-62,1.2481153517701585e-47,0.0,8.510660578183518e-41,1.5488882243699218e-46,1.8132695524099622e-31,2.982690135597687e-42,2.3203502848120595e-45,1.9466821287305767e-39,3.0074842894780587e-46,9.897799330438785e-73,1.5448983667182983e-50,6.868778229978746e-54,0.0,2.370744800387412e-53,4.046580962674248e-53,7.759651345815747e-51,9.382089164929327e-54,0.7670907820415769,0.0,3.4553659369313796e-73,4.3445717903133624e-76,7.644695973845999e-76,1.4489499267128168e-63
0.021889862327909886,0.7296620775969962,300.00000000000006,1.1719703494396545,8.08045608218577e-22,4.23729607750237e-23,9.428766615499145e-28,0.2329092179584231,1.0277578130892008e-27,4.938084473066977e-37,7.755480766479793e-18,0.0,0.0,0.0,0.0,0.0,8.272864639094127e-51,1.1895060231867184e-46,9.082353338069629e-36,1.576913121363471e-44,6.621886316937918e-66,6.005034739819648e-55,1.3112453252543758e-77,1.8380108957383328e-62,2.787666490286803e-55,5.705956425880747e-94,1.148092956290237e-56,1.8938668540322143e-78,1.0171187283501987e-57,8.176420014364406e-66,6.081280210308821e-57,2.6423930482859078e-83,1.945676221310545e-59,4.232219058107915e-62,8.134054839768846e-48,3.218629122813313e-57,5.685175492162369e-41,9.87343933908841e-47,1.6426761883036316e-31,1.8873989347695157e-42,1.4458801404419747e-45,1.7675925055890377e-39,1.9037164245326155e-46,1.351619491938617e-72,9.52928893360649e-51,4.233615117406068e-54,0.0,1.4644598451385725e-53,2.4996597391481814e-53,4.7933028494983286e-51,5.797798160319901e-54,0.7670907820415769,0.0,2.226642597828834e-73,2.6213404876003896e-76,4.5419060157412265e-76,8.837487933009226e-64
0.02192740926157697,0.7309136420525657,300.00000000000006,1.1719703494396545,5.387845799447981e-22,3.642746969278399e-23,8.90948768102409e-28,0.2329092179584231,9.728469719643994e-28,1.6448288907974416e-37,7.317618937414173e-18,0.0,0.0,0.0,0.0,0.0,3.593780887150413e-51,5.160306200792152e-47,3.8233135210381e-36,6.01979018625156e-45,1.5512634132423736e-66,2.285762648740884e-55,4.3038438498147883e-78,7.392565437513356e-63,1.0543019246759155e-55,2.0314890590827751e-94,4.4725947733391294e-57,5.959559676837932e-79,3.910321524063436e-58,3.5676260847713714e-66,2.654698914766298e-57,8.64209589650229e-84,7.035288063186012e-60,1.5303101262348728e-62,3.7869561618361065e-48,1.830827371208876e-56,2.8596904061412213e-41,4.2579964344775956e-47,1.472082824197301e-31,7.921077339413444e-43,5.7140999607188986e-46,1.5885028824474984e-39,7.999485595871718e-47,1.7134590508333553e-72,3.609594200029993e-51,1.598452004833389e-54,0.0,5.581748898897327e-54,9.527385156221136e-54,1.8269543531809078e-51,2.2135071557104764e-54,0.7670907820415769,0.0,9.979192587262887e-74,8.981091848874163e-77,1.439116057636456e-76,3.185476598890284e-64
0.021964956195244054,0.7321652065081352,300.00000000000006,1.1719703494396545,4.1549546428279076e-22,4.01840551648096e-23,8.526618898763149e-28,0.2329092179584231,9.319249428847162e-28,5.504253577201789e-38,6.99656359966005e-18,0.0,0.0,0.0,0.0,0.0,2.0247935280172385e-51,2.903510858002303e-47,2.086258348408764e-36,2.9338184221095095e-45,1.3194348923817868e-67,1.1098723615709815e-55,1.6861365202276369e-78,3.832441139185764e-63,5.076895059715112e-56,8.993337698404251e-95,2.2356834971983905e-57,2.153369971567674e-79,1.922861605767692e-58,2.018533991302644e-66,1.5026995300076177e-57,3.3432767915875845e-84,3.1856216881689506e-60,6.92933834159303e-63,2.2759215265939627e-48,2.009827969902386e-56,1.832054285876637e-41,2.381712645906499e-47,1.5878409677946708e-31,4.3084797338289195e-43,2.9060518339124177e-46,1.4401053301312406e-39,4.356819767921365e-47,1.4864835490849374e-72,1.7416751057759158e-51,7.680206611277552e-55,0.0,2.714889681789674e-54,4.633995564649547e-54,8.886067090805516e-52,1.0789200296703736e-54,0.7670907820415769,0.0,5.789470430383243e-74,3.743098135592653e-77,5.2565376396014535e-77,1.435858442938573e-64
0.02200250312891114,0.7334167709637046,300.00000000000006,1.1719703494396545,3.4585414556356797e-22,4.750636107985557e-23,8.193883762187731e-28,0.2329092179584231,8.961441011378539e-28,2.641469367391721e-38,6.718437143328096e-18,0.0,0.0,0.0,0.0,0.0,1.598833048292992e-51,2.292461016035114e-47,1.6436077886792996e-36,2.2967772418935356e-45,5.455542956491308e-68,8.687292331025668e-56,1.3437179867522967e-78,3.002052110313752e-63,3.972338592070698e-56,7.015324920073488e-95,1.7523723157341972e-57,1.7184240594869634e-79,1.5059696461824534e-58,1.5939477008538924e-66,1.1866575996395282e-57,2.6322326072025945e-84,2.4862778287140955e-60,5.408131276502873e-63,1.8072010266995812e-48,1.700038431928717e-56,1.465166076103742e-41,1.879649729042218e-47,1.8088394090951038e-31,3.393604515560288e-43,2.2798506526310814e-46,1.3029877696567524e-39,3.4319791649680676e-47,1.043105931031783e-72,1.3628701353752797e-51,6.008668051253536e-55,0.0,2.125189305890179e-54,3.627446773749772e-54,6.955927115214619e-52,8.446514231044111e-55,0.7670907820415769,0.0,4.575756675796332e-74,2.913273059024324e-77,4.16816167466898e-77,1.1204531644328504e-64
0.022040050062578222,0.7346683354192741,300.00000000000006,1.1719703494396545,2.762128268443451e-22,5.482866699490153e-23,7.861148625612315e-28,0.2329092179584231,8.603632593909916e-28,0.0,6.4403106869961425e-18,0.0,0.0,0.0,0.0,0.0,1.1728725685687449e-51,1.6814111740679256e-47,1.2009572289498348e-36,1.6597360616775618e-45,0.0,6.275861046341521e-56,1.0012994532769564e-78,2.1716630814417398e-63,2.8677821244262835e-56,5.037312141742727e-95,1.2690611342700039e-57,1.2834781474062529e-79,1.0890776865972147e-58,1.1693614104051407e-66,8.706156692714384e-58,1.9211884228176047e-84,1.7869339692592404e-60,3.8869242114127147e-63,1.3384805268051998e-48,1.3902488939550476e-56,1.0982778663308473e-41,1.377586812177937e-47,2.0298378503955366e-31,2.478729297291656e-43,1.6536494713497449e-46,1.165870209182264e-39,2.5071385620147705e-47,5.997283129786285e-73,9.840651649746435e-52,4.3371294912295205e-55,0.0,1.5354889299906833e-54,2.620897982849996e-54,5.025787139623721e-52,6.103828165384485e-55,0.7670907820415769,0.0,3.3620429212094223e-74,2.0834479824559947e-77,3.0797857097365063e-77,8.050478859271279e-65
0.022077596996245306,0.7359198998748435,300.00000000000006,1.1719703494396545,2.0657150812512237e-22,6.215097290994751e-23,7.528413489036898e-28,0.2329092179584231,8.245824176441292e-28,0.0,6.1621842306641886e-18,0.0,0.0,0.0,0.0,0.0,7.469120888444979e-52,1.0703613321007367e-47,7.583066692203703e-37,1.022694881461588e-45,0.0,3.8644297616573743e-56,6.588809198016162e-79,1.3412740525697275e-63,1.763225656781869e-56,3.0592993634119655e-95,7.857499528058106e-58,8.485322353255424e-80,6.72185727011976e-59,7.447751199563891e-67,5.545737389033487e-58,1.210144238432615e-84,1.0875901098043853e-60,2.3657171463225567e-63,8.697600269108184e-49,1.0804593559813785e-56,7.313896565579522e-42,8.755238953136558e-48,2.2508362916959694e-31,1.5638540790230247e-43,1.0274482900684084e-46,1.0287526487077757e-39,1.582297959061473e-47,1.5635069492547438e-73,6.052601945740073e-52,2.6655909312055056e-55,0.0,9.45788554091188e-55,1.6143491919502204e-54,3.095647164032823e-52,3.7611420997248596e-55,0.7670907820415769,0.0,2.1483291666225124e-74,1.2536229058876655e-77,1.9914097448040325e-77,4.896426074214053e-65
0.02211514392991239,0.737171464330413,300.00000000000006,1.1719703494396545,1.3693018940589958e-22,6.947327882499348e-23,7.195678352461481e-28,0.2329092179584231,7.888015758972671e-28,0.0,5.884057774332235e-18,0.0,0.0,0.0,0.0,0.0,3.2095160912025093e-52,4.5931149013354837e-48,3.156561094909057e-37,3.856537012456141e-46,0.0,1.4529984769732274e-56,3.1646238632627584e-79,5.108850236977153e-64,6.586691891374548e-57,1.0812865850812028e-95,3.0243877134161732e-58,4.135863232448319e-80,2.5529376742673727e-59,3.201888295076374e-67,2.3853180853525904e-58,4.991000540476249e-85,3.882462503495302e-61,8.445100812323982e-64,4.010395270164373e-49,7.706698180077095e-57,3.6450144678505745e-42,3.7346097844937495e-48,2.4718347329964022e-31,6.489788607543936e-44,4.0124710878707205e-47,8.916350882332875e-40,6.574573561081758e-48,0.0,2.2645522417337113e-52,9.940523711814891e-56,0.0,3.5608817819169235e-55,6.078004010504444e-55,1.1655071884419254e-52,1.418456034065234e-55,0.7670907820415769,0.0,9.346154120356017e-75,4.2379782931933624e-78,9.030337798715591e-78,1.7423732891568273e-65
0.022152690863579474,0.7384230287859825,300.00000000000006,1.1719703494396545,1.0553134513189826e-22,7.36498285666854e-23,6.6621827006693165e-28,0.2329092179584231,7.287726466951512e-28,0.0,5.43679007883844e-18,0.0,0.0,0.0,0.0,0.0,1.8097513839890772e-52,2.586473052102053e-48,1.7240526623792204e-37,1.882130844001022e-46,0.0,7.065014720027714e-57,1.9552269825823245e-79,2.5194506978345357e-64,3.176290886914793e-57,4.821783029519529e-96,1.5137260221122333e-58,2.5956729768321008e-80,1.2570764785999376e-59,1.806240427396078e-67,1.3461431959792758e-58,2.687778797937407e-85,1.7609004778595688e-61,3.8302963788604295e-64,2.412446854974912e-49,5.342574820488931e-57,2.3357218871768924e-42,2.0907050538275862e-48,2.620422567277158e-31,3.53333085965127e-44,2.0431379182226373e-47,7.711682989813541e-40,3.584154505846431e-48,0.0,1.0942274810722294e-52,4.783059989022267e-56,0.0,1.7343754253468754e-55,2.960373702641711e-55,5.676759714352635e-53,6.923479744344205e-56,0.7670907820415769,0.0,5.33119286121466e-75,1.7696859333178104e-78,5.329619125034904e-78,7.866842927154689e-66
0.02219023779724656,0.7396745932415519,300.00000000000006,1.1719703494396545,8.774422905026181e-23,7.670670238226842e-23,6.05722991634239e-28,0.2329092179584231,6.6011304229709915e-28,0.0,4.929319569405693e-18,0.0,0.0,0.0,0.0,0.0,1.4278958613620844e-52,2.0405259143803816e-48,1.3572042376468571e-37,1.4724046468642429e-46,0.0,5.526081937099745e-57,1.5341446364023082e-79,1.9640224424395104e-64,2.483490511466004e-57,3.738665364197725e-96,1.1856313238606096e-58,2.0553919783175654e-80,9.838292897778289e-60,1.4250758779012397e-67,1.0619875049187063e-58,2.0956014982378217e-85,1.3733962140399836e-61,2.9874002600775943e-64,1.914064342477505e-49,3.2396245528180016e-57,1.8662832024041038e-42,1.6486852926105448e-48,2.743237134652609e-31,2.78091011397294e-44,1.6017073164805945e-47,6.566280554188036e-40,2.8211545431573655e-48,0.0,8.55635327363857e-53,3.739432866676407e-56,0.0,1.3566901781142773e-55,2.3157096595893433e-55,4.440563464669825e-53,5.416320864408884e-56,0.7670907820415769,0.0,4.2071757041284715e-75,1.3764635144921369e-78,4.18557605285424e-78,6.134637634084449e-66
0.022227784730913643,0.7409261576971214,300.0,1.1719703494396547,6.995711296862534e-23,7.976357619785146e-23,5.452277132015462e-28,0.2329092179584231,5.914534378990471e-28,0.0,4.421849059972947e-18,0.0,0.0,0.0,0.0,0.0,1.0460403387350916e-52,1.4945787766587104e-48,9.90355812914494e-38,1.062678449727464e-46,0.0,3.9871491541717765e-57,1.1130622902222918e-79,1.4085941870444851e-64,1.790690136017215e-57,2.655547698875922e-96,8.575366256089858e-59,1.5151109798030299e-80,7.105821009557202e-60,1.043911328406401e-67,7.77831813858137e-59,1.5034241985382366e-85,9.858919502203985e-62,2.144504141294759e-64,1.4156818299800978e-49,1.1366742851470718e-57,1.3968445176313151e-42,1.2066655313935033e-48,2.86605170202806e-31,2.0284893682946097e-44,1.1602767147385516e-47,5.420878118562531e-40,2.0581545804683006e-48,0.0,6.1704317365548495e-53,2.6958057443305465e-56,0.0,9.790049308816795e-56,1.671045616536976e-55,3.204367214987014e-53,3.9091619844735637e-56,0.7670907820415769,0.0,3.083158547042283e-75,9.832410956664632e-79,3.0415329806735755e-78,4.4024323410142083e-66
0.022265331664580727,0.742177722152691,300.0,1.1719703494396547,5.216999688698888e-23,8.282045001343448e-23,4.847324347688535e-28,0.2329092179584231,5.22793833500995e-28,0.0,3.9143785505402e-18,0.0,0.0,0.0,0.0,0.0,6.64184816108099e-53,9.48631638937039e-49,6.235073881821309e-38,6.529522525906848e-47,0.0,2.4482163712438083e-57,6.919799440422754e-80,8.531659316494599e-65,1.0978897605684256e-57,1.5724300335541182e-96,5.294419273573622e-59,9.748299812884947e-81,4.3733491213361144e-60,6.627467789115624e-68,4.9367612279756765e-59,9.112468988386515e-86,5.983876864008134e-62,1.3016080225119238e-64,9.172993174826907e-50,0.0,9.274058328585264e-43,7.646457701764618e-49,2.988866269403511e-31,1.2760686226162797e-44,7.188461129965089e-48,4.275475682937026e-40,1.2951546177792357e-48,0.0,3.7845101994711284e-53,1.652178621984686e-56,0.0,6.013196836490816e-56,1.0263815734846089e-55,1.9681709653042037e-53,2.402003104538243e-56,0.7670907820415769,0.0,1.9591413899560935e-75,5.900186768407896e-79,1.8974899084929114e-78,2.670227047943968e-66
0.02230287859824781,0.7434292866082604,300.0,1.1719703494396547,3.438288080535242e-23,8.587732382901752e-23,4.242371563361608e-28,0.2329092179584231,4.541342291029429e-28,0.0,3.406908041107453e-18,0.0,0.0,0.0,1.0183328789154315e-65,1.4462175985419337e-72,2.8232929348110642e-53,4.026845012153675e-49,2.5665896344976786e-38,2.432260554539058e-47,0.0,9.092835883158396e-58,2.7089759786225908e-80,2.977376762544346e-65,4.050893851196369e-58,4.89312368232315e-97,2.0134722910573853e-59,4.345489827739593e-81,1.6408772331150285e-60,2.8158222941672388e-68,2.0952043173699814e-59,3.190695991390667e-86,2.1088342258122823e-62,4.587119037290892e-65,4.189168049852836e-50,0.0,4.579671480857378e-43,3.226260089594204e-49,3.1116808367789627e-31,5.236478769379494e-45,2.7741551125446617e-48,3.130073247311522e-40,5.3215465509017044e-49,1.7767003555305252e-74,1.3985886623874072e-53,6.085514996388262e-57,0.0,2.2363443641648363e-56,3.817175304322417e-56,7.319747156213926e-54,8.948442246029236e-57,0.7670907820415769,0.0,8.351242328699042e-76,1.9679625801511608e-79,7.534468363122477e-79,9.380217548737273e-67
0.022340425531914895,0.7446808510638299,300.0,1.1719703494396547,2.648675193295553e-23,7.322365195385923e-23,3.518719548007085e-28,0.2329092179584231,3.752075901310454e-28,0.0,2.813471828823063e-18,0.0,0.0,0.0,2.615191508799584e-65,2.7677047805443436e-72,1.5939278886534197e-53,2.270397087931697e-49,1.40376486278726e-38,1.1892979270462233e-47,0.0,4.429863315859013e-58,1.387906893387967e-80,1.32007345087234e-65,1.9572883769935378e-58,1.8035165437247604e-97,1.0095664244471765e-59,2.522336810719456e-81,8.094848458604927e-61,1.5889638084442618e-68,1.1810230646642921e-59,1.425087198092614e-86,9.585919323764373e-63,2.085121367789855e-65,2.5232011258723263e-50,0.0,2.936286050185826e-43,1.8084057928104862e-49,2.667567037632109e-31,2.854969869068085e-45,1.4150180415643004e-48,2.421551845567131e-40,2.9051104290510807e-49,3.3862810250133947e-74,6.7711511292549e-54,2.933925593670645e-57,0.0,1.0913305342927787e-56,1.8627721334168776e-56,3.5720185581734556e-54,4.376067332824622e-57,0.7670907820415769,0.0,4.726634206647493e-76,8.238727252489453e-80,3.919123259222697e-79,4.244671183607375e-67
0.02237797246558198,0.7459324155193993,300.0,1.1719703494396547,2.199844218306887e-23,5.515710299197637e-23,2.7541711589371828e-28,0.2329092179584231,2.9274356949925255e-28,0.0,2.1904171811023992e-18,0.0,0.0,0.0,2.0355682328678555e-65,2.1383746578275284e-72,1.2566367700972535e-53,1.7897807735647088e-49,1.1042345322542754e-38,9.297493592075307e-48,0.0,3.462525754787153e-58,1.0624674673059164e-80,1.0054268529261036e-65,1.5293159237288246e-58,1.3811728513391596e-97,7.901873288632086e-60,1.9325109843975978e-81,6.33086236249724e-61,1.2526621914457742e-68,9.308956100584308e-60,1.0914341388413246e-86,7.471463963786683e-63,1.625186759224581e-65,2.0003618173598866e-50,0.0,2.344085981693066e-43,1.4249723021681291e-49,2.0281249777507313e-31,2.2453150932549253e-45,1.1085022042310767e-48,1.86355248070611e-40,2.284944086247393e-49,2.4873597357089607e-74,5.291068365095913e-54,2.292184549358934e-57,0.0,8.530846400558668e-57,1.456114572967603e-56,2.7922192866052566e-54,3.4210686324937843e-57,0.7670907820415769,0.0,3.725875676202175e-76,6.404005818383715e-80,2.9998160572901135e-79,3.3078371645979956e-67
0.022415519399249063,0.7471839799749688,300.0,1.1719703494396547,1.7510132433182217e-23,3.70905540300935e-23,1.9896227698672807e-28,0.2329092179584231,2.1027954886745964e-28,0.0,1.567362533381736e-18,0.0,0.0,0.0,1.4559449569361264e-65,1.5090445351107128e-72,9.193456515410874e-54,1.3091644591977205e-49,8.047042017212908e-39,6.702007913688382e-48,0.0,2.4951881937152935e-58,7.370280412238659e-81,6.907802549798675e-66,1.1013434704641112e-58,9.588291589535585e-98,5.708082332792409e-60,1.34268515807574e-81,4.566876266389555e-61,9.163605744472868e-69,6.807681554525693e-60,7.577810795900352e-87,5.35700860380899e-63,1.1652521506593074e-65,1.4775225088474477e-50,0.0,1.7518859132003055e-43,1.0415388115257719e-49,1.3886829178693532e-31,1.6356603174417656e-45,8.01986366897853e-49,1.3055531158450885e-40,1.6647777434437055e-49,1.5884384464045263e-74,3.8109856009369257e-54,1.650443505047223e-57,0.0,6.148387458189548e-57,1.0494570125183282e-56,2.012420015037058e-54,2.4660699321629468e-57,0.7670907820415769,0.0,2.725117145756857e-76,4.569284384277977e-80,2.0805088553575303e-79,2.3710031455886154e-67
0.022453066332916147,0.7484355444305383,300.0,1.1719703494396547,1.302182268329556e-23,1.9024005068210634e-23,1.2250743807973783e-28,0.2329092179584231,1.2781552823566677e-28,0.0,9.443078856610725e-19,0.0,0.0,0.0,8.763216810043977e-66,8.797144123938973e-73,5.820545329849213e-54,8.285481448307323e-50,5.051738711883061e-39,4.106522235301457e-48,0.0,1.5278506326434339e-58,4.1158861514181536e-81,3.7613365703363124e-66,6.73371017199398e-59,5.364854665679577e-98,3.5142913769527313e-60,7.528593317538818e-82,2.802890170281869e-61,5.800589574487994e-69,4.30640700846708e-60,4.24128020338746e-87,3.242553243831299e-63,7.053175420940335e-66,9.546832003350082e-51,0.0,1.1596858447075455e-43,6.581053208834148e-50,7.492408579879756e-32,1.0260055416286059e-45,4.954705295646295e-49,7.475537509840671e-41,1.0446114006400178e-49,6.895171571000918e-75,2.3309028367779392e-54,1.0087024607355118e-57,0.0,3.7659285158204277e-57,6.427994520690534e-57,1.2326207434688592e-54,1.5110712318321094e-57,0.7670907820415769,0.0,1.7243586153115392e-76,2.7345629501722386e-80,1.1612016534249472e-79,1.4341691265792352e-67
0.02249061326658323,0.7496871088861077,300.0,1.1719703494396547,8.533512933408902e-24,9.57456106327772e-25,4.605259917274763e-29,0.2329092179584231,4.535150760387386e-29,0.0,3.2125323794040916e-19,0.0,0.0,0.0,2.9669840507266875e-66,2.503842896770821e-73,2.4476341442875503e-54,3.47931830463744e-50,2.0564354065532142e-39,1.511036556914533e-48,0.0,5.605130715715743e-59,8.614918905976484e-82,6.148705908739494e-67,2.4539856393468457e-59,1.141417741823569e-98,1.3205004211130533e-60,1.6303350543202422e-82,1.038904074174184e-61,2.4375734045031184e-69,1.8051324624084676e-60,9.047496108745662e-88,1.1280978838536077e-63,2.453829335287596e-66,4.3184389182256905e-51,0.0,5.674857762147851e-44,2.7467183024105756e-50,1.0979879810659747e-32,4.163507658154462e-46,1.8895469223140602e-49,1.895543861230459e-41,4.244450578363303e-50,0.0,8.508200726189523e-55,3.669614164238009e-58,0.0,1.3834695734513086e-57,2.3614189161977862e-57,4.528214719006603e-55,5.5607253150127195e-58,0.7670907820415769,0.0,7.236000848662219e-77,8.998415160665005e-81,2.418944514923643e-80,4.973351075698557e-68
0.022528160200250315,0.7509386733416772,300.0,1.1719703494396547,6.571886036891688e-24,0.0,2.342912626207013e-29,0.2329092179584231,2.1573488026599918e-29,0.0,1.425740470353883e-19,0.0,1.0397618837110951e-58,0.0,1.289965118835357e-66,7.907741530248452e-74,1.3841171738592004e-54,1.9649342250230686e-50,1.1267954795549575e-39,7.406423086525743e-49,0.0,2.737378425445884e-59,4.070096076125202e-83,0.0,1.1886532871406074e-59,7.282474447809961e-100,6.636277237978635e-61,1.3237605781843844e-83,5.137375974520126e-62,1.3775384122508076e-69,1.0176701555043441e-60,6.0036068377763725e-89,5.1421805733990244e-64,1.1185229338672253e-66,2.605265803803581e-51,0.0,3.641650493276307e-44,1.5422053395390737e-50,0.0,2.274162440651288e-46,9.659319818252228e-50,4.540551684179514e-42,2.3213626213269773e-50,0.0,4.129382116066526e-55,1.7736020553474717e-58,0.0,6.767754784145381e-58,1.1551756877588623e-57,2.2151442578421517e-55,2.7259676263457986e-58,0.7670907820415769,0.0,4.083434923409979e-77,3.779048143492735e-81,1.0257414857545108e-81,2.2568297129707787e-68
0.022565707133917395,0.7521902377972466,300.0,1.1719703494396547,5.452486758164081e-24,0.0,1.8749442016824002e-29,0.2329092179584231,1.7357468800825484e-29,0.0,1.120200084021961e-19,0.0,7.949259920935016e-59,0.0,9.86017462752199e-67,6.044495704190482e-74,1.0903982751416964e-54,1.5478098334268363e-50,8.857100120003328e-40,5.786118704320639e-49,0.0,2.1381672419914946e-59,3.111114125259465e-83,0.0,9.281183284143174e-60,5.584638930242544e-100,5.19061112657328e-61,1.0118348355502482e-83,4.015109938582037e-62,1.0851638125757572e-69,8.014785949848614e-61,4.5928209219350236e-89,4.0053007531401666e-64,8.712297605239296e-67,2.063832679615182e-51,0.0,2.904707696423039e-44,1.2142996911846312e-50,0.0,1.787218070023779e-46,7.561648522839435e-50,3.920681275375076e-42,1.8244664879570255e-50,0.0,3.2245665164312936e-55,1.3847227245319375e-58,0.0,5.2866966582169266e-58,9.023765846708848e-58,1.7303812148495852e-55,2.129619709225259e-58,0.7670907820415769,0.0,3.215875457890623e-77,2.93563023428063e-81,7.843766655230696e-82,1.7575812926975681e-68
0.02260325406758448,0.753441802252816,300.0,1.1719703494396547,4.33308747943637e-24,0.0,1.4069757771577442e-29,0.2329092179584231,1.314144957505066e-29,0.0,8.146596976900108e-20,0.0,5.500901004758854e-59,0.0,6.820698066690126e-67,4.181249878132339e-74,7.966793764241651e-55,1.1306854418305658e-50,6.446245444456861e-40,4.1658143221153855e-49,0.0,1.53895605853705e-59,2.152132174393639e-83,0.0,6.675833696880034e-60,3.8868034126749696e-100,3.744945015167792e-61,6.999090929160831e-84,2.892843902643844e-62,7.9278921290068e-70,5.8528703446535865e-61,3.182035006093545e-89,2.868420932881205e-64,6.239365871806114e-67,1.522399555426733e-51,0.0,2.1677648995697029e-44,8.863940428301589e-51,0.0,1.3002736993962259e-46,5.46397722742645e-50,3.300810866570581e-42,1.3275703545870275e-50,0.0,2.319750916795977e-55,9.958433937163673e-59,0.0,3.8056385322883346e-58,6.49577481582884e-58,1.245618171856974e-55,1.533271792104664e-58,0.7670907820415769,0.0,2.3483159923711864e-77,2.0922123250684471e-81,5.43011845291606e-82,1.2583328724243115e-68
0.022640801001251563,0.7546933667083855,300.0,1.1719703494396547,3.2136882007086592e-24,0.0,9.390073526330882e-30,0.2329092179584231,8.925430349275837e-30,0.0,5.091193113580608e-20,0.0,3.0525420885826927e-59,0.0,3.781221505858263e-67,2.3180040520741966e-74,5.02960477706634e-55,7.135610502342951e-51,4.035390768910391e-40,2.545509939910132e-49,0.0,9.397448750826052e-60,1.1931502235278133e-83,0.0,4.070484109616896e-60,2.188967895107395e-100,2.299278903762304e-61,3.8798335028191803e-84,1.7705778667056512e-62,5.0041461322560295e-70,3.690954739458559e-61,1.7712490902520662e-89,1.7315411126222426e-64,3.766434138372929e-67,9.809664312382843e-52,0.0,1.4308221027163667e-44,5.584883944756863e-51,0.0,8.133293287686726e-47,3.3663059320134634e-50,2.6809404577660865e-42,8.306742212170297e-51,0.0,1.414935317160661e-55,6.069640629007971e-59,0.0,2.3245804063597432e-58,3.967783784948831e-58,7.608551288643629e-56,9.369238749840692e-59,0.7670907820415769,0.0,1.4807565268517496e-77,1.2487944158562641e-81,3.016470250601425e-82,7.590844521510548e-69
0.022678347934918647,0.7559449311639549,300.0,1.1719703494396547,2.0942889219809484e-24,0.0,4.710389281084322e-30,0.2329092179584231,4.7094111235010136e-30,0.0,2.035789250261106e-20,0.0,6.04183172406531e-60,0.0,7.417449450264008e-68,4.547582260160543e-75,2.0924157898910288e-55,2.964366586380244e-51,1.6245360933639225e-40,9.252055577048781e-50,0.0,3.405336916281603e-60,2.3416827266198763e-84,0.0,1.4651345223537565e-60,4.911323775398205e-101,8.536127923568169e-62,7.605760764775295e-85,6.483118307674586e-63,2.0804001355052574e-70,1.5290391342635327e-61,3.604631744105876e-90,5.946612923632802e-65,1.293502404939745e-67,4.395333070498352e-52,0.0,6.93879305863031e-45,2.305827461212139e-51,0.0,3.263849581411192e-47,1.2686346366004762e-50,2.061070048961592e-42,3.337780878470321e-51,0.0,5.101197175253444e-56,2.1808473208522705e-59,0.0,8.43522280431152e-59,1.4397927540688224e-58,2.760920858717515e-56,3.405759578634743e-59,0.7670907820415769,0.0,6.131970613323131e-78,4.0537650664408115e-82,6.028220482867889e-83,2.5983603187779807e-69
0.02271589486858573,0.7571964956195244,300.0,1.1719703494396547,1.6126672317281667e-24,1.637053602427443e-27,3.092797197990201e-30,0.2329092179584231,3.1887537960736165e-30,0.0,1.1108440389480466e-20,0.0,6.651604899032339e-62,0.0,7.39972715557213e-71,5.039096162224002e-78,1.1856746009278687e-55,1.6775701543927068e-51,8.921527455022109e-41,4.548274550948132e-50,0.0,1.6679790383033396e-60,3.537167937131917e-87,0.0,7.118119698243546e-61,6.5667803999888036e-102,4.301878355512712e-62,2.181486844378563e-88,3.21515879614205e-63,1.1781210471122254e-70,8.630231579962399e-62,1.409101490486281e-91,2.7197066089905277e-65,5.915883692079268e-68,2.656829651913343e-52,5.217586491065278e-58,4.458010943421947e-45,1.2973773934418024e-51,5.786515116915657e-36,1.7868205499974233e-47,6.502680477490208e-51,1.6863582880109146e-42,1.8296346731997164e-51,0.0,2.4832423100500297e-56,1.0572338977802872e-59,0.0,4.138580715260103e-59,7.064067733134347e-59,1.3545930063570553e-56,1.6744716871258204e-59,0.7670907820415769,0.0,3.459731059711616e-78,1.7088842940420118e-82,1.230244313998888e-84,1.183072770092347e-69
0.022753441802252816,0.7584480600750939,300.0,1.1719703494396547,1.3366102187524327e-24,1.2509455948699249e-27,2.462160439887381e-30,0.2329092179584231,2.5368494772045002e-30,0.0,8.725755832403825e-21,0.0,5.667695226901674e-62,0.0,5.646859610922066e-71,3.873525277584812e-78,9.333752642810375e-56,1.320471671785614e-51,7.007642883818779e-41,3.5508674838733764e-50,0.0,1.3019881380613114e-60,2.708006353990368e-87,0.0,5.554237508041884e-61,5.030626200606445e-102,3.362455649391016e-62,1.6667083676597383e-88,2.511111128131283e-63,9.273891440576544e-71,6.791566489040118e-62,1.0794363639593884e-91,2.1170464400503444e-65,4.604982195120994e-68,2.1030971846397607e-52,4.011171878935976e-58,3.5529080701944034e-45,1.0207756745574431e-51,4.4217356901756344e-36,1.4032144303159867e-47,5.087021494422004e-51,1.3906646036412218e-42,1.436957806844387e-51,0.0,1.93783161108501e-56,8.248768013055551e-60,0.0,3.2307289372760767e-59,5.514472136726067e-59,1.0574453236252174e-56,1.3072785056019229e-59,0.7670907820415769,0.0,2.722457199998745e-78,1.3266699222151377e-82,9.402799063825968e-85,9.207659611408792e-70
0.0227909887359199,0.7596996245306633,300.0,1.1719703494396547,1.0605532057766988e-24,8.648375873124071e-28,1.8315236817845614e-30,0.2329092179584231,1.8849451583353836e-30,0.0,6.343071275327185e-21,0.0,4.683785554771009e-62,0.0,3.8939920662719995e-71,2.707954392945622e-78,6.810759276342062e-56,9.633731891785209e-52,5.093758312615448e-41,2.553460416798621e-50,0.0,9.359972378192832e-61,1.8788447708488182e-87,0.0,3.990355317840222e-61,3.4944720012240856e-102,2.4230329432693203e-62,1.1519298909409135e-88,1.8070634601205162e-63,6.766572410030837e-71,4.9529013981178385e-62,7.497712374324958e-92,1.5143862711101614e-65,3.2940806981627194e-68,1.549364717366178e-52,2.8047572668066743e-58,2.6478051969668603e-45,7.441739556730838e-52,3.056956263435611e-36,1.01960831063455e-47,3.6713625113538e-51,1.0949709192715289e-42,1.0442809404890576e-51,0.0,1.3924209121199901e-56,5.92519704830823e-60,0.0,2.322877159292051e-59,3.964876540317788e-59,7.602976408933792e-57,9.400853240780254e-60,0.7670907820415769,0.0,1.9851833402858746e-78,9.444555503882632e-83,6.503154987663057e-85,6.584591521894112e-70
0.022828535669586984,0.7609511889862328,300.0,1.1719703494396547,7.84496192800965e-25,4.787295797548894e-28,1.2008869236817417e-30,0.2329092179584231,1.233040839466267e-30,0.0,3.960386718250543e-21,0.0,3.699875882640344e-62,0.0,2.141124521621934e-71,1.5423835083064322e-78,4.287765909873749e-56,6.0627470657142806e-52,3.179873741412117e-41,1.556053349723866e-50,0.0,5.700063375772546e-61,1.049683187707269e-87,0.0,2.426473127638561e-61,1.958317801841727e-102,1.4836102371476247e-62,6.371514142220888e-89,1.103015792109749e-63,4.2592533794851276e-71,3.114236307195558e-62,4.201061109056032e-92,9.117261021699783e-66,1.983179201204445e-68,9.956322500925954e-53,1.5983426546773724e-58,1.7427023237393165e-45,4.6757223678872454e-52,1.6921768366955883e-36,6.360021909531134e-48,2.2557035282855957e-51,7.992772349018361e-43,6.516040741337282e-52,0.0,8.470102131549702e-57,3.60162608356091e-60,0.0,1.4150253813080252e-59,2.415280943909509e-59,4.631499581615411e-57,5.728921425541276e-60,0.7670907820415769,0.0,1.247909480573004e-78,5.622411785613891e-83,3.6035109115001454e-85,3.9615234323794325e-70
0.022866082603254068,0.7622027534418023,300.0,1.1719703494396547,5.084391798252311e-25,9.262157219737141e-29,5.70250165578922e-31,0.2329092179584231,5.811365205971504e-31,0.0,1.5777021611739035e-21,0.0,2.7159662105096794e-62,0.0,3.882569769718684e-72,3.768126236672423e-79,1.7647725434054364e-56,2.4917622396433505e-52,1.2659891702087874e-41,5.586462826491109e-51,0.0,2.040154373352264e-61,2.205216045657199e-88,0.0,8.625909374368987e-62,4.221636024593684e-103,5.441875310259286e-63,1.2237293750326408e-89,3.989681240989823e-64,1.75193434893942e-71,1.2755712162732783e-62,9.044098437871063e-93,3.0906593322979506e-66,6.722777042461707e-69,4.418997828190126e-53,3.919280425480713e-59,8.375994505117734e-46,1.9097051790436527e-52,3.27397409955565e-37,2.5239607127167674e-48,8.400445452173912e-52,5.0358355053214315e-43,2.589272077783988e-52,0.0,3.0159951418995055e-57,1.278055118813588e-60,0.0,5.071736033239991e-60,8.656853475012296e-60,1.660022754297032e-57,2.0569896103023014e-60,0.7670907820415769,0.0,5.1063562086013387e-79,1.8002680673451495e-83,7.038668353372317e-86,1.338455342864754e-70
0.02290362953692115,0.7634543178973717,300.0,1.1719703494396547,3.915263570377818e-25,7.803713996754225e-31,3.637426396518714e-31,0.2329092179584231,3.6866182898514383e-31,0.0,8.692748985091196e-22,0.0,2.1142557270108407e-62,0.0,0.0,8.592400687438703e-80,1.0024724665370273e-56,1.4135974419532987e-52,6.971156815948045e-42,2.755748802243798e-51,0.0,1.002762613073504e-61,2.002724269712325e-89,0.0,4.2055242494742675e-62,4.863699295388421e-104,2.751496602007406e-63,9.578837371377956e-93,1.9852994960801827e-64,9.946131972288518e-72,7.213792879231881e-63,1.0304648729579505e-93,1.419042996720023e-66,3.086690786924452e-69,2.67723070359657e-53,8.958653819259841e-60,5.389392952400298e-46,1.0771957070290499e-52,2.7644110958750283e-39,1.3855055984959562e-48,4.319484822319223e-52,3.766943164355714e-43,1.4231644003408343e-52,9.48960446585465e-84,1.4733283550012228e-57,6.2176881169582547e-61,0.0,2.4969586185465247e-60,4.2620129958441465e-60,8.172759967509379e-58,1.0148219066937191e-60,0.7670907820415769,0.0,2.885210535657971e-79,7.622390663789591e-84,1.2882689224656474e-87,6.118145641112188e-71
0.022941176470588236,0.7647058823529412,300.0,1.1719703494396547,3.2418303611225313e-25,5.960448386379246e-31,2.893409401402134e-31,0.2329092179584231,2.930586606171436e-31,0.0,6.823376127922485e-22,0.0,1.6315908924301023e-62,0.0,0.0,6.74774079352854e-80,7.885850536423145e-57,1.1118847842506712e-52,5.471800711643542e-42,2.1500147170701595e-51,0.0,7.822204855928532e-62,1.5347261225004506e-89,0.0,3.2794063174532776e-62,3.724028849198791e-104,2.1492018069739843e-63,7.3151116223005155e-93,1.5495374850845466e-64,7.823733520406605e-72,5.672691643086646e-63,7.890395484990667e-94,1.1038975090543493e-66,2.401188884942103e-69,2.1176864218669e-53,6.884157560272168e-60,4.291711340856506e-46,8.469263435349026e-53,2.1114471497038242e-39,1.0872884444271669e-48,3.376834927148191e-52,3.0238351766996725e-43,1.1169347349647033e-52,7.222001249400465e-84,1.1489790083042568e-57,4.848006766265703e-61,0.0,1.9479363995543504e-60,3.3248970119769897e-60,6.37576310117471e-58,7.917610575273224e-61,0.7670907820415769,0.0,2.2686593800836795e-79,5.913933380151319e-84,9.841800012947724e-88,4.758642592012725e-71
0.02297872340425532,0.7659574468085106,300.0,1.1719703494396547,2.568397151867245e-25,4.117182776004267e-31,2.149392406285553e-31,0.2329092179584231,2.174554922491433e-31,0.0,4.954003270753775e-22,0.0,1.1489260578493636e-62,0.0,0.0,4.9030808996183755e-80,5.746976407476018e-57,8.101721265480435e-53,3.972444607339039e-42,1.544280631896521e-51,0.0,5.616783581122024e-62,1.066727975288576e-89,0.0,2.353288385432288e-62,2.5843584030091608e-104,1.5469070119405632e-63,5.051385873223075e-93,1.1137754740889107e-64,5.701335068524694e-72,4.1315904069414114e-63,5.476142240401828e-94,7.887520213886757e-67,1.715686982959754e-69,1.5581421401372308e-53,4.8096613012844944e-60,3.1940297293127134e-46,6.166569800407554e-53,1.4584832035326202e-39,7.890712903583776e-49,2.4341850319771593e-52,2.2807271890436306e-43,8.107050695885722e-53,4.954398032946279e-84,8.246296616072906e-58,3.478325415573153e-61,0.0,1.3989141805621764e-60,2.387781028109833e-60,4.578766234840042e-58,5.6870020836092544e-61,0.7670907820415769,0.0,1.6521082245093887e-79,4.205476096513048e-84,6.800910801238973e-88,3.3991395429132614e-71
0.023016270337922404,0.7672090112640801,300.0,1.1719703494396547,1.894963942611958e-25,2.2739171656292873e-31,1.405375411168973e-31,0.2329092179584231,1.41852323881143e-31,0.0,3.0846304135850653e-22,0.0,6.662612232686252e-63,0.0,0.0,3.0584210057082114e-80,3.608102278528891e-57,5.084594688454159e-53,2.4730885030345356e-42,9.385465467228826e-52,0.0,3.411362306315516e-62,5.987298280767017e-90,0.0,1.4271704534112981e-62,1.444687956819531e-104,9.446122169071418e-64,2.7876601241456358e-93,6.780134630932749e-65,3.5789366166427826e-72,2.5904891707961767e-63,3.0618889958129887e-94,4.7360653372300194e-67,1.0301850809774048e-69,9.985978584075609e-54,2.735165042296821e-60,2.0963481177689216e-46,3.8638761654660823e-53,8.055192573614161e-40,4.9085413628958834e-49,1.4915351368061271e-52,1.5376192013875895e-43,5.044754042124412e-53,2.686794816492094e-84,5.002803149103244e-58,2.1086440648806014e-61,0.0,8.498919615700024e-61,1.450665044242676e-60,2.781769368505374e-58,3.4563935919452865e-61,0.7670907820415769,0.0,1.0355570689350977e-79,2.497018812874777e-84,3.760021589530222e-88,2.0396364938137984e-71
0.023053817271589488,0.7684605757196497,300.0,1.1719703494396547,1.2215307333566711e-25,4.306515552543085e-32,6.613584160523922e-32,0.2329092179584231,6.624915551314275e-32,0.0,1.2152575564163562e-22,0.0,1.8359638868788656e-63,0.0,0.0,1.213761111798048e-80,1.4692281495817636e-57,2.0674681114278818e-53,9.737323987300321e-43,3.328124615492438e-52,0.0,1.2059410315090063e-62,1.3073168086482716e-90,0.0,5.010525213903078e-63,3.050175106299014e-105,3.4231742187372064e-64,5.239343750681946e-94,2.4225145209763878e-65,1.4565381647608722e-72,1.0493879346509415e-63,6.476357512241492e-95,1.584610460573282e-67,3.4468317899505593e-70,4.39053576677891e-54,6.60668783309148e-61,9.986665062251298e-47,1.5611825305246096e-53,1.5255531119021205e-40,1.9263698222079906e-49,5.48885241635096e-53,7.945112137315479e-44,1.9824573883631011e-53,4.191916000379095e-85,1.759309682133584e-58,7.389627141880508e-62,0.0,3.008697425778281e-61,5.135490603755193e-61,9.847725021707049e-59,1.2257851002813173e-61,0.7670907820415769,0.0,4.190059133608067e-80,7.885615292365051e-85,7.191323778214702e-89,6.801334447143346e-72
0.023091364205256572,0.769712140175219,300.0,1.1719703494396547,9.408220835031677e-26,3.7199160924948823e-34,4.22643728964893e-32,0.2329092179584231,4.210755511077085e-32,0.0,6.716474926751837e-23,0.0,5.985942386329953e-64,0.0,0.0,6.785929572777643e-81,8.369736538781632e-58,1.176254810757262e-53,5.378514027826204e-43,1.6482143060541383e-52,0.0,5.950918394744323e-63,1.9074666372653943e-91,0.0,2.4527121116432974e-63,3.5130004761822105e-106,1.7373296279913182e-64,3.7891194971765566e-97,1.2101468289392788e-65,8.293340936868907e-73,5.950298513486661e-64,7.568533169352406e-96,7.307974354418299e-68,1.5896246406411217e-70,2.666926745168165e-54,1.5356433271887231e-61,6.437249858584745e-47,8.831728329427086e-54,1.317763363040077e-42,1.0607769993452728e-49,2.8326274090347867e-53,5.388146653756167e-44,1.093038533797847e-53,0.0,8.628854511895128e-59,3.6095798689984187e-62,0.0,1.487136200718295e-61,2.5383655787279808e-61,4.867524478902888e-59,6.0713191187382935e-62,0.7670907820415769,0.0,2.373371988585926e-80,3.3554431092591094e-85,1.3477513825806331e-90,3.12286496294713e-72
0.023128911138923656,0.7709637046307886,300.0,1.1719703494396547,7.782500897298534e-26,2.839959328056612e-34,3.3593054917066535e-32,0.2329092179584231,3.344626377122732e-32,0.0,5.268441228918133e-23,0.0,4.4092631241761876e-64,0.0,0.0,5.373369520047676e-81,6.579299421583011e-58,9.24543877770739e-54,4.218775532515075e-43,1.2850920459247667e-52,0.0,4.639106723386409e-63,1.4609699934353948e-91,0.0,1.9113587660022632e-63,2.688452159204626e-106,1.356142145414031e-64,2.8930720903962275e-97,9.439119780646903e-66,6.51903942042852e-73,4.6757824491778806e-64,5.792356685509958e-96,5.681449672731325e-68,1.2358243141689633e-70,2.1080156946171964e-54,1.1795172693097499e-61,5.122093465775824e-47,6.938891978184708e-54,1.0060426799787617e-42,8.318785875355357e-50,2.2129888727961346e-53,4.297378182725363e-44,8.572495863077043e-54,0.0,6.724901774237386e-59,2.8126248779011726e-62,0.0,1.159399818746576e-61,1.9789583431706283e-61,3.7948151593506145e-59,4.7337584721006825e-62,0.7670907820415769,0.0,1.8648677963819755e-80,2.601797951934902e-85,1.0291518654267633e-90,2.427426025510833e-72
0.02316645807259074,0.7722152690863581,300.0,1.1719703494396547,6.156780959565389e-26,1.960002563618342e-34,2.492173693764377e-32,0.2329092179584231,2.478497243168379e-32,0.0,3.8204075310844276e-23,0.0,2.8325838620224213e-64,0.0,0.0,3.960809467317707e-81,4.788862304384391e-58,6.728329447842159e-54,3.0590370372039464e-43,9.219697857953952e-53,0.0,3.3272950520284955e-63,1.0144733496053954e-91,0.0,1.370005420361229e-63,1.8639038422270411e-106,9.74954662836744e-65,1.997024683615899e-97,6.776771271901018e-66,4.7447379039881345e-73,3.4012663848691003e-64,4.016180201667509e-96,4.05492499104435e-68,8.820239876968046e-71,1.5491046440662278e-54,8.233912114307769e-62,3.8069370729669047e-47,5.046055626942331e-54,6.943219969174465e-43,6.029801757257987e-50,1.5933503365574825e-53,3.2066097116945584e-44,6.214606388175614e-54,0.0,4.820949036579644e-59,2.015669886803927e-62,0.0,8.316634367748574e-62,1.4195511076132762e-61,2.722105839798341e-59,3.3961978254630716e-62,0.7670907820415769,0.0,1.3563636041780251e-80,1.848152794610693e-85,7.105523482728936e-91,1.7319870880745356e-72
0.023204005006257824,0.7734668335419275,300.0,1.1719703494396547,4.5310610218322463e-26,1.080045799180072e-34,1.6250418958221005e-32,0.2329092179584231,1.612368109214026e-32,0.0,2.3723738332507224e-23,0.0,1.255904599868655e-64,0.0,0.0,2.5482494145877395e-81,2.9984251871857712e-58,4.2112201179769283e-54,1.899298541892818e-43,5.588475256660238e-53,0.0,2.015483380670582e-63,5.679767057753959e-92,0.0,8.286520747201948e-64,1.0393555252494569e-106,5.93767180259457e-65,1.1009772768355698e-97,4.1144227631551327e-66,2.970436387547748e-73,2.1267503205603194e-64,2.24000371782506e-96,2.4284003093573755e-68,5.28223661224646e-71,9.901935935152594e-55,4.672651535518038e-62,2.4917806801579843e-47,3.1532192756999527e-54,3.8260131385613116e-43,3.740817639160617e-50,9.737118003188304e-54,2.1158412406637537e-44,3.8567169132741853e-54,0.0,2.916996298921902e-59,1.218714895706681e-62,0.0,5.039270548031385e-62,8.60143872055924e-62,1.6493965202460675e-59,2.0586371788254615e-62,0.7670907820415769,0.0,8.478594119740747e-81,1.094507637286485e-85,3.919528311190239e-91,1.0365481506382384e-72
0.023241551939924908,0.774718397997497,300.0,1.1719703494396547,2.9053410840991024e-26,2.0008903474180214e-35,7.579100978798237e-33,0.2329092179584231,7.462389752596735e-33,0.0,9.243401354170178e-24,0.0,0.0,0.0,0.0,1.135689361857771e-81,1.207988069987152e-58,1.6941107881116988e-54,7.395600465816891e-44,1.9572526553665218e-53,0.0,7.036717093126678e-64,1.2148006194539649e-92,0.0,2.8729872907916055e-64,2.1480720827187223e-107,2.1257969768217017e-65,2.049298700552407e-98,1.452074254409249e-66,1.196134871107362e-73,8.522342562515398e-65,4.6382723398261056e-97,8.018756276704017e-69,1.7442333475248755e-71,4.3128254296429045e-55,1.1113909567283075e-62,1.1766242873490648e-47,1.2603829244575745e-54,7.088063079481598e-44,1.4518335210632467e-50,3.5407326408017825e-54,1.0250727696329485e-44,1.4988274383727578e-54,0.0,1.0130435612641597e-59,4.217599046094353e-63,0.0,1.761906728314196e-62,3.0073663649857155e-62,5.766872006937936e-60,7.210765321878506e-63,0.7670907820415769,0.0,3.393552197701243e-81,3.408624799622769e-86,7.335331396515405e-92,3.4110921320194106e-73
0.023279098873591992,0.7759699624530664,300.0,1.1719703494396547,2.2384473499518885e-26,1.773202890097938e-37,4.853959132060568e-33,0.2329092179584231,4.7535862620761926e-33,0.0,5.1266197626167474e-24,0.0,0.0,0.0,6.917694020727022e-76,7.006446133637169e-82,6.903899429663606e-59,9.669827013694804e-55,4.099440330457687e-44,9.736154792703826e-54,0.0,3.487924328271827e-64,1.7786175258093454e-93,0.0,1.4127448040302083e-64,2.4770520341306662e-108,1.0834663122259146e-65,2.80651942638661e-100,7.285457050331473e-67,6.833298585165221e-74,4.847890808708999e-65,5.429594542201838e-98,3.71661698429468e-69,8.084355059247241e-72,2.6274024892871926e-55,2.6280405588909736e-63,7.60014931706804e-48,7.153704738705367e-55,6.2814901751369545e-46,8.023089562466449e-51,1.8347701754775894e-54,6.728847845391997e-45,8.293134061651017e-55,0.0,4.991130740936917e-60,2.069538274802465e-63,0.0,8.747588714982611e-63,1.4931099157593977e-62,2.863160896221913e-60,3.5873696194185843e-63,0.7670907820415769,0.0,1.9284069068898155e-81,1.4585204591118999e-86,1.4097648344528627e-93,1.5741030558085136e-73
0.023316645807259073,0.7772215269086358,300.0,1.1719703494396547,1.8499225136198963e-26,1.3531256602401316e-37,3.855126485134267e-33,0.2329092179584231,3.772924405142535e-33,0.0,4.018612315612584e-24,0.0,0.0,0.0,5.1928725289680237e-76,5.493946306155009e-82,5.423257163196793e-59,7.595265884370309e-55,3.213313206703282e-44,7.586321362959056e-54,0.0,2.717322387239366e-64,1.361566967670475e-93,0.0,1.100231953618179e-64,1.894688600498133e-108,8.451968557135734e-66,2.1449915511252752e-100,5.679003696674722e-67,5.3676576639803335e-74,3.806870667919085e-65,4.1532616781845216e-98,2.887637940921249e-69,6.281166581338089e-72,2.0753081968791093e-55,2.0176757768045291e-63,6.04274070725767e-48,5.616617363768781e-55,4.793385807102372e-46,6.287565198017512e-51,1.432478873816289e-54,5.3512339213680166e-45,6.4997288957808425e-55,0.0,3.887374338387701e-60,1.6115872537399494e-63,0.0,6.815446813308825e-63,1.1633161490206459e-62,2.230754261739455e-60,2.79526091293354e-63,0.7670907820415769,0.0,1.514199347724968e-81,1.1302588635870478e-86,1.0760128717462852e-93,1.2228108403510287e-73
0.023354192740926157,0.7784730913642053,300.0,1.1719703494396547,1.4613976772878686e-26,9.330484303822859e-38,2.8562938382078723e-33,0.2329092179584231,2.7922625482087867e-33,0.0,2.910604868608319e-24,0.0,0.0,0.0,3.468051037208867e-76,3.9814464786727086e-82,3.942614896729843e-59,5.520704755045622e-55,2.327186082948796e-44,5.436487933214085e-54,0.0,1.9467204462068337e-64,9.44516409531566e-94,0.0,7.877191032061207e-65,1.3123251668655461e-108,6.069273992012104e-66,1.4834636758638795e-100,4.0725503430178225e-67,3.902016742795311e-74,2.7658505271290747e-65,2.8769288141670878e-98,2.0586588975477422e-69,4.4779781034287716e-72,1.5232139044709752e-55,1.4073109947180278e-63,4.4853320974471554e-48,4.0795299888320535e-55,3.3052814390676536e-46,4.5520408335684164e-51,1.0301875721549517e-54,3.973619997343909e-45,4.706323729910502e-55,0.0,2.783617935838381e-60,1.1536362326773917e-63,0.0,4.88330491163486e-63,8.335223822818635e-63,1.5983476272569383e-60,2.003152206448422e-63,0.7670907820415769,0.0,1.0999917885600825e-81,8.019972680621656e-87,7.422609090396768e-94,8.715186248935115e-74
0.02339173967459324,0.7797246558197747,300.0,1.1719703494396547,1.0728728409558404e-26,5.129712005244405e-38,1.8574611912814783e-33,0.2329092179584231,1.8116006912750383e-33,0.0,1.802597421604053e-24,0.0,0.0,0.0,1.7432295454497088e-76,2.4689466511904084e-82,2.461972630262894e-59,3.446143625720935e-55,1.4410589591943091e-44,3.2866545034691163e-54,0.0,1.1761185051743011e-64,5.27465851392657e-94,0.0,4.752062527940623e-65,7.2996173323295905e-109,3.6865794268884725e-66,8.219358006024837e-101,2.466096989360923e-67,2.4363758216102892e-74,1.7248303863390644e-65,1.6005959501496534e-98,1.229679854174235e-69,2.674789625519454e-72,9.71119612062841e-56,7.969462126315264e-64,2.9279234876366406e-48,2.5424426138953263e-55,1.8171770710329343e-46,2.8165164691193196e-51,6.278962704936143e-55,2.596006073319801e-45,2.9129185640401616e-55,0.0,1.6798615332890626e-60,6.956852116148338e-64,0.0,2.951163009960894e-63,5.037286155430812e-63,9.659409927744214e-61,1.211043499963304e-63,0.7670907820415769,0.0,6.857842293951969e-82,4.737356725372834e-87,4.085089463330683e-94,5.2022640943599405e-74
0.023429286608260325,0.7809762202753442,300.0,1.1719703494396547,6.843480046238126e-27,9.2893970666595e-39,8.586285443550846e-34,0.2329092179584231,8.309388343412898e-34,0.0,6.945899745997876e-25,0.0,0.0,0.0,1.8408053690552622e-78,9.564468237081088e-83,9.813303637959446e-60,1.3715824963962485e-55,5.549318354398229e-45,1.1368210737241473e-54,0.0,4.055165641417685e-65,1.104152932537482e-94,0.0,1.626934023820041e-65,1.4759829960037234e-109,1.303884861764841e-66,1.604079253410877e-101,8.59643635704023e-68,9.707349004252663e-75,6.838102455490546e-66,3.2426308613221956e-99,4.007008108007276e-70,8.71601147610136e-73,4.190253196547067e-56,1.8658143054502534e-64,1.370514877826126e-48,1.0053552389585983e-55,3.290727029982158e-47,1.0809921046702228e-51,2.256049688322766e-55,1.2183921492956926e-45,1.1195133981698207e-55,0.0,5.761051307397435e-61,2.3773419055227605e-64,0.0,1.0190211082869285e-63,1.739348488042991e-63,3.335343582919048e-61,4.1893479347818605e-64,0.7670907820415769,0.0,2.7157667023031126e-82,1.4547407701240113e-87,7.475698362645999e-95,1.6893419397847663e-74
0.02346683354192741,0.7822277847309137,300.0,1.1719703494396547,5.27518317047581e-27,8.45378975043186e-41,5.5125636603204856e-34,0.2329092179584231,5.3064878374572145e-34,0.0,3.8675190853346187e-25,0.0,0.0,0.0,0.0,5.3579515905824755e-83,5.62891482360912e-60,7.857455509627238e-56,3.088145838776425e-45,5.682932369485644e-55,0.0,2.020035827363285e-65,1.6210802997251537e-95,0.0,8.040508570985357e-66,1.706644594399035e-110,6.67696347097176e-67,1.3254694947447603e-102,4.334044618975883e-68,5.566233772998533e-75,3.904268110083334e-66,3.8063424097795844e-100,1.8675059513002793e-70,4.0621837721608445e-73,2.561025937035772e-56,4.490432336264178e-65,8.873572056818207e-49,5.7273697247666875e-56,2.9947691645690093e-49,5.997460265383596e-52,1.174406152663091e-55,7.898777845710006e-46,6.218862740524774e-56,0.0,2.8526521589173046e-61,1.1724420498444547e-64,1.1927248616176774e-92,5.084353538865939e-64,8.678390040877134e-64,1.6641525682231556e-61,2.0945007129367084e-64,0.7670907820415769,0.0,1.5491046167299496e-82,6.263189154434495e-88,1.475447019687921e-96,7.839238642810094e-75
0.023504380475594493,0.7834793491864831,300.0,1.1719703494396547,4.355632711229802e-27,6.448059700646678e-41,4.374931189179751e-34,0.2329092179584231,4.208628389248658e-34,0.0,3.029612691297861e-25,0.0,0.0,0.0,0.0,4.208609800015063e-83,4.4186954873485153e-60,6.1675137701877355e-56,2.419000965293295e-45,4.425309662044636e-55,0.0,1.5727551002649228e-65,1.2403211747841228e-95,0.0,6.257963848488507e-66,1.3047434680960654e-110,5.205295265572385e-67,1.0126365116796238e-102,3.3762525844932295e-68,4.369400856311661e-75,3.0638165421743723e-66,2.9101058618648476e-100,1.45008451216134e-70,3.15421204926352e-73,2.0214790636042183e-56,3.445976515342634e-65,7.049897960840895e-49,4.4937005636211925e-56,2.2842369072619495e-49,4.696978685753637e-52,9.163180716705471e-56,6.2711129645017526e-46,4.87077001626016e-56,0.0,2.2204191760010977e-61,9.124330935514985e-65,9.102368643026589e-93,3.958853207229242e-64,6.757294114936268e-64,1.2957666459636179e-61,1.6310006471334356e-64,0.7670907820415769,0.0,1.2155583128580798e-82,4.8507140892208053e-88,1.1256297208786992e-96,6.086069309173357e-75
0.023541927409261577,0.7847309136420526,300.0,1.1719703494396547,3.4360822519837934e-27,4.4423296508614933e-41,3.237298718039017e-34,0.2329092179584231,3.1107689410401003e-34,0.0,2.191706297261103e-25,0.0,0.0,0.0,0.0,3.0592680094476506e-83,3.2084761510879113e-60,4.477572030748233e-56,1.7498560918101652e-45,3.167686954603628e-55,0.0,1.1254743731665608e-65,8.595620498430922e-96,0.0,4.4754191259916564e-66,9.028423417930961e-111,3.733627060173009e-67,6.998035286144872e-103,2.4184605500105767e-68,3.172567939624789e-75,2.2233649742654105e-66,2.0138693139501102e-100,1.0326630730224006e-70,2.2462403263661948e-73,1.4819321901726645e-56,2.4015206944210904e-65,5.226223864863581e-49,3.2600314024756965e-56,1.5737046499548901e-49,3.3964971061236785e-52,6.582299906780031e-56,4.6434480832935e-46,3.522677291995547e-56,0.0,1.5881861930848904e-61,6.524241372585424e-65,6.277488669876402e-93,2.833352875592545e-64,4.8361981889954035e-64,9.273807237040803e-62,1.1675005813301624e-64,0.7670907820415769,0.0,8.8201200898621e-83,3.4382390240071157e-88,7.758124220694774e-97,4.332899975536619e-75
0.02357947434292866,0.785982478097622,300.0,1.1719703494396547,2.5165317927377848e-27,2.43659960107631e-41,2.099666246898282e-34,0.2329092179584231,2.012909492831543e-34,0.0,1.3537999032243453e-25,0.0,0.0,0.0,0.0,1.909926218880238e-83,1.9982568148273072e-60,2.787630291308731e-56,1.0807112183270355e-45,1.9100642471626206e-55,0.0,6.781936460681986e-66,4.7880292490206146e-96,0.0,2.692874403494806e-66,5.0094121549012675e-111,2.261958854773634e-67,3.869705455493506e-103,1.4606685155279235e-68,1.975735022937917e-75,1.3829134063564487e-66,1.1176327660353733e-100,6.152416338834609e-71,1.3382686034688698e-73,9.42385316741111e-57,1.3570648734995466e-65,3.4025497688862693e-49,2.0263622413302005e-56,8.631723926478304e-50,2.0960155264937193e-52,4.0014190968545916e-56,3.0157832020852473e-46,2.1745845677309333e-56,0.0,9.559532101686835e-62,3.9241518096558624e-65,3.4526086967262153e-93,1.707852543955848e-64,2.915102263054538e-64,5.589948014445426e-62,7.040005155268896e-65,0.7670907820415769,0.0,5.4846570511434025e-83,2.025763958793426e-88,4.2599512326025565e-97,2.5797306418998817e-75
0.023617021276595745,0.7872340425531915,300.0,1.1719703494396547,1.5969813334917762e-27,4.3086955129112634e-42,9.620337757575483e-35,0.2329092179584231,9.150500446229861e-35,0.0,5.158935091875877e-26,0.0,0.0,1.8976144023537543e-94,0.0,7.60584428312825e-84,7.880374785667026e-61,1.097688551869229e-56,4.115663448439057e-46,6.524415397216126e-56,0.0,2.3091291896983668e-66,9.80437999610306e-97,0.0,9.103296809979561e-67,9.904008918715726e-112,7.90290649374258e-68,7.413756248421408e-104,5.028764810452707e-69,7.789021062510455e-76,5.424618384474872e-67,2.213962181206359e-101,1.978201947445218e-71,4.302968805715451e-74,4.0283844330955725e-57,3.126090525780029e-66,1.5788756729089572e-49,7.926930801847054e-57,1.52640135340771e-50,7.955339468637607e-53,1.4205382869291537e-56,1.3881183208769938e-46,8.264918434663194e-57,0.0,3.237202272524762e-62,1.3240622467263022e-65,6.277287235760304e-94,5.823522123191511e-65,9.940063371136729e-65,1.90608879185005e-62,2.4050044972361684e-65,0.7670907820415769,0.0,2.1491940124247047e-83,6.132888935797364e-89,7.617782445103387e-98,8.265613082631451e-76
0.02365456821026283,0.788485607008761,300.0,1.1719703494396547,1.2317821136115785e-27,3.9183024866905523e-44,6.193490917249992e-35,0.2329092179584231,5.86012037069684e-35,0.0,2.884995914011752e-26,0.0,0.0,2.0134257598489215e-94,9.544651474581524e-79,4.412002562607661e-84,4.538374986977735e-61,6.313774958206494e-57,2.3002856235828788e-46,3.279242491889753e-56,0.0,1.1565520244552875e-66,1.4454365205273615e-97,0.0,4.5238814181977735e-67,1.1499931228958586e-112,4.067961351127679e-68,6.458403666841936e-105,2.5488968960073464e-69,4.484559013020301e-76,3.110159279803163e-67,2.6098668981535056e-102,9.275702426027844e-72,2.017643257305838e-74,2.4708690495518681e-57,7.660893327366636e-67,1.0249839766412792e-49,4.534367205556699e-57,1.3915094814943704e-52,4.433037446020284e-53,7.431945391122983e-57,8.96161333279971e-47,4.6111811971911355e-57,5.26743383762864e-89,1.611788035131932e-62,6.566224679974213e-66,2.3114298244199402e-95,2.921445420679638e-65,4.986561739393695e-65,9.562141695510158e-63,1.2089296142696677e-65,0.7670907820415769,0.0,1.2311570354477758e-83,2.6583264602282303e-89,1.5515408170343694e-99,3.8590707478587025e-76
0.023692115143929913,0.7897371714643304,300.0,1.1719703494396547,1.0161697360999345e-27,2.9867301373797286e-44,4.91174128023232e-35,0.2329092179584231,4.6443378334399223e-35,0.0,2.2584713546009515e-26,0.0,0.0,1.5347512227609542e-94,6.88731034014316e-79,3.457729019033277e-84,3.560236943631069e-61,4.9525249719501903e-57,1.8006729649104665e-46,2.5519730925066117e-56,0.0,8.999099671104562e-67,1.1053577007448092e-97,0.0,3.518792076640993e-67,8.787336157444611e-113,3.169357914757885e-68,4.931864090930417e-105,1.984376462775971e-69,3.517965868219624e-76,2.4390487745775748e-67,1.9943389353320813e-102,7.198100563523923e-72,1.5657249877784921e-74,1.9489918717719992e-57,5.876352710413344e-67,8.137319755333459e-50,3.555298470501245e-57,1.0606889335249796e-52,3.4695089813807305e-53,5.79503649324748e-57,7.106652058637577e-47,3.609225389686692e-57,4.017845634762621e-89,1.2537954653593825e-62,5.106913611957107e-66,1.76191477205016e-95,2.2733330425413847e-65,3.880310578608063e-65,7.440814235224264e-63,9.408188293369172e-66,0.7670907820415769,0.0,9.654413767186324e-84,2.057624286272639e-89,1.183150166825546e-99,2.994235826214689e-76
0.023729662077596997,0.7909887359198999,300.0,1.1719703494396547,8.005573585882904e-28,2.0551577880689054e-44,3.629991643214647e-35,0.2329092179584231,3.4285552961830046e-35,0.0,1.6319467951901512e-26,0.0,0.0,1.0560766856729869e-94,4.229969205704795e-79,2.5034554754588933e-84,2.5820989002844033e-61,3.591274985693888e-57,1.3010603062380548e-46,1.8247036931234698e-56,0.0,6.432679097656249e-67,7.65278880962257e-98,0.0,2.5137027350842123e-67,6.074741085930638e-113,2.2707544783880904e-68,3.405324515018898e-105,1.4198560295445958e-69,2.5513727234189472e-76,1.767938269351987e-67,1.3788109725106571e-102,5.120498701020002e-72,1.1138067182511463e-74,1.4271146939921305e-57,4.0918120934600525e-67,6.024799744254127e-50,2.576229735445792e-57,7.2986838555558845e-53,2.5059805167411767e-53,4.158127595371977e-57,5.251690784475446e-47,2.607269582182249e-57,2.7682574318966027e-89,8.958028955868327e-63,3.647602543940001e-66,1.2123997196803798e-95,1.6252206644031314e-65,2.7740594178224315e-65,5.319486774938369e-63,6.727080444041666e-66,0.7670907820415769,0.0,6.99725717989489e-84,1.4569221123170472e-89,8.147595166167229e-100,2.1294009045706758e-76
0.02376720901126408,0.7922403003754694,300.0,1.1719703494396547,5.849449810766464e-28,1.1235854387580821e-44,2.3482420061969747e-35,0.2329092179584231,2.212772758926087e-35,0.0,1.0054222357793505e-26,0.0,0.0,5.774021485850193e-95,1.5726280712664302e-79,1.54918193188451e-84,1.6039608569377374e-61,2.2300249994375854e-57,8.014476475656432e-47,1.0974342937403284e-56,0.0,3.8662585242079374e-67,4.252000611797049e-98,0.0,1.5086133935274315e-67,3.3621460144166644e-113,1.3721510420182961e-68,1.8787849391073785e-105,8.553355963132203e-70,1.5847795786182703e-76,1.0968277641263986e-67,7.632830096892329e-103,3.0428968385160814e-72,6.618884487238004e-75,9.052375162122619e-58,2.3072714765067604e-67,3.912279733174796e-50,1.5971610003903382e-57,3.990478375861975e-53,1.5424520521016229e-53,2.5212186974964738e-57,3.3967295103133153e-47,1.6053137746778053e-57,1.5186692290305841e-89,5.378103258142832e-63,2.1882914759228954e-66,6.628846673105995e-96,9.77108286264878e-66,1.6678082570367996e-65,3.198159314652475e-63,4.0459725947141614e-66,0.7670907820415769,0.0,4.340100592603456e-84,8.562199383614558e-90,4.463688664078996e-100,1.2645659829266629e-76
0.023804755944931165,0.7934918648310388,300.0,1.1719703494396547,3.6933260356500234e-28,1.920130894472589e-45,1.0664923691793023e-35,0.2329092179584231,9.969902216691692e-36,0.0,3.788976763685502e-27,0.0,4.478261226802485e-68,9.872761149705201e-96,0.0,5.949083883101257e-85,6.258228135910711e-62,8.687750131812819e-58,3.018349888932313e-47,3.701648943571867e-57,0.0,1.2998379507596259e-67,8.51212413971527e-99,0.0,5.035240519706511e-68,6.495509429026899e-114,4.735476056485019e-69,3.5224536319585987e-106,2.908151630818452e-70,6.181864338175931e-77,4.257172589008107e-68,1.4775504686780865e-103,9.652949760121605e-73,2.0997017919645455e-75,3.833603384323932e-58,5.22730859553469e-68,1.7997597220954647e-50,6.180922653348851e-58,6.822728961680673e-54,5.78923587462069e-54,8.843097996209711e-58,1.5417682361511833e-47,6.033579671733618e-58,2.690810261645662e-90,1.7981775604173342e-63,7.289804079057892e-67,1.133696149408193e-96,3.289959081266247e-66,5.615570962511678e-66,1.0768318543665804e-63,1.3648647453866555e-66,0.7670907820415769,0.0,1.6829440053120215e-84,2.5551776440586407e-90,7.797821619907648e-101,3.9973106128264964e-77
0.02384230287859825,0.7947434292866083,300.0,1.1719703494396547,2.8509301667791357e-28,0.0,6.886918430432647e-36,0.2329092179584231,6.404764488945667e-36,0.0,2.1289382292168384e-27,0.0,4.7630209404580484e-68,8.31140425581988e-101,0.0,3.399638934016018e-85,3.620041854341245e-62,5.019174793129826e-58,1.6950020650053382e-47,1.8714970562268722e-57,3.46948012470031e-96,6.549140406325079e-68,1.2619337514436205e-99,0.0,2.5173624666271286e-68,7.585305868657643e-115,2.451356581252246e-69,3.1481611187623607e-107,1.4826263361025482e-70,3.5751627032894946e-77,2.4520500994865557e-68,1.751766653034915e-104,4.556203242257443e-73,9.910616292516603e-76,2.36050875239513e-58,1.3050367366190226e-68,1.171818085952538e-50,3.5514676416771446e-58,0.0,3.241438903815063e-54,4.651908885381686e-58,9.951120812945786e-48,3.3823317459418426e-58,1.0532332347419383e-91,9.006896221180794e-64,3.637018834500807e-67,2.702723725637691e-100,1.6602484177733778e-66,2.8338476474846785e-66,5.4341356163549e-64,6.901383727411964e-67,0.7670907820415769,0.0,9.685901658626516e-85,1.1157163625870474e-90,1.6805241759626794e-102,1.878714104897854e-77
0.023879849812265333,0.7959949937421777,300.0,1.1719703494396547,2.349896667247605e-28,0.0,5.4577573154573665e-36,0.2329092179584231,5.072372369696751e-36,0.0,1.665528300796068e-27,0.0,3.3687123406358426e-68,6.332415386015635e-101,0.0,2.667348205873362e-85,2.8379611397999803e-62,3.9344538582893954e-58,1.325998329049175e-47,1.455549023323076e-57,2.7483677815444783e-96,5.092766650691132e-68,9.645293668677418e-100,0.0,1.9568821061626403e-68,5.79316089651232e-115,1.9086795573527532e-69,2.4029687437685947e-107,1.1535530747780924e-70,2.802749130079794e-77,1.9217104805966165e-68,1.3379413924929314e-104,3.5335982955485575e-73,7.686254316922133e-76,1.860700307975716e-58,1.000587178886961e-68,9.296330354229667e-51,2.782805284990543e-58,0.0,2.535272588871182e-54,3.625055960707566e-58,7.884092251551212e-48,2.6456840951525225e-58,9.497841668928352e-92,7.002130701263557e-64,2.826995317307669e-67,2.0591769784931247e-100,1.2911411628658763e-66,2.2038252274445783e-66,4.2260158803276675e-64,5.367552184461336e-67,0.7670907820415769,0.0,7.590590876635274e-85,8.631014993577052e-91,1.2810023900722462e-102,1.4568249936688621e-77
0.023917396745932417,0.7972465581977473,300.0,1.1719703494396547,1.8488631677160742e-28,0.0,4.028596200482085e-36,0.2329092179584231,3.7399802504478355e-36,0.0,1.2021183723752984e-27,0.0,1.9744037408136367e-68,4.3534265162113895e-101,0.0,1.9350574777307052e-85,2.055880425258715e-62,2.849732923448965e-58,9.569945930930119e-48,1.0396009904192802e-57,2.0272554383886465e-96,3.6363928950571855e-68,6.671249822918631e-100,0.0,1.3964017456981522e-68,4.0010159243669967e-115,1.3660025334532608e-69,1.6577763687748287e-107,8.244798134536367e-71,2.0303355568700937e-77,1.3913708617066773e-68,9.241161319509479e-105,2.5109933488396726e-73,5.461892341327664e-76,1.3608918635563017e-58,6.961376211548992e-69,6.874479848933954e-51,2.0141429283039418e-58,0.0,1.8291062739273013e-54,2.598203036033445e-58,5.817063690156639e-48,1.909036444363202e-58,8.46335099043732e-92,4.9973651813463214e-64,2.0169718001145306e-67,1.4156302313485582e-100,9.220339079583748e-67,1.573802807404478e-66,3.017896144300435e-64,3.833720641510709e-67,0.7670907820415769,0.0,5.495280094644032e-85,6.10486636128363e-91,8.814806041818128e-103,1.0349358824398705e-77
0.0239549436795995,0.7984981226533168,300.0,1.1719703494396547,1.3478296681845437e-28,0.0,2.599435085506804e-36,0.2329092179584231,2.4075881311989197e-36,0.0,7.387084439545287e-28,0.0,5.800951409914313e-69,2.3744376464071437e-101,0.0,1.2027667495880484e-85,1.2737997107174502e-62,1.7650119886085348e-58,5.879908571368485e-48,6.236529575154844e-58,1.3061430952328146e-96,2.180019139423238e-68,3.697205977159844e-100,0.0,8.359213852336641e-69,2.2088709522216733e-115,8.23325509553768e-70,9.125839937810624e-108,4.9540655212918106e-71,1.2579219836603932e-77,8.61031242816738e-69,5.1029087140896445e-105,1.4883884021307872e-73,3.237530365733195e-76,8.610834191368875e-59,3.916880634228375e-69,4.4526293436382407e-51,1.2454805716173402e-58,0.0,1.1229399589834205e-54,1.5713501113593246e-58,3.750035128762065e-48,1.1723887935738819e-58,7.428860311946289e-92,2.9925996614290855e-64,1.206948282921392e-67,7.720834842039917e-101,5.529266530508733e-67,9.437803873643773e-67,1.809776408273203e-64,2.299889098560081e-67,0.7670907820415769,0.0,3.3999693126527894e-85,3.5787177289902085e-91,4.819588182913794e-103,6.130467712108787e-78
0.023992490613266585,0.7997496871088862,300.0,1.1719703494396547,8.467961686530131e-29,0.0,1.1702739705315236e-36,0.2329092179584231,1.075196011950004e-36,0.0,2.752985155337588e-28,0.0,0.0,3.954487766028992e-102,0.0,4.704760214453919e-86,4.917189961761854e-63,6.802910537681041e-59,2.189871211806855e-48,2.0770492461168826e-58,5.850307520769827e-97,7.236453837892912e-69,7.231621314010579e-101,0.0,2.754410247691758e-69,4.1672598007634995e-116,2.806484856542756e-70,1.673916187872967e-108,1.6633329080472524e-71,4.855084104506927e-78,3.306916239267984e-69,9.646561086698098e-106,4.657834554219017e-74,1.0131683901387252e-76,3.612749747174732e-59,8.72385056907757e-70,2.0307788383425275e-51,4.76818214930739e-59,0.0,4.167736440395397e-55,5.444971866852036e-59,1.683006567367491e-48,4.3574114278456144e-59,6.394369633455258e-92,9.87834141511849e-65,3.9692476572825405e-68,1.2853673705942572e-101,1.8381939814337183e-67,3.1375796732427685e-67,6.016566722459704e-65,7.660575556094539e-68,0.7670907820415769,0.0,1.3046585306615467e-85,1.0525690966967867e-91,8.243703240094577e-104,1.9115765998188692e-78
0.02403003754693367,0.8010012515644557,300.0,1.1719703494396547,6.542484606036978e-29,0.0,7.582283318697032e-37,0.2329092179584231,6.9306768705388075e-37,0.0,1.554798716477806e-28,0.0,0.0,0.0,0.0,2.76209228154147e-86,2.857925051287374e-63,3.949100474635956e-59,1.2360936085739455e-48,1.05684675529148e-58,3.741138397422978e-97,3.6695233754183947e-69,1.0796391359543865e-101,0.0,1.3860542020548524e-69,4.901705820606982e-117,1.461705319365314e-70,1.5427535286652616e-109,8.533439276344441e-72,2.8214609783679556e-78,1.9142609656708312e-69,1.1519900023651404e-106,2.2142451449178303e-74,4.816408061737335e-77,2.2338236499852154e-59,2.219935178491928e-70,1.3264934052128769e-51,2.7530598110790086e-59,0.0,2.3456611911049857e-55,2.8813470035023824e-59,1.0882202119282355e-48,2.4553378675999757e-59,4.7195914947580763e-92,4.980162596089438e-65,1.9933059502328717e-68,0.0,9.3358611841885e-68,1.5935210631690977e-67,3.055707519505148e-65,3.89833062879485e-68,0.7670907820415769,0.0,7.546925990815853e-86,4.632642872005209e-92,2.1278038252638305e-105,9.049044726141332e-79
0.02406758448060075,0.8022528160200251,300.0,1.1719703494396547,5.388222004249297e-29,0.0,6.004615622862057e-37,0.2329092179584231,5.485053107459143e-37,0.0,1.215590488954835e-28,0.0,0.0,0.0,0.0,2.1644841857572914e-86,2.239045699547161e-63,3.0936402329302917e-59,9.663809444230859e-49,8.214637240190596e-59,2.9074578511287783e-97,2.8517946864095464e-69,8.247710277797667e-102,0.0,1.0768100461697274e-69,3.741714890447108e-117,1.1374234576420379e-70,1.1770524659255402e-109,6.635408554294437e-72,2.210466003718215e-78,1.499290920899052e-69,8.794076604966654e-107,1.716270750063161e-74,3.733218201160207e-77,1.759687139546691e-59,1.7012798835600727e-70,1.0515992401246681e-51,2.155812780009762e-59,0.0,1.8334829168514135e-55,2.2439482360002306e-59,8.61494407977746e-49,1.919365044265966e-59,2.8847414910095633e-92,3.869352872095452e-65,1.5484376094033184e-68,0.0,7.2559442691887746e-68,1.2385038506770134e-67,2.3749328558795678e-65,3.0301033270462125e-68,0.7670907820415769,0.0,5.910628801043719e-86,3.581704334034422e-92,1.6217145782512548e-105,7.012870916805241e-79
0.024105131414267834,0.8035043804755945,300.0,1.1719703494396547,4.233959402461508e-29,0.0,4.426947927026936e-37,0.2329092179584231,4.039429344379345e-37,0.0,8.763822614318329e-29,0.0,0.0,0.0,0.0,1.5668760899730577e-86,1.6201663478068912e-63,2.238179991224548e-59,6.966682802722015e-49,5.860806927466176e-59,2.073777304834502e-97,2.034065997400623e-69,5.6990291960512335e-102,0.0,7.675658902845738e-70,2.5817239602871257e-117,8.13141595918732e-71,8.113514031857847e-110,4.737377832244259e-72,1.5994710290684177e-78,1.0843208761272344e-69,6.068253186281653e-107,1.2182963552084459e-74,2.6500283405829788e-77,1.2855506291081228e-59,1.182624588628169e-70,7.767050750364341e-52,1.5585657489404594e-59,0.0,1.3213046425977942e-55,1.6065494684980197e-59,6.347686040272356e-49,1.3833922209319069e-59,1.0498914872608813e-92,2.758543148101363e-65,1.1035692685737237e-68,0.0,5.1760273541888575e-68,8.83486638184896e-68,1.6941581922539238e-65,2.161876025297494e-68,0.7670907820415769,0.0,4.274331611271434e-86,2.530765796063537e-92,1.1156253312386324e-105,4.976697107468962e-79
0.024142678347934918,0.804755944931164,300.0,1.1719703494396547,3.0796968006737196e-29,0.0,2.849280231191815e-37,0.2329092179584231,2.5938055812995474e-37,0.0,5.371740339088306e-29,0.0,0.0,0.0,0.0,9.692679941888239e-87,1.0012869960666214e-63,1.3827197495188044e-59,4.26955616121317e-49,3.506976614741756e-59,1.2400967585402255e-97,1.2163373083916996e-69,3.1503481143047996e-102,0.0,4.583217343994202e-70,1.4217330301271441e-117,4.888597341954258e-71,4.456503404460294e-110,2.83934711019408e-72,9.884760544186206e-79,6.693508313554169e-70,3.342429767596652e-107,7.203219603537307e-75,1.5668384800057506e-77,8.114141186695546e-60,6.639692936962658e-71,5.018109099482e-52,9.61318717871157e-60,0.0,8.091263683441749e-56,9.691507009958089e-60,4.0804280007672515e-49,8.474193975978479e-60,0.0,1.6477334241072744e-65,6.587009277441291e-69,0.0,3.0961104391889412e-68,5.284694256927786e-68,1.0133835286282802e-65,1.2936487235487758e-68,0.7670907820415769,0.0,2.638034421499149e-86,1.4798272580926527e-92,6.0953608422601e-106,2.940523298132683e-79
0.024180225281602002,0.8060075093867334,300.0,1.1719703494396547,1.9254341988859318e-29,0.0,1.271612535356694e-37,0.2329092179584231,1.1481818182197495e-37,0.0,1.9796580638582837e-29,0.0,0.0,0.0,0.0,3.716598984045901e-87,3.824076443263514e-64,5.272595078130605e-60,1.5724295197043253e-49,1.153146302017334e-59,4.064162122459488e-98,3.9860861938277614e-70,6.016670325583672e-103,0.0,1.4907757851426663e-70,2.617420999671618e-118,1.6457787247211965e-71,7.994927770627397e-111,9.413163881439015e-73,3.7748107976882314e-79,2.5438078658359907e-70,6.1660634891165115e-108,2.2234756549901514e-75,4.836486194285223e-78,3.372776082309864e-60,1.4531399876436247e-71,2.26916744859966e-52,3.6407168680185495e-60,0.0,2.9694809409055557e-56,3.317519334935979e-60,1.813169961262147e-49,3.114465742637885e-60,0.0,5.369237001131852e-66,2.1383258691453457e-69,0.0,1.0161935241890225e-68,1.7345221320066135e-68,3.326088650026367e-66,4.2542142180005774e-69,0.7670907820415769,0.0,1.0017372317268646e-86,4.28888720121768e-93,1.0344683721338744e-106,9.04349488796404e-80
0.024217772215269086,0.8072590738423029,300.0,1.1719703494396547,1.4891762329942916e-29,9.438608078358947e-53,8.268639084621061e-38,0.2329092179584231,7.428443101358177e-38,0.0,1.1242461677783254e-29,0.0,2.668688307377029e-70,0.0,3.2872396600870715e-82,2.1777072787561264e-87,2.2340528554709353e-64,3.0765791558042693e-60,8.924996413103936e-50,5.907848361789846e-60,2.075450674588306e-98,2.0353032214877256e-70,9.058950296426234e-104,0.0,7.554438023091328e-71,3.1058325099608475e-119,8.62825955810214e-72,7.633709755830385e-112,4.86201591646102e-73,2.205124393247734e-79,1.480471580252154e-70,7.428364883371965e-109,1.0651331682183237e-75,2.3168690214498884e-78,2.094799947665044e-60,3.771050592181654e-72,1.4873880964095106e-52,2.1131082638528197e-60,0.0,1.680610696967567e-56,1.7667754958325487e-60,1.1758323228183703e-49,1.7647384728906247e-60,0.0,2.72584102285112e-66,1.0814055934852177e-69,0.0,5.196715814814823e-69,8.87017913202673e-69,1.700929702275632e-66,2.1797952039401372e-69,0.7670907820415769,0.0,5.8262974693166065e-87,1.9038139418164203e-93,4.525098425811615e-108,4.3141797403126756e-80
0.02425531914893617,0.8085106382978724,300.0,1.1719703494396547,1.2254620168141692e-29,1.0055733772837842e-50,6.543671508478651e-38,0.2329092179584231,5.874980726323462e-38,0.0,8.78421727153173e-30,0.0,2.050113867904316e-70,0.0,2.5605035040245608e-82,1.705116866715667e-87,1.7491600259570165e-64,2.4085956469407953e-60,6.973224734325615e-50,4.5893138780948136e-60,1.6122501915796418e-98,1.5808118882970774e-70,6.916864094176105e-104,0.0,5.865490044102899e-71,2.3696424759745147e-119,6.710037395969193e-72,5.8216328012846485e-112,3.778340330718242e-73,1.7265090244957213e-79,1.1588197057240265e-70,5.667817570799635e-109,8.251119629586071e-76,1.7947768441270035e-78,1.6491110848186064e-60,2.888690350386806e-72,1.1783376687113932e-52,1.653644720945839e-60,0.0,1.3128279526929297e-56,1.3751057568338735e-60,9.301809823041517e-50,1.3786548455574873e-60,0.0,2.1165980609388137e-66,8.39560179156369e-70,0.0,4.036554073094066e-69,6.889920284270592e-69,1.3211988037009757e-66,1.6933100976802972e-69,0.7670907820415769,0.0,4.560252144953602e-87,1.47109475783837e-93,3.4498151031921906e-108,3.341493362561818e-80
0.024292866082603254,0.8097622027534418,300.0,1.1719703494396547,9.617478006340467e-30,2.0017081464892093e-50,4.818703932336242e-38,0.2329092179584231,4.321518351288748e-38,0.0,6.325972865280206e-30,0.0,1.4315394284316037e-70,0.0,1.83376734796205e-82,1.2325264546752076e-87,1.2642671964430974e-64,1.7406121380773213e-60,5.021453055547293e-50,3.27077939439978e-60,1.1490497085709776e-98,1.1263205551064292e-70,4.7747778919259756e-104,0.0,4.176542065114472e-71,1.6334524419881817e-119,4.791815233836246e-72,4.0095558467389113e-112,2.694664744975463e-73,1.2478936557437084e-79,8.371678311958991e-71,3.9072702582273046e-109,5.850907576988903e-76,1.2726846668041186e-78,1.2034222219721689e-60,2.0063301085919585e-72,8.692872410132758e-53,1.1941811780388582e-60,0.0,9.450452084182924e-57,9.834360178351981e-61,6.845296417899332e-50,9.9257121822435e-61,0.0,1.5073550990265076e-66,5.977147648275203e-70,0.0,2.8763923313733093e-69,4.909661436514456e-69,9.414679051263194e-67,1.2068249914204572e-69,0.7670907820415769,0.0,3.294206820590596e-87,1.0383755738603193e-93,2.374531780572765e-108,2.3688069848109606e-80
0.024330413016270338,0.8110137672090113,300.0,1.1719703494396547,6.980335844539243e-30,2.997842915694634e-50,3.0937363561938323e-38,0.2329092179584231,2.768055976254034e-38,0.0,3.8677284590286806e-30,0.0,8.129649889588909e-71,0.0,1.1070311918995397e-82,7.599360426347485e-88,7.793743669291787e-65,1.0726286292138473e-60,3.0696813767689704e-50,1.9522449107047478e-60,6.8584922556231315e-99,6.71829221915781e-71,2.6326916896758465e-104,9.414764557787612e-84,2.4875940861260445e-71,8.972624080018486e-120,2.8735930717032985e-72,2.197478892193175e-112,1.610989159232685e-73,7.692782869916955e-80,5.155159566677716e-71,2.146722945654975e-109,3.4506955243917353e-76,7.505924894812337e-79,7.577333591257314e-61,1.1239698667971104e-72,5.602368133151584e-53,7.347176351318776e-61,0.0,5.772624641436551e-57,5.917662788365228e-61,4.388783012757147e-50,6.0648759089121275e-61,0.0,8.981121371142019e-67,3.558693504986717e-70,0.0,1.7162305896525525e-69,2.9294025887583187e-69,5.6173700655166314e-67,7.203398851606171e-70,0.7670907820415769,0.0,2.0281614962275904e-87,6.056563898822689e-94,1.2992484579533396e-108,1.396120607060103e-80
0.024367959949937422,0.8122653316645808,300.0,1.1719703494396547,4.3431936827380174e-30,3.993977684900059e-50,1.3687687800514238e-38,0.2329092179584231,1.214593601219319e-38,0.0,1.4094840527771565e-30,0.0,1.9439054948617842e-71,0.0,3.802950358370287e-83,2.873456305942893e-88,2.944815374152599e-65,4.046451203503733e-61,1.117909697990648e-50,6.337104270097143e-61,2.2264874255364916e-99,2.173378887251331e-71,4.906054874257162e-105,3.923742253024115e-83,7.986461071376168e-72,1.6107237401551585e-120,9.553709095703519e-73,3.8540193764743786e-113,5.2731357348990615e-74,2.9066291823968274e-80,1.9386408213964402e-71,3.861756330826443e-110,1.0504834717945688e-76,2.2850031215834875e-79,3.1204449627929386e-61,2.4160962500226282e-73,2.51186385617041e-53,2.7525409222489666e-61,6.291914241665994e-59,2.0947971986901809e-57,2.0009653983784756e-61,1.9322696076149617e-50,2.2040396355807535e-61,0.0,2.8886917520189556e-67,1.1402393616982285e-70,0.0,5.560688479317952e-70,9.491437410021814e-70,1.8200610797700698e-67,2.3385477890077738e-70,0.7670907820415769,0.0,7.62116171864585e-88,1.729372059042187e-94,2.2396513533391528e-109,4.234342293092456e-81
0.024405506883604506,0.8135168961201502,300.0,1.1719703494396547,3.363083542722836e-30,3.49526120201358e-50,8.935027082700508e-39,0.2329092179584231,7.889308237019468e-39,0.0,8.051980829896476e-31,0.0,5.720481185566982e-72,0.0,2.0477452655417703e-83,1.688736095796389e-88,1.729887649116592e-65,2.3742070838416874e-61,6.382903252611423e-51,3.270567872479627e-61,1.1490265657145378e-99,1.1179583891478744e-71,7.46068032287992e-106,3.8309707193251315e-83,4.077500329609975e-72,1.9311509101163278e-121,5.044032528929949e-73,3.824990008352786e-114,2.7434076277214114e-74,1.7074426048593613e-80,1.1347848294017856e-71,4.70065279000687e-111,5.073664330838591e-77,1.1036193475562867e-79,1.9473573571665187e-61,6.3984765695772255e-74,1.6526691098477788e-53,1.6065823828264663e-61,7.531588609789422e-59,1.1926744845272872e-57,1.0729248464175424e-61,1.257644519521648e-50,1.2563236269187547e-61,6.019154339202764e-94,1.4775034705548381e-67,5.809944242086499e-71,0.0,2.8646985993389316e-70,4.889701616851229e-70,9.37640445844978e-68,1.2070612094608514e-70,0.7670907820415769,0.0,4.4584478959176424e-88,7.746876576418597e-95,1.8733259148377838e-110,2.0367199816775246e-81
0.02444305381727159,0.8147684605757197,300.0,1.1719703494396547,2.7653654077352468e-30,2.6515790455673904e-50,7.066292913412592e-39,0.2329092179584231,6.23529491765528e-39,0.0,6.287486754631131e-31,0.0,3.110877465029784e-72,0.0,1.5645762806664592e-83,1.3212121726326154e-88,1.3535754402583433e-65,1.8575608800965423e-61,4.983984077737086e-51,2.5391411147084023e-61,8.91845083646068e-100,8.678054680759832e-72,5.693600781343728e-106,3.028575186177375e-83,3.1640439835636773e-72,1.472660628036008e-121,3.920327897823507e-73,2.9157458746230598e-114,2.1306859244478518e-74,1.3360176680872179e-80,8.876971650887199e-72,3.58477782690127e-111,3.928097821931527e-77,8.544366502680322e-80,1.532069987579714e-61,4.899114850199802e-74,1.3083919475233338e-53,1.2564723563995888e-61,5.810799143282167e-59,9.310990154221944e-58,8.345743340011107e-62,9.942244276704305e-51,9.808661408728403e-62,4.521824049222976e-94,1.1466016516275208e-67,4.50797764980404e-71,0.0,2.2238535356436543e-70,3.795854904694288e-70,7.278863546479936e-68,9.371202798489835e-71,0.7670907820415769,0.0,3.487520093397789e-88,5.982742035601259e-95,1.428248598606866e-110,1.5766149316690143e-81
0.024480600750938674,0.8160200250312891,300.0,1.1719703494396547,2.167647272747657e-30,1.8078968891212004e-50,5.197558744124675e-39,0.2329092179584231,4.581281598291093e-39,0.0,4.522992679365785e-31,0.0,5.0127374449258533e-73,0.0,1.0814072957911483e-83,9.536882494688421e-89,9.772632314000945e-66,1.3409146763513973e-61,3.585064902862749e-51,1.807714356937178e-61,6.346636015775982e-100,6.176525470040919e-72,3.926521239807538e-106,2.2261796530296182e-83,2.2505876375173796e-72,1.0141703459556884e-121,2.7966232667170648e-73,2.006501740893334e-114,1.5179642211742924e-74,9.645927313150743e-81,6.406095007756544e-72,2.468902863795669e-111,2.782531313024462e-77,6.052539529797779e-80,1.1167826179929095e-61,3.399753130822378e-74,9.641147851988893e-54,9.063623299727113e-62,4.090009676774912e-59,6.695235463171015e-58,5.962238215846791e-62,7.308043358192131e-51,7.05408654826926e-62,3.024493759243189e-94,8.156998327002037e-68,3.206011057521579e-71,0.0,1.5830084719483772e-70,2.7020081925373458e-70,5.181322634510092e-68,6.671793502371156e-71,0.7670907820415769,0.0,2.516592290877935e-88,4.2186074947839195e-95,9.831712823759482e-111,1.116509881660504e-81
0.024518147684605758,0.8172715894868586,300.0,1.1719703494396547,1.5699291377600676e-30,9.64214732675011e-51,3.328824574836758e-39,0.2329092179584231,2.9272682789269044e-39,0.0,2.758498604100439e-31,0.0,0.0,0.0,5.982383109158371e-84,5.8616432630506875e-89,6.009510225418458e-66,8.242684726062522e-62,2.186145727988412e-51,1.0762875991659534e-61,3.7748211950912844e-100,3.674996259322007e-72,2.159441698271347e-106,1.4237841198818614e-83,1.337131291471082e-72,5.556800638753688e-122,1.6729186356106226e-73,1.0972576071636086e-114,9.05242517900733e-75,5.931677945429307e-81,3.935218364625887e-72,1.353027900690068e-111,1.6369648041173974e-77,3.5607125569152335e-80,7.01495248406105e-62,1.9003914114449544e-74,6.198376228744445e-54,5.562523035458338e-62,2.369220210267657e-59,4.079480772120087e-58,3.5787330916824748e-62,4.673842439679958e-51,4.299511687810117e-62,1.527163469263401e-94,4.847980137728866e-68,1.9040444652391187e-71,0.0,9.421634082530999e-71,1.6081614803804044e-70,3.0837817225402473e-68,3.972384206252477e-71,0.7670907820415769,0.0,1.5456644883580814e-88,2.454472953966581e-95,5.380939661450303e-111,6.564048316519935e-82
0.024555694618272842,0.8185231539424281,300.0,1.1719703494396547,9.722110027724781e-31,1.2053257622882148e-51,1.460090405548841e-39,0.2329092179584231,1.2732549595627174e-39,0.0,9.940045288350939e-32,0.0,0.0,0.0,1.1506932604052618e-84,2.186404031412954e-89,2.2463881368359707e-66,3.076222688611072e-62,7.87226553114076e-52,3.4486084139472894e-62,1.203006374406585e-100,1.1734670486030938e-72,3.9236215673515674e-107,6.213885867341049e-84,4.236749454247844e-73,9.718978179504908e-123,5.492140045041804e-74,1.8801347343388288e-115,2.925208146271733e-75,2.2174285777078734e-81,1.4643417214952316e-72,2.371529375844675e-112,4.913982952103331e-78,1.0688855840326898e-80,2.862078788193003e-62,4.0102969206753074e-75,2.755604605499998e-54,2.0614227711895637e-62,6.484307437604022e-60,1.463726081069157e-58,1.1952279675181579e-62,2.0396415211677833e-51,1.5449368273509727e-62,2.9833179283613515e-96,1.538961948455695e-68,6.020778729566582e-72,0.0,3.0131834455782285e-71,5.14314768223463e-71,9.86240810570402e-69,1.2729749101337977e-71,0.7670907820415769,0.0,5.7473668583822794e-89,6.903384131492416e-96,9.301664991411256e-112,1.962997816434834e-82
0.024593241551939926,0.8197747183979975,300.0,1.1719703494396547,7.538006888132105e-31,0.0,9.570842748199808e-40,0.2329092179584231,8.305468162696992e-40,0.0,5.714410600420133e-32,0.0,0.0,3.7461502491670347e-106,2.479383982587655e-85,1.2900154505707563e-89,1.327382608557459e-66,1.8156063008343747e-62,4.523299318546381e-52,1.7937864207643178e-62,6.225549797300156e-101,6.083838227030156e-73,6.0355405257832595e-108,4.0439167525942247e-84,2.1803856200825535e-73,1.1792436246586207e-123,2.921462693833652e-74,1.9426694569212392e-116,1.5336385317713106e-75,1.310331184500356e-81,8.624174374249328e-73,2.9213479431552023e-113,2.3941881277885708e-78,5.207818588219068e-81,1.795202611345458e-62,1.0843584836135153e-75,1.8203456529978792e-54,1.2104076613990033e-62,2.9996155378177e-60,8.386944538688444e-59,6.455580604344247e-63,1.3330265043091004e-51,8.862335822395946e-63,0.0,7.934233819738393e-69,3.0924426243847785e-72,3.709572445292068e-106,1.56452165816341e-71,2.67045338714496e-71,5.12081370386732e-69,6.622114758729918e-72,0.7670907820415769,0.0,3.3830628096691996e-89,3.122597550862339e-96,1.0333920008937832e-112,9.525355857706257e-83
0.02463078848560701,0.821026282853567,300.0,1.1719703494396547,6.193592817991428e-31,0.0,7.564148854515184e-40,0.2329092179584231,6.559902005038843e-40,0.0,4.4594619878859134e-32,0.0,0.0,2.847927036171167e-106,2.1494776978853138e-85,1.008792280973367e-89,1.0379906699645527e-66,1.4196427668024605e-62,3.5298028811299974e-52,1.3918187936221663e-62,4.829397633300489e-101,4.719794789383995e-73,4.6036523335519825e-108,3.1698682507114486e-84,1.6909514741816217e-73,8.988183518151574e-124,2.2692945016776386e-74,1.4802230903675084e-116,1.190418345735151e-75,1.0246643810707216e-81,6.742306984901291e-73,2.226737733686281e-113,1.852563056740355e-78,4.0296801286670155e-81,1.4114861906169485e-62,8.298909163582637e-76,1.4401849253165732e-54,9.460526239738463e-63,2.552884555537453e-60,6.5435724538354845e-59,5.018516746891376e-63,1.0531289771294278e-51,6.915019160983267e-63,0.0,6.153726709190612e-69,2.398065028452119e-72,2.8306492359664407e-106,1.2138283946920999e-71,2.071861473489726e-71,3.972964544915995e-69,5.138200262982741e-72,0.7670907820415769,0.0,2.6447453664376134e-89,2.410178954955544e-96,7.875945855262429e-113,7.369364071156142e-83
0.024668335419274094,0.8222778473091366,300.0,1.1719703494396547,4.849178747850752e-31,4.825097502337264e-53,5.5574549608305576e-40,0.2329092179584231,4.814335847380693e-40,0.0,3.204513375351694e-32,0.0,0.0,1.9497038231752998e-106,1.8195714131829724e-85,7.275691113759776e-90,7.485987313716465e-67,1.0236792327705463e-62,2.5363064437136136e-52,9.898511664800146e-63,3.433245469300821e-101,3.355751351737833e-73,3.1717641413207056e-108,2.295819748828672e-84,1.20151732828069e-73,6.18393078971694e-124,1.6171263095216255e-74,1.0177767238137777e-116,8.471981596989916e-76,7.389975776410873e-82,4.8604395955532535e-73,1.5321275242173597e-113,1.3109379856921398e-78,2.8515416691149624e-81,1.0277697698884393e-62,5.754233491030119e-76,1.0600241976352673e-54,6.816975865486892e-63,2.1061535732572056e-60,4.700200368982526e-59,3.5814528894385067e-63,7.73231449949755e-52,4.967702499570589e-63,0.0,4.373219598642833e-69,1.7036874325194603e-72,1.9517260266408146e-106,8.631351312207897e-72,1.4732695598344919e-71,2.8251153859646703e-69,3.6542857672355646e-72,0.7670907820415769,0.0,1.906427923206027e-89,1.6977603590487492e-96,5.417971701587028e-113,5.213372284606028e-83
0.024705882352941178,0.823529411764706,300.0,1.1719703494396547,3.5047646777100756e-31,1.8025953246687184e-52,3.550761067145933e-40,0.2329092179584231,3.0687696897225433e-40,0.0,1.9495647628174748e-32,0.0,0.0,1.0514806101794329e-106,1.489665128480631e-85,4.4634594177858825e-90,4.5920679277874025e-67,6.277156987386321e-63,1.5428100062972299e-52,5.878835393378631e-63,2.037093305301154e-101,1.9917079140916714e-73,1.7398759490894286e-108,1.4217712469458957e-84,7.120831823797582e-74,3.3796780612823064e-124,9.64958117365612e-75,5.5533035726004666e-117,5.0397797366283205e-76,4.533307742114531e-82,2.978572206205216e-73,8.375173147484382e-114,7.693129146439243e-79,1.6734032095629102e-81,6.4405334915993e-63,3.209557818477603e-76,6.798634699539615e-55,4.1734254912353213e-63,1.6594225909769582e-60,2.856828284129567e-59,2.1443890319856362e-63,4.933339227700825e-52,3.020385838157911e-63,0.0,2.592712488095054e-69,1.0093098365868015e-72,1.0728028173151875e-106,5.124418677494795e-72,8.746776461792575e-72,1.677266227013345e-69,2.1703712714883884e-72,0.7670907820415769,0.0,1.168110479974441e-89,9.853417631419544e-97,2.959997547911626e-113,3.0573804980559137e-83
0.024743429286608262,0.8247809762202755,300.0,1.1719703494396547,2.1603506075693993e-31,3.1226808991037104e-52,1.544067173461307e-40,0.2329092179584231,1.3232035320643937e-40,0.0,6.94616150283256e-33,0.0,0.0,1.5325739718356543e-107,1.1597588437782896e-85,1.6512277218119892e-90,1.698148541858339e-67,2.3175216470671807e-63,5.493135688808465e-53,1.8591591219571156e-63,6.4094114130148725e-102,6.276644764455093e-74,3.079877568581517e-109,5.47722745063119e-85,2.2264903647882647e-74,5.754253328476728e-125,3.12789925209599e-75,9.288399070631592e-118,1.607577876266726e-76,1.6766397078181893e-82,1.0967048168571773e-73,1.4290710527951704e-114,2.2768784359570884e-79,4.9526475001085655e-82,2.6033692843142057e-63,6.648821459250856e-77,2.997027422726555e-55,1.5298751169837484e-63,1.2126916086967112e-60,1.0134561992766075e-59,7.073251745327667e-64,2.134363955904097e-52,1.0730691767452324e-63,5.863700033722315e-97,8.122053775472746e-70,3.1493224065414214e-73,1.938796079895609e-107,1.6174860427816906e-72,2.760857325240234e-72,5.294170680620201e-70,6.864567757412117e-73,0.7670907820415769,0.0,4.297930367428547e-90,2.729231672351595e-97,5.020233942362241e-114,9.013887115057993e-84
0.024780976220275343,0.8260325406758448,300.0,1.1719703494396547,1.6774305528396386e-31,2.7836708991263947e-52,1.0166180004845352e-40,0.2329092179584231,8.670309966923024e-41,0.0,4.020097081113279e-33,0.0,0.0,0.0,9.231773236386787e-86,9.821342654019655e-91,1.0097079819344438e-67,1.376401309561198e-63,3.1775196429099923e-53,9.750901150468459e-64,3.3460038861279867e-102,3.2814025204715613e-74,4.799756868630477e-110,3.345990582362067e-85,1.1555616259499953e-74,7.077394365293603e-126,1.6771140755343924e-75,9.99096324362241e-119,8.49741650389746e-77,9.970134775020335e-83,6.500985524614351e-74,1.7844330705986977e-115,1.119664818336374e-79,2.4354858289396462e-82,1.6417150766340705e-63,1.8390498172513867e-77,1.9883293576662273e-55,9.040151896018385e-64,9.388224586971472e-61,5.846319918374685e-60,3.849912567320272e-64,1.4012341629368589e-52,6.197113766320614e-64,1.2313102999653353e-96,4.2228238123185976e-70,1.6313635830771694e-73,3.344858669645747e-108,8.46856197957064e-73,1.445483345928646e-72,2.7718330388293705e-70,3.6007306332084076e-73,0.7670907820415769,0.0,2.5464307567363613e-90,1.2472937374916936e-97,6.007211215647975e-115,4.414916432585912e-84
0.024818523153942427,0.8272841051314143,300.0,1.1719703494396547,1.3772516528939515e-31,2.092731534879776e-52,8.029480106881482e-41,0.2329092179584231,6.843661993808302e-41,0.0,3.135364535919682e-33,0.0,0.0,0.0,7.06391965679014e-86,7.676458901114606e-91,7.89096263890339e-68,1.0755720332578846e-63,2.4781289999765834e-53,7.561499218206602e-64,2.5943175347488245e-102,2.5442313348920626e-74,3.659180561793603e-110,2.6167154429990335e-85,8.956598277539227e-75,5.391677793325501e-126,1.3019736630631942e-75,7.609250133561358e-119,6.591951045548529e-77,7.791839934846146e-83,5.079416176009692e-74,1.3594648382976414e-115,8.658833113224743e-80,1.8834623538449535e-82,1.290017535536677e-63,1.4068204656960718e-77,1.5720665799472551e-55,7.061502054952254e-64,7.016209700904236e-61,4.5586339475877834e-60,2.9911520491806005e-64,1.1063140169939608e-52,4.83253941036906e-64,9.239069094977195e-97,3.2733177278386303e-70,1.2643356672198731e-73,2.542499922841142e-108,6.566542176541305e-73,1.1208310666376428e-72,2.149285628373257e-70,2.7922618372732386e-73,0.7670907820415769,0.0,1.989528835479271e-90,9.621962926151183e-98,4.576204526363026e-115,3.4137224253011653e-84
0.02485607008760951,0.8285356695869838,300.0,1.1719703494396547,1.0770727529482645e-31,1.4017921706331573e-52,5.892780208917611e-41,0.2329092179584231,5.017014020693582e-41,0.0,2.250631990726084e-33,0.0,0.0,0.0,4.896066077193495e-86,5.531575148209558e-91,5.684845458462343e-68,7.747427569545709e-64,1.7787383570431747e-53,5.372097285944744e-64,1.8426311833696627e-102,1.807060149312564e-74,2.5186042549567292e-110,1.8874403036359998e-85,6.3575802955785e-75,3.7059612213573977e-126,9.268332505919965e-76,5.227537023500307e-119,4.6864855871995984e-77,5.613545094671958e-83,3.657846827405032e-74,9.344966059965851e-116,6.121018043085748e-80,1.331438878750261e-82,9.383199944392837e-64,9.745911141407569e-78,1.1558038022282827e-55,5.082852213886123e-64,4.644194814837001e-61,3.2709479768008817e-60,2.1323915310409283e-64,8.1139387105106265e-53,3.4679650544175064e-64,6.165035190301038e-97,2.3238116433586634e-70,8.97307751362577e-74,1.7401411760365374e-108,4.664522373511969e-73,7.961787873466398e-73,1.5267382179171434e-70,1.98379304133807e-73,0.7670907820415769,0.0,1.432626914222181e-90,6.770988477385431e-98,3.1451978370780765e-115,2.4125284180164183e-84
0.024893617021276595,0.8297872340425532,300.0,1.1719703494396547,7.768938530025775e-32,7.108528063865386e-53,3.7560803109537396e-41,0.2329092179584231,3.190366047578862e-41,0.0,1.3658994455324869e-33,0.0,0.0,0.0,2.7282124975968485e-86,3.38669139530451e-91,3.478728278021296e-68,4.7391348065125724e-64,1.079347714109766e-53,3.182695353682887e-64,1.0909448319905009e-102,1.0698889637330652e-74,1.3780279481198553e-110,1.1581651642729661e-85,3.7585623136177725e-75,2.0202446493892945e-126,5.516928381207986e-76,2.8458239134392543e-119,2.7810201288506677e-77,3.43525025449777e-83,2.2362774788003722e-74,5.095283736955288e-116,3.583202972946751e-80,7.794154036555685e-83,5.8662245334189015e-64,5.423617625854418e-78,7.395410245093106e-56,3.104202372819991e-64,2.272179928769766e-61,1.98326200601398e-60,1.2736310129012565e-64,5.164737251081645e-53,2.103390698465953e-64,3.0910012856248807e-97,1.3743055588786965e-70,5.302798355052808e-74,9.377824292319327e-109,2.7625025704826337e-73,4.715265080556368e-73,9.041908074610301e-71,1.1753242454029015e-73,0.7670907820415769,0.0,8.757249929650913e-91,3.9200140286196785e-98,1.7141911477931268e-115,1.4113344107316708e-84
0.02493116395494368,0.8310387984981227,300.0,1.1719703494396547,4.7671495305689045e-32,1.9913442139919506e-54,1.6193804129898701e-41,0.2329092179584231,1.3637180744641401e-41,0.0,4.811669003388892e-34,0.0,2.0468012390309803e-74,0.0,5.6035891800020175e-87,1.24180764239946e-91,1.2726110975802468e-68,1.730842043479437e-64,3.799570711763572e-54,9.932934214210295e-65,3.392584806113387e-103,3.3271777815356646e-75,2.374516412829808e-111,4.288900249099324e-86,1.159544331657047e-75,3.3452807742119197e-127,1.7655242564960064e-76,4.641108033782031e-120,8.755546705017385e-78,1.2569554143235827e-83,8.147081301957127e-75,8.456014139447253e-117,1.0453879028077538e-80,2.2739192856087606e-83,2.3492491224449697e-64,1.1013241103012705e-78,3.232782467903382e-56,1.1255525317538602e-64,0.0,6.955760352270789e-61,4.148704947615843e-65,2.2155357916526643e-53,7.388163425143989e-65,1.6967380948722683e-99,4.247994743987292e-71,1.6325191964798451e-74,1.3542368242732758e-109,8.604827674532988e-74,1.4687422876463368e-73,2.8164339700491657e-71,3.668554494677332e-74,0.7670907820415769,0.0,3.1882307170800117e-91,1.069039579853926e-98,2.8318445850817855e-116,4.1014040344692426e-85
0.024968710888610763,0.8322903629536921,300.0,1.1719703494396547,3.707370609269373e-32,0.0,1.0712159578416667e-41,0.2329092179584231,8.978608996873352e-42,0.0,2.804549639510616e-34,0.0,2.1354911263811317e-74,0.0,1.6618773136839679e-87,7.443977550230145e-92,7.616944930402636e-69,1.0347912697063551e-64,2.2135131718465274e-54,5.2554966611772455e-65,1.789321846925501e-103,1.75485760577695e-75,3.75499606365109e-112,2.5875980949555134e-86,6.072146520281885e-76,4.1778442953342256e-128,9.546243847823333e-77,5.1897785053239405e-121,4.668210125216463e-78,7.524274762467855e-84,4.862495593349552e-75,1.072097239928325e-117,5.191360822145048e-81,1.129220594883125e-83,1.4898668404834597e-64,3.111070888309629e-79,2.1545031727548007e-56,6.695752527130968e-65,0.0,4.041332746632721e-61,2.2765823408497008e-65,1.4615623463458755e-53,4.2972489692655265e-65,0.0,2.228389957128464e-71,8.532733610575804e-75,2.0554040901167678e-113,4.5449780633823245e-74,7.757739875157704e-74,1.4876103384280244e-71,1.9412417168160172e-74,0.7670907820415769,0.0,1.901976680590207e-91,4.9391992196204824e-99,3.4800175153759825e-117,2.0287356308240106e-85
0.025006257822277847,0.8335419274092616,300.0,1.1719703494396547,3.041834335415466e-32,0.0,8.455361414606765e-42,0.2329092179584231,7.082544884829914e-42,0.0,2.1860435416295324e-34,0.0,1.6408476318583252e-74,0.0,1.320874064664328e-87,5.81437449370544e-92,5.949163512773165e-69,8.081430050313576e-65,1.7252896169995182e-54,4.073154655354595e-65,1.386564263484687e-103,1.359857545514766e-75,2.8612301848314868e-112,2.0214021773996218e-86,4.703780864067063e-76,3.18115702337692e-128,7.406689854820736e-77,3.9508093622218315e-121,3.6193516363910153e-78,5.876868040094364e-84,3.797006952343211e-75,8.163643323356632e-118,4.0124672581490793e-81,8.727886231501203e-84,1.1699959456149002e-64,2.3792815262586646e-79,1.7023698100508973e-56,5.227119524294787e-65,0.0,3.149353763252819e-61,1.7677531890842596e-65,1.1532366933798514e-53,3.3490441810435036e-65,0.0,1.7263589564687184e-71,6.609290273277817e-75,1.4430897313222757e-113,3.522191665141481e-74,6.011964490774714e-74,1.1528435697349217e-71,1.5045239006111298e-74,0.7670907820415769,0.0,1.4851561760871182e-91,3.808158983078977e-99,2.6497132101117843e-117,1.5677990697993862e-85
0.02504380475594493,0.8347934918648311,300.0,1.1719703494396547,2.3762980615615593e-32,0.0,6.198563250796865e-42,0.2329092179584231,5.1864807727864764e-42,0.0,1.5675374437484496e-34,0.0,1.1462041373355188e-74,6.962029710644821e-116,9.79870815644688e-88,4.184771437180736e-92,4.2813820951436935e-69,5.814947403563602e-65,1.2370660621525085e-54,2.890812649531944e-65,9.838066800438729e-104,9.64857485252582e-76,1.967464306011884e-112,1.4552062598437299e-86,3.335415207852241e-76,2.1844697514196143e-128,5.2671358618181394e-77,2.7118402191197225e-121,2.5704931475655675e-78,4.229461317720872e-84,2.731518311336869e-75,5.6063142474300105e-118,2.8335736941531105e-81,6.1635665141711545e-84,8.501250507463405e-65,1.6474921642077004e-79,1.250236447346994e-56,3.7584865214586053e-65,0.0,2.2573747798729173e-61,1.2589240373188188e-65,8.449110404138271e-54,2.4008393928214807e-65,0.0,1.2243279558089728e-71,4.685846935979829e-75,8.307753725277837e-114,2.4994052669006375e-74,4.266189106391723e-74,8.180768010418189e-72,1.0678060844062425e-74,0.7670907820415769,0.0,1.0683356715840294e-91,2.6771187465374717e-99,1.8194089048475858e-117,1.1068625087747618e-85
0.025081351689612015,0.8360450563204005,300.0,1.1719703494396547,1.7107617877076526e-32,0.0,3.941765086986963e-42,0.2329092179584231,3.290416660743039e-42,0.0,9.490313458673663e-35,0.0,6.515606428127125e-75,8.312552768315752e-115,6.388675666250481e-88,2.5551683806560313e-92,2.6136006775142227e-69,3.5484647568136283e-65,7.48842507305499e-55,1.7084706437092937e-65,5.810490966030587e-104,5.698574249903982e-76,1.0736984271922812e-112,8.890103422878384e-87,1.9670495516374194e-76,1.1877824794623086e-128,3.127581868815543e-77,1.4728710760176134e-121,1.5216346587401197e-78,2.5820545953473802e-84,1.666029670330528e-75,3.0489851715033905e-118,1.6546801301571413e-81,3.5992467968411064e-84,5.302541558777809e-65,9.157028021567356e-80,7.981030846430905e-57,2.2898535186224236e-65,0.0,1.3653957964930155e-61,7.50094885553378e-66,5.36585387447803e-54,1.4526346045994578e-65,0.0,7.222969551492272e-72,2.762403598681842e-75,2.1846101373329133e-114,1.4766188686597941e-74,2.5204137220087333e-74,4.83310032348716e-72,6.310882682013552e-75,0.7670907820415769,0.0,6.515151670809406e-92,1.5460785099959663e-99,9.891045995833872e-118,6.459259477501377e-86
0.0251188986232791,0.83729662077597,300.0,1.1719703494396547,1.0452255138537459e-32,0.0,1.6849669231770614e-42,0.2329092179584231,1.3943525486996006e-42,0.0,3.305252479862832e-35,0.0,1.56917148289906e-75,1.5928902565567023e-114,2.9786431760540817e-88,9.255653241313268e-93,9.458192598847509e-70,1.2819821100636528e-65,2.6061895245848957e-55,5.261286378866426e-66,1.7829151316224462e-104,1.7485736472821413e-76,1.7993254837267893e-113,3.2281442473194646e-87,5.986838954225966e-77,1.9109520750500248e-129,9.880278758129458e-78,2.3390193291550445e-122,4.7277616991467187e-79,9.346478729738885e-85,6.005410293241868e-76,4.916560955767688e-119,4.7578656616117305e-82,1.0349270795110583e-84,2.1038326100922135e-65,1.8391344010577162e-80,3.4596972193918703e-57,8.212205157862427e-66,0.0,4.734168131131138e-62,2.4126573378793675e-66,2.2825973448177867e-54,5.044298163774349e-66,8.01271505944889e-99,2.2026595448948127e-72,8.389602613838546e-76,0.0,4.538324704189504e-75,7.746383376257425e-75,1.4854326365561322e-72,1.9437045199646812e-75,0.7670907820415769,0.0,2.3469466257785183e-92,4.1503827345446175e-100,1.5880029431918904e-118,1.8498938672551325e-86
0.025156445556946183,0.8385481852315395,300.0,1.1719703494396547,8.143251958670584e-33,0.0,1.120144760499826e-42,0.2329092179584231,9.22684652020737e-43,0.0,1.9409535163103535e-35,0.0,6.417577299150539e-76,1.4300229184399182e-114,2.031783939148925e-88,5.581960986860014e-93,5.7005250464121684e-70,7.718064108494444e-66,1.5296808063750377e-55,2.8095925296596913e-66,9.491613705445834e-105,9.30878955915638e-77,2.8921041832002643e-114,1.9498176606394896e-87,3.1648014661723758e-77,2.427556792947463e-130,5.389832564010906e-78,2.7135931855668252e-123,2.5437768236750248e-79,5.634177433601783e-85,3.610138850063368e-76,6.340354725887689e-120,2.3872865835390306e-82,5.192806413890888e-85,1.3421862571664204e-65,5.428447912248463e-81,2.3168464662445538e-57,4.92001428701617e-66,0.0,2.7713742718404187e-62,1.3353579408472963e-66,1.5135889273464915e-54,2.9560739172362664e-66,8.190687985364752e-99,1.1663675350632763e-72,4.4266962883579924e-76,0.0,2.419432723220015e-75,4.1296854336706023e-75,7.919011006956514e-73,1.0380761719667068e-75,0.7670907820415769,0.0,1.4102602435206727e-92,1.9397570843810266e-100,1.9894235850871092e-119,9.246064564223154e-87
0.025193992490613267,0.8397997496871089,300.0,1.1719703494396547,6.677572275262698e-33,0.0,8.836164487887097e-43,0.2329092179584231,7.273921404126786e-43,0.0,1.5120262870619674e-35,0.0,4.9415405900844254e-76,1.0877745335776443e-114,1.562853840942186e-88,4.357379150919586e-93,4.4497516150247745e-70,6.024066865303185e-66,1.1915966970218224e-55,2.1762933180244064e-66,7.35104429665286e-105,7.209451130018108e-77,2.202605528578102e-114,1.522046650906386e-87,2.450242305928702e-77,1.84750212041816e-130,4.1794791843229634e-78,2.064815238617347e-123,1.971132249191428e-79,4.3980396756559103e-85,2.817479266131594e-76,4.825539982039211e-120,1.8441498234448565e-82,4.0113797385982843e-85,1.0534027959553342e-65,4.1492610883701495e-81,1.829522240867436e-57,3.8386265362854173e-66,0.0,2.1584453031262703e-62,1.0363107463242263e-66,1.1936137256731623e-54,2.3024721671741738e-66,6.066188045184419e-99,9.030939425148666e-73,3.4269220765720854e-76,0.0,1.873923369395778e-75,3.1985655017734053e-75,6.133512060877925e-73,8.040918177399694e-76,0.7670907820415769,0.0,1.1005849450846191e-92,1.4947597521024893e-100,1.5140076014622673e-119,7.141401887594441e-87
0.02523153942428035,0.8410513141426784,300.0,1.1719703494396547,5.211892591854812e-33,0.0,6.4708813707759366e-43,0.2329092179584231,5.320996288046201e-43,0.0,1.0830990578135811e-35,0.0,3.465503881018311e-76,7.455261487153702e-115,1.0939237427354468e-88,3.1327973149791577e-93,3.198978183637381e-70,4.3300696221119266e-66,8.535125876686073e-56,1.5429941063891217e-66,5.210474887859888e-105,5.110112700879836e-77,1.513106873955939e-114,1.0942756411732827e-87,1.7356831456850277e-77,1.2674474478888573e-130,2.9691258046350203e-78,1.4160372916678694e-123,1.398487674707831e-79,3.161901917710037e-85,2.0248196821998204e-76,3.310725238190735e-120,1.3010130633506819e-82,2.829953063305681e-85,7.646193347442479e-66,2.870074264491835e-81,1.3421980154903178e-57,2.7572387855546655e-66,0.0,1.5455163344121218e-62,7.372635518011563e-67,8.736385239998332e-55,1.6488704171120817e-66,3.941688105004087e-99,6.398203499664568e-73,2.4271478647861785e-76,0.0,1.3284140155715406e-75,2.267445569876208e-75,4.348013114799337e-73,5.70107463513232e-76,0.7670907820415769,0.0,7.909096466485657e-93,1.049762419823952e-100,1.0385916178374255e-119,5.036739210965727e-87
0.025269086357947435,0.8423028785982478,300.0,1.1719703494396547,3.746212908446926e-33,0.0,4.105598253664774e-43,0.2329092179584231,3.3680711719656176e-43,0.0,6.541718285651947e-36,0.0,1.989467171952197e-76,4.0327776385309604e-115,6.249936445287075e-89,1.908215479038729e-93,1.948204752249988e-70,2.6360723789206677e-66,5.154284783153922e-56,9.09694894753837e-67,3.0699054790669142e-105,3.010774271741564e-77,8.236082193337765e-115,6.665046314401792e-88,1.0211239854413535e-77,6.873927753595543e-131,1.7587724249470778e-78,7.672593447183916e-124,8.258431002242343e-80,1.9257641597641637e-85,1.232160098268047e-76,1.795910494342258e-120,7.578763032565079e-83,1.6485263880130777e-85,4.758358735331617e-66,1.5908874406135212e-81,8.548737901132e-58,1.675851034823913e-66,0.0,9.325873656979732e-63,4.3821635727808626e-67,5.536633223265041e-55,9.952686670499893e-67,1.8171881648237553e-99,3.7654675741804706e-73,1.4273736530002715e-76,0.0,7.82904661747303e-76,1.3363256379790112e-75,2.5625141687207476e-73,3.361231092864946e-76,0.7670907820415769,0.0,4.812343482125124e-93,6.047650875454147e-101,5.631756342125836e-120,2.9320765343370135e-87
0.02530663329161452,0.8435544430538173,300.0,1.1719703494396547,2.2805332250390404e-33,0.0,1.7403151365536126e-43,0.2329092179584231,1.4151460558850318e-43,0.0,2.2524459931680863e-36,0.0,5.134304628860834e-77,6.10293789908221e-116,1.5606354632196827e-89,6.836336430983007e-94,6.97431320862594e-71,9.420751357294088e-67,1.7734436896217693e-56,2.763956831185526e-67,9.293360702739414e-106,9.114358426032914e-78,1.3410956471161385e-115,2.3873362170707583e-88,3.0656482519767926e-78,1.0733810283025141e-131,5.484190452591352e-79,1.184813977689138e-124,2.5319852574063784e-80,6.89626401818291e-86,4.3950051433627304e-77,2.81095750493781e-121,2.1473954316233353e-83,4.670997127204736e-86,1.870524123220757e-66,3.117006167352068e-82,3.675495647360819e-58,5.944632840931607e-67,0.0,3.196583969838249e-63,1.3916916275501633e-67,2.3368812065317514e-55,3.4166691698789696e-67,0.0,1.1327316486963731e-73,4.275994412143645e-77,1.5886129067940438e-115,2.3739530792306565e-76,4.052057060818136e-76,7.770152226421601e-74,1.0213875505975723e-76,0.7670907820415769,0.0,1.7155904977645881e-93,1.597677552668774e-101,8.7759650587742e-121,8.274138577083006e-88
0.025344180225281603,0.8448060075093868,300.0,1.1719703494396547,1.7809226544768947e-33,1.006064789393874e-56,1.1631146526604439e-43,0.2329092179584231,9.415333568578939e-44,0.0,1.3331878890953492e-36,0.0,2.313032325722547e-77,6.534611714934413e-117,6.783874065711896e-90,4.1527241103411997e-94,4.234530914753666e-71,5.713719699274653e-67,1.049163037004485e-56,1.490440110839309e-67,4.99625473067903e-106,4.900021404069156e-78,2.1952511238228804e-116,1.4499830571282082e-88,1.636762780086799e-78,1.389814351929991e-132,3.019775148897794e-79,1.4234173864786777e-125,1.3754816727073047e-80,4.188054090920591e-86,2.6624379435873416e-77,3.69463725490949e-122,1.0892653391654442e-83,2.369361132137857e-86,1.2008680853264873e-66,9.313460608078127e-83,2.474118885595044e-58,3.588242980882394e-67,2.911481646142131e-65,1.8862272728635193e-63,7.772841031127809e-68,1.5586527039574323e-55,2.0181897973300284e-67,0.0,6.05781177700363e-74,2.2787943366916633e-77,2.692005562770764e-115,1.2780145732388502e-76,2.1814196834305612e-76,4.1830514121695376e-74,5.508337186836604e-77,0.7670907820415769,0.0,1.0389537593075624e-93,7.55811315097483e-102,1.1211703535098428e-121,4.1811164398714614e-88
0.025381727158948687,0.8460575719649562,300.0,1.1719703494396547,1.460213771478795e-33,6.477939999862763e-57,9.170405823261986e-44,0.2329092179584231,7.418674017295715e-44,0.0,1.0380064865802961e-36,0.0,1.7027035017553943e-77,5.327551399494374e-117,5.011491509262713e-90,3.2398906857667143e-94,3.303628624585597e-71,4.457232629013464e-67,8.168380215937101e-57,1.153863278642568e-67,3.8674058171133106e-106,3.792915357924064e-78,1.6710569088702307e-116,1.1312145152206326e-88,1.2665265916315103e-78,1.0572019989534506e-132,2.340381788387002e-79,1.0825972746846875e-125,1.065263673218868e-80,3.267467802954101e-86,2.076913084468067e-77,2.8105395697729464e-122,8.409940445750191e-84,1.82932342556361e-86,9.419858574723736e-67,7.097985713450395e-83,1.9527172149414522e-58,2.7980545369922975e-67,1.7416310662150812e-65,1.4682655740679134e-63,6.028885084519861e-68,1.2288544817829742e-55,1.5711063744241538e-67,0.0,4.6879097605404095e-74,1.7631761209448623e-77,2.0502974906378196e-115,9.893269991453864e-77,1.688664147077285e-76,3.238152199127723e-74,4.264446479463534e-77,0.7670907820415769,0.0,8.104866960179041e-94,5.8211305626961536e-102,8.52820769953703e-122,3.227650715452048e-88
0.02541927409261577,0.8473091364205257,300.0,1.1719703494396547,1.1395048884806952e-33,2.8952321057867874e-57,6.709665119919535e-44,0.2329092179584231,5.422014466012492e-44,0.0,7.4282508406524324e-37,0.0,1.0923746777882417e-77,4.1204910840543345e-117,3.2391089528135296e-90,2.327057261192229e-94,2.372726334417528e-71,3.200745558752275e-67,5.845130061829353e-57,8.17286446445827e-68,2.7385569035475905e-106,2.685809311778972e-78,1.1468626939175809e-116,8.124459733130572e-89,8.962904031762213e-79,7.245896459769102e-133,1.6609884278762097e-79,7.417771628906971e-126,7.550456737304312e-81,2.3468815149876104e-86,1.491388225348793e-77,1.9264418846364017e-122,5.927227499845939e-84,1.2892857189893627e-86,6.831036296182597e-67,4.882510818822661e-83,1.4313155442878607e-58,2.007866093102201e-67,5.717804862880314e-66,1.0503038752723075e-63,4.284929137911913e-68,8.990562596085163e-56,1.1240229515182795e-67,0.0,3.318007744077189e-74,1.2475579051980611e-77,1.4085894185048747e-115,7.006394250519223e-77,1.1959086107240084e-76,2.293252986085909e-74,3.0205557720904655e-77,0.7670907820415769,0.0,5.820196327282459e-94,4.084147974417477e-102,5.844711863975633e-122,2.2741849910326345e-88
0.025456821026282855,0.8485607008760953,300.0,1.1719703494396547,8.187960054825955e-34,0.0,4.2489244165770834e-44,0.2329092179584231,3.4253549147292685e-44,0.0,4.476436815501902e-37,0.0,4.820458538210893e-78,2.9134307686142953e-117,1.4667263963643466e-90,1.414223836617743e-94,1.4418240442494595e-71,1.9442584884910856e-67,3.5218799077216056e-57,4.807096142490859e-68,1.6097079899818709e-106,1.57870326563388e-78,6.226684789649312e-117,4.936774314054817e-89,5.2605421472093233e-79,3.919772930003697e-133,9.815950673654178e-80,4.009570510967069e-126,4.448276742419945e-81,1.42629522702112e-86,9.058633662295185e-78,1.0423441994998574e-122,3.444514553941689e-84,7.492480124151157e-87,4.2422140176414595e-67,2.667035924194928e-83,9.099138736342691e-59,1.2176776492121047e-67,0.0,6.323421764767015e-64,2.5409731913039656e-68,5.692580374340584e-56,6.769395286124052e-68,0.0,1.9481057276139685e-74,7.319396894512599e-78,7.668813463719299e-116,4.119518509584585e-77,7.031530743707322e-77,1.3483537730440951e-74,1.7766650647173967e-77,0.7670907820415769,0.0,3.535525694385877e-94,2.3471653861387997e-102,3.161216028414236e-122,1.3207192666132216e-88
0.02549436795994994,0.8498122653316647,300.0,1.1719703494396547,4.980871224844957e-34,0.0,1.7881837132346328e-44,0.2329092179584231,1.4286953634460452e-44,0.0,1.5246227903513733e-37,0.0,0.0,1.706370453174256e-117,0.0,5.0139041204325764e-95,5.109217540813908e-72,6.877714182298965e-68,1.1986297536138586e-57,1.4413278205234488e-68,4.8085907641615124e-107,4.7159721948878727e-79,9.847426401228142e-118,1.749088894979061e-89,1.5581802626564357e-79,5.936494002382943e-134,3.022017068546253e-80,6.013693930271652e-127,1.3460967475355795e-81,5.0570893905463e-87,3.203385071102444e-78,1.582465143633127e-123,9.618016080374359e-85,2.0921030584086833e-87,1.6533917391003233e-67,4.515610295671939e-84,3.885122029806774e-59,4.2748920532200835e-68,0.0,2.143804776810957e-64,7.970172446960179e-69,2.3945981525960035e-56,2.298561057065306e-68,0.0,5.78203711150748e-75,2.1632147370445892e-78,1.2517327423898548e-116,1.2326427686499463e-77,2.103975380174557e-77,4.034545600022807e-75,5.327743573443278e-78,0.7670907820415769,0.0,1.2508550614892946e-94,6.101827978601227e-103,4.777201928528398e-123,3.672535421938082e-89
0.02553191489361702,0.851063829787234,300.0,1.1719703494396547,3.906974194478508e-34,0.0,1.2029959976037322e-44,0.2329092179584231,9.56900300878039e-45,0.0,9.104416458269911e-38,0.0,0.0,1.2694130082174353e-117,0.0,3.070906195210327e-95,3.1282247877930517e-72,4.206551977284852e-68,7.154303339670804e-58,7.855429994379181e-69,2.6130376050736646e-107,2.562707769609443e-79,1.6493441698538093e-118,1.0708920432442938e-89,8.409803105394709e-80,7.870036471673776e-135,1.6811710371380187e-80,7.488019330879645e-128,7.389818930500547e-82,3.097661370175255e-87,1.9597663385543783e-78,2.1294841318838323e-124,4.9365220128900267e-85,1.073788265335386e-87,1.0691434215721505e-67,9.84066279795467e-85,2.6321548420463602e-59,2.6023796771334207e-68,0.0,1.2763652136366475e-64,4.496144352214745e-69,1.612489986737227e-56,1.3698870795294917e-68,0.0,3.125797135200427e-75,1.1654326476654945e-78,2.4051077430255524e-117,6.707154522637854e-78,1.1448319289020502e-77,2.1953092536932002e-75,2.9039980136376825e-78,0.7670907820415769,0.0,7.657180299088133e-95,2.9243862762291185e-103,6.246935496046967e-124,1.8779295364691325e-89
0.025569461827284104,0.8523153942428034,300.0,1.1719703494396547,3.209522775808655e-34,0.0,9.487882209807132e-45,0.2329092179584231,7.541989716126861e-45,0.0,7.087839508248336e-38,0.0,0.0,9.683560698164389e-118,0.0,2.3959087971390006e-95,2.440413825712051e-72,3.281338330670173e-68,5.56945749813387e-58,6.079905608609194e-69,2.0221202065567588e-107,1.9831720565966253e-79,1.2550276909303777e-118,8.355461151578943e-90,6.505736406170418e-80,5.984094582643061e-135,1.3026345775590636e-80,5.692839092361887e-128,5.721726515760588e-82,2.417015972032421e-87,1.529964639884712e-78,1.6192464525900273e-124,3.8101400733274777e-85,8.287785792036528e-88,8.386434501050514e-68,7.389701928131084e-85,2.0781963928933036e-59,2.029168253308005e-68,0.0,9.934275489531844e-65,3.4866217935868806e-69,1.2743595954464804e-56,1.0663002052035496e-68,0.0,2.418283074480019e-75,9.01485864419683e-79,1.8326388031677257e-117,5.190731519743826e-78,8.85996462146006e-78,1.6989709869085237e-75,2.2476338974657944e-78,0.7670907820415769,0.0,5.981457515017322e-95,2.251482958635908e-103,4.749704606850094e-124,1.449215067245711e-89
0.025607008760951188,0.853566958698373,300.0,1.1719703494396547,2.5120713571388016e-34,0.0,6.945804443576942e-45,0.2329092179584231,5.5149764234733313e-45,0.0,5.071262558226761e-38,0.0,0.0,6.672991314154424e-118,0.0,1.7209113990676736e-95,1.7526028636310508e-72,2.356124684055494e-68,3.9846116565969356e-58,4.3043812228392073e-69,1.431202808039853e-107,1.4036363435838074e-79,8.60711212006946e-119,6.002001870714949e-90,4.601669706946127e-80,4.0981526936123465e-135,9.240981179801088e-81,3.89765885384413e-128,4.053634101020629e-82,1.7363705738895872e-87,1.100162941215046e-78,1.1090087732962227e-124,2.6837581337649287e-85,5.837688930719197e-88,6.081434786379525e-68,4.938741058307497e-85,1.5242379437402464e-59,1.4559568294825895e-68,0.0,7.104898842697214e-65,2.4770992349590167e-69,9.362292041557333e-57,7.627133308776071e-69,0.0,1.7107690137596105e-75,6.375390811738716e-79,1.260169863309899e-117,3.674308516849798e-78,6.271609953899616e-78,1.2026327201238478e-75,1.591269781293906e-78,0.7670907820415769,0.0,4.305734730946512e-95,1.5785796410426968e-103,3.252473717653221e-124,1.0205005980222895e-89
0.025644555694618272,0.8548185231539425,300.0,1.1719703494396547,1.8146199384689481e-34,0.0,4.4037266773467525e-45,0.2329092179584231,3.4879631308198025e-45,0.0,3.054685608205186e-38,0.0,0.0,3.66242193014446e-118,0.0,1.045914000996347e-95,1.0647919015500504e-72,1.430911037440815e-68,2.3997658150600018e-58,2.5288568370692207e-69,8.402854095229474e-108,8.241006305709899e-80,4.663947330835144e-119,3.648542589850955e-90,2.6976030077218366e-80,2.2122108045816315e-135,5.455616584011537e-81,2.1024786153263716e-128,2.3855416862806698e-82,1.0557251757467537e-87,6.703612425453801e-79,5.987710940024178e-125,1.5573761942023797e-85,3.3875920694018664e-88,3.776435071708534e-68,2.487780188483911e-85,9.702794945871898e-60,8.827454056571738e-69,0.0,4.275522195862583e-65,1.4675766763311528e-69,5.980988128649863e-57,4.591264565516649e-69,9.63368528248284e-103,1.0032549530392026e-75,3.7359229792806e-79,6.877009234520722e-118,2.1578855139557697e-78,3.683255286339173e-78,7.062944533391716e-76,9.349056651220178e-79,0.7670907820415769,0.0,2.6300119468757012e-95,9.056763234494859e-104,1.7552428284563473e-124,5.917861287988682e-90
0.025682102628285356,0.8560700876095119,300.0,1.1719703494396547,1.1171685197990947e-34,2.6788930655450276e-59,1.8616489111165626e-45,0.2329092179584231,1.4609498381662736e-45,0.0,1.0381086581836095e-38,0.0,0.0,6.51852546134496e-119,6.014851800840031e-93,3.7091660292502026e-96,3.7698093946904986e-73,5.05697390826136e-69,8.149199735230672e-59,7.53332451299234e-70,2.493680110060413e-108,2.4456491755817232e-80,7.207825416008282e-120,1.2950833089869587e-90,7.935363084975454e-81,3.2626891555091603e-136,1.6702519882219866e-81,3.0729837680861417e-129,7.174492715407113e-83,3.7507977760392e-88,2.4055954387571383e-79,8.853341470861321e-126,4.309942546398313e-86,9.374952080845356e-89,1.471435357037545e-68,3.6819318660323842e-87,4.163210454341331e-60,3.0953398183175786e-69,3.845894823204688e-67,1.4461455490279532e-65,4.580541177032889e-70,2.5996842157423935e-57,1.555395822257226e-69,2.2528119849811582e-102,2.957408923187942e-76,1.0964551468224844e-79,1.152319835942455e-118,6.414625110617421e-79,1.0949006187787285e-78,2.0995618655449538e-76,2.785415489501298e-79,0.7670907820415769,0.0,9.542891628048912e-96,2.327730058562752e-104,2.5801193925947454e-125,1.6307165957544674e-90
0.02571964956195244,0.8573216520650814,300.0,1.1719703494396547,8.877960295543367e-35,1.3886289504680365e-58,1.2728692141606315e-45,0.2329092179584231,9.94546048642141e-46,0.0,6.310835911191175e-39,0.0,0.0,1.8142086932334882e-119,1.9205880920613778e-92,2.3133986165173403e-96,2.3489409349243366e-73,3.1476629152208147e-69,4.951699345244143e-59,4.184681645483656e-70,1.3812308923836529e-108,1.354626908705491e-80,1.2786994808264077e-120,8.092891859585074e-91,4.365730672760213e-81,4.579179231511449e-137,9.467870078006021e-82,4.087064938351498e-130,4.014004945117635e-83,2.345020288188326e-88,1.5175459101959025e-79,1.2606548727406695e-126,2.256315232244936e-86,4.9079185992038986e-89,9.65663619757282e-69,0.0,2.866310723934291e-60,1.9177704032089327e-69,7.979301328597661e-67,8.765571445105178e-66,2.632491037850274e-70,1.8147820361384448e-57,9.437031363560024e-70,2.0251543875471296e-102,1.6296875418961812e-76,6.0215769049846235e-80,2.7394738973129145e-119,3.557540380746583e-79,6.072300557825428e-79,1.1644135064857198e-76,1.547429825359138e-79,0.7670907820415769,0.0,6.075353088497509e-96,1.1388229262812062e-104,3.550806954350609e-126,8.505587318261123e-91
0.025757196495619524,0.8585732165206509,300.0,1.1719703494396547,7.370061331328142e-35,1.0240971427112052e-58,1.0120154704407084e-45,0.2329092179584231,7.901423946800226e-46,0.0,4.942752635293232e-39,0.0,0.0,1.3743566890348268e-119,1.4620261993407135e-92,1.8165125984094303e-96,1.8442516481806475e-73,2.471089045403178e-69,3.8780824193741586e-59,3.25466522158506e-70,1.0740712342133434e-108,1.05338348748514e-80,9.74084531156491e-121,6.370446879683155e-91,3.3934252338357426e-81,3.4845250198316185e-137,7.373635686456912e-82,3.1094803382873925e-130,3.1233714571180015e-83,1.8459257153181138e-88,1.2019726702270642e-79,9.593176952005846e-127,1.7489245449089135e-86,3.804246490011262e-89,7.619520538639527e-69,0.0,2.2816865373659084e-60,1.5048326007455768e-69,5.946419799471457e-67,6.863492478275682e-66,2.0522148788378333e-70,1.4657721183302207e-57,7.3898891263923e-70,1.5428009926980769e-102,1.2668613591157916e-76,4.679983265183198e-80,2.0919019829754175e-119,2.7666187302827124e-79,4.722290869834724e-79,9.055380605809769e-77,1.203532310445688e-79,0.7670907820415769,0.0,4.838930271039351e-96,8.800099473137783e-105,2.7009465871896935e-126,6.591650799494376e-91
0.025794743429286608,0.8598247809762203,300.0,1.1719703494396547,5.862162367112916e-35,6.595653349543736e-59,7.511617267207856e-46,0.2329092179584231,5.857387407179042e-46,0.0,3.574669359395289e-39,0.0,0.0,9.345046848361656e-120,1.0034643066200492e-92,1.3196265803015206e-96,1.3395623614369587e-73,1.7945151755855407e-69,2.804465493504174e-59,2.3246487976864632e-70,7.669115760430338e-109,7.521400662647888e-81,6.694695814865746e-121,4.648001899781236e-91,2.4211197949112717e-81,2.389870808151788e-137,5.279401294907802e-82,2.1318957382232868e-130,2.2327379691183678e-83,1.3468311424479012e-88,8.863994302582255e-80,6.5798051766049955e-127,1.2415338575728916e-86,2.700574380818626e-89,5.582404879706233e-69,0.0,1.6970623507975255e-60,1.0918947982822209e-69,3.913538270345254e-67,4.961413511446185e-66,1.4719387198253922e-70,1.116762200521996e-57,5.3427468892245775e-70,1.0604475978490242e-102,9.040351763354019e-77,3.3383896253817725e-80,1.4443300686379204e-119,1.975697079818841e-79,3.3722811818440196e-79,6.466626146762339e-77,8.59634795532238e-80,0.7670907820415769,0.0,3.6025074535811944e-96,6.2119696834635035e-105,1.8510862200287774e-126,4.67771428072763e-91
0.025832290362953692,0.8610763454317898,300.0,1.1719703494396547,4.354263402897689e-35,2.950335271975423e-59,4.903079830008627e-46,0.2329092179584231,3.8133508675578576e-46,0.0,2.2065860834973462e-39,0.0,0.0,4.946526806375045e-120,5.449024138993849e-93,8.227405621936105e-97,8.348730746932697e-74,1.1179413057679039e-69,1.7308485676341898e-59,1.3946323737878666e-70,4.597519178727244e-109,4.508966450444377e-81,3.648546318166581e-121,2.925556919879317e-91,1.4488143559868013e-81,1.2952165964719579e-137,3.1851669033586914e-82,1.1543111381591814e-130,1.3421044811187344e-83,8.477365695776888e-89,5.7082619028938685e-80,3.5664334012041464e-127,7.341431702368697e-87,1.5969022716259894e-89,3.545289220772939e-69,0.0,1.1124381642291423e-60,6.789569958188648e-70,1.8806567412190493e-67,3.0593345446166884e-66,8.916625608129511e-71,7.677522827137715e-58,3.295604652056854e-70,5.780942029999712e-103,5.4120899355501214e-77,1.9967959855803462e-80,7.967581543004233e-120,1.1847754293549702e-79,2.0222714938533152e-79,3.87787168771491e-77,5.1573728061878826e-80,0.7670907820415769,0.0,2.366084636123037e-96,3.623839893789226e-105,1.001225852867861e-126,2.763777761960884e-91
0.025869837296620776,0.8623279098873592,300.0,1.1719703494396547,2.8463644386824633e-35,0.0,2.2945423928093978e-46,0.2329092179584231,1.7693143279366733e-46,0.0,8.385028075994034e-40,0.0,0.0,5.4800676438843044e-121,8.634052117872055e-94,3.25854544085701e-97,3.301837879495806e-74,4.413674359502667e-70,6.572316417642058e-60,4.646159498892704e-71,1.5259225970241495e-109,1.4965322382408676e-81,6.023968214674176e-122,1.2031119399773981e-91,4.7650891706233045e-82,2.005623847921278e-138,1.0909325118095821e-82,1.767265380950752e-131,4.514709931191007e-84,3.4864199670747625e-89,2.552529503205482e-80,5.530616258032957e-128,2.267524829008473e-87,4.932301624333535e-90,1.5081735618396454e-69,0.0,5.2781397766075915e-61,2.660191933555089e-70,0.0,1.1572555777871912e-66,3.113864018005103e-71,4.187423649055471e-58,1.2484624148891301e-70,9.574080815091827e-104,1.7838281077462255e-77,6.552023457789207e-81,1.4918623996292625e-120,3.938537788910988e-80,6.722618058626115e-80,1.2891172286674808e-77,1.7183976570533833e-80,0.7670907820415769,0.0,1.12966181866488e-96,1.0357101041149465e-105,1.5136548570694502e-127,8.49841243194137e-92
0.02590738423028786,0.8635794743429287,300.0,1.1719703494396547,2.438224635360569e-35,0.0,1.777555066599682e-46,0.2329092179584231,1.3664267520547462e-46,0.0,5.961580594657932e-40,0.0,0.0,0.0,2.1573266233597565e-94,2.361245660504952e-97,2.3910861699329755e-74,3.1937583482818856e-70,4.6711292149173697e-60,3.084252153115404e-71,1.0107690055851755e-109,9.913010272325922e-82,1.6773099061216687e-122,8.859934808041518e-92,3.1397226403280394e-82,4.573171231918763e-139,7.355656745475679e-83,3.866001329463636e-132,3.0136024144469184e-84,2.5675099154028e-89,1.943467671276617e-80,1.2676107361636893e-128,1.4373543100051391e-87,3.1265214422777854e-90,1.1266219317893835e-69,0.0,4.108995222310353e-61,1.918325449963358e-70,0.0,8.210052255416906e-67,2.121781706407781e-71,3.406630330189835e-58,8.86330093344925e-71,2.731149126838054e-104,1.1768393700910925e-77,4.311207106573797e-81,5.494389967476811e-121,2.611274242759954e-80,4.457136206317725e-80,8.546924760680214e-78,1.1408126954299026e-80,0.7670907820415769,0.0,8.80396624121449e-97,6.222607784273502e-106,3.1534165170205517e-128,5.37144692514552e-92
0.025944931163954944,0.8648310387984982,300.0,1.1719703494396547,2.2054087562391347e-35,0.0,1.594003265330464e-46,0.2329092179584231,1.2251716196675931e-46,0.0,5.332788737294706e-40,0.0,0.0,0.0,1.958486658605096e-94,2.1130352193995103e-97,2.139719282640199e-74,2.857958997300773e-70,4.178417412421195e-60,2.75597996422696e-71,9.031642966522447e-110,8.857688454005353e-82,1.4938864271771682e-122,7.929125829065846e-92,2.805291855662931e-82,4.072798087929296e-139,6.574096068096995e-83,3.4429703391359416e-132,2.6930383903957084e-84,2.2977649716634515e-89,1.7403967994255245e-80,1.1289216571009665e-128,1.2837214706821747e-87,2.7923405357092754e-90,1.0090007990973972e-69,0.0,3.6854748770750534e-61,1.716497038132143e-70,0.0,7.343797248966397e-67,1.896619279793363e-71,3.057755336706738e-58,7.928225409582032e-71,2.4870070873285892e-104,1.051502864199007e-77,3.8519316323850413e-81,4.89135204669763e-121,2.3333075450639135e-80,3.982679938120017e-80,7.637115897140328e-78,1.0193913868880805e-80,0.7670907820415769,0.0,7.885043839557939e-97,5.554996426508185e-106,2.8084286848963017e-128,4.7971828167505506e-92
0.02598247809762203,0.8660826032540676,300.0,1.1719703494396547,1.9725928771177004e-35,0.0,1.4104514640612458e-46,0.2329092179584231,1.08391648728044e-46,0.0,4.70399687993148e-40,0.0,0.0,0.0,1.7596466938504354e-94,1.864824778294069e-97,1.8883523953474226e-74,2.5221596463196607e-70,3.685705609925021e-60,2.427707775338516e-71,7.955595877193141e-110,7.802366635684784e-82,1.3104629482326678e-122,6.998316850090175e-92,2.4708610709978223e-82,3.572424943939829e-139,5.7925353907183106e-83,3.0199393488082484e-132,2.3724743663444984e-84,2.028020027924103e-89,1.5373259275744324e-80,9.902325780382435e-129,1.1300886313592103e-87,2.4581596291407654e-90,8.913796664054109e-70,0.0,3.2619545318397536e-61,1.5146686263009277e-70,0.0,6.477542242515887e-67,1.6714568531789448e-71,2.7088803432236407e-58,6.993149885714813e-71,2.2428650478191247e-104,9.261663583069215e-78,3.3926561581962855e-81,4.288314125918449e-121,2.0553408473678732e-80,3.508223669922308e-80,6.7273070336004425e-78,8.979700783462583e-81,0.7670907820415769,0.0,6.966121437901387e-97,4.887385068742867e-106,2.463440852772052e-128,4.2229187083555813e-92
0.026020025031289112,0.8673341677096371,300.0,1.1719703494396547,1.739776997996266e-35,0.0,1.2268996627920277e-46,0.2329092179584231,9.42661354893287e-47,0.0,4.0752050225682535e-40,0.0,0.0,0.0,1.560806729095775e-94,1.6166143371886273e-97,1.6369855080546461e-74,2.1863602953385484e-70,3.1929938074288463e-60,2.0994355864500716e-71,6.879548787863835e-110,6.747044817364214e-82,1.1270394692881675e-122,6.067507871114503e-92,2.1364302863327137e-82,3.0720517999503618e-139,5.0109747133396264e-83,2.5969083584805543e-132,2.0519103422932886e-84,1.758275084184755e-89,1.3342550557233403e-80,8.515434989755206e-129,9.764557920362459e-88,2.1239787225722555e-90,7.737585337134247e-70,0.0,2.8384341866044534e-61,1.3128402144697125e-70,0.0,5.611287236065378e-67,1.4462944265645265e-71,2.3600053497405436e-58,6.058074361847594e-71,1.99872300830966e-104,8.008298524148362e-78,2.9333806840075296e-81,3.685276205139269e-121,1.777374149671833e-80,3.033767401724599e-80,5.817498170060558e-78,7.76548769804436e-81,0.7670907820415769,0.0,6.047199036244836e-97,4.21977371097755e-106,2.1184530206478022e-128,3.648654599960613e-92
0.026057571964956196,0.8685857321652066,300.0,1.1719703494396547,1.5069611188748318e-35,0.0,1.0433478615228092e-46,0.2329092179584231,8.014062225061338e-47,0.0,3.4464131652050276e-40,0.0,0.0,0.0,1.3619667643411143e-94,1.368403896083186e-97,1.3856186207618695e-74,1.850560944357436e-70,2.7002820049326717e-60,1.7711633975616277e-71,5.803501698534527e-110,5.691722999043646e-82,9.436159903436672e-123,5.136698892138832e-92,1.8019995016676052e-82,2.5716786559608944e-139,4.229414035960942e-83,2.1738773681528604e-132,1.7313463182420785e-84,1.488530140445407e-89,1.131184183872248e-80,7.128544199127979e-129,8.228229527132815e-88,1.7897978160037457e-90,6.561374010214386e-70,0.0,2.4149138413691536e-61,1.1110118026384974e-70,0.0,4.7450322296148685e-67,1.2211319999501081e-71,2.011130356257446e-58,5.122998837980376e-71,1.754580968800195e-104,6.754933465227507e-78,2.474105209818774e-81,3.0822382843600882e-121,1.4994074519757926e-80,2.55931113352689e-80,4.907689306520672e-78,6.5512746126261385e-81,0.7670907820415769,0.0,5.128276634588285e-97,3.5521623532122325e-106,1.7734651885235524e-128,3.0743904915656435e-92
0.02609511889862328,0.869837296620776,300.0,1.1719703494396547,1.2741452397533976e-35,0.0,8.597960602535911e-47,0.2329092179584231,6.601510901189808e-47,0.0,2.8176213078418017e-40,0.0,0.0,0.0,1.1631267995864538e-94,1.1201934549777444e-97,1.134251733469093e-74,1.5147615933763237e-70,2.207570202436497e-60,1.4428912086731834e-71,4.72745460920522e-110,4.6364011807230756e-82,7.601925113991669e-123,4.2058899131631606e-92,1.4675687170024966e-82,2.0713055119714274e-139,3.447853358582258e-83,1.7508463778251666e-132,1.4107822941908685e-84,1.2187851967060587e-89,9.28113312021156e-81,5.74165340850075e-129,6.691901133903171e-88,1.4556169094352358e-90,5.3851626832945227e-70,0.0,1.9913934961338538e-61,9.091833908072822e-71,0.0,3.878777223164359e-67,9.959695733356898e-72,1.662255362774349e-58,4.187923314113158e-71,1.5104389292907305e-104,5.501568406306653e-78,2.014829735630018e-81,2.4792003635809075e-121,1.2214407542797523e-80,2.0848548653291814e-80,3.9978804429807874e-78,5.337061527207916e-81,0.7670907820415769,0.0,4.2093542329317343e-97,2.884550995446915e-106,1.4284773563993024e-128,2.5001263831706743e-92
0.026132665832290364,0.8710888610763455,300.0,1.1719703494396547,1.0413293606319633e-35,0.0,6.762442589843728e-47,0.2329092179584231,5.188959577318276e-47,0.0,2.188829450478575e-40,0.0,0.0,0.0,9.642868348317932e-95,8.719830138723027e-98,8.828848461763166e-75,1.1789622423952114e-70,1.714858399940323e-60,1.1146190197847394e-71,3.651407519875914e-110,3.5810793624025065e-82,5.7676903245466656e-123,3.27508093418749e-92,1.133137932337388e-82,1.5709323679819603e-139,2.6662926812035737e-83,1.327815387497473e-132,1.0902182701396587e-84,9.490402529667107e-90,7.250424401700638e-81,4.354762617873521e-129,5.155572740673527e-88,1.1214360028667256e-90,4.20895135637466e-70,0.0,1.5678731508985536e-61,7.07354978976067e-71,0.0,3.01252221671385e-67,7.708071467212717e-72,1.3133803692912518e-58,3.25284779024594e-71,1.266296889781266e-104,4.248203347385799e-78,1.5555542614412622e-81,1.8761624428017271e-121,9.43474056583712e-81,1.6103985971314724e-80,3.0880715794409017e-78,4.1228484417896943e-81,0.7670907820415769,0.0,3.2904318312751823e-97,2.2169396376815983e-106,1.0834895242750526e-128,1.9258622747757057e-92
0.02617021276595745,0.8723404255319149,300.0,1.1719703494396547,8.08513481510529e-36,0.0,4.926924577151545e-47,0.2329092179584231,3.776408253446745e-47,0.0,1.560037593115349e-40,0.0,0.0,0.0,7.654468700771325e-95,6.237725727668614e-98,6.315179588835403e-75,8.431628914140991e-71,1.2221465974441483e-60,7.863468308962953e-72,2.5753604305466063e-110,2.5257575440819375e-82,3.933455535101661e-123,2.344271955211818e-92,7.987071476722795e-83,1.070559223992493e-139,1.8847320038248895e-83,9.047843971697792e-133,7.696542460884487e-85,6.7929530922736235e-90,5.219715683189717e-81,2.9678718272462923e-129,3.619244347443883e-88,7.872550962982161e-91,3.032740029454797e-70,0.0,1.1443528056632538e-61,5.0552656714485186e-71,0.0,2.1462672102633403e-67,5.456447201068534e-72,9.645053758081547e-59,2.3177722663787217e-71,1.0221548502718011e-104,2.9948382884649447e-78,1.0962787872525063e-81,1.2731245220225464e-121,6.655073588876717e-81,1.1359423289337634e-80,2.178262715901017e-78,2.908635356371472e-81,0.7670907820415769,0.0,2.3715094296186313e-97,1.5493282799162805e-106,7.385016921508026e-129,1.3515981663807365e-92
0.026207759699624533,0.8735919899874844,300.0,1.1719703494396547,5.7569760238909475e-36,0.0,3.091406564459362e-47,0.2329092179584231,2.363856929575214e-47,0.0,9.312457357521223e-41,0.0,0.0,0.0,5.666069053224719e-95,3.755621316614197e-98,3.8015107159076387e-75,5.073635404329871e-71,7.294347949479736e-61,4.580746420078513e-72,1.4993133412173e-110,1.4704357257613672e-82,2.0992207456566567e-123,1.4134629762361465e-92,4.642763630071709e-83,5.701860800030263e-140,1.1031713264462053e-83,4.817534068420853e-133,4.4909022203723865e-85,4.095503654880143e-90,3.189006964678796e-81,1.5809810366190622e-129,2.0829159542142387e-88,4.530741897297061e-91,1.856528702534935e-70,0.0,7.20832460427954e-62,3.036981553136367e-71,0.0,1.280012203812831e-67,3.2048229349243524e-72,6.156303823250576e-59,1.3826967425115036e-71,7.780128107623366e-105,1.7414732295440914e-78,6.370033130637505e-82,6.700866012433656e-122,3.875406611916314e-81,6.614860607360548e-81,1.2684538523611313e-78,1.6944222709532492e-81,0.7670907820415769,0.0,1.4525870279620804e-97,8.817169221509626e-107,3.935138600265531e-129,7.773340579857672e-93
0.026245306633291617,0.874843554443054,300.0,1.1719703494396547,3.4288172326766075e-36,0.0,1.255888551767179e-47,0.2329092179584231,9.513056057036831e-48,0.0,3.0245387838889636e-41,0.0,3.189377795101183e-81,0.0,3.6776694056781146e-95,1.2735169055597837e-98,1.2878418429798742e-75,1.7156418945187481e-71,2.367229924517995e-61,1.298024531194072e-72,4.2326625188799266e-111,4.151139074407982e-83,2.64985956211655e-124,4.826539972604749e-93,1.2984557834206267e-83,6.981293601355889e-141,3.216106490675211e-84,5.872241651439149e-134,1.2852619798602863e-85,1.398054217486663e-90,1.1582982461678731e-81,1.9409024599183332e-130,5.465875609845943e-89,1.1889328316119613e-91,6.803173756150735e-71,5.451952759294577e-89,2.9731211519265414e-62,1.0186974348242152e-71,0.0,4.137571973623215e-68,9.531986687801692e-73,2.667553888419601e-59,4.476212186442839e-72,5.338707712528718e-105,4.8810817062323614e-79,1.7772783887499516e-82,6.704868046418482e-123,1.0957396349559108e-81,1.8702979253834618e-81,3.586449888212457e-79,4.8020918553502855e-82,0.7670907820415769,0.0,5.336646263055294e-98,2.1410556438564575e-107,4.852602790230307e-130,2.0306994959079798e-93
0.026282853566958697,0.8760951188986232,300.0,1.1719703494396547,2.8952511975620145e-36,0.0,9.412378942585597e-48,0.2329092179584231,7.103568322123936e-48,0.0,2.0491050910591792e-41,0.0,3.2714524764138105e-81,3.507373596219951e-124,3.125808124960632e-95,8.819844635069668e-99,8.914826543614844e-76,1.1865365630400946e-71,1.6031198748406373e-61,8.119415784413439e-73,2.6411680277654553e-111,2.5902976596758123e-83,3.25843148376277e-125,3.353985444221831e-93,8.052428252402935e-84,6.630600252997096e-142,2.0483928151557855e-84,5.332286408210509e-135,8.091212846397403e-86,9.713721601126331e-91,8.283768079461335e-82,1.8915475843030987e-131,3.2417839512070865e-89,7.051502171129981e-92,4.8857817224128315e-71,8.624826212375698e-89,2.2411924731838656e-62,7.016988133947467e-72,0.0,2.7961532515337077e-68,6.145820127722833e-73,2.0468730856241765e-59,3.0274101848718903e-72,4.595076719457115e-105,3.031409464340453e-79,1.1004373881747267e-82,0.0,6.844258105116541e-82,1.1682338874469606e-81,2.2401844317162638e-79,3.004088658598619e-82,0.7670907820415769,0.0,3.835574350223628e-98,1.1942506893944144e-107,4.929907461244002e-131,1.2003941477378908e-93
0.02632040050062578,0.8773466833541927,300.0,1.1719703494396547,2.6180555561759562e-36,0.0,8.438540017761758e-48,0.2329092179584231,6.36779851632576e-48,0.0,1.832597809772672e-41,0.0,2.9069169626810103e-81,3.1232088173084454e-124,2.7791666109330095e-95,7.891051598829752e-99,7.975962777873139e-76,1.0615581141803983e-71,1.4337252502039479e-61,7.253784737074656e-73,2.3595273083908863e-111,2.31408149758282e-83,2.901598033090777e-125,3.00079309603524e-93,7.193291368415366e-84,5.90409423942791e-142,1.8303781536746375e-84,4.747993476536926e-135,7.229090958894465e-86,8.690854427414079e-91,7.414249811942923e-82,1.6842994334021927e-131,2.894719760233744e-89,6.296570956406603e-92,4.374778436597989e-71,7.725044427819007e-89,2.009731619242694e-62,6.277409772342512e-72,0.0,2.500610435503662e-68,5.4925215821246176e-73,1.8359164445481362e-59,2.707458645744048e-72,4.093987069531636e-105,2.7080198434938974e-79,9.830126363584633e-83,0.0,6.114481507125901e-82,1.0436696558020274e-81,2.0013222864919596e-79,2.6838179843371626e-82,0.7670907820415769,0.0,3.432809880782579e-98,1.0659183953883171e-107,4.3897458320738297e-131,1.0718510475363704e-93
0.026357947434292865,0.8785982478097623,300.0,1.1719703494396547,2.3408599147898984e-36,0.0,7.464701092937918e-48,0.2329092179584231,5.632028710527585e-48,0.0,1.6160905284861653e-41,0.0,2.54238144894821e-81,2.7390440383969394e-124,2.432525096905387e-95,6.962258562589837e-99,7.037099012131435e-76,9.36579665320702e-72,1.2643306255672585e-61,6.388153689735874e-73,2.0778865890163173e-111,2.0378653354898274e-83,2.5447645824187837e-125,2.647600747848649e-93,6.334154484427796e-84,5.177588225858725e-142,1.6123634921934895e-84,4.1637005448633444e-135,6.366969071391527e-86,7.667987253701826e-91,6.544731544424512e-82,1.4770512825012867e-131,2.5476555692604012e-89,5.541639741683226e-92,3.863775150783146e-71,6.825262643262317e-89,1.7782707653015227e-62,5.537831410737557e-72,0.0,2.205067619473616e-68,4.839223036526402e-73,1.624959803472096e-59,2.387507106616207e-72,3.592897419606157e-105,2.3846302226473427e-79,8.655878845421998e-83,0.0,5.384704909135261e-82,9.191054241570942e-82,1.7624601412676548e-79,2.3635473100757066e-82,0.7670907820415769,0.0,3.03004541134153e-98,9.375861013822196e-108,3.8495842029036576e-131,9.433079473348501e-94
0.02639549436795995,0.8798498122653317,300.0,1.1719703494396547,2.0636642734038405e-36,0.0,6.490862168114081e-48,0.2329092179584231,4.896258904729409e-48,0.0,1.3995832471996583e-41,0.0,2.17784593521541e-81,2.3548792594854333e-124,2.0858835828777645e-95,6.033465526349922e-99,6.09823524638973e-76,8.116012164610055e-72,1.094936000930569e-61,5.522522642397092e-73,1.796245869641748e-111,1.7616491733968355e-83,2.187931131746791e-125,2.2944083996620584e-93,5.475017600440226e-84,4.45108221228954e-142,1.3943488307123414e-84,3.5794076131897616e-135,5.5048471838885886e-86,6.645120079989573e-91,5.6752132769061e-82,1.2698031316003806e-131,2.2005913782870586e-89,4.7867085269598476e-92,3.3527718649683038e-71,5.925480858705625e-89,1.5468099113603513e-62,4.798253049132603e-72,0.0,1.9095248034435702e-68,4.1859244909281867e-73,1.4140031623960558e-59,2.0675555674883648e-72,3.0918077696806786e-105,2.0612406018007878e-79,7.481631327259365e-83,0.0,4.654928311144621e-82,7.94541192512161e-82,1.5235979960433506e-79,2.04327663581425e-82,0.7670907820415769,0.0,2.627280941900481e-98,8.092538073761224e-108,3.3094225737334855e-131,8.147648471333298e-94
0.026433041301627033,0.8811013767209012,300.0,1.1719703494396547,1.7864686320177823e-36,0.0,5.517023243290241e-48,0.2329092179584231,4.160489098931233e-48,0.0,1.1830759659131512e-41,0.0,1.8133104214826099e-81,1.9707144805739278e-124,1.739242068850142e-95,5.104672490110007e-99,5.1593714806480255e-76,6.86622767601309e-72,9.255413762938796e-62,4.6568915950583104e-73,1.5146051502671792e-111,1.485433011303843e-83,1.831097681074798e-125,1.9412160514754676e-93,4.615880716452657e-84,3.724576198720354e-142,1.1763341692311932e-84,2.9951146815161794e-135,4.64272529638565e-86,5.622252906277321e-91,4.8056950093876884e-82,1.0625549806994748e-131,1.853527187313716e-89,4.03177731223647e-92,2.841768579153461e-71,5.0256990741489344e-89,1.3153490574191797e-62,4.058674687527647e-72,0.0,1.6139819874135246e-68,3.53262594532997e-73,1.2030465213200157e-59,1.747604028360523e-72,2.5907181197552e-105,1.7378509809542328e-79,6.30738380909673e-83,0.0,3.9251517131539814e-82,6.699769608672278e-82,1.284735850819046e-79,1.7230059615527937e-82,0.7670907820415769,0.0,2.2245164724594318e-98,6.8092151337002494e-108,2.769260944563314e-131,6.862217469318095e-94
0.026470588235294117,0.8823529411764706,300.0,1.1719703494396547,1.5092729906317244e-36,0.0,4.543184318466402e-48,0.2329092179584231,3.424719293133057e-48,0.0,9.665686846266444e-42,0.0,1.4487749077498097e-81,1.5865497016624222e-124,1.3926005548225195e-95,4.175879453870092e-99,4.2205077149063205e-76,5.616443187416126e-72,7.561467516571902e-62,3.7912605477195285e-73,1.23296443089261e-111,1.2092168492108507e-83,1.474264230402805e-125,1.5880237032888767e-93,3.7567438324650872e-84,2.9980701851511684e-142,9.583195077500452e-85,2.4108217498425973e-135,3.780603408882712e-86,4.599385732565068e-91,3.9361767418692766e-82,8.553068297985688e-132,1.5064629963403733e-89,3.276846097513092e-92,2.3307652933386187e-71,4.125917289592243e-89,1.0838882034780083e-62,3.3190963259226926e-72,0.0,1.3184391713834787e-68,2.879327399731755e-73,9.920898802439756e-60,1.4276524892326813e-72,2.089628469829721e-105,1.414461360107678e-79,5.1331362909340964e-83,0.0,3.195375115163341e-82,5.454127292222946e-82,1.0458737055947416e-79,1.4027352872913374e-82,0.7670907820415769,0.0,1.8217520030183828e-98,5.525892193639275e-108,2.2290993153931417e-131,5.576786467302892e-94
0.0265081351689612,0.8836045056320401,300.0,1.1719703494396547,1.2320773492456665e-36,0.0,3.569345393642563e-48,0.2329092179584231,2.6889494873348814e-48,0.0,7.500614033401374e-42,0.0,1.084239394017009e-81,1.2023849227509161e-124,1.0459590407948969e-95,3.2470864176301767e-99,3.281643949164616e-76,4.366658698819162e-72,5.867521270205008e-62,2.9256295003807466e-73,9.51323711518041e-112,9.330006871178584e-84,1.117430779730812e-125,1.234831355102286e-93,2.8976069484775177e-84,2.2715641715819832e-142,7.403048462688971e-85,1.826528818169015e-135,2.9184815213797738e-86,3.5765185588528155e-91,3.066658474350864e-82,6.480586788976627e-132,1.1593988053670307e-89,2.5219148827897144e-92,1.819762007523776e-71,3.226135505035553e-89,8.52427349536837e-63,2.579517964317738e-72,0.0,1.0228963553534331e-68,2.2260288541335393e-73,7.811332391679355e-60,1.1077009501048395e-72,1.5885388199042422e-105,1.091071739261123e-79,3.958888772771462e-83,0.0,2.465598517172701e-82,4.208484975773614e-82,8.07011560370437e-80,1.0824646130298808e-82,0.7670907820415769,0.0,1.4189875335773337e-98,4.2425692535783015e-108,1.68893768622297e-131,4.2913554652876884e-94
0.026545682102628285,0.8848560700876096,300.0,1.1719703494396547,9.548817078596087e-37,0.0,2.5955064688187245e-48,0.2329092179584231,1.953179681536705e-48,0.0,5.335541220536306e-42,0.0,7.19703880284209e-82,8.182201438394106e-125,6.9931752676727455e-96,2.3182933813902615e-99,2.3427801834229106e-76,3.1168742102221976e-72,4.173575023838114e-62,2.0599984530419646e-73,6.696829921434721e-112,6.567845250248658e-84,7.605973290588195e-126,8.816390069156951e-94,2.038470064489948e-84,1.545058158012798e-142,5.222901847877491e-85,1.242235886495433e-135,2.0563596338768355e-86,2.553651385140564e-91,2.1971402068324534e-82,4.4081052799675695e-132,8.12334614393688e-90,1.7669836680663367e-92,1.3087587217089333e-71,2.3263537204788614e-89,6.209664955956654e-63,1.8399396027127824e-72,0.0,7.273535393233873e-69,1.5727303085353235e-73,5.701765980918951e-60,7.87749410976998e-73,1.0874491699787635e-105,7.67682118414568e-80,2.7846412546088275e-83,0.0,1.7358219191820605e-82,2.962842659324281e-82,5.681494151461325e-80,7.621939387684245e-83,0.7670907820415769,0.0,1.0162230641362846e-98,2.959246313517328e-108,1.148776057052798e-131,3.005924463272485e-94
0.02658322903629537,0.886107634543179,300.0,1.1719703494396547,6.7768606647355046e-37,0.0,1.6216675439948858e-48,0.2329092179584231,1.2174098757385298e-48,0.0,3.170468407671236e-42,0.0,3.551683665514088e-82,4.3405536492790454e-125,3.526760127396519e-96,1.389500345150347e-99,1.4039164176812062e-76,1.867089721625234e-72,2.4796287774712203e-62,1.1943674057031815e-73,3.8804227276890273e-112,3.8056836293187357e-84,4.037638783868264e-126,5.284466587291047e-94,1.1793331805023785e-84,8.1855214444361265e-143,3.042755233066011e-85,6.579429548218508e-136,1.1942377463738972e-86,1.5307842114283113e-91,1.3276219393140416e-82,2.335623770958509e-132,4.652704234203454e-90,1.0120524533429583e-92,7.977554358940914e-72,1.426571935922171e-89,3.8950564165449423e-63,1.1003612411078278e-72,0.0,4.318107232933414e-69,9.194317629371077e-74,3.5921995701585504e-60,4.6779787184915623e-73,5.8635952005328445e-106,4.442924975680128e-80,1.610393736446193e-83,0.0,1.0060453211914206e-82,1.71720034287495e-82,3.2928726992182802e-80,4.4192326450696816e-83,0.7670907820415769,0.0,6.134585946952355e-99,1.6759233734563545e-108,6.086144278826259e-132,1.7204934612572824e-94
0.026620775969962453,0.8873591989987485,300.0,1.1719703494396547,4.004904250874926e-37,0.0,6.478286191710471e-49,0.2329092179584231,4.816400699403534e-49,0.0,1.0053955948061678e-42,0.0,0.0,4.9890586016398945e-126,6.034498712029577e-98,4.607073089104317e-100,4.650526519395018e-77,6.173052330282685e-73,7.85682531104328e-63,3.2873635836439956e-74,1.0640155339433375e-112,1.0435220083888132e-84,4.693042771483337e-127,1.752543105425139e-94,3.201962965148089e-85,9.204613087442666e-144,8.626086182545285e-86,7.365002314826864e-137,3.3211585887095897e-87,5.079170377160576e-92,4.581036717956297e-83,2.6314226194944868e-133,1.182062324470028e-90,2.5712123861958124e-93,2.8675215007924866e-72,5.26790151365479e-90,1.5804478771332265e-63,3.6078287950287325e-73,1.2229453705706148e-72,1.3626790726329558e-69,2.661332173388919e-74,1.4826331593981472e-60,1.4784633272131447e-73,8.526987012780539e-107,1.2090287672145783e-80,4.361462182835586e-84,0.0,2.7626872320078073e-83,4.71558026425618e-83,9.04251246975235e-81,1.2165259024551156e-83,0.7670907820415769,0.0,2.1069412525418646e-99,3.926004333953809e-109,6.845279871245378e-133,4.350624592420778e-95
0.026658322903629537,0.888610763454318,300.0,1.1719703494396547,3.403169251529365e-37,4.170409311230794e-63,4.929242266594131e-49,0.2329092179584231,3.652293231839638e-49,0.0,6.964092750554649e-43,0.0,0.0,6.075216015808922e-127,0.0,3.257228652333155e-100,3.2865850461220678e-77,4.35886827911732e-73,5.440102493322204e-63,2.113250248164721e-74,6.82476657289725e-113,6.693317826570016e-85,6.184718030922431e-128,1.239176276765442e-94,2.0417839249833502e-85,9.39894845377734e-145,5.639817325565851e-86,7.214486412357679e-138,2.1478331594722843e-87,3.5921285597740934e-92,3.294907033378492e-83,2.7327096544611086e-134,7.228261146864028e-91,1.5722855054450749e-93,2.0975966932606046e-72,3.856131117533783e-90,1.2090278665440228e-63,2.5379873036646563e-73,2.035916350897917e-71,9.417062577142177e-70,1.7600517036266973e-74,1.1416717747810013e-60,1.0224530811662112e-73,2.6238125144864276e-107,7.7200479373799e-81,2.7770162688165845e-84,4.940408040019738e-127,1.7735802874199287e-83,3.027291726336055e-83,5.805080531201694e-81,7.821002611765845e-84,0.7670907820415769,0.0,1.5123952500805622e-99,2.2658374874444095e-109,7.002692169996305e-134,2.6520688704841676e-95
0.02669586983729662,0.8898623279098874,300.0,1.1719703494396547,3.076532741347861e-37,3.498527240360756e-63,4.418284368353113e-49,0.2329092179584231,3.273288796864435e-49,0.0,6.227015248546275e-43,0.0,0.0,5.402728834941225e-127,0.0,2.913620459656354e-100,2.9398585821075032e-77,3.8989510943364773e-73,4.864290334947866e-63,1.8875844372096916e-74,6.095830602677047e-113,5.978421563166994e-85,5.506468472287622e-128,1.1084433900617165e-94,1.8235866904163946e-85,8.367674206940516e-145,5.038573477323438e-86,6.422844809434036e-138,1.9186068994205049e-87,3.213180675875996e-92,2.9479530800049317e-83,2.4328791596800756e-134,6.453173879952575e-91,1.40368915143218e-93,1.8778264273565333e-72,3.4059723699347286e-90,1.0839275286226228e-63,2.270025799937294e-73,1.7304767376046603e-71,8.42002430238444e-70,1.572649330709729e-74,1.0248997596751187e-60,9.14211092965753e-74,2.324188923918335e-107,6.895139204714977e-81,2.4802078675937412e-84,4.404599400765202e-127,1.5841625163236528e-83,2.7039780002359547e-83,5.185099906102318e-81,6.985834918986294e-84,0.7670907820415769,0.0,1.3530307719511341e-99,2.021974344976831e-109,6.234327932499389e-134,2.3676228483222633e-95
0.026733416770963705,0.8911138923654569,300.0,1.1719703494396547,2.749896231166357e-37,2.8266451694907187e-63,3.9073264701120944e-49,0.2329092179584231,2.894284361889232e-49,0.0,5.4899377465379015e-43,0.0,0.0,4.7302416540735276e-127,0.0,2.5700122669795533e-100,2.5931321180929387e-77,3.4390339095556346e-73,4.288478176573529e-63,1.6619186262546622e-74,5.366894632456843e-113,5.263525299763973e-85,4.828218913652813e-128,9.777105033579911e-95,1.6053894558494393e-85,7.336399960103691e-145,4.437329629081024e-86,5.631203206510394e-138,1.689380639368725e-87,2.834232791977898e-92,2.6009991266313714e-83,2.1330486648990432e-134,5.678086613041122e-91,1.2350927974192853e-93,1.6580561614524617e-72,2.9558136223356743e-90,9.588271907012228e-64,2.0020642962099318e-73,1.4250371243114034e-71,7.422986027626702e-70,1.3852469577927604e-74,9.081277445692359e-61,8.059691047652949e-74,2.024565333350243e-107,6.070230472050053e-81,2.183399466370898e-84,3.8687907615106664e-127,1.3947447452273772e-83,2.380664274135854e-83,4.565119281002943e-81,6.150667226206741e-84,0.7670907820415769,0.0,1.1936662938217057e-99,1.7781112025092525e-109,5.465963695002474e-134,2.0831768261603593e-95
0.02677096370463079,0.8923654568210263,300.0,1.1719703494396547,2.4232597209848534e-37,2.1547630986206812e-63,3.396368571871076e-49,0.2329092179584231,2.5152799269140295e-49,0.0,4.752860244529528e-43,0.0,0.0,4.05775447320583e-127,0.0,2.226404074302752e-100,2.246405654078374e-77,2.979116724774792e-73,3.712666018199192e-63,1.4362528152996327e-74,4.63795866223664e-113,4.548629036360952e-85,4.1499693550180037e-128,8.469776166542655e-95,1.3871922212824837e-85,6.305125713266867e-145,3.836085780838611e-86,4.8395616035867516e-138,1.4601543793169456e-87,2.4552849080798e-92,2.2540451732578106e-83,1.8332181701180105e-134,4.9029993461296673e-91,1.0664964434063905e-93,1.4382858955483904e-72,2.50565487473662e-90,8.337268527798229e-64,1.7341027924825693e-73,1.1195975110181465e-71,6.425947752868965e-70,1.1978445848757921e-74,7.913557294633532e-61,6.977271165648366e-74,1.7249417427821506e-107,5.245321739385131e-81,1.8865910651480549e-84,3.3329821222561307e-127,1.2053269741311015e-83,2.0573505480357532e-83,3.9451386559035664e-81,5.315499533427189e-84,0.7670907820415769,0.0,1.0343018156922774e-99,1.5342480600416737e-109,4.697599457505558e-134,1.7987308039984547e-95
0.026808510638297874,0.8936170212765958,300.0,1.1719703494396547,2.096623210803349e-37,1.4828810277506431e-63,2.885410673630058e-49,0.2329092179584231,2.1362754919388267e-49,0.0,4.015782742521155e-43,0.0,0.0,3.3852672923381336e-127,0.0,1.882795881625951e-100,1.8996791900638097e-77,2.519199539993949e-73,3.1368538598248546e-63,1.2105870043446032e-74,3.9090226920164366e-113,3.8337327729579307e-85,3.4717197963831946e-128,7.162447299505402e-95,1.1689949867155281e-85,5.273851466430043e-145,3.234841932596198e-86,4.0479200006631093e-138,1.2309281192651657e-87,2.076337024181702e-92,1.9070912198842503e-83,1.5333876753369778e-134,4.1279120792182136e-91,8.979000893934956e-94,1.2185156296443191e-72,2.0554961271375657e-90,7.086265148584229e-64,1.466141288755207e-73,8.141578977248897e-72,5.4289094781112266e-70,1.0104422119588238e-74,6.745837143574705e-61,5.8948512836437845e-74,1.425318152214058e-107,4.4204130067202075e-81,1.5897826639252116e-84,2.797173483001595e-127,1.0159092030348256e-83,1.7340368219356528e-83,3.3251580308041905e-81,4.480331840647636e-84,0.7670907820415769,0.0,8.749373375628492e-100,1.290384917574095e-109,3.929235220008643e-134,1.5142847818365507e-95
0.026846057571964958,0.8948685857321653,300.0,1.1719703494396547,1.7699867006218453e-37,8.109989568806056e-64,2.3744527753890396e-49,0.2329092179584231,1.757271056963624e-49,0.0,3.2787052405127807e-43,0.0,0.0,2.712780111470436e-127,0.0,1.5391876889491498e-100,1.5529527260492451e-77,2.0592823552131062e-73,2.561041701450517e-63,9.849211933895738e-75,3.1800867217962334e-113,3.118836509554909e-85,2.7934702377483856e-128,5.8551184324681466e-95,9.507977521485727e-86,4.242577219593218e-145,2.633598084353784e-86,3.256278397739467e-138,1.0017018592133861e-87,1.697389140283604e-92,1.5601372665106896e-83,1.233557180555945e-134,3.3528248123067604e-91,7.293037353806008e-94,9.987453637402476e-73,1.6053373795385114e-90,5.835261769370229e-64,1.1981797850278441e-73,5.087182844316328e-72,4.4318712033534896e-70,8.230398390418553e-75,5.5781169925158775e-61,4.812431401639203e-74,1.1256945616459659e-107,3.595504274055284e-81,1.2929742627023685e-84,2.2613648437470592e-127,8.264914319385498e-84,1.4107230958355524e-83,2.7051774057048145e-81,3.6451641478680836e-84,0.7670907820415769,0.0,7.15572859433421e-100,1.0465217751065165e-109,3.160870982511728e-134,1.2298387596746464e-95
0.02688360450563204,0.8961201501877347,300.0,1.1719703494396547,1.4433501904403415e-37,1.3911688601056759e-64,1.8634948771480213e-49,0.2329092179584231,1.3782666219884213e-49,0.0,2.5416277385044073e-43,0.0,0.0,2.040292930602739e-127,0.0,1.1955794962723489e-100,1.2062262620346806e-77,1.5993651704322632e-73,1.98522954307618e-63,7.592553824345443e-75,2.4511507515760295e-113,2.4039402461518878e-85,2.1152206791135765e-128,4.547789565430892e-95,7.326005175816172e-86,3.211302972756394e-145,2.0323542361113708e-86,2.4646367948158247e-138,7.724755991616064e-88,1.3184412563855066e-92,1.2131833131371292e-83,9.337266857749124e-135,2.5777375453953067e-91,5.60707381367706e-94,7.789750978361763e-73,1.155178631939457e-90,4.584258390156231e-64,9.302182813004816e-74,2.0327867113837592e-72,3.4348329285957513e-70,6.35637466124887e-75,4.4103968414570495e-61,3.73001151963462e-74,8.260709710778734e-108,2.770595541390361e-81,9.961658614795252e-85,1.7255562044925235e-127,6.370736608422739e-84,1.0874093697354516e-83,2.085196780605438e-81,2.809996455088531e-84,0.7670907820415769,0.0,5.562083813039927e-100,8.026586326389377e-110,2.3925067450148127e-134,9.453927375127421e-96
0.026921151439299126,0.8973717146433042,300.0,1.1719703494396547,1.1167136802588373e-37,0.0,1.3525369789070026e-49,0.2329092179584231,9.992621870132185e-50,0.0,1.804550236496034e-43,0.0,0.0,1.3678057497350417e-127,0.0,8.519713035955479e-101,8.594997980201161e-78,1.1394479856514205e-73,1.4094173847018425e-63,5.335895714795149e-75,1.7222147813558262e-113,1.689043982748866e-85,1.436971120478767e-128,3.240460698393638e-95,5.144032830146616e-86,2.1800287259195696e-145,1.431110387868957e-86,1.6729951918921824e-138,5.432493391098268e-88,9.394933724874086e-93,8.662293597635685e-84,6.338961909938795e-135,1.8026502784838535e-91,3.9211102735481143e-94,5.592048319321047e-73,7.050198843404028e-91,3.333255010942231e-64,6.622567775731192e-74,0.0,2.437794653838013e-70,4.482350932079185e-75,3.242676690398223e-61,2.6475916376300385e-74,5.264473805097811e-108,1.9456868087254375e-81,6.993574602566819e-85,1.1897475652379878e-127,4.476558897459983e-84,7.640956436353512e-84,1.4652161555060626e-81,1.9748287623089787e-84,0.7670907820415769,0.0,3.9684390317456447e-100,5.587954901713592e-110,1.6241425075178974e-134,6.6094671535083785e-96
0.02695869837296621,0.8986232790988737,300.0,1.1719703494396547,7.900771700773335e-38,0.0,8.415790806659847e-50,0.2329092179584231,6.20257752038016e-50,0.0,1.0674727344876606e-43,0.0,1.6374806949386499e-84,6.953185688673446e-128,0.0,5.083631109187469e-101,5.127733340055516e-78,6.795308008705778e-74,8.33605226327505e-64,3.079237605244854e-75,9.932788111356224e-114,9.74147719345845e-86,7.587215618439583e-129,1.9331318313563836e-95,2.9620604844770628e-86,1.1487544790827453e-145,8.298665396265439e-87,8.813535889685389e-139,3.1402307905804713e-88,5.605454885893107e-93,5.192754063900082e-84,3.34065696212847e-135,1.0275630115723992e-91,2.2351467334191662e-94,3.394345660280334e-73,2.5486113674134887e-91,2.0822516317282316e-64,3.9429527384575674e-74,0.0,1.440756379080276e-70,2.6083272029095017e-75,2.074956539339395e-61,1.5651717556254568e-74,2.268237899416886e-108,1.1207780760605151e-81,4.025490590338391e-85,6.539389259834521e-128,2.582381186497226e-84,4.407819175352505e-84,8.452355304066862e-82,1.1396610695294262e-84,0.7670907820415769,0.0,2.3747942504513603e-100,3.1493234770378044e-110,8.557782700209821e-135,3.7650069318893355e-96
0.02699624530663329,0.899874843554443,300.0,1.1719703494396547,4.634406598958598e-38,0.0,3.3062118242501317e-50,0.2329092179584231,2.4125331706284845e-50,0.0,3.303952324793542e-44,0.0,7.490068393536639e-84,2.2831387999709746e-129,0.0,1.6475491824197742e-101,1.6604686999101888e-78,2.196136160897778e-74,2.5779306795322092e-64,8.225794956947675e-76,2.6434284091548665e-114,2.5925145594289012e-86,8.047200320921128e-130,6.25802964319249e-96,7.8008813880770965e-87,1.1748023224601622e-146,2.2862269138418574e-87,8.971198604497057e-140,8.47968190062887e-89,1.8159760469124785e-93,1.7232145301647963e-84,3.4235201431841954e-136,2.52475744661018e-92,5.491831932903735e-95,1.1966430012398223e-73,0.0,8.312482525143467e-65,1.2633377011841911e-74,0.0,4.4371810432263046e-71,7.343034737399894e-76,9.07236388280676e-62,4.827518736209756e-75,0.0,2.9586934339566763e-82,1.0574065781102322e-85,1.1813028672896553e-128,6.882034755346431e-85,1.1746819143518007e-84,2.2525490530736788e-82,3.044933767499505e-85,0.7670907820415769,0.0,7.811494691572261e-101,7.106920523622437e-111,8.741403252413714e-136,9.205467102705554e-97
0.027033792240300374,0.9011264080100125,300.0,1.1719703494396547,3.9645265490660546e-38,0.0,2.5563360358295303e-50,0.2329092179584231,1.8595453035701388e-50,0.0,2.3432929303879623e-44,0.0,7.319766179063233e-84,0.0,0.0,1.1907023450809167e-101,1.1996470731038138e-78,1.5854127106637235e-74,1.827719315090059e-64,5.4449987044961945e-76,1.7463560961813882e-114,1.7127203488008724e-86,1.15094760598336e-130,4.520728739551521e-96,5.125189682748792e-87,1.3061207089328135e-147,1.537252819582601e-87,9.598580573347901e-141,5.644398789356499e-89,1.3122271035424365e-93,1.2568514768403806e-84,3.8695132918277174e-137,1.5954569351458148e-92,3.470424993213377e-95,8.925658824596683e-74,0.0,6.458902740201512e-65,9.088687881130858e-75,0.0,3.1404060949534008e-71,4.9900531719139053e-76,7.3328843586327515e-62,3.4188197524872807e-75,0.0,1.9463153568529396e-82,6.937582104378043e-86,5.874472577426416e-129,4.5498328942561544e-85,7.766026479029374e-85,1.4891993634989316e-82,2.0157323202713105e-85,0.7670907820415769,0.0,5.678047377189636e-101,4.255458672903919e-111,9.625718425490904e-137,5.800242630468644e-97
0.02707133917396746,0.9023779724655819,300.0,1.1719703494396547,3.5831448382761025e-38,0.0,2.290871713407917e-50,0.2329092179584231,1.666230379033426e-50,0.0,2.0948686055024007e-44,0.0,6.480253974248293e-84,0.0,0.0,1.0648816287898464e-101,1.0728746700019076e-78,1.4178501934936234e-74,1.633942419459325e-64,4.8626229901621987e-76,1.5595379375668574e-114,1.529500407439976e-86,1.0245507964413169e-130,4.042982032214441e-96,4.5766126164619705e-87,1.1626095452686998e-147,1.3731081017862982e-87,8.543863707529029e-141,5.041042666296556e-89,1.1735592596848341e-93,1.1241746991173095e-84,3.4443592230469196e-137,1.4241088856428045e-92,3.0977101048123195e-95,7.98891601486306e-74,0.0,5.789373400504163e-65,8.127494443978957e-75,0.0,2.8073653466035083e-71,4.4578777982296424e-76,6.697596166282875e-62,3.0562874172454986e-75,0.0,1.7380160852545143e-82,6.1949158104946605e-86,5.229506240844938e-129,4.063139394115069e-85,6.935298252932975e-85,1.3299004029709253e-82,1.8001392597730628e-85,0.7670907820415769,0.0,5.078266784869717e-101,3.796758199523853e-111,8.568062482231652e-137,5.1771712408941e-97
0.027108886107634542,0.9036295369211514,300.0,1.1719703494396547,3.20176312748615e-38,0.0,2.025407390986304e-50,0.2329092179584231,1.4729154544967131e-50,0.0,1.846444280616839e-44,0.0,5.640741769433352e-84,0.0,0.0,9.39060912498776e-102,9.461022669000015e-79,1.2502876763235232e-74,1.4401655238285918e-64,4.2802472758282034e-76,1.3727197789523266e-114,1.3462804660790795e-86,8.981539868992739e-131,3.5652353248773612e-96,4.028035550175149e-87,1.0190983816045861e-147,1.2089633839899954e-87,7.489146841710156e-141,4.437686543236612e-89,1.0348914158272314e-93,9.914979213942385e-85,3.0192051542661213e-137,1.2527608361397942e-92,2.7249952164112614e-95,7.052173205129435e-74,0.0,5.119844060806814e-65,7.166301006827057e-75,0.0,2.4743245982536155e-71,3.92570242454538e-76,6.062307973932999e-62,2.6937550820037164e-75,0.0,1.5297168136560887e-82,5.452249516611278e-86,4.5845399042634606e-129,3.576445893973983e-85,6.104570026836575e-85,1.170601442442919e-82,1.5845461992748154e-85,0.7670907820415769,0.0,4.478486192549799e-101,3.338057726143787e-111,7.5104065389724005e-137,4.5540998513195546e-97
0.027146433041301626,0.904881101376721,300.0,1.1719703494396547,2.8203814166961973e-38,0.0,1.759943068564691e-50,0.2329092179584231,1.2796005299600003e-50,0.0,1.5980199557312774e-44,0.0,4.801229564618412e-84,0.0,0.0,8.132401962077057e-102,8.193298637980953e-79,1.0827251591534232e-74,1.2463886281978583e-64,3.6978715614942076e-76,1.1859016203377958e-114,1.1630605247181828e-86,7.717571773572308e-131,3.087488617540281e-96,3.4794584838883277e-87,8.755872179404725e-148,1.0448186661936925e-87,6.434429975891283e-141,3.8343304201766695e-89,8.962235719696289e-94,8.588211436711675e-85,2.5940510854853236e-137,1.0814127866367838e-92,2.3522803280102033e-95,6.1154303953958115e-74,0.0,4.450314721109465e-65,6.205107569675155e-75,0.0,2.1412838499037235e-71,3.393527050861117e-76,5.427019781583123e-62,2.3312227467619337e-75,0.0,1.3214175420576638e-82,4.709583222727896e-86,3.939573567681983e-129,3.089752393832897e-85,5.273841800740176e-85,1.011302481914913e-82,1.3689531387765677e-85,0.7670907820415769,0.0,3.87870560022988e-101,2.8793572527637205e-111,6.452750595713148e-137,3.931028461745009e-97
0.02718397997496871,0.9061326658322904,300.0,1.1719703494396547,2.438999705906245e-38,0.0,1.4944787461430779e-50,0.2329092179584231,1.0862856054232875e-50,0.0,1.3495956308457158e-44,0.0,3.9617173598034713e-84,0.0,0.0,6.874194799166354e-102,6.925574606961892e-79,9.151626419833231e-75,1.0526117325671247e-64,3.1154958471602123e-76,9.99083461723265e-115,9.798405833572864e-87,6.453603678151879e-131,2.6097419102032016e-96,2.930881417601506e-87,7.32076054276359e-148,8.806739483973898e-88,5.379713110072409e-141,3.2309742971167255e-89,7.575557281120264e-94,7.261443659480964e-85,2.1688970167045253e-137,9.100647371337735e-93,1.9795654396091455e-95,5.178687585662188e-74,0.0,3.780785381412116e-65,5.243914132523254e-75,0.0,1.8082431015538307e-71,2.8613516771768536e-76,4.791731589233246e-62,1.9686904115201513e-75,0.0,1.1131182704592382e-82,3.966916928844513e-86,3.294607231100506e-129,2.603058893691811e-85,4.443113574643776e-85,8.520035213869067e-83,1.1533600782783202e-85,0.7670907820415769,0.0,3.2789250079099616e-101,2.4206567793836545e-111,5.395094652453896e-137,3.307957072170464e-97
0.027221526908635794,0.9073842302878599,300.0,1.1719703494396547,2.0576179951162924e-38,0.0,1.229014423721465e-50,0.2329092179584231,8.929706808865746e-51,0.0,1.1011713059601542e-44,0.0,3.1222051549885308e-84,0.0,0.0,5.615987636255651e-102,5.65785057594283e-79,7.476001248132229e-75,8.588348369363912e-65,2.5331201328262165e-76,8.122653031087342e-115,7.966206419963899e-87,5.189635582731449e-131,2.1319952028661217e-96,2.3823043513146844e-87,5.885648906122452e-148,7.16529230601087e-88,4.3249962442535376e-141,2.6276181740567822e-89,6.188878842544239e-94,5.934675882250253e-85,1.7437429479237275e-137,7.38716687630763e-93,1.6068505512080878e-95,4.2419447759285644e-74,0.0,3.1112560417147672e-65,4.2827206953713534e-75,0.0,1.4752023532039383e-71,2.3291763034925907e-76,4.15644339688337e-62,1.6061580762783688e-75,0.0,9.04818998860813e-83,3.22425063496113e-86,2.6496408945190285e-129,2.116365393550725e-85,3.612385348547376e-85,6.927045608589006e-83,9.377670177800726e-86,0.7670907820415769,0.0,2.6791444155900433e-101,1.961956306003588e-111,4.337438709194644e-137,2.6848856825959186e-97
0.02725907384230288,0.9086357947434294,300.0,1.1719703494396547,1.67623628432634e-38,0.0,9.635501012998519e-51,0.2329092179584231,6.996557563498618e-51,0.0,8.527469810745926e-45,0.0,2.2826929501735907e-84,0.0,0.0,4.357780473344948e-102,4.390126544923768e-79,5.800376076431229e-75,6.6505794130565766e-65,1.9507444184922206e-76,6.254471444942034e-115,6.134007006354934e-87,3.925667487311019e-131,1.6542484955290419e-96,1.8337272850278626e-87,4.4505372694813166e-148,5.523845128047843e-88,3.2702793784346637e-141,2.0242620509968382e-89,4.802200403968212e-94,4.607908105019543e-85,1.3185888791429293e-137,5.6736863812775275e-93,1.23413566280703e-95,3.305201966194941e-74,0.0,2.4417267020174183e-65,3.321527258219452e-75,0.0,1.142161604854046e-71,1.7970009298083278e-76,3.521155204533494e-62,1.2436257410365866e-75,0.0,6.965197272623877e-83,2.4815843410777483e-86,2.004674557937551e-129,1.629671893409639e-85,2.781657122450976e-85,5.3340560033089434e-83,7.22173957281825e-86,0.7670907820415769,0.0,2.079363823270125e-101,1.503255832623522e-111,3.2797827659353924e-137,2.0618142930213737e-97
0.027296620775969963,0.9098873591989988,300.0,1.1719703494396547,1.2948545735363875e-38,0.0,6.980857788782388e-51,0.2329092179584231,5.0634083181314893e-51,0.0,6.043226561890312e-45,0.0,1.4431807453586506e-84,0.0,0.0,3.099573310434245e-102,3.122402513904708e-79,4.1247509047302266e-75,4.712810456749243e-65,1.3683687041582254e-76,4.386289858796726e-115,4.301807592745969e-87,2.6616993918905896e-131,1.1765017881919616e-96,1.2851502187410412e-87,3.0154256328401795e-148,3.882397950084815e-88,2.215562512615791e-141,1.420905927936895e-89,3.4155219653921866e-94,3.281140327788831e-85,8.93434810362131e-138,3.960205886247425e-93,8.614207744059719e-96,2.3684591564613165e-74,0.0,1.7721973623200685e-65,2.3603338210675515e-75,0.0,8.091208565041535e-72,1.2648255561240648e-76,2.8858670121836175e-62,8.81093405794804e-76,0.0,4.882204556639624e-83,1.7389180471943656e-86,1.3597082213560733e-129,1.1429783932685536e-85,1.950928896354577e-85,3.7410663980288824e-83,5.0658089678357754e-86,0.7670907820415769,0.0,1.4795832309502065e-101,1.044555359243456e-111,2.222126822676141e-137,1.4387429034468282e-97
0.027334167709637047,0.9111389236545683,300.0,1.1719703494396547,9.134728627464349e-39,0.0,4.326214564566259e-51,0.2329092179584231,3.130259072764361e-51,0.0,3.558983313034696e-45,0.0,6.036685405437097e-85,0.0,0.0,1.841366147523542e-102,1.854678482885645e-79,2.4491257330292263e-75,2.775041500441906e-65,7.859929898242296e-77,2.518108272651418e-115,2.4696081791370015e-87,1.3977312964701594e-131,6.987550808548822e-97,7.365731524542194e-88,1.5803139961990438e-148,2.2409507721217878e-88,1.1608456467969182e-141,8.17549804876951e-90,2.0288435268161612e-94,1.9543725505581216e-85,4.6828074158133325e-138,2.24672539121732e-93,4.887058860049138e-96,1.431716346727693e-74,0.0,1.1026680226227196e-65,1.39914038391565e-75,0.0,4.760801081542607e-72,7.326501824398019e-77,2.250578819833741e-62,5.1856107055302176e-76,0.0,2.7992118406553712e-83,9.962517533109829e-87,7.147418847745957e-130,6.562848931274676e-86,1.1202006702581777e-85,2.1480767927488214e-83,2.9098783628532985e-86,0.7670907820415769,0.0,8.798026386302881e-102,5.8585488586339005e-112,1.1644708794168893e-137,8.156715138722827e-98
0.02737171464330413,0.9123904881101377,300.0,1.1719703494396547,5.320911519564823e-39,0.0,1.6715713403501256e-51,0.2329092179584231,1.1971098273972325e-51,0.0,1.0747400641790797e-45,0.0,0.0,0.0,4.915172411723352e-100,5.831589846128372e-103,5.8695445186658585e-80,7.73500561328226e-76,8.372725441345723e-66,2.0361727549023432e-77,6.499266865061097e-116,6.374087655280362e-88,1.337632010497292e-132,2.2100837351780276e-97,1.879960861673975e-88,1.4520235955790668e-149,5.9950359415875826e-89,1.061287809780454e-142,2.1419368181700765e-90,6.421650882401358e-95,6.276047733274098e-86,4.312667280053499e-139,5.33244896187219e-94,1.1599099760385599e-96,4.949735369940694e-75,1.56111873171199e-93,4.3313868292537067e-66,4.379469467637487e-76,0.0,1.4303935980436832e-72,2.00474808755539e-77,1.6152906274838644e-62,1.5602873531123908e-76,0.0,7.162191246711185e-84,2.535854594276009e-87,6.977554819311872e-131,1.695913929863816e-86,2.894724441617785e-86,5.5508718746875885e-84,7.539477578708216e-87,0.7670907820415769,0.0,2.8002204631036973e-102,1.271544124833233e-112,1.0681493615763587e-138,1.9260012429773824e-98
0.027409261576971215,0.9136420525657072,300.0,1.1719703494396547,4.584111271066437e-39,1.293248587358293e-65,1.3145169567612312e-51,0.2329092179584231,9.387568724430132e-52,0.0,7.816336831586492e-46,0.0,0.0,0.0,7.065277418227021e-100,4.314008275361331e-103,4.341014029679286e-80,5.716620151034852e-76,6.087322860214421e-66,1.3906588208947822e-77,4.4313739353694425e-116,4.346023433669596e-88,2.10532742970202e-133,1.634210898292171e-97,1.2752133912931552e-88,1.783902256148898e-150,4.153447661202489e-89,1.2578116958749235e-143,1.4703568381036125e-90,4.749576202081673e-95,4.664852198817498e-86,5.385039655536246e-140,3.4905559137638017e-94,7.592628931674398e-97,3.7685949474557176e-75,3.327343558697897e-93,3.421372780841149e-66,3.226550733509968e-76,1.446094212151427e-74,1.0383421053628578e-72,1.4024049430428455e-77,1.5143786018593045e-62,1.1332420426438504e-76,0.0,4.863844795727422e-84,1.7179480696828347e-87,1.3046547262137228e-131,1.1569523105834062e-86,1.9747807197940247e-86,3.786804228638175e-84,5.149668642913236e-87,0.7670907820415769,0.0,2.0750191944546304e-102,7.921486472957831e-113,1.2968002730793616e-139,1.2573750120940309e-98
0.0274468085106383,0.9148936170212767,300.0,1.1719703494396547,4.1423674337431254e-39,1.150920139144509e-65,1.1777793113143909e-51,0.2329092179584231,8.410008220487287e-52,0.0,6.9863631686187476e-46,0.0,0.0,0.0,6.256439364225253e-100,3.8574052033378434e-103,3.881537907108176e-80,5.111454740612189e-76,5.440906702006963e-66,1.2416887562746261e-77,3.9565969032419126e-116,3.8803908476917674e-88,1.8737966457512075e-133,1.4612306594249117e-97,1.1385092407392923e-88,1.5876207448649044e-150,3.7092591684144476e-89,1.1194075029703266e-143,1.3129394437040255e-90,4.246857246939701e-95,4.171401536482113e-86,4.79254417419617e-140,3.1151064727131083e-94,6.775954350627051e-97,3.3724410143390356e-75,2.920159156497525e-93,3.066111546673445e-66,2.8847704851586593e-76,1.2895723122325245e-74,9.280507761847725e-73,1.2526080197120565e-77,1.4647081264686121e-62,1.0128809279782745e-76,0.0,4.3424992346319485e-84,1.5337579135776745e-87,1.2723866187980578e-131,1.0330018375341554e-86,1.763211926380052e-86,3.3811036900837014e-84,4.598030663255741e-87,0.7670907820415769,0.0,1.8554101529535594e-102,7.066335093995026e-113,1.1541111342556098e-139,1.1220996531830738e-98
0.027484355444305383,0.9161451814768461,300.0,1.1719703494396547,3.700623596419814e-39,1.0085916909307254e-65,1.0410416658675507e-51,0.2329092179584231,7.432447716544442e-52,0.0,6.156389505651003e-46,0.0,0.0,0.0,5.447601310223485e-100,3.4008021313143565e-103,3.4220617845370665e-80,4.5062893301895255e-76,4.794490543799504e-66,1.0927186916544702e-77,3.481819871114383e-116,3.4147582617139387e-88,1.6422658618003956e-133,1.2882504205576525e-97,1.0018050901854293e-88,1.391339233580911e-150,3.2650706756264066e-89,9.8100331006573e-144,1.1555220493044386e-90,3.7441382917977285e-95,3.6779508741467276e-86,4.200048692856093e-140,2.739657031662415e-94,5.959279769579703e-97,2.976287081222353e-75,2.5129747542971527e-93,2.71085031250574e-66,2.542990236807351e-76,1.133050412313622e-74,8.177594470066871e-73,1.1028110963812677e-77,1.4150376510779195e-62,8.925198133126986e-77,0.0,3.821153673536476e-84,1.3495677574725143e-87,1.2401185113823928e-131,9.090513644849047e-87,1.5516431329660796e-86,2.975403151529227e-84,4.046392683598246e-87,0.7670907820415769,0.0,1.6358011114524881e-102,6.21118371503222e-113,1.0114219954318581e-139,9.868242942721168e-99
0.027521902377972467,0.9173967459324156,300.0,1.1719703494396547,3.2588797590965024e-39,8.662632427169414e-66,9.043040204207106e-52,0.2329092179584231,6.454887212601597e-52,0.0,5.326415842683259e-46,0.0,0.0,0.0,4.638763256221717e-100,2.944199059290869e-103,2.9625856619659567e-80,3.901123919766862e-76,4.148074385592046e-66,9.437486270343142e-78,3.0070428389868534e-116,2.9491256757361105e-88,1.4107350778495836e-133,1.1152701816903933e-97,8.651009396315664e-89,1.1950577222969172e-150,2.8208821828383662e-89,8.425991171611332e-144,9.981046549048516e-91,3.241419336655756e-95,3.1845002118113426e-86,3.6075532115160166e-140,2.3642075906117215e-94,5.142605188532356e-97,2.5801331481056706e-75,2.1057903520967807e-93,2.3555890783380354e-66,2.2012099884560426e-76,9.765285123947195e-75,7.074681178286017e-73,9.530141730504789e-78,1.365367175687227e-62,7.721586986471229e-77,0.0,3.2998081124410033e-84,1.1653776013673541e-87,1.2078504039667275e-131,7.8510089143565395e-87,1.340074339552107e-86,2.569702612974753e-84,3.494754703940751e-87,0.7670907820415769,0.0,1.4161920699514171e-102,5.356032336069415e-113,8.687328566081065e-140,8.515489353611599e-99
0.02755944931163955,0.9186483103879851,300.0,1.1719703494396547,2.8171359217731905e-39,7.239347945031576e-66,7.675663749738704e-52,0.2329092179584231,5.477326708658752e-52,0.0,4.4964421797155144e-46,0.0,0.0,0.0,3.829925202219949e-100,2.487595987267382e-103,2.5031095393948466e-80,3.295958509344198e-76,3.5016582273845877e-66,7.947785624141582e-78,2.5322658068593238e-116,2.4834930897582818e-88,1.1792042938987716e-133,9.42289942823134e-98,7.283967890777033e-89,9.987762110129237e-151,2.3766936900503252e-89,7.041949242565366e-144,8.406872605052645e-91,2.7387003815137837e-95,2.6910495494759576e-86,3.01505773017594e-140,1.9887581495610278e-94,4.3259306074850074e-97,2.1839792149889882e-75,1.6986059498964083e-93,2.000327844170331e-66,1.859429740104734e-76,8.200066124758169e-75,5.971767886505164e-73,8.032172497196899e-78,1.3156967002965346e-62,6.517975839815469e-77,0.0,2.7784625513455305e-84,9.81187445262194e-88,1.1755822965510625e-131,6.611504183864033e-87,1.1285055461381344e-86,2.1640020744202787e-84,2.9431167242832565e-87,0.7670907820415769,0.0,1.196583028450346e-102,4.5008809571066086e-113,7.260437177843546e-140,7.162735764502028e-99
0.027596996245306635,0.9198998748435545,300.0,1.1719703494396547,2.375392084449879e-39,5.816063462893737e-66,6.308287295270301e-52,0.2329092179584231,4.499766204715907e-52,0.0,3.666468516747769e-46,0.0,0.0,0.0,3.0210871482181806e-100,2.030992915243895e-103,2.0436334168237368e-80,2.690793098921535e-76,2.855242069177129e-66,6.458084977940021e-78,2.0574887747317942e-116,2.017860503780453e-88,9.476735099479595e-134,7.69309703955875e-98,5.916926385238403e-89,8.024946997289302e-151,1.9325051972622845e-89,5.657907313519398e-144,6.832698661056774e-91,2.2359814263718113e-95,2.1975988871405722e-86,2.4225622488358636e-140,1.6133087085103344e-94,3.50925602643766e-97,1.7878252818723057e-75,1.2914215476960362e-93,1.6450666100026264e-66,1.5176494917534255e-76,6.634847125569144e-75,4.8688545947243096e-73,6.534203263889009e-78,1.266026224905842e-62,5.314364693159709e-77,0.0,2.2571169902500576e-84,7.969972891570338e-88,1.1433141891353972e-131,5.371999453371525e-87,9.169367527241618e-87,1.7583015358658045e-84,2.3914787446257615e-87,0.7670907820415769,0.0,9.769739869492749e-103,3.645729578143803e-113,5.833545789606028e-140,5.809982175392457e-99
0.02763454317897372,0.921151439299124,300.0,1.1719703494396547,1.9336482471265675e-39,4.3927789807558986e-66,4.9409108408019e-52,0.2329092179584231,3.5222057007730614e-52,0.0,2.836494853780025e-46,0.0,0.0,0.0,2.2122490942164125e-100,1.5743898432204082e-103,1.584157294252627e-80,2.0856276884988716e-76,2.2088259109696702e-66,4.96838433173846e-78,1.5827117426042644e-116,1.5522279178026244e-88,7.161427259971475e-134,5.963294650886156e-98,4.549884879699774e-89,6.0621318844493654e-151,1.4883167044742434e-89,4.2738653844734305e-144,5.258524717060904e-91,1.733262471229839e-95,1.704148224805187e-86,1.8300667674957872e-140,1.2378592674596408e-94,2.692581445390312e-97,1.3916713487556232e-75,8.842371454956642e-94,1.2898053758349215e-66,1.175869243402117e-76,5.069628126380118e-75,3.7659413029434556e-73,5.036234030581121e-78,1.2163557495151496e-62,4.1107535465039515e-77,0.0,1.7357714291545848e-84,6.128071330518736e-88,1.1110460817197322e-131,4.132494722879019e-87,7.053679593101894e-87,1.3526009973113303e-84,1.839840764968267e-87,0.7670907820415769,0.0,7.573649454482038e-103,2.790578199180997e-113,4.406654401368511e-140,4.4572285862828864e-99
0.027672090112640803,0.9224030037546934,300.0,1.1719703494396547,1.4919044098032557e-39,2.96949449861806e-66,3.573534386333498e-52,0.2329092179584231,2.5446451968302165e-52,0.0,2.0065211908122805e-46,0.0,0.0,0.0,1.4034110402146444e-100,1.1177867711969207e-103,1.1246811716815168e-80,1.4804622780762082e-76,1.5624097527622122e-66,3.4786836855369e-78,1.107934710476735e-116,1.0865953318247956e-88,4.846119420463357e-134,4.233492262213564e-98,3.182843374161143e-89,4.09931677160943e-151,1.0441282116862027e-89,2.889823455427463e-144,3.684350773065034e-91,1.2305435160878666e-95,1.2106975624698019e-86,1.237571286155711e-140,8.624098264089474e-95,1.875906864342964e-97,9.955174156389407e-76,4.770527432952918e-94,9.345441416672172e-67,8.340889950508087e-77,3.504409127191093e-75,2.663028011162603e-73,3.5382647972732307e-78,1.166685274124457e-62,2.9071423998481925e-77,0.0,1.2144258680591124e-84,4.286169769467132e-88,1.0787779743040672e-131,2.89298999238651e-87,4.937991658962168e-87,9.469004587568561e-85,1.2882027853107719e-87,0.7670907820415769,0.0,5.377559039471328e-103,1.9354268202181912e-113,2.979763013130993e-140,3.1044749971733174e-99
0.027709637046307887,0.9236545682102629,300.0,1.1719703494396547,1.0501605724799438e-39,1.5462100164802211e-66,2.2061579318650966e-52,0.2329092179584231,1.5670846928873717e-52,0.0,1.1765475278445369e-46,0.0,0.0,0.0,5.945729862128763e-101,6.611836991734338e-104,6.65205049110407e-81,8.752968676535443e-77,9.159935945547532e-67,1.9889830393353407e-78,6.3315767834920515e-117,6.2096274584696746e-89,2.5308115809552365e-134,2.5036898735409743e-98,1.8158018686225133e-89,2.136501658769495e-151,5.999397188981617e-90,1.5057815263814963e-144,2.1101768290691617e-91,7.278245609458942e-96,7.172469001344169e-87,6.450758048156341e-141,4.86960385358254e-95,1.0592322832956171e-97,5.993634825222582e-76,6.986834109491976e-95,5.792829074995123e-67,4.923087466995003e-77,1.9391901280020672e-75,1.560114719381749e-73,2.0402955639653426e-78,1.1170147987337645e-62,1.7035312531924335e-77,0.0,6.930803069636391e-85,2.4442682084155302e-88,1.046509866888402e-131,1.6534852618940035e-87,2.8223037248224416e-87,5.411999202023819e-85,7.365648056532773e-88,0.7670907820415769,0.0,3.1814686244606176e-103,1.0802754412553856e-113,1.5528716248934765e-140,1.7517214080637467e-99
0.027747183979974967,0.9249061326658323,300.0,1.1719703494396547,6.084167351566731e-40,1.2292553434251313e-67,8.387814773968197e-53,0.2329092179584231,5.895241889446173e-53,0.0,3.4657386487686873e-47,0.0,2.986760631398678e-87,6.506549225385555e-132,0.0,2.0458062714998894e-104,2.0572892653933986e-81,2.701314572309374e-77,2.6957743634735434e-67,4.992823931339173e-79,1.583806462217198e-117,1.5533015986918171e-89,2.155037414473274e-135,7.738874848685406e-99,4.487603630840094e-90,1.7368654592974172e-152,1.557512261101618e-90,1.2173959733565725e-145,5.360028850734378e-92,2.251056058039684e-96,2.237962377990776e-87,5.2580323475612375e-142,1.1151094430759522e-95,2.42557702248344e-98,2.0320954940561258e-76,0.0,2.240216733318406e-67,1.5052849834822348e-77,3.739711288131869e-76,4.572014276009968e-74,5.423263306575906e-79,1.0673443233430766e-62,4.999201065367849e-78,2.2684518963887885e-112,1.7173474586821426e-85,6.02366647364098e-89,1.01424175947274e-131,4.139805314016112e-88,7.06615790682912e-88,1.3549938164794516e-85,1.849268259958336e-88,0.7670907820415769,0.0,9.853782094501095e-104,2.251240622926597e-114,1.2598023665609048e-141,3.9896781895430103e-100
0.02778473091364205,0.9261576971214017,300.0,1.1719703494396547,5.282829643931578e-40,1.6616745639784127e-68,6.71559109767729e-53,0.2329092179584231,4.708186601320151e-53,0.0,2.58869239859212e-47,0.0,4.808587047144491e-87,8.390108884582715e-132,0.0,1.551301675767698e-104,1.5597930208509779e-81,2.046787178227468e-77,2.0129972914143436e-67,3.525736811011941e-79,1.1168937305096778e-117,1.0953818382856255e-89,3.7986252036788816e-136,5.86651779844549e-99,3.1495971996918736e-90,2.402671204759661e-153,1.1140260105457507e-90,1.627743003188176e-146,3.802359723056881e-92,1.7067355963273052e-96,1.7012937905241884e-87,7.390023683044785e-143,7.580042944020747e-96,1.6488047975115304e-98,1.5810566793509553e-76,0.0,1.800686254164325e-67,1.1373775170841816e-77,2.4618085910664517e-76,3.4094468756252942e-74,3.912707765918766e-79,1.0458405702198424e-62,3.7296406987332107e-78,3.342231596418761e-112,1.2065536170376572e-85,4.2228909425853075e-89,9.18110776788462e-132,2.9203890659111736e-88,4.984758635582608e-88,9.558684106623542e-86,1.305967208941534e-88,0.7670907820415769,0.0,7.474838513767501e-104,1.4635337736323054e-114,1.7209419898842118e-142,2.705509194496511e-100
0.027822277847309135,0.9274092615769712,300.0,1.1719703494396547,4.774689287560919e-40,1.7089769918205383e-68,6.01646532963378e-53,0.2329092179584231,4.217500211947898e-53,0.0,2.31348590891521e-47,0.0,4.223715216933629e-87,7.44944160232065e-132,0.0,1.3869208198598143e-104,1.3945074504571373e-81,1.8298646525353684e-77,1.7989811255722732e-67,3.147562069739744e-79,9.9707756011822e-118,9.778733832336942e-90,3.38031153367412e-136,5.2448904917035605e-99,2.8115157921298275e-90,2.1379468351113014e-153,9.947342473402902e-91,1.4483892058482802e-146,3.39475035042843e-92,1.5258910067531062e-96,1.5212066654265969e-87,6.575819691595564e-143,6.763631399306869e-96,1.4712196200122983e-98,1.4146530416559915e-76,0.0,1.6135678179173327e-67,1.0167588358574446e-77,2.3493886476346713e-76,3.0468712739501e-74,3.49424439761938e-79,1.0266206053885627e-62,3.333043934794406e-78,2.9692939128353462e-112,1.0770566756072462e-85,3.7695402828362854e-89,8.168017231364622e-132,2.6071050656558945e-88,4.4500199105634686e-88,8.533278680662128e-86,1.165888758915652e-88,0.7670907820415769,0.0,6.683621465684715e-104,1.3053247843646303e-114,1.5313244072351171e-142,2.4140456234533005e-100
0.02785982478097622,0.9286608260325406,300.0,1.1719703494396547,4.26654893119026e-40,1.7562794196626637e-68,5.317339561590271e-53,0.2329092179584231,3.726813822575644e-53,0.0,2.0382794192382994e-47,0.0,3.638843386722767e-87,6.508774320058584e-132,0.0,1.2225399639519306e-104,1.2292218800632964e-81,1.6129421268432685e-77,1.5849649597302025e-67,2.7693873284675474e-79,8.772613897267622e-118,8.60364928181763e-90,2.961997863669358e-136,4.6232631849616305e-99,2.473434384567782e-90,1.8732224654629418e-153,8.754424841348295e-91,1.2690354085083844e-146,2.9871409777999785e-92,1.345046417178907e-96,1.3411195403290054e-87,5.761615700146341e-143,5.947219854592991e-96,1.293634442513066e-98,1.2482494039610274e-76,0.0,1.426449381670341e-67,8.961401546307076e-78,2.236968704202891e-76,2.6842956722749064e-74,3.0757810293199946e-79,1.007400640557283e-62,2.9364471708556014e-78,2.5963562292519318e-112,9.475597341768352e-86,3.316189623087264e-89,7.154926694844624e-132,2.2938210654006157e-88,3.91528118554433e-88,7.507873254700713e-86,1.0258103088897701e-88,0.7670907820415769,0.0,5.89240441760193e-104,1.1471157950969555e-114,1.3417068245860225e-142,2.1225820524100896e-100
0.027897371714643304,0.9299123904881101,300.0,1.1719703494396547,3.7584085748196e-40,1.803581847504789e-68,4.618213793546762e-53,0.2329092179584231,3.2361274332033913e-53,0.0,1.7630729295613892e-47,0.0,3.053971556511905e-87,5.56810703779652e-132,0.0,1.0581591080440469e-104,1.0639363096694558e-81,1.3960196011511687e-77,1.370948793888132e-67,2.3912125871953506e-79,7.574452193353045e-118,7.428564731298319e-90,2.5436841936645962e-136,4.0016358782197005e-99,2.1353529770057358e-90,1.6084980958145826e-153,7.561507209293687e-91,1.0896816111684886e-146,2.579531605171527e-92,1.1642018276047078e-96,1.1610324152314137e-87,4.947411708697121e-143,5.1308083098791136e-96,1.116049265013834e-98,1.0818457662660634e-76,0.0,1.2393309454233488e-67,7.755214734039706e-78,2.1245487607711106e-76,2.3217200705997126e-74,2.6573176610206086e-79,9.881806757260032e-63,2.5398504069167967e-78,2.2234185456685164e-112,8.180627927464242e-86,2.8628389633382415e-89,6.141836158324628e-132,1.9805370651453366e-88,3.3805424605251904e-88,6.482467828739298e-86,8.85731858863888e-89,0.7670907820415769,0.0,5.1011873695191436e-104,9.889068058292804e-115,1.1520892419369275e-142,1.8311184813668789e-100
0.027934918648310388,0.9311639549436797,300.0,1.1719703494396547,3.25026821844894e-40,1.8508842753469147e-68,3.9190880255032537e-53,0.2329092179584231,2.745441043831138e-53,0.0,1.487866439884479e-47,0.0,2.4690997263010432e-87,4.627439755534455e-132,0.0,8.937782521361632e-105,8.986507392756151e-82,1.179097075459069e-77,1.1569326280460612e-67,2.0130378459231535e-79,6.376290489438467e-118,6.253480180779007e-90,2.1253705236598343e-136,3.3800085714777714e-99,1.7972715694436903e-90,1.343773726166223e-153,6.36858957723908e-91,9.103278138285928e-147,2.1719222325430753e-92,9.833572380305088e-97,9.809452901338223e-88,4.133207717247898e-143,4.314396765165236e-96,9.384640875146018e-99,9.154421285710994e-77,0.0,1.052212509176357e-67,6.549027921772336e-78,2.0121288173393303e-76,1.9591444689245185e-74,2.2388542927212228e-79,9.689607108947234e-63,2.1432536429779918e-78,1.8504808620851017e-112,6.885658513160132e-86,2.4094883035892198e-89,5.12874562180463e-132,1.6672530648900575e-88,2.8458037355060516e-88,5.4570624027778834e-86,7.456534088380062e-89,0.7670907820415769,0.0,4.3099703214363577e-104,8.306978165616057e-115,9.624716592878328e-143,1.5396549103236682e-100
0.02797246558197747,0.932415519399249,300.0,1.1719703494396547,2.7421278620782806e-40,1.8981867031890402e-68,3.219962257459745e-53,0.2329092179584231,2.2547546544588847e-53,0.0,1.2126599502075685e-47,0.0,1.884227896090181e-87,3.68677247327239e-132,0.0,7.293973962282795e-105,7.333651688817745e-82,9.621745497669692e-78,9.429164622039907e-68,1.6348631046509566e-79,5.178128785523889e-118,5.078395630259694e-90,1.7070568536550723e-136,2.7583812647358414e-99,1.4591901618816445e-90,1.0790493565178638e-153,5.175671945184474e-91,7.30974016488697e-147,1.7643128599146236e-92,8.025126484563098e-97,8.00858165036231e-88,3.3190037257986767e-143,3.4979852204513582e-96,7.608789100153697e-99,7.490384908761354e-77,0.0,8.650940729293651e-68,5.342841109504966e-78,1.89970887390755e-76,1.5965688672493248e-74,1.8203909244218367e-79,9.497407460634436e-63,1.746656879039187e-78,1.477543178501687e-112,5.5906890988560224e-86,1.956137643840198e-89,4.115655085284632e-132,1.3539690646347784e-88,2.3110650104869123e-88,4.4316569768164686e-86,6.055749588121241e-89,0.7670907820415769,0.0,3.518753273353572e-104,6.724888272939308e-115,7.72854076638738e-143,1.2481913392804572e-100
0.028010012515644556,0.9336670838548186,300.0,1.1719703494396547,2.233987505707621e-40,1.9454891310311654e-68,2.520836489416236e-53,0.2329092179584231,1.7640682650866313e-53,0.0,9.374534605306583e-48,0.0,1.2993560658793193e-87,2.746105191010325e-132,0.0,5.6501654032039575e-105,5.680795984879338e-82,7.452520240748694e-78,7.289002963619201e-68,1.2566883633787598e-79,3.979967081609311e-118,3.903311079740383e-90,1.28874318365031e-136,2.1367539579939123e-99,1.1211087543195988e-90,8.143249868695042e-154,3.982754313129867e-91,5.516202191488013e-147,1.356703487286172e-92,6.216680588821105e-97,6.207710399386395e-88,2.504799734349455e-143,2.6815736757374806e-96,5.8329373251613746e-99,5.826348531811714e-77,0.0,6.7797563668237314e-68,4.1366542972375955e-78,1.7872889304757696e-76,1.2339932655741306e-74,1.401927556122451e-79,9.305207812321639e-63,1.3500601151003823e-78,1.104605494918272e-112,4.2957196845519125e-86,1.502786984091176e-89,3.102564548764635e-132,1.0406850643794993e-88,1.7763262854677735e-88,3.406251550855054e-86,4.654965087862422e-89,0.7670907820415769,0.0,2.727536225270786e-104,5.142798380262558e-115,5.832364939896433e-143,9.567277682372466e-101
0.02804755944931164,0.9349186483103881,300.0,1.1719703494396547,1.7258471493369612e-40,1.992791558873291e-68,1.8217107213727274e-53,0.2329092179584231,1.2733818757143784e-53,0.0,6.622469708537481e-48,0.0,7.144842356684571e-88,1.805437908748259e-132,0.0,4.006356844125119e-105,4.0279402809409324e-82,5.283294983827696e-78,5.1488413051984956e-68,8.785136221065626e-80,2.7818053776947333e-118,2.72822652922107e-90,8.70429513645548e-137,1.5151266512519823e-99,7.830273467575527e-91,5.4960061722114496e-154,2.7898366810752596e-91,3.7226642180890546e-147,9.490941146577207e-93,4.408234693079115e-97,4.40683914841048e-88,1.6905957429002336e-143,1.865162131023603e-96,4.0570855501690535e-99,4.1623121548620735e-77,0.0,4.908572004353812e-68,2.9304674849702254e-78,1.6748689870439893e-76,8.714176638989369e-75,9.834641878230655e-80,9.113008164008841e-63,9.534633511615776e-79,7.316678113348571e-113,3.0007502702478025e-86,1.0494363243421542e-89,2.0894740122446374e-132,7.274010641242201e-89,1.2415875604486342e-88,2.380846124893639e-86,3.2541805876036015e-89,0.7670907820415769,0.0,1.936319177188e-104,3.5607084875858092e-115,3.9361891134054846e-143,6.652641971940359e-101
0.028085106382978724,0.9361702127659575,300.0,1.1719703494396547,1.217706792966302e-40,2.0400939867154166e-68,1.1225849533292187e-53,0.2329092179584231,7.826954863421251e-54,0.0,3.870404811768379e-48,0.0,1.2961240545759494e-88,8.647706264861941e-133,0.0,2.3625482850462833e-105,2.375084577002524e-82,3.1140697269066993e-78,3.0086796467777884e-68,5.003388808343658e-80,1.5836436737801553e-118,1.5531419787017584e-90,4.5211584364078615e-137,8.934993445100532e-100,4.449459391955071e-91,2.8487624757278542e-154,1.5969190490206535e-91,1.9291262446900968e-147,5.414847420292687e-93,2.599788797337123e-97,2.6059678974345653e-88,8.763917514510121e-144,1.0487505863097253e-96,2.2812337751767325e-99,2.4982757779124327e-77,0.0,3.0373876418838924e-68,1.7242806727028553e-78,1.562449043612209e-76,5.088420622237432e-75,5.6500081952367944e-80,8.920808515696043e-63,5.56866587222773e-79,3.5873012775144217e-113,1.7057808559436926e-86,5.960856645931321e-90,1.0763834757246401e-132,4.141170638689413e-89,7.068488354294954e-89,1.3554406989322244e-86,1.8533960873447823e-89,0.7670907820415769,0.0,1.145102129105214e-104,1.97861859490906e-115,2.040013286914538e-143,3.7380062615082544e-101
0.028122653316645808,0.937421777221527,300.0,1.1719703494396547,7.095664365956421e-41,2.087396414557542e-68,4.234591852857099e-54,0.2329092179584231,2.9200909696987224e-54,0.0,1.1183399149992767e-48,0.0,0.0,0.0,1.3164079617993242e-103,7.187397259674462e-106,7.222288730641182e-83,9.44844469985701e-79,8.685179883570812e-69,1.2216413956216893e-80,3.8548196986557903e-119,3.78057428182447e-91,3.38021736360246e-138,2.718720377681232e-100,1.0686453163346143e-91,2.0151877924425884e-155,4.040014169660463e-92,1.3558827129113889e-148,1.3387536940081744e-93,7.913429015951329e-98,8.050966464586483e-89,6.218776000178972e-145,2.3233904159584843e-97,5.053820001844115e-100,8.342394009627918e-78,0.0,1.1662032794139746e-68,5.180938604354852e-79,1.4500291001804286e-76,1.4626646054854944e-75,1.4653745122429338e-80,8.728608867383247e-63,1.602698232839678e-79,0.0,4.108114416395827e-87,1.4273500484410998e-90,6.329293920464284e-134,1.0083306361366221e-89,1.7211011041035657e-89,3.300352729708096e-87,4.526115870859632e-90,0.7670907820415769,0.0,3.538850810224281e-105,3.9652870223231085e-116,1.4383746042358784e-144,8.23370551076145e-102
0.028160200250312892,0.9386733416770964,300.0,1.1719703494396547,6.233263082036315e-41,1.895222281985937e-68,3.464601535284637e-54,0.2329092179584231,2.3839391223148898e-54,0.0,8.613255455365347e-49,0.0,0.0,0.0,2.7571272106329327e-103,5.608736385913547e-106,5.635351151059965e-83,7.36830726320919e-79,6.687494079784221e-69,8.958523152903912e-81,2.8240547768612267e-119,2.769662357964633e-91,6.940933946051771e-139,2.1222140924461866e-100,7.794591234841166e-92,3.26882597059513e-156,2.9960025000439675e-92,2.1291785396761746e-149,9.85675461440432e-94,6.17762853089596e-98,6.315140175517445e-89,1.0241716822626046e-145,1.64776460649864e-97,3.584204217073345e-100,6.651295660465253e-78,0.0,9.57429596195282e-69,4.030513718084788e-79,1.3073856949742079e-76,1.1249858789575093e-75,1.0949379388294882e-80,8.551999974532795e-63,1.2330861393962643e-79,0.0,2.999126428474335e-87,1.0400625983727495e-90,0.0,7.387675290156806e-90,1.2609887712231788e-89,2.4180495401039824e-87,3.319277010967371e-90,0.7670907820415769,0.0,2.7782101331286726e-105,2.703836599765303e-116,2.2953812904564707e-145,5.8270855906622574e-102
0.028197747183979976,0.9399249061326659,300.0,1.1719703494396547,5.652128616768231e-41,1.6870830453867734e-68,3.109362375235736e-54,0.2329092179584231,2.139168078019878e-54,0.0,7.706478778939726e-49,0.0,0.0,0.0,2.4383489531313384e-103,5.020703826619671e-106,5.04452153546414e-83,6.595644168730239e-79,5.98340366135708e-69,8.004604571181309e-81,2.5233466628890094e-119,2.474746006192631e-91,6.176522943693154e-139,1.9003589260228677e-100,6.963814561513159e-92,2.908528529708459e-156,2.6776684738217022e-92,1.8944732002526315e-149,8.807982617867757e-94,5.531738610663276e-98,5.66417296782612e-89,9.112870194723732e-146,1.471371439549996e-97,3.200515229977796e-100,5.956815005990039e-78,0.0,8.594832915931761e-69,3.6075183809072285e-79,1.162727392316361e-76,1.0065123051108069e-75,9.787811727210214e-81,8.376430465379832e-63,1.1032310823488054e-79,0.0,2.6795188508929886e-87,9.291897581321161e-91,0.0,6.600895482565787e-90,1.1266947661630536e-89,2.1605297551662852e-87,2.9658385605869214e-90,0.7670907820415769,0.0,2.494338109614517e-105,2.413016077486727e-116,2.0422977316827837e-145,5.203114816175203e-102
0.02823529411764706,0.9411764705882354,300.0,1.1719703494396547,5.070994151500146e-41,1.4789438087876098e-68,2.7541232151868355e-54,0.2329092179584231,1.8943970337248662e-54,0.0,6.799702102514104e-49,0.0,0.0,0.0,2.1195706956297437e-103,4.432671267325795e-106,4.453691919868316e-83,5.822981074251287e-79,5.279313242929938e-69,7.050685989458707e-81,2.2226385489167918e-119,2.1798296544206286e-91,5.412111941334537e-139,1.6785037595995485e-100,6.1330378881851534e-92,2.548231088821787e-156,2.3593344475994373e-92,1.659767860829088e-149,7.759210621331191e-94,4.885848690430592e-98,5.0132057601347955e-89,7.984023566821417e-146,1.294978272601352e-97,2.816826242882247e-100,5.262334351514824e-78,0.0,7.615369869910701e-69,3.184523043729669e-79,1.018069089658514e-76,8.880387312641045e-76,8.626244066125546e-81,8.200860956226868e-63,9.733760253013466e-80,0.0,2.3599112733116423e-87,8.183169178914827e-91,0.0,5.8141156749747685e-90,9.924007611029285e-90,1.9030099702285881e-87,2.6124001102064716e-90,0.7670907820415769,0.0,2.2104660861003617e-105,2.122195555208151e-116,1.7892141729090968e-145,4.579144041688149e-102
0.028272841051314144,0.9424280350438048,300.0,1.1719703494396547,4.4898596862320615e-41,1.2708045721884464e-68,2.398884055137935e-54,0.2329092179584231,1.6496259894298543e-54,0.0,5.892925426088483e-49,0.0,0.0,0.0,1.8007924381281491e-103,3.8446387080319195e-106,3.86286230427249e-83,5.050317979772335e-79,4.575222824502797e-69,6.096767407736104e-81,1.9219304349445742e-119,1.8849133026486266e-91,4.6477009389759204e-139,1.4566485931762296e-100,5.3022612148571476e-92,2.1879336479351156e-156,2.041000421377172e-92,1.4250625214055447e-149,6.710438624794628e-94,4.239958770197907e-98,4.3622385524434716e-89,6.855176938919104e-146,1.1185851056527077e-97,2.433137255786698e-100,4.567853697039609e-78,0.0,6.63590682388964e-69,2.7615277065521096e-79,8.734107870006672e-77,7.695651574174021e-76,7.464676405040878e-81,8.025291447073905e-63,8.435209682538879e-80,0.0,2.0403036957302965e-87,7.074440776508493e-91,0.0,5.027335867383749e-90,8.581067560428034e-90,1.645490185290891e-87,2.258961659826022e-90,0.7670907820415769,0.0,1.926594062586206e-105,1.8313750329295748e-116,1.5361306141354095e-145,3.955173267201096e-102
0.028310387984981228,0.9436795994993743,300.0,1.1719703494396547,3.908725220963976e-41,1.062665335589283e-68,2.0436448950890344e-54,0.2329092179584231,1.4048549451348423e-54,0.0,4.986148749662862e-49,0.0,0.0,0.0,1.4820141806265546e-103,3.256606148738044e-106,3.2720326886766656e-83,4.277654885293383e-79,3.871132406075656e-69,5.142848826013501e-81,1.6212223209723566e-119,1.5899969508766244e-91,3.883289936617303e-139,1.2347934267529107e-100,4.471484541529141e-92,1.827636207048444e-156,1.722666395154907e-92,1.1903571819820013e-149,5.661666628258062e-94,3.594068849965223e-98,3.711271344752148e-89,5.72633031101679e-146,9.421919387040636e-98,2.0494482686911495e-100,3.873373042564394e-78,0.0,5.656443777868581e-69,2.3385323693745502e-79,7.287524843428202e-77,6.510915835706997e-76,6.30310874395621e-81,7.849721937920941e-63,7.13665911206429e-80,0.0,1.7206961181489502e-87,5.96571237410216e-91,0.0,4.2405560597927295e-90,7.238127509826782e-90,1.387970400353194e-87,1.9055232094455724e-90,0.7670907820415769,0.0,1.6427220390720506e-105,1.5405545106509987e-116,1.2830470553617223e-145,3.3312024927140413e-102
0.028347934918648312,0.9449311639549438,300.0,1.1719703494396547,3.327590755695892e-41,8.545260989901195e-69,1.6884057350401338e-54,0.2329092179584231,1.1600839008398307e-54,0.0,4.079372073237241e-49,0.0,0.0,0.0,1.16323592312496e-103,2.6685735894441682e-106,2.6812030730808405e-83,3.5049917908144313e-79,3.1670419876485146e-69,4.1889302442908985e-81,1.320514207000139e-119,1.2950805991046222e-91,3.1188789342586863e-139,1.0129382603295918e-100,3.640707868201135e-92,1.4673387661617724e-156,1.4043323689326422e-92,9.556518425584579e-150,4.612894631721498e-94,2.948178929732539e-98,3.060304137060824e-89,4.597483683114476e-146,7.657987717554195e-98,1.6657592815956006e-100,3.1788923880891785e-78,0.0,4.67698073184752e-69,1.9155370321969908e-79,5.840941816849734e-77,5.3261800972399735e-76,5.141541082871542e-81,7.674152428767978e-63,5.8381085415897026e-80,0.0,1.4010885405676041e-87,4.856983971695826e-91,0.0,3.453776252201711e-90,5.895187459225532e-90,1.1304506154154968e-87,1.5520847590651225e-90,0.7670907820415769,0.0,1.358850015557895e-105,1.2497339883724228e-116,1.0299634965880352e-145,2.7072317182269876e-102
0.028385481852315396,0.9461827284105132,300.0,1.1719703494396547,2.746456290427807e-41,6.46386862390956e-69,1.3331665749912332e-54,0.2329092179584231,9.15312856544819e-55,0.0,3.1725953968116195e-49,0.0,0.0,0.0,8.444576656233656e-104,2.080541030150293e-106,2.0903734574850154e-83,2.732328696335479e-79,2.462951569221373e-69,3.235011662568296e-81,1.0198060930279214e-119,1.0001642473326203e-91,2.3544679319000696e-139,7.910830939062729e-101,2.8099311948731293e-92,1.107041325275101e-156,1.0859983427103773e-92,7.209465031349145e-150,3.564122635184934e-94,2.3022890094998548e-98,2.4093369293694992e-89,3.4686370552121624e-146,5.894056048067753e-98,1.282070294500052e-100,2.4844117336139638e-78,0.0,3.697517685826461e-69,1.4925416950194316e-79,4.3943587902712644e-77,4.1414443587729483e-76,3.9799734217868744e-81,7.498582919615014e-63,4.539557971115114e-80,0.0,1.081480962986258e-87,3.748255569289492e-91,0.0,2.666996444610692e-90,4.55224740862428e-90,8.729308304777997e-88,1.1986463086846728e-90,0.7670907820415769,0.0,1.0749779920437395e-105,9.589134660938467e-117,7.768799378143479e-146,2.0832609437399335e-102
0.02842302878598248,0.9474342928660827,300.0,1.1719703494396547,2.1653218251597225e-41,4.382476257917926e-69,9.779274149423326e-55,0.2329092179584231,6.70541812249807e-55,0.0,2.265818720385999e-49,0.0,0.0,0.0,5.256794081217708e-104,1.4925084708564175e-106,1.4995438418891902e-83,1.959665601856527e-79,1.7588611507942322e-69,2.2810930808456936e-81,7.190979790557038e-120,7.052478955606181e-92,1.590056929541453e-139,5.69227927482954e-101,1.9791545215451228e-92,7.467438843884292e-157,7.67664316488112e-93,4.862411637113711e-150,2.5153506386483695e-94,1.6563990892671707e-98,1.7583697216781753e-89,2.3397904273098473e-146,4.1301243785813135e-98,8.98381307404503e-101,1.789931079138749e-78,0.0,2.7180546398054003e-69,1.0695463578418719e-79,2.9477757636927948e-77,2.9567086203059244e-76,2.8184057607022066e-81,7.323013410462051e-63,3.2410074006405263e-80,0.0,7.618733854049118e-88,2.639527166883158e-91,0.0,1.8802166370196727e-90,3.209307358023028e-90,6.154110455401026e-88,8.45207858304223e-91,0.7670907820415769,0.0,7.91105968529584e-106,6.680929438152705e-117,5.23796379040661e-146,1.4592901692528793e-102
0.028460575719649564,0.9486858573216521,300.0,1.1719703494396547,1.5841873598916372e-41,2.3010838919262925e-69,6.2268825489343204e-55,0.2329092179584231,4.257707679547954e-55,0.0,1.3590420439603772e-49,0.0,0.0,0.0,2.0690115062017655e-104,9.044759115625412e-107,9.087142262933659e-84,1.1870025073775759e-79,1.0547707323670902e-69,1.3271744991230902e-81,4.183898650834865e-120,4.103315437886159e-92,8.2564592718283625e-140,3.473727610596348e-101,1.1483778482171162e-92,3.864464435017578e-157,4.493302902658471e-93,2.515358242878275e-150,1.466578642111805e-94,1.0105091690344866e-98,1.1074025139868514e-89,1.210943799407534e-146,2.3661927090948713e-98,5.1469232030895406e-101,1.0954504246635342e-78,0.0,1.7385915937843408e-69,6.4655102066431275e-80,1.5011927371143266e-77,1.7719728818389004e-76,1.6568380996175387e-81,7.147443901309087e-63,1.9424568301659374e-80,0.0,4.4226580782356594e-88,1.5307987644768252e-91,0.0,1.093436829428654e-90,1.8663673074217762e-90,3.578912606024055e-88,4.917694079237733e-91,0.7670907820415769,0.0,5.072339450154281e-106,3.772724215366944e-117,2.7071282026697366e-146,8.353193947658252e-103
0.028498122653316645,0.9499374217772215,300.0,1.1719703494396547,1.003052894623607e-41,2.196915259348484e-70,2.674490948445645e-55,0.2329092179584231,1.8099972365980605e-55,0.0,4.522653675348403e-50,0.0,0.0,6.317747481084742e-135,0.0,3.1644335226872004e-107,3.178846106975949e-84,4.1433941289869536e-80,3.5068031394001405e-70,3.732559174005758e-82,1.1768175111129668e-120,1.1541519201664122e-92,6.123492482429043e-141,1.2551759463633647e-101,3.1760117488918736e-93,2.614900261511957e-158,1.3099626404361185e-93,1.6830484864306047e-151,4.1780664557533764e-95,3.6461924880186233e-99,4.564353062955868e-90,8.209717150532383e-148,6.022610396085928e-99,1.3100333321344067e-101,4.0096977018838365e-79,0.0,7.591285477633718e-70,2.2355568348679257e-80,5.460971053599046e-79,5.872371433719845e-77,4.9527043853297755e-82,6.971874392156139e-63,6.439062596914698e-81,4.449293492160505e-116,1.2265823024224912e-88,4.220703620705937e-92,0.0,3.066570218377078e-91,5.234272568206498e-91,1.0037147566473248e-88,1.383309575433563e-91,0.7670907820415769,0.0,2.23361921501299e-106,8.645189925814533e-118,1.7629261493309834e-147,2.11348620278829e-103
0.02853566958698373,0.951188986232791,300.0,1.1719703494396547,9.304500493128104e-42,1.1017378009121688e-70,2.381179807638204e-55,0.2329092179584231,1.6093781350743735e-55,0.0,3.8789356660846205e-50,0.0,0.0,6.691749215142089e-135,0.0,2.736355838835378e-107,2.748762206670324e-84,3.581579423596427e-80,3.007198222135047e-70,3.1027189699920936e-82,9.78263448324434e-121,9.594220717782341e-93,2.1920321512805036e-141,1.0908123425823398e-101,2.6309429893189716e-93,7.747406417656971e-159,1.0967955378680625e-93,4.852970954488933e-152,3.482151448033651e-95,3.1680490837188083e-99,4.041442004809037e-90,2.4435134806476027e-148,4.898795751141405e-99,1.065582081405604e-101,3.491667684818137e-79,4.745772057619803e-98,6.772775712377267e-70,1.929493207798263e-80,0.0,5.0330181977813834e-77,4.166885192831337e-82,6.7979504775852e-63,5.518955464650088e-81,6.052543314625237e-116,1.0166692995279006e-88,3.4941026159467425e-92,0.0,2.5476423496210017e-91,4.3485240886508657e-91,8.3386521059911e-89,1.1499298387782938e-91,0.7670907820415769,0.0,1.9942737259215645e-106,6.852216897042633e-118,4.7385584333210854e-148,1.716738140469356e-103
0.028573216520650813,0.9524405506883604,300.0,1.1719703494396547,8.846120261050111e-42,1.0443890899214627e-70,2.259399217340203e-55,0.2329092179584231,1.5270269988888355e-55,0.0,3.678588643925406e-50,0.0,0.0,6.338630307473024e-135,0.0,2.5952385712510944e-107,2.6070052671883275e-84,3.396860309752975e-80,2.8518722136595258e-70,2.9417916929892844e-82,9.27526600111259e-121,9.096624165126882e-93,2.0768686572196872e-141,1.0345638998776698e-101,2.4944372809935334e-93,7.340328361719785e-159,1.0399533384396155e-93,4.597974176965271e-152,3.3015945959791526e-95,3.004682300367579e-99,3.8336236318602283e-90,2.315123448671863e-148,4.644218056192066e-99,1.010206547530709e-101,3.311889063946239e-79,4.5149112733368246e-98,6.426693352118088e-70,1.8299500936077233e-80,0.0,4.773033601249453e-77,3.951058496035054e-82,6.624113173255421e-63,5.233869309884061e-81,5.729656843464237e-116,9.639227583657754e-89,3.3128007174663606e-92,0.0,2.41549712334645e-91,4.1229678210135853e-91,7.906129436733778e-89,1.0902871951307616e-91,0.7670907820415769,0.0,1.8917374339905785e-106,6.495511194537478e-118,4.489584621412927e-148,1.627514271968715e-103
0.028610763454317897,0.9536921151439299,300.0,1.1719703494396547,8.387740028972119e-42,9.870403789307567e-71,2.1376186270422022e-55,0.2329092179584231,1.4446758627032976e-55,0.0,3.4782416217661912e-50,0.0,0.0,5.98551139980396e-135,0.0,2.454121303666811e-107,2.465248327706331e-84,3.212141195909522e-80,2.6965462051840046e-70,2.780864415986475e-82,8.76789751898084e-121,8.599027612471421e-93,1.9617051631588708e-141,9.783154571729997e-102,2.3579315726680957e-93,6.933250305782599e-159,9.831111390111682e-94,4.3429773994416086e-152,3.1210377439246536e-95,2.8413155170163494e-99,3.6258052589114197e-90,2.1867334166961235e-148,4.3896403612427275e-99,9.548310136558139e-102,3.132110443074341e-79,4.284050489053846e-98,6.080610991858909e-70,1.7304069794171834e-80,0.0,4.5130490047175225e-77,3.735231799238771e-82,6.450275868925641e-63,4.948783155118035e-81,5.406770372303237e-116,9.111762172036503e-89,3.131498818985979e-92,0.0,2.283351897071898e-91,3.897411553376305e-91,7.473606767476454e-89,1.0306445514832294e-91,0.7670907820415769,0.0,1.7892011420595921e-106,6.138805492032322e-118,4.240610809504769e-148,1.538290403468074e-103
0.02864831038798498,0.9549436795994994,300.0,1.1719703494396547,7.929359796894126e-42,9.296916679400508e-71,2.015838036744201e-55,0.2329092179584231,1.3623247265177596e-55,0.0,3.277894599606976e-50,0.0,0.0,5.632392492134896e-135,0.0,2.3130040360825276e-107,2.323491388224335e-84,3.0274220820660697e-80,2.5412201967084834e-70,2.6199371389836662e-82,8.260529036849089e-121,8.101431059815962e-93,1.8465416690980546e-141,9.220670144683296e-102,2.2214258643426576e-93,6.526172249845413e-159,9.262689395827212e-94,4.087980621917945e-152,2.9404808918701546e-95,2.6779487336651204e-99,3.417986885962611e-90,2.058343384720384e-148,4.135062666293389e-99,8.994554797809188e-102,2.952331822202443e-79,4.0531897047708687e-98,5.734528631599729e-70,1.6308638652266431e-80,0.0,4.253064408185592e-77,3.519405102442488e-82,6.276438564595861e-63,4.6636970003520075e-81,5.083883901142237e-116,8.58429676041525e-89,2.950196920505597e-92,0.0,2.1512066707973466e-91,3.671855285739025e-91,7.04108409821913e-89,9.710019078356973e-92,0.7670907820415769,0.0,1.686664850128606e-106,5.782099789527166e-118,3.9916369975966104e-148,1.449066534967433e-103
0.028685857321652065,0.9561952440550688,300.0,1.1719703494396547,7.470979564816133e-42,8.723429569493447e-71,1.8940574464462e-55,0.2329092179584231,1.2799735903322217e-55,0.0,3.0775475774477615e-50,0.0,0.0,5.2792735844658315e-135,0.0,2.1718867684982442e-107,2.1817344487423386e-84,2.8427029682226167e-80,2.3858941882329622e-70,2.4590098619808573e-82,7.753160554717338e-121,7.603834507160502e-93,1.7313781750372385e-141,8.658185717636595e-102,2.08492015601722e-93,6.119094193908226e-159,8.694267401542742e-94,3.832983844394283e-152,2.759924039815656e-95,2.514581950313891e-99,3.2101685130138025e-90,1.9299533527446447e-148,3.8804849713440494e-99,8.440799459060237e-102,2.772553201330544e-79,3.82232892048789e-98,5.388446271340549e-70,1.5313207510361032e-80,0.0,3.993079811653661e-77,3.3035784056462046e-82,6.102601260266081e-63,4.37861084558598e-81,4.7609974299812366e-116,8.056831348793998e-89,2.7688950220252156e-92,0.0,2.0190614445227948e-91,3.446299018101744e-91,6.608561428961808e-89,9.113592641881651e-92,0.7670907820415769,0.0,1.5841285581976197e-106,5.4253940870220115e-118,3.742663185688452e-148,1.3598426664667918e-103
0.02872340425531915,0.9574468085106383,300.0,1.1719703494396547,7.012599332738141e-42,8.149942459586386e-71,1.7722768561481993e-55,0.2329092179584231,1.1976224541466837e-55,0.0,2.8772005552885464e-50,0.0,0.0,4.9261546767967666e-135,0.0,2.0307695009139608e-107,2.039977509260342e-84,2.657983854379164e-80,2.2305681797574406e-70,2.298082584978048e-82,7.245792072585588e-121,7.106237954505042e-93,1.616214680976422e-141,8.095701290589895e-102,1.948414447691782e-93,5.71201613797104e-159,8.125845407258271e-94,3.5779870668706206e-152,2.5793671877611573e-95,2.3512151669626616e-99,3.0023501400649944e-90,1.801563320768905e-148,3.6259072763947108e-99,7.887044120311286e-102,2.5927745804586464e-79,3.591468136204912e-98,5.04236391108137e-70,1.4317776368455633e-80,0.0,3.733095215121731e-77,3.087751708849921e-82,5.928763955936301e-63,4.0935246908199543e-81,4.438110958820237e-116,7.529365937172746e-89,2.5875931235448338e-92,0.0,1.886916218248243e-91,3.220742750464464e-91,6.176038759704485e-89,8.517166205406329e-92,0.7670907820415769,0.0,1.4815922662666336e-106,5.068688384516855e-118,3.493689373780294e-148,1.2706187979661508e-103
0.028760951188986233,0.9586983729662077,300.0,1.1719703494396547,6.554219100660148e-42,7.576455349679327e-71,1.6504962658501982e-55,0.2329092179584231,1.1152713179611458e-55,0.0,2.676853533129332e-50,0.0,0.0,4.5730357691277017e-135,0.0,1.8896522333296774e-107,1.8982205697783457e-84,2.4732647405357113e-80,2.0752421712819194e-70,2.1371553079752388e-82,6.738423590453837e-121,6.6086414018495815e-93,1.5010511869156056e-141,7.533216863543194e-102,1.811908739366344e-93,5.304938082033853e-159,7.5574234129738e-94,3.322990289346958e-152,2.3988103357066583e-95,2.1878483836114326e-99,2.7945317671161854e-90,1.6731732887931655e-148,3.371329581445372e-99,7.333288781562335e-102,2.4129959595867483e-79,3.360607351921934e-98,4.69628155082219e-70,1.3322345226550232e-80,0.0,3.4731106185898e-77,2.8719250120536384e-82,5.754926651606521e-63,3.8084385360539277e-81,4.1152244876592363e-116,7.001900525551494e-89,2.4062912250644523e-92,0.0,1.7547709919736915e-91,2.9951864828271833e-91,5.743516090447162e-89,7.920739768931007e-92,0.7670907820415769,0.0,1.3790559743356475e-106,4.7119826820117e-118,3.244715561872136e-148,1.1813949294655097e-103
0.028798498122653317,0.9599499374217773,300.0,1.1719703494396547,6.095838868582155e-42,7.002968239772267e-71,1.528715675552197e-55,0.2329092179584231,1.032920181775608e-55,0.0,2.476506510970117e-50,0.0,0.0,4.2199168614586373e-135,0.0,1.748534965745394e-107,1.7564636302963494e-84,2.2885456266922587e-80,1.919916162806398e-70,1.97622803097243e-82,6.2310551083220866e-121,6.111044849194121e-93,1.3858876928547895e-141,6.970732436496493e-102,1.6754030310409062e-93,4.897860026096667e-159,6.989001418689328e-94,3.0679935118232954e-152,2.2182534836521597e-95,2.024481600260203e-99,2.5867133941673772e-90,1.544783256817426e-148,3.116751886496033e-99,6.779533442813385e-102,2.2332173387148503e-79,3.1297465676389555e-98,4.350199190563011e-70,1.2326914084644831e-80,0.0,3.2131260220578693e-77,2.6560983152573547e-82,5.581089347276742e-63,3.523352381287901e-81,3.7923380164982365e-116,6.474435113930242e-89,2.2249893265840705e-92,0.0,1.6226257656991397e-91,2.7696302151899035e-91,5.310993421189839e-89,7.324313332455686e-92,0.7670907820415769,0.0,1.2765196824046614e-106,4.355276979506544e-118,2.9957417499639776e-148,1.0921710609648687e-103
0.0288360450563204,0.9612015018773468,300.0,1.1719703494396547,5.637458636504162e-42,6.429481129865206e-71,1.4069350852541962e-55,0.2329092179584231,9.505690455900699e-56,0.0,2.2761594888109026e-50,0.0,0.0,3.866797953789573e-135,0.0,1.6074176981611106e-107,1.614706690814353e-84,2.103826512848806e-80,1.7645901543308767e-70,1.815300753969621e-82,5.723686626190337e-121,5.613448296538661e-93,1.2707241987939732e-141,6.4082480094497925e-102,1.5388973227154683e-93,4.490781970159481e-159,6.420579424404857e-94,2.812996734299633e-152,2.0376966315976607e-95,1.8611148169089737e-99,2.3788950212185686e-90,1.4163932248416865e-148,2.8621741915466945e-99,6.225778104064434e-102,2.0534387178429523e-79,2.8988857833559772e-98,4.004116830303831e-70,1.1331482942739432e-80,0.0,2.953141425525939e-77,2.440271618461072e-82,5.407252042946963e-63,3.238266226521874e-81,3.4694515453372367e-116,5.946969702308989e-89,2.0436874281036887e-92,0.0,1.490480539424588e-91,2.5440739475526225e-91,4.878470751932515e-89,6.727886895980364e-92,0.7670907820415769,0.0,1.173983390473675e-106,3.9985712770013885e-118,2.7467679380558195e-148,1.0029471924642276e-103
0.028873591989987485,0.9624530663329162,300.0,1.1719703494396547,5.17907840442617e-42,5.855994019958146e-71,1.2851544949561952e-55,0.2329092179584231,8.682179094045319e-56,0.0,2.0758124666516877e-50,0.0,0.0,3.513679046120509e-135,0.0,1.4663004305768276e-107,1.4729497513323568e-84,1.9191073990053533e-80,1.6092641458553555e-70,1.654373476966812e-82,5.216318144058586e-121,5.115851743883201e-93,1.1555607047331569e-141,5.845763582403092e-102,1.4023916143900304e-93,4.0837039142222943e-159,5.852157430120386e-94,2.55799995677597e-152,1.857139779543162e-95,1.6977480335577443e-99,2.17107664826976e-90,1.288003192865947e-148,2.6075964965973555e-99,5.672022765315483e-102,1.8736600969710542e-79,2.668024999072999e-98,3.658034470044652e-70,1.0336051800834032e-80,0.0,2.6931568289940084e-77,2.2244449216647887e-82,5.233414738617183e-63,2.9531800717558474e-81,3.146565074176237e-116,5.419504290687737e-89,1.8623855296233072e-92,0.0,1.3583353131500363e-91,2.3185176799153427e-91,4.445948082675192e-89,6.131460459505042e-92,0.7670907820415769,0.0,1.071447098542689e-106,3.641865574496233e-118,2.497794126147661e-148,9.137233239635866e-104
0.02891113892365457,0.9637046307884857,300.0,1.1719703494396547,4.720698172348177e-42,5.282506910051086e-71,1.1633739046581941e-55,0.2329092179584231,7.858667732189941e-56,0.0,1.8754654444924729e-50,0.0,0.0,3.160560138451444e-135,0.0,1.3251831629925442e-107,1.3311928118503604e-84,1.7343882851619007e-80,1.453938137379834e-70,1.4934461999640027e-82,4.708949661926836e-121,4.618255191227741e-93,1.0403972106723406e-141,5.283279155356391e-102,1.2658859060645925e-93,3.6766258582851083e-159,5.283735435835915e-94,2.303003179252308e-152,1.6765829274886634e-95,1.5343812502065151e-99,1.9632582753209515e-90,1.1596131608902074e-148,2.353018801648017e-99,5.118267426566532e-102,1.6938814760991562e-79,2.4371642147900206e-98,3.3119521097854725e-70,9.340620658928633e-81,0.0,2.433172232462078e-77,2.0086182248685056e-82,5.059577434287403e-63,2.668093916989821e-81,2.8236786030152364e-116,4.8920388790664846e-89,1.6810836311429254e-92,0.0,1.2261900868754846e-91,2.0929614122780623e-91,4.0134254134178694e-89,5.5350340230297206e-92,0.7670907820415769,0.0,9.689108066117027e-107,3.285159871991078e-118,2.248820314239503e-148,8.244994554629455e-104
0.028948685857321653,0.9649561952440552,300.0,1.1719703494396547,4.262317940270184e-42,4.709019800144026e-71,1.0415933143601932e-55,0.2329092179584231,7.035156370334562e-56,0.0,1.6751184223332582e-50,0.0,0.0,2.8074412307823795e-135,0.0,1.1840658954082608e-107,1.1894358723683641e-84,1.549669171318448e-80,1.2986121289043127e-70,1.3325189229611937e-82,4.201581179795085e-121,4.120658638572282e-93,9.252337166115244e-142,4.72079472830969e-102,1.1293801977391545e-93,3.2695478023479223e-159,4.715313441551444e-94,2.0480064017286454e-152,1.4960260754341644e-95,1.3710144668552855e-99,1.755439902372143e-90,1.031223128914468e-148,2.0984411066986782e-99,4.564512087817582e-102,1.514102855227258e-79,2.2063034305070423e-98,2.965869749526293e-70,8.345189517023234e-81,0.0,2.1731876359301474e-77,1.7927915280722222e-82,4.885740129957623e-63,2.383007762223794e-81,2.5007921318542366e-116,4.364573467445232e-89,1.4997817326625436e-92,0.0,1.0940448606009328e-91,1.8674051446407819e-91,3.5809027441605464e-89,4.938607586554399e-92,0.7670907820415769,0.0,8.663745146807166e-107,2.928454169485922e-118,1.9998465023313445e-148,7.352755869623045e-104
0.028986232790988737,0.9662077596996246,300.0,1.1719703494396547,3.803937708192192e-42,4.135532690236965e-71,9.198127240621923e-56,0.2329092179584231,6.211645008479182e-56,0.0,1.4747714001740436e-50,0.0,0.0,2.4543223231133152e-135,0.0,1.0429486278239774e-107,1.0476789328863678e-84,1.364950057474995e-80,1.1432861204287915e-70,1.1715916459583845e-82,3.6942126976633346e-121,3.6230620859168217e-93,8.100702225507082e-142,4.15831030126299e-102,9.928744894137166e-94,2.862469746410736e-159,4.1468914472669726e-94,1.7930096242049826e-152,1.3154692233796657e-95,1.2076476835040565e-99,1.5476215294233348e-90,9.028330969387284e-149,1.843863411749339e-99,4.010756749068631e-102,1.3343242343553601e-79,1.975442646224064e-98,2.6197873892671138e-70,7.349758375117833e-81,0.0,1.9132030393982166e-77,1.576964831275939e-82,4.7119028256278433e-63,2.0979216074577676e-81,2.1779056606932367e-116,3.83710805582398e-89,1.3184798341821621e-92,0.0,9.618996343263812e-92,1.6418488770035015e-91,3.148380074903223e-89,4.342181150079077e-92,0.7670907820415769,0.0,7.638382227497305e-107,2.5717484669807663e-118,1.750872690423186e-148,6.460517184616634e-104
0.02902377972465582,0.9674593241551941,300.0,1.1719703494396547,3.3455574761141986e-42,3.5620455803299062e-71,7.980321337641912e-56,0.2329092179584231,5.388133646623803e-56,0.0,1.2744243780148285e-50,0.0,0.0,2.101203415444251e-135,0.0,9.01831360239694e-108,9.059219934043713e-85,1.1802309436315423e-80,9.8796011195327e-71,1.0106643689555756e-82,3.186844215531584e-121,3.1254655332613615e-93,6.949067284898918e-142,3.595825874216289e-102,8.563687810882787e-94,2.455391690473549e-159,3.5784694529825014e-94,1.5380128466813202e-152,1.1349123713251671e-95,1.044280900152827e-99,1.3398031564745262e-90,7.744430649629888e-149,1.5892857168000006e-99,3.4570014103196804e-102,1.154545613483462e-79,1.7445818619410857e-98,2.273705029007934e-70,6.354327233212434e-81,0.0,1.6532184428662865e-77,1.361138134479656e-82,4.5380655212980633e-63,1.812835452691741e-81,1.8550191895322363e-116,3.3096426442027285e-89,1.1371779357017803e-92,0.0,8.297544080518294e-92,1.416292609366221e-91,2.7158574056459e-89,3.7457547136037555e-92,0.7670907820415769,0.0,6.613019308187442e-107,2.2150427644756105e-118,1.501898878515028e-148,5.5682784996102237e-104
0.029061326658322905,0.9687108886107635,300.0,1.1719703494396547,2.887177244036207e-42,2.9885584704228456e-71,6.762515434661901e-56,0.2329092179584231,4.564622284768423e-56,0.0,1.074077355855614e-50,0.0,0.0,1.748084507775186e-135,0.0,7.607140926554109e-108,7.64165053922375e-85,9.955118297880897e-81,8.326341034777488e-71,8.497370919527666e-83,2.6794757333998335e-121,2.6278689806059014e-93,5.7974323442907564e-142,3.0333414471695882e-102,7.198630727628408e-94,2.0483136345363627e-159,3.01004745869803e-94,1.2830160691576578e-152,9.543555192706681e-96,8.809141168015976e-100,1.1319847835257176e-90,6.460530329872492e-149,1.3347080218506615e-99,2.9032460715707295e-102,9.74766992611564e-80,1.5137210776581074e-98,1.9276226687487544e-70,5.358896091307033e-81,0.0,1.3932338463343552e-77,1.1453114376833729e-82,4.3642282169682834e-63,1.5277492979257144e-81,1.5321327183712365e-116,2.7821772325814753e-89,9.558760372213985e-93,0.0,6.976091817772776e-92,1.1907363417289407e-91,2.2833347363885776e-89,3.149328277128434e-92,0.7670907820415769,0.0,5.587656388877581e-107,1.8583370619704557e-118,1.2529250666068699e-148,4.676039814603813e-104
0.02909887359198999,0.969962453066333,300.0,1.1719703494396547,2.4287970119582137e-42,2.415071360515785e-71,5.544709531681893e-56,0.2329092179584231,3.741110922913044e-56,0.0,8.737303336963993e-51,0.0,0.0,1.3949656001061217e-135,0.0,6.195968250711275e-108,6.224081144403786e-85,8.10792715944637e-81,6.7730809500222755e-71,6.888098149499574e-83,2.172107251268082e-121,2.1302724279504405e-93,4.645797403682592e-142,2.4708570201228875e-102,5.833573644374027e-94,1.6412355785991772e-159,2.441625464413559e-94,1.028019291633995e-152,7.737986672161695e-96,7.175473334503682e-100,9.24166410576909e-91,5.1766300101150965e-149,1.080130326901323e-99,2.3494907328217786e-102,7.949883717396657e-80,1.2828602933751291e-98,1.5815403084895754e-70,4.363464949401634e-81,0.0,1.1332492498024248e-77,9.294847408870898e-83,4.190390912638504e-63,1.2426631431596873e-81,1.2092462472102366e-116,2.2547118209602235e-89,7.74574138741017e-93,0.0,5.654639555027261e-92,9.651800740916603e-92,1.850812067131254e-89,2.552901840653112e-92,0.7670907820415769,0.0,4.56229346956772e-107,1.5016313594653e-118,1.0039512546987118e-148,3.7838011295974026e-104
0.029136420525657073,0.9712140175219025,300.0,1.1719703494396547,1.9704167798802206e-42,1.8415842506087244e-71,4.326903628701882e-56,0.2329092179584231,2.9175995610576644e-56,0.0,6.733833115371842e-51,0.0,0.0,1.0418466924370574e-135,0.0,4.7847955748684414e-108,4.806511749583823e-85,6.260736021011843e-81,5.21982086526706e-71,5.278825379471481e-83,1.6647387691363315e-121,1.6326758752949812e-93,3.494162463074431e-142,1.908372593076187e-102,4.46851656111965e-94,1.2341575226619906e-159,1.873203470129088e-94,7.730225141103327e-153,5.932418151616705e-96,5.541805500991392e-100,7.163480376281004e-91,3.892729690357704e-149,8.255526319519843e-100,1.7957353940728277e-102,6.152097508677676e-80,1.0519995090921508e-98,1.2354579482303957e-70,3.368033807496233e-81,0.0,8.732646532704943e-78,7.136580440908066e-83,4.016553608308724e-63,9.575769883936602e-82,8.863597760492368e-117,1.7272464093389716e-89,5.932722402606356e-93,0.0,4.333187292281743e-92,7.396238064543799e-92,1.4182893978739304e-89,1.9564754041777918e-92,0.7670907820415769,0.0,3.5369305502578565e-107,1.1449256569601441e-118,7.54977442790553e-149,2.891562444590992e-104
0.029173967459324157,0.9724655819774719,300.0,1.1719703494396547,1.5120365478022288e-42,1.2680971407016654e-71,3.109097725721871e-56,0.2329092179584231,2.094088199202285e-56,0.0,4.7303628937796956e-51,0.0,0.0,6.88727784767993e-136,0.0,3.3736228990256075e-108,3.38894235476386e-85,4.413544882577317e-81,3.666560780511848e-71,3.6695526094433946e-83,1.157370287004581e-121,1.135079322639522e-93,2.3425275224662664e-142,1.345888166029486e-102,3.1034594778652687e-94,8.270794667248041e-160,1.3047814758446167e-94,5.180257365866703e-153,4.126849631071722e-96,3.908137667479098e-100,5.085296646792918e-91,2.6088293706003083e-149,5.709749370026449e-100,1.2419800553238768e-102,4.354311299958696e-80,8.211387248091732e-99,8.893755879712167e-71,2.372602665590834e-81,0.0,6.132800567385638e-78,4.978313472945235e-83,3.842716303978944e-63,6.724908336276341e-82,5.634733048882369e-117,1.1997809977177198e-89,4.119703417802538e-93,0.0,3.0117350295362254e-92,5.140675388170995e-92,9.857667286166081e-90,1.3600489677024701e-92,0.7670907820415769,0.0,2.5115676309479956e-107,7.882199544549884e-119,5.060036308823949e-149,1.9993237595845816e-104
0.029211514392991238,0.9737171464330413,300.0,1.1719703494396547,1.0536563157242777e-42,6.946100307946578e-72,1.891291822741976e-56,0.2329092179584231,1.2705768373469814e-56,0.0,2.7268926721877345e-51,0.0,0.0,3.3560887709896054e-136,0.0,1.9624502231829037e-108,1.9713729599440295e-85,2.5663537441429587e-81,2.1133006957567806e-71,2.0602798394154485e-83,6.500018048728785e-122,6.37482769984107e-94,1.19089258185821e-142,7.834037389828377e-103,1.7384023946110152e-94,4.2000141078765496e-160,7.363594815601988e-95,2.630289590630308e-153,2.321281110526898e-96,2.274469833966954e-100,3.0071129173050245e-91,1.3249290508430306e-149,3.163972420533298e-100,6.882247165749782e-103,2.556525091239883e-80,5.902779405262157e-99,5.432932277120686e-71,1.377171523685525e-81,0.0,3.5329546020665713e-78,2.820046504982603e-83,3.668878999649181e-63,3.874046788616332e-82,2.4058683372726637e-117,6.723155860965155e-90,2.306684432998883e-93,0.0,1.69028276679083e-92,2.8851127117984033e-92,5.53244059359325e-90,7.636225312272029e-93,0.7670907820415769,0.0,1.486204711638229e-107,4.315142519498661e-119,2.570298189742597e-149,1.1070850745782554e-104
0.02924906132665832,0.9749687108886108,300.0,1.1719703494396547,5.952760836462859e-43,1.2112292088759723e-72,6.73485919761965e-57,0.2329092179584231,4.4706547549160194e-57,0.0,7.234224505955836e-52,0.0,0.0,0.0,0.0,5.512775473400729e-109,5.538035651240663e-86,7.191626057084358e-82,5.60040611001562e-72,4.51007069387362e-84,1.4263332274112793e-122,1.398862173286477e-94,3.925764125004852e-144,2.20919311936137e-103,3.733453113566382e-95,1.2923354850469442e-161,1.6793748727572758e-95,8.032181539368403e-155,5.157125899819083e-97,6.408020004546597e-101,9.28929187816943e-92,4.102873108563479e-151,6.181954710399116e-101,1.3446937782602729e-103,7.587388825209026e-81,3.5941715624323802e-99,1.9721086745288953e-71,3.8174038178012604e-82,0.0,9.331086367472665e-79,6.61779537019772e-84,3.495041695319401e-63,1.0231852409560709e-82,0.0,1.4485017447526367e-90,4.936654481950718e-94,0.0,3.688305040453148e-93,6.295500354255993e-93,1.2072139010200134e-90,1.671960947518812e-93,0.7670907820415769,0.0,4.608417923283682e-108,7.480854944471032e-120,8.056007066101583e-151,2.1484638957184484e-105
0.029286608260325406,0.9762202753441802,300.0,1.1719703494396547,5.570244646727735e-43,1.0129892473137816e-72,6.124598522360438e-57,0.2329092179584231,4.061857759645834e-57,0.0,6.410120981382348e-52,0.0,0.0,0.0,0.0,4.912739485760984e-109,4.9351627585017336e-86,6.407209308791914e-82,4.961877282347762e-72,3.9097730164600796e-84,1.236860224357975e-122,1.2130319218327012e-94,9.962205361961848e-145,1.9688541599161246e-103,3.228642580464073e-95,2.6141539239964515e-162,1.463233763599415e-95,1.5774371196063094e-155,4.4789919176449647e-97,5.710248261447986e-101,8.346747706827623e-92,8.504007292219861e-152,5.2777417985647856e-101,1.1480101185251674e-103,6.797589247626476e-81,3.3623285660307204e-99,1.7959889540639941e-71,3.3974257259285173e-82,0.0,8.264318097032374e-79,5.7856595056959915e-84,3.322437261954443e-63,9.062120335331039e-83,0.0,1.2531604574053177e-90,4.2672304227346825e-94,0.0,3.1960916261727385e-93,5.4553502880322375e-93,1.04610822524937e-90,1.4494582882654418e-93,0.7670907820415769,0.0,4.1415987555897716e-108,6.270410678470252e-120,1.7432137329554758e-151,1.8324254381980854e-105
0.02932415519399249,0.9774718397997497,300.0,1.1719703494396547,5.2954537424039424e-43,9.567141867132452e-73,5.810948061320046e-57,0.2329092179584231,3.8537355495879216e-57,0.0,6.078596910432839e-52,0.0,0.0,0.0,0.0,4.6591571076284e-109,4.680310918466733e-86,6.076318063987736e-82,4.705247737240733e-72,3.706717134504427e-84,1.1726234217729003e-122,1.1500256517916974e-94,9.444705492319738e-145,1.866579439214939e-103,3.060902824270309e-95,2.4785133824078256e-162,1.3872998040231636e-95,1.4955653435292936e-155,4.246436171964793e-97,5.4134741232728054e-101,7.912903359165996e-92,8.06583724144992e-152,5.0031072606556816e-101,1.0882718364246917e-103,6.448509221572001e-81,3.1837359503066713e-99,1.704092410063824e-71,3.221917719367951e-82,0.0,7.836823964610927e-79,5.485588610812568e-84,3.1498644406655063e-63,8.593385271418146e-83,0.0,1.1880579605416194e-90,4.045518306821523e-94,0.0,3.030091268640193e-93,5.17200731661591e-93,9.917748832428144e-91,1.374180288127349e-93,0.7670907820415769,0.0,3.925723434700966e-108,5.9435593864308e-120,1.652497799164431e-151,1.737062580486394e-105
0.029361702127659574,0.9787234042553191,300.0,1.1719703494396547,5.0206628380801504e-43,9.00439126112709e-73,5.497297600279654e-57,0.2329092179584231,3.645613339530009e-57,0.0,5.747072839483331e-52,0.0,0.0,0.0,0.0,4.405574729495815e-109,4.425459078431733e-86,5.745426819183558e-82,4.4486181921337025e-72,3.503661252548774e-84,1.1083866191878253e-122,1.0870193817506935e-94,8.927205622677627e-145,1.7643047185137535e-103,2.893163068076546e-95,2.3428728408191997e-162,1.3113658444469121e-95,1.4136935674522775e-155,4.013880426284621e-97,5.116699985097625e-101,7.479059011504368e-92,7.627667190679977e-152,4.7284727227465776e-101,1.028533554324216e-103,6.099429195517525e-81,3.005143334582623e-99,1.6121958660636538e-71,3.046409712807385e-82,0.0,7.409329832189479e-79,5.185517715929144e-84,2.9772916193765695e-63,8.124650207505253e-83,0.0,1.122955463677921e-90,3.823806190908363e-94,0.0,2.8640909111076476e-93,4.8886643451995835e-93,9.374415412362588e-91,1.2989022879892562e-93,0.7670907820415769,0.0,3.709848113812161e-108,5.616708094391347e-120,1.5617818653733865e-151,1.6416997227747026e-105
0.029399249061326658,0.9799749687108886,300.0,1.1719703494396547,4.745871933756358e-43,8.441640655121726e-73,5.183647139239263e-57,0.2329092179584231,3.4374911294720966e-57,0.0,5.4155487685338225e-52,0.0,0.0,0.0,0.0,4.1519923513632304e-109,4.170607238396733e-86,5.414535574379379e-82,4.191988647026673e-72,3.300605370593121e-84,1.0441498166027505e-122,1.0240131117096897e-94,8.409705753035516e-145,1.6620299978125677e-103,2.7254233118827823e-95,2.2072322992305744e-162,1.2354318848706608e-95,1.3318217913752617e-155,3.7813246806044496e-97,4.8199258469224435e-101,7.04521466384274e-92,7.189497139910035e-152,4.453838184837474e-101,9.687952722237404e-104,5.750349169463049e-81,2.826550718858574e-99,1.5202993220634836e-71,2.8709017062468196e-82,0.0,6.981835699768032e-79,4.88544682104572e-84,2.8047187980876326e-63,7.65591514359236e-83,0.0,1.0578529668142228e-90,3.6020940749952027e-94,0.0,2.6980905535751026e-93,4.605321373783256e-93,8.831081992297031e-91,1.2236242878511635e-93,0.7670907820415769,0.0,3.4939727929233556e-108,5.2898568023518954e-120,1.4710659315823418e-151,1.5463368650630114e-105
0.029436795994993742,0.9812265331664581,300.0,1.1719703494396547,4.471081029432566e-43,7.878890049116363e-73,4.8699966781988704e-57,0.2329092179584231,3.229368919414184e-57,0.0,5.0840246975843145e-52,0.0,0.0,0.0,0.0,3.898409973230646e-109,3.915755398361732e-86,5.083644329575201e-82,3.9353591019196435e-72,3.097549488637468e-84,9.799130140176756e-123,9.610068416686857e-95,7.892205883393405e-145,1.5597552771113822e-103,2.5576835556890183e-95,2.0715917576419485e-162,1.1594979252944095e-95,1.2499500152982459e-155,3.548768934924278e-97,4.523151708747262e-101,6.611370316181112e-92,6.751327089140093e-152,4.17920364692837e-101,9.090569901232649e-104,5.401269143408574e-81,2.6479581031345257e-99,1.4284027780633132e-71,2.695393699686253e-82,0.0,6.554341567346585e-79,4.585375926162297e-84,2.6321459767986957e-63,7.187180079679468e-83,0.0,9.927504699505245e-91,3.380381959082043e-94,0.0,2.532090196042557e-93,4.321978402366929e-93,8.287748572231475e-91,1.1483462877130707e-93,0.7670907820415769,0.0,3.2780974720345503e-108,4.963005510312443e-120,1.380349997791297e-151,1.4509740073513199e-105
0.029474342928660826,0.9824780976220275,300.0,1.1719703494396547,4.196290125108773e-43,7.316139443110999e-73,4.556346217158478e-57,0.2329092179584231,3.021246709356272e-57,0.0,4.752500626634806e-52,0.0,0.0,0.0,0.0,3.644827595098061e-109,3.6609035583267325e-86,4.7527530847710233e-82,3.6787295568126135e-72,2.894493606681815e-84,9.156762114326006e-123,8.980005716276818e-95,7.374706013751293e-145,1.4574805564101967e-103,2.3899437994952547e-95,1.935951216053323e-162,1.0835639657181582e-95,1.16807823922123e-155,3.316213189244106e-97,4.2263775705720815e-101,6.177525968519484e-92,6.31315703837015e-152,3.904569109019266e-101,8.493187080227892e-104,5.052189117354099e-81,2.4693654874104766e-99,1.336506234063143e-71,2.5198856931256874e-82,0.0,6.126847434925136e-79,4.285305031278873e-84,2.4595731555097593e-63,6.718445015766574e-83,0.0,9.276479730868264e-91,3.158669843168883e-94,0.0,2.366089838510012e-93,4.038635430950601e-93,7.744415152165919e-91,1.073068287574978e-93,0.7670907820415769,0.0,3.062222151145745e-108,4.6361542182729905e-120,1.2896340640002523e-151,1.3556111496396286e-105
0.02951188986232791,0.983729662077597,300.0,1.1719703494396547,3.921499220784981e-43,6.753388837105637e-73,4.242695756118086e-57,0.2329092179584231,2.813124499298359e-57,0.0,4.420976555685298e-52,0.0,0.0,0.0,0.0,3.3912452169654767e-109,3.406051718291732e-86,4.421861839966845e-82,3.4221000117055844e-72,2.6914377247261623e-84,8.514394088475259e-123,8.34994301586678e-95,6.857206144109184e-145,1.3552058357090112e-103,2.222204043301491e-95,1.8003106744646973e-162,1.0076300061419067e-95,1.086206463144214e-155,3.083657443563935e-97,3.929603432396901e-101,5.743681620857856e-92,5.8749869876002074e-152,3.629934571110162e-101,7.895804259223136e-104,4.703109091299623e-81,2.2907728716864283e-99,1.2446096900629726e-71,2.3443776865651213e-82,0.0,5.699353302503689e-79,3.9852341363954493e-84,2.2870003342208225e-63,6.24970995185368e-83,0.0,8.625454762231281e-91,2.9369577272557233e-94,0.0,2.2000894809774668e-93,3.7552924595342742e-93,7.201081732100364e-91,9.977902874368853e-94,0.7670907820415769,0.0,2.8463468302569396e-108,4.3093029262335387e-120,1.1989181302092075e-151,1.2602482919279373e-105
0.029549436795994994,0.9849812265331666,300.0,1.1719703494396547,3.646708316461188e-43,6.190638231100274e-73,3.929045295077694e-57,0.2329092179584231,2.605002289240447e-57,0.0,4.08945248473579e-52,0.0,0.0,0.0,0.0,3.137662838832892e-109,3.151199878256732e-86,4.090970595162667e-82,3.1654704665985544e-72,2.488381842770509e-84,7.872026062624509e-123,7.71988031545674e-95,6.3397062744670725e-145,1.2529311150078256e-103,2.0544642871077275e-95,1.6646701328760715e-162,9.316960465656552e-96,1.004334687067198e-155,2.851101697883763e-97,3.63282929422172e-101,5.309837273196228e-92,5.436816936830265e-152,3.355300033201059e-101,7.29842143821838e-104,4.354029065245147e-81,2.1121802559623792e-99,1.1527131460628024e-71,2.1688696800045552e-82,0.0,5.271859170082241e-79,3.685163241512026e-84,2.1144275129318856e-63,5.7809748879407874e-83,0.0,7.974429793594298e-91,2.7152456113425636e-94,0.0,2.0340891234449213e-93,3.471949488117947e-93,6.657748312034808e-91,9.225122872987923e-94,0.7670907820415769,0.0,2.6304715093681343e-108,3.982451634194086e-120,1.1082021964181629e-151,1.164885434216246e-105
0.029586983729662078,0.986232790988736,300.0,1.1719703494396547,3.3719174121373957e-43,5.62788762509491e-73,3.615394834037302e-57,0.2329092179584231,2.3968800791825348e-57,0.0,3.757928413786281e-52,0.0,0.0,0.0,0.0,2.8840804607003073e-109,2.8963480382217314e-86,3.7600793503584884e-82,2.908840921491525e-72,2.2853259608148565e-84,7.229658036773761e-123,7.089817615046702e-95,5.822206404824962e-145,1.1506563943066398e-103,1.886724530913964e-95,1.5290295912874458e-162,8.557620869894039e-96,9.224629109901821e-156,2.6185459522035915e-97,3.3360551560465395e-101,4.8759929255346e-92,4.998646886060323e-152,3.080665495291955e-101,6.701038617213623e-104,4.0049490391906714e-81,1.933587640238331e-99,1.0608166020626322e-71,1.993361673443989e-82,0.0,4.844365037660793e-79,3.385092346628602e-84,1.941854691642949e-63,5.3122398240278945e-83,0.0,7.323404824957317e-91,2.493533495429403e-94,0.0,1.8680887659123763e-93,3.18860651670162e-93,6.114414891969253e-91,8.472342871606996e-94,0.7670907820415769,0.0,2.414596188479329e-108,3.655600342154634e-120,1.0174862626271182e-151,1.0695225765045548e-105
0.029624530663329162,0.9874843554443055,300.0,1.1719703494396547,3.0971265078136034e-43,5.065137019089548e-73,3.3017443729969103e-57,0.2329092179584231,2.1887578691246226e-57,0.0,3.4264043428367724e-52,0.0,0.0,0.0,0.0,2.630498082567723e-109,2.6414961981867313e-86,3.4291881055543104e-82,2.6522113763844953e-72,2.0822700788592034e-84,6.587290010923012e-123,6.459754914636663e-95,5.304706535182851e-145,1.0483816736054543e-103,1.7189847747202003e-95,1.39338904969882e-162,7.798281274131525e-96,8.405911349131663e-156,2.38599020652342e-97,3.039281017871358e-101,4.4421485778729724e-92,4.5604768352903805e-152,2.8060309573828512e-101,6.103655796208867e-104,3.6558690131361955e-81,1.754995024514282e-99,9.68920058062462e-72,1.817853666883423e-82,0.0,4.416870905239346e-79,3.0850214517451784e-84,1.769281870354012e-63,4.8435047601150016e-83,0.0,6.672379856320334e-91,2.2718213795162435e-94,0.0,1.702088408379831e-93,2.9052635452852924e-93,5.571081471903697e-91,7.719562870226068e-94,0.7670907820415769,0.0,2.1987208675905236e-108,3.328749050115182e-120,9.267703288360736e-152,9.741597187928633e-106
0.029662077596996246,0.9887359198998749,300.0,1.1719703494396547,2.822335603489811e-43,4.502386413084184e-73,2.988093911956518e-57,0.2329092179584231,1.98063565906671e-57,0.0,3.0948802718872644e-52,0.0,0.0,0.0,0.0,2.3769157044351383e-109,2.386644358151731e-86,3.0982968607501325e-82,2.395581831277466e-72,1.8792141969035507e-84,5.9449219850722636e-123,5.829692214226623e-95,4.78720666554074e-145,9.461069529042688e-104,1.5512450185264367e-95,1.2577485081101944e-162,7.038941678369011e-96,7.587193588361503e-156,2.153434460843248e-97,2.7425068796961775e-101,4.008304230211344e-92,4.122306784520438e-152,2.5313964194737476e-101,5.506272975204111e-104,3.3067889870817197e-81,1.5764024087902332e-99,8.770235140622918e-72,1.642345660322857e-82,0.0,3.9893767728178983e-79,2.784950556861755e-84,1.5967090490650754e-63,4.374769696202108e-83,0.0,6.021354887683352e-91,2.0501092636030837e-94,0.0,1.5360880508472859e-93,2.6219205738689654e-93,5.027748051838141e-91,6.966782868845141e-94,0.7670907820415769,0.0,1.9828455467017183e-108,3.0018977580757294e-120,8.360543950450287e-152,8.78796861081172e-106
0.02969962453066333,0.9899874843554444,300.0,1.1719703494396547,2.5475446991660186e-43,3.939635807078821e-73,2.6744434509161264e-57,0.2329092179584231,1.7725134490087976e-57,0.0,2.7633562009377557e-52,0.0,0.0,0.0,0.0,2.1233333263025536e-109,2.1317925181167306e-86,2.767405615945954e-82,2.1389522861704363e-72,1.6761583149478976e-84,5.302553959221514e-123,5.199629513816585e-95,4.269706795898629e-145,8.438322322030833e-104,1.383505262332673e-95,1.1221079665215685e-162,6.279602082606497e-96,6.768475827591344e-156,1.9208787151630764e-97,2.4457327415209962e-101,3.574459882549716e-92,3.6841367337504962e-152,2.2567618815646436e-101,4.9088901541993544e-104,2.9577089610272442e-81,1.3978097930661845e-99,7.851269700621214e-72,1.466837653762291e-82,0.0,3.56188264039645e-79,2.484879661978331e-84,1.4241362277761386e-63,3.906034632289215e-83,0.0,5.370329919046369e-91,1.828397147689924e-94,0.0,1.3700876933147404e-93,2.338577602452638e-93,4.484414631772585e-91,6.214002867464213e-94,0.7670907820415769,0.0,1.766970225812913e-108,2.675046466036277e-120,7.453384612539841e-152,7.834340033694808e-106
0.029737171464330414,0.9912390488110139,300.0,1.1719703494396547,2.2727537948422262e-43,3.3768852010734575e-73,2.3607929898757342e-57,0.2329092179584231,1.5643912389508854e-57,0.0,2.4318321299882477e-52,0.0,0.0,0.0,0.0,1.8697509481699694e-109,1.8769406780817305e-86,2.436514371141776e-82,1.8823227410634068e-72,1.4731024329922445e-84,4.660185933370765e-123,4.5695668134065455e-95,3.752206926256518e-145,7.415575115018977e-104,1.2157655061389094e-95,9.864674249329429e-163,5.520262486843984e-96,5.949758066821186e-156,1.688322969482905e-97,2.1489586033458155e-101,3.140615534888088e-92,3.2459666829805536e-152,1.9821273436555396e-101,4.311507333194598e-104,2.6086289349727684e-81,1.2192171773421359e-99,6.932304260619512e-72,1.2913296472017249e-82,0.0,3.134388507975003e-79,2.1848087670949074e-84,1.2515634064872017e-63,3.437299568376322e-83,0.0,4.719304950409386e-91,1.6066850317767642e-94,0.0,1.2040873357821954e-93,2.0552346310363106e-93,3.94108121170703e-91,5.461222866083285e-94,0.7670907820415769,0.0,1.5510949049241076e-108,2.348195173996825e-120,6.546225274629394e-152,6.880711456577895e-106
0.029774718397997498,0.9924906132665833,300.0,1.1719703494396547,1.997962890518434e-43,2.814134595068095e-73,2.047142528835342e-57,0.2329092179584231,1.356269028892973e-57,0.0,2.1003080590387397e-52,0.0,0.0,0.0,0.0,1.6161685700373847e-109,1.62208883804673e-86,2.1056231263375976e-82,1.6256931959563767e-72,1.2700465510365918e-84,4.0178179075200166e-123,3.939504112996507e-95,3.234707056614408e-145,6.392827908007122e-104,1.0480257499451458e-95,8.508268833443171e-163,4.760922891081469e-96,5.131040306051025e-156,1.4557672238027334e-97,1.8521844651706342e-101,2.70677118722646e-92,2.807796632210611e-152,1.7074928057464362e-101,3.714124512189842e-104,2.2595489089182925e-81,1.0406245616180872e-99,6.013338820617811e-72,1.1158216406411588e-82,0.0,2.7068943755535555e-79,1.884737872211484e-84,1.078990585198265e-63,2.9685645044634286e-83,0.0,4.068279981772404e-91,1.3849729158636038e-94,0.0,1.03808697824965e-93,1.7718916596199836e-93,3.397747791641474e-91,4.708442864702357e-94,0.7670907820415769,0.0,1.3352195840353023e-108,2.0213438819573726e-120,5.639065936718948e-152,5.9270828794609805e-106
0.029812265331664582,0.9937421777221528,300.0,1.1719703494396547,1.7231719861946419e-43,2.2513839890627324e-73,1.7334920677949503e-57,0.2329092179584231,1.1481468188350605e-57,0.0,1.768783988089231e-52,0.0,0.0,0.0,0.0,1.3625861919048e-109,1.3672369980117302e-86,1.7747318815334196e-82,1.3690636508493472e-72,1.0669906690809387e-84,3.375449881669268e-123,3.309441412586468e-95,2.717207186972297e-145,5.370080700995264e-104,8.802859937513822e-96,7.151863417556915e-163,4.001583295318956e-96,4.312322545280867e-156,1.2232114781225613e-97,1.5554103269954536e-101,2.2729268395648328e-92,2.3696265814406685e-152,1.4328582678373322e-101,3.1167416911850866e-104,1.9104688828638175e-81,8.620319458940385e-100,5.094373380616109e-72,9.40313634080593e-83,0.0,2.279400243132108e-79,1.58466697732806e-84,9.064177639093284e-64,2.4998294405505357e-83,0.0,3.4172550131354213e-91,1.1632607999504441e-94,0.0,8.720866207171045e-94,1.4885486882036562e-93,2.854414371575918e-91,3.955662863321429e-94,0.7670907820415769,0.0,1.119344263146497e-108,1.69449258991792e-120,4.7319065988085e-152,4.973454302344068e-106
0.029849812265331666,0.9949937421777223,300.0,1.1719703494396547,1.448381081870849e-43,1.6886333830573685e-73,1.419841606754558e-57,0.2329092179584231,9.400246087771486e-58,0.0,1.437259917139723e-52,0.0,0.0,0.0,0.0,1.1090038137722152e-109,1.1123851579767297e-86,1.4438406367292417e-82,1.1124341057423177e-72,8.63934787125286e-85,2.7330818558185182e-123,2.6793787121764284e-95,2.1997073173301857e-145,4.347333493983409e-104,7.125462375576186e-96,5.795458001670658e-163,3.242243699556443e-96,3.4936047845107085e-156,9.906557324423898e-98,1.2586361888202729e-101,1.8390824919032047e-92,1.9314565306707267e-152,1.1582237299282282e-101,2.5193588701803303e-104,1.5613888568093417e-81,6.834393301699898e-100,4.175407940614405e-72,7.648056275200268e-83,0.0,1.8519061107106595e-79,1.284596082444636e-84,7.338449426203916e-64,2.031094376637642e-83,0.0,2.7662300444984395e-91,9.415486840372843e-95,0.0,7.060862631845595e-94,1.2052057167873287e-93,2.3110809515103619e-91,3.2028828619405027e-94,0.7670907820415769,0.0,9.034689422576916e-109,1.3676412978784676e-120,3.824747260898053e-152,4.019825725227155e-106
0.02988735919899875,0.9962453066332917,300.0,1.1719703494396547,1.1735901775470571e-43,1.125882777052006e-73,1.1061911457141659e-57,0.2329092179584231,7.319023987192361e-58,0.0,1.1057358461902143e-52,0.0,0.0,0.0,0.0,8.554214356396305e-110,8.575333179417292e-87,1.1129493919250632e-82,8.558045606352882e-73,6.608789051696329e-85,2.0907138299677696e-123,2.0493160117663903e-95,1.6822074476880745e-145,3.3245862869715536e-104,5.44806481363855e-96,4.4390525857844024e-163,2.482904103793928e-96,2.674887023740548e-156,7.580999867622183e-98,9.618620506450916e-102,1.4052381442415766e-92,1.4932864799007841e-152,8.835891920191249e-102,1.921976049175574e-104,1.2123088307548658e-81,5.048467144459412e-100,3.256442500612703e-72,5.892976209594607e-83,0.0,1.424411978289212e-79,9.84525187561213e-85,5.612721213314547e-64,1.5623593127247499e-83,0.0,2.1152050758614566e-91,7.198365681241245e-95,0.0,5.400859056520141e-94,9.218627453710022e-94,1.767747531444807e-91,2.4501028605595745e-94,0.7670907820415769,0.0,6.875936213688863e-109,1.0407900058390158e-120,2.9175879229876065e-152,3.0661971481102423e-106
0.029924906132665834,0.9974968710888612,300.0,1.1719703494396547,8.987992732232643e-44,5.6313217104664216e-74,7.925406846737748e-58,0.2329092179584231,5.237801886613236e-58,0.0,7.742117752407063e-53,0.0,0.0,0.0,0.0,6.018390575070463e-110,6.026814779067294e-87,7.820581471208847e-83,5.991750155282581e-73,4.5782302321398025e-85,1.448345804117021e-123,1.4192533113563508e-95,1.1647075780459647e-145,2.3018390799596983e-104,3.7706672517009135e-96,3.082647169898144e-163,1.7235645080314148e-96,1.8561692629703897e-156,5.2554424108204675e-98,6.6508791246991094e-102,9.713937965799486e-93,1.0551164291308424e-152,6.089546541100209e-102,1.3245932281708176e-104,8.632288047003899e-82,3.262540987218925e-100,2.337477060611001e-72,4.137896143988946e-83,0.0,9.969178458677646e-80,6.844542926777891e-85,3.886993000425178e-64,1.0936242488118563e-83,0.0,1.4641801072244737e-91,4.9812445221096474e-95,0.0,3.740855481194691e-94,6.385197739546747e-94,1.2244141113792508e-91,1.6973228591786462e-94,0.7670907820415769,0.0,4.717183004800809e-109,7.139387137995633e-121,2.01042858507716e-152,2.1125685709933276e-106
0.029962453066332915,0.9987484355444305,300.0,1.1719703494396547,6.240083688994978e-44,3.815650413311168e-77,4.7889022363341084e-58,0.2329092179584231,3.1565797860343037e-58,0.0,4.42687704291228e-53,0.0,0.0,0.0,9.76839398573529e-109,3.4825667937448474e-110,3.4782963787175245e-87,4.511669023167378e-83,3.425454704212522e-73,2.5476714125834588e-85,8.059777782663303e-124,7.891906109463699e-96,6.472077084039019e-146,1.2790918729479372e-104,2.0932696897634304e-96,1.7262417540120136e-163,9.642249122689715e-97,1.0374515022003059e-156,2.9298849540189654e-98,3.6831377429475756e-102,5.375494489183614e-93,6.169463783609405e-153,3.3432011620094228e-102,7.27210407166117e-105,5.141487786459468e-82,1.4766148299786046e-100,1.4185116206093835e-72,2.382816078383449e-83,0.0,5.694237134463568e-80,3.843833977943935e-85,2.161264787535971e-64,6.248891848990065e-84,0.0,8.131551385875519e-92,2.764123362978252e-95,0.0,2.0808519058693898e-94,3.5517680253837373e-94,6.810806913137449e-92,9.445428577977882e-95,0.7670907820415769,0.0,2.5584297959129603e-109,3.870874217601418e-121,1.1032692471667949e-152,1.158939993876502e-106
0.03,1.0,300.0,1.1719703494396547,3.4921746457570517e-44,0.0,1.6523976259301974e-58,0.2329092179584231,1.0753576854551782e-58,0.0,1.1116363334172028e-53,0.0,2.3719766780195717e-93,8.901907330555643e-143,2.631890489703282e-108,9.467430124190003e-111,9.297779783675173e-88,1.2027565751255897e-83,8.591592531422371e-74,5.1711259302693035e-86,1.6360975241558309e-124,1.5912791053633173e-96,1.2970783876179068e-146,2.563446659360805e-105,4.158721278257916e-97,3.698363381257551e-164,2.0488531650645673e-97,2.187337414301455e-157,6.043274972172527e-99,7.153963611957562e-103,1.0370510125673316e-93,1.7877632759099794e-153,5.968557829183875e-103,1.298275861613595e-105,1.6506875259147115e-82,0.0,4.9954618060768e-73,6.277360127777898e-84,0.0,1.4192958102490794e-80,8.431250291096987e-86,4.355365746466007e-65,1.5615412098611314e-84,0.0,1.6213016995056873e-92,5.470022038466553e-96,0.0,4.208483305439406e-95,7.183383112204603e-95,1.3774727124818939e-92,1.917628564168596e-95,0.7670907820415769,0.0,3.996765870249096e-110,6.023612972068842e-122,1.9610990925634834e-153,2.0531141675958965e-107
