grid,velocity,spreadRate,Lambda,T,D,Y_H2,Y_H,Y_O,Y_O2,Y_OH,Y_H2O,Y_HO2,Y_H2O2,Y_C,Y_CH,Y_CH2,Y_CH2(S),Y_CH3,Y_CH4,Y_CO,Y_CO2,Y_HCO,Y_CH2O,Y_CH2OH,Y_CH3O,Y_CH3OH,Y_C2H,Y_C2H2,Y_C2H3,Y_C2H4,Y_C2H5,Y_C2H6,Y_HCCO,Y_CH2CO,Y_HCCOH,Y_N,Y_NH,Y_NH2,Y_NH3,Y_NNH,Y_NO,Y_NO2,Y_N2O,Y_HNO,Y_CN,Y_HCN,Y_H2CN,Y_HCNN,Y_HCNO,Y_HOCN,Y_HNCO,Y_NCO,Y_N2,Y_AR,Y_C3H7,Y_C3H8,Y_CH2CHO,Y_CH3CHO
0,0.434889307,-9.06045255e-19,-1031.27247,300,0.651698552,2.3858134e-14,-2.6228641e-15,1.37120164e-14,3.62860771e-15,1.19854059e-18,1.92720011e-16,6.00812387e-20,1.00956975e-18,9.13392821e-15,-1.5048094e-15,-1.08694413e-17,-2.01050525e-14,-7.01725618e-15,1,1.41135848e-19,4.53940873e-17,5.09068502e-20,-1.37287997e-14,1.14047463e-18,1.1016815e-19,-2.28883629e-15,-8.75390032e-15,-1.4904163e-20,-2.51460721e-14,-2.10264049e-15,8.61528288e-19,-6.43921834e-18,-1.72109949e-20,2.17513808e-19,1.15390623e-15,1.24177741e-15,9.44631111e-15,-2.74544354e-15,1.69746402e-15,4.47420343e-38,1.88978425e-15,-1.54169165e-15,6.28664948e-16,-7.17782719e-15,3.96959804e-20,4.04532369e-15,-8.67931079e-19,-7.20117181e-20,7.97919282e-15,-4.29124895e-19,-9.74936174e-15,-1.22209037e-17,-3.19303113e-17,-8.18974542e-19,1.78973389e-19,3.29113448e-16,4.71493459e-18,-3.96318351e-14
0.000375,0.434377613,1.36451781,-1031.27247,300,0.651698552,6.96865678e-14,-2.69884736e-15,1.24744864e-14,3.62860763e-15,7.74009884e-18,1.58686184e-15,6.00559223e-20,1.00956945e-18,9.13392866e-15,-8.70318126e-22,-1.07902722e-17,-1.57557436e-20,-5.67118266e-14,1,1.42129198e-19,4.53940853e-17,5.09668702e-20,-1.37287986e-14,1.14047638e-18,1.10148283e-19,-2.28883627e-15,-8.75389759e-15,-1.89571797e-20,-9.1320336e-15,-2.23205527e-14,8.61557964e-19,-2.50004982e-17,-1.72122164e-20,2.17738807e-19,1.153906e-15,1.24177553e-15,9.44631109e-15,-2.74544352e-15,1.69746402e-15,3.73419923e-37,1.88978431e-15,-1.54169141e-15,6.28665036e-16,-7.17782733e-15,3.96919742e-20,4.04532423e-15,-8.64471502e-19,-7.2011758e-20,7.97919282e-15,-4.29124895e-19,-9.74936174e-15,-1.2220904e-17,-3.19296433e-17,-8.18974542e-19,1.78973599e-19,3.2911345e-16,4.71495869e-18,-3.96318351e-14
0.00075,0.43284253,2.72903561,-1031.27247,300,0.651698552,2.16664567e-13,-2.69064949e-15,1.1344744e-14,3.62860755e-15,7.08522725e-18,2.8668853e-15,6.00306311e-20,1.00956914e-18,9.13392915e-15,-4.74863382e-28,-1.07113779e-17,-1.23092038e-26,-5.7854824e-14,1,1.43319977e-19,4.53940858e-17,5.10296347e-20,-1.37287978e-14,1.14047813e-18,1.10128341e-19,-2.28883625e-15,-8.75389469e-15,-2.32472056e-20,-3.30948998e-15,-2.83721634e-14,8.61587772e-19,-4.16598135e-17,-1.72134477e-20,2.17963952e-19,1.15390577e-15,1.2417739e-15,9.44631107e-15,-2.7454435e-15,1.69746402e-15,3.73444483e-37,1.88978438e-15,-1.54169117e-15,6.28665124e-16,-7.17782746e-15,3.96879654e-20,4.04532473e-15,-8.6131618e-19,-7.20117977e-20,7.97919283e-15,-4.29124895e-19,-9.74936173e-15,-1.22209042e-17,-3.19226785e-17,-8.18974542e-19,1.78973815e-19,3.29113452e-16,4.71498451e-18,-3.96318351e-14
0.001125,0.43028406,4.09355342,-1031.27247,300,0.651698552,6.86817315e-13,-2.68240716e-15,1.03115896e-14,3.62860755e-15,6.44030138e-18,4.03747837e-15,6.00052903e-20,1.00956882e-18,9.13392964e-15,2.40501395e-29,-1.06325726e-17,-1.6549058e-31,-5.71761923e-14,1,1.47462873e-19,4.53941099e-17,5.1093751e-20,-1.3728798e-14,1.14047989e-18,1.10108277e-19,-2.28883623e-15,-8.75389125e-15,-2.80961335e-20,-1.19521133e-15,-3.0569651e-14,8.61618879e-19,-4.1657852e-17,-1.72146917e-20,2.18189769e-19,1.15390553e-15,1.24177358e-15,9.44631105e-15,-2.74544348e-15,1.69746402e-15,3.73468892e-37,1.88978446e-15,-1.54169093e-15,6.28665213e-16,-7.17782759e-15,3.96839437e-20,4.04532485e-15,-8.60597184e-19,-7.20118373e-20,7.97919283e-15,-4.29124895e-19,-9.74936172e-15,-1.22209045e-17,-3.18638345e-17,-8.18974543e-19,1.78974036e-19,3.29113452e-16,4.71501092e-18,-3.96318351e-14
0.0015,0.4267022,5.45807122,-1031.27247,300,0.651698552,2.18455154e-12,-2.67409148e-15,9.3653065e-15,3.62860815e-15,5.84928424e-18,5.10977104e-15,5.99798356e-20,1.00956848e-18,9.13393013e-15,2.12914067e-29,-1.05536684e-17,-1.52370863e-31,-5.59276891e-14,1,1.81102297e-19,4.53943773e-17,5.11588068e-20,-1.37287982e-14,1.14048167e-18,1.10088041e-19,-2.28883621e-15,-8.75388605e-15,-3.4698052e-20,-4.29534777e-16,-3.13654771e-14,8.61650139e-19,-4.16560101e-17,-1.72159509e-20,2.18416801e-19,1.1539053e-15,1.24177327e-15,9.44631103e-15,-2.74544346e-15,1.69746403e-15,3.7349889e-37,1.8897846e-15,-1.5416907e-15,6.28665302e-16,-7.17782772e-15,3.96798985e-20,4.04532498e-15,-8.59897813e-19,-7.20118771e-20,7.97919283e-15,-4.29124895e-19,-9.74936172e-15,-1.22209048e-17,-3.13799408e-17,-8.18974543e-19,1.78974263e-19,3.29113453e-16,4.71503759e-18,-3.96318351e-14
0.001875,0.422096953,6.82258903,-1031.27247,300,0.651698552,6.92845618e-12,-2.66565957e-15,8.49762446e-15,3.62861367e-15,5.30735651e-18,6.09418615e-15,5.99542251e-20,1.00956818e-18,9.13393062e-15,1.87370689e-29,-1.04744686e-17,-1.49357171e-31,-5.4561856e-14,1,4.563536e-19,4.53971512e-17,5.12247677e-20,-1.37287984e-14,1.14048346e-18,1.10067579e-19,-2.28883619e-15,-8.75387495e-15,-4.6891223e-20,-1.53369742e-16,-3.16525192e-14,8.61681631e-19,-4.16542427e-17,-1.72172275e-20,2.18645652e-19,1.15390506e-15,1.24177297e-15,9.44631101e-15,-2.74544345e-15,1.69746415e-15,3.73570415e-37,1.88978521e-15,-1.54169046e-15,6.28665393e-16,-7.17782785e-15,3.96758178e-20,4.0453251e-15,-8.59210046e-19,-7.2011917e-20,7.97919283e-15,-4.29124894e-19,-9.74936171e-15,-1.22209051e-17,-2.74401341e-17,-8.18974543e-19,1.78974496e-19,3.29113453e-16,4.71506441e-18,-3.96318351e-14
0.00225,0.416468317,8.18710684,-1031.27247,300,0.651698552,2.18431954e-11,-2.65703767e-15,7.70267211e-15,3.62865851e-15,4.81085342e-18,7.00484875e-15,5.99285859e-20,1.00956831e-18,9.1339311e-15,1.63785909e-29,-1.03947338e-17,-1.46684112e-31,-5.32378917e-14,1,2.69169479e-18,4.54255132e-17,5.12917772e-20,-1.37287986e-14,1.14048529e-18,1.10046821e-19,-2.28883616e-15,-8.75384201e-15,-7.65790583e-20,-5.38920776e-17,-3.17558806e-14,8.61713465e-19,-4.16524856e-17,-1.72185173e-20,2.1887745e-19,1.15390482e-15,1.24177268e-15,9.44631099e-15,-2.74544343e-15,1.69746505e-15,3.73971635e-37,1.88978968e-15,-1.54169023e-15,6.28665485e-16,-7.17782797e-15,3.9671686e-20,4.04532523e-15,-8.58529674e-19,-7.20119573e-20,7.97919283e-15,-4.29124878e-19,-9.7493617e-15,-1.22209054e-17,4.32345882e-18,-8.18974543e-19,1.78974736e-19,3.29113453e-16,4.71509145e-18,-3.96318351e-14
0.003,0.40214088,10.9161424,-1031.27247,300,0.651698551,1.46323907e-10,-2.63878778e-15,6.34118879e-15,3.6296811e-15,3.96051267e-18,8.75608952e-15,5.9881653e-20,1.00957915e-18,9.13393205e-15,1.23029251e-29,-1.02321028e-17,-1.42127785e-31,-5.09472769e-14,1,5.42936498e-17,4.62563172e-17,5.14307178e-20,-1.37287988e-14,1.14048908e-18,1.10003841e-19,-2.2888361e-15,-8.75348044e-15,-2.91565689e-19,-1.1067473e-17,-3.18003398e-14,8.6177931e-19,-4.16474995e-17,-1.72210019e-20,2.19370822e-19,1.15390433e-15,1.2417721e-15,9.44631093e-15,-2.74544338e-15,1.69748603e-15,3.76887102e-37,1.88989179e-15,-1.54168971e-15,6.28665676e-16,-7.17782821e-15,3.96631479e-20,4.04532576e-15,-8.57182036e-19,-7.20120397e-20,7.97919287e-15,-4.29124429e-19,-9.74936147e-15,-1.22209059e-17,7.31811171e-16,-8.18974542e-19,1.78975245e-19,3.29113454e-16,4.71514671e-18,-3.96318351e-14
0.00375,0.383719892,13.6451781,-1031.27247,300,0.651698549,7.79335472e-10,-2.61778958e-15,5.17671142e-15,3.6443703e-15,3.23321564e-18,1.30849169e-14,5.99175017e-20,1.00974743e-18,9.13393298e-15,8.83065605e-30,-1.00643012e-17,-1.38171383e-31,-4.90206095e-14,0.999999999,8.06307639e-16,6.16831191e-17,5.15758295e-20,-1.37287974e-14,1.14049309e-18,1.09959003e-19,-2.28883563e-15,-8.75155001e-15,6.47223007e-19,-2.19376148e-18,-3.18091413e-14,8.61856209e-19,-4.16090032e-17,-1.722115e-20,2.20252762e-19,1.15390389e-15,1.24177154e-15,9.44631082e-15,-2.74544313e-15,1.69779405e-15,2.97714638e-37,1.89138282e-15,-1.54168867e-15,6.28665892e-16,-7.17782843e-15,3.96542457e-20,4.04533184e-15,-8.55831096e-19,-7.2012125e-20,7.97919361e-15,-4.29116054e-19,-9.74935745e-15,-1.22209065e-17,1.1248353e-14,-8.18974541e-19,1.78975812e-19,3.29113455e-16,4.71520427e-18,-3.9631835e-14
0.0045,0.361205356,16.3742137,-1031.27247,300,0.651698535,3.87987958e-09,-2.58871638e-15,4.17609136e-15,3.84635134e-15,2.608259e-18,5.56518867e-14,6.1120822e-20,1.01209492e-18,9.13393366e-15,5.96767602e-30,-9.88919573e-18,-1.34503837e-31,-4.74138713e-14,0.999999996,1.12981451e-14,3.35720512e-16,5.17224391e-20,-1.37287674e-14,1.14049738e-18,1.09915817e-19,-2.28882774e-15,-8.7422664e-15,4.20267887e-17,-4.17313865e-19,-3.18035099e-14,8.62098339e-19,-4.09235152e-17,-1.71930326e-20,2.28864794e-19,1.15390492e-15,1.24177097e-15,9.44631034e-15,-2.74544115e-15,1.70212155e-15,-7.85358951e-37,1.91225167e-15,-1.54167934e-15,6.286664e-16,-7.17782851e-15,3.96464249e-20,4.04544333e-15,-8.54459561e-19,-7.20122135e-20,7.97920687e-15,-4.28966628e-19,-9.74928613e-15,-1.22209069e-17,1.56792908e-13,-8.18974534e-19,1.78977048e-19,3.29113472e-16,4.71527234e-18,-3.96318348e-14
0.004875,0.348413016,17.7387315,-1031.27247,300,0.651698508,9.69653899e-09,-2.56456823e-15,3.7172643e-15,4.85641024e-15,2.32168955e-18,2.63603867e-13,6.74357708e-20,1.02394513e-18,9.13393322e-15,4.79579808e-30,-9.79904818e-18,-1.32533577e-31,-4.6689653e-14,0.99999999,6.4511663e-14,2.09436757e-15,5.17728588e-20,-1.37285652e-14,1.14049959e-18,1.09922648e-19,-2.28877453e-15,-8.72900362e-15,3.47803168e-16,-1.32847909e-19,-3.17552806e-14,8.6331567e-19,-3.61758296e-17,-1.70634587e-20,2.9002579e-19,1.1539165e-15,1.24177072e-15,9.44630916e-15,-2.74543466e-15,1.72421883e-15,-6.17855815e-36,2.0184344e-15,-1.54162763e-15,6.28668434e-16,-7.17782798e-15,3.96517053e-20,4.04620706e-15,-8.53758927e-19,-7.20122569e-20,7.9792926e-15,-4.28003525e-19,-9.74882682e-15,-1.22209068e-17,8.8922193e-13,-8.1897452e-19,1.7898301e-19,3.29113633e-16,4.71536519e-18,-3.96318343e-14
0.00525,0.334597311,19.1032494,-1031.27247,300,0.651698435,2.58069802e-08,-2.52298752e-15,3.29424724e-15,1.17131738e-14,2.05748598e-18,1.67369926e-12,1.10694089e-19,1.10508255e-18,9.13392948e-15,4.02473105e-30,-9.70597171e-18,-1.30163724e-31,-4.60282998e-14,0.999999974,4.30619261e-13,1.72374215e-14,5.16737466e-20,-1.37267477e-14,1.14050169e-18,1.10183074e-19,-2.28829074e-15,-8.69213774e-15,2.99734279e-15,-4.12582806e-20,-3.13330407e-14,8.74275535e-19,7.9713044e-18,-1.63082242e-20,9.01392649e-19,1.15403531e-15,1.24177067e-15,9.44630437e-15,-2.74540415e-15,1.87722216e-15,-4.23775541e-35,2.75118552e-15,-1.54122298e-15,6.28685246e-16,-7.17782416e-15,3.97164519e-20,4.05322047e-15,-8.52996085e-19,-7.20122938e-20,7.98003444e-15,-4.19676096e-19,-9.74485615e-15,-1.22209055e-17,5.89104784e-12,-8.18974482e-19,1.79048077e-19,3.29115492e-16,4.71602188e-18,-3.96318325e-14
0.005625,0.319758279,20.4677675,-1031.27247,300,0.651698237,6.92976397e-08,-2.44451869e-15,2.90442175e-15,5.66863213e-14,1.81401171e-18,1.0929329e-11,3.95931042e-19,1.64179321e-18,9.13391053e-15,3.98513918e-30,-9.60939888e-18,-1.26809616e-31,-4.53811807e-14,0.999999931,2.86406839e-12,1.43058656e-13,5.07205906e-20,-1.3710981e-14,1.14050385e-18,1.12650287e-19,-2.28404488e-15,-8.59080424e-15,2.47104962e-14,-1.24625961e-20,-2.77863005e-14,9.71787429e-19,4.04052974e-16,-1.20853276e-20,6.81535756e-18,1.15518777e-15,1.24177181e-15,9.44628444e-15,-2.74526419e-15,2.90068459e-15,-2.73116738e-34,7.63633917e-15,-1.53815342e-15,6.28824963e-16,-7.17779942e-15,4.01486393e-20,4.11535587e-15,-8.51772495e-19,-7.20122975e-20,7.98622532e-15,-3.50198062e-19,-9.71172978e-15,-1.22208988e-17,3.88928503e-11,-8.18974379e-19,1.79762245e-19,3.29136111e-16,4.72212229e-18,-3.96318217e-14
0.006,0.303896008,21.8322862,-1031.27247,300.000001,0.651697718,1.83424124e-07,-2.28915385e-15,2.54545297e-15,3.40575461e-13,1.58980143e-18,6.94125131e-11,2.20490523e-18,5.05837997e-18,9.13382244e-15,5.26490026e-30,-9.50853022e-18,-1.21191092e-31,-4.44840184e-14,0.999999816,1.84293457e-11,1.14770386e-12,4.56139614e-20,-1.35795601e-14,1.14050631e-18,1.33494119e-19,-2.24824263e-15,-8.32539986e-15,1.94659212e-13,-3.65883055e-21,8.3582486e-16,1.80746502e-18,3.81769988e-15,1.06343846e-20,6.17681915e-17,1.16590003e-15,1.24177909e-15,9.44620161e-15,-2.74464176e-15,9.48854663e-15,-1.63593034e-33,3.89772772e-14,-1.51575278e-15,6.29946294e-16,-7.17764391e-15,4.26966373e-20,4.64419023e-15,-8.46746158e-19,-7.20121448e-20,8.03586534e-15,2.06850141e-19,-9.4461412e-15,-1.22208583e-17,2.4844403e-10,-8.1897411e-19,1.87314249e-19,3.29355008e-16,4.7787168e-18,-3.96317402e-14
0.006375,0.287010701,23.1968066,-1031.27247,300.000007,0.65169639,4.73715421e-07,-1.97660439e-15,2.21526738e-15,2.05778771e-12,1.38352114e-18,4.23529889e-10,1.31970185e-17,2.58982076e-17,9.13342991e-15,8.69856892e-30,-9.40172895e-18,-1.1652217e-31,-4.18342132e-14,0.999999524,1.1382408e-10,8.82139949e-12,2.54563847e-20,-1.2531913e-14,1.14051173e-18,3.00485965e-19,-1.95954019e-15,-7.69106267e-15,1.46463478e-12,-1.10174357e-21,2.21775872e-13,8.65742311e-18,3.19483217e-14,1.2790062e-19,5.49806669e-16,1.2610403e-15,1.24181564e-15,9.44586426e-15,-2.74197394e-15,5.01167628e-14,-8.66331273e-33,2.31626915e-13,-1.3592646e-15,6.3856192e-16,-7.17669802e-15,5.65864483e-20,8.94805355e-15,-8.10969507e-19,-7.20112696e-20,8.41658916e-15,4.47912949e-18,-7.40922986e-15,-1.22205991e-17,1.52341813e-09,-8.18973431e-19,2.63613839e-19,3.31573264e-16,5.2826126e-18,-3.96310616e-14
0.00675,0.269102807,24.5613319,-1031.27247,300.000037,0.651693092,1.18720226e-06,-1.35077631e-15,1.91202768e-15,1.19632825e-11,1.19385681e-18,2.46827105e-09,7.68872768e-17,1.47108058e-16,9.13175752e-15,1.53797022e-29,-9.28342398e-18,-1.06786636e-31,-2.91434797e-14,0.999998801,6.71285062e-10,6.46044157e-11,-9.68948082e-21,-4.58612863e-15,1.14054357e-18,1.57200177e-18,2.55206292e-16,-6.39557299e-15,1.04915191e-11,-5.72233983e-22,1.84477277e-12,6.20700274e-17,2.52445511e-13,7.06014121e-19,4.670408e-15,2.06433392e-15,1.2419817e-15,9.44453496e-15,-2.73101153e-15,2.89012114e-13,-3.46133532e-32,1.36073284e-12,-3.18084611e-16,7.01579768e-16,-7.17118382e-15,1.26509104e-19,4.22675572e-14,-5.38018624e-19,-7.20071599e-20,1.11954875e-14,3.56621783e-17,7.45795948e-15,-1.22189815e-17,8.92058242e-09,-8.18971781e-19,9.95918397e-19,3.52923984e-16,9.54965703e-18,-3.9625416e-14
0.0069375,0.259765764,25.2435985,-1031.27247,300.000098,0.651689689,1.90966288e-06,-8.11815138e-16,1.76984699e-15,3.35231914e-11,1.10457694e-18,6.9229698e-09,2.16083107e-16,4.12970077e-16,9.12902259e-15,2.08975681e-29,-9.21055411e-18,-2.44431311e-30,-2.77965749e-15,0.999998056,1.89940571e-09,2.15459579e-10,1.0360003e-19,1.77819993e-14,1.14063653e-18,5.1644382e-18,6.55764353e-15,-5.4752648e-15,3.43849279e-11,-2.42544014e-22,6.27752559e-12,2.16433411e-16,8.9290115e-13,1.79388377e-18,1.75144613e-14,4.56823142e-15,1.24226568e-15,9.44249292e-15,-2.7135334e-15,8.18362681e-13,-5.83418224e-32,3.85505068e-12,2.27211627e-15,8.73011608e-16,-7.15903884e-15,2.55419732e-19,1.37908224e-13,2.39943254e-19,-7.19999518e-20,1.87394074e-14,1.20315072e-16,4.78179199e-14,-1.22150987e-17,2.51079768e-08,-8.18970151e-19,3.57582545e-18,4.28344222e-16,2.28876781e-17,-3.96078244e-14
0.007125,0.250173764,25.9258724,-1031.27247,300.000279,0.651683874,3.10875046e-06,-2.37102445e-17,1.63802261e-15,1.01606173e-10,1.02111738e-18,2.10020091e-08,6.57210416e-16,1.25828583e-15,9.12224911e-15,2.87905387e-29,-9.10355939e-18,-2.33451815e-30,7.87917934e-14,0.999996787,5.81951691e-09,7.94307876e-10,8.88274067e-19,1.06800187e-13,1.1409128e-18,1.95068418e-17,3.1887397e-14,-4.31534474e-15,1.24294846e-10,3.42538892e-21,2.34399372e-11,8.45633223e-16,3.51533452e-12,4.81650562e-18,7.36211694e-14,1.55060175e-14,1.24298976e-15,9.43770785e-15,-2.6714164e-15,2.51672477e-12,-3.60906305e-33,1.18362266e-11,1.14890436e-14,1.53447033e-15,-7.12025621e-15,6.19798769e-19,5.25337268e-13,3.40060851e-18,-7.19808826e-20,4.77871697e-14,4.46269606e-16,2.03223039e-13,-1.2201064e-17,7.64704508e-08,-8.18967546e-19,1.61936233e-17,7.98124247e-16,8.12999901e-17,-3.9530731e-14
0.0073125,0.24032739,26.6081616,-1031.27247,300.000805,0.651673892,5.06970344e-06,1.11464857e-15,1.52208249e-15,3.11176995e-10,9.4656793e-19,6.43754416e-08,2.01978856e-15,3.87795644e-15,9.10594801e-15,4.02962442e-29,-8.89855408e-18,-1.85771885e-30,3.25947142e-13,0.999994609,1.80150472e-08,2.95476786e-09,4.69680009e-18,4.51269715e-13,1.14191423e-18,7.5183312e-17,1.30864717e-13,-3.02345777e-15,4.53442984e-10,3.20971537e-20,8.80680728e-11,3.33882817e-15,1.39534536e-11,1.30163863e-17,3.11733197e-13,6.19250449e-14,1.24477035e-15,9.42676052e-15,-2.57210109e-15,7.82722687e-12,7.62780826e-31,3.67256229e-11,4.34156296e-14,4.0169285e-15,-6.99952286e-15,1.61035385e-18,2.05111652e-12,1.59025391e-17,-7.19317955e-20,1.56577437e-13,1.66704065e-15,7.85248569e-13,-1.21511914e-17,2.35321727e-07,-8.18963552e-19,7.60917003e-17,2.55782849e-15,3.29811893e-16,-3.92021619e-14
0.0075,0.230227673,27.290484,-1031.27247,300.00229,0.651656505,8.22756094e-06,2.7356767e-15,1.43511e-15,9.391274e-10,8.89497795e-19,1.94443831e-07,6.11625479e-15,1.17799781e-14,9.06803538e-15,5.70550866e-29,-8.41359617e-18,8.08858419e-31,1.05610018e-12,0.999990796,5.49421364e-08,1.07859641e-08,2.05311499e-17,1.74533371e-12,1.14567178e-18,2.85008187e-16,5.0629483e-13,-1.80504655e-15,1.62392628e-09,2.10440103e-19,3.24400691e-10,1.29272737e-14,5.42757696e-11,3.47091302e-17,1.29185271e-12,2.5299559e-13,1.24897491e-15,9.40240337e-15,-2.34318775e-15,2.39876987e-11,5.65485322e-30,1.12267944e-10,1.50909765e-13,1.30647784e-14,-6.63368354e-15,4.17481868e-18,7.88348279e-12,6.39127306e-17,-7.18095369e-20,5.52264197e-13,6.10717003e-15,2.90216174e-12,-1.19781941e-17,7.13523263e-07,-8.18957799e-19,3.5159884e-16,1.06714941e-14,1.3552014e-15,-3.78434827e-14
0.0076875,0.219876532,27.9728822,-1031.27247,300.006371,0.651625415,1.32318805e-05,5.00803432e-15,1.40636645e-15,2.76799284e-09,8.71632965e-19,5.73562882e-07,1.80850709e-14,3.49459165e-14,8.98335982e-15,5.76898678e-29,-7.14568818e-18,1.51807067e-29,3.15419508e-12,0.99998387,1.63606239e-07,3.83081221e-08,8.02614287e-17,6.45673763e-12,1.15948191e-18,1.05138543e-15,1.88624677e-12,-8.75457664e-16,5.66048558e-09,1.18537698e-18,1.16222465e-09,4.86554686e-14,2.05186611e-10,9.0600456e-17,5.19781364e-12,1.01444765e-12,1.25844299e-15,9.34993664e-15,-1.82807241e-15,7.17777272e-11,3.06195055e-29,3.35084854e-10,5.02136434e-13,4.50360949e-14,-5.55639275e-15,1.04346757e-17,2.94858332e-11,2.42537357e-16,-7.1516631e-20,1.9475649e-12,2.17642903e-14,1.03669755e-11,-1.13956536e-17,2.11267294e-06,-8.18950324e-19,1.5771244e-15,4.6850262e-14,5.45098472e-15,-3.24034733e-14
0.007875,0.20927772,28.6554591,-1031.27247,300.017257,0.651567731,2.1030703e-05,8.14238276e-15,1.49762783e-15,7.93704414e-09,9.47426136e-19,1.64593223e-06,5.20145772e-14,1.0084644e-13,8.80325696e-15,5.37062728e-29,-3.74877513e-18,8.79632521e-29,9.00729028e-12,0.999970599,4.73868509e-07,1.31917961e-07,2.90260961e-16,2.30498982e-11,1.20838431e-18,3.75928226e-15,6.79227789e-12,-3.28175258e-16,1.91362089e-08,6.05201189e-18,4.03642363e-09,1.77399794e-13,7.51358686e-10,2.3066016e-16,2.02389589e-11,3.94666047e-12,1.27856283e-15,9.24114578e-15,-6.97827319e-16,2.0889325e-10,1.4337247e-28,9.72748603e-10,1.61389161e-12,1.54365111e-13,-2.47873401e-15,2.46545508e-17,1.06869039e-10,8.85094869e-16,-7.08462858e-20,6.70912722e-12,7.51953189e-14,3.58411629e-11,-9.50464876e-18,6.08512755e-06,-8.18942391e-19,6.83836234e-15,2.02538187e-13,2.12571655e-14,-1.13566845e-14
0.0080625,0.198438807,29.3384669,-1031.27247,300.045423,0.651456074,3.29741637e-05,1.23990648e-14,1.83090977e-15,2.20905562e-08,1.28577745e-18,4.58443463e-06,1.4517276e-13,2.82440905e-13,8.44270638e-15,5.28160825e-29,5.25541352e-18,4.38396171e-28,2.48310343e-11,0.999943554,1.33193139e-06,4.39445823e-07,9.88270184e-16,7.94669927e-11,1.37404398e-18,1.29967177e-14,2.36283827e-11,-9.0656359e-17,6.26010378e-08,2.85964132e-17,1.35589054e-08,6.25119154e-13,2.65891709e-09,5.71558046e-16,7.6087195e-11,1.48340531e-11,1.31824628e-15,9.02568474e-15,1.7170563e-15,5.89907671e-10,6.10820401e-28,2.74027121e-09,5.0166427e-12,5.15446846e-13,6.03571617e-15,5.41370129e-17,3.74410527e-10,3.11499945e-15,-6.93940015e-20,2.24031413e-11,2.51302918e-13,1.19803527e-10,-3.65129746e-18,1.70107177e-05,-8.18938095e-19,2.85878204e-14,8.47653771e-13,8.00610525e-14,6.71541503e-14
0.00825,0.187375195,30.0225168,-1031.27247,300.115946,0.651231368,5.09340943e-05,1.80972619e-14,2.62873857e-15,5.95633749e-08,2.64869218e-18,1.23699409e-05,3.92433448e-13,7.6623538e-13,7.77501535e-15,6.66906096e-29,2.85212618e-17,2.0698133e-27,6.62090611e-11,0.999885271,3.62609449e-06,1.41312597e-06,3.19490743e-15,2.64229826e-10,1.90779145e-18,4.33507306e-14,7.92715175e-11,-1.77004185e-17,1.97754392e-07,1.26136192e-16,4.39601601e-08,2.12429457e-12,9.07354002e-09,1.3763842e-15,2.755579e-10,5.37200552e-11,1.38891669e-15,8.62260133e-15,6.7340698e-15,1.613339e-09,2.42071565e-27,7.47651281e-09,1.50660805e-11,1.66468935e-12,2.88001801e-14,1.0820382e-16,1.26513354e-09,1.05621e-14,-6.6453015e-20,7.22530555e-11,8.10684901e-13,3.86498495e-10,1.33131765e-17,4.60640187e-05,-8.18946897e-19,1.14947367e-13,3.41512011e-12,2.90442584e-13,3.48854908e-13
0.0084375,0.176117768,30.7090585,-1031.27247,300.28647,0.650766804,7.74285848e-05,2.56262423e-14,4.26222963e-15,1.55289688e-07,9.34607234e-18,3.22708309e-05,1.02558831e-12,2.00966848e-12,6.66069574e-15,1.36010541e-28,8.67204342e-17,9.70052426e-27,1.70646854e-10,0.999754823,9.54309259e-06,4.37678631e-06,9.83569439e-15,8.45554593e-10,3.53273184e-18,1.39172774e-13,2.55920705e-10,-2.36077987e-18,6.01907069e-07,5.20555433e-16,1.37252112e-07,6.94531058e-12,2.97880588e-08,3.21751564e-15,9.5900687e-10,1.86955529e-10,1.49697336e-15,7.92182988e-15,1.68524558e-14,4.26473522e-09,9.03670573e-27,1.97185326e-08,4.3635879e-11,5.18078899e-12,8.74829394e-14,1.9111005e-16,4.11330385e-09,3.44272291e-14,-6.09874319e-20,2.24465356e-10,2.5187083e-12,1.20082765e-09,5.79647294e-17,0.000120601786,-8.18986562e-19,4.43363517e-13,1.32010265e-11,1.01222685e-12,1.31840865e-12
0.008625,0.164726369,31.4014082,-1031.27247,300.683653,0.649796787,0.000115727282,3.54718112e-14,7.3101637e-15,3.90631802e-07,4.65855434e-17,8.121861e-05,2.58671699e-12,5.08485438e-12,5.04977696e-15,3.92537936e-28,2.2714962e-16,4.92283246e-26,4.24472115e-10,0.999458431,2.42267435e-05,1.30229961e-05,2.88496412e-14,2.59733893e-09,8.17272808e-18,4.28793962e-13,7.9294221e-10,-2.09277166e-19,1.76073209e-06,2.00596591e-15,4.11599784e-07,2.17884949e-11,9.38262426e-08,7.29767345e-15,3.19812241e-09,6.23461e-10,1.62397785e-15,6.81713865e-15,3.66245336e-14,1.08721307e-08,3.2118695e-26,5.01626428e-08,1.21598806e-10,1.54906909e-11,2.32929471e-13,2.85374338e-16,1.2832999e-08,1.07557495e-13,-5.19167312e-20,6.6990864e-10,7.51717156e-12,3.58392908e-09,1.59417255e-16,0.000304630819,-8.1908354e-19,1.63544903e-12,4.87993658e-11,3.37894668e-12,4.50893723e-12
0.0088125,0.153311032,32.1068005,-1031.27247,301.571946,0.647788428,0.00016988898,4.83119906e-14,1.27254465e-14,9.45667368e-07,2.53153394e-16,0.000196665421,6.28766394e-12,1.23794241e-11,3.14823252e-15,1.23892105e-27,5.53784332e-16,3.10404471e-25,1.01681565e-09,0.998789101,5.91742241e-05,3.71094445e-05,8.07054118e-14,7.6333908e-09,2.05238562e-17,1.26301452e-12,2.35010377e-09,-1.20435466e-20,4.93492098e-06,7.18215033e-15,1.18180789e-06,6.53743992e-11,2.82607915e-07,1.60757082e-14,1.01836359e-08,1.98525262e-09,1.69993753e-15,5.29622866e-15,7.39658638e-14,2.66567131e-08,1.10330577e-25,1.22768897e-07,3.25072146e-10,4.43543236e-11,5.78307603e-13,3.37414879e-16,3.82905146e-08,3.20879321e-13,-3.90051865e-20,1.91457691e-09,2.14839986e-11,1.0242847e-08,3.42019588e-16,0.000740491788,-8.19261046e-19,5.74788651e-12,1.71855361e-10,1.07647993e-11,1.45057896e-11
0.009,0.142059881,32.8400802,-1031.27247,303.471487,0.643739621,0.000244638596,6.53584887e-14,2.24896069e-14,2.19591979e-06,1.31425757e-15,0.000456531236,1.47249581e-11,2.89028796e-11,1.46281536e-15,3.87762798e-27,1.29071319e-15,2.51974431e-24,2.33959215e-09,0.997312788,0.000138597422,0.000100856552,2.16051949e-13,2.13711298e-08,5.12259152e-17,3.53691956e-12,6.63358348e-09,-4.39583442e-22,1.3199352e-05,2.37633908e-14,3.23543869e-06,1.86817965e-10,8.10493002e-07,3.45530056e-14,3.08205189e-08,6.00830018e-09,1.61030453e-15,3.5721661e-15,1.41890174e-13,6.26327495e-08,3.76442454e-25,2.88101811e-07,8.30439349e-10,1.21114205e-10,1.36028513e-12,2.88312536e-16,1.08783371e-07,9.09600236e-13,-2.41298599e-20,5.21842118e-09,5.85575171e-11,2.79182627e-08,5.63174707e-16,0.00172658553,-8.19490135e-19,1.91545454e-11,5.73720405e-10,3.25801544e-11,4.41636929e-11
0.0091875,0.131263391,33.62937,-1031.27247,307.332537,0.635941257,0.000344917669,8.94677825e-14,4.14396382e-14,4.86903345e-06,6.12768259e-15,0.00101089635,3.32960116e-11,6.44210085e-11,4.53646366e-16,1.20973864e-26,2.93603647e-15,2.25570538e-23,5.15468942e-09,0.994179059,0.000309882683,0.000259984716,5.56140346e-13,5.66573439e-08,1.24256211e-16,9.33791454e-12,1.77258729e-08,-9.78337625e-24,3.35069151e-05,7.26918603e-14,8.3977354e-06,5.05622543e-10,2.20016739e-06,7.33400806e-14,8.80937323e-08,1.71733544e-08,1.29006077e-15,2.13076848e-15,2.60292298e-13,1.40319424e-07,1.34235284e-24,6.45325282e-07,2.016386e-09,3.1362277e-10,3.03683401e-12,1.59788672e-16,2.92474591e-07,2.43325467e-12,-1.12880729e-20,1.34890666e-08,1.51365181e-10,7.2165853e-08,6.7027313e-16,0.00384493191,-8.19555804e-19,6.01275661e-11,1.80332154e-09,9.31060616e-11,1.26810212e-10
0.009375,0.121305997,34.5225122,-1031.27247,314.73038,0.621901047,0.000474866394,1.28443817e-13,8.06530379e-14,1.02450722e-05,2.45541623e-14,0.00212018811,7.31844542e-11,1.36219292e-10,8.60316388e-17,3.9851784e-26,6.6973494e-15,1.87947126e-22,1.08388023e-08,0.987868085,0.000657283726,0.000630769273,1.37759904e-12,1.41050007e-07,3.01094408e-16,2.29476467e-11,4.44647854e-08,4.57906047e-25,8.01198778e-05,2.09371929e-13,2.05024942e-05,1.28632925e-09,5.6073287e-06,1.57304798e-13,2.35709451e-07,4.59499489e-08,8.31229469e-16,1.58805884e-15,4.56614179e-13,2.97643642e-07,5.44297163e-24,1.37109024e-06,4.61841222e-09,7.64193861e-10,6.4068563e-12,5.25161305e-17,7.37838666e-07,6.08383428e-12,-3.66413342e-21,3.28124564e-08,3.68199568e-10,1.75545232e-07,5.56321196e-16,0.00812922661,-8.18777983e-19,1.76195188e-10,5.28662927e-09,2.49222407e-10,3.40664448e-10
0.0095625,0.112573821,35.5894215,-1031.27247,327.941699,0.598881959,0.000636061161,2.04260952e-13,1.62609511e-13,2.02909416e-05,8.132614e-14,0.00417284937,1.58240999e-10,2.71030966e-10,9.69637524e-18,1.50650752e-25,1.57317819e-14,1.32575458e-21,2.16890241e-08,0.975994047,0.00131186278,0.00142593396,3.2576965e-12,3.26132781e-07,7.70429171e-16,5.15307666e-11,1.03553967e-07,6.39407995e-24,0.000178675963,5.9458708e-13,4.65982602e-05,3.0467886e-09,1.32737489e-05,3.5158442e-13,5.83544716e-07,1.13757316e-07,4.19636538e-16,2.85204717e-15,7.63163096e-13,5.92259712e-07,2.79566136e-23,2.7406526e-06,9.87836645e-09,1.73448141e-09,1.26700286e-11,9.93235824e-18,1.72699426e-06,1.40333433e-11,-7.12668427e-22,7.43541866e-08,8.34354434e-10,3.97792268e-07,3.48363931e-16,0.0161936942,-8.15590365e-19,4.763322e-10,1.42753396e-08,6.18637464e-10,8.46480529e-10
0.00975,0.105239228,36.9114744,-1031.27247,349.641067,0.565460137,0.000825354615,3.78979551e-13,3.30209006e-13,3.74808768e-05,2.17331654e-13,0.0076265338,3.40796594e-10,5.02742433e-10,6.74492754e-19,6.94886077e-25,3.82610943e-14,7.67637055e-21,4.125992e-08,0.955458575,0.00244119924,0.0029694914,7.27733831e-12,6.91628911e-07,2.17199746e-15,1.03202999e-10,2.21096993e-07,8.39797077e-23,0.000367469485,1.76513715e-12,9.74405509e-05,6.64974881e-09,2.88306121e-05,8.35981762e-13,1.31899243e-06,2.57124567e-07,1.65376555e-16,9.3491313e-15,1.20902016e-12,1.09404817e-06,1.96396368e-22,5.10641761e-06,1.94998074e-08,3.62485585e-09,2.32427886e-11,1.11775439e-18,3.70250154e-06,2.93824643e-11,2.42571122e-22,1.55159221e-07,1.74110051e-09,8.30098433e-07,2.37021907e-16,0.0301341342,-8.07210976e-19,1.17202271e-09,3.49936164e-08,1.40862536e-09,1.91973451e-09
0.0099375,0.0989967708,38.5526146,-1031.27247,382.05235,0.523369195,0.00103369137,8.32967307e-13,6.58927963e-13,6.40651144e-05,4.72332804e-13,0.01283163,7.32420509e-10,8.6253387e-10,3.15271769e-20,3.87242992e-24,9.35275472e-14,3.84986585e-20,7.47668562e-08,0.923264653,0.00420205973,0.00564108295,1.5374561e-11,1.33082648e-06,6.86754203e-15,1.79328819e-10,4.28096117e-07,1.22551143e-21,0.000690204221,5.6295579e-12,0.000185569244,1.32658508e-08,5.68452628e-05,2.08804802e-12,2.69037153e-06,5.24454635e-07,5.31131383e-17,3.63194138e-14,1.80927809e-12,1.8600004e-06,1.83676178e-21,8.79821361e-06,3.51388848e-08,6.90602116e-09,3.91353967e-11,8.12141907e-20,7.19045094e-06,5.48384515e-11,1.54467288e-21,2.95208418e-07,3.31266181e-09,1.57936612e-06,3.06848231e-16,0.0520052808,-7.89944352e-19,2.59233983e-09,7.6851292e-08,2.91403132e-09,3.92736959e-09
0.010125,0.0929963194,40.5239418,-1031.27247,425.968699,0.477447555,0.00124759586,2.10798168e-12,1.25211646e-12,0.000100982172,8.7039956e-13,0.0198113453,1.54389461e-09,1.36396001e-09,1.09888167e-21,2.39768675e-23,2.16674933e-13,2.02778881e-19,1.29703467e-07,0.877816243,0.00666706237,0.00973235942,3.12614464e-11,2.31234178e-06,2.43179981e-14,2.63841769e-10,7.48021011e-07,1.74923291e-20,0.00117866416,1.87918282e-11,0.000320375303,2.4136601e-08,0.000101225197,5.20294768e-12,4.92446781e-06,9.59945704e-07,1.97243632e-17,1.42209433e-13,2.56483744e-12,2.90095071e-06,1.99895668e-20,1.3968439e-05,5.7417124e-08,1.19391375e-08,5.99830128e-11,1.81119149e-20,1.25866731e-05,8.94354432e-11,6.92968318e-21,5.09761058e-07,5.72030467e-09,2.72724866e-06,7.02937757e-16,0.082982109,-7.60485217e-19,5.11281895e-09,1.50099209e-07,5.44048057e-09,7.20589602e-09
0.0103125,0.086140056,42.7670555,-1031.27247,480.529005,0.433024533,0.00145315211,5.77321133e-12,2.19250401e-12,0.000147169963,1.43140227e-12,0.0281823348,3.0867995e-09,1.99324656e-09,3.15556896e-23,1.46577391e-22,4.4945464e-13,1.31213657e-18,2.16903142e-07,0.819847111,0.00977483996,0.015293478,6.18440619e-11,3.64021844e-06,9.173804e-14,3.24956505e-10,1.18336497e-06,2.10668749e-19,0.00183509445,6.15505755e-11,0.000502901637,4.02389473e-08,0.000163221035,1.20832136e-11,8.11231485e-06,1.58131905e-06,3.00007136e-17,5.07029239e-13,3.49388165e-12,4.16677976e-06,2.12660542e-19,2.0487032e-05,8.49937352e-08,1.87809606e-08,8.32968307e-11,1.14245303e-19,1.99269466e-05,1.23742943e-10,2.88134421e-20,8.01144757e-07,8.99024286e-09,4.28624078e-06,2.02321099e-15,0.122735845,-7.17612183e-19,8.94569947e-09,2.61005072e-07,9.11831457e-09,1.18845091e-08
0.0105,0.0775147853,45.1678045,-1031.27247,543.938034,0.393427955,0.00163993311,1.56639692e-11,3.44372545e-12,0.000199853703,2.17392017e-12,0.0372986565,5.62801585e-09,2.71289333e-09,1.00636616e-24,7.81840171e-22,8.07349069e-13,8.5927218e-18,3.52530824e-07,0.752263175,0.0133446271,0.0220875391,1.13457804e-10,5.24510847e-06,3.36095591e-13,3.35523639e-10,1.71207361e-06,1.93465098e-18,0.00262813804,1.82066449e-10,0.000724492787,6.19081568e-08,0.00024053264,2.48146785e-11,1.2149666e-05,2.36820747e-06,1.16590643e-16,1.54622188e-12,4.70766536e-12,5.56444792e-06,1.89472587e-18,2.79731603e-05,1.14395313e-07,2.71233268e-08,1.04650965e-10,6.83759777e-19,2.88309381e-05,1.35846214e-10,1.0153869e-19,1.1563741e-06,1.29769583e-08,6.18695352e-06,5.9251005e-15,0.169480834,-6.62975053e-19,1.36927311e-08,4.07505224e-07,1.35793408e-08,1.77618764e-08
0.01059375,0.0723692182,46.3780864,-1031.27247,578.366621,0.375802735,0.00172434063,2.56162367e-11,4.19498484e-12,0.000227473587,2.61685886e-12,0.0419093988,7.24489424e-09,3.0907667e-09,1.09221633e-25,1.71791869e-21,1.03143166e-12,2.055065e-17,4.49467073e-07,0.716188636,0.015224967,0.0258094238,1.44030283e-10,6.11441925e-06,6.50507631e-13,3.18173345e-10,1.99925675e-06,5.25691386e-18,0.0030589114,3.01277545e-10,0.000845148712,7.45106499e-08,0.000283371555,3.39221974e-11,1.44073537e-05,2.80818605e-06,2.70462758e-16,2.58143261e-12,5.54750785e-12,6.27856468e-06,5.23857257e-18,3.19158059e-05,1.27997436e-07,3.16772701e-08,1.12827148e-10,1.53236665e-18,3.36637041e-05,1.2382814e-10,1.80564619e-19,1.35051511e-06,1.51560185e-08,7.22582709e-06,1.01084412e-14,0.194621312,-6.32449671e-19,1.56521561e-08,4.90583049e-07,1.56166566e-08,2.09578832e-08
0.0106875,0.0666325656,47.575175,-1031.27247,614.437405,0.359566686,0.00180235924,4.032654e-11,4.90115182e-12,0.000255439492,3.11454455e-12,0.0464658795,9.01130192e-09,3.47369421e-09,7.35779687e-26,3.4672987e-21,1.25346392e-12,4.53158327e-17,5.7093434e-07,0.679196037,0.0171343472,0.0296787367,1.69720016e-10,7.01025555e-06,1.20878016e-12,2.8596047e-10,2.29567268e-06,1.33679353e-17,0.0035041804,4.70892512e-10,0.000970008077,8.78268346e-08,0.000328173346,4.45273586e-11,1.67808678e-05,3.27069654e-06,5.94292012e-16,4.08973175e-12,6.60597467e-12,6.9890371e-06,1.33481023e-17,3.59190896e-05,1.40172334e-07,3.63955066e-08,1.18780814e-10,3.24598342e-18,3.86495412e-05,9.9760324e-11,2.94997083e-19,1.55196621e-06,1.74173293e-08,8.30389088e-06,1.65101963e-14,0.220542566,-6.00430101e-19,1.67617391e-08,5.78077027e-07,1.71981438e-08,2.42076773e-08
0.01078125,0.0602923868,48.7421723,-1031.27247,651.952044,0.344656859,0.00187406522,6.14108002e-11,5.52882483e-12,0.000283352585,3.69930118e-12,0.0509084351,1.08130837e-08,3.85603432e-09,1.64659362e-25,6.48121346e-21,1.45450817e-12,9.19666245e-17,7.23424404e-07,0.64180956,0.0190448945,0.0336302226,1.83771459e-10,7.91662802e-06,2.18129682e-12,2.42972249e-10,2.59596234e-06,3.23702341e-17,0.00395640483,6.99053559e-10,0.00109691555,1.0111302e-07,0.000374121286,5.63660839e-11,1.92260315e-05,3.74712905e-06,1.28814273e-15,6.18935797e-12,7.96911909e-12,7.68620357e-06,3.15567158e-17,3.99248685e-05,1.50365383e-07,4.11922128e-08,1.22422532e-10,6.77501123e-18,4.36992776e-05,6.95132623e-11,4.46267775e-19,1.75728504e-06,1.97223095e-08,9.40273243e-06,2.6027561e-14,0.246884291,-5.675454e-19,1.63417292e-08,6.67415684e-07,1.79438168e-08,2.73729576e-08
0.010875,0.0533510927,49.8642943,-1031.27247,690.735026,0.330977338,0.00193972366,9.07507893e-11,6.06338302e-12,0.000310879467,4.46876743e-12,0.0551926712,1.25219376e-08,4.23275126e-09,3.75068858e-25,1.13375543e-20,1.62391322e-12,1.73093209e-16,9.15313905e-07,0.604493707,0.0209329957,0.0376044187,1.83968799e-10,8.8194249e-06,3.83399112e-12,1.96356793e-10,2.89540655e-06,7.70345951e-17,0.00440885375,9.9058405e-10,0.0012239449,1.13354351e-07,0.000420455855,6.93847685e-11,2.17015588e-05,4.22946076e-06,2.78211433e-15,8.97585508e-12,9.74769205e-12,8.36263029e-06,6.96244e-17,4.38840077e-05,1.581495e-07,4.59883061e-08,1.24167365e-10,1.45886032e-17,4.87345999e-05,4.21956762e-11,6.28355159e-19,1.96336453e-06,2.20361394e-08,1.05057205e-05,4.00305111e-14,0.273319163,-5.34377572e-19,1.39720524e-08,7.55939638e-07,1.74752356e-08,3.03025363e-08
0.01096875,0.0458214788,50.929161,-1031.27247,730.628811,0.318419025,0.00199972793,1.3078314e-10,6.51843238e-12,0.000337756098,5.66014068e-12,0.05928833,1.4009005e-08,4.59900998e-09,8.10457544e-25,1.88463124e-20,1.76315044e-12,3.06476136e-16,1.15731238e-06,0.567642882,0.0227796755,0.0415498794,1.74027748e-10,9.70685905e-06,6.57253795e-12,1.53206386e-10,3.19009263e-06,1.87995473e-16,0.00485583186,1.34961247e-09,0.00134946494,1.23323816e-07,0.000466506902,8.39554129e-11,2.41708702e-05,4.71064202e-06,6.00421392e-15,1.25160159e-11,1.20842442e-11,9.01300789e-06,1.4450526e-16,4.77571147e-05,1.63253429e-07,5.07143582e-08,1.24943553e-10,3.35726356e-17,5.3690526e-05,2.37201262e-11,8.26164337e-19,2.16754646e-06,2.43290407e-08,1.15986097e-05,6.09462233e-14,0.299561501,-5.01135437e-19,1.01745815e-08,8.41085463e-07,1.55711433e-08,3.28520202e-08
0.0110625,0.0377232487,51.9268752,-1031.27247,771.489054,0.306871969,0.00205454796,1.84928125e-10,6.9360287e-12,0.000363785188,7.79481979e-12,0.0631773324,1.51526084e-08,4.94916595e-09,1.71538936e-24,3.03526735e-20,1.88694647e-12,5.20614794e-16,1.46319915e-06,0.531578685,0.0245705075,0.0454241766,1.6049733e-10,1.05696129e-05,1.09807369e-11,1.17479948e-10,3.47695954e-06,4.88159077e-16,0.00529275973,1.78411837e-09,0.00147216315,1.29699609e-07,0.000511709099,1.01091654e-10,2.66028637e-05,5.18479986e-06,1.29311684e-14,1.68543873e-11,1.51655869e-11,9.6339036e-06,2.84742304e-16,5.15142981e-05,1.65571369e-07,5.53120474e-08,1.26051424e-10,8.35593423e-17,5.85160348e-05,1.35077892e-11,1.01308297e-18,2.36766807e-06,2.65768129e-08,1.26697869e-05,9.33355339e-14,0.32537096,-4.69159934e-19,6.46730823e-09,9.20559932e-07,1.24217573e-08,3.49155941e-08
0.01125,0.0199200942,53.7029184,-1031.27247,855.693111,0.286381706,0.00215055544,3.49750518e-10,7.78993599e-12,0.000412865119,1.99533793e-11,0.0703167459,1.61415895e-08,5.57711465e-09,7.07547896e-24,7.50088008e-20,2.16627877e-12,1.43193144e-15,2.31077623e-06,0.462652253,0.0279517486,0.0528475871,1.38995869e-10,1.21987531e-05,2.68270052e-11,6.85809803e-11,4.01989863e-06,3.79134502e-15,0.00612494027,2.90900174e-09,0.00170579062,1.2842278e-07,0.000598053483,1.4816338e-10,3.12695179e-05,6.09637169e-06,4.93817226e-14,2.79400469e-11,2.41968717e-11,1.07821578e-05,9.59383808e-16,5.86128599e-05,1.62285449e-07,6.39734537e-08,1.33324552e-10,5.19228327e-16,6.76526897e-05,5.56246811e-12,1.22815829e-18,2.75016779e-06,3.08748162e-08,1.47170655e-05,2.16031718e-13,0.375027537,-4.07565161e-19,2.56318125e-09,1.05705632e-06,4.86337465e-09,3.75254846e-08
0.0114375,0.000151858543,55.149007,-1031.27247,942.045733,0.268872263,0.00223186787,6.52231559e-10,9.53196959e-12,0.000457504272,6.7030391e-11,0.076618333,1.51281552e-08,5.96688044e-09,3.67304054e-23,2.14590792e-19,2.90093371e-12,4.43070937e-15,3.68903163e-06,0.399127779,0.0310285157,0.0596876039,1.41204196e-10,1.36723148e-05,5.41284716e-11,4.22348458e-11,4.5130901e-06,2.97618178e-14,0.00688681872,4.74065388e-09,0.00191948365,1.06659336e-07,0.000676715845,2.39281125e-10,3.55513905e-05,6.93846598e-06,1.83966866e-13,4.32285538e-11,4.02925513e-11,1.18042077e-05,2.88638402e-15,6.50798437e-05,1.50067117e-07,7.16917785e-08,1.57466992e-10,3.00178868e-15,7.59548641e-05,2.97550161e-12,1.29989632e-18,3.10177364e-06,3.48302064e-08,1.65981592e-05,5.39074909e-13,0.421126888,-3.51592278e-19,1.31712231e-09,1.15517892e-06,1.60337426e-09,3.88121223e-08
0.011625,-0.0213435872,56.254565,-1031.27247,1029.65795,0.253748,0.0023020392,1.22518695e-09,1.32753982e-11,0.000497678072,2.38044731e-10,0.0821579674,1.31179533e-08,5.82901901e-09,2.58886028e-22,8.30127341e-19,5.14309905e-12,1.67805476e-14,5.97138308e-06,0.341554922,0.0337951657,0.0658728264,1.69575363e-10,1.49849009e-05,8.75533354e-11,2.92632491e-11,4.95440435e-06,2.0369499e-13,0.00757265538,8.04093098e-09,0.00211151892,8.06223406e-08,0.000746225471,4.28389824e-10,3.93895684e-05,7.70241733e-06,5.96674626e-13,6.44250259e-11,6.97424122e-11,1.27087123e-05,8.07170197e-15,7.09031112e-05,1.32010514e-07,7.83398002e-08,2.04649668e-10,1.50383997e-14,8.33783693e-05,2.02595421e-12,1.67249329e-18,3.41942911e-06,3.84138056e-08,1.82956453e-05,1.37417806e-12,0.463125678,-3.01922143e-19,8.32859534e-10,1.2149602e-06,7.34335073e-10,3.94684971e-08
0.01171875,-0.0326671035,56.6826691,-1031.27247,1073.75698,0.246923556,0.00233386137,1.71334313e-09,1.66477854e-11,0.00051619838,4.49572118e-10,0.0846765016,1.22894901e-08,5.45899072e-09,9.5291587e-22,1.95798627e-18,7.95495046e-12,3.57107103e-14,7.72754657e-06,0.314983835,0.0350687384,0.0687225498,1.98155672e-10,1.5586599e-05,1.06423728e-10,2.66767301e-11,5.15700593e-06,5.09132947e-13,0.00788793214,1.07494193e-08,0.00219960216,7.31546774e-08,0.00077721843,6.01213356e-10,4.11405674e-05,8.05686528e-06,1.03548015e-12,7.82750722e-11,9.46359148e-11,1.3121566e-05,1.34329525e-14,7.35867362e-05,1.21918794e-07,8.12474514e-08,2.39704517e-10,3.26152293e-14,8.6776235e-05,1.85389223e-12,2.32208569e-18,3.56588906e-06,4.00749803e-08,1.90768487e-05,2.25004564e-12,0.482558145,-2.79416146e-19,7.13270338e-10,1.23254847e-06,5.6469258e-10,3.9670467e-08
0.0118125,-0.04433767,57.032172,-1031.27247,1117.93418,0.240528645,0.00236390542,2.410503e-09,2.14448625e-11,0.000533732795,8.38816764e-10,0.0870436825,1.16983186e-08,4.90067876e-09,3.70558029e-21,5.13610341e-18,1.34567906e-11,7.87065445e-14,1.00337921e-05,0.289863192,0.0362728453,0.071413761,2.38065329e-10,1.61554052e-05,1.27543381e-10,2.5953118e-11,5.3483707e-06,1.22541571e-12,0.00818541231,1.44030139e-08,0.0022825461,6.99564563e-08,0.00080557054,8.55076814e-10,4.27802613e-05,8.39418413e-06,1.69769174e-12,9.46027999e-11,1.29475238e-10,1.35103738e-05,2.21673239e-14,7.61259838e-05,1.11457793e-07,8.38791366e-08,2.82977501e-10,6.85849568e-14,8.99742186e-05,1.80528427e-12,3.67655109e-18,3.7043765e-06,4.16548321e-08,1.98142135e-05,3.649074e-12,0.500947885,-2.58415282e-19,6.33794667e-10,1.24254051e-06,4.62055094e-10,3.98111981e-08
0.01190625,-0.0563275204,57.3061844,-1031.27247,1162.07805,0.234530759,0.00239242526,3.42504649e-09,2.83782893e-11,0.000550337122,1.5497867e-09,0.0892718881,1.14147134e-08,4.20682947e-09,1.57867612e-20,1.49342923e-17,2.47738338e-11,1.79075545e-13,1.31060417e-05,0.266149526,0.0374110359,0.0739519361,2.93750742e-10,1.66958986e-05,1.53306645e-10,2.72159661e-11,5.52948842e-06,2.8578481e-12,0.00846584963,1.93056549e-08,0.00236052312,7.11457992e-08,0.000831086282,1.23491753e-09,4.43103281e-05,8.71639717e-06,2.65650836e-12,1.13874813e-10,1.79327459e-10,1.38768784e-05,3.64628289e-14,7.85282471e-05,1.00870273e-07,8.62354052e-08,3.3577943e-10,1.4101698e-13,9.29822233e-05,1.8756253e-12,6.64544368e-18,3.83527236e-06,4.31619478e-08,2.05093833e-05,5.91190134e-12,0.518315673,-2.38857517e-19,5.84043933e-10,1.24510318e-06,3.97850177e-10,3.99072941e-08
0.012,-0.0686089264,57.5080467,-1031.27247,1206.0817,0.228900722,0.00241963966,4.92622617e-09,3.8613629e-11,0.000566069552,2.84236723e-09,0.091372745,1.14755082e-08,3.47154754e-09,7.16645694e-20,4.71496338e-17,4.87893797e-11,4.18134131e-13,1.72524929e-05,0.243790798,0.0384869664,0.0763434666,3.71938255e-10,1.72141911e-05,1.8717546e-10,3.08662087e-11,5.70158314e-06,6.49037236e-12,0.00873006211,2.58538181e-08,0.00243370812,7.69662339e-08,0.000853475426,1.81254308e-09,4.5732669e-05,9.02629536e-06,3.97746085e-12,1.36675366e-10,2.52018987e-10,1.42227171e-05,5.99937157e-14,8.08012375e-05,9.03440984e-08,8.83174476e-08,3.99832e-10,2.84862665e-13,9.581063e-05,2.07748946e-12,1.34480427e-17,3.95902589e-06,4.46078958e-08,2.11642248e-05,9.5961577e-12,0.534690552,-2.20671467e-19,5.57750559e-10,1.24002464e-06,3.58516294e-10,3.99737031e-08
0.01209375,-0.0811542736,57.6412202,-1031.27247,1249.84282,0.223612303,0.00244573511,7.18324152e-09,5.41546042e-11,0.000580989715,5.18715861e-09,0.0933570133,1.19012381e-08,2.80041839e-09,3.36721144e-19,1.57267973e-16,1.00436215e-10,9.94030603e-13,2.29149102e-05,0.222729488,0.0395042738,0.0785952551,4.83010819e-10,1.77185857e-05,2.34114612e-10,3.77293098e-11,5.86618954e-06,1.44174406e-11,0.00897888089,3.4624151e-08,0.0025022572,8.82877079e-08,0.000872301379,2.7058973e-09,4.70492457e-05,9.32770884e-06,5.70496771e-12,1.63725645e-10,3.59846689e-10,1.45493859e-05,9.89978778e-14,8.29527842e-05,8.00235203e-08,9.01267465e-08,4.77301824e-10,5.67609632e-13,9.84698061e-05,2.44321825e-12,2.96428343e-17,4.0761481e-06,4.6008311e-08,2.17807247e-05,1.56352554e-11,0.550107462,-2.03780521e-19,5.51390573e-10,1.22670319e-06,3.37087883e-10,4.00256458e-08
0.0121875,-0.0939361175,57.7092037,-1031.27247,1293.2635,0.218641879,0.00247086799,1.06272483e-08,7.84899753e-11,0.000595158779,9.43661063e-09,0.0952345417,1.27052206e-08,2.26822884e-09,1.60096148e-18,5.40885559e-16,2.11438531e-10,2.38475226e-12,3.07209775e-05,0.202904988,0.0404664894,0.0807144166,6.42972965e-10,1.82206345e-05,3.01674371e-10,4.92714099e-11,6.02528829e-06,3.1435998e-11,0.00921310366,4.65058013e-08,0.00256628383,1.06941392e-07,0.000886920216,4.11018068e-09,4.82622672e-05,9.62595812e-06,7.84750077e-12,1.95900603e-10,5.22261285e-10,1.4858208e-05,1.64125546e-13,8.49907603e-05,7.00219806e-08,9.16650988e-08,5.70843947e-10,1.11901772e-12,0.000100969711,3.03019175e-12,6.93964074e-17,4.18721706e-06,4.73847129e-08,2.23609207e-05,2.56008042e-11,0.564605359,-1.88105921e-19,5.63363244e-10,1.20423716e-06,3.30332742e-10,4.00806174e-08
0.01228125,-0.106927228,57.7154702,-1031.27247,1336.25017,0.213968121,0.0024951654,1.59475903e-08,1.17673831e-10,0.000608640795,1.71269569e-08,0.0970142707,1.3895396e-08,1.89466977e-09,7.58429766e-18,1.88527564e-15,4.47901455e-10,5.72633484e-12,4.15411722e-05,0.184255438,0.0413769804,0.0827080634,8.76288985e-10,1.87367581e-05,4.01930869e-10,6.79223861e-11,6.18152004e-06,6.74322856e-11,0.00943344466,6.28719982e-08,0.0026258268,1.36104749e-07,0.000896419186,6.34726995e-09,4.93749515e-05,9.92855058e-06,1.03675855e-11,2.34243737e-10,7.69963819e-10,1.51502997e-05,2.73540942e-13,8.69231489e-05,6.04348783e-08,9.2935123e-08,6.83620008e-10,2.18663717e-12,0.000103319541,3.9288436e-12,1.69343151e-16,4.29289711e-06,4.87673445e-08,2.29068603e-05,4.21315342e-11,0.578225722,-1.73569004e-19,5.93370453e-10,1.1717031e-06,3.3729222e-10,4.01608576e-08
0.012375,-0.120100641,57.6634205,-1031.27247,1378.71359,0.209571699,0.00251872366,2.42347628e-08,1.82108479e-10,0.000621505676,3.09925929e-08,0.0987042665,1.54734304e-08,1.65552143e-09,3.54327936e-17,6.58613258e-15,9.45254787e-10,1.36694378e-11,5.65342584e-05,0.166719134,0.042238912,0.0845831546,1.21996517e-09,1.92906394e-05,5.54886316e-10,9.7542524e-11,6.33849499e-06,1.42398996e-10,0.00964046957,8.57850585e-08,0.00268080148,1.80862643e-07,0.000899575074,9.94185862e-09,5.03931794e-05,1.02461893e-05,1.3184203e-11,2.79986044e-10,1.1509234e-09,1.54265225e-05,4.57937947e-13,8.87582844e-05,5.13512771e-08,9.39413994e-08,8.19286389e-10,4.23626475e-12,0.000105527337,5.2727654e-12,4.25226248e-16,4.39397507e-06,5.0199355e-08,2.34205863e-05,6.96096686e-11,0.591011408,-1.60092797e-19,6.41881656e-10,1.12870222e-06,3.58539554e-10,4.02967351e-08
0.01246875,-0.133429757,57.5563507,-1031.27247,1420.56947,0.20543496,0.00254160277,3.71822103e-08,2.89426387e-10,0.00063383448,5.58043027e-08,0.100311771,1.74357961e-08,1.51307769e-09,1.62073115e-16,2.28877192e-14,1.97616654e-09,3.22570588e-11,7.71549851e-05,0.150235641,0.0430552211,0.0863463962,1.72944948e-09,1.99165915e-05,7.94524767e-10,1.44053859e-10,6.50119202e-06,2.95764951e-10,0.00983449772,1.1823668e-07,0.00273092107,2.48950293e-07,0.000894864891,1.57346968e-08,5.13283755e-05,1.0594123e-05,1.6193288e-11,3.34591872e-10,1.73881625e-09,1.56874114e-05,7.68287094e-13,9.05053331e-05,4.28631399e-08,9.46924082e-08,9.81987753e-10,8.12627115e-12,0.000107599476,7.24897415e-12,1.08844565e-15,4.4914172e-06,5.17425589e-08,2.3904149e-05,1.15179043e-10,0.603005756,-1.47603095e-19,7.0962273e-10,1.07611065e-06,3.95864919e-10,4.05315398e-08
0.0125625,-0.146888538,57.3974293,-1031.27247,1461.73997,0.201541538,0.0025638146,5.73559872e-08,4.69013818e-10,0.000645727991,9.96689553e-08,0.10184326,1.97794639e-08,1.43812385e-09,7.21710823e-16,7.86276883e-14,4.0774721e-09,7.4856785e-11,0.000105091152,0.134746738,0.0438285929,0.0880041796,2.48739508e-09,2.06639643e-05,1.1796161e-09,2.16232749e-10,6.67637685e-06,6.02895209e-10,0.0100154475,1.64425527e-07,0.00277556812,3.51555491e-07,0.000880567104,2.50450244e-08,5.2201791e-05,1.09937554e-05,1.93058575e-11,3.99880437e-10,2.64427551e-09,1.5933063e-05,1.28720304e-12,9.21751115e-05,3.50698275e-08,9.52034277e-08,1.17644871e-09,1.53956123e-11,0.000109539947,1.0104924e-11,2.81707143e-15,4.58645001e-06,5.34846574e-08,2.43596447e-05,1.90201132e-10,0.614251908,-1.36029172e-19,7.97099663e-10,1.01667342e-06,4.52212002e-10,4.09281761e-08
0.01265625,-0.160451902,57.1896833,-1031.27247,1502.15683,0.19787585,0.00258530148,8.85359255e-08,7.6890755e-10,0.000657320045,1.75948732e-07,0.103304492,2.25114678e-08,1.41509319e-09,3.11301785e-15,2.65346688e-13,8.27371215e-09,1.69909609e-10,0.000142101777,0.120197325,0.0445614315,0.0895625523,3.61729733e-09,2.16022915e-05,1.81253053e-09,3.26634184e-10,6.87285099e-06,1.20271982e-09,0.0101825927,2.30059428e-07,0.00281359121,5.03860417e-07,0.000854982177,3.98965336e-08,5.30499438e-05,1.14742145e-05,2.24964911e-11,4.7830507e-10,4.02915004e-09,1.61629641e-05,2.14476467e-12,9.37813664e-05,2.80752112e-08,9.55005207e-08,1.40831842e-09,2.87153292e-11,0.000111349292,1.4147722e-11,7.31252897e-15,4.68066482e-06,5.55471012e-08,2.4789276e-05,3.12236162e-10,0.624792287,-1.25280024e-19,9.04250953e-10,9.54813908e-07,5.31751556e-10,4.15781521e-08
0.01275,-0.17409642,56.9359909,-1031.27247,1541.7666,0.194422451,0.00260590173,1.36126707e-07,1.26612113e-09,0.000668797503,3.05986853e-07,0.104700556,2.56590251e-08,1.43881053e-09,1.29442223e-14,8.73806793e-13,1.64412381e-08,3.75100903e-10,0.000189748776,0.106536432,0.0452558128,0.0910272219,5.30559246e-09,2.28262722e-05,2.87044796e-09,4.92610371e-10,7.10119472e-06,2.34153641e-09,0.010334191,3.22639189e-07,0.0028430046,7.24751753e-07,0.000816770829,6.33260179e-08,5.39303294e-05,1.20732891e-05,2.5855864e-11,5.73510558e-10,6.12380085e-09,1.6375738e-05,3.53946225e-12,9.53426488e-05,2.19758133e-08,9.56256842e-08,1.68496885e-09,5.25612646e-11,0.000113023149,1.97313285e-11,1.88778157e-14,4.7761392e-06,5.80917593e-08,2.51954167e-05,5.07634094e-10,0.634668187,-1.15402964e-19,1.03037949e-09,8.95189674e-07,6.40014073e-10,4.26130443e-08
0.01284375,-0.187801395,56.639079,-1031.27247,1580.53825,0.191165257,0.00262529896,2.07638539e-07,2.08216182e-09,0.000680429261,5.22912869e-07,0.106035906,2.92771306e-08,1.51077003e-09,5.16275155e-14,2.78938939e-12,3.18499531e-08,8.01193683e-10,0.000249050679,0.0937184171,0.0459134036,0.0924036021,7.83784653e-09,2.44589561e-05,4.65383259e-09,7.37430195e-10,7.37258089e-06,4.43913565e-09,0.0104669456,4.51632996e-07,0.00286059543,1.03496833e-06,0.000765359653,9.98032197e-08,5.49258405e-05,1.28368644e-05,2.96573693e-11,6.9133506e-10,9.24746095e-09,1.65687816e-05,5.76489372e-12,9.68848835e-05,1.68414172e-08,9.56431866e-08,2.0169671e-09,9.41750562e-11,0.000114550356,2.72305611e-11,4.80656083e-14,4.87555888e-06,6.13236145e-08,2.55806483e-05,8.14864713e-10,0.643919465,-1.06221092e-19,1.17447147e-09,8.40373329e-07,7.84017401e-10,4.42183113e-08
0.0129375,-0.20155039,56.3015264,-1031.27247,1618.47304,0.188086686,0.0026429548,3.13251963e-07,3.40708045e-09,0.000692607193,8.77043012e-07,0.107314379,3.34531799e-08,1.63720323e-09,1.96252515e-13,8.58282093e-12,5.98985161e-08,1.64887319e-09,0.000320129392,0.0817043884,0.0465353223,0.0936969166,1.16566858e-08,2.66511033e-05,7.65644025e-09,1.09164136e-09,7.69637097e-06,8.18499455e-09,0.0105752653,6.28376484e-07,0.00286150679,1.4531495e-06,0.000701312103,1.55796741e-07,5.61460408e-05,1.38159397e-05,3.44808159e-11,8.41485914e-10,1.38315286e-08,1.67377622e-05,9.2432508e-12,9.84446686e-05,1.26938183e-08,9.56471161e-08,2.42044461e-09,1.64902143e-10,0.000115910702,3.70072262e-11,1.19811762e-13,4.98231301e-06,6.54865875e-08,2.59477116e-05,1.28879768e-09,0.652584299,-9.78383146e-20,1.33581398e-09,7.89085412e-07,9.72311161e-10,4.66490759e-08
0.01303125,-0.215333097,55.9257695,-1031.27247,1655.61532,0.185166865,0.00265802945,4.66404688e-07,5.53700066e-09,0.000705902714,1.4436138e-06,0.108539206,3.83099314e-08,1.82860377e-09,7.01640202e-13,2.53329039e-11,1.08981017e-07,3.26056682e-09,0.00040196368,0.0704637143,0.0471219074,0.0949123898,1.74482228e-08,2.95752715e-05,1.26548678e-08,1.59497758e-09,8.07669677e-06,1.46712577e-08,0.0106503145,8.6528106e-07,0.00283896587,1.98998375e-06,0.000626534291,2.40462751e-07,5.77241044e-05,1.50606411e-05,4.14745456e-11,1.04019965e-09,2.04421309e-08,1.68759476e-05,1.4564519e-11,0.000100073239,9.49252398e-09,9.57703047e-08,2.92069297e-09,2.81929984e-10,0.000117072516,4.93817483e-11,2.90297764e-13,5.10052959e-06,7.08509787e-08,2.62992999e-05,2.00532445e-09,0.660699012,-8.99770781e-20,1.51456466e-09,7.36514138e-07,1.21460158e-09,5.02477134e-08
0.013078125,-0.222236478,55.7241694,-1031.27247,1673.92557,0.183759053,0.00266412502,5.6670534e-07,7.05048452e-09,0.000713300167,1.84128304e-06,0.109132565,4.10715212e-08,1.95475245e-09,1.35601561e-12,4.29561012e-11,1.45367504e-07,4.52190357e-09,0.000446268491,0.0651250302,0.0474016961,0.0954932856,2.14230362e-08,3.13897308e-05,1.62739346e-08,1.91927804e-09,8.28701391e-06,1.94555937e-08,0.0106701039,1.01067302e-06,0.00281543057,2.30326414e-06,0.000586195074,2.98467836e-07,5.87093977e-05,1.58010931e-05,4.66084107e-11,1.1682254e-09,2.47896805e-08,1.69295431e-05,1.81788881e-11,0.000100941525,8.21286261e-09,9.59476404e-08,3.22420017e-09,3.65911533e-10,0.000117560796,5.66529577e-11,4.48395569e-13,5.16594923e-06,7.41025165e-08,2.64702581e-05,2.49193974e-09,0.664563492,-8.62519975e-20,1.61052871e-09,7.07494413e-07,1.36029955e-09,5.26703179e-08
0.013125,-0.229148477,55.5137393,-1031.27247,1692.07824,0.182381975,0.00266907389,6.86159246e-07,8.96603795e-09,0.000721328448,2.33905174e-06,0.109713397,4.40806979e-08,2.1040487e-09,2.55196257e-12,7.20438249e-11,1.92229928e-07,6.20880681e-09,0.000492347029,0.0599750693,0.0476720903,0.0960565846,2.63429132e-08,3.34607372e-05,2.08867412e-08,2.30228163e-09,8.50893636e-06,2.56262147e-08,0.0106759148,1.17563723e-06,0.00278257117,2.64379965e-06,0.000544448598,3.69363402e-07,5.98433015e-05,1.66229076e-05,5.34331935e-11,1.32090464e-09,2.99614382e-08,1.69711438e-05,2.25902536e-11,0.000101856237,7.12936037e-09,9.62303316e-08,3.570476e-09,4.72195389e-10,0.000117979967,6.46915127e-11,6.86654015e-13,5.23614013e-06,7.77647928e-08,2.66380037e-05,3.08434164e-09,0.66830156,-8.26671509e-20,1.71132644e-09,6.76039776e-07,1.52380935e-09,5.557512e-08
0.013171875,-0.23607035,55.2947559,-1031.27247,1710.09481,0.181032361,0.00267264902,8.28267878e-07,1.13977627e-08,0.000730153096,2.96151438e-06,0.110281927,4.73792916e-08,2.28014972e-09,4.74992684e-12,1.19676628e-10,2.52212202e-07,8.44674902e-09,0.00053974773,0.0550127984,0.0479326942,0.0966031248,3.24466489e-08,3.58126559e-05,2.67491121e-08,2.75406113e-09,8.74020668e-06,3.35461466e-08,0.0106651717,1.36162916e-06,0.00273916393,3.00845179e-06,0.000501846238,4.56143157e-07,6.11454726e-05,1.75281146e-05,6.28113416e-11,1.5056481e-09,3.61126159e-08,1.69987107e-05,2.79632184e-11,0.000102830242,6.22213219e-09,9.66515851e-08,3.96997436e-09,6.06353775e-10,0.000118321724,7.35521436e-11,1.0441313e-12,5.31175567e-06,8.18723187e-08,2.68025686e-05,3.80589064e-09,0.671917264,-7.92172233e-20,1.81728499e-09,6.41728279e-07,1.7071381e-09,5.90432591e-08
0.01321875,-0.243004011,55.0674889,-1031.27247,1728.00043,0.1797068,0.00267459182,9.97144314e-07,1.44959576e-08,0.000739972798,3.73958066e-06,0.110838334,5.10190117e-08,2.48759515e-09,8.76988052e-12,1.97084531e-10,3.28503645e-07,1.13931689e-08,0.000587991512,0.0502378374,0.048182944,0.0971338339,4.0034618e-08,3.84700785e-05,3.41735834e-08,3.28680656e-09,8.97798027e-06,4.3662752e-08,0.0106348796,1.56978441e-06,0.00268402242,3.39297973e-06,0.000458960586,5.62470447e-07,6.26356192e-05,1.85167883e-05,7.60449517e-11,1.73235312e-09,4.3426669e-08,1.70098088e-05,3.44947264e-11,0.000103878308,5.47044521e-09,9.72497171e-08,4.4363847e-09,7.75242363e-10,0.000118576658,8.33110328e-11,1.57762825e-12,5.39344341e-06,8.64585e-08,2.69638061e-05,4.68479689e-09,0.675414503,-7.58971258e-20,1.92882588e-09,6.04425401e-07,1.91236139e-09,6.31684081e-08
0.013265625,-0.249952013,54.8322012,-1031.27247,1745.82364,0.178401793,0.00267461103,1.19781953e-06,1.84645565e-08,0.000751026438,4.71301076e-06,0.111382749,5.50656387e-08,2.73213692e-09,1.60811266e-11,3.22113051e-10,4.25053685e-07,1.52483313e-08,0.000636587438,0.0456504358,0.0484220666,0.0976497556,4.94917901e-08,4.14582153e-05,4.35513551e-08,3.91568995e-09,9.2189731e-06,5.65337651e-08,0.0105815991,1.80096838e-06,0.00261606569,3.79227628e-06,0.000416365021,6.92935458e-07,6.43333713e-05,1.95866381e-05,9.51453598e-11,2.01447548e-09,5.21268315e-08,1.7001531e-05,4.24274128e-11,0.00010501733,4.85373517e-09,9.80688824e-08,4.98785518e-09,9.87509973e-10,0.000118734203,9.40848987e-11,2.37060617e-12,5.48181875e-06,9.15556352e-08,2.7121321e-05,5.75634853e-09,0.67879702,-7.27019865e-20,2.04654165e-09,5.64300417e-07,2.14189226e-09,6.80596428e-08
0.0133125,-0.256917489,54.5891493,-1031.27247,1763.59588,0.177113815,0.00267238231,1.43654436e-06,2.35837005e-08,0.000763602172,5.93325129e-06,0.111915254,5.96051311e-08,3.02118127e-09,2.92920657e-11,5.23083797e-10,5.4676854e-07,2.02682008e-08,0.000685063669,0.0412514214,0.0486490288,0.0981520829,6.1316372e-08,4.48036814e-05,5.53739874e-08,4.65996418e-09,9.4596634e-06,7.28529096e-08,0.0105014302,2.05575517e-06,0.00253439151,4.20076861e-06,0.000374611298,8.53378313e-07,6.62583317e-05,2.07324891e-05,1.23238935e-10,2.37062715e-09,6.24909378e-08,1.6970406e-05,5.20643077e-11,0.000106266595,4.35251229e-09,9.91599709e-08,5.64903384e-09,1.25411373e-09,0.000118782583,1.06058488e-10,3.54525687e-12,5.57743019e-06,9.71949388e-08,2.72743777e-05,7.06510231e-09,0.682068399,-6.96271402e-20,2.17130764e-09,5.21804849e-07,2.3986468e-09,7.38454459e-08
0.0133359375,-0.26040809,54.4647764,-1031.27247,1772.47579,0.176474992,0.00267028501,1.57313468e-06,2.67079515e-08,0.000770601671,6.65898339e-06,0.1121771,6.21079725e-08,3.18614674e-09,3.98275078e-11,6.66025725e-10,6.19288276e-07,2.33261178e-08,0.000709122377,0.0391226328,0.0487574499,0.0983987926,6.83398165e-08,4.66240085e-05,6.24239093e-08,5.08399293e-09,9.57864365e-06,8.26008595e-08,0.0104494764,2.1925777e-06,0.0024880818,4.40691801e-06,0.000354230947,9.47827959e-07,6.73152541e-05,2.13313745e-05,1.42511563e-10,2.58660114e-09,6.84374755e-08,1.69446237e-05,5.7659166e-11,0.000106941624,4.13880976e-09,9.98312571e-08,6.034601e-09,1.4127718e-09,0.000118760473,1.12609811e-10,4.33544697e-12,5.62817559e-06,1.00233472e-07,2.7348815e-05,7.83095009e-09,0.683664149,-6.81327891e-20,2.23693404e-09,4.99891429e-07,2.53911527e-09,7.71381225e-08
0.013359375,-0.263904489,54.3385401,-1031.27247,1781.3556,0.175839111,0.00266748698,1.7225567e-06,3.02853074e-08,0.000778123502,7.47436902e-06,0.112435965,6.47833223e-08,3.36634009e-09,5.40269429e-11,8.47184335e-10,7.0067993e-07,2.68115823e-08,0.000732992582,0.0370418223,0.04886226,0.0986426186,7.62263821e-08,4.85458861e-05,7.03460445e-08,5.54716897e-09,9.69622367e-06,9.35644063e-08,0.0103890503,2.33552073e-06,0.00243809645,4.61328852e-06,0.000334250213,1.05296303e-06,6.84368427e-05,2.19457776e-05,1.66256353e-10,2.83234e-09,7.49487107e-08,1.69114486e-05,6.38398498e-11,0.000107653022,3.94770673e-09,1.00594124e-07,6.46215322e-09,1.59086922e-09,0.000118705785,1.19594956e-10,5.29786146e-12,5.6808907e-06,1.03420249e-07,2.74216143e-05,8.68069191e-09,0.6852332,-6.66670784e-20,2.3049098e-09,4.776501e-07,2.68805584e-09,8.07177068e-08
0.0133828125,-0.267407187,54.2104712,-1031.27247,1790.23966,0.175205767,0.00266393732,1.88636145e-06,3.43994612e-08,0.000786224384,8.39270705e-06,0.11269184,6.76539777e-08,3.56364986e-09,7.32908833e-11,1.07712662e-09,7.92147287e-07,3.07876821e-08,0.000756623103,0.0350092407,0.0489632204,0.098883775,8.51025569e-08,5.05737779e-05,7.92629917e-08,6.05423431e-09,9.81198434e-06,1.05902753e-07,0.0103195294,2.48470374e-06,0.00238440354,4.81916723e-06,0.000314723634,1.17023051e-06,6.96254208e-05,2.25739443e-05,1.95738046e-10,3.11339679e-09,8.20914664e-08,1.68702158e-05,7.06799671e-11,0.000108404075,3.77731301e-09,1.01457377e-07,6.93853358e-09,1.79115538e-09,0.000118616645,1.27089429e-10,6.47309137e-12,5.73559647e-06,1.0675919e-07,2.74925162e-05,9.62588619e-09,0.686775959,-6.52294705e-20,2.37554069e-09,4.55187317e-07,2.84630649e-09,8.46089619e-08
0.01340625,-0.270916687,54.0806005,-1031.27247,1799.13231,0.174574577,0.0026595828,2.06634196e-06,3.9151598e-08,0.000794967402,9.42941538e-06,0.112944712,7.07471398e-08,3.78028842e-09,9.95444621e-11,1.36941233e-09,8.95063416e-07,3.5327586e-08,0.000779969633,0.0330251652,0.0490600592,0.0991224953,9.51164768e-08,5.27125763e-05,8.93154455e-08,6.61070777e-09,9.92552748e-06,1.19795135e-07,0.0102402631,2.6402772e-06,0.00232699362,5.02391329e-06,0.000295700339,1.3013126e-06,7.08832754e-05,2.32137889e-05,2.32593002e-10,3.43655372e-09,8.99433556e-08,1.68201928e-05,7.82648036e-11,0.000109198301,3.62590928e-09,1.02430475e-07,7.47205586e-09,2.01679611e-09,0.000118491084,1.35190809e-10,7.91111019e-12,5.79229576e-06,1.10254206e-07,2.75612049e-05,1.06799959e-08,0.688292819,-6.38194392e-20,2.44919343e-09,4.32612254e-07,3.01485207e-09,8.88393422e-08
0.0134296875,-0.274433491,53.9489579,-1031.27247,1808.03777,0.173945181,0.00265436754,2.26461019e-06,4.46669755e-08,0.000804422972,1.06028287e-05,0.113194561,7.40951961e-08,4.01887332e-09,1.35480585e-10,1.74166033e-09,1.01103791e-06,4.05177686e-08,0.000802993294,0.0310899017,0.0491524661,0.099359035,1.06444815e-07,5.49676653e-05,1.00669421e-07,7.22312063e-09,1.00364756e-05,1.35448014e-07,0.0101505742,2.80242293e-06,0.00226588079,5.22693563e-06,0.000277223632,1.44817674e-06,7.22126061e-05,2.38628555e-05,2.78972641e-10,3.81017046e-09,9.85950443e-08,1.6760571e-05,8.66947654e-11,0.000110039485,3.49195413e-09,1.03523583e-07,8.07281331e-09,2.27152656e-09,0.000118327021,1.44026743e-10,9.67497624e-12,5.85096916e-06,1.139092e-07,2.76272976e-05,1.18589291e-08,0.689784163,-6.24364687e-20,2.52630498e-09,4.10033994e-07,3.19486304e-09,9.34393599e-08
0.013453125,-0.277958082,53.8155735,-1031.27247,1816.96014,0.173317248,0.00264823282,2.48368298e-06,5.11024338e-08,0.000814670015,1.19349743e-05,0.113441361,7.77369346e-08,4.28252255e-09,1.84911623e-10,2.2169387e-09,1.14198056e-06,4.6461436e-08,0.000825659616,0.0292037855,0.0492400868,0.0995936748,1.19300243e-07,5.73449876e-05,1.13523112e-07,7.89926094e-09,1.01444684e-05,1.53101391e-07,0.0100497591,2.971373e-06,0.00220110323,5.42768576e-06,0.000259330481,1.61313694e-06,7.36154529e-05,2.45182737e-05,3.3773942e-10,4.24463116e-09,1.08153073e-07,1.66904545e-05,9.60893489e-11,0.000110931701,3.37408746e-09,1.04747607e-07,8.75310349e-09,2.55980338e-09,0.000118122257,1.53765701e-10,1.18450645e-11,5.91157002e-06,1.17728063e-07,2.76903314e-05,1.31816871e-08,0.691250364,-6.10800538e-20,2.60738921e-09,3.87558293e-07,3.38775073e-09,9.8442988e-08
0.0134765625,-0.281490917,53.6804765,-1031.27247,1825.90331,0.172690487,0.0026411167,2.72658558e-06,5.86563281e-08,0.00082579739,1.34525222e-05,0.113685079,8.17191065e-08,4.57497381e-09,2.53291936e-10,2.8256845e-09,1.29017523e-06,5.32827087e-08,0.000847937202,0.0273671847,0.0493225166,0.0998267245,1.33940849e-07,5.98511026e-05,1.28115018e-07,8.64847125e-09,1.02491538e-05,1.73036167e-07,0.00993708924,3.14742795e-06,0.00213272328,5.62564379e-06,0.000242050987,1.79892737e-06,7.50935918e-05,2.51767096e-05,4.12741529e-10,4.75292455e-09,1.18743231e-07,1.66088483e-05,1.06592005e-10,0.000111879349,3.27113182e-09,1.06114239e-07,9.5279722e-09,2.88698949e-09,0.000117874461,1.6463189e-10,1.45247346e-11,5.97401838e-06,1.21714669e-07,2.77497477e-05,1.46711535e-08,0.692691779,-5.97496993e-20,2.69303792e-09,3.65284233e-07,3.59522916e-09,1.03888088e-07
0.0135,-0.285032407,53.5436962,-1031.27247,1834.87081,0.172064649,0.00263295357,2.99698009e-06,6.75820251e-08,0.000837905646,1.51880002e-05,0.113925674,8.60983806e-08,4.90073406e-09,3.48505902e-10,3.6083853e-09,1.45836979e-06,6.11318613e-08,0.000869795639,0.0255805043,0.0493992915,0.100058527,1.50682222e-07,6.24932252e-05,1.44734035e-07,9.48201607e-09,1.03501717e-05,1.95583099e-07,0.00981181196,3.33097244e-06,0.00206082711,5.82029032e-06,0.000225407866,2.00879034e-06,7.66483865e-05,2.58343082e-05,5.09203719e-10,5.35139951e-09,1.30514531e-07,1.65146432e-05,1.18376229e-10,0.000112887194,3.18209268e-09,1.07635983e-07,1.04158944e-08,3.25958772e-09,0.000117581147,1.769262e-10,1.78480854e-11,6.03819375e-06,1.25872856e-07,2.78048734e-05,1.63550745e-08,0.694108759,-5.84449194e-20,2.78391325e-09,3.43300916e-07,3.81938599e-09,1.09816846e-07
0.0135234375,-0.288582896,53.4052612,-1031.27247,1843.86579,0.171439538,0.0026236736,3.29932594e-06,7.82063793e-08,0.000851109202,1.7181344e-05,0.114163093,9.09437918e-08,5.26526673e-09,4.82068254e-10,4.61935035e-09,1.64988515e-06,7.01918492e-08,0.000891202314,0.0238441924,0.0494698786,0.100289465,1.69913022e-07,6.52792321e-05,1.63731867e-07,1.0413533e-08,1.04471293e-05,2.21133614e-07,0.009673152,3.52248695e-06,0.00198552399,6.01105941e-06,0.000209415949,2.24658091e-06,7.82805803e-05,2.64866301e-05,6.34288718e-10,6.06074869e-09,1.43643821e-07,1.64065989e-05,1.31653246e-10,0.000113960418,3.10615837e-09,1.09326178e-07,1.14396188e-08,3.68553743e-09,0.00011723966,1.91055947e-10,2.1990607e-11,6.1039264e-06,1.302064e-07,2.78548974e-05,1.82672788e-08,0.695501638,-5.71652375e-20,2.88072631e-09,3.21684289e-07,4.06276481e-09,1.16276192e-07
0.013546875,-0.292142644,53.2651997,-1031.27247,1852.89083,0.170815025,0.00261320196,3.63908066e-06,9.09546753e-08,0.000865539056,1.94818181e-05,0.114397272,9.63398487e-08,5.67522498e-09,6.70965123e-10,5.93200931e-09,1.86874155e-06,8.06862092e-08,0.000912117865,0.0221587492,0.0495336631,0.100519966,1.92114838e-07,6.82176187e-05,1.8553764e-07,1.14595727e-08,1.05395642e-05,2.5015205e-07,0.00952031274,3.72255822e-06,0.00190694522,6.19726905e-06,0.000194081729,2.51689138e-06,7.99900143e-05,2.71285841e-05,7.9790923e-10,6.90728563e-09,1.5834104e-07,1.6283324e-05,1.46681688e-10,0.000115104681,3.04270063e-09,1.11198985e-07,1.26272129e-08,4.17458237e-09,0.000116847136,2.07577379e-10,2.71835392e-11,6.17098694e-06,1.34718994e-07,2.78988415e-05,2.04491948e-08,0.696870742,-5.59101854e-20,2.98419519e-09,3.00494166e-07,4.32846129e-09,1.23318143e-07
0.0135703125,-0.29571179,53.1235395,-1031.27247,1861.94781,0.170191053,0.00260145788,4.02295085e-06,1.0638066e-07,0.000881346185,2.21500964e-05,0.114628131,1.02390629e-07,6.138727e-09,9.40491201e-10,7.64575713e-09,2.11979109e-06,9.28878006e-08,0.000932490187,0.0205247387,0.0495899334,0.100750509,2.17884609e-07,7.13173953e-05,2.10672577e-07,1.26401568e-08,1.06268959e-05,2.83186689e-07,0.00935247771,3.93193787e-06,0.00182524295,6.37804071e-06,0.00017940291,2.82520234e-06,8.17752522e-05,2.7754365e-05,1.01390976e-09,7.92459184e-09,1.74855142e-07,1.61432528e-05,1.63779756e-10,0.000116326183,2.99127657e-09,1.1326935e-07,1.40133725e-08,4.73867616e-09,0.00011640047,2.272567e-10,3.37302076e-11,6.23907387e-06,1.39414255e-07,2.79355251e-05,2.29517478e-08,0.698216382,-5.46793034e-20,3.09498359e-09,2.79771357e-07,4.62026339e-09,1.3100003e-07
0.0135820312,-0.297499867,53.0521169,-1031.27247,1866.48875,0.169879292,0.00259507387,4.23458059e-06,1.15363354e-07,0.000889836719,2.36503543e-05,0.114742294,1.0571238e-07,6.3943898e-09,1.11994767e-09,8.69869718e-09,2.25966519e-06,9.97509858e-08,0.000942446988,0.0197271606,0.0496149317,0.100866042,2.32375689e-07,7.29321273e-05,2.24733057e-07,1.32899277e-08,1.06683669e-05,3.01467724e-07,0.00926256634,4.04071601e-06,0.00178326659,6.46600808e-06,0.000172304002,2.99617508e-06,8.26955745e-05,2.80588009e-05,1.14900678e-09,8.51375281e-09,1.83908223e-07,1.60662117e-05,1.73250596e-10,0.000116968771,2.96999911e-09,1.14385269e-07,1.4797672e-08,5.05446872e-09,0.00011615538,2.38689851e-10,3.76579573e-11,6.27336865e-06,1.41832932e-07,2.79505972e-05,2.43481057e-08,0.698880642,-5.40726461e-20,3.15342794e-09,2.69589121e-07,4.77806689e-09,1.3510741e-07
0.01359375,-0.299290279,52.980303,-1031.27247,1871.03795,0.169567684,0.00258833752,4.46057005e-06,1.25319617e-07,0.000898741591,2.52734543e-05,0.114855587,1.09249837e-07,6.66746297e-09,1.33613618e-09,9.90798173e-09,2.40998472e-06,1.0717637e-07,0.00095223263,0.0189427422,0.0496377198,0.100981798,2.48060498e-07,7.45908572e-05,2.39885721e-07,1.39831048e-08,1.07082389e-05,3.21018318e-07,0.00916857329,4.15217137e-06,0.00174057293,6.55205434e-06,0.000165364714,3.17926445e-06,8.36334548e-05,2.83566084e-05,1.30549296e-09,9.16309634e-09,1.93531984e-07,1.5984273e-05,1.83396989e-10,0.000117633383,2.95166704e-09,1.15556736e-07,1.564869e-08,5.39506202e-09,0.000115895381,2.51362615e-10,4.20919721e-11,6.30776478e-06,1.44298853e-07,2.79632796e-05,2.58504367e-08,0.699539126,-5.34718864e-20,3.2138581e-09,2.59529664e-07,4.94428852e-09,1.39399638e-07
0.0136054687,-0.301082996,52.9081013,-1031.27247,1875.59535,0.169256253,0.00258123627,4.7023124e-06,1.36393634e-07,0.000908087635,2.70329899e-05,0.114967994,1.13024199e-07,6.95960937e-09,1.59770363e-09,1.13004958e-08,2.57175255e-06,1.15221035e-07,0.000961827424,0.0181715852,0.0496581709,0.101097858,2.65069845e-07,7.62946847e-05,2.5624113e-07,1.47237607e-08,1.07463636e-05,3.41949996e-07,0.00907039105,4.26636511e-06,0.00169718707,6.63586487e-06,0.000158582357,3.37549959e-06,8.45880269e-05,2.86468111e-05,1.48739208e-09,9.88012078e-09,2.03771334e-07,1.58971783e-05,1.94285157e-10,0.000118320994,2.93628043e-09,1.16785772e-07,1.65731942e-08,5.76306696e-09,0.000115619987,2.65489363e-10,4.71128552e-11,6.34219615e-06,1.46812457e-07,2.79733436e-05,2.74695229e-08,0.70019187,-5.28769689e-20,3.2762542e-09,2.49592121e-07,5.11967202e-09,1.43885287e-07
0.0136171875,-0.302877966,52.835515,-1031.27247,1880.16083,0.168945028,0.00257375692,4.96135728e-06,1.48755976e-07,0.000917903995,2.89443479e-05,0.115079495,1.1705908e-07,7.27267861e-09,1.9154286e-09,1.29085472e-08,2.74607467e-06,1.23948509e-07,0.000971207789,0.0174137997,0.0496761476,0.101214307,2.83552297e-07,7.80446519e-05,2.73922258e-07,1.55164098e-08,1.07825666e-05,3.64385101e-07,0.00896791133,4.38333691e-06,0.00165313544,6.71706152e-06,0.000151953798,3.58600009e-06,8.55582112e-05,2.8928366e-05,1.6995419e-09,1.06733192e-08,2.14674538e-07,1.58046533e-05,2.05988951e-10,0.000119032634,2.92385267e-09,1.18074414e-07,1.7578626e-08,6.16142785e-09,0.000115328684,2.81325617e-10,5.28161877e-11,6.37658872e-06,1.49374159e-07,2.7980537e-05,2.92174106e-08,0.700838909,-5.22878381e-20,3.34054662e-09,2.39774545e-07,5.30502514e-09,1.4857314e-07
0.013640625,-0.306474499,52.6892052,-1031.27247,1889.31506,0.168323302,0.00255762613,5.53638865e-06,1.77960169e-07,0.000939030741,3.32735443e-05,0.115299693,1.25982474e-07,7.96738685e-09,2.75892422e-09,1.69027867e-08,3.13576003e-06,1.43668127e-07,0.000989238502,0.0159388682,0.0497042591,0.101448567,3.25460551e-07,8.1684034e-05,3.13640552e-07,1.72723277e-08,1.08486011e-05,4.14102617e-07,0.00874986524,4.62515493e-06,0.00156315504,6.8701569e-06,0.000139149136,4.0531423e-06,8.75405079e-05,2.94621435e-05,2.23156976e-09,1.25159581e-08,2.38615887e-07,1.56025503e-05,2.32095479e-10,0.000120530532,2.90791372e-09,1.20834766e-07,1.98547592e-08,7.05872954e-09,0.000114697133,3.18999843e-10,6.66050013e-11,6.44499002e-06,1.54640484e-07,2.79855264e-05,3.31362714e-08,0.702115732,-5.11269777e-20,3.47412168e-09,2.2049674e-07,5.70722634e-09,1.58575045e-07
0.0136640625,-0.310078974,52.5414033,-1031.27247,1898.49732,0.167703014,0.00253980836,6.20323482e-06,2.14986093e-07,0.000962445821,3.84319724e-05,0.115516006,1.36294547e-07,8.77223098e-09,4.02227666e-09,2.22845322e-08,3.59086021e-06,1.67017122e-07,0.00100605707,0.0145187436,0.0497205625,0.101685566,3.75424718e-07,8.55175612e-05,3.60359339e-07,1.92988467e-08,1.09041965e-05,4.7146466e-07,0.00851340234,4.8790596e-06,0.0014708684,7.00722103e-06,0.000126909006,4.59299702e-06,8.95663807e-05,2.99475802e-05,2.96646374e-09,1.47914181e-08,2.65866953e-07,1.53750954e-05,2.62549125e-10,0.000122137908,2.90425862e-09,1.23856818e-07,2.25622694e-08,8.1197267e-09,0.000113995218,3.67751961e-10,8.45812176e-11,6.51213737e-06,1.60102882e-07,2.79754276e-05,3.77436548e-08,0.703370194,-4.99885122e-20,3.61328997e-09,2.01649152e-07,6.16083758e-09,1.6948907e-07
0.0136875,-0.313690227,52.3921343,-1031.27247,1907.70225,0.167084787,0.002520168,6.98141524e-06,2.62490757e-07,0.000988494531,4.46176544e-05,0.115728203,1.48298173e-07,9.71000158e-09,5.92948365e-09,2.95850613e-08,4.12388591e-06,1.94753616e-07,0.00102131096,0.013154662,0.049723446,0.101926255,4.35373283e-07,8.9548488e-05,4.15497919e-07,2.164797e-08,1.09466712e-05,5.37791377e-07,0.00825765374,5.14526372e-06,0.00137653768,7.12276345e-06,0.000115195382,5.2184272e-06,9.16168895e-05,3.03739688e-05,3.99074495e-09,1.7615056e-08,2.9693137e-07,1.51194471e-05,2.98292761e-10,0.000123865326,2.91354644e-09,1.27156097e-07,2.57908123e-08,9.38171185e-09,0.00011321736,4.31949502e-10,1.08163947e-10,6.57708231e-06,1.65763779e-07,2.79471339e-05,4.31906885e-08,0.704602522,-4.88720125e-20,3.75500621e-09,1.83186535e-07,6.67531119e-09,1.81383861e-07
0.0136992187,-0.315497756,52.3169556,-1031.27247,1912.31027,0.166776777,0.00250960407,7.42138241e-06,2.91528952e-07,0.00100267194,4.81901104e-05,0.115832664,1.55080654e-07,1.02394001e-08,7.2575321e-09,3.4207699e-08,4.42530363e-06,2.10602868e-07,0.00102817041,0.0124941282,0.0497191019,0.102048449,4.69965514e-07,9.16382985e-05,4.46877818e-07,2.29667062e-08,1.09616312e-05,5.74963911e-07,0.00812214753,5.2834399e-06,0.00132869921,7.16979347e-06,0.000109519758,5.56915245e-06,9.26419822e-05,3.05605289e-05,4.65963348e-09,1.92881453e-08,3.14105806e-07,1.49797881e-05,3.18581293e-10,0.000124778976,2.92343799e-09,1.28916071e-07,2.76414759e-08,1.010582e-08,0.000112797203,4.72249913e-10,1.22762199e-10,6.6082968e-06,1.68670904e-07,2.79246959e-05,4.63021733e-08,0.705210574,-4.83217441e-20,3.82530997e-09,1.74077157e-07,6.96073353e-09,1.87725678e-07
0.0137109375,-0.317306303,52.2414174,-1031.27247,1916.92064,0.166469625,0.00249852401,7.89878129e-06,3.24771368e-07,0.00101767614,5.21225999e-05,0.115935978,1.6243702e-07,1.08131735e-08,8.90062291e-09,3.96203539e-08,4.75198256e-06,2.27908657e-07,0.00103443278,0.0118482409,0.0497106245,0.102172005,5.08036273e-07,9.37760912e-05,4.81033328e-07,2.4390264e-08,1.09718356e-05,6.14992525e-07,0.00798147787,5.4243517e-06,0.00128046424,7.2083286e-06,0.000103961381,5.94721839e-06,9.36624902e-05,3.07275975e-05,5.45507244e-09,2.11571633e-08,3.32439921e-07,1.48318405e-05,3.40658917e-10,0.000125727386,2.93697942e-09,1.30750648e-07,2.96628577e-08,1.08992467e-08,0.000112355368,5.19053522e-10,1.39568316e-10,6.63849766e-06,1.71628493e-07,2.7896187e-05,4.96994417e-08,0.705813146,-4.77768301e-20,3.89403362e-09,1.65047156e-07,7.26584659e-09,1.94334111e-07
0.0137226562,-0.319115558,52.1655225,-1031.27247,1921.53181,0.166163484,0.00248690484,8.4175397e-06,3.63004512e-07,0.00103357468,5.64602504e-05,0.116038097,1.70428692e-07,1.1435797e-08,1.09407833e-08,4.59728434e-08,5.10610315e-06,2.46811806e-07,0.00104000313,0.0112172357,0.0496977058,0.102297092,5.50006008e-07,9.59601269e-05,5.18224974e-07,2.59279721e-08,1.09766406e-05,6.58113789e-07,0.00783554227,5.56755693e-06,0.00123187847,7.2369571e-06,9.85157276e-05,6.35487512e-06,9.46735539e-05,3.08734043e-05,6.4039168e-09,2.32466524e-08,3.52001344e-07,1.46751603e-05,3.6471769e-10,0.000126712303,2.95435193e-09,1.32661067e-07,3.18694511e-08,1.17701294e-08,0.000111890798,5.73620817e-10,1.58964578e-10,6.66749869e-06,1.74636515e-07,2.78609993e-05,5.34135664e-08,0.706410257,-4.72372173e-20,3.95998364e-09,1.56092865e-07,7.59230045e-09,2.01212723e-07
0.013734375,-0.320925159,52.0892739,-1031.27247,1926.14198,0.165858529,0.00247472207,8.98196672e-06,4.07164489e-07,0.00105044254,6.12534785e-05,0.116138966,1.79123793e-07,1.21121359e-08,1.34805914e-08,5.34398021e-08,5.48992012e-06,2.67460743e-07,0.0010447751,0.0106013661,0.0496800061,0.102423893,5.96337618e-07,9.81879095e-05,5.58725377e-07,2.75895487e-08,1.097532e-05,7.04573618e-07,0.00768424217,5.71256466e-06,0.00118299125,7.254139e-06,9.31786635e-05,6.7945365e-06,9.56696333e-05,3.0996086e-05,7.53863088e-09,2.55837867e-08,3.72855752e-07,1.45092864e-05,3.90969136e-10,0.000127735592,2.97576425e-09,1.34648301e-07,3.42764092e-08,1.27274952e-08,0.000111402324,6.37442733e-10,1.81385997e-10,6.69509526e-06,1.77694824e-07,2.78184638e-05,5.74788241e-08,0.707001927,-4.67028524e-20,4.0217829e-09,1.47212236e-07,7.94188991e-09,2.08362716e-07
0.0137460937,-0.322734691,52.0126743,-1031.27247,1930.74906,0.165554957,0.00246194958,9.59677535e-06,4.5838174e-07,0.00106836306,6.65589156e-05,0.116238524,1.88597566e-07,1.2847469e-08,1.66484661e-08,6.22272149e-08,5.90572328e-06,2.90010393e-07,0.00104863006,0.0100009045,0.0496571506,0.102552607,6.4754439e-07,0.00010045602,6.02815992e-07,2.93850307e-08,1.09670585e-05,7.54623019e-07,0.00752748428,5.85874793e-06,0.00113385626,7.25819568e-06,8.79466687e-05,7.26877279e-06,9.66444399e-05,3.10936717e-05,8.89847586e-09,2.81985168e-08,3.95064757e-07,1.43337428e-05,4.19645611e-10,0.000128799238,3.00145557e-09,1.36712994e-07,3.68992685e-08,1.37813855e-08,0.000110888638,7.12274588e-10,2.07334228e-10,6.72106279e-06,1.80803075e-07,2.77678443e-05,6.1932866e-08,0.707588169,-4.61736821e-20,4.07782378e-09,1.38405597e-07,8.31649211e-09,2.15782184e-07
0.0137578125,-0.324543679,51.9357263,-1031.27247,1935.35066,0.165252993,0.00244855958,1.02671022e-05,5.18030772e-07,0.00108742912,7.24402667e-05,0.116336704,1.98932835e-07,1.3647494e-08,2.06050188e-08,7.2577604e-08,6.35578762e-06,3.14620082e-07,0.00105143653,0.00941614259,0.0496287255,0.10268345,7.0419389e-07,0.000102759932,6.50782682e-07,3.13246242e-08,1.09509461e-05,8.08514568e-07,0.0073651822,6.00529843e-06,0.00108453208,7.24731736e-06,8.28170533e-05,7.78030464e-06,9.75908697e-05,3.11640713e-05,1.05308879e-08,3.11236599e-08,4.18683447e-07,1.41480427e-05,4.51001493e-10,0.000129905357,3.03169889e-09,1.38855393e-07,3.97536403e-08,1.49429641e-08,0.00011034827,8.00171764e-10,2.37387694e-10,6.74515523e-06,1.83960636e-07,2.77083324e-05,6.68168965e-08,0.708168996,-4.56496531e-20,4.12625583e-09,1.29676355e-07,8.71804738e-09,2.2346524e-07
0.0137695312,-0.326351582,51.8584325,-1031.27247,1939.94403,0.164952886,0.00243452246,1.0998522e-05,5.87790649e-07,0.0011077444,7.89691754e-05,0.116433434,2.10220481e-07,1.45183209e-08,2.55506159e-08,8.4775219e-08,6.84230621e-06,3.41450429e-07,0.00105305004,0.00884739104,0.0495942731,0.102816653,7.66910421e-07,0.000105093812,7.02909326e-07,3.34184841e-08,1.0925975e-05,8.66497193e-07,0.00719725833,6.15119343e-06,0.00103508286,7.21958375e-06,7.77881701e-05,8.33199456e-06,9.85009362e-05,3.12050661e-05,1.24930561e-08,3.43949175e-08,4.43757507e-07,1.39516922e-05,4.85314162e-10,0.000131056206,3.06680495e-09,1.41075279e-07,4.2854849e-08,1.62246176e-08,0.000109779564,9.03523056e-10,2.72210048e-10,6.76710333e-06,1.87166495e-07,2.76390417e-05,7.21758254e-08,0.708744416,-4.51307119e-20,4.1649906e-09,1.21031641e-07,9.14854073e-09,2.31400981e-07
0.01378125,-0.328157782,51.7807954,-1031.27247,1944.52604,0.16465492,0.00241980686,1.17970563e-05,6.69721378e-07,0.00112942485,8.62261389e-05,0.116528631,2.22559878e-07,1.54664507e-08,3.17342746e-08,9.91512224e-08,7.36730151e-06,3.70659029e-07,0.00105331346,0.00829497856,0.0495532871,0.102952469,8.36376045e-07,0.00010745029,7.5946911e-07,3.56764147e-08,1.08910382e-05,9.28809096e-07,0.00702364619,6.2951658e-06,0.00098557902,7.17299775e-06,7.28596207e-05,8.92683251e-06,9.93657063e-05,3.12142996e-05,1.48537028e-08,3.80507951e-08,4.70319893e-07,1.3744196e-05,5.22884667e-10,0.000132254192,3.10712675e-09,1.43371881e-07,4.6217499e-08,1.76400494e-08,0.000109180643,1.02507763e-09,3.12557316e-10,6.78661289e-06,1.90419139e-07,2.75590022e-05,7.8058371e-08,0.709314434,-4.46168052e-20,4.19172354e-09,1.12482895e-07,9.60997967e-09,2.39572256e-07
0.0137929687,-0.329961583,51.7028175,-1031.27247,1949.09316,0.16435941,0.00240437953,1.26691719e-05,7.66362978e-07,0.00115260036,9.43015067e-05,0.116622207,2.36059236e-07,1.64987373e-08,3.94639569e-08,1.16088556e-07,7.93250994e-06,4.02394686e-07,0.00105205784,0.00775925052,0.0495052073,0.103091167,9.13329768e-07,0.000109820211,8.20713092e-07,3.81074837e-08,1.08449306e-05,9.95668856e-07,0.0068442932,6.43567325e-06,0.000936097866,7.10553314e-06,6.80324521e-05,9.5679115e-06,0.000100175238,3.11892661e-05,1.769505e-08,4.21323961e-08,4.9838702e-07,1.35250643e-05,5.64037996e-10,0.000133501878,3.1530646e-09,1.45743785e-07,4.98549535e-08,1.92043653e-08,0.00010854937,1.16795993e-09,3.59283298e-10,6.80336288e-06,1.93716401e-07,2.74671561e-05,8.4517089e-08,0.709879052,-4.4107879e-20,4.20397592e-09,1.04046372e-07,1.01043698e-08,2.4795422e-07
0.0138046875,-0.331762197,51.6245009,-1031.27247,1953.64137,0.164066708,0.00238820546,1.36217694e-05,8.80868426e-07,0.00117741666,0.000103296619,0.116714062,2.50835818e-07,1.76223251e-08,4.911824e-08,1.36026168e-07,8.53923099e-06,4.36789869e-07,0.00104910379,0.00724056663,0.0494494135,0.103233039,9.98564468e-07,0.000112192356,8.86855145e-07,4.07195337e-08,1.07863533e-05,1.06726467e-06,0.00665916397,6.57085908e-06,0.000886724292,7.01519722e-06,6.33093378e-05,1.02583853e-05,0.000100918525,3.11272956e-05,2.11149316e-08,4.66830562e-08,5.27954454e-07,1.3293821e-05,6.09122786e-10,0.000134801994,3.20507176e-09,1.48188846e-07,5.3778707e-08,2.0934147e-08,0.000107883308,1.33566412e-09,4.13343318e-10,6.8170035e-06,1.97055252e-07,2.73623527e-05,9.16082897e-08,0.710438266,-4.36038794e-20,4.19915836e-09,9.5743526e-08,1.06336896e-08,2.56512619e-07
0.0138164062,-0.333558739,51.5458478,-1031.27247,1958.16617,0.163777204,0.00237124786,1.46621564e-05,1.01719158e-06,0.00120403745,0.000113325186,0.116804091,2.6701597e-07,1.88445546e-08,6.11591967e-08,1.59463477e-07,9.18812196e-06,4.73950736e-07,0.00104426359,0.00673929784,0.0493852194,0.103378397,1.09292233e-06,0.000114553139,9.58050057e-07,4.35185349e-08,1.07139217e-05,1.14373987e-06,0.00646824422,6.69847841e-06,0.000837551382,6.90010885e-06,5.86947407e-05,1.10013923e-05,0.000101583444,3.10255294e-05,2.52289724e-08,5.17477822e-08,5.58992105e-07,1.30500139e-05,6.58510329e-10,0.000136157443,3.26366026e-09,1.50704076e-07,5.79976162e-08,2.2847515e-08,0.000107179668,1.53201043e-09,4.75800134e-10,6.82715421e-06,2.0043152e-07,2.72433462e-05,9.93917714e-08,0.71099207,-4.31047522e-20,4.17464561e-09,8.76012618e-08,1.11998377e-08,2.65201758e-07
0.013828125,-0.33535022,51.4668602,-1031.27247,1962.66249,0.163491331,0.00235346829,1.5798001e-05,1.18037333e-06,0.00123264691,0.0001245151,0.116892173,2.84734961e-07,2.01728123e-08,7.61460446e-08,1.869745e-07,9.87889013e-06,5.13942366e-07,0.00103734394,0.00625582238,0.0493118657,0.103527575,1.19729705e-06,0.000116886278,1.03435218e-06,4.65073089e-08,1.06261769e-05,1.22515175e-06,0.00627154557,6.81570144e-06,0.000788680989,6.75859062e-06,5.41950533e-05,1.17999095e-05,0.000102156718,3.08808764e-05,3.01726756e-08,5.73724627e-08,5.91438903e-07,1.27932265e-05,7.12592916e-10,0.000137571308,3.32940583e-09,1.53285543e-07,6.25169208e-08,2.49641793e-08,0.000106435258,1.76097892e-09,5.47842859e-10,6.83340196e-06,2.03839463e-07,2.71087938e-05,1.07930195e-07,0.711540453,-4.26104426e-20,4.12779999e-09,7.96520457e-08,1.18042096e-08,2.73961981e-07
0.0138515625,-0.338914732,51.3078911,-1031.27247,1971.55303,0.162931826,0.00231533164,1.8379257e-05,1.60671332e-06,0.00129640869,0.000150795462,0.117062102,3.25188788e-07,2.31665437e-08,1.16918978e-07,2.56359408e-07,1.13799021e-05,6.02267309e-07,0.00101671449,0.00534335994,0.0491353452,0.103838283,1.43888215e-06,0.000121411055,1.20168074e-06,5.30306579e-08,1.04005308e-05,1.40162498e-06,0.00586114656,7.00705873e-06,0.000692201422,6.39273595e-06,4.55662589e-05,1.35700207e-05,0.000102986589,3.04536403e-05,4.30066279e-08,7.04308898e-08,6.60242948e-07,1.22398784e-05,8.36094064e-10,0.000140582486,3.48412812e-09,1.58629632e-07,7.24510134e-08,2.98670835e-08,0.00010481429,2.3255518e-09,7.244254e-10,6.83291997e-06,2.10724044e-07,2.6789112e-05,1.27444709e-07,0.712620728,-4.16362723e-20,3.95880865e-09,6.44480287e-08,1.31153635e-08,2.914593e-07
0.013875,-0.34244436,51.1476105,-1031.27247,1980.25512,0.162393093,0.00227341923,2.14398559e-05,2.22893851e-06,0.00137089444,0.000183506245,0.117222703,3.73579857e-07,2.66685657e-08,1.78378356e-07,3.49754931e-07,1.3021141e-05,7.01329609e-07,0.000985664672,0.00450612148,0.0489112497,0.104168673,1.73073932e-06,0.000125564725,1.38746298e-06,6.02479909e-08,1.00962968e-05,1.59587455e-06,0.005428706,7.12129223e-06,0.000598330707,5.91157538e-06,3.75033302e-05,1.55952724e-05,0.000103270381,2.98180209e-05,6.12165348e-08,8.62369325e-08,7.33137057e-07,1.16310258e-05,9.83428695e-10,0.000143867488,3.67624021e-09,1.64164731e-07,8.35630643e-08,3.58374906e-08,0.000102981121,3.06446871e-09,9.5369873e-10,6.81112359e-06,2.17630487e-07,2.63892679e-05,1.50753635e-07,0.713679158,-4.06806288e-20,3.68030787e-09,5.04611205e-08,1.45807922e-08,3.08155217e-07
0.0138984375,-0.345926666,50.986028,-1031.27247,1988.70512,0.161880309,0.00222738722,2.50463274e-05,3.14711438e-06,0.00145861766,0.000224130211,0.11737278,4.3122438e-07,3.07260319e-08,2.68488732e-07,4.72613831e-07,1.47540385e-05,8.0904449e-07,0.000943088848,0.00374656285,0.0486302243,0.104522081,2.07829267e-06,0.000129107188,1.58697308e-06,6.79943424e-08,9.70281771e-06,1.80350175e-06,0.00497582377,7.13058991e-06,0.000508166414,5.32042481e-06,3.01022573e-05,1.7889242e-05,0.000102867963,2.89481671e-05,8.65469389e-08,1.05033257e-07,8.08205577e-07,1.09658803e-05,1.15810785e-09,0.000147457019,3.91386744e-09,1.69816752e-07,9.57299003e-08,4.30533964e-08,0.000100890305,3.99250487e-09,1.24437992e-09,6.76338225e-06,2.24441937e-07,2.58954716e-05,1.78373528e-07,0.7147155,-3.97430601e-20,3.29255009e-09,3.80109448e-08,1.61837302e-08,3.22924561e-07
0.013921875,-0.349346815,50.8231494,-1031.27247,1996.82706,0.161399537,0.00217689278,2.92613761e-05,4.51414425e-06,0.00156278173,0.000274395842,0.117511008,4.99463854e-07,3.5370678e-08,3.96084597e-07,6.29416309e-07,1.64995198e-05,9.21454415e-07,0.000888372245,0.00306647845,0.0482810942,0.104901981,2.48387731e-06,0.000131742883,1.79191366e-06,7.59710004e-08,9.21209332e-06,2.0166843e-06,0.00450515379,7.00753948e-06,0.000422906901,4.63702009e-06,2.34651506e-05,2.04509945e-05,0.000101627347,2.78199982e-05,1.20865133e-07,1.26890268e-07,8.82695487e-07,1.0245688e-05,1.36349832e-09,0.000151383584,4.20765587e-09,1.75488449e-07,1.08717233e-07,5.16724561e-08,9.84849454e-05,5.09479637e-09,1.60171978e-09,6.68438281e-06,2.30990949e-07,2.52931898e-05,2.1076298e-07,0.715729452,-3.88231038e-20,2.81203558e-09,2.73725978e-08,1.78834251e-08,3.34283332e-07
0.0139335937,-0.351027013,50.7412242,-1031.27247,2000.73118,0.161173861,0.00214984556,3.16176155e-05,5.45092184e-06,0.00162260712,0.000303889454,0.117575135,5.38059705e-07,3.79207256e-08,4.768871e-07,7.21156557e-07,1.73384782e-05,9.77567425e-07,0.000856478469,0.00275659868,0.0480758805,0.105103266,2.70768281e-06,0.000132590163,1.89266276e-06,7.99200128e-08,8.92872943e-06,2.12241977e-06,0.00426454651,6.889666e-06,0.000382582084,4.27131592e-06,2.04676434e-05,2.18258789e-05,0.000100631517,2.71518425e-05,1.42009075e-07,1.38895964e-07,9.18387213e-07,9.86623378e-06,1.47880023e-09,0.000153486599,4.38116615e-09,1.78287169e-07,1.15391482e-07,5.65492675e-08,9.71376456e-05,5.69539515e-09,1.80490794e-09,6.63080772e-06,2.34084637e-07,2.49455816e-05,2.28896411e-07,0.716227978,-3.83694807e-20,2.54868845e-09,2.27992072e-08,1.87703299e-08,3.3801423e-07
0.0139453125,-0.352684863,50.6589736,-1031.27247,2004.51827,0.160958911,0.00212156438,3.41442393e-05,6.60259504e-06,0.0016881956,0.000336578569,0.117635708,5.79763316e-07,4.0618234e-08,5.6969625e-07,8.21505101e-07,1.81335466e-05,1.03229621e-06,0.000821664524,0.00246684846,0.0478484477,0.105312446,2.94396199e-06,0.000133073886,1.98958087e-06,8.37384251e-08,8.62011294e-06,2.22467208e-06,0.0040211258,6.73090193e-06,0.000343956622,3.89539802e-06,1.76941511e-05,2.32518635e-05,9.93654439e-05,2.64116662e-05,1.659429e-07,1.51555743e-07,9.52488704e-07,9.47473774e-06,1.60279262e-09,0.000155686244,4.57447423e-09,1.81043651e-07,1.22127705e-07,6.18018307e-08,9.56847928e-05,6.30928878e-09,2.02285596e-09,6.56704591e-06,2.37016325e-07,2.45653786e-05,2.48329035e-07,0.716720761,-3.79200992e-20,2.27651181e-09,1.87314543e-08,1.96523926e-08,3.40169029e-07
0.01396875,-0.355925906,50.493494,-1031.27247,2011.70246,0.160564034,0.00206121361,3.97179612e-05,9.71632575e-06,0.00183860974,0.000412416765,0.117745489,6.72770619e-07,4.64356184e-08,7.91973729e-07,1.04555291e-06,1.9523976e-05,1.1330127e-06,0.00074381099,0.00194728514,0.047321542,0.105755259,3.44667302e-06,0.000132804569,2.16301988e-06,9.06208033e-08,7.92912487e-06,2.40856956e-06,0.00352830474,6.28489714e-06,0.000272244246,3.13209647e-06,1.28377924e-05,2.62109312e-05,9.59710153e-05,2.47107836e-05,2.22302498e-07,1.78561176e-07,1.01416779e-06,8.65893201e-06,1.87746907e-09,0.000160383504,5.02725905e-09,1.86375326e-07,1.35594158e-07,7.33885949e-08,9.24357285e-05,7.50166123e-09,2.49548712e-09,6.406632e-06,2.42258358e-07,2.37032751e-05,2.91038011e-07,0.717688864,-3.70340158e-20,1.72801476e-09,1.20954305e-08,2.12842565e-08,3.38940237e-07
0.0139804687,-0.357500666,50.4102652,-1031.27247,2015.05578,0.160387551,0.00202905771,4.27705153e-05,1.18641854e-05,0.00192597841,0.000456457381,0.117793994,7.24431857e-07,4.95502392e-08,9.194072e-07,1.16584566e-06,2.0070577e-05,1.17651815e-06,0.000701492157,0.00171675335,0.047015475,0.105989871,3.70667204e-06,0.000131914974,2.23479899e-06,9.35305025e-08,7.550586e-06,2.48644879e-06,0.00328153085,6.00118965e-06,0.000239547056,2.76004584e-06,1.07630833e-05,2.77081021e-05,9.37924404e-05,2.37526805e-05,2.54338191e-07,1.92531908e-07,1.04000145e-06,8.23823362e-06,2.02845524e-09,0.00016289082,5.2966683e-09,1.88893564e-07,1.42120491e-07,7.96517542e-08,9.06082346e-05,8.02644854e-09,2.74128806e-09,6.30716065e-06,2.44441246e-07,2.3216887e-05,3.1430858e-07,0.718164235,-3.65971545e-20,1.46700776e-09,9.48389196e-09,2.20449734e-08,3.3492109e-07
0.0139921875,-0.359041907,50.3267065,-1031.27247,2018.23445,0.160226145,0.0019955692,4.59976987e-05,1.45042474e-05,0.00202240669,0.00050490359,0.117837924,7.79548254e-07,5.27922343e-08,1.05567148e-06,1.2890975e-06,2.04946321e-05,1.21369371e-06,0.000657280058,0.00150533084,0.0466788634,0.10623334,3.96737716e-06,0.000130476443,2.29338531e-06,9.59477593e-08,7.15214123e-06,2.55098247e-06,0.0030356771,5.67937743e-06,0.000209067664,2.40079861e-06,8.92114985e-06,2.91866885e-05,9.12814285e-05,2.27242942e-05,2.88556653e-07,2.06633185e-07,1.06187351e-06,7.81070901e-06,2.1884486e-09,0.000165504702,5.59834306e-09,1.91293801e-07,1.48435448e-07,8.61631798e-08,8.86368838e-05,8.47005799e-09,2.98780432e-09,6.19397656e-06,2.46272503e-07,2.26928419e-05,3.38764721e-07,0.718633734,-3.61639274e-20,1.22166434e-09,7.30961604e-09,2.27149664e-08,3.28420939e-07
0.0140039062,-0.360546517,50.2428159,-1031.27247,2021.2223,0.160081007,0.00196074225,4.9394863e-05,1.77506157e-05,0.00212897359,0.000558084642,0.117876927,8.38105689e-07,5.61528115e-08,1.197748e-06,1.41231343e-06,2.07754991e-05,1.24315996e-06,0.000611592361,0.00131250294,0.0463094826,0.106485648,4.22351188e-06,0.000128448017,2.3361853e-06,9.77710566e-08,6.73638078e-06,2.59933069e-06,0.00279197332,5.32332109e-06,0.000180890694,2.05987256e-06,7.30552521e-06,3.06129051e-05,8.84299526e-05,2.16286434e-05,3.24381797e-07,2.20656236e-07,1.07918183e-06,7.37820906e-06,2.35722695e-09,0.000168225034,5.93652481e-09,1.93557298e-07,1.54464177e-07,9.28415297e-08,8.65138638e-05,8.80399509e-09,3.22864143e-09,6.06620375e-06,2.47691189e-07,2.21306064e-05,3.64292407e-07,0.719097353,-3.57350037e-20,9.9693601e-10,5.53257658e-09,2.32660464e-08,3.19296124e-07
0.014015625,-0.362011309,50.1585909,-1031.27247,2024.00279,0.159953352,0.00192458119,5.29546583e-05,2.17371665e-05,0.00224687467,0.000616324055,0.117910603,9.00050907e-07,5.96236458e-08,1.34158404e-06,1.53196966e-06,2.08952754e-05,1.26361888e-06,0.00056489647,0.00113765255,0.0459051245,0.106746621,4.46896864e-06,0.000125796085,2.36090628e-06,9.89068412e-08,6.30641006e-06,2.62879793e-06,0.00255175321,4.93829252e-06,0.000155074585,1.7419791e-06,5.90650885e-06,3.19474581e-05,8.52353028e-05,2.04704534e-05,3.61037122e-07,2.34366331e-07,1.09136536e-06,6.94277101e-06,2.53442211e-09,0.000171050017,6.31599776e-09,1.95666312e-07,1.60131378e-07,9.95836223e-08,8.42330323e-05,9.00272661e-09,3.45665115e-09,5.92302398e-06,2.48634388e-07,2.15300584e-05,3.90737895e-07,0.719555093,-3.53095468e-20,7.96363065e-10,4.1083408e-09,2.36674918e-08,3.07483155e-07
0.0140273437,-0.363433057,50.0740288,-1031.27247,2026.55912,0.159844402,0.00188710204,5.66667854e-05,2.66197701e-05,0.00237742864,0.000679932761,0.117938494,9.65289949e-07,6.31975372e-08,1.48215692e-06,1.64409643e-06,2.0839447e-05,1.27391799e-06,0.000517698602,0.00098006727,0.0454636495,0.107015909,4.69688321e-06,0.000122496612,2.36561791e-06,9.9273135e-08,5.86579966e-06,2.63695251e-06,0.00231643839,4.53077198e-06,0.000131648586,1.4508636e-06,4.71148433e-06,3.31454729e-05,8.17012837e-05,1.92562117e-05,3.97554256e-07,2.47507681e-07,1.09792482e-06,6.50659512e-06,2.71950577e-09,0.000173975803,6.74207404e-09,1.97604675e-07,1.6536268e-07,1.06264015e-07,8.17904683e-05,9.0461613e-09,3.66411003e-09,5.76372014e-06,2.49038046e-07,2.08915469e-05,4.17899679e-07,0.72000697,-3.48880621e-20,6.2201075e-10,2.99020095e-09,2.38880599e-08,2.93014577e-07
0.0140390625,-0.364808547,49.9891262,-1031.27247,2028.87453,0.159755368,0.00184833439,6.05177509e-05,3.25777922e-05,0.00252208024,0.000749199745,0.117960066,1.03368694e-06,6.68691037e-08,1.61364857e-06,1.74439235e-06,2.05975813e-05,1.27308823e-06,0.000470531249,0.000838946295,0.0449830536,0.107292955,4.89972307e-06,0.000118537335,2.34883077e-06,9.88025393e-08,5.41851154e-06,2.62173273e-06,0.00208751478,4.10825113e-06,0.00011061024,1.18919002e-06,3.70532388e-06,3.41569763e-05,7.78394197e-05,1.79941916e-05,4.32801016e-07,2.59809937e-07,1.09844388e-06,6.07201556e-06,2.91177578e-09,0.000176996106,7.22054017e-09,1.99358425e-07,1.70085906e-07,1.12736032e-07,7.91850314e-05,8.92213513e-09,3.84297972e-09,5.58773092e-06,2.48838034e-07,2.02159533e-05,4.4551967e-07,0.720453016,-3.4470318e-20,4.74514495e-10,2.13116698e-09,2.38967738e-08,2.76031489e-07
0.0140507812,-0.36613463,49.9038794,-1031.27247,2030.93258,0.159687426,0.00180832306,6.44907142e-05,3.98136503e-05,0.00268240115,0.000824379811,0.117974707,1.10506758e-06,7.06356089e-08,1.72975103e-06,1.82843443e-06,2.01641923e-05,1.26041435e-06,0.000423937857,0.000713411015,0.0444615438,0.107576965,5.06954656e-06,0.00011392013,2.30962452e-06,9.74479433e-08,4.96881197e-06,2.58164102e-06,0.00186649997,3.67891492e-06,9.19241324e-05,9.5846389e-07,2.87096338e-06,3.49287021e-05,7.36700414e-05,1.66944603e-05,4.65531852e-07,2.70996631e-07,1.09261028e-06,5.64146241e-06,3.11034758e-09,0.000180101844,7.75758426e-09,2.00916429e-07,1.74231904e-07,1.18835559e-07,7.64188577e-05,8.62851618e-09,3.98529838e-09,5.3947136e-06,2.47971907e-07,1.95047433e-05,4.73277115e-07,0.720893284,-3.40562496e-20,3.53179149e-10,1.48596901e-09,2.36663432e-08,2.56791926e-07
0.0140625,-0.367408307,49.8182843,-1031.27247,2032.71758,0.159641692,0.00176712973,6.85654111e-05,4.85504968e-05,0.00286008653,0.000905678689,0.117981715,1.17922711e-06,7.4497751e-08,1.82409452e-06,1.89193777e-06,1.95394994e-05,1.23549453e-06,0.000378456068,0.000602517037,0.0438976248,0.107866889,5.19833411e-06,0.000108663354,2.2477553e-06,9.51871274e-08,4.52116915e-06,2.51591122e-06,0.00165490187,3.25126899e-06,7.55218637e-05,7.59033038e-07,2.19004589e-06,3.54068626e-05,6.92231581e-05,1.53688115e-05,4.94459662e-07,2.80795093e-07,1.08023565e-06,5.21741686e-06,3.31415001e-09,0.00018328082,8.35967329e-09,2.02270987e-07,1.77735172e-07,1.24387008e-07,7.34977684e-05,8.17435536e-09,4.08365157e-09,5.18461581e-06,2.46381033e-07,1.87600115e-05,5.00784441e-07,0.721327846,-3.36457929e-20,2.5619813e-10,1.0126872e-09,2.31760627e-08,2.35670806e-07
0.0140742187,-0.368626804,49.7323366,-1031.27247,2034.21504,0.159619185,0.00172483433,7.27181837e-05,5.9027498e-05,0.00305694669,0.000993235924,0.117980295,1.25594369e-06,7.84603339e-08,1.89077171e-06,1.93106115e-06,1.87300209e-05,1.19829589e-06,0.000334600083,0.000505267793,0.0432901931,0.108161402,5.27842195e-06,0.000102803984,2.16374082e-06,9.20267189e-08,4.0801383e-06,2.42466016e-06,0.00145416958,2.83371986e-06,6.13034803e-05,5.90163116e-07,1.64360059e-06,3.55409418e-05,6.45389502e-05,1.40306043e-05,5.18344785e-07,2.88947476e-07,1.06127252e-06,4.80236037e-06,3.52192753e-09,0.000186517494,9.0333795e-09,2.03418391e-07,1.80534364e-07,1.29211564e-07,7.04315443e-05,7.57978296e-09,4.13169803e-09,4.95775175e-06,2.44013057e-07,1.79845158e-05,5.27586845e-07,0.721756794,-3.32388844e-20,1.80946844e-10,6.73941552e-10,2.24149682e-08,2.13149537e-07
0.0140859375,-0.369787676,49.6460314,-1031.27247,2035.41218,0.159620792,0.00168153603,7.69221427e-05,7.14924164e-05,0.00327489287,0.00108710628,0.117969557,1.33499796e-06,8.25327185e-08,1.92490907e-06,1.94273596e-06,1.77489146e-05,1.14919936e-06,0.000292842969,0.000420629241,0.0426386338,0.108458886,5.30302683e-06,9.63992987e-05,2.05891117e-06,8.80049864e-08,3.65023635e-06,2.30900145e-06,0.00126563806,2.43413989e-06,4.91403641e-05,4.50179818e-07,1.21270853e-06,3.52883059e-05,5.96677178e-05,1.2694486e-05,5.36093231e-07,2.95222358e-07,1.03582714e-06,4.39871906e-06,3.7322499e-09,0.000189792875,9.78515507e-09,2.0435942e-07,1.82572837e-07,1.3313732e-07,6.72340316e-05,6.8745193e-09,4.12471212e-09,4.71487676e-06,2.40824639e-07,1.71816946e-05,5.53167254e-07,0.722180243,-3.28354613e-20,1.24309085e-10,4.37596125e-10,2.13847161e-08,1.89794229e-07
0.0140976562,-0.370888909,49.5593637,-1031.27247,2036.29851,0.159647229,0.0016373537,8.11474796e-05,8.61914802e-05,0.00351591664,0.00118724096,0.117948529,1.41619875e-06,8.6728954e-08,1.92321597e-06,1.9249872e-06,1.66159788e-05,1.0890277e-06,0.000253599903,0.000347545232,0.0419429156,0.108757435,5.26683457e-06,8.95277328e-05,1.93541413e-06,8.31930104e-08,3.23580935e-06,2.17110041e-06,0.00109047,2.05945411e-06,3.88795021e-05,3.36662261e-07,8.79111456e-07,3.46192095e-05,5.46691284e-05,1.1375989e-05,5.46853176e-07,2.99426241e-07,1.00416662e-06,4.00880531e-06,3.94353069e-09,0.000193084581,1.06210625e-08,2.05099744e-07,1.83799492e-07,1.36010587e-07,6.39230544e-05,6.09511391e-09,4.06009175e-09,4.45725166e-06,2.36784329e-07,1.63556644e-05,5.76958177e-07,0.72259833,-3.2435462e-20,8.29937635e-11,2.76995779e-10,2.01016513e-08,1.66223039e-07
0.014109375,-0.371929024,49.4723283,-1031.27247,2036.86639,0.159698995,0.00159242562,8.53619432e-05,0.000103356916,0.0037820625,0.00129347023,0.117916162,1.49941413e-06,9.10675004e-08,1.88443138e-06,1.87720702e-06,1.53572313e-05,1.01904978e-06,0.000217213378,0.000284953079,0.0412036756,0.109054856,5.16660308e-06,8.2288493e-05,1.79616592e-06,7.76938088e-08,2.84089609e-06,2.01415098e-06,0.000929599031,1.71528761e-06,3.03489233e-05,2.46667343e-07,6.25727425e-07,3.35215594e-05,4.96106549e-05,1.00910017e-05,5.50097081e-07,3.01414188e-07,9.66719136e-07,3.63475909e-06,4.15405508e-09,0.000196367089,1.15464754e-08,2.05650218e-07,1.84170117e-07,1.37707314e-07,6.05201182e-05,5.28128068e-09,3.93777e-09,4.18668631e-06,2.31875416e-07,1.55111912e-05,5.98361377e-07,0.723011208,-3.20388261e-20,5.38062303e-11,1.70802359e-10,1.85975142e-08,1.43065128e-07
0.0141210937,-0.372907171,49.38492,-1031.27247,2037.11154,0.159776345,0.0015469083,8.95314784e-05,0.000123192971,0.00407539407,0.00140548966,0.117871359,1.58460545e-06,9.55704816e-08,1.80959011e-06,1.80033726e-06,1.40040013e-05,9.40954309e-07,0.000183941462,0.000231798911,0.0404222843,0.109348693,5.00170831e-06,7.47995449e-05,1.64474172e-06,7.16391083e-08,2.46909329e-06,1.84226182e-06,0.0007836797,1.40570865e-06,2.336398e-05,1.76962816e-07,4.37047473e-07,3.2004649e-05,4.45651806e-05,8.855133e-06,5.45677301e-07,3.01098791e-07,9.24066094e-07,3.27849164e-06,4.3620167e-09,0.000199612206,1.25657726e-08,2.06027053e-07,1.83649382e-07,1.38143303e-07,5.70499105e-05,4.47189229e-09,3.76046387e-09,3.90555143e-06,2.26098534e-07,1.46536294e-05,6.16775245e-07,0.72341905,-3.16454948e-20,3.38506582e-11,1.0252855e-10,1.69183705e-08,1.20915584e-07
0.0141328125,-0.37382321,49.2971333,-1031.27247,2037.03349,0.15987925,0.00150097425,9.36210104e-05,0.00014586166,0.00439795489,0.00152285192,0.117812993,1.67186075e-06,1.00262454e-07,1.70204852e-06,1.69692054e-06,1.25915182e-05,8.56787777e-07,0.000153950083,0.000187052368,0.0396008833,0.109636259,4.77454536e-06,6.71937014e-05,1.4852064e-06,6.51836605e-08,2.12342915e-06,1.66024926e-06,0.000653049707,1.13309412e-06,1.77340587e-05,1.24247568e-07,2.99399429e-07,3.01010662e-05,3.96078569e-05,7.6830066e-06,5.33845866e-07,2.98456632e-07,8.76925819e-07,2.9416348e-06,4.56556247e-09,0.000202789756,1.36820536e-08,2.06251856e-07,1.82213487e-07,1.37281888e-07,5.35396121e-05,3.70127549e-09,3.53370034e-09,3.61674924e-06,2.1947375e-07,1.37888268e-05,6.31628363e-07,0.723822041,-3.12554111e-20,2.06543147e-11,5.98798228e-11,1.51216241e-08,1.00292028e-07
0.0141445312,-0.374677756,49.2089631,-1031.27247,2036.6358,0.160007385,0.00145480881,9.75953422e-05,0.000171469774,0.00475172538,0.00164496609,0.117739948,1.7614224e-06,1.0516874e-07,1.56724392e-06,1.57099219e-06,1.11570487e-05,7.68855865e-07,0.000127310125,0.000149720244,0.0387423859,0.109914684,4.49069516e-06,5.96127975e-05,1.32189411e-06,5.84973012e-08,1.806254e-06,1.47334889e-06,0.000537709371,8.9813056e-07,1.32692554e-05,8.53410199e-08,2.01077553e-07,2.78661607e-05,3.48124353e-05,6.58754428e-06,5.15234107e-07,2.93531561e-07,8.26129017e-07,2.62549897e-06,4.76284321e-09,0.000205868463,1.48969055e-08,2.06351498e-07,1.79853268e-07,1.35137896e-07,5.00180565e-05,2.996383e-09,3.26557977e-09,3.32363706e-06,2.12041862e-07,1.29229924e-05,6.42416299e-07,0.724220373,-3.086852e-20,1.22178085e-11,3.40102213e-11,1.32713597e-08,8.15989001e-08
0.01415625,-0.375472187,49.1204045,-1031.27247,2035.92613,0.160160123,0.0014086059,0.000101420113,0.000200058682,0.00513857856,0.0017711056,0.117651149,1.85370336e-06,1.10313435e-07,1.41220528e-06,1.42780756e-06,9.73771895e-06,6.79592806e-07,0.000103999735,0.000118858655,0.0378504365,0.11018097,4.15878562e-06,5.22002672e-05,1.15915373e-06,5.17553015e-08,1.51915755e-06,1.28687231e-06,0.000437321845,6.99947326e-07,9.78654381e-06,5.73289924e-08,1.32348266e-07,2.53748234e-05,3.02474021e-05,5.57930763e-06,4.90793985e-07,2.86434224e-07,7.72587086e-07,2.33104253e-06,4.95206688e-09,0.000208816986,1.62102492e-08,2.06357834e-07,1.76577362e-07,1.31777185e-07,4.65147833e-05,2.37521981e-09,2.96627119e-09,3.02990384e-06,2.03864654e-07,1.20625316e-05,6.48737552e-07,0.724614245,-3.0484769e-20,7.00520569e-12,1.87802954e-11,1.14326466e-08,6.51044754e-08
0.0141679687,-0.376208615,49.0314528,-1031.27247,2034.91604,0.160336552,0.00136256311,0.000105062759,0.000231598243,0.00556023692,0.00190042523,0.117545599,1.94928668e-06,1.15717284e-07,1.24487854e-06,1.27342685e-06,8.36823929e-06,5.91410118e-07,8.39117823e-05,9.35833871e-05,0.0369293255,0.110432062,3.79001748e-06,4.50927965e-05,1.0010853e-06,4.51278948e-08,1.26292227e-06,1.10584788e-06,0.000351235201,5.36361905e-07,7.11501554e-06,3.76600383e-08,8.5351707e-08,2.2715814e-05,2.59723231e-05,4.66597299e-06,4.6170911e-07,2.77337662e-07,7.17255245e-07,2.05885492e-06,5.13155097e-09,0.000211605031,1.76202836e-08,2.06307229e-07,1.72414902e-07,1.27311688e-07,4.30590432e-05,1.84662764e-09,2.64727723e-09,2.73940651e-06,1.95023912e-07,1.12138556e-05,6.5032408e-07,0.725003856,-3.01041082e-20,3.89298791e-12,1.00809057e-11,9.66570697e-09,5.09335137e-08
0.0141796875,-0.3768898,48.9421041,-1031.27247,2033.62053,0.160535501,0.00131687627,0.000108493408,0.000265985628,0.00601823367,0.0020319862,0.117422417,2.04890483e-06,1.21395638e-07,1.07336447e-06,1.11420788e-06,7.0787965e-06,5.06541422e-07,6.68658663e-05,7.30781122e-05,0.0359838649,0.110664916,3.3973817e-06,3.84120043e-05,8.51296408e-07,3.87700915e-08,1.03751974e-06,9.34689599e-07,0.00027852482,4.0420283e-07,5.09987763e-06,2.41928661e-08,5.39252427e-08,1.99843626e-05,2.20348072e-05,3.85200344e-06,4.29288121e-07,2.66469098e-07,6.61093105e-07,1.80915456e-06,5.29977013e-09,0.000214204469,1.91235364e-08,2.06239907e-07,1.67417146e-07,1.21890561e-07,3.96788196e-05,1.41125756e-09,2.32054967e-09,2.45597996e-06,1.85619158e-07,1.03831773e-05,6.47062306e-07,0.725389398,-2.97264905e-20,2.09728533e-12,5.26036766e-12,8.02090349e-09,3.90756335e-08
0.0141914063,-0.377519033,48.8523546,-1031.27247,2032.05743,0.160755596,0.00127173389,0.000111685657,0.000303049153,0.00651388062,0.00216478753,0.117280861,2.15339829e-06,1.27356743e-07,9.05183044e-07,9.56276364e-07,5.89337742e-06,4.26902758e-07,5.2623767e-05,5.66002261e-05,0.035019231,0.110876574,2.99465609e-06,3.22572064e-05,7.12706712e-07,3.28129373e-08,8.42153375e-07,7.76935825e-07,0.000218051865,2.9966768e-07,3.60503242e-06,1.52011103e-08,3.33777076e-08,1.72741219e-05,1.84684305e-05,3.13855969e-06,3.94855281e-07,2.54098498e-07,6.05025737e-07,1.58180176e-06,5.45539592e-09,0.000216590347,2.07150168e-08,2.06199121e-07,1.6165758e-07,1.15688672e-07,3.63999299e-05,1.06336093e-09,1.99756818e-09,2.18323943e-06,1.75764174e-07,9.57630887e-06,6.39001774e-07,0.725771059,-2.93518718e-20,1.09575304e-12,2.66898514e-12,6.53531624e-09,2.94067455e-08
0.014203125,-0.378099984,48.7622015,-1031.27247,2030.24654,0.160995315,0.001227312,0.000114617169,0.000342556563,0.00704824481,0.0022978009,0.117120357,2.26365666e-06,1.33600571e-07,7.46669466e-07,8.05048722e-07,4.82872838e-06,3.53986373e-07,4.09068861e-05,4.3484218e-05,0.0340407877,0.11106423,2.59531564e-06,2.67002107e-05,5.87422493e-07,2.73571995e-08,6.75345189e-07,6.35087971e-07,0.000168531689,2.18672846e-07,2.51422706e-06,9.34545058e-09,2.02421611e-08,1.46696627e-05,1.52918288e-05,2.5236588e-06,3.59652407e-07,2.40524846e-07,5.49908281e-07,1.37632549e-06,5.59732597e-09,0.000218741735,2.23884521e-08,2.06230165e-07,1.5523022e-07,1.0889396e-07,3.32452641e-05,7.92944952e-10,1.68850458e-09,1.92439642e-06,1.65582567e-07,8.79847648e-06,6.26350533e-07,0.726149015,-2.8980211e-20,5.55530234e-13,1.31723826e-12,5.23130735e-09,2.1718896e-08
0.0142148437,-0.378636533,48.6716424,-1031.27247,2028.20874,0.161253055,0.00118376959,0.000117270077,0.000384226639,0.00762213481,0.00243000597,0.116940513,2.38054879e-06,1.40118334e-07,6.02576987e-07,6.64871372e-07,3.89405103e-06,2.88800565e-07,3.14140629e-05,3.31425788e-05,0.0330539048,0.111225289,2.21151058e-06,2.17827749e-05,4.76692223e-07,2.24701025e-08,5.35059182e-07,5.10562102e-07,0.000128605099,1.57158583e-07,1.73090783e-06,5.62462755e-09,1.20308706e-08,1.22405546e-05,1.25089992e-05,2.00255617e-06,3.2476293e-07,2.26061305e-07,4.96496709e-07,1.19196171e-06,5.72470156e-09,0.000220642324,2.41365828e-08,2.06379265e-07,1.48246155e-07,1.01695284e-07,3.02342044e-05,5.87873578e-10,1.40158006e-09,1.6821075e-06,1.55202751e-07,8.05416844e-06,6.09458335e-07,0.726523432,-2.861147e-20,2.73520716e-13,6.32740052e-13,4.11703598e-09,1.57530953e-08
0.0142265625,-0.379132603,48.5806757,-1031.27247,2025.96506,0.161527206,0.00114124509,0.00011963117,0.000427742667,0.00823609687,0.00256042319,0.116741118,2.50485115e-06,1.46892733e-07,4.75917556e-07,5.38815888e-07,3.0914125e-06,2.31860194e-07,2.38382424e-05,2.50644193e-05,0.0320637859,0.111357423,1.85325158e-06,1.75169104e-05,3.80941626e-07,1.81852587e-08,4.18849224e-07,4.03747769e-07,9.69056896e-05,1.11325062e-07,1.17702915e-06,3.3163843e-09,7.01021416e-09,1.00377097e-05,1.01106824e-05,1.56829632e-06,2.91064016e-07,2.11020579e-07,4.45426638e-07,1.02770054e-06,5.83691318e-09,0.000222280758,2.59514872e-08,2.06692401e-07,1.40828642e-07,9.42720347e-08,2.73822525e-05,4.35612926e-10,1.14268502e-09,1.45837083e-06,1.44752771e-07,7.34702667e-06,5.88790392e-07,0.726894463,-2.82456137e-20,1.30915834e-13,2.96047532e-13,3.18851754e-09,1.1230177e-08
0.0142382812,-0.379591997,48.4893004,-1031.27247,2023.53588,0.161816208,0.00109985399,0.000121691885,0.000472766312,0.00889041998,0.00268814156,0.11652215,2.63718385e-06,1.53898903e-07,3.68026217e-07,4.28638642e-07,2.41673832e-06,1.83223919e-07,1.78807711e-05,1.88120881e-05,0.0310753195,0.111458595,1.52789752e-06,1.38877624e-05,2.99875143e-07,1.45054651e-08,3.24016899e-07,3.14152488e-07,7.21177096e-05,7.77894452e-08,7.91129634e-07,1.91734762e-09,4.00646216e-09,8.09219582e-06,8.07656921e-06,1.21236005e-06,2.59207429e-07,1.95701642e-07,3.97201086e-07,8.82338443e-07,5.93359538e-09,0.000223650674,2.78249045e-08,2.07214133e-07,1.33107316e-07,8.67863493e-08,2.47008721e-05,3.2447154e-10,9.15282659e-10,1.25447778e-06,1.34355423e-07,6.67978848e-06,5.64895449e-07,0.727262248,-2.78826094e-20,6.0985128e-14,1.35045013e-13,2.43261018e-09,7.87611842e-09
0.01425,-0.38001827,48.3975162,-1031.27247,2020.94021,0.162118611,0.00105968774,0.000123448112,0.000518950604,0.00958514846,0.00281233983,0.116283756,2.77796277e-06,1.61105906e-07,2.78799285e-07,3.34884637e-07,1.86118463e-06,1.4256737e-07,1.32625295e-05,1.40161815e-05,0.0300929621,0.111527092,1.2399803e-06,1.0858428e-05,2.32622773e-07,1.14076704e-08,2.47764618e-07,2.40600682e-07,5.30209088e-05,5.36670713e-08,5.25997209e-07,1.08810109e-09,2.2471443e-09,6.4162873e-06,6.37799992e-06,9.25331314e-07,2.29625442e-07,1.80378788e-07,3.52187095e-07,7.54532283e-07,6.01461245e-09,0.000224750501,2.97485352e-08,2.0798648e-07,1.25212147e-07,7.93782045e-08,2.2197533e-05,2.4432316e-10,7.20568547e-10,1.07101964e-06,1.24124039e-07,6.05427868e-06,5.38372068e-07,0.727626917,-2.75224273e-20,2.76864657e-14,6.01243855e-14,1.83028289e-09,5.44002258e-09
0.0142617187,-0.380414629,48.3053233,-1031.27247,2018.19518,0.162433109,0.00102081381,0.000124899863,0.000565951139,0.0103201002,0.00293230042,0.116026242,2.92737288e-06,1.68478571e-07,2.07037038e-07,2.5709508e-07,1.41266355e-06,1.09277598e-07,9.73158958e-06,1.03693938e-05,0.0291206583,0.111561524,9.91341054e-07,8.37587392e-06,1.7790814e-07,8.84921519e-09,1.87331439e-07,1.81453558e-07,3.85208913e-05,3.65892602e-08,3.4620917e-07,6.06904677e-10,1.2377249e-09,5.00619669e-06,4.98081574e-06,6.97515936e-07,2.02555274e-07,1.65293558e-07,3.10620294e-07,6.42851733e-07,6.08003745e-09,0.000225583039,3.17142992e-08,2.0904794e-07,1.17267783e-07,7.21631864e-08,1.98759292e-05,1.86893567e-10,5.57822844e-10,9.07942321e-07,1.1415921e-07,5.4714475e-06,5.09836535e-07,0.727988588,-2.71650394e-20,1.22678683e-14,2.61585505e-14,1.35963741e-09,3.70461531e-09
0.0142734375,-0.380783867,48.2127224,-1031.27247,2015.31573,0.162758571,0.000983276756,0.000126050837,0.000613435,0.0110948885,0.0030474163,0.115750052,3.08536455e-06,1.75979486e-07,1.50820043e-07,1.94069927e-07,1.05731847e-06,8.25537234e-08,7.06751642e-06,7.61966599e-06,0.0281617985,0.111560828,7.81505935e-07,6.37710471e-06,1.34215252e-07,6.77443943e-09,1.40102807e-07,1.34820456e-07,2.76654316e-05,2.46749977e-08,2.25768864e-07,3.3319071e-10,6.69972745e-10,3.84578939e-06,3.84806614e-06,5.19462019e-07,1.78074489e-07,1.50649756e-07,2.7261584e-07,5.45827632e-07,6.13012662e-09,0.000226154893,3.37145449e-08,2.10432687e-07,1.09388778e-07,6.52324371e-08,1.7736333e-05,1.45736507e-10,4.24873562e-10,7.64637121e-07,1.04546582e-07,4.93144544e-06,4.79894897e-07,0.728347369,-2.68104197e-20,5.31412059e-15,1.11367601e-14,9.98350478e-10,2.49029911e-09
0.0142851563,-0.381128335,48.1197147,-1031.27247,2012.31445,0.163094052,0.000947100145,0.00012690792,0.000661087289,0.0119089464,0.00315719159,0.11545574,3.25167072e-06,1.83570906e-07,1.07860662e-07,1.4413939e-07,7.80798543e-07,6.15010439e-08,5.0827549e-06,5.56306211e-06,0.0272192101,0.111524248,6.08206592e-07,4.79486184e-06,9.99364881e-08,5.12088521e-09,1.03689792e-07,9.8740328e-08,1.96486156e-05,1.64743104e-08,1.45985576e-07,1.80351378e-10,3.56677013e-10,2.91059681e-06,2.94235357e-06,3.82354202e-07,1.56140335e-07,1.3661138e-07,2.38183853e-07,4.61994248e-07,6.1652916e-09,0.000226475827,3.57422044e-08,2.12169985e-07,1.01676022e-07,5.8654138e-08,1.57760403e-05,1.16025579e-10,3.18590367e-10,6.4005356e-07,9.53557208e-08,4.43372433e-06,4.49120508e-07,0.728703355,-2.64585437e-20,2.25427068e-15,4.64650188e-15,7.25402384e-10,1.65442483e-09
0.014296875,-0.38144994,48.0263016,-1031.27247,2009.20159,0.163438795,0.000912288954,0.000127480659,0.000708615436,0.0127615507,0.0032612373,0.115143955,3.42584023e-06,1.91216446e-07,7.57913515e-08,1.05408973e-07,5.69247508e-07,4.52098422e-08,3.62173259e-06,4.03673775e-06,0.0262951768,0.11145132,4.67949725e-07,3.56236295e-06,7.34909813e-08,3.82455699e-09,7.59776387e-08,7.1321575e-08,1.38054833e-05,1.08986838e-08,9.3673893e-08,9.64354432e-11,1.86916266e-10,2.17157883e-06,2.2276885e-06,2.78274796e-07,1.36627468e-07,1.23303067e-07,2.0724744e-07,3.89924373e-07,6.18607119e-09,0.000226558072,3.77908997e-08,2.14283834e-07,9.42145042e-08,5.24759134e-08,1.39898658e-05,9.42656979e-11,2.35343312e-10,5.32820336e-07,8.66399468e-08,3.97715338e-06,4.18037565e-07,0.729056635,-2.61093881e-20,9.38179924e-16,1.90281968e-15,5.22115622e-10,1.0875497e-09
0.0143085937,-0.381750166,47.9324849,-1031.27247,2005.98523,0.163792218,0.000878832324,0.000127780734,0.000755751648,0.0136518468,0.00335926346,0.114815408,3.60728123e-06,1.98882426e-07,5.23725508e-08,7.59564282e-08,4.09982316e-07,3.28145351e-08,2.55836674e-06,2.91228694e-06,0.0253914783,0.111341844,3.56556791e-07,2.61683609e-06,5.34092649e-08,2.82395431e-09,5.51467095e-08,5.08372328e-08,9.60010262e-06,7.14994598e-09,5.96924009e-08,5.10497648e-11,9.65076574e-11,1.5982755e-06,1.670813e-06,2.00341802e-07,1.19360508e-07,1.10812494e-07,1.79661546e-07,3.28256777e-07,6.19310408e-09,0.000226415672,3.98550048e-08,2.16792844e-07,8.70723334e-08,4.67276504e-08,1.23706507e-05,7.79952236e-11,1.7138329e-10,4.41362571e-07,7.84369762e-08,3.56013983e-06,3.87110356e-07,0.729407286,-2.57629305e-20,3.83794442e-16,7.66111527e-16,3.72622986e-10,7.08216194e-10
0.0143203125,-0.382030115,47.8382666,-1031.27247,2002.67145,0.164153906,0.000846706398,0.000127821462,0.000802253889,0.0145788712,0.00345106908,0.114470857,3.79530825e-06,2.06538846e-07,3.56205427e-08,5.39724011e-08,2.91883904e-07,2.35326012e-08,1.79262225e-06,2.08966527e-06,0.0245094425,0.111195855,2.69620606e-07,1.90182213e-06,3.83853745e-08,2.0628201e-09,3.96710121e-08,3.57790462e-08,6.6098191e-06,4.65489847e-09,3.78027512e-08,2.68200871e-11,4.91387416e-11,1.16117864e-06,1.24201869e-06,1.42744623e-07,1.04139694e-07,9.91941238e-08,1.55231235e-07,2.7571622e-07,6.18710353e-09,0.000226063867,4.19296704e-08,2.19710319e-07,8.03008691e-08,4.1424382e-08,1.09097519e-05,6.55192305e-11,1.23124175e-10,3.6400663e-07,7.07701532e-08,3.18074594e-06,3.56737501e-07,0.729755378,-2.54191492e-20,1.54631209e-16,3.03779714e-16,2.63921809e-10,4.57389332e-10
0.0143320312,-0.38229055,47.7436487,-1031.27247,1999.26459,0.164523584,0.000815877065,0.000127617338,0.000847905813,0.0155415731,0.00353653103,0.114111087,3.98918766e-06,2.14159971e-07,2.38671773e-08,3.78469169e-08,2.0555066e-07,1.66854506e-08,1.24666097e-06,1.49180615e-06,0.0236500054,0.111013598,2.02852438e-07,1.36837548e-06,2.73011793e-08,1.49171623e-09,2.83003694e-08,2.48779159e-08,4.50796979e-06,3.00942534e-09,2.38080625e-08,1.40225652e-11,2.46974554e-11,8.33310608e-07,9.15530033e-07,1.0070326e-07,9.0759419e-08,8.84737437e-08,1.33728358e-07,2.3112659e-07,6.16883467e-09,0.00022551856,4.40108202e-08,2.23044513e-07,7.39356987e-08,3.65690193e-08,9.59749225e-06,5.56910522e-11,8.73259428e-11,2.99067215e-07,6.36500753e-08,2.83679616e-06,3.27250285e-07,0.73010097,-2.50780228e-20,6.1482758e-17,1.18842987e-16,1.856667e-10,2.93273408e-10
0.01434375,-0.382531948,47.6486336,-1031.27247,1995.76756,0.164901101,0.000786302514,0.00012718362,0.000892515986,0.0165388348,0.00361559276,0.113736889,4.18817753e-06,2.21724591e-07,1.57687871e-08,2.62103359e-08,1.43276637e-07,1.17049044e-08,8.60988273e-07,1.05997681e-06,0.0228137708,0.110795497,1.52315849e-07,9.75382385e-07,1.92294224e-08,1.06863803e-09,2.00321782e-08,1.7099719e-08,3.04677415e-06,1.93321811e-09,1.49208144e-08,7.31811029e-12,1.22652479e-11,5.91101871e-07,6.69546211e-07,7.03768973e-08,7.90204001e-08,7.86532978e-08,1.14905983e-07,1.93418075e-07,6.13909463e-09,0.000224795859,4.60951261e-08,2.26799023e-07,6.79982083e-08,3.21548267e-08,8.42355835e-06,4.77443393e-11,6.11910881e-11,2.44914585e-07,5.70764248e-08,2.52597091e-06,2.98914125e-07,0.730444114,-2.47395304e-20,2.41739998e-17,4.59550596e-17,1.29825653e-10,1.86878109e-10
0.0143554687,-0.382754548,47.5532235,-1031.27247,1992.18204,0.165286411,0.000757935499,0.000126535985,0.000935916674,0.0175694887,0.00368825354,0.113349049,4.39155965e-06,2.2921599e-07,1.02821548e-08,1.79402411e-08,9.8915347e-08,8.12941102e-09,5.90868775e-07,7.498662e-07,0.0220010681,0.110542126,1.14559172e-07,6.89245375e-07,1.34221993e-08,7.58918025e-10,1.40779091e-08,1.16252446e-08,2.04154041e-06,1.23461863e-09,9.31063544e-09,3.82438175e-12,6.02472692e-12,4.14714051e-07,4.86039552e-07,4.87446659e-08,6.87367253e-08,6.9715662e-08,9.85102774e-08,1.61629383e-07,6.09869573e-09,0.000223911712,4.81799664e-08,2.30973283e-07,6.24974995e-08,2.81676044e-08,7.37733872e-06,4.11699893e-11,4.23934368e-11,2.00022185e-07,5.10398551e-08,2.24588508e-06,2.71932304e-07,0.730784853,-2.44036513e-20,9.41810223e-18,1.75975292e-17,9.02893482e-11,1.18452008e-10
0.0143671875,-0.382958397,47.4574206,-1031.27247,1988.50877,0.16567955,0.000730725289,0.000125690225,0.000977962376,0.0186323343,0.00375455845,0.112948332,4.59866297e-06,2.36621732e-07,6.622883e-09,1.21457718e-08,6.76810088e-08,5.59385542e-09,4.03165946e-07,5.28358595e-07,0.0212120048,0.110254186,8.66669753e-08,4.83168057e-07,9.29085954e-09,5.34661696e-10,9.82836604e-09,7.82163264e-09,1.35682598e-06,7.84234182e-10,5.78781309e-09,2.00784856e-12,2.93013556e-12,2.8796846e-07,3.50400033e-07,3.34765737e-08,5.97391616e-08,6.16290964e-08,8.42898276e-08,1.34906061e-07,6.0484515e-09,0.000222881624,5.02633759e-08,2.35563106e-07,5.74324448e-08,2.45875802e-08,6.44820196e-06,3.56293086e-11,2.90599174e-11,1.62996696e-07,4.55238206e-08,1.99415122e-06,2.46451241e-07,0.731123221,-2.40703646e-20,3.64306465e-18,6.68580535e-18,6.24905915e-11,7.47461578e-11
0.0143789063,-0.383143392,47.3612274,-1031.27247,1984.74776,0.166080624,0.00070461929,0.000124662009,0.00101852826,0.0197261521,0.00381458956,0.11253548,4.80887879e-06,2.43933293e-07,4.21764881e-09,8.13930059e-09,4.59268126e-08,3.81613093e-09,2.7366973e-07,3.70922851e-07,0.0204465118,0.109932484,6.62533139e-08,3.36235507e-07,6.38207929e-09,3.73922348e-10,6.82052575e-09,5.21090988e-09,8.94802591e-07,4.95683749e-10,3.58598826e-09,1.06236825e-12,1.41251484e-12,1.98026959e-07,2.51000158e-07,2.28074213e-08,5.18759707e-08,5.43512201e-08,7.20025523e-08,1.12495929e-07,5.98916536e-09,0.000221720438,5.23439883e-08,2.40561259e-07,5.27937236e-08,2.13910292e-08,5.62571743e-06,3.08946001e-11,1.97239168e-11,1.3259343e-07,4.05062725e-08,1.76842845e-06,2.22566673e-07,0.731459248,-2.37396497e-20,1.40185585e-18,2.52504998e-18,4.30648047e-11,4.69923118e-11
0.014390625,-0.383309311,47.264646,-1031.27247,1980.89843,0.166489789,0.000679564355,0.000123466687,0.00105750853,0.0208497164,0.00386845815,0.112111197,5.02166892e-06,2.5114563e-07,2.65785315e-09,5.402989e-09,3.09272791e-08,2.58281025e-09,1.84912646e-07,2.5953602e-07,0.0197043835,0.109577906,5.1418003e-08,2.32436259e-07,4.3534907e-09,2.59774509e-10,4.7076833e-09,3.43940207e-09,5.85805339e-07,3.11872089e-10,2.21541676e-09,5.68082123e-13,6.75671441e-13,1.3494435e-07,1.78736525e-07,1.54217588e-08,4.50122444e-08,4.78324341e-08,6.14204944e-08,9.37425124e-08,5.92162185e-09,0.000220442192,5.44209777e-08,2.45958022e-07,4.8565728e-08,1.85516437e-08,4.89982348e-06,2.68095526e-11,1.32650813e-11,1.07720332e-07,3.59611749e-08,1.56645849e-06,2.00330274e-07,0.731792952,-2.34114859e-20,5.37624669e-19,9.49793231e-19,2.95642375e-11,2.94544559e-11
0.0144023437,-0.383455844,47.1676786,-1031.27247,1976.95978,0.166907248,0.000655507807,0.000122119143,0.00109481487,0.0220018058,0.0039162981,0.111676152,5.23656815e-06,2.58256721e-07,1.6588162e-09,3.55534275e-09,2.06809442e-08,1.73545675e-09,1.24435525e-07,1.81057484e-07,0.0189853092,0.109191405,4.06833136e-08,1.5972403e-07,2.95101502e-09,1.79396425e-10,3.23375136e-09,2.25025101e-09,3.80877482e-07,1.95394824e-10,1.36530891e-09,3.07682868e-13,3.21084518e-13,9.11796366e-08,1.2658702e-07,1.03540773e-08,3.90284936e-08,4.20187754e-08,5.23328299e-08,7.80772369e-08,5.84657986e-09,0.000219060017,5.64939985e-08,2.5174172e-07,4.47282695e-08,1.60416763e-08,4.26094977e-06,2.32634139e-11,8.8461867e-12,8.74337428e-08,3.18598195e-08,1.38609096e-06,1.79756352e-07,0.732124348,-2.30858524e-20,2.05848965e-19,3.56491021e-19,2.02272253e-11,1.84171953e-11
0.0144140625,-0.383582617,47.0703276,-1031.27247,1972.93052,0.167333231,0.000632398216,0.000120633687,0.00113037486,0.023181213,0.00395826032,0.11123097,5.45318278e-06,2.65267112e-07,1.02620343e-09,2.32080895e-09,1.37412611e-08,1.15845261e-09,8.34436469e-08,1.2597381e-07,0.0182889,0.108773979,3.2923956e-08,1.09176616e-07,1.98904745e-09,1.23229661e-10,2.21191654e-09,1.46007424e-09,2.46037667e-07,1.21941956e-10,8.39647165e-10,1.69035818e-13,1.51766936e-13,6.11235928e-08,8.92076128e-08,6.90558731e-09,3.3818974e-08,3.68542252e-08,4.45474475e-08,6.50109941e-08,5.76476778e-09,0.000217586089,5.85631288e-08,2.57899219e-07,4.12580536e-08,1.3832875e-08,3.70010046e-06,2.01744807e-11,5.85381228e-12,7.09286906e-08,2.81719356e-08,1.22529976e-06,1.60828337e-07,0.732453444,-2.27627286e-20,7.88134899e-20,1.33759302e-19,1.37976555e-11,1.14941092e-11
0.0144257812,-0.383689208,46.9725948,-1031.27247,1968.80914,0.167767998,0.000610185955,0.00011902398,0.00116413049,0.024386752,0.00399450809,0.110776231,5.67118639e-06,2.72179493e-07,6.29778577e-10,1.50387252e-09,9.07778711e-09,7.6872491e-10,5.57873384e-08,8.74422105e-08,0.0176147101,0.108326663,2.72988897e-08,7.42783605e-08,1.33391954e-09,8.42505189e-11,1.50743534e-09,9.39987514e-10,1.57969794e-07,7.58269149e-11,5.15465257e-10,9.42509493e-14,7.14461962e-14,4.06756513e-08,6.25809738e-08,4.57705253e-09,2.92900325e-08,3.22825209e-08,3.7891428e-08,5.41255621e-08,5.6768802e-09,0.000216031609,6.06288155e-08,2.6441635e-07,3.81299122e-08,1.18972317e-08,3.20890501e-06,1.74797287e-11,3.84643892e-12,5.75259776e-08,2.48666047e-08,1.08219245e-06,1.43504877e-07,0.732780242,-2.24420936e-20,3.02165782e-20,5.02591604e-20,9.38713448e-12,7.16320692e-12
0.0144375,-0.383775163,46.8744825,-1031.27247,1964.59399,0.168211825,0.000588823589,0.000117302983,0.00119603671,0.0256172645,0.00402521324,0.110312474,5.89031414e-06,2.78998327e-07,3.8370663e-10,9.68029022e-10,5.96610717e-09,5.07417846e-10,3.72029558e-08,6.05700897e-08,0.0169622533,0.107850513,2.31899211e-08,5.03311938e-08,8.90593446e-10,5.73642426e-11,1.02411375e-09,6.00709877e-10,1.00846976e-07,4.69932513e-11,3.15985117e-10,5.33218204e-14,3.35461109e-14,2.68849206e-08,4.3720633e-08,3.01605137e-09,2.53586135e-08,2.82485317e-08,3.22107203e-08,4.50652238e-08,5.58357586e-09,0.000214406807,6.26918245e-08,2.71278286e-07,3.53178041e-08,1.02075605e-08,2.77964289e-06,1.51284007e-11,2.51134594e-12,4.66578045e-08,2.19129938e-08,9.55014151e-07,1.27725407e-07,0.733104739,-2.21239267e-20,1.16145642e-20,1.89422307e-20,6.37179493e-12,4.45953165e-12
0.0144492187,-0.383840005,46.7759925,-1031.27247,1960.28335,0.168665003,0.000568266117,0.000115482933,0.00122606011,0.0268716244,0.0040505531,0.109840194,6.11035646e-06,2.85729515e-07,2.32264414e-10,6.19358205e-10,3.90301773e-09,3.33360527e-10,2.47569509e-08,4.18781597e-08,0.0163310162,0.107346596,2.0149377e-08,3.39861068e-08,5.92272739e-10,3.89178711e-11,6.93911006e-10,3.81213894e-10,6.40331294e-08,2.90319425e-11,1.93462803e-10,3.05775926e-14,1.57339109e-14,1.76580034e-08,3.04288413e-08,1.9765392e-09,2.19509723e-08,2.46992635e-08,2.73692612e-08,3.75288262e-08,5.48547669e-09,0.000212720974,6.47531948e-08,2.78469851e-07,3.27956014e-08,8.73792802e-09,2.40524761e-06,1.30780939e-11,1.63023866e-12,3.7853177e-08,1.92809292e-08,8.42147474e-07,1.13415126e-07,0.733426929,-2.1808207e-20,4.48010611e-21,7.17149009e-21,4.31625943e-12,2.77427083e-12
0.0144609375,-0.383883248,46.6771269,-1031.27247,1955.87544,0.169127836,0.000548471098,0.000113575338,0.00125417755,0.0281487416,0.00407070792,0.109359843,6.33115276e-06,2.92380126e-07,1.39767633e-10,3.940899e-10,2.54275195e-09,2.18081977e-10,1.64445474e-08,2.89042258e-08,0.0157204684,0.106815981,1.78573402e-08,2.28800081e-08,3.92492391e-10,2.63191158e-11,4.69095896e-10,2.40294108e-10,4.04466431e-08,1.78803775e-11,1.18312552e-10,1.77458832e-14,7.38373593e-15,1.15289916e-08,2.11030158e-08,1.28847848e-09,1.90015904e-08,2.15845548e-08,2.32477375e-08,3.12624334e-08,5.38316765e-09,0.0002109825,6.68141994e-08,2.85975768e-07,3.05376888e-08,7.46395409e-09,2.07929513e-06,1.12923916e-11,1.05272725e-12,3.07239273e-08,1.69413328e-08,7.42109472e-07,1.00489356e-07,0.733746802,-2.14949139e-20,1.73532498e-21,2.73076364e-21,2.91834836e-12,1.72482624e-12
0.0144726563,-0.383904396,46.5778873,-1031.27247,1951.36848,0.169600635,0.000529398691,0.000111590981,0.00128037497,0.0294475643,0.00408585901,0.108871835,6.55258541e-06,2.98958165e-07,8.36434184e-11,2.49439073e-10,1.6500251e-09,1.42094766e-10,1.09037104e-08,1.99133301e-08,0.0151300705,0.106259737,1.60878449e-08,1.5360414e-08,2.59224088e-10,1.77449986e-11,3.16426288e-10,1.50440266e-10,2.54125597e-08,1.09757026e-11,7.22537768e-11,1.04008342e-14,3.47243742e-15,7.48335882e-09,1.45841137e-08,8.3544491e-10,1.64522604e-08,1.8857523e-08,1.97421468e-08,2.60526567e-08,5.27719727e-09,0.000209198929,6.88763139e-08,2.93780847e-07,2.85194054e-08,6.36300161e-09,1.79598059e-06,9.73942964e-12,6.76418925e-13,2.49518552e-08,1.4866544e-08,6.53546563e-07,8.88573049e-08,0.734064343,-2.11840266e-20,6.75041981e-22,1.04662684e-21,1.96931412e-12,1.07149792e-12
0.014484375,-0.383902958,46.4782756,-1031.27247,1946.76071,0.170083717,0.000511011629,0.00010953994,0.00130464614,0.030767081,0.00409618709,0.108376546,6.7745743e-06,3.05472387e-07,4.97664565e-11,1.57001985e-10,1.06608762e-09,9.21794379e-11,7.21354646e-09,1.36873637e-08,0.01455928,0.105678917,1.46828754e-08,1.02806459e-08,1.70563293e-10,1.19234434e-11,2.12892792e-10,9.34708264e-11,1.58681059e-08,6.70784799e-12,4.40155675e-11,6.1376097e-15,1.63734621e-15,4.82625106e-09,1.00399012e-08,5.38382552e-10,1.42512998e-08,1.64748078e-08,1.67622684e-08,2.17206921e-08,5.16807864e-09,0.000207377012,7.09411985e-08,3.01870132e-07,2.6717364e-08,5.41427302e-09,1.55008688e-06,8.39101576e-12,4.32316614e-13,2.02772461e-08,1.30305517e-08,5.75228086e-07,7.84253171e-08,0.734379538,-2.08755245e-20,2.6337036e-22,4.03473229e-22,1.32550475e-12,6.64430667e-13
0.0144960937,-0.383878441,46.3782935,-1031.27247,1942.05039,0.170577407,0.000493275144,0.000107431619,0.00132699147,0.0321063207,0.00410187119,0.107874316,6.99707154e-06,3.11932141e-07,2.93730813e-11,9.80861174e-11,6.8455782e-10,5.94337592e-11,4.75351503e-09,9.37340719e-09,0.0140075561,0.105074564,1.35328182e-08,6.84999433e-09,1.11621659e-10,7.97232221e-12,1.42647039e-10,5.74730942e-11,9.81928235e-09,4.06832635e-12,2.66556776e-11,3.62690937e-15,7.70312065e-16,3.08594731e-09,6.87643362e-09,3.43993012e-10,1.23528515e-08,1.43966481e-08,1.4230122e-08,1.81170585e-08,5.05629087e-09,0.000205522768,7.30107097e-08,3.10228988e-07,2.51097061e-08,4.59881978e-09,1.33694775e-06,7.22206752e-12,2.74308086e-13,1.64888491e-08,1.14091644e-08,5.06038963e-07,6.90997733e-08,0.734692369,-2.05693872e-20,1.02252889e-22,1.55052798e-22,8.88327112e-13,4.1001497e-13
0.0145078125,-0.383830362,46.2779426,-1031.27247,1937.23583,0.171082032,0.000476156845,0.000105274777,0.00134741674,0.0334643536,0.00410308772,0.107365454,7.22005519e-06,3.18347265e-07,1.70363385e-11,6.04386308e-11,4.34413539e-10,3.78893337e-11,3.10573089e-09,6.37504131e-09,0.013474363,0.1044477,1.25620516e-08,4.52585272e-09,7.23123567e-11,5.28284221e-12,9.48149846e-11,3.46866845e-11,5.97283389e-09,2.42562935e-12,1.58919835e-11,2.1192402e-15,3.50037094e-16,1.94432839e-09,4.6717951e-09,2.16553887e-10,1.07162329e-08,1.25867989e-08,1.20784645e-08,1.51170062e-08,4.94228085e-09,0.000203641548,7.50869731e-08,3.18843162e-07,2.36764293e-08,3.89944069e-09,1.15240781e-06,6.21022075e-12,1.71693572e-13,1.34152859e-08,9.98014989e-09,4.44971797e-07,6.07899938e-08,0.735002815,-2.02655943e-20,3.7413884e-23,5.55544606e-23,5.902152e-13,2.49687308e-13
0.01453125,-0.38366206,46.0761388,-1031.27247,1927.28939,0.17212523,0.000443683961,0.000100840043,0.00138254575,0.0362334738,0.00409266819,0.106328832,7.66737746e-06,3.31073462e-07,6.13593157e-12,2.42227379e-11,1.84752267e-10,1.62091326e-11,1.39285223e-09,3.0641005e-09,0.0124619543,0.10313004,1.10013597e-08,2.07695725e-09,3.18257519e-11,2.42849761e-12,4.39320756e-11,1.33821236e-11,2.34912321e-09,9.26958529e-13,6.12140799e-12,8.00019345e-16,9.16005278e-17,8.12641294e-10,2.2324442e-09,9.04306817e-11,8.1186194e-09,9.67174029e-09,8.74097909e-09,1.06118833e-08,4.70888526e-09,0.000199813301,7.92666471e-08,3.36788496e-07,2.12796548e-08,2.80053078e-09,8.578018e-07,4.59630215e-12,7.11030399e-14,8.98913314e-09,7.63694314e-09,3.44398303e-07,4.69553584e-08,0.735616379,-1.96650561e-20,6.72626968e-24,1.01933995e-23,2.73244814e-13,9.97936182e-14
0.0145546875,-0.38339421,45.8728864,-1031.27247,1916.90865,0.173216055,0.000413349632,9.63006311e-05,0.0014102382,0.0390672828,0.00406645626,0.105268733,8.11689195e-06,3.4374737e-07,2.19763173e-12,9.67624246e-12,7.86995614e-11,6.93619178e-12,6.26617558e-10,1.47514702e-09,0.0115171486,0.101734444,9.72414833e-09,9.61580639e-10,1.39986659e-11,1.11838803e-12,2.04591547e-11,5.09106186e-12,9.15753548e-10,3.52720237e-13,2.36495998e-12,3.0580405e-16,2.53064846e-17,3.37521671e-10,1.06453486e-09,3.7493579e-11,6.19302859e-09,7.4760892e-09,6.33422185e-09,7.48070243e-09,4.47118525e-09,0.000195927591,8.34990446e-08,3.55586158e-07,1.93720414e-08,2.00204524e-09,6.38173008e-07,3.39675181e-12,2.93832077e-14,6.0610804e-09,5.8320489e-09,2.66381335e-07,3.61196902e-08,0.736220198,-1.90736075e-20,1.20411415e-24,1.89505664e-24,1.26763817e-13,4.00783521e-14
0.014578125,-0.383023391,45.6681962,-1031.27247,1906.08261,0.174357205,0.000384972262,9.17050922e-05,0.00143072244,0.0419597087,0.00402573005,0.104186674,8.56915367e-06,3.56458525e-07,7.90719755e-13,3.87530517e-12,3.37427478e-11,2.98039354e-12,2.83426783e-10,7.12442563e-10,0.0106360624,0.100268127,8.62631947e-09,4.52322616e-10,6.17114377e-12,5.17199103e-13,9.59662327e-12,1.91476695e-12,3.54642527e-10,1.33897216e-13,9.17677525e-13,1.18145676e-16,7.49264667e-18,1.39770142e-10,5.07568429e-10,1.5463443e-11,4.76454413e-09,5.82628749e-09,4.59872281e-09,5.29803472e-09,4.23167945e-09,0.000192008497,8.78030467e-08,3.75131855e-07,1.78476721e-08,1.42590625e-09,4.74888748e-07,2.50902365e-12,1.21867e-14,4.11456216e-09,4.44773083e-09,2.06007713e-07,2.76933217e-08,0.736814129,-1.84910936e-20,2.17416014e-25,3.58178035e-25,5.90363661e-14,1.61921216e-14
0.0146015625,-0.382546437,45.4620781,-1031.27247,1894.80158,0.175551403,0.000358395156,8.7094754e-05,0.00144426706,0.0449051619,0.00397170958,0.103083892,9.02493846e-06,3.69300412e-07,2.88333022e-13,1.56421328e-12,1.46331792e-11,1.29039336e-12,1.29122255e-10,3.45673979e-10,0.00981501217,0.0987378757,7.65795985e-09,2.18343805e-10,2.73289794e-12,2.40714813e-13,4.54341067e-12,7.13575001e-13,1.3673515e-10,5.07958736e-14,3.58101225e-13,4.60962951e-17,2.39053046e-18,5.79091674e-11,2.42419372e-10,6.35693819e-12,3.70130055e-09,4.58743988e-09,3.34651251e-09,3.77113785e-09,3.99250233e-09,0.000188074541,9.21992099e-08,3.95322322e-07,1.66221497e-08,1.01257453e-09,3.53722257e-07,1.85414963e-12,5.09991585e-15,2.81327208e-09,3.38978342e-09,1.5937493e-07,2.11812088e-08,0.737398049,-1.79173628e-20,3.98312146e-26,6.90216946e-26,2.76489169e-14,6.58762002e-15
0.014625,-0.381960455,45.2545415,-1031.27247,1883.05727,0.176801397,0.000333482681,8.25046031e-05,0.00145117291,0.0478984711,0.00390555956,0.101961411,9.48520262e-06,3.82370536e-07,1.07551936e-13,6.39638647e-13,6.45052511e-12,5.64696249e-13,5.93349183e-11,1.68717137e-10,0.00905051797,0.0971500513,6.79354468e-09,1.09630422e-10,1.21815251e-12,1.12972924e-13,2.17515663e-12,2.64060052e-13,5.25939623e-11,1.92886661e-14,1.40699554e-13,1.81619697e-17,8.1808051e-19,2.40880787e-11,1.16165098e-10,2.61024373e-12,2.90528191e-09,3.65600641e-09,2.44200225e-09,2.69868332e-09,3.75546678e-09,0.000184139906,9.67095777e-08,4.16052131e-07,1.56287124e-08,7.17439074e-10,2.63906293e-07,1.37206855e-12,2.16477006e-15,1.93797275e-09,2.58351964e-09,1.23404458e-07,1.61742738e-08,0.737971861,-1.73522671e-20,7.43097074e-27,1.35944734e-26,1.30420119e-14,2.70145089e-15
0.0146484375,-0.381262838,45.0455952,-1031.27247,1870.84279,0.178109957,0.000310116815,7.79640983e-05,0.00145176587,0.0509348224,0.00382839414,0.100820088,9.95105185e-06,3.95770944e-07,4.14692066e-14,2.66370452e-13,2.90478351e-12,2.5047126e-13,2.75348739e-11,8.29388929e-11,0.00833929845,0.0955106063,6.01841151e-09,5.82192072e-11,5.47417978e-13,5.35549989e-14,1.05474013e-12,9.72230913e-14,2.02210381e-11,7.34281774e-15,5.57240795e-14,7.22925603e-18,2.97000788e-19,1.00928001e-11,5.59290954e-11,1.07274052e-12,2.30443494e-09,2.95333869e-09,1.78763567e-09,1.94210709e-09,3.52210341e-09,0.000180215428,1.01357847e-07,4.3721048e-07,1.48150624e-08,5.07505886e-10,1.97350926e-07,1.01757821e-12,9.36955514e-16,1.34534905e-09,1.97030747e-09,9.56820236e-08,1.23403478e-08,0.738535501,-1.67956625e-20,1.41574445e-27,2.74285461e-27,6.20460471e-15,1.11763261e-15
0.014671875,-0.380451269,44.8352474,-1031.27247,1858.15269,0.179479886,0.000288194176,7.34978961e-05,0.00144639086,0.0540097047,0.00374128216,0.0996606513,1.04237164e-05,4.09609067e-07,1.67114963e-14,1.13548208e-13,1.34285372e-12,1.12886415e-13,1.29168274e-11,4.11108413e-11,0.00767826083,0.0938251089,5.32274497e-09,3.32557721e-11,2.48381349e-13,2.56810508e-14,5.18742401e-13,3.56821867e-14,7.78553985e-12,2.80641076e-15,2.22700838e-14,2.90912106e-18,1.12986626e-19,4.27252452e-12,2.7089357e-11,4.42138288e-13,1.84625482e-09,2.42023041e-09,1.31331736e-09,1.405873e-09,3.29369537e-09,0.000176309375,1.06169651e-07,4.58678249e-07,1.41405805e-08,3.58630337e-10,1.48013705e-07,7.56953966e-13,4.15664318e-16,9.41357911e-10,1.50452615e-09,7.43239611e-08,9.41381505e-09,0.739088937,-1.62474089e-20,2.76154553e-28,5.68072139e-28,2.98062529e-15,4.66881787e-16
0.0146953125,-0.379523726,44.623506,-1031.27247,1844.98291,0.180914023,0.000267623504,6.91264852e-05,0.00143540712,0.0571188627,0.00364525206,0.0984837382,1.09045305e-05,4.23998809e-07,7.10933842e-15,4.97868794e-14,6.40238431e-13,5.18172273e-14,6.13078119e-12,2.05689406e-11,0.00706448812,0.0920987714,4.6989556e-09,2.06616304e-11,1.1395235e-13,1.2473339e-14,2.59086053e-13,1.30771504e-14,3.0071953e-12,1.07840017e-15,8.99023284e-15,1.18449137e-18,4.45791909e-20,1.83211961e-12,1.32140832e-11,1.83111864e-13,1.49273693e-09,2.01245339e-09,9.68712245e-10,1.02394248e-09,3.07130885e-09,0.000172428071,1.1117291e-07,4.80325542e-07,1.35739367e-08,2.53298545e-10,1.1140275e-07,5.652096e-13,1.89940558e-16,6.64004372e-10,1.15094704e-09,5.7867114e-08,7.18497326e-09,0.739632177,-1.57073702e-20,5.5293004e-29,1.21004862e-28,1.44736055e-15,1.97097063e-16
0.01471875,-0.378478478,44.4103787,-1031.27247,1831.33078,0.182415248,0.000248323583,6.48667353e-05,0.00141918429,0.0602582559,0.003541296,0.0972899176,1.13949144e-05,4.39061875e-07,3.21337528e-15,2.2547075e-14,3.16051798e-13,2.42776999e-14,2.94661409e-12,1.03980688e-11,0.00649522534,0.0903364805,4.1405615e-09,1.39615241e-11,5.29409034e-14,6.14396415e-15,1.3155736e-13,4.79375382e-15,1.16723721e-12,4.1718796e-16,3.66952076e-15,4.88420642e-19,1.81105344e-20,7.97504782e-13,6.49789233e-12,7.63465323e-14,1.21649785e-09,1.69718453e-09,7.17675701e-10,7.50523237e-10,2.85581944e-09,0.000168576357,1.16398257e-07,5.02009909e-07,1.30910981e-08,1.78898926e-10,8.41910818e-08,4.23933702e-13,8.97827707e-17,4.72208547e-10,8.82537245e-10,4.51792725e-08,5.4899909e-09,0.74016526,-1.51754143e-20,1.13970937e-29,2.65578643e-29,7.11072238e-16,8.4152771e-17
0.0147421875,-0.377314083,44.195873,-1031.27247,1817.19499,0.183986497,0.000230221525,6.07323693e-05,0.00139809926,0.0634240257,0.00343037325,0.0960797109,1.18963588e-05,4.54929348e-07,1.54430292e-15,1.05779008e-14,1.61987565e-13,1.16344588e-14,1.43525141e-12,5.31592734e-12,0.0059678656,0.0885428265,3.64172242e-09,1.01444053e-11,2.49508332e-14,3.07288687e-15,6.79893748e-14,1.76044032e-15,4.56024196e-13,1.62689566e-16,1.51577791e-15,2.04147371e-19,7.54178746e-21,3.52931352e-13,3.22383841e-12,3.21048282e-14,9.97851696e-10,1.45020018e-09,5.34242556e-10,5.53748915e-10,2.64793494e-09,0.000164757959,1.21879528e-07,5.235754e-07,1.26737044e-08,1.26404659e-10,6.39212104e-08,3.19615003e-13,4.40373961e-17,3.38597029e-10,6.78658919e-10,3.53870982e-08,4.20196593e-09,0.740688263,-1.4651413e-20,2.42700417e-30,6.01630596e-30,3.53718298e-16,3.63675403e-17
0.014765625,-0.376029382,43.9799965,-1031.27247,1802.57555,0.185630764,0.000213251372,5.67343707e-05,0.00137253347,0.0666124684,0.00331341257,0.094853608,1.24104098e-05,4.7174351e-07,7.84999589e-16,5.14792518e-15,8.63028524e-14,5.71380379e-15,7.09054826e-13,2.75084815e-12,0.00547993702,0.0867221309,3.1970508e-09,7.78983146e-12,1.19547338e-14,1.56254315e-15,3.58012908e-14,6.48627873e-16,1.79608362e-13,6.40304813e-17,6.34203512e-16,8.65707539e-20,3.21131394e-21,1.58942475e-13,1.61496521e-12,1.36404084e-14,8.22641772e-10,1.25370742e-09,3.99746498e-10,4.11358622e-10,2.44821512e-09,0.000160975756,1.27654349e-07,5.44852547e-07,1.23077677e-08,8.93865717e-11,4.87812674e-08,2.42366842e-13,2.24469514e-17,2.44821665e-10,5.23620578e-10,2.78186699e-08,3.22328279e-09,0.741201292,-1.41352421e-20,5.36486371e-31,1.40909032e-30,1.78280382e-16,1.59203625e-17
0.0147890625,-0.374623496,43.7627566,-1031.27247,1787.47374,0.187351117,0.000197352955,5.28813341e-05,0.00134287057,0.0698200143,0.0031913138,0.0936120794,1.29386552e-05,4.89659974e-07,4.18130562e-16,2.59758156e-15,4.77657721e-14,2.88042734e-15,3.55577012e-13,1.4420107e-12,0.00502909062,0.0848784717,2.80153686e-09,6.21499241e-12,5.83901678e-15,8.08901426e-16,1.9229786e-14,2.40110189e-16,7.14212687e-14,2.54628032e-17,2.68998028e-16,3.72781463e-20,1.39653457e-21,7.28725852e-14,8.17388768e-13,5.86545699e-15,6.80654474e-10,1.09468928e-09,3.00754542e-10,3.0773853e-10,2.2570889e-09,0.000157231982,1.33764811e-07,5.65659348e-07,1.19826473e-08,6.32838057e-11,3.74368374e-08,1.84968036e-13,1.18860843e-17,1.78508115e-10,4.0552902e-10,2.19580652e-08,2.47927163e-09,0.741704484,-1.36267813e-20,1.23912822e-31,3.41759485e-31,9.10986162e-17,7.06507625e-18
0.0148125,-0.373095814,43.5441612,-1031.27247,1771.89211,0.189150703,0.000182470973,4.91797692e-05,0.00130949427,0.0730432111,0.00306494868,0.0923555852,1.348271e-05,5.08850142e-07,2.30889726e-16,1.35589169e-15,2.73998965e-14,1.49228318e-15,1.81154565e-13,7.66331635e-13,0.00461308962,0.0830157057,2.45051825e-09,5.0833428e-12,2.91732212e-15,4.26942914e-16,1.05477947e-14,8.94224233e-17,2.87156515e-14,1.02419397e-17,1.15755009e-16,1.63138322e-20,6.200558e-22,3.40133198e-14,4.18239477e-13,2.55686665e-15,5.64472864e-10,9.63655105e-10,2.27587229e-10,2.31891202e-10,2.07486938e-09,0.000153528377,1.40258276e-07,5.85803265e-07,1.16902492e-08,4.48710218e-11,2.89055137e-08,1.42148942e-13,6.52409233e-18,1.31258014e-10,3.15390709e-10,1.74097179e-08,1.9130654e-09,0.742198002,-1.31259143e-20,3.01771231e-32,8.59681418e-32,4.72187288e-17,3.18077239e-18
0.0148359375,-0.371445989,43.3242184,-1031.27247,1755.83437,0.191032761,0.000168554238,4.56343637e-05,0.00127278645,0.0762787125,0.002935161,0.0910845825,1.40442014e-05,5.29504076e-07,1.30870874e-16,7.2951053e-16,1.62315982e-14,7.94939172e-16,9.38395559e-14,4.13165274e-13,0.00422980014,0.0811374877,2.13966545e-09,4.22330318e-12,1.49736083e-15,2.30105127e-16,5.91488998e-15,3.35469556e-17,1.16897222e-14,4.1711034e-18,5.05739156e-17,7.26143047e-21,2.81112472e-22,1.61560443e-14,2.16462135e-13,1.13170094e-15,4.68656697e-10,8.53705109e-10,1.73258849e-10,1.7603749e-10,1.90176714e-09,0.000149866299,1.47188325e-07,6.05084186e-07,1.14244073e-08,3.18727786e-11,2.24638505e-08,1.10064243e-13,3.6986808e-18,9.73346023e-11,2.46415418e-10,1.38706219e-08,1.48150119e-09,0.742682034,-1.26325283e-20,7.83819609e-33,2.24439354e-32,2.48383011e-17,1.45386066e-18
0.014859375,-0.369673934,43.1029367,-1031.27247,1739.30541,0.193000634,0.000155555058,4.22482143e-05,0.00123312531,0.079523269,0.00280276623,0.0897995308,1.46247534e-05,5.51833847e-07,7.55312219e-17,4.02806994e-16,9.88766073e-15,4.35296558e-16,4.94643898e-14,2.26142977e-13,0.00387718326,0.079247287,1.86497119e-09,3.5433325e-12,7.93477644e-16,1.26841798e-16,3.39456569e-15,1.26926288e-17,4.82465049e-15,1.72156013e-18,2.24501296e-17,3.28988686e-21,1.3019071e-22,7.80493895e-15,1.13372675e-13,5.09363169e-16,3.89161332e-10,7.59834803e-10,1.32718476e-10,1.34650686e-10,1.73790199e-09,0.000146246807,1.54615895e-07,6.2329826e-07,1.11804086e-08,2.26865455e-11,1.75786496e-08,8.59060111e-14,2.15633018e-18,7.27934892e-11,1.93480989e-10,1.11087733e-08,1.15189856e-09,0.743156788,-1.21465146e-20,2.18943323e-33,6.00449962e-33,1.32656817e-17,6.75157912e-19
0.0148828125,-0.367779808,42.8803251,-1031.27247,1722.31123,0.195057779,0.000143428736,3.90230277e-05,0.00119088379,0.0827737221,0.00266855071,0.0885008964,1.52259688e-05,5.76077463e-07,4.41185366e-17,2.27225542e-16,6.16634038e-15,2.44751192e-16,2.65518143e-14,1.25738869e-13,0.00355328848,0.077348401,1.62273991e-09,2.99163457e-12,4.36447956e-16,7.16269556e-17,1.99555996e-15,4.84880383e-18,2.02145238e-15,7.20744237e-19,1.01323463e-17,1.51824564e-21,6.16277067e-23,3.83224825e-15,6.01169298e-14,2.33462529e-16,3.229293e-10,6.78420665e-10,1.02306309e-10,1.03786862e-10,1.58331355e-09,0.00014267072,1.62610639e-07,6.40242451e-07,1.095463e-08,1.61849807e-11,1.38563875e-08,6.76210393e-14,1.2868346e-18,5.49046754e-11,1.52724625e-10,8.94652677e-09,8.99555278e-10,0.743622491,-1.1667768e-20,6.19176948e-34,1.25808043e-33,7.19649324e-18,3.18781317e-19
0.01490625,-0.365764014,42.6563933,-1031.27247,1704.8589,0.197207775,0.000132133148,3.59592993e-05,0.00114642791,0.086027001,0.00253327051,0.0871891555,1.58494088e-05,6.02503501e-07,2.59673763e-17,1.30395451e-16,3.920716e-15,1.41042331e-16,1.45236016e-14,7.10623607e-14,0.00325624837,0.0754439667,1.40957579e-09,2.53675946e-12,2.50426721e-16,4.1498596e-17,1.20248103e-15,1.8722653e-18,8.60865845e-16,3.06330966e-19,4.65240948e-18,7.14161474e-22,2.98363645e-23,1.91108347e-15,3.22869035e-14,1.09115302e-16,2.67605237e-10,6.06841457e-10,7.93640525e-11,8.06188206e-11,1.4379707e-09,0.000139138667,1.71252566e-07,6.55719595e-07,1.07442625e-08,1.15755012e-11,1.10060844e-08,5.37050375e-14,7.82659517e-19,4.17660607e-11,1.21232451e-10,7.24779443e-09,7.05817628e-10,0.744079386,-1.1196187e-20,-8.26722845e-36,-1.57825892e-33,3.9670845e-18,1.53140978e-19
0.0149296875,-0.363627193,42.4311516,-1031.27247,1686.95652,0.199454338,0.000121628393,3.30564709e-05,0.00110011536,0.0892801199,0.00239765001,0.0858647972,1.64965709e-05,6.31416601e-07,1.53533557e-17,7.58373681e-17,2.5323854e-15,8.31027029e-17,8.09949106e-15,4.08442746e-14,0.00298427433,0.0735369692,1.22236939e-09,2.15810221e-12,1.50433792e-16,2.47014764e-17,7.4298525e-16,7.31455172e-19,3.73077159e-16,1.32280128e-19,2.17462884e-18,3.4262262e-22,1.47835753e-23,9.67289605e-16,1.75697714e-14,5.20688698e-17,2.2133808e-10,5.43200341e-10,6.19555059e-11,6.31104942e-11,1.30178025e-09,0.000135651115,1.80634028e-07,6.69543725e-07,1.05471008e-08,8.30094476e-12,8.8120866e-09,4.30531265e-14,4.83254329e-19,3.20435034e-11,9.6804691e-11,5.90823196e-09,5.56604098e-10,0.744527731,-1.07316739e-20,-8.45879317e-34,-8.75852077e-33,2.22305914e-18,7.49030457e-20
0.014953125,-0.361370214,42.2046115,-1031.27247,1668.61317,0.201801331,0.000111876493,3.03130718e-05,0.00105229415,0.0925301776,0.00226238035,0.084528326,1.71688614e-05,6.63164021e-07,9.09899637e-18,4.4560112e-17,1.65652265e-15,4.99275261e-17,4.60673448e-15,2.38870758e-14,0.00273565327,0.0716302493,1.05828324e-09,1.84115044e-12,9.47308453e-17,1.512229e-17,4.70725552e-16,2.89405025e-19,1.6472081e-16,5.80788988e-20,1.03533103e-18,1.67746473e-22,7.50180801e-24,4.96620783e-16,9.69118032e-15,2.53978245e-17,1.82644352e-10,4.86121534e-10,4.86660207e-11,4.97885965e-11,1.17459482e-09,0.0001322084,1.90862145e-07,6.81545396e-07,1.03613839e-08,5.96952185e-12,7.11413244e-09,3.48513727e-14,3.01921476e-19,2.47949591e-11,7.77786046e-11,4.8477323e-09,4.4128219e-10,0.744967791,-1.02741345e-20,-3.46953788e-33,-3.65587056e-32,1.26685059e-18,3.73255612e-20
0.0149765625,-0.358994176,41.9767852,-1031.27247,1649.83892,0.204252774,0.000102841131,2.7726845e-05,0.00100330138,0.0957743573,0.00212811781,0.0831802635,1.78675655e-05,6.98143513e-07,5.3964405e-18,2.6383094e-17,1.09468606e-15,3.05003476e-17,2.67263946e-15,1.42211308e-14,0.00250874515,0.0697265089,9.147366e-10,1.57504305e-12,6.24437235e-17,9.52877673e-18,3.0568231e-16,1.1606609e-19,7.41751485e-17,2.59461899e-20,5.02334459e-19,8.38573421e-23,3.90108657e-24,2.58501856e-16,5.42016202e-15,1.26764002e-17,1.50313814e-10,4.34601854e-10,3.84584099e-11,3.95818514e-11,1.05622002e-09,0.00012881074,2.02061768e-07,6.91576716e-07,1.0185673e-08,4.3055403e-12,5.79275713e-09,2.84981332e-14,1.90342308e-19,1.93507939e-11,6.28952997e-11,4.00469535e-09,3.51817654e-10,0.745399845,-9.8234782e-21,-1.26416675e-32,-1.44471089e-31,7.34441457e-19,1.8962282e-20
0.015,-0.356500393,41.747686,-1031.27247,1630.64475,0.206812856,9.4487428e-05,2.52948609e-05,0.000953462109,0.0990099272,0.00199548206,0.0818211506,1.85938117e-05,7.36812862e-07,3.19909584e-18,1.5707659e-17,7.29359408e-16,1.88943552e-17,1.58147714e-15,8.62230439e-15,0.00230198109,0.0678283148,7.89389942e-10,1.35127167e-12,4.29179139e-17,6.18197759e-18,2.03309404e-16,4.72215747e-20,3.41019761e-17,1.1802095e-20,2.48510346e-19,4.28243825e-23,2.08019291e-24,1.36361104e-16,3.07483374e-15,6.48010349e-18,1.23344205e-10,3.87902623e-10,3.05692911e-11,3.17073656e-11,9.46421124e-10,0.000125458254,2.1437914e-07,6.99515835e-07,1.0018759e-08,3.11480184e-12,4.75860219e-09,2.35470044e-14,1.20815196e-19,1.52318356e-11,5.11997047e-11,3.33165906e-09,2.82132226e-10,0.745824176,-9.37961798e-21,-4.38507027e-32,-5.47676431e-31,4.3331725e-19,9.82694418e-21
0.0150234375,-0.353890402,41.5173286,-1031.27247,1611.04254,0.209485947,8.67817297e-05,2.30136202e-05,0.000903088378,0.102234241,0.00186505452,0.0804515495,1.93485317e-05,7.79701539e-07,1.89383549e-18,9.3879191e-18,4.89174466e-16,1.18396515e-17,9.54177288e-16,5.32584269e-15,0.00211386209,0.0659381026,6.80129323e-10,1.16295796e-12,3.05882026e-17,4.12912188e-18,1.38345029e-16,1.9504624e-20,1.60228383e-17,5.46968998e-21,1.25411468e-19,2.2350849e-23,1.13805959e-24,7.28716572e-17,1.7698999e-15,3.39553307e-18,1.00895742e-10,3.45471228e-10,2.44344115e-11,2.55900096e-11,8.44929216e-10,0.000122150972,2.27986431e-07,7.05270639e-07,9.85959038e-09,2.26032964e-12,3.94457848e-09,1.96654013e-14,7.70636021e-20,1.2092924e-11,4.19655232e-11,2.79197096e-09,2.27619983e-10,0.746241076,-8.94247045e-21,-1.45715281e-31,-1.99230142e-30,2.60272384e-19,5.19807296e-21
0.015046875,-0.35116595,41.2857289,-1031.27247,1591.04503,0.212276603,7.96914249e-05,2.08791471e-05,0.000852478379,0.105444738,0.00173737666,0.0790720449,2.01324142e-05,8.27425095e-07,1.11868685e-18,5.6247401e-18,3.29840788e-16,7.48794789e-18,5.86706232e-16,3.35247158e-15,0.00194295812,0.0640581784,5.85050902e-10,1.00442759e-12,2.24706755e-17,2.83816508e-18,9.61885257e-17,8.18452147e-21,7.70089421e-18,2.58441136e-21,6.4589245e-20,1.19266356e-23,6.39130536e-25,3.944134e-17,1.03402905e-15,1.82504548e-18,8.22589443e-11,3.06884471e-10,1.96347622e-11,2.08049962e-11,7.51446819e-10,0.00011888884,2.43087407e-07,7.08781466e-07,9.70721778e-09,1.64535282e-12,3.30011348e-09,1.66044419e-14,4.93232095e-20,9.68378985e-12,3.46389546e-11,2.35725332e-09,1.84783746e-10,0.746650837,-8.51195573e-21,-4.64009896e-31,-6.95059174e-30,1.59211954e-19,2.80801401e-21
0.0150703125,-0.348328998,41.0529043,-1031.27247,1570.66583,0.215189582,7.31847735e-05,1.88870734e-05,0.000801915725,0.108638947,0.00161294847,0.0776832463,2.09458537e-05,8.80703158e-07,6.58889947e-19,3.37456083e-18,2.23365728e-16,4.77054318e-18,3.674087e-16,2.15113457e-15,0.0017879075,0.062190721,5.02445777e-10,8.70941729e-13,1.69176612e-17,2.006082e-18,6.82358352e-17,3.49118967e-21,3.78932272e-18,1.24572364e-21,3.3961549e-20,6.50889393e-24,3.68609533e-25,2.16161112e-17,6.13349568e-16,1.00675592e-18,6.68313341e-11,2.71807951e-10,1.58576217e-11,1.70368237e-11,6.65653124e-10,0.00011567173,2.59924566e-07,7.10022704e-07,9.56075039e-09,1.20137944e-12,2.78692118e-09,1.41770078e-14,3.16346369e-20,7.82177761e-12,2.87964864e-11,2.0054723e-09,1.5096204e-10,0.747053758,-8.0879975e-21,-1.41555487e-30,-2.32420984e-29,9.92191225e-20,1.54992107e-21
0.01509375,-0.345381713,40.818874,-1031.27247,1549.91936,0.218229854,6.72307524e-05,1.70327148e-05,0.000751668873,0.111814482,0.00149222687,0.0762857896,2.17888937e-05,9.40382294e-07,3.86688477e-19,2.02532809e-18,1.51785892e-16,3.05659314e-18,2.34141348e-16,1.40730217e-15,0.00164741643,0.0603377834,4.30785243e-10,7.58515019e-13,1.29891885e-17,1.45673997e-18,4.93160419e-17,1.51464827e-21,1.91051185e-18,6.1290705e-22,1.82380377e-20,3.63396241e-24,2.18397692e-25,1.19939678e-17,3.69490566e-16,5.70229808e-19,5.41000372e-11,2.39967239e-10,1.2868334e-11,1.40498034e-11,5.87208772e-10,0.000112499437,2.78788198e-07,7.09003199e-07,9.41932145e-09,8.79834024e-13,2.37588523e-09,1.22417221e-14,2.0309253e-20,6.3727112e-12,2.4113224e-11,1.71946653e-09,1.24124129e-10,0.747450138,-7.67052301e-21,-4.13612909e-30,-7.44565593e-29,6.30124795e-20,8.74532413e-22
0.0151171875,-0.342326474,40.5836586,-1031.27247,1528.82086,0.221402605,6.17989188e-05,1.53111391e-05,0.000701990668,0.114969048,0.00137562431,0.0748803383,2.26611637e-05,1.00746562e-06,2.25969228e-19,1.21498534e-18,1.03427509e-16,1.96680523e-18,1.51720691e-16,9.38844755e-16,0.00152025869,0.0585012937,3.68706543e-10,6.63783635e-13,1.01297912e-17,1.08561335e-18,3.62595503e-17,6.68664699e-22,9.87698492e-19,3.0797332e-22,1.00063327e-20,2.07600222e-24,1.32965458e-25,6.7366993e-18,2.26120794e-16,3.31732022e-19,4.36283014e-11,2.11127746e-10,1.04898141e-11,1.16668194e-11,5.15760234e-10,0.000109371685,3.00027978e-07,7.05765478e-07,9.28206055e-09,6.46189965e-13,2.04475663e-09,1.06912161e-14,1.30379014e-20,5.23739065e-12,2.03391046e-11,1.48582495e-09,1.02716164e-10,0.747840276,-7.25946303e-21,-1.15733604e-29,-2.28418881e-28,4.07942548e-20,5.04640336e-22
0.015140625,-0.339165867,40.347281,-1031.27247,1507.38636,0.224713251,5.68592931e-05,1.3717227e-05,0.000653118004,0.118100438,0.00126350738,0.0734675855,2.35618116e-05,1.08315205e-06,1.3138128e-19,7.2796887e-19,7.06246149e-17,1.26945302e-18,9.98819274e-17,6.38754884e-16,0.00140527533,0.0566830568,3.14999169e-10,5.83903891e-13,7.99892529e-18,8.29353503e-19,2.70849724e-17,3.00488429e-22,5.23927939e-19,1.58118681e-22,5.61050712e-21,1.21368292e-24,8.31909623e-26,3.82981897e-18,1.40615464e-16,1.9825325e-19,3.50446393e-11,1.85080949e-10,8.58762563e-12,9.7539577e-12,4.50943773e-10,0.000106288122,3.24067893e-07,7.00383852e-07,9.14807103e-09,4.75848384e-13,1.77644891e-09,9.44351004e-15,8.36186542e-21,4.34200516e-12,1.72810092e-11,1.29402986e-09,8.55456221e-11,0.748224472,-6.85475194e-21,-3.10096595e-29,-6.70859065e-28,2.69296145e-20,2.97914217e-22
0.0151640625,-0.335902682,40.1097658,-1031.27247,1485.63265,0.228167443,5.23822673e-05,1.22457253e-05,0.000605271576,0.121206536,0.00115619554,0.0720482542,2.44894297e-05,1.16888945e-06,7.59545277e-20,4.35320382e-19,4.82993568e-17,8.21017596e-19,6.67518107e-17,4.43235542e-16,0.00130137427,0.0548847553,2.68591722e-10,5.1647087e-13,6.37997412e-18,6.48749795e-19,2.05295062e-17,1.37498072e-22,2.85325965e-19,8.29798862e-23,3.21557208e-21,7.26140141e-25,5.34783064e-26,2.20347505e-18,8.8875994e-17,1.21725128e-19,2.80337818e-11,1.61635251e-10,7.05908272e-12,8.20933665e-12,3.92389021e-10,0.000103248315,3.51425549e-07,6.92961516e-07,9.01641121e-09,3.51239621e-13,1.55777191e-09,8.43565931e-15,5.35306133e-21,3.63128615e-12,1.47892863e-11,1.13580179e-09,7.16944303e-11,0.748603022,-6.45632766e-21,-7.95656084e-29,-1.88587347e-27,1.81310065e-20,1.79988596e-22
0.0151875,-0.332539922,39.8711401,-1031.27247,1463.5773,0.231771077,4.83385401e-05,1.08912921e-05,0.000558655705,0.124285317,0.00105395988,0.0706230987,2.54419689e-05,1.26644707e-06,4.36090749e-20,2.59630362e-19,3.30639095e-17,5.31585776e-19,4.52555112e-17,3.13689236e-16,0.00120752985,0.0531079511,2.28539361e-10,4.59451081e-13,5.13020306e-18,5.19019243e-19,1.57730148e-17,6.40768647e-23,1.59604036e-19,4.45240768e-23,1.88407867e-21,4.44524407e-25,3.52936886e-26,1.28289076e-18,5.71065054e-17,7.67795858e-20,2.2328934e-11,1.40610179e-10,5.82526318e-12,6.95495513e-12,3.39722162e-10,0.000100251741,3.82737131e-07,6.83626816e-07,8.88607841e-09,2.59781395e-13,1.37848861e-09,7.61905436e-15,3.41773902e-21,3.06358819e-12,1.27475747e-11,1.00459766e-09,6.04535619e-11,0.74897622,-6.0641317e-21,-1.95527607e-28,-5.07378242e-27,1.24525169e-20,1.11316248e-22
0.0152109375,-0.329080791,39.6314333,-1031.27247,1441.23863,0.235530296,4.46990867e-05,9.6485355e-06,0.000513458196,0.127334847,0.000957022043,0.0691929042,2.64166352e-05,1.37801064e-06,2.48494131e-20,1.54328221e-19,2.26443325e-17,3.4429084e-19,3.11074255e-17,2.26419175e-16,0.00112278225,0.0513540874,1.94011824e-10,4.11125616e-13,4.15247688e-18,4.24172196e-19,1.22730865e-17,3.04147272e-23,9.17370599e-20,2.44276025e-23,1.1284819e-21,2.78268954e-25,2.38576678e-26,7.5574247e-19,3.73088971e-17,4.9743678e-20,1.77050323e-11,1.21832925e-10,4.82513324e-12,5.93071563e-12,2.92568755e-10,9.72977754e-05,4.18789513e-07,6.72528895e-07,8.75599478e-09,1.92437792e-13,1.23061037e-09,6.95592989e-15,2.1744576e-21,2.60733438e-12,1.10650971e-11,8.95225825e-10,5.12737074e-11,0.749344356,-5.67810919e-21,-4.60313088e-28,-1.30644543e-26,8.72560212e-21,7.04878146e-23
0.015234375,-0.325528703,39.3906772,-1031.27247,1418.63568,0.239451503,4.14351636e-05,8.51204391e-06,0.000469850202,0.130353289,0.000865553324,0.0677584865,2.74097472e-05,1.50629286e-06,1.40391286e-20,9.13608292e-20,1.55065762e-17,2.2288726e-19,2.16698392e-17,1.66662434e-16,0.00104623664,0.0496244906,1.64282044e-10,3.70041583e-13,3.37879797e-18,3.53682847e-19,9.66471243e-18,1.47040707e-23,5.41948624e-20,1.37005358e-23,6.90604962e-22,1.77827216e-25,1.64157283e-26,4.50409549e-19,2.47869636e-17,3.30908937e-20,1.39728216e-11,1.05136491e-10,4.01120628e-12,5.09002163e-12,2.50556205e-10,9.4385669e-05,4.60561063e-07,6.59832938e-07,8.62499422e-09,1.42700293e-13,1.10786864e-09,6.41676254e-15,1.37743964e-21,2.23843293e-12,9.67080208e-12,8.0355005e-10,4.37279898e-11,0.749707713,-5.29820888e-21,-1.03851913e-27,-3.21988923e-26,6.23833343e-21,4.5703231e-23
0.0152578125,-0.321887279,39.1489065,-1031.27247,1395.78822,0.243541359,3.85183527e-05,7.47641017e-06,0.000427986027,0.1333389,0.000779673951,0.066320691,2.84165397e-05,1.65462447e-06,7.85559522e-21,5.3822198e-20,1.06112874e-17,1.44128763e-19,1.5294269e-17,1.25087078e-16,0.000977062197,0.0479203727,1.38715354e-10,3.349704e-13,2.76041872e-18,3.00485173e-19,7.69820507e-18,7.23932045e-24,3.29106331e-20,7.8501129e-24,4.31202677e-22,1.15501237e-25,1.13100414e-26,2.71539163e-19,1.67477468e-17,2.25900673e-20,1.09736471e-11,9.03588833e-11,3.34631962e-12,4.3965185e-12,2.13315932e-10,9.15145253e-05,5.0927246e-07,6.4571523e-07,8.49180985e-09,1.05865742e-13,1.00531758e-09,5.97832306e-15,8.68017114e-22,1.93838881e-12,8.50889278e-12,7.2626151e-10,3.74837031e-11,0.750066568,-4.92438318e-21,-2.24642032e-27,-7.59767787e-26,4.55067613e-21,3.03405581e-23
0.01528125,-0.318160343,38.9061589,-1031.27247,1372.71669,0.24780679,3.59206437e-05,6.53624903e-06,0.000388002842,0.136290036,0.000699452753,0.0648803902,2.94308994e-05,1.82694659e-06,4.34460663e-21,3.15271838e-20,7.25170519e-18,9.30326862e-20,1.09353534e-17,9.57085004e-17,0.000914490829,0.0462428349,1.16759301e-10,3.04872028e-13,2.26170644e-18,2.59744299e-19,6.20011657e-18,3.6285241e-24,2.05425895e-20,4.58872401e-24,2.73743966e-22,7.5388238e-26,7.46282108e-27,1.65570724e-19,1.15087104e-17,1.58122668e-20,8.57489012e-12,7.73429406e-11,2.80122854e-12,3.8216683e-12,1.80485267e-10,8.86832679e-05,5.66448107e-07,6.30358269e-07,8.35506189e-09,7.85236821e-14,9.19034203e-10,5.62221237e-15,5.43660101e-22,1.69291595e-12,7.53539783e-12,6.60702666e-10,3.2280824e-11,0.750421188,-4.55658817e-21,-4.66154386e-27,-1.7169722e-25,3.38671577e-21,2.06163129e-23
0.0153046875,-0.314351923,38.6624751,-1031.27247,1349.44225,0.252254987,3.36145515e-05,5.68620927e-06,0.000350020235,0.139205156,0.000624907271,0.0634384814,3.04450537e-05,2.02758137e-06,2.37849638e-21,1.8345742e-20,4.94573023e-18,5.99056475e-20,7.92098976e-18,7.46335565e-17,0.000857815648,0.0445928703,9.79340832e-11,2.78864552e-13,1.85620999e-18,2.28089481e-19,5.04821868e-18,1.85058823e-24,1.31762636e-20,2.72945336e-24,1.75319572e-22,4.79947891e-26,4.07319303e-27,1.02091359e-19,8.04310784e-18,1.13338453e-20,6.6659964e-12,6.59365233e-11,2.3528e-12,3.34293555e-12,1.51709134e-10,8.58906022e-05,6.33987131e-07,6.13946107e-07,8.2132468e-09,5.81916117e-14,8.45891209e-10,5.3337569e-15,3.38111545e-22,1.4909117e-12,6.71552794e-12,6.04730918e-10,2.79156112e-11,0.750771828,-4.19478368e-21,-9.28597686e-27,-3.71787122e-25,2.57095615e-21,1.43301897e-23
0.015328125,-0.310466249,38.4178991,-1031.27247,1325.98666,0.256893411,3.15732647e-05,4.92098164e-06,0.000314139583,0.142082824,0.000556004469,0.0619958829,3.14492652e-05,2.26065993e-06,1.2775641e-21,1.05944877e-20,3.36362366e-18,3.84584034e-20,5.8134086e-18,5.92936767e-17,0.000806389184,0.0429713681,8.18236375e-11,2.56198765e-13,1.52406647e-18,2.03126871e-19,4.15521706e-18,9.59607646e-25,8.67948233e-21,1.64478901e-24,1.11338936e-22,2.72783384e-26,4.27072926e-28,6.36458584e-20,5.71624092e-18,8.30295647e-21,5.15504864e-12,5.5992861e-11,1.98264795e-12,2.94242237e-12,1.2664156e-10,8.3134974e-05,7.1424009e-07,5.96660104e-07,8.06472949e-09,4.3055001e-14,7.83384266e-10,5.10117133e-15,2.08589626e-22,1.323695e-12,6.02162944e-12,5.56612728e-10,2.42280349e-11,0.751118732,-3.83893323e-21,-1.77719413e-26,-7.71855843e-25,1.99017551e-21,1.01810397e-23
0.0153515625,-0.306507744,38.1724786,-1031.27247,1302.37233,0.261729787,2.97708154e-05,4.23530419e-06,0.000280443199,0.144921717,0.000492662193,0.0605535304,3.24316053e-05,2.52917583e-06,6.81690384e-22,6.06525336e-21,2.27932962e-18,2.46021653e-20,4.32397194e-18,4.79704595e-17,0.000759621322,0.0413791186,6.80674215e-11,2.36237438e-13,1.25021773e-18,1.83124928e-19,3.45797853e-18,5.05333395e-25,5.86583963e-21,9.96759346e-25,6.73521844e-23,8.97595704e-27,-4.22839551e-27,4.01090213e-20,4.13066838e-18,6.19932718e-21,3.96583388e-12,4.73709539e-11,1.67609582e-12,2.60583589e-12,1.04947066e-10,8.04145287e-05,8.10082982e-07,5.78675216e-07,7.90774198e-09,3.17816533e-14,7.29500048e-10,4.91492118e-15,1.27516561e-22,1.18443755e-12,5.43159468e-12,5.14941139e-10,2.10920979e-11,0.751462128,-3.4145934e-21,-3.27085044e-26,-1.53747471e-24,1.57028985e-21,7.38876814e-24
0.015375,-0.302481029,37.926265,-1031.27247,1278.62224,0.266772104,2.81822616e-05,3.62396679e-06,0.000248993304,0.147720622,0.00043475152,0.0591123716,3.33778589e-05,2.83380588e-06,3.56625865e-22,3.43821193e-21,1.53756216e-18,1.56753807e-20,3.26018133e-18,3.94984152e-17,0.000716976976,0.0398168172,5.63529119e-11,2.18438945e-13,1.02317655e-18,1.66808403e-19,2.91029318e-18,2.69800479e-25,4.06101712e-21,6.000346e-25,3.46169085e-23,-1.03609104e-26,-1.07649326e-26,2.55454887e-20,3.03429413e-18,4.69866801e-21,3.03535317e-12,3.99359733e-11,1.42138235e-12,2.32170235e-12,8.63020012e-11,7.77270805e-05,9.24973922e-07,5.60156916e-07,7.74039259e-09,2.33889238e-14,6.82614923e-10,4.76723508e-15,7.7160585e-23,1.06773704e-12,4.92762614e-12,4.78571258e-10,1.84083466e-11,0.751802228,-2.99734758e-21,-5.79535389e-26,-2.94094202e-24,1.2621375e-21,5.48289333e-24
0.0153984375,-0.298390904,37.6793136,-1031.27247,1254.75988,0.272028615,2.67838682e-05,3.08181671e-06,0.000219830868,0.150478445,0.000382100105,0.0576733612,3.42715564e-05,3.17182e-06,1.85606717e-22,1.92745098e-21,1.03146738e-18,9.94459555e-21,2.49227322e-18,3.30763475e-17,0.000677973516,0.0382850704,4.64088611e-11,2.02344775e-13,8.34145985e-19,1.53221855e-19,2.4779388e-18,1.4570579e-25,2.87357615e-21,3.51238343e-25,7.66890875e-24,-3.3917656e-26,-2.02102597e-26,1.64396063e-20,2.26515261e-18,3.59476612e-21,2.31171843e-12,3.35596483e-11,1.20904977e-12,2.08076552e-12,7.03958252e-11,7.50701034e-05,1.06297062e-06,5.41258798e-07,7.56069172e-09,1.71485765e-14,6.41416678e-10,4.65172969e-15,4.6160053e-23,9.69295341e-13,4.49527743e-12,4.46569571e-10,1.60980492e-11,0.752139226,-2.92110084e-21,-9.89789776e-26,-5.40761289e-24,1.03263268e-21,4.1835377e-24
0.015421875,-0.294242347,37.431684,-1031.27247,1230.80925,0.277507827,2.55532768e-05,2.60376687e-06,0.000192974469,0.153194209,0.00033449656,0.056237455,3.50940718e-05,3.53647245e-06,9.5380005e-23,1.06713298e-21,6.87414905e-19,6.28099574e-21,1.93189235e-18,2.81461763e-17,0.00064217797,0.0367844013,3.79993312e-11,1.87570422e-13,6.7633044e-19,1.41638592e-19,2.13526891e-18,7.9337041e-26,2.07146676e-21,1.91774409e-25,-1.70142245e-23,-6.48965925e-26,-3.37370406e-26,1.06874612e-20,1.71785173e-18,2.7539408e-21,1.75238082e-12,2.81206482e-11,1.03146927e-12,1.87552341e-12,5.69323772e-11,7.24407618e-05,1.22868038e-06,5.22120874e-07,7.36660043e-09,1.25184592e-14,6.04843615e-10,4.56311983e-15,2.72672001e-23,8.85674767e-13,4.12271332e-12,4.18173914e-10,1.40986522e-11,0.752473298,-2.84619225e-21,-1.6318775e-25,-9.56874522e-24,8.591897e-22,3.33457708e-24
0.0154453125,-0.290040495,37.1834402,-1031.27247,1206.79472,0.283218503,2.44696508e-05,2.18480769e-06,0.000168419321,0.155867055,0.000291695823,0.0548056038,3.58247249e-05,3.91716116e-06,4.32861281e-23,5.82675135e-22,4.546151e-19,3.95016097e-21,1.51831226e-18,2.43141388e-17,0.000609204044,0.0353152555,3.09185097e-11,1.7379909e-13,5.44482045e-19,1.3149986e-19,1.86282657e-18,4.33603849e-26,1.51421421e-21,8.79056609e-26,-4.17428197e-23,-1.06598756e-25,-5.25986277e-26,7.01715451e-21,1.32294059e-18,2.08796848e-21,1.32263744e-12,2.35049802e-11,8.82470716e-13,1.69986934e-12,4.56310994e-11,6.98359972e-05,1.42711175e-06,5.02868553e-07,7.15610915e-09,9.09329833e-15,5.72036748e-10,4.49699364e-15,1.58839409e-23,8.14112547e-13,3.80014385e-12,3.92761647e-10,1.23602229e-11,0.752804596,-2.77262044e-21,-2.60167983e-25,-1.6314626e-23,7.26163998e-22,2.86659568e-24
0.01546875,-0.285790631,36.9346509,-1031.27247,1182.74097,0.289169652,2.3513788e-05,1.8200228e-06,0.000146136674,0.158496237,0.000253425334,0.0533787466,3.64408815e-05,4.30039486e-06,2.11072538e-23,3.13309741e-22,2.98013615e-19,2.47508113e-21,1.20943083e-18,2.12989176e-17,0.000578708983,0.0338780074,2.49862841e-11,1.60777636e-13,4.34484196e-19,1.22374605e-19,1.6456616e-18,2.36370986e-26,1.11497404e-21,1.98708859e-26,-6.80043297e-23,-1.62358838e-25,-7.80129059e-26,4.65205394e-21,1.03407687e-18,1.53772074e-21,9.9436777e-13,1.96064104e-11,7.5705184e-13,1.54881233e-12,3.62281869e-11,6.72526883e-05,1.66340087e-06,4.83612241e-07,6.92735244e-09,6.56912064e-15,5.42301943e-10,4.44963783e-15,9.11262283e-24,7.52378956e-13,3.51939664e-12,3.69824198e-10,1.0842662e-11,0.753133255,-2.70038289e-21,-4.01883172e-25,-2.68388085e-23,6.22551918e-22,2.77685199e-24
0.0154921875,-0.281498162,36.6853896,-1031.27247,1158.67291,0.295370535,2.26681931e-05,1.50460831e-06,0.000126073775,0.16108112,0.000219391737,0.0519578048,3.69181425e-05,4.67134231e-06,1.01258696e-23,1.65659592e-22,1.93417691e-19,1.54674538e-21,9.75824792e-19,1.88972761e-17,0.000550390343,0.0324729664,2.00445313e-11,1.48314013e-13,3.43071856e-19,1.13933104e-19,1.47213291e-18,1.27352438e-26,8.1890716e-22,-2.41701209e-26,-9.66631508e-23,-2.35392755e-25,-1.1100939e-25,3.11326059e-21,8.19953537e-19,1.06311223e-21,7.44957823e-13,1.63269038e-11,6.51148473e-13,1.41825795e-12,2.84776076e-11,6.46878906e-05,1.94239948e-06,4.64447488e-07,6.67876216e-09,4.71739251e-15,5.15079602e-10,4.41790207e-15,5.14179181e-24,6.98668242e-13,3.27359773e-12,3.48946535e-10,9.51352175e-12,0.753459388,-2.62947871e-21,-6.02857565e-25,-4.26626641e-23,5.4048632e-22,3.11865037e-24
0.015515625,-0.277168598,36.435735,-1031.27247,1134.61556,0.301830651,2.19171084e-05,1.23389457e-06,0.00010815456,0.163621171,0.000189287783,0.0505436767,3.72307876e-05,5.01557575e-06,4.8391797e-24,8.5995867e-23,1.24145478e-19,9.65700252e-22,7.9677769e-19,1.69604233e-17,0.000523982713,0.0311003831,1.59540548e-11,1.36275293e-13,2.67596378e-19,1.05930183e-19,1.33306252e-18,6.68612458e-27,5.9063737e-22,-5.1554105e-26,-1.28060674e-22,-3.28635782e-25,-1.52254133e-25,2.10260746e-21,6.59161683e-19,6.3681001e-22,5.56378088e-13,1.3577051e-11,5.61451944e-13,1.30483574e-12,2.21519388e-11,6.21391519e-05,2.26813462e-06,4.45455591e-07,6.40925461e-09,3.36609554e-15,4.8992016e-10,4.39909421e-15,2.85039266e-24,6.51514301e-13,3.05693562e-12,3.29790498e-10,8.3463049e-12,0.753783087,-2.55990744e-21,-8.80492509e-25,-6.56300779e-23,4.74242543e-22,3.99544834e-24
0.0155390625,-0.27280753,36.1857709,-1031.27247,1110.59391,0.308559743,2.12465007e-05,1.00336951e-06,9.22811815e-05,0.166115947,0.000162799075,0.0491372333,3.73526546e-05,5.32061584e-06,2.516299e-24,4.38717976e-23,7.87168063e-20,6.03820457e-22,6.5761237e-19,1.53785473e-17,0.000499254441,0.0297604552,1.25920885e-11,1.24585154e-13,2.05850782e-19,9.81940814e-20,1.22113294e-18,3.33755432e-27,4.06854234e-22,-6.70555157e-26,-1.6207068e-22,-4.44661328e-25,-2.01896422e-25,1.43268906e-21,5.36884829e-19,2.40221091e-22,4.14388923e-13,1.12764325e-11,4.85263091e-13,1.20576246e-12,1.70429674e-11,5.96048782e-05,2.64318078e-06,4.2670455e-07,6.11843756e-09,2.38576811e-15,4.66464068e-10,4.39089981e-15,1.55192385e-24,6.09725043e-13,2.86448756e-12,3.12081158e-10,7.3191483e-12,0.754104425,-2.49166939e-21,-1.25571916e-24,-9.78653912e-23,4.19577828e-22,5.55682453e-24
0.0155625,-0.268420601,35.9355868,-1031.27247,1086.63284,0.315567791,2.064401e-05,8.08702344e-07,7.83364256e-05,0.168565086,0.000139610334,0.0477393151,3.72585737e-05,5.57700601e-06,1.07390251e-24,2.18172372e-23,4.92573323e-20,3.79288634e-22,5.47870288e-19,1.40696506e-17,0.000476004412,0.0284533336,9.85028085e-12,1.13219665e-13,1.55941911e-19,9.06183658e-20,1.13046053e-18,1.50500633e-27,2.51883096e-22,-7.39814061e-26,-1.98143942e-22,-5.85757932e-25,-2.594492e-25,9.84605632e-22,4.42747955e-19,-1.3913079e-22,3.07854341e-13,9.35385162e-12,4.20374899e-13,1.11873335e-12,1.29620208e-11,5.70847098e-05,3.06801695e-06,4.08250273e-07,5.80681268e-09,1.67912098e-15,4.44425314e-10,4.39132032e-15,8.25154532e-25,5.72330914e-13,2.69209013e-12,2.95595598e-10,6.41381337e-12,0.754423458,-2.42476567e-21,-1.7542327e-24,-1.41693213e-22,3.73294342e-22,7.99464818e-24
0.0155859375,-0.264013485,35.6852774,-1031.27247,1062.75698,0.322865008,2.00988623e-05,6.4576674e-07,6.61869524e-05,0.170968292,0.000119410943,0.0463507308,3.69263589e-05,5.77881532e-06,-4.13918022e-25,1.06333355e-23,3.03924672e-20,2.40229351e-22,4.60066713e-19,1.29722688e-17,0.000454058934,0.0271791273,7.63307025e-12,1.02200478e-13,1.16172828e-19,8.31541285e-20,1.05629175e-18,5.2740332e-28,1.14993837e-22,-7.47741075e-26,-2.35361122e-22,-7.54207295e-25,-3.23740641e-25,6.8205533e-22,3.69402453e-19,-5.09368986e-22,2.28150872e-13,7.74736831e-12,3.6497771e-13,1.04183514e-12,9.74000088e-12,5.45798506e-05,3.5404649e-06,3.90137926e-07,5.47594152e-09,1.17324552e-15,4.23577772e-10,4.39862445e-15,4.30078899e-25,5.38544161e-13,2.53623982e-12,2.80153617e-10,5.61492083e-12,0.754740227,-2.3591981e-21,-2.40855688e-24,-1.99525286e-22,3.32957254e-22,1.15386652e-23
0.015609375,-0.259591858,35.4349436,-1031.27247,1038.99062,0.330461839,1.96017564e-05,5.10662436e-07,5.5687226e-05,0.17332532,0.000101899619,0.0449722563,3.63392146e-05,5.92361691e-06,7.27937371e-25,5.0631768e-24,1.84784437e-20,1.54015972e-22,3.88817989e-19,1.20396522e-17,0.000433268755,0.0259379088,5.856367e-12,9.15850973e-14,8.50200671e-20,7.58012767e-20,9.94786669e-19,3.11860208e-29,-1.12571163e-23,-7.13287611e-26,-2.72501879e-22,-9.5275516e-25,-3.92945594e-25,4.73394189e-22,3.11585056e-19,-8.75488305e-22,1.68662168e-13,6.40407496e-12,3.1758242e-13,9.7347624e-13,7.22711851e-12,5.20932911e-05,4.05531296e-06,3.72403343e-07,5.12854141e-09,8.13722467e-16,4.03743862e-10,4.4113113e-15,2.19196408e-25,5.07726256e-13,2.39401277e-12,2.65610017e-10,4.90937649e-12,0.755054757,-2.29496924e-21,-3.26117475e-24,-2.73725564e-22,2.96723478e-22,1.64513313e-23
0.0156328125,-0.255161376,35.1846919,-1031.27247,1015.35756,0.338368949,1.91447316e-05,3.99734468e-07,4.6683904e-05,0.175635963,8.67881655e-05,0.043604636,3.54882936e-05,6.01207817e-06,5.66337577e-26,2.3537418e-24,1.10664279e-20,1.00309307e-22,3.30239226e-19,1.12362116e-17,0.000413506253,0.0247297181,4.44646309e-12,8.14546419e-14,6.10664385e-20,6.85977049e-20,9.42858025e-19,-1.96853341e-28,-1.32064096e-22,-6.51513391e-26,-3.08129688e-22,-1.1852207e-24,-4.64673367e-25,3.35562178e-22,2.65485246e-19,-1.24023334e-21,1.24352201e-13,5.27958608e-12,2.76958207e-13,9.12330357e-13,5.29232999e-12,4.96298721e-05,4.6042145e-06,3.55074421e-07,4.7684853e-09,5.60140312e-16,3.84785106e-10,4.42810652e-15,1.09169517e-25,4.79361553e-13,2.26299576e-12,2.51848184e-10,4.28594308e-12,0.755367065,-2.23208229e-21,-4.3689761e-24,-3.66468582e-22,2.63248815e-22,2.30221013e-23
0.01565625,-0.25072765,34.9346348,-1031.27247,991.881053,0.346597221,1.87210253e-05,3.09588911e-07,3.90204047e-05,0.177900036,7.38043225e-05,0.0422485841,3.43750803e-05,6.04732457e-06,-5.69132012e-26,1.06793225e-24,6.52838593e-21,6.65433693e-23,2.81514254e-19,1.05346685e-17,0.000394662817,0.0235545669,3.33910004e-12,7.19002702e-14,4.30223817e-20,6.16070168e-20,8.98047132e-19,-2.79266577e-28,-2.51034006e-22,-5.74343656e-26,-3.40686088e-22,-1.45715899e-24,-5.3610812e-25,2.37867533e-22,2.28315429e-19,-1.60474744e-21,9.14101841e-14,4.33724707e-12,2.42082214e-13,8.57290854e-13,3.82250443e-12,4.71961604e-05,5.17591194e-06,3.38172431e-07,4.40069648e-09,3.82671967e-16,3.66594309e-10,4.44810527e-15,5.31195657e-26,4.53035735e-13,2.14122353e-12,2.38774743e-10,3.73491952e-12,0.755677157,-2.17054109e-21,-5.80942395e-24,-4.79607093e-22,2.31646289e-22,3.15615525e-23
0.0156796875,-0.246296214,34.6848908,-1031.27247,968.583638,0.355157759,1.83249275e-05,2.37103863e-07,3.25413506e-05,0.180117362,6.26938238e-05,0.0409047876,3.30133041e-05,6.03422139e-06,2.04839699e-25,4.73008843e-25,3.79582587e-21,4.50194083e-23,2.40589567e-19,9.91402317e-18,0.000376646429,0.0224124417,2.47863158e-12,6.30099126e-14,2.97179297e-20,5.4907791e-20,8.58422549e-19,-3.02990896e-28,-3.70620086e-22,-4.90966861e-26,-3.68584969e-22,-1.77642923e-24,-6.04178666e-25,1.6983545e-22,1.98015925e-19,-1.96906284e-21,6.69584799e-14,3.54710278e-12,2.12099185e-13,8.0743353e-13,2.72127628e-12,4.48001372e-05,5.75678142e-06,3.21713222e-07,4.03095327e-09,2.59455603e-16,3.49089098e-10,4.47141897e-15,2.52571048e-26,4.28417971e-13,2.02711962e-12,2.26315122e-10,3.24789572e-12,0.755985034,-2.11035e-21,-7.6896035e-24,-6.14562895e-22,2.01476033e-22,4.23957346e-23
0.015703125,-0.241872464,34.4355843,-1031.27247,945.486925,0.364061935,1.79516406e-05,1.7943401e-07,2.70966069e-05,0.182287764,5.32217871e-05,0.0395739084,3.14302465e-05,5.97867933e-06,-1.74771169e-25,2.04453459e-25,2.17619321e-21,3.10475021e-23,2.0595074e-19,9.35805114e-18,0.000359379465,0.0213033063,1.81722605e-12,5.48570844e-14,2.01211605e-20,4.85989537e-20,8.22493153e-19,-2.55869104e-27,-4.92416517e-22,-4.08160572e-26,-3.90296205e-22,-2.15313565e-24,-6.65740284e-25,1.22005625e-22,1.7305034e-19,-2.33247437e-21,4.8809236e-14,2.88469061e-12,1.86289504e-13,7.61986155e-13,1.90780657e-12,4.24507403e-05,6.33162996e-06,3.0570827e-07,3.66564753e-09,1.74553315e-16,3.32206619e-10,4.50148615e-15,1.17159844e-26,4.05245991e-13,1.91943992e-12,2.14409873e-10,2.81755747e-12,0.756290691,-2.05151386e-21,-1.01621819e-23,-7.72250465e-22,1.72767442e-22,5.58610237e-23
0.01575,-0.233065608,33.9386765,-1031.27247,899.962227,0.382954174,1.72616663e-05,1.00999567e-07,1.88755393e-05,0.186487596,3.8532518e-05,0.0369531913,2.77321397e-05,5.76055312e-06,1.88290122e-24,3.75497858e-26,7.12209809e-22,1.5699962e-23,1.51957357e-19,8.40124237e-18,0.000326884956,0.0191830396,9.58721646e-13,4.08915112e-14,8.87051366e-21,3.7720623e-20,7.58253328e-19,-9.83037488e-25,-7.45181175e-22,-2.62942304e-26,-4.11229224e-22,-3.10287874e-24,-7.6067858e-25,6.49519038e-23,1.35453988e-19,-3.05296168e-21,2.61771904e-14,1.88115224e-12,1.45328833e-13,6.82324508e-13,9.11699801e-13,3.79193271e-05,7.41627855e-06,2.75074391e-07,2.96854885e-09,7.76899074e-17,3.001542e-10,4.61967238e-15,2.50187436e-27,3.62579039e-13,1.72027736e-12,1.92105074e-10,2.10580335e-12,0.756895411,-1.93790876e-21,-1.75311757e-23,-1.15521112e-21,1.21519197e-22,9.15457499e-23
0.0157734375,-0.228693973,33.6914632,-1031.27247,877.580472,0.392963417,1.69355119e-05,7.41077111e-08,1.57281167e-05,0.18851749,3.27606005e-05,0.0356644732,2.57114238e-05,5.61579853e-06,6.84361081e-27,1.51143834e-26,4.04004272e-22,1.13446258e-23,1.30352485e-19,7.97457705e-18,0.000311503652,0.018171315,6.80347507e-13,3.5062457e-14,5.70462691e-21,3.28724388e-20,7.27744815e-19,-4.43443713e-27,-8.64312095e-22,-2.02440753e-26,-4.07295912e-22,-3.68010773e-24,-7.86199531e-25,4.72771537e-23,1.20592284e-19,-3.40626809e-21,1.89303194e-14,1.49914349e-12,1.28740146e-13,6.4662961e-13,6.12889001e-13,3.57592496e-05,7.8879221e-06,2.60452696e-07,2.64630122e-09,5.11372408e-17,2.84885356e-10,4.68383287e-15,1.14390936e-27,3.42667949e-13,1.62693604e-12,1.81603425e-10,1.80994963e-12,0.757194482,-1.8831297e-21,-2.28828032e-23,-1.38009105e-21,9.86905767e-23,1.1483471e-22
0.015796875,-0.224350161,33.4452439,-1031.27247,855.476338,0.403364332,1.66197073e-05,5.38145379e-08,1.31236871e-05,0.19049965,2.78908754e-05,0.0343911321,2.36306381e-05,5.45250232e-06,1.07150435e-28,6.57027835e-27,2.3208739e-22,8.28048746e-24,1.11815495e-19,7.57682573e-18,0.000296669619,0.0171922723,4.77516198e-13,2.99796587e-14,3.61386199e-21,2.85177892e-20,6.97916754e-19,-6.61595664e-28,-9.87182821e-22,-1.51725428e-26,-3.93031506e-22,-4.30645598e-24,-7.95390695e-25,3.49873328e-23,1.07862921e-19,-3.75340338e-21,1.3668598e-14,1.18556327e-12,1.1438531e-13,6.13345746e-13,4.0614367e-13,3.36774735e-05,8.30065889e-06,2.46303672e-07,2.34587592e-09,3.34298829e-17,2.70109502e-10,4.76221787e-15,5.10052051e-28,3.23623455e-13,1.53740909e-12,1.71517752e-10,1.55018518e-12,0.757491277,-1.8297286e-21,-2.95094346e-23,-1.62619597e-21,7.8439838e-23,1.4210498e-22
0.0158203125,-0.220038967,33.2001722,-1031.27247,833.667165,0.414168989,1.63123129e-05,3.86964576e-08,1.09709302e-05,0.192433842,2.37863521e-05,0.03313376,2.15417717e-05,5.27541566e-06,2.74512562e-29,2.78974762e-27,1.36249697e-22,6.09016807e-24,9.58906293e-20,7.20334079e-18,0.000282351307,0.0162457832,3.31642468e-13,2.55922643e-14,2.25881601e-21,2.46580857e-20,6.684997e-19,-1.06114203e-25,-1.11647513e-21,-1.10464885e-26,-3.68145744e-22,-4.94449997e-24,-7.875757e-25,2.60215552e-23,9.68628242e-20,-4.09307417e-21,9.85504187e-15,9.30114362e-13,1.01934601e-13,5.82157892e-13,2.65412733e-13,3.16792003e-05,8.64612607e-06,2.32627592e-07,2.06996656e-09,2.16986505e-17,2.55811687e-10,4.86160918e-15,2.33753317e-28,3.05373831e-13,1.45140439e-12,1.6182852e-10,1.32269178e-12,0.757785777,-1.77771132e-21,-3.73518846e-23,-1.89196639e-21,6.10720518e-23,1.73656555e-22
0.01584375,-0.215765114,32.9564068,-1031.27247,812.169643,0.425389301,1.60117197e-05,2.75712323e-08,9.19156744e-06,0.194319824,2.03277548e-05,0.0318929465,1.94915525e-05,5.08857642e-06,7.58608809e-28,1.23573087e-27,8.25647912e-23,4.50483017e-24,8.21932307e-20,6.85048662e-18,0.000268522569,0.0153317024,2.28047956e-13,2.18363855e-14,1.39553002e-21,2.12634649e-20,6.39331177e-19,3.25290755e-28,-1.24669394e-21,-7.77374295e-27,-3.32726931e-22,-5.53721686e-24,-7.63079165e-25,1.94047425e-23,8.72776071e-20,-4.42414558e-21,7.09700385e-15,7.23797284e-13,9.11056477e-14,5.52803202e-13,1.71128127e-13,2.97678971e-05,8.9190058e-06,2.1942374e-07,1.81998212e-09,1.39833858e-17,2.41980803e-10,4.98631427e-15,1.10961461e-28,2.87865194e-13,1.36871342e-12,1.52519845e-10,1.12408411e-12,0.758077957,-1.72708367e-21,-4.60593008e-23,-2.17552817e-21,4.66318984e-23,2.09754737e-22
0.0158671875,-0.21153328,32.714112,-1031.27247,790.999906,0.437036863,1.57165959e-05,1.94723021e-08,7.71944179e-06,0.19615735,1.74122382e-05,0.0306692821,1.7519783e-05,4.89533104e-06,4.74783765e-25,5.55897842e-28,5.20171844e-23,3.34595535e-24,7.03933401e-20,6.51541598e-18,0.000255161755,0.0144498671,1.55305684e-13,1.86415086e-14,8.53506736e-22,1.82918708e-20,6.1032844e-19,-2.49854725e-29,-1.37609484e-21,-5.24589329e-27,-2.87231736e-22,-6.01463605e-24,-7.23226643e-25,1.45379628e-23,7.88605126e-20,-4.74565781e-21,5.10484283e-15,5.58626467e-13,8.16574153e-14,5.25062401e-13,1.08887291e-13,2.79453592e-05,9.11690145e-06,2.06690612e-07,1.59621918e-09,8.94603141e-18,2.28608573e-10,5.13776189e-15,5.39875536e-29,2.71057197e-13,1.28918803e-12,1.43578658e-10,9.51328284e-13,0.758367785,-1.67785128e-21,-5.49480358e-23,-2.4747672e-21,3.49668677e-23,2.50618455e-22
0.015890625,-0.20734812,32.4734569,-1031.27247,770.173625,0.449122758,1.54258431e-05,1.36191636e-08,6.49931192e-06,0.197946172,1.495194e-05,0.0294633613,1.56588386e-05,4.69839477e-06,-7.46565227e-25,2.57194033e-28,3.41280412e-23,2.49208394e-24,6.02073384e-20,6.1958972e-18,0.000242250946,0.0136000967,1.04642872e-13,1.59360301e-14,5.1682474e-22,1.57028492e-20,5.81467592e-19,2.19640652e-27,-1.50701153e-21,-3.34487652e-27,-2.3243449e-22,-6.30632632e-24,-6.70207406e-25,1.09385186e-23,7.1416656e-20,-5.05682807e-21,3.66364816e-15,4.27474073e-13,7.33850104e-14,4.9875258e-13,6.82997862e-14,2.62118986e-05,9.23999571e-06,1.94426068e-07,1.39810958e-09,5.67993384e-18,2.15688781e-10,5.31423017e-15,2.72000115e-29,2.54919552e-13,1.21272225e-12,1.34994062e-10,8.01678771e-13,0.758655223,-1.6300195e-21,-6.30300038e-23,-2.78740107e-21,2.57978207e-23,2.96410988e-22
0.0159375,-0.19913382,31.9975497,-1031.27247,729.600668,0.474657411,1.48548911e-05,6.78786369e-09,4.67491052e-06,0.201377695,1.11677905e-05,0.0271069454,1.23435701e-05,4.30014783e-06,1.55429105e-25,9.29590228e-29,1.65891736e-23,1.39944839e-24,4.39079092e-20,5.59799693e-18,0.000217726053,0.0119950507,4.82559003e-14,1.17686691e-14,1.94228283e-22,1.15993453e-20,5.24244623e-19,1.83553388e-24,-1.77126545e-21,-9.79477794e-28,-9.84756988e-23,-6.18516702e-24,-5.33769706e-25,6.31403935e-24,5.89380024e-20,-5.64671066e-21,1.9399176e-15,2.47702421e-13,5.98349453e-14,4.49949612e-13,2.69903704e-14,2.30070846e-05,9.27208417e-06,1.71278336e-07,1.07464475e-09,2.24947442e-18,1.91180158e-10,5.73004679e-15,1.00120129e-29,2.24563047e-13,1.06863116e-12,1.18854355e-10,5.63146354e-13,0.759222783,-1.53854681e-21,-7.32767813e-23,-3.44445722e-21,1.39065911e-23,4.02721306e-22
0.015984375,-0.19115325,31.5300894,-1031.27247,690.548293,0.502080594,1.42924618e-05,3.40072892e-09,3.399496e-06,0.204616246,8.43523722e-06,0.0248273459,9.59873238e-06,3.90759226e-06,3.56954318e-28,8.0150663e-29,8.82168978e-24,7.84587107e-25,3.15859132e-20,5.0446234e-18,0.000194814725,0.010512162,2.22572902e-14,8.77510877e-15,7.39138474e-23,8.4367589e-21,4.68054343e-19,1.19099666e-25,-2.10276643e-21,1.23900954e-28,5.84773348e-23,-4.76371063e-24,-3.7830653e-25,3.68514836e-24,4.87763509e-20,-5.68208582e-21,1.03976993e-15,1.403434e-13,4.91969455e-14,4.05257081e-13,1.05082944e-14,2.01274841e-05,9.06022963e-06,1.49916129e-07,8.28879687e-10,8.62144347e-19,1.68388224e-10,6.07617748e-15,-3.06570999e-30,1.96603232e-13,9.35739009e-13,1.04007373e-10,3.88020788e-13,0.759780456,-1.45259603e-21,-6.58266792e-23,-4.12591033e-21,7.40078776e-24,5.2887618e-22
0.0160078125,-0.187263595,31.3001126,-1031.27247,671.633326,0.516514068,1.40130824e-05,2.38518413e-09,2.90259769e-06,0.206162094,7.34757885e-06,0.023718027,8.42631027e-06,3.71607331e-06,9.90019194e-29,9.47010523e-30,6.51554448e-24,5.84178666e-25,2.65832604e-20,4.78252079e-18,0.000183945582,0.00981636755,1.49453752e-14,7.59212274e-15,4.5369184e-23,7.11800303e-21,4.40592777e-19,-6.31844548e-28,-2.25240757e-21,2.83647117e-28,1.12242012e-22,-3.62845157e-24,-3.5531926e-25,2.81937216e-24,4.43647208e-20,-5.69972627e-21,7.55968623e-16,1.04080697e-13,4.46973655e-14,3.84221346e-13,6.44668689e-15,1.88009938e-05,8.88006744e-06,1.39901902e-07,7.2851991e-10,5.25779872e-19,1.57635709e-10,6.1701941e-15,1.48646566e-30,1.83503387e-13,8.73441005e-13,9.70576756e-11,3.19212628e-13,0.760055336,-1.41171607e-21,-5.01085437e-23,-2.53865674e-21,5.32574948e-24,5.96437329e-22
0.01603125,-0.18344911,31.072886,-1031.27247,653.149821,0.531429229,1.37346875e-05,1.68205676e-09,2.48403107e-06,0.207657855,6.41730267e-06,0.0226302268,7.38265935e-06,3.52843406e-06,4.82495742e-31,2.98537521e-30,4.83795945e-24,4.34027255e-25,2.22700385e-20,4.52979194e-18,0.000173468187,0.00915123323,1.00751169e-14,6.58583844e-15,2.81446808e-23,5.96856192e-21,4.13667075e-19,-2.14511067e-25,-2.39925255e-21,3.70594874e-28,1.68351819e-22,-3.27768209e-24,-3.31632693e-25,2.16256029e-24,4.03517726e-20,-5.71709066e-21,5.51573444e-16,7.68172277e-14,4.06767201e-14,3.64013219e-13,3.95574664e-15,1.75476575e-05,8.65652579e-06,1.30335329e-07,6.41395293e-10,3.17946261e-19,1.47318056e-10,6.20391245e-15,3.72173431e-31,1.70991402e-13,8.13921811e-13,9.04238234e-11,2.61401622e-13,0.760327332,-1.37226024e-21,-4.9165432e-23,-2.42164699e-21,3.8356227e-24,6.69017534e-22
0.0160546875,-0.1797148,30.8486053,-1031.27247,635.111846,0.546825337,1.34570506e-05,1.19216496e-09,2.13035269e-06,0.209103374,5.61922993e-06,0.0215646263,6.4587718e-06,3.34515437e-06,3.44978888e-31,-1.8864188e-28,3.6005252e-24,3.21689016e-25,1.85691805e-20,4.28603687e-18,0.000163377231,0.00851642195,6.81468471e-15,5.72700482e-15,1.76578504e-23,4.97510296e-21,3.87372601e-19,3.13620856e-28,-2.54120456e-21,4.08036069e-28,2.26177242e-22,-2.93980171e-24,-3.07983744e-25,1.6616552e-24,3.66921218e-20,-5.73400872e-21,4.03593197e-16,5.64042145e-14,3.70730722e-14,3.44582119e-13,2.42656606e-15,1.63639791e-05,8.39607589e-06,1.2121119e-07,5.6569197e-10,1.90566877e-19,1.3743281e-10,6.17435364e-15,-1.36508662e-28,1.59058563e-13,7.5714585e-13,8.41004683e-11,2.13093888e-13,0.760596307,-1.33422908e-21,-4.69956446e-23,-2.32284365e-21,2.76795705e-24,7.46585406e-22
0.016078125,-0.176065736,30.6274677,-1031.27247,617.533233,0.562698307,1.31800066e-05,8.46946378e-10,1.83061367e-06,0.210498523,4.93248464e-06,0.0205219197,5.64444598e-06,3.1666047e-06,7.72927718e-29,-2.03483342e-25,2.6805073e-24,2.37822038e-25,1.5411794e-20,4.05094613e-18,0.000153668052,0.00791156772,4.61191114e-15,4.99145302e-15,1.11946262e-23,4.12345336e-21,3.61798661e-19,5.16719819e-28,-2.6774666e-21,4.12349139e-28,2.85142364e-22,-2.6230387e-24,-2.84868648e-25,1.27803187e-24,3.33514929e-20,-5.85042866e-21,2.9573287e-16,4.11532215e-14,3.38340638e-14,3.25886383e-13,1.48410976e-15,1.52465597e-05,8.1049318e-06,1.12523824e-07,4.99797345e-10,1.13181983e-19,1.27977306e-10,6.08298325e-15,-2.46518863e-26,1.47696262e-13,7.03076346e-13,7.80823454e-11,1.72949594e-13,0.760862102,-1.29762198e-21,-4.42641504e-23,-2.23955285e-21,1.9714859e-24,8.29109089e-22
0.016125,-0.169039577,30.1950761,-1031.27247,583.791813,0.595855178,1.26275556e-05,4.43497701e-10,1.36515633e-06,0.213138842,3.83894709e-06,0.018507541,4.30964538e-06,2.82445117e-06,-2.24367085e-25,-1.81160675e-30,1.49461972e-24,1.29910895e-25,1.0517784e-20,3.60586272e-18,0.000135371064,0.00678903037,2.17877865e-15,3.82435596e-15,4.79099511e-24,2.79900678e-21,3.13027875e-19,8.81462212e-25,-2.93851089e-21,3.63846727e-28,4.04808063e-22,-2.06577711e-24,-2.41164956e-25,7.66069926e-25,2.7500626e-20,-6.06500878e-21,1.64787956e-16,2.20585367e-14,2.83111187e-14,2.90588808e-13,5.66869591e-16,1.31983456e-05,7.45002383e-06,9.64186094e-08,3.9288551e-10,3.89817287e-20,1.1032839e-10,5.73525945e-15,-6.6830775e-30,1.26628011e-13,6.02802941e-13,6.6930427e-11,1.13103633e-13,0.761383504,-1.22862736e-21,-3.82875834e-23,-2.11146983e-21,6.67943273e-25,1.00840675e-21
0.016171875,-0.162400576,29.7771075,-1031.27247,551.992571,0.630828981,1.20766434e-05,2.35736702e-10,1.02461741e-06,0.215582823,3.01191418e-06,0.0165908776,3.27980781e-06,2.50324801e-06,4.20937035e-26,-3.06010285e-29,8.16648641e-25,7.03555299e-26,7.07405622e-21,3.18768459e-18,0.00011851323,0.00577735016,1.035478e-15,2.94289844e-15,2.17371637e-24,1.85841456e-21,2.67845089e-19,4.28652473e-28,-2.51949577e-21,1.92743013e-28,3.31497315e-22,-1.63155587e-24,-2.02020521e-25,4.5983575e-25,2.25494459e-20,-4.94597158e-21,9.34525018e-17,1.16747499e-14,2.37744936e-14,2.57831398e-13,2.15218341e-16,1.13720982e-05,6.73907483e-06,8.19252348e-08,3.10036352e-10,1.29307867e-20,9.43029779e-11,5.22882168e-15,-2.25158825e-30,1.0766013e-13,5.12516048e-13,5.68962377e-11,7.26758069e-14,0.761890346,-1.16512528e-21,-3.28395245e-23,-2.02098754e-21,5.74937202e-25,1.20650348e-21
0.0161953125,-0.15924103,29.5741971,-1031.27247,536.858682,0.648934842,1.18017192e-05,1.71471535e-10,8.88153596e-07,0.216730507,2.67203486e-06,0.0156712059,2.8554222e-06,2.35090744e-06,6.70424496e-29,2.55407564e-29,-1.70482694e-24,5.13098552e-26,5.76342326e-21,2.99036976e-18,0.000110620093,0.00531244791,7.09566878e-16,2.58171036e-15,1.49363063e-24,1.49882092e-21,2.47061986e-19,-6.02572089e-30,-2.31683426e-21,1.95940857e-28,4.32289971e-22,-1.44905162e-24,-1.79655126e-25,3.55767132e-25,2.03651796e-20,-4.43832106e-21,7.00316297e-17,8.3684117e-15,2.18019485e-14,2.42361647e-13,1.31330183e-16,1.05357285e-05,6.37475573e-06,7.52729535e-08,2.75459913e-10,7.3391086e-21,8.68966131e-11,4.9414793e-15,6.66551741e-30,9.89504543e-14,4.71056241e-13,5.22901873e-11,5.77038362e-14,0.762137664,-1.13544024e-21,-3.04381623e-23,-2.05783932e-21,3.98357902e-25,1.38773419e-21
0.01621875,-0.156197266,29.3756092,-1031.27247,522.257663,0.667401941,1.15273012e-05,1.25392397e-10,7.71023215e-07,0.217827826,2.37475445e-06,0.0147787043,2.48503745e-06,2.20426539e-06,1.68811811e-26,8.23850038e-32,4.37829474e-25,3.76117762e-26,4.68490179e-21,2.80098886e-18,0.000103087001,0.00487475624,4.87609524e-16,2.26659529e-15,1.0467932e-24,1.20313955e-21,2.27308539e-19,-1.68418161e-28,-2.12632769e-21,1.88052975e-28,5.29231466e-22,-1.22062943e-24,-1.64226721e-25,2.76283132e-25,1.83632651e-20,-3.96482677e-21,5.26660058e-17,5.98432466e-15,2.00079261e-14,2.27499287e-13,8.02106603e-17,9.74898202e-06,6.00836997e-06,6.90153618e-08,2.44906848e-10,4.13390948e-21,7.98970444e-11,4.63982393e-15,2.3438459e-32,9.07549683e-14,4.32043206e-13,4.79568541e-11,4.56546364e-14,0.762380438,-1.05641878e-21,-2.62934161e-23,-1.82464999e-21,3.55658912e-25,1.20425179e-21
0.0162421875,-0.153274072,29.1815211,-1031.27247,508.198881,0.686190249,1.12534884e-05,9.20674981e-11,6.70327247e-07,0.218875018,2.11410772e-06,0.0139140585,2.16215401e-06,2.06337519e-06,-1.54333334e-26,-2.27039013e-32,3.39295286e-25,2.74670302e-26,3.80194341e-21,2.61948092e-18,9.5909902e-05,0.0044636532,3.35560284e-16,1.99110395e-15,7.47416124e-25,9.61990596e-22,2.08542546e-19,7.97001079e-31,-1.95765424e-21,1.34919936e-28,4.7993716e-22,-1.01830824e-24,-1.49903709e-25,2.14057638e-25,1.65299892e-20,-3.52438463e-21,3.97438458e-17,4.26888864e-15,1.83738784e-14,2.13234891e-13,4.89867916e-17,9.00961714e-06,5.64324509e-06,6.3143046e-08,2.17864591e-10,2.31193906e-21,7.32979536e-11,4.33118834e-15,2.50196615e-33,8.3061518e-14,3.95419412e-13,4.38895898e-11,3.6004624e-14,0.76261838,-9.81193991e-22,-2.25295694e-23,-1.61473221e-21,2.69021894e-25,1.0442826e-21
0.016265625,-0.150476007,28.9921013,-1031.27247,494.690461,0.705253358,1.09804044e-05,6.78349293e-11,5.83635163e-07,0.219872407,1.88506093e-06,0.0130779255,1.88096483e-06,1.92827071e-06,7.42129318e-27,8.44003805e-33,2.52097479e-25,2.00631633e-26,3.08347807e-21,2.44736304e-18,8.9084413e-05,0.00407847377,2.31105715e-16,1.74983384e-15,5.43281092e-25,7.66115981e-22,1.90838679e-19,2.96309562e-29,-1.79375045e-21,9.60115852e-29,4.34928432e-22,-8.45267094e-25,-1.36624678e-25,1.65792339e-25,1.48542886e-20,-3.18564498e-21,3.00887384e-17,3.03710075e-15,1.68835467e-14,1.99560808e-13,2.99124805e-17,8.31552358e-06,5.2823147e-06,5.76459742e-08,1.93896869e-10,1.28480729e-21,6.70922498e-11,4.02168108e-15,2.46161893e-32,7.58571719e-14,3.61123529e-13,4.00813805e-11,2.83122395e-14,0.762851195,-9.09727622e-22,-1.91856654e-23,-1.42606648e-21,1.95022363e-25,9.04860596e-22
0.0162890625,-0.147807351,28.8075069,-1031.27247,481.739105,0.724538534,1.0708195e-05,5.01385311e-11,5.08902166e-07,0.220820404,1.68335401e-06,0.012270923,1.63632568e-06,1.79896836e-06,4.76358845e-25,2.13121752e-30,1.87367171e-25,1.46573386e-26,2.49930411e-21,2.28293653e-18,8.26057499e-05,0.00371850917,1.59230436e-16,1.53823698e-15,4.01546917e-25,6.07836732e-22,1.74197494e-19,3.07804787e-31,-1.64069821e-21,6.84016039e-29,3.93800611e-22,-6.99443264e-25,-1.24339261e-25,1.28339627e-25,1.3323765e-20,-2.87237219e-21,2.28425765e-17,2.15374937e-15,1.55226267e-14,1.86470662e-13,1.82656323e-17,7.66470636e-06,4.92813788e-06,5.25134906e-08,1.72630903e-10,7.10164972e-22,6.12720273e-11,3.71625228e-15,1.04699672e-29,6.91282011e-14,3.29090361e-13,3.65248277e-11,2.22078973e-14,0.763078576,-8.41974456e-22,-1.62604717e-23,-1.25683169e-21,1.39758874e-25,7.83424134e-22
0.0163125,-0.145272041,28.6278819,-1031.27247,469.349938,0.743986948,1.04370262e-05,3.71349047e-11,4.44402401e-07,0.221719518,1.50537103e-06,0.011493619,1.42370082e-06,1.67546848e-06,1.82423419e-28,4.34248013e-27,1.39388622e-25,1.07127827e-26,2.02538247e-21,2.12620559e-18,7.64686563e-05,0.00338300675,1.09626916e-16,1.35246522e-15,3.01267478e-25,4.80554262e-22,1.58611484e-19,-8.63114407e-34,-1.49787037e-21,4.87951731e-29,3.56204172e-22,-5.7762875e-25,-1.12996467e-25,9.92569688e-26,1.19282685e-20,-2.58354528e-21,1.73792138e-17,1.51953943e-15,1.42784933e-14,1.73958899e-13,1.11480544e-17,7.05526993e-06,4.58291911e-06,4.77343164e-08,1.53746499e-10,3.90825934e-22,5.58285334e-11,3.41880402e-15,5.20137184e-27,6.28600736e-14,2.99250835e-13,3.32121386e-11,1.73845604e-14,0.763300216,-7.77881924e-22,-1.37309783e-23,-1.10537008e-21,9.97827866e-26,6.77750686e-22
0.016359375,-0.140607588,28.2835379,-1031.27247,446.246097,0.78315246,9.8986495e-06,2.07428549e-11,3.41402447e-07,0.223375604,1.21060202e-06,0.0100290356,1.080639e-06,1.44552895e-06,-4.50265004e-27,-4.40822741e-28,7.81549289e-26,5.79174803e-27,1.34182814e-21,1.83511312e-18,6.51828793e-05,0.00278101843,5.24627503e-17,1.04661914e-15,1.76778959e-25,2.99875705e-22,1.30480114e-19,-1.40182539e-33,-1.24083128e-21,2.49809138e-29,2.90425396e-22,-3.93596263e-25,-9.28974509e-26,5.94067027e-26,9.50151714e-21,-2.07373559e-21,1.03708019e-17,7.70053693e-16,1.21040092e-14,1.5063635e-13,4.20586725e-18,5.95269415e-06,3.92442868e-06,3.91711437e-08,1.22150015e-10,1.17522253e-22,4.60146568e-11,2.85618697e-15,-1.28450975e-27,5.16226856e-14,2.45754676e-13,2.72738494e-11,1.07209448e-14,0.763725266,-6.60282037e-22,-9.70948738e-24,-8.49070045e-22,5.14284994e-26,5.06387875e-22
0.01640625,-0.136488813,27.9594981,-1031.27247,425.333407,0.822288391,9.36670293e-06,1.17151053e-11,2.63762974e-07,0.224851425,9.77489979e-07,0.00868448575,8.20366801e-07,1.2376244e-06,9.28010721e-26,-5.33365137e-26,4.40043016e-26,3.14384288e-27,8.9174976e-22,1.57259421e-18,5.51422577e-05,0.00226323133,2.50838546e-17,8.07432126e-16,1.07552185e-25,1.84451924e-22,1.06157046e-19,-6.58635544e-30,-1.0185517e-21,1.28423081e-29,2.35133215e-22,-2.66010021e-25,-7.58247101e-26,3.52485707e-26,7.49035244e-21,-1.6449079e-21,6.27955148e-18,3.87253895e-16,1.02696159e-14,1.29492142e-13,1.59929747e-18,4.98973651e-06,3.31829662e-06,3.18194672e-08,9.69547009e-11,3.51075507e-23,3.75250243e-11,2.34983257e-15,-1.82284482e-27,4.19677625e-14,1.9979169e-13,2.21722755e-11,6.58100133e-15,0.76412471,-5.56015924e-22,-6.77900124e-24,-6.44253541e-22,2.64850307e-26,3.75743124e-22
0.016453125,-0.132929321,27.6562984,-1031.27247,406.586251,0.860809344,8.84294914e-06,6.71209913e-12,2.04975841e-07,0.226154317,7.92000101e-07,0.0074615409,6.23225313e-07,1.05127529e-06,5.06332367e-30,-2.18830248e-31,2.49681294e-26,1.71666059e-27,5.95918644e-22,1.33755811e-18,4.62880902e-05,0.00182287928,1.20246743e-17,6.20241743e-16,6.69863912e-26,1.11914101e-22,8.54050722e-20,-5.47824899e-26,-8.28000241e-22,6.63852582e-30,1.88850833e-22,-1.78083313e-25,-6.1428368e-26,9.15560229e-27,5.83976806e-21,-1.28885349e-21,3.86370814e-18,1.95403611e-16,8.71729821e-15,1.10477954e-13,6.18827711e-19,4.15422515e-06,2.77131177e-06,2.55793391e-08,7.68377539e-11,1.05363742e-23,3.02684825e-11,1.90594018e-15,2.0787136e-30,3.37660394e-14,1.60746664e-13,1.78388333e-11,4.03137842e-15,0.764496509,-4.64376261e-22,-4.67891561e-24,-4.82465273e-22,1.36958625e-26,2.76647697e-22
0.0164765625,-0.131365235,27.5128492,-1031.27247,398.020329,0.879623769,8.58471158e-06,5.09703162e-12,1.80938897e-07,0.226742704,7.13385684e-07,0.00689633212,5.43128114e-07,9.66120791e-07,3.3988067e-32,3.28436809e-34,1.8778515e-26,1.26734632e-27,4.86897966e-22,1.23027224e-18,4.22912659e-05,0.00162999631,8.31791e-18,5.42514363e-16,5.31347318e-26,8.63917324e-23,7.63033473e-20,-1.38119247e-29,-7.43757483e-22,4.78435515e-30,1.68732592e-22,-1.44932768e-25,-5.51487891e-26,-1.37155237e-24,5.13593637e-21,-1.1359974e-21,3.026999e-18,1.37391474e-16,8.03056425e-15,1.01760323e-13,3.87521347e-19,3.78105658e-06,2.52192563e-06,2.28503092e-08,6.83394919e-11,5.80427628e-24,2.70791031e-11,1.70849029e-15,8.66082601e-33,3.01767725e-14,1.43659622e-13,1.5942478e-11,3.1409306e-15,0.764671362,-4.2315408e-22,-3.87111655e-24,-4.15629421e-22,9.83140432e-27,2.36645139e-22
0.0165,-0.129948436,27.3749087,-1031.27247,389.991425,0.898012783,8.32927944e-06,3.88872617e-12,1.60020828e-07,0.227289727,6.43204254e-07,0.00636245159,4.73850226e-07,8.86287039e-07,2.74833256e-30,1.0108401e-30,1.41621235e-26,9.38481532e-28,3.98911114e-22,1.12975173e-18,3.85756759e-05,0.00145456284,5.76682443e-18,4.74286713e-16,4.22800927e-26,6.65731596e-23,6.802147e-20,-2.66795075e-33,-6.66787669e-22,3.45888554e-30,1.50512085e-22,-1.17816701e-25,-4.94495287e-26,-1.24761757e-24,4.50784017e-21,-9.99009278e-22,2.38093232e-18,9.67535509e-17,7.39910908e-15,9.35692274e-14,2.44717447e-19,3.43653674e-06,2.28899052e-06,2.03709308e-08,6.07809205e-11,3.22115009e-24,2.41723442e-11,1.52733983e-15,4.18235158e-30,2.69143054e-14,1.28128332e-13,1.42188164e-11,2.45210727e-15,0.764838444,-3.84930923e-22,-3.20149282e-24,-3.57339965e-22,7.08270504e-27,2.0227763e-22
0.016546875,-0.127542321,27.1147805,-1031.27247,375.466055,0.933289434,7.82783328e-06,2.30356615e-12,1.26122442e-07,0.228267677,5.24849376e-07,0.00538590706,3.62539258e-07,7.41740428e-07,1.52601287e-26,1.27374846e-26,8.19562116e-27,5.23908882e-28,2.72068513e-22,9.47941868e-19,3.1932268e-05,0.00115094899,2.80131061e-18,3.62051761e-16,2.6952891e-26,3.97762871e-23,5.36880515e-20,1.10694024e-31,-5.32664814e-22,1.82723602e-30,1.19140545e-22,-7.78209941e-26,-3.96006601e-26,6.29102849e-27,3.45042349e-21,-7.67072652e-22,1.51539501e-18,4.98860674e-17,6.28574125e-15,7.8697259e-14,1.00687378e-19,2.82648049e-06,1.87050398e-06,1.6086954e-08,4.81002118e-11,1.0194753e-24,1.91291238e-11,1.21055967e-15,9.81691149e-27,2.12733526e-14,1.01274012e-13,1.12385972e-11,1.52369566e-15,0.765149239,-3.16853763e-22,-2.19089224e-24,-2.62403027e-22,3.73433136e-27,1.47564568e-22
0.01659375,-0.1256766,26.8747376,-1031.27247,362.836593,0.966268789,7.34028789e-06,1.38610046e-12,1.00079927e-07,0.229105055,4.29411705e-07,0.00452477751,2.78291033e-07,6.15933234e-07,1.73817234e-30,3.05313133e-31,4.78003473e-27,2.9586955e-28,1.87605578e-22,7.89872701e-19,2.62404585e-05,0.00090197702,1.36951599e-18,2.74966929e-16,1.72038184e-26,2.35808659e-23,4.19439059e-20,1.44783629e-27,-4.21637603e-22,9.75917641e-31,9.35044663e-23,-5.07788921e-26,-3.15184175e-26,4.22582078e-27,2.61302778e-21,-5.82369529e-22,9.82762768e-19,2.61730776e-17,5.33832999e-15,6.57001878e-14,4.30068397e-20,2.3094104e-06,1.51208725e-06,1.25813894e-08,3.79893071e-11,3.35361338e-25,1.49830136e-11,9.48571506e-16,2.19535474e-30,1.66531451e-14,7.92790421e-14,8.79770611e-12,9.56149471e-16,0.765429352,-2.58840647e-22,-1.49001847e-24,-1.90388581e-22,2.07704922e-27,1.06947774e-22
0.016640625,-0.124327146,26.6538818,-1031.27247,351.965426,0.996562249,6.86836546e-06,8.47835121e-13,7.99473875e-08,0.229814654,3.5217482e-07,0.00377347908,2.14387212e-07,5.075666e-07,9.53166131e-27,-2.39060601e-34,2.81841962e-27,1.69244605e-28,1.30931305e-22,6.53659439e-19,2.14114623e-05,0.000700306511,6.7505484e-19,2.07721426e-16,1.09593161e-26,1.39033613e-23,3.24474852e-20,1.62638681e-30,-3.30825968e-22,5.27503405e-31,7.27649193e-23,-3.26807149e-26,-2.4948568e-26,2.46808439e-27,1.95833064e-21,-4.37333626e-22,6.49253928e-19,1.40777617e-17,4.53143322e-15,5.44558198e-14,1.91715541e-20,1.87480984e-06,1.20986563e-06,9.74796768e-09,2.99384071e-11,1.15591133e-25,1.16191108e-11,7.35314596e-16,6.81124188e-34,1.29152405e-14,6.148436e-14,6.82297038e-12,6.07358516e-16,0.765679032,-2.09904344e-22,-1.00780057e-24,-1.36530157e-22,3.76665949e-27,7.70192652e-23
0.0166875,-0.12346239,26.4510144,-1031.27247,342.698938,1.02391005,6.41359379e-06,5.27038729e-13,6.42760191e-08,0.230409828,2.89458726e-07,0.00312490057,1.65760108e-07,4.15191416e-07,-1.12085369e-29,3.08949353e-33,1.68125259e-27,9.81645127e-29,9.25612929e-23,5.37395506e-19,1.73539348e-05,0.00053891742,3.35764305e-19,1.560825e-16,7.27066586e-27,8.17153598e-24,2.48669704e-20,1.45803568e-26,-2.5745271e-22,2.88704638e-31,5.61611829e-23,-2.07232544e-26,-1.96601385e-26,1.43818349e-27,1.45302823e-21,-3.25010378e-22,4.36580654e-19,7.80224248e-18,3.84392906e-15,4.48255361e-14,8.94574746e-21,1.51259659e-06,9.58760599e-07,7.48548271e-09,2.35394867e-11,4.19778126e-26,8.92513636e-12,5.64279787e-16,6.0369298e-33,9.9275823e-15,4.72613009e-14,5.24460571e-12,3.91147446e-16,0.765899173,-1.69036331e-22,-6.78307695e-25,-9.6813721e-23,8.02741815e-26,5.5129964e-23
0.016734375,-0.123045069,26.2647035,-1031.27247,334.87429,1.04818831,5.97725475e-06,3.32755111e-13,5.19869082e-08,0.230904054,2.38374572e-07,0.00257074791,1.28610523e-07,3.37256071e-07,-1.23599003e-25,4.26907049e-30,1.0537638e-27,5.77900554e-29,6.63365151e-23,4.3906505e-19,1.39766269e-05,0.000411276687,1.68592415e-19,1.16666204e-16,9.71143227e-25,4.79758551e-24,1.88907981e-20,3.69141056e-31,-1.98860475e-22,1.60075408e-31,4.30080206e-23,-1.29401001e-26,-1.54422902e-26,8.34651729e-28,1.06795479e-21,-2.39182295e-22,2.98430457e-19,4.46655857e-18,3.25815333e-15,3.66590267e-14,4.37425949e-21,1.21322912e-06,7.53005731e-07,5.70011927e-09,1.84648788e-11,1.60487593e-26,6.79481274e-12,4.28999302e-16,1.3841272e-29,7.56757052e-15,3.60262172e-14,3.9978324e-12,2.55585334e-16,0.76609124,-1.35237206e-22,-4.54539902e-25,-6.79270229e-23,2.4980182e-24,3.92371258e-23
0.01678125,-0.123034163,26.0933613,-1031.27247,328.326068,1.06940135,5.56035163e-06,2.13196619e-13,4.22763252e-08,0.231310515,1.96643843e-07,0.00210195202,1.00103692e-07,2.7216116e-07,-1.52622409e-25,1.06239873e-25,1.75518247e-27,3.45719156e-29,4.8246291e-23,3.56633369e-19,1.11909166e-05,0.000311464074,8.54673298e-20,8.67659896e-17,2.17623837e-25,2.81762787e-24,1.42353018e-20,2.85656587e-29,-1.52526401e-22,9.16867245e-32,3.26962191e-23,-7.95636824e-27,-1.21045311e-26,5.72700418e-28,7.7806146e-22,-1.74439843e-22,2.07030558e-19,2.64077049e-18,2.75923394e-15,2.97998886e-14,2.24017705e-21,9.67817376e-07,5.86590776e-07,4.30717698e-09,1.44508104e-11,-3.63042698e-25,5.13056906e-12,3.23380434e-16,5.14786592e-26,5.72435389e-15,2.72513905e-14,3.02408245e-12,1.69441132e-16,0.766257147,-1.07544632e-22,-3.03407606e-25,-4.71950937e-23,8.25795766e-23,2.77798556e-23
0.016828125,-0.123386813,25.9353234,-1031.27247,322.892172,1.08766245,5.1635961e-06,1.3847043e-13,3.45448942e-08,0.231641743,1.62462568e-07,0.00170908914,7.81302706e-08,2.18314572e-07,5.83822811e-26,6.33837229e-26,3.91716833e-28,2.08491526e-29,3.53236064e-23,2.90149244e-19,8.91298062e-06,0.000234249487,4.37341023e-20,6.42332357e-17,1.99162247e-27,1.65706294e-24,1.06493887e-20,-9.98895624e-33,-1.16229534e-22,5.09037056e-32,2.46931471e-23,-4.8195878e-27,-9.49287672e-27,2.91185524e-28,5.61207055e-22,-1.26197652e-22,1.45492228e-19,1.60874825e-18,2.33457589e-15,2.40913089e-14,1.19920768e-21,7.68217746e-07,4.53615803e-07,3.23209152e-09,1.12846451e-11,2.77777118e-27,3.84537123e-12,2.41913955e-16,4.40003004e-26,4.30020744e-15,2.04715913e-14,2.27172531e-12,1.13900448e-16,0.766399123,-8.50564273e-23,-2.01852122e-25,-3.25040787e-23,-3.28112264e-25,1.95768532e-23
0.016875,-0.124060041,25.7889213,-1031.27247,318.418555,1.10316797,4.78741289e-06,9.10689339e-14,2.83445889e-08,0.231909331,1.34397676e-07,0.00138276856,6.11213135e-08,1.74181029e-07,-7.57433027e-26,-3.96369356e-31,1.27086018e-28,1.26932134e-29,2.60713184e-23,2.34668904e-19,7.06545226e-06,0.00017512176,2.25814831e-20,4.73631855e-17,1.02193875e-24,9.77406387e-25,7.91672762e-21,5.55064066e-35,-8.80690074e-23,2.81798616e-32,1.85415973e-23,-2.87930943e-27,-7.43404706e-27,1.60692331e-28,4.00820396e-22,-9.06634207e-23,1.03383666e-19,1.005753e-18,1.97346063e-15,1.93811829e-14,6.69121142e-22,6.07098594e-07,3.48548604e-07,2.41076266e-09,8.79490744e-12,-2.30102484e-25,2.86363553e-12,1.79782329e-16,8.07321733e-30,3.21100369e-15,1.52863219e-14,1.6963155e-12,7.7550404e-17,0.766519569,-6.69473726e-23,-1.33940866e-25,-2.22186561e-23,-8.52787736e-23,1.3742684e-23
0.016921875,-0.125012179,25.652544,-1031.27247,314.762657,1.11616954,4.43195865e-06,6.05818276e-14,2.3339175e-08,0.232123754,1.11306895e-07,0.00111395548,4.7907334e-08,1.3832184e-07,-1.38660879e-25,-1.09112329e-29,4.9660231e-25,7.86655807e-30,1.94624371e-23,1.88487793e-19,5.57850209e-06,0.000130275133,1.17617979e-20,3.48098991e-17,-7.47519361e-29,5.78596861e-25,5.85515547e-21,-3.73560128e-40,-6.64189643e-23,1.54887754e-32,1.38563321e-23,-1.69935045e-27,-5.82104096e-27,9.236812e-29,2.8500766e-22,-6.47716522e-23,7.41513552e-20,6.43978967e-19,1.66673178e-15,1.55262358e-14,3.87671777e-22,4.77970358e-07,2.66389464e-07,1.7892861e-09,6.84339822e-12,5.62361123e-28,2.12131559e-12,1.32890849e-16,7.01670785e-30,2.38590009e-15,1.13583291e-14,1.26042675e-12,5.34228287e-17,0.766620937,-5.24793735e-23,-8.87432127e-26,-1.5099116e-23,-1.60532129e-22,9.61986649e-24
0.01696875,-0.126203942,25.5246838,-1031.27247,311.795531,1.12694814,4.09715054e-06,4.07226878e-14,1.92748341e-08,0.232294272,9.2276395e-08,0.000894212785,3.76126175e-08,1.09422886e-07,-1.94047827e-26,9.14559863e-27,1.22744126e-24,4.87396813e-30,1.47132879e-23,1.51030732e-19,4.39036405e-06,9.6563438e-05,6.17938344e-21,2.55317625e-17,3.89299526e-28,3.44088196e-25,4.31416389e-21,-5.51722253e-40,-4.9915545e-23,9.85422862e-33,1.03185376e-23,-9.93167793e-28,-4.56581178e-27,5.2384471e-29,2.02603232e-22,-4.60958483e-23,5.36023612e-20,4.19503852e-19,1.40654525e-15,1.23949459e-14,2.32321148e-22,3.75180693e-07,2.02755744e-07,1.32323693e-09,5.31889872e-12,2.91289345e-28,1.56533888e-12,9.78436104e-17,4.70369259e-26,1.76643361e-15,8.4092936e-15,9.33173293e-13,3.7195565e-17,0.766705626,-4.10054654e-23,-5.8805562e-26,-1.02233765e-23,-2.68896677e-24,6.72453134e-24
0.017015625,-0.12759916,25.4039677,-1031.27247,309.402832,1.13579251,3.78270035e-06,2.7636415e-14,1.59584816e-08,0.232428915,7.65720804e-08,0.00071585925,2.95770841e-08,8.63107785e-08,5.69977945e-26,5.45062268e-30,2.11578579e-25,3.11244151e-30,1.12337048e-23,1.20781774e-19,3.44738428e-06,7.14332131e-05,3.27372165e-21,1.87140508e-17,-1.36963093e-26,2.0608064e-25,3.17230473e-21,-2.81754304e-40,-3.74352502e-23,5.81968013e-33,7.66879103e-24,-5.76513063e-28,-3.5766455e-27,3.10433969e-29,1.43874485e-22,-3.27516578e-23,3.90067503e-20,2.77311944e-19,1.18616801e-15,9.86927778e-15,1.43513491e-22,2.93879756e-07,1.53903339e-07,9.76666975e-10,4.13209409e-12,1.49796708e-28,1.15260127e-12,7.18839767e-17,-1.29926209e-29,1.3052335e-15,6.2137018e-15,6.89529558e-13,2.61613085e-17,0.766775906,-3.19687241e-23,-3.90723321e-26,-6.91759694e-24,-4.86343043e-26,4.70355316e-24
0.0170625,-0.129165194,25.2891736,-1031.27247,307.484891,1.14298292,3.48815039e-06,1.89206142e-14,1.32418612e-08,0.232534525,6.36015455e-08,0.000572052305,2.329919e-08,6.79585969e-08,5.99638292e-26,6.0469195e-30,-4.02045866e-25,1.94503498e-30,8.54197585e-24,9.62660353e-20,2.70370133e-06,5.28461422e-05,1.74934656e-21,1.37346093e-17,1.50647386e-28,1.23316998e-25,2.33296837e-21,-1.49899796e-40,-2.80675617e-23,3.46341854e-33,5.69926165e-24,-3.33285444e-28,-2.8413905e-27,1.81853537e-29,1.02309894e-22,-2.33008124e-23,2.85535813e-20,1.85152695e-19,9.99813884e-16,7.84536724e-15,9.1006328e-23,2.29963136e-07,1.1670309e-07,7.20963785e-10,3.21145053e-12,7.92990123e-29,8.48719077e-13,5.28159433e-17,-1.5171999e-25,9.64545684e-16,4.59182147e-15,5.09550497e-13,1.85912355e-17,0.766833869,-2.48973914e-23,-2.6131094e-26,-4.69726758e-24,-5.8317288e-28,3.30130264e-24
0.01715625,-0.132681801,25.0725321,-1031.27247,304.710162,1.15354884,2.95538835e-06,9.06476225e-15,9.16442081e-09,0.232682758,4.39565588e-08,0.000362508103,1.44662453e-08,4.17590543e-08,-5.23209192e-27,1.1547237e-32,-3.95281978e-25,7.72043991e-31,5.06501606e-24,6.06794052e-20,1.65178388e-06,2.87647382e-05,5.08661709e-22,7.38812644e-18,5.689522e-29,4.59694554e-26,1.25496164e-21,-4.58395869e-41,-1.56851761e-23,1.24605298e-33,3.13047125e-24,-1.13778734e-28,-1.82309683e-27,6.1788796e-30,5.15521483e-23,-1.17486643e-23,1.57562133e-20,8.55781784e-20,7.08528846e-16,4.92080224e-15,3.88984023e-23,1.39926686e-07,6.6586943e-08,3.90764791e-10,1.93655875e-12,2.37243039e-29,4.57589934e-13,2.83521306e-17,-1.0252695e-30,5.23890716e-16,2.49403699e-15,2.7676095e-13,9.65769069e-18,0.766921045,-1.49993116e-23,-1.18250301e-26,-2.16546555e-24,-1.31429657e-30,1.63255168e-24
0.017203125,-0.1345855,24.9691951,-1031.27247,303.71915,1.15737057,2.71569262e-06,6.30245263e-15,7.61680925e-09,0.232734063,3.64810926e-08,0.000287175742,1.13625852e-08,3.25601397e-08,-1.2215565e-25,2.86232549e-32,-2.40995679e-25,4.99585684e-31,3.90698854e-24,4.79497712e-20,1.28470588e-06,2.10890896e-05,2.74429398e-22,5.38683029e-18,3.44955625e-29,2.73911249e-26,9.14461896e-22,-2.58145708e-41,-1.16557588e-23,7.47386167e-34,2.30586098e-24,-6.37871625e-29,-1.4770084e-27,3.58585009e-30,3.63249053e-23,-8.2807424e-24,1.16550731e-20,5.7871954e-20,5.94945614e-16,3.87813369e-15,2.59865552e-23,1.08616657e-07,4.99968537e-08,2.85871342e-10,1.49770116e-12,1.30707412e-29,3.3380804e-13,2.06363237e-17,1.48149625e-32,3.83676353e-16,1.82653172e-15,2.02688454e-13,6.94766434e-18,0.766953424,-1.15815309e-23,-7.89176306e-27,-1.45729093e-24,1.23099751e-30,1.1403323e-24
0.017296875,-0.138605182,24.7696106,-1031.27247,302.314081,1.162834,2.28588568e-06,3.09768879e-15,5.27334227e-09,0.232804496,2.51481351e-08,0.0001797485,7.01296066e-09,1.97439652e-08,7.53883919e-27,-1.0566259e-32,2.70263044e-25,2.33496635e-31,2.37214198e-24,2.98769158e-20,7.76423814e-07,1.13968936e-05,8.12870208e-23,2.88776894e-18,1.27514212e-29,1.02499475e-26,4.88545794e-22,-8.6598889e-42,-6.45935249e-24,2.73375243e-34,1.25709791e-24,-2.11162665e-29,-1.00148439e-27,1.22767678e-30,1.82464522e-23,-4.160853e-24,6.52602593e-21,2.71967635e-20,4.18634733e-16,2.40351217e-15,1.20553174e-23,6.54107838e-08,2.82318483e-08,1.53868894e-10,8.97900528e-13,4.40404337e-30,1.78688653e-13,1.10006075e-17,-4.14101377e-33,2.06927262e-16,9.85099038e-16,1.09315444e-13,3.67785371e-18,0.767001145,-6.89994945e-24,-3.61608235e-27,-6.73907524e-25,4.57413983e-31,5.65785887e-25
0.017390625,-0.142807269,24.576285,-1031.27247,301.418746,1.16634386,1.91557222e-06,1.52882568e-15,3.62893211e-09,0.23284761,1.72125256e-08,0.000110841087,4.26488394e-09,1.17710503e-08,-3.65402694e-26,-3.44191274e-32,-5.23636046e-27,8.88009864e-32,1.44757612e-24,1.83425267e-20,4.619107e-07,6.04088625e-06,2.38380545e-23,1.52037298e-18,4.58233484e-30,3.7560273e-27,2.55880515e-22,-2.96568798e-42,-3.51345647e-24,9.8361351e-35,6.72394034e-25,-6.70506176e-30,-7.01214114e-28,4.095141e-31,8.97060725e-24,-2.04596406e-24,3.64867011e-21,1.26918164e-20,2.92067573e-16,1.46718219e-15,5.7338639e-24,3.87780806e-08,1.5647589e-08,8.12211167e-11,5.30933711e-13,1.44873276e-30,9.37746772e-14,5.74819053e-18,2.34281081e-31,1.09454598e-16,5.21070147e-16,5.78226135e-14,1.92698096e-18,0.767033039,-4.04323582e-24,-1.62472644e-27,-3.04365357e-25,1.62277421e-31,2.75408734e-25
0.017484375,-0.147122131,24.3870411,-1031.27247,300.856029,1.16856202,1.59837737e-06,7.55317942e-16,2.47765037e-09,0.23287361,1.16801229e-08,6.72658866e-05,2.5490429e-09,6.89068374e-09,-2.19478256e-26,-3.82106093e-27,1.43499039e-26,3.80331597e-32,8.88457223e-25,1.1082596e-20,2.70093434e-07,3.13107067e-06,6.81107651e-24,7.83393011e-19,1.59411507e-30,1.33496346e-27,1.30974461e-22,-1.01649698e-42,-1.87085683e-24,3.4546615e-35,3.51837651e-25,-2.04246272e-30,-5.04165874e-28,2.43041112e-32,4.29836254e-24,-9.80406911e-25,2.02875688e-21,5.88469783e-21,2.01874129e-16,8.81091385e-16,2.76518843e-24,2.25943434e-08,8.49394815e-09,4.19168962e-11,3.08964078e-13,4.88486227e-31,4.80963796e-14,2.93493805e-18,6.47177187e-27,5.66098131e-17,2.6949698e-16,2.99057958e-14,9.92525644e-19,0.76705407,-2.32662108e-24,-7.10825195e-28,-1.3348381e-25,5.62711192e-32,1.30856506e-25
0.017578125,-0.151500773,24.2003979,-1031.27247,300.506928,1.16994357,1.32814539e-06,3.72524677e-16,1.67526432e-09,0.23288907,7.84530841e-09,4.00728812e-05,1.49179465e-09,3.94782149e-09,-5.75650792e-27,-1.55121444e-32,-3.00909723e-27,1.55719353e-32,5.65924148e-25,6.57234672e-21,1.54691739e-07,1.57531081e-06,1.94652101e-24,3.91936082e-19,5.31924623e-31,4.77829063e-28,6.50009245e-23,-3.42224853e-43,-9.69098411e-25,1.17159225e-35,1.78849924e-25,-5.91806976e-31,-3.64530368e-28,4.11421116e-32,1.98539227e-24,-4.52842043e-25,1.116019e-21,2.66065822e-21,1.38094771e-16,5.19103011e-16,1.34386157e-24,1.28924666e-08,4.49084024e-09,2.09911885e-11,1.76239347e-13,1.56876253e-31,2.39224732e-14,1.4526689e-18,-7.57779502e-31,2.84154869e-17,1.35274919e-16,1.50113137e-14,4.97691046e-19,0.767067766,-1.30975034e-24,-2.9769104e-28,-5.59305425e-26,1.88604488e-32,5.99707727e-26
0.017625,-0.153703946,24.1077633,-1031.27247,300.388506,1.1704134,1.20907702e-06,2.61908938e-16,1.37407922e-09,0.232894129,6.41301031e-09,3.08040586e-05,1.13627424e-09,2.97453314e-09,3.09177704e-27,3.78476613e-35,4.33751418e-27,1.01299784e-32,4.28343194e-25,5.04061871e-21,1.16552173e-07,1.11068016e-06,1.03169056e-24,2.75568265e-19,3.04516874e-31,2.74364777e-28,4.55077192e-23,-1.979819e-43,-6.93572109e-25,6.772532e-36,1.26768844e-25,-3.03324954e-31,-3.0512525e-28,2.2413508e-32,1.33933792e-24,-3.05480665e-25,8.22299944e-22,1.77322611e-21,1.13913512e-16,3.9678665e-16,9.40105999e-25,9.69546237e-09,3.24785206e-09,1.47644756e-11,1.32536424e-13,8.91516045e-32,1.6767087e-14,1.01560075e-18,-1.13840602e-34,2.00105327e-17,9.52622495e-17,1.05711499e-14,3.50448974e-19,0.767072606,-9.78145683e-25,-1.90859318e-28,-3.58607006e-26,1.08313655e-32,4.02985917e-26
0.01771875,-0.158122212,23.923397,-1031.27247,300.228644,1.17104903,9.99649436e-07,1.30658728e-16,9.23408582e-10,0.232900713,4.28090595e-09,1.82325724e-05,6.5969866e-10,1.69389387e-09,5.61949209e-26,-1.18439585e-31,1.42145404e-27,3.77685019e-33,2.48303895e-25,2.97057002e-21,6.64054308e-08,5.59194924e-07,2.93698318e-25,1.38089749e-19,1.01082271e-31,9.4758927e-29,2.26185636e-23,-6.73655732e-44,-3.58928014e-25,2.29129667e-36,6.44475248e-26,-8.81724183e-32,-2.07570488e-28,6.86958845e-33,6.226061e-25,-1.41998276e-25,4.52888722e-22,7.43957372e-22,7.7375169e-17,2.32334137e-16,4.65832176e-25,5.50437905e-09,1.71342194e-09,7.40096735e-12,7.52809852e-14,3.51023666e-32,8.35075292e-15,5.03495087e-19,5.32059782e-32,1.00527308e-17,4.78570843e-17,5.31064923e-15,1.76235287e-19,0.767079414,-5.48043377e-25,-8.12067639e-29,-1.5244704e-26,3.63659283e-33,1.86156598e-26
0.0178125,-0.1625381,23.7397576,-1031.27247,300.132416,1.17143277,8.23412293e-07,6.50290355e-17,6.14592779e-10,0.232904504,2.82957589e-09,1.0621842e-05,3.75894141e-10,9.47336205e-10,3.08693366e-26,-1.28789504e-26,-1.17469611e-27,1.44540768e-33,1.40661302e-25,1.72280883e-21,3.71752701e-08,2.75020965e-07,-1.92239213e-25,6.75981949e-20,3.24292438e-32,3.33085323e-29,1.09750693e-23,-2.23333111e-44,-1.81683114e-25,7.51085597e-37,3.20206191e-26,-2.46176038e-32,-1.321261e-28,-6.2976934e-32,2.81683149e-25,-6.4238707e-26,2.46971367e-22,3.51817921e-22,5.20551218e-17,1.33835627e-16,2.30903283e-25,3.07009151e-09,8.84868043e-10,3.62325166e-12,4.20251496e-14,8.93034681e-33,4.06061484e-15,2.43653085e-19,4.7000489e-27,4.93280385e-18,2.34831326e-17,2.60589793e-15,8.66317764e-20,0.76708373,-3.01469454e-25,-3.35209005e-29,-6.2826206e-27,1.1835086e-33,8.37104619e-27
0.01790625,-0.166939902,23.556554,-1031.27247,300.075148,1.17166195,6.75788715e-07,3.22316547e-17,4.04619368e-10,0.232906661,1.84944117e-09,6.0664126e-06,2.09212498e-10,5.1755081e-10,4.42618247e-27,4.59956436e-32,4.35531388e-29,6.85824373e-34,1.02401135e-25,9.79212374e-22,2.03393654e-08,1.30605834e-07,2.22787967e-26,3.19435032e-20,9.91806872e-33,1.11394396e-29,5.13434843e-24,-7.11637316e-45,-8.90604367e-26,2.35513325e-37,1.5378158e-26,-6.51495538e-33,-7.59129093e-29,5.99498186e-34,1.21929899e-25,-2.78037222e-26,1.32623724e-22,1.55074872e-22,3.46522931e-17,7.55164712e-17,1.14170211e-25,1.67301358e-09,4.43379373e-10,1.71196852e-12,2.29287731e-14,3.16959485e-33,1.90427534e-15,1.13657743e-19,6.48899981e-31,2.33665781e-18,1.11239058e-17,1.23440783e-15,4.1134624e-20,0.767086441,-1.61832105e-25,-1.30972893e-29,-2.44900087e-27,3.68659891e-34,3.60021374e-27
0.017953125,-0.169133221,23.4650618,-1031.27247,300.056363,1.17173739,6.11571537e-07,2.27060473e-17,3.27524673e-10,0.232907342,1.49156981e-09,4.56489617e-06,1.55329682e-10,3.80575828e-10,-4.81831173e-26,-2.82501435e-36,-4.17968094e-28,3.89154351e-34,7.68285384e-26,7.35016255e-22,1.49685763e-08,8.92461224e-08,1.15640899e-26,2.17712041e-20,5.42290715e-33,6.11106656e-30,3.48067032e-24,-3.98079367e-45,-6.18843713e-26,1.30516444e-37,1.05708351e-26,-3.15311911e-33,-5.86264806e-29,3.01616206e-34,7.93061921e-26,-1.80832344e-26,9.64013323e-23,1.06164558e-22,2.82073075e-17,5.6470396e-17,8.03648914e-26,1.22868942e-09,3.11657098e-10,1.16669916e-12,1.6850481e-14,8.56039816e-34,1.29260331e-15,7.69324702e-20,4.816025e-35,1.59456583e-18,7.59109871e-18,8.42376038e-16,2.81073628e-20,0.767087374,-1.17927032e-25,-8.06057104e-30,-1.50521035e-27,2.0338896e-34,2.33367841e-27
0.018046875,-0.173501307,23.2822157,-1031.27247,300.031829,1.17183637,5.00028419e-07,1.13682965e-17,2.14687415e-10,0.232908198,9.70731217e-10,2.59426094e-06,8.58896455e-11,2.06797459e-10,3.72094726e-27,-2.01251248e-37,4.64015565e-29,1.52094863e-34,4.34533104e-26,4.15709228e-22,8.14830908e-09,4.21346693e-08,3.15904705e-27,1.02286342e-20,1.64140215e-33,1.93854152e-30,1.61858066e-24,-1.25982145e-45,-3.01653071e-26,4.05416197e-38,5.04749874e-27,-8.31837413e-34,-3.4489003e-29,8.36735351e-35,3.40987572e-26,-7.77430651e-27,5.15161986e-23,4.42740038e-23,1.86924378e-17,3.17051709e-17,4.01947655e-26,6.6617911e-10,1.55299495e-10,5.48015206e-13,9.14892039e-15,4.92616721e-34,6.02571254e-16,3.56716162e-20,-4.55786181e-37,7.50911775e-19,3.57479466e-18,3.96691109e-16,1.32708154e-20,0.767088655,-6.2981495e-26,-3.12555092e-30,-5.82077753e-28,6.29292159e-35,9.97124265e-28
0.01809375,-0.17567493,23.1908378,-1031.27247,300.02389,1.17186859,4.5175708e-07,8.05995692e-18,1.73670571e-10,0.232908466,7.82472658e-10,1.95341336e-06,6.37880319e-11,1.52218058e-10,1.91680498e-26,6.03605377e-36,7.06675844e-29,9.02259801e-35,3.26453808e-26,3.12260105e-22,6.00342605e-09,2.88673684e-08,1.65205023e-27,6.9903546e-21,8.99439979e-34,1.05505582e-30,1.10029723e-24,-7.06695717e-46,-2.10090155e-26,2.25165385e-38,3.47835269e-27,-4.04637762e-34,-2.64875415e-29,4.3790955e-35,2.22563419e-26,-5.07403021e-27,3.74311189e-23,3.03123817e-23,1.52037288e-17,2.37273373e-17,2.84879286e-26,4.89826763e-10,1.09386623e-10,3.74471372e-13,6.73189532e-15,3.93103073e-34,4.10145061e-16,2.42130591e-20,3.13233346e-36,5.13792957e-19,2.44596553e-18,2.71426158e-16,9.09255087e-21,0.767089093,-4.59563442e-26,-1.93214142e-30,-3.59302574e-28,3.48277566e-35,6.48710145e-28
0.0181875,-0.179999732,23.0081383,-1031.27247,300.013659,1.17191045,3.68340019e-07,4.10467138e-18,1.14233183e-10,0.232908797,5.11224573e-10,1.12347497e-06,3.57397361e-11,8.39691832e-11,-5.59371187e-27,3.28389235e-36,-1.4010483e-29,3.54853914e-35,1.8705581e-26,1.7879201e-22,3.31786333e-09,1.40042789e-08,4.66257636e-28,3.37643743e-21,2.81206766e-34,3.40821273e-31,5.26483703e-25,-2.30356926e-46,-1.0492631e-26,7.20936592e-39,1.70488729e-27,-1.11211848e-34,-1.56943303e-29,1.263226e-35,9.92170862e-27,-2.26175179e-27,2.01589495e-23,1.22768711e-23,1.01041089e-17,1.34935169e-17,1.45016999e-26,2.69711016e-10,5.57389453e-11,1.80825629e-13,3.71186698e-15,9.16966969e-35,1.9669414e-16,1.15555572e-20,1.35637097e-36,2.48679286e-19,1.18386396e-18,1.31372107e-16,4.4115502e-21,0.767089692,-2.49558689e-26,-7.85246055e-31,-1.4565303e-28,1.11291025e-35,2.87593523e-28
0.01828125,-0.184292873,22.8254811,-1031.27247,300.007827,1.17193464,2.99683157e-07,2.10181851e-18,7.51069391e-11,0.232908979,3.3391892e-10,6.47510121e-07,2.00658537e-11,4.64561407e-11,-6.00756313e-28,-1.30418739e-36,5.58897024e-30,1.38340448e-35,1.07447043e-26,1.02597418e-22,1.83912892e-09,6.83400988e-09,1.32740616e-28,1.64072403e-21,8.84390655e-35,1.09294792e-31,2.53481882e-25,-7.54955034e-47,-5.26800572e-27,2.3209996e-39,8.40390235e-28,-3.07200776e-35,-9.29676153e-30,3.66677251e-36,4.45715628e-27,-1.01596117e-27,1.08453066e-23,5.48147885e-24,6.71097312e-18,7.69168537e-18,7.423842e-27,1.48965384e-10,2.85388037e-11,8.78429356e-14,2.05295591e-15,1.59800321e-35,9.4910778e-17,5.54942832e-21,-2.03725944e-36,1.21080561e-19,5.76416774e-19,6.39643486e-17,2.1531006e-21,0.767090064,-1.35979024e-26,-3.22175395e-31,-5.96063191e-29,3.57590782e-36,1.2850361e-28
0.018375,-0.188553314,22.6428478,-1031.27247,300.004537,1.17194857,2.43412988e-07,1.08613864e-18,4.95566734e-11,0.232909078,2.18951116e-10,3.77303119e-07,1.14085269e-11,2.60597963e-11,2.79916184e-27,-4.13852883e-37,-3.53552165e-30,4.85789702e-36,6.24234927e-27,5.95409544e-23,1.03355589e-09,3.41719617e-09,3.86861321e-29,8.17266054e-22,2.86451137e-35,3.5261054e-32,1.25206272e-25,-2.53919154e-47,-2.70321089e-27,7.67944347e-40,4.2408093e-28,-8.67011969e-36,-5.57733958e-30,1.10308676e-36,2.06802967e-27,-4.71348026e-28,5.86400413e-24,2.5733215e-24,4.47104028e-18,4.43618109e-18,3.83582423e-27,8.34367397e-11,1.49087618e-11,4.37435256e-14,1.1513698e-15,-8.84156232e-36,4.69752948e-17,2.73481392e-21,-6.72612692e-37,6.04196951e-20,2.87634329e-19,3.19184718e-17,1.07674855e-21,0.767090296,-7.52160135e-27,-1.37816483e-31,-2.54388423e-29,1.18167938e-36,5.93366669e-29
0.0185625,-0.19697372,22.2776132,-1031.27247,300.001525,1.17196182,1.59292211e-07,2.90002493e-19,2.14075472e-11,0.232909167,9.34423675e-11,1.28112031e-07,3.67414262e-12,8.23081403e-12,-6.03521095e-27,-9.84840018e-39,-4.72408969e-31,4.14234257e-37,2.10867106e-27,2.00611994e-23,3.27675198e-10,8.72968668e-10,3.30418898e-30,2.07352351e-22,3.05505891e-36,4.27240898e-33,3.12844734e-26,-2.90071154e-48,-7.23882312e-28,8.51295248e-41,1.10150894e-28,-8.97989562e-37,-1.87331947e-30,1.02819518e-37,4.62212352e-28,-1.05334118e-28,1.81959567e-24,2.40832078e-25,1.96841608e-18,1.47717806e-18,1.02404914e-27,2.62867553e-11,4.12544223e-12,1.10919397e-14,3.63653059e-16,-9.55819458e-37,1.17806688e-17,6.8053165e-22,7.02000054e-38,1.53778457e-20,7.32078558e-20,8.12379706e-18,2.75136651e-22,0.767090545,-2.31475128e-27,-2.67605211e-32,-4.91952607e-30,1.31539963e-37,1.31515269e-29
0.01865625,-0.201133117,22.0950037,-1031.27247,300.000852,1.17196497,1.28204042e-07,1.46837901e-19,1.3805892e-11,0.232909186,5.98584631e-11,7.2010507e-08,2.00115567e-12,4.43159611e-12,-9.87154962e-27,1.93175834e-38,3.57436339e-30,2.79897245e-37,1.18174367e-27,1.12249594e-23,1.76830642e-10,4.12268785e-10,9.06576511e-31,9.74968673e-23,9.11283336e-37,1.23767742e-33,1.4566708e-26,-9.03956899e-49,-3.5220084e-28,2.60267247e-41,5.25714447e-29,-2.35630867e-37,-1.05814692e-30,2.800257e-38,2.00153888e-28,-4.56094525e-29,9.60534686e-25,1.60205096e-25,1.28284225e-18,8.20801538e-19,5.18493672e-28,1.41323118e-11,2.04878343e-12,5.21347849e-15,1.95804126e-16,-1.57103036e-36,5.49828309e-18,3.1603854e-22,2.69090733e-38,7.24520442e-21,3.44915597e-20,3.82749133e-18,1.29956354e-22,0.767090613,-1.22702282e-27,-1.05398305e-32,-1.93215641e-30,4.01275454e-38,5.66370704e-30
0.01875,-0.205258492,21.912397,-1031.27247,300.000487,1.17196681,1.03138278e-07,7.54118358e-20,8.99361169e-12,0.232909197,3.8752585e-11,4.13727984e-08,1.11777902e-12,2.44938549e-12,-7.76607863e-27,1.13868474e-38,-3.79668391e-30,-1.97473308e-38,6.77161207e-28,6.42272029e-24,9.79388668e-11,2.02762857e-10,2.5919089e-31,4.7763577e-23,2.86567656e-37,3.75400944e-34,7.07506089e-27,-2.95501723e-49,-1.77854364e-28,8.36493528e-42,2.60983285e-29,-6.69075339e-38,-6.1937512e-31,8.10844378e-39,9.1188552e-29,-2.07778175e-29,5.13006749e-25,9.72439365e-26,8.43861136e-19,4.66710252e-19,2.66280462e-28,7.80084382e-12,1.0535949e-12,2.5533564e-15,1.08228424e-16,-6.6817743e-37,2.67609884e-18,1.53144317e-22,-2.17736394e-38,3.55590527e-21,1.69282621e-20,1.87851107e-18,6.39241592e-23,0.767090658,-6.6880034e-28,-4.41789457e-33,-8.0788936e-31,1.29014153e-38,2.56784917e-30
0.0189375,-0.213406836,21.5471873,-1031.27247,300.000168,1.17196865,6.64867987e-08,2.04201955e-20,3.89389342e-12,0.232909208,1.65940052e-11,1.44061416e-08,3.70215758e-13,7.9974179e-13,6.63030485e-28,6.03598059e-39,3.55799707e-31,5.61116374e-38,2.34760169e-28,2.22107749e-24,3.20895748e-11,5.49824857e-11,2.33407736e-32,1.28736169e-23,3.26447395e-38,4.6023246e-35,1.88185682e-27,-3.57449887e-50,-5.02495609e-29,9.85496213e-43,7.18003529e-30,-7.92497693e-39,-2.1539092e-31,8.11297363e-40,2.20193676e-29,-5.01673283e-30,1.61623727e-25,2.59661714e-26,3.7180851e-19,1.59713677e-19,7.21076355e-29,2.5417831e-12,3.06313175e-13,6.87912364e-16,3.53438126e-17,-1.19568931e-37,7.14094032e-19,4.05897414e-23,3.15618903e-38,9.61133884e-22,4.57557923e-21,5.07747121e-19,1.73377416e-23,0.767090711,-2.13474585e-28,-9.4459529e-34,-1.72123272e-31,1.52906538e-39,6.15619363e-31
0.019125,-0.221418401,21.1819795,-1031.27247,300.000054,1.17196948,4.22119726e-08,5.20896675e-21,1.60696519e-12,0.232909213,6.76463945e-12,4.64870079e-09,1.12457492e-13,2.3969081e-13,7.37863172e-27,6.61011784e-40,-2.64917231e-32,-3.39697168e-39,7.53773147e-29,7.11097591e-25,9.65684311e-12,1.32874114e-11,1.82301232e-33,3.08937876e-24,3.14523159e-39,4.88277e-36,4.44652021e-28,-3.69449871e-51,-1.27387812e-29,9.87459429e-44,1.76466773e-30,-8.51689053e-40,-6.71155114e-32,6.6530521e-41,4.64642193e-30,-1.05849106e-30,4.81720383e-26,1.32378535e-28,1.56455135e-19,5.0523947e-20,1.8392603e-29,7.60035608e-13,8.02789629e-14,1.64993182e-16,1.05958261e-17,1.23395542e-37,1.69364901e-19,9.5511188e-24,4.34168805e-40,2.31400434e-22,1.10160617e-21,1.22244057e-19,4.19097362e-24,0.76709074,-6.23379928e-29,-1.72816995e-34,-3.13592483e-32,1.54285107e-40,1.28818061e-31
0.01921875,-0.225372859,20.9993759,-1031.27247,300.00003,1.17196971,3.35222041e-08,2.60283472e-21,1.02269136e-12,0.232909214,4.27737476e-12,2.59228381e-09,6.06649746e-14,1.28308028e-13,-1.61326865e-26,1.751654e-39,3.90620803e-32,1.61343805e-39,4.1918799e-29,3.94822187e-25,5.18113471e-12,6.29130009e-12,4.92901199e-34,1.45678162e-24,9.29409429e-40,1.31225293e-36,2.07776183e-28,-1.13763651e-51,-6.20145356e-30,2.98545569e-44,8.43777582e-31,-2.4626574e-40,-3.76105908e-32,1.77472552e-41,2.03003162e-30,-4.62427549e-31,2.5179843e-26,1.7495907e-27,1.00592995e-19,2.78676659e-20,9.18976349e-30,4.06328272e-13,3.98359759e-14,7.77764354e-17,5.67289632e-18,-7.06136732e-38,7.9315378e-20,4.45221216e-24,4.47529034e-39,1.09322362e-22,5.20440638e-22,5.77527407e-20,1.98461843e-24,0.76709075,-3.28890539e-29,-6.91887396e-35,-1.25223165e-32,4.65971313e-41,5.59968696e-32
0.01940625,-0.233179096,20.634169,-1031.27247,300.00001,1.17196998,2.11421485e-08,6.77961811e-22,4.30769995e-13,0.232909216,1.7818322e-12,8.76422037e-10,1.9417654e-14,4.06438851e-14,-1.61042248e-26,-1.3942922e-39,-2.29438193e-32,-1.00798228e-39,1.41103586e-29,1.32559998e-25,1.64714907e-12,1.65079379e-12,4.1926837e-35,3.79897037e-25,9.96476234e-41,1.48018938e-37,5.3459066e-29,-1.29603179e-52,-1.69658487e-30,3.3118309e-45,2.24679696e-31,-3.2768382e-41,-1.26391555e-32,1.62061801e-42,4.73332145e-31,-1.07812595e-31,7.74931649e-27,-3.04945938e-28,4.31248461e-20,9.25788209e-21,2.39405865e-30,1.28452927e-13,1.12192693e-14,2.02739648e-17,1.79746999e-18,-2.20226336e-38,2.04742654e-20,1.14140064e-24,-1.47829586e-41,2.8591409e-23,1.36112419e-22,1.51042496e-20,5.20861266e-25,0.767090762,-1.01836305e-29,-1.42487523e-35,-2.56948467e-33,5.21115515e-42,1.29616341e-32
0.01959375,-0.240848402,20.2689624,-1031.27247,300.000003,1.17197013,1.3191409e-08,1.79608254e-22,1.7822916e-13,0.232909217,7.28995029e-13,2.90226424e-10,6.07229854e-15,1.2601051e-14,1.39930998e-26,-5.14215346e-40,2.03339208e-33,2.68586207e-40,4.65197009e-30,4.35894577e-26,5.12545848e-13,4.23163287e-13,3.56611436e-36,9.67773967e-26,1.02496844e-41,1.56845705e-38,1.34348522e-29,-1.4169931e-53,-4.53615732e-31,3.52538326e-46,5.84548809e-32,-4.60694234e-42,-4.11897257e-33,1.3932137e-43,1.07709826e-31,-2.45314694e-32,2.35274526e-27,1.00205157e-28,1.81648279e-20,3.01181178e-21,6.34118213e-31,3.97444197e-14,3.08889903e-15,5.16257481e-18,5.57435951e-19,1.06050611e-38,5.16248053e-21,2.85807154e-25,-6.31581843e-40,7.30486165e-24,3.47755646e-23,3.85900726e-21,1.33545923e-25,0.76709077,-3.08558086e-30,-2.86115352e-36,-5.14066388e-34,5.5862363e-43,2.92793371e-33
0.01978125,-0.248380769,19.9037557,-1031.27247,300.000001,1.17197022,8.14465931e-09,3.99752462e-23,7.24777698e-14,0.232909217,2.93097944e-13,9.42070466e-11,1.85382124e-15,3.82682965e-15,5.71336267e-27,9.30002328e-43,-1.59697826e-33,-1.27237576e-40,1.50326625e-30,1.40488371e-26,1.56232721e-13,1.06068061e-13,2.46524318e-37,2.41059257e-26,1.01304233e-42,1.57990902e-39,3.30091414e-30,-1.49374671e-54,-1.1863494e-31,3.60655347e-47,1.48728395e-32,-7.41898401e-43,-1.30672278e-33,1.1213689e-44,2.39440511e-32,-5.45296386e-33,7.04936792e-28,1.08958705e-28,7.52199992e-21,9.60249653e-22,1.41196418e-31,1.20454429e-14,8.32096421e-16,1.28537975e-18,1.69337567e-19,6.09152121e-40,1.27265442e-21,6.99657161e-26,-6.49125092e-41,1.82489504e-24,8.68760541e-24,9.640543e-22,3.3481234e-26,0.767090775,-9.15605816e-31,-5.6076611e-37,-1.00382613e-34,5.75869214e-44,6.46094865e-34
0.01996875,-0.25577619,19.5385492,-1031.27247,300,1.17197027,4.97740279e-09,1.2111739e-23,2.89850132e-14,0.232909217,1.1587337e-13,2.99962927e-11,5.50453269e-16,1.13926757e-15,1.00373486e-26,9.79147153e-43,-9.04035864e-35,-7.79622291e-42,4.76486974e-31,4.44125896e-27,4.66855225e-14,2.60196381e-14,2.36348581e-38,5.87591785e-27,9.63543858e-44,1.52198452e-40,7.93612397e-31,-1.51858308e-55,-3.03732922e-32,3.55100345e-48,3.70389154e-33,-1.46444297e-43,-4.04727276e-34,8.35972628e-46,5.20471659e-33,-1.18522476e-33,2.0852045e-28,-4.01864154e-31,3.06392341e-21,3.00262021e-22,4.31553199e-32,3.57863006e-15,2.19500925e-16,3.13194395e-19,5.04276779e-20,1.00203923e-39,3.0700589e-22,1.67593977e-26,-1.28092196e-41,4.461619e-25,2.12400081e-24,2.35698104e-22,8.21510257e-27,0.767090778,-2.66290109e-31,-1.07380904e-37,-1.91510705e-35,5.71686648e-45,1.39402407e-34
0.02015625,-0.263034662,19.1733426,-1031.27247,300,1.1719703,3.01148419e-09,-1.0466481e-23,1.14057347e-14,0.232909218,4.50690387e-14,9.37540673e-12,1.55916878e-16,3.3272393e-16,-3.66390601e-27,-1.29717335e-41,-8.56344161e-35,-4.82086225e-42,1.48246354e-31,1.37810084e-27,1.36860915e-14,6.25197933e-15,-4.53350706e-39,1.40283897e-27,8.83223445e-45,1.37737697e-41,1.8686131e-31,-1.5914275e-56,-7.61677387e-33,3.3696429e-49,9.03587965e-34,-3.51895101e-44,-1.22662294e-34,5.65088596e-47,1.1072278e-33,-2.5212217e-34,6.09152488e-29,-4.49259548e-31,1.22828176e-21,9.21470952e-23,-3.78923106e-32,1.04297934e-15,5.67461258e-17,7.47437775e-20,1.47319009e-20,8.82304632e-42,7.25320857e-23,3.93148819e-27,5.78652248e-43,1.06840554e-25,5.08625735e-25,5.64416557e-23,1.97435332e-27,0.767090779,-7.59623086e-32,-2.01086344e-38,-3.5729673e-36,5.4725794e-46,2.94352415e-35
0.02034375,-0.270156185,18.8081361,-1031.27247,300,1.17197032,1.80423164e-09,1.10390139e-23,4.41853055e-15,0.232909218,1.72553318e-14,2.87830212e-12,4.05114819e-17,9.53927656e-17,4.27105913e-26,4.08172471e-43,1.08851017e-35,1.11877126e-42,4.53024235e-32,4.20002811e-28,3.93880261e-15,1.47256768e-15,1.45395936e-39,3.2837888e-28,7.81323451e-46,1.14039393e-42,4.31233733e-32,-1.54711664e-57,-1.87044949e-33,3.0856884e-50,2.1610722e-34,-9.56186347e-45,-3.64429184e-35,3.30431335e-48,2.30717811e-34,-5.2532405e-35,1.75806415e-29,2.7450552e-30,4.84854735e-22,2.77726711e-23,4.07352592e-32,2.98401616e-16,1.43880069e-17,1.74846839e-20,4.22497271e-21,1.74787684e-40,1.67959993e-23,9.03914389e-28,7.78359589e-43,2.50790615e-26,1.19391519e-25,1.32487497e-23,4.65134824e-28,0.76709078,-2.12688375e-32,-3.68580784e-39,-6.52456225e-37,5.05812931e-47,6.08769846e-36
0.02053125,-0.277140757,18.4429296,-1031.27247,300,1.17197033,1.07053482e-09,3.15042893e-24,1.68591045e-15,0.232909218,6.5060986e-15,8.68503282e-13,5.71898883e-18,2.68659118e-17,-1.72753979e-26,-1.14412577e-42,-1.82593414e-35,-1.02037483e-42,1.36059739e-32,1.25801736e-28,1.11356119e-15,3.40249384e-16,1.80614767e-40,7.5395164e-29,6.67915813e-47,7.42464039e-44,9.7614687e-33,-1.22287686e-58,-4.48201559e-34,2.72994218e-51,5.07078003e-35,-2.73691472e-45,-1.06289409e-35,1.46931784e-49,4.71274513e-35,-1.07298538e-35,5.01442727e-30,2.5680242e-31,1.88543367e-22,8.22579958e-24,1.17530847e-32,8.38639701e-17,3.58045432e-18,4.0122363e-21,1.19027131e-21,-2.16858043e-41,3.81504633e-24,2.03843448e-28,-1.04366285e-44,5.77486013e-27,2.74918312e-26,3.05073924e-24,1.0749735e-28,0.767090781,-5.84895664e-33,-6.61822474e-40,-1.16714473e-37,4.51900366e-48,1.23416246e-36
0.02071875,-0.283988378,18.077723,-1031.27247,300,1.17197034,6.29113829e-10,-3.09202039e-25,6.33780589e-16,0.232909218,2.41667712e-15,2.57703519e-13,-4.56093927e-18,7.4368279e-18,-1.63850376e-26,-3.08725277e-43,-4.80721913e-36,-1.78843402e-43,4.01823277e-33,3.70519904e-29,3.09442779e-16,7.71753541e-17,-4.31799401e-42,1.69992587e-29,5.52392824e-48,-8.67765639e-45,2.16883222e-33,-2.91702751e-59,-1.02903132e-34,2.33598725e-52,1.16809556e-35,-7.93056425e-46,-3.04645609e-36,2.80176948e-51,9.44354111e-36,-2.14995771e-36,1.41391174e-30,-1.50757161e-31,7.22493576e-23,2.3954865e-24,2.77554639e-33,2.31656493e-17,8.7503737e-19,9.03769554e-22,3.29587168e-22,-5.19201556e-42,8.50571023e-25,4.51196136e-29,-2.63763543e-43,1.30533592e-27,6.21418942e-27,6.89581989e-25,2.43880146e-29,0.767090781,-1.58071523e-33,-1.16506435e-40,-2.04687101e-38,3.90660716e-49,2.4544025e-37
0.02090625,-0.290699047,17.7125165,-1031.27247,300,1.17197034,3.66126044e-10,3.57781401e-25,2.34748042e-16,0.232909218,8.84359943e-16,7.52134723e-14,-7.40537864e-18,2.02402902e-18,-2.0742991e-26,3.8047039e-44,2.19088531e-36,8.48132801e-44,1.16721947e-33,1.07335368e-29,8.45528966e-17,1.71925114e-17,-1.19277081e-42,3.7653632e-30,4.42305614e-49,-6.1461589e-45,4.73230015e-34,5.96616853e-60,-2.06096233e-35,1.93453531e-53,2.64298633e-36,-2.28586824e-46,-8.5843168e-37,5.6571522e-53,1.85747476e-36,-4.22858028e-37,3.9421665e-31,5.38470332e-32,2.72821744e-23,6.86096842e-25,1.95307109e-33,6.29147296e-18,2.10116133e-19,1.999375e-22,8.97304476e-23,-1.68469582e-42,1.86236231e-25,9.80757361e-30,1.8211188e-43,2.89784481e-28,1.37954961e-27,1.53087154e-25,5.4341927e-30,0.767090782,-4.1997376e-34,-2.01210268e-41,-3.52161405e-39,3.27002538e-50,4.79109178e-38
0.02109375,-0.297272764,17.34731,-1031.27247,300,1.17197035,2.10926822e-10,-3.07822965e-23,8.55997619e-17,0.232909218,3.18556583e-16,2.1579226e-14,-8.22863371e-18,5.41342825e-19,-1.93647474e-26,2.20076303e-44,-7.33646556e-37,-3.92811409e-44,3.33290724e-34,3.05649552e-30,2.27134814e-17,3.76099678e-18,-2.23955857e-41,8.19065596e-31,3.42555924e-50,-1.4518304e-45,1.01389258e-34,-6.48454106e-60,-1.34363381e-36,1.54501026e-54,5.87269112e-37,-6.50366871e-47,-2.3752493e-37,1.98037506e-52,3.58628271e-37,-8.16383407e-38,1.08665367e-31,-4.70926539e-32,1.01431959e-23,1.93153975e-25,-1.07570745e-31,1.67913071e-18,4.95573076e-20,4.34335136e-23,2.40070317e-23,-2.58513402e-43,4.00401793e-26,2.09327248e-30,-7.67183443e-45,6.31721873e-29,3.00737867e-28,3.33725615e-26,1.18904125e-30,0.767090782,-1.0964376e-34,-3.40977859e-42,-5.94517495e-40,2.64589427e-51,9.18014477e-39
0.02128125,-0.303709529,16.9821035,-1031.27247,300,1.17197035,1.2017887e-10,1.99246357e-24,3.0630234e-17,0.232909218,1.12573446e-16,6.06373808e-15,-5.05703104e-18,1.41764096e-19,1.15735817e-26,3.18853331e-45,7.55123152e-39,2.68212637e-46,9.32064555e-35,8.52420525e-31,5.98254294e-18,8.05249823e-19,3.08038516e-43,1.74628718e-31,2.55171998e-51,-4.42912026e-46,2.12602659e-35,3.32069566e-60,3.09001724e-36,1.19929117e-55,1.2771735e-37,-1.81465254e-47,-6.41468135e-38,1.03900627e-52,6.77657397e-38,-1.5425497e-38,2.9557676e-32,-1.10583837e-33,3.70093077e-24,5.32535896e-26,1.01600104e-32,4.38787211e-19,1.1440908e-20,9.23462262e-24,6.28895329e-24,1.45255238e-43,8.425312e-27,4.3726624e-31,-5.57181418e-45,1.34784348e-29,6.41655118e-29,7.12037869e-27,2.54637829e-31,0.767090782,-2.80259545e-35,-5.65545898e-43,-9.82323085e-41,2.06786058e-52,1.72151664e-39
0.02146875,-0.310009341,16.6168969,-1031.27247,300,1.17197035,6.75896874e-11,2.77676562e-24,1.06432356e-17,0.232909218,3.86029638e-17,1.64339219e-15,-4.42477239e-18,3.57563464e-20,3.35518182e-26,-8.4254132e-45,3.94182769e-38,2.78234521e-45,2.51371668e-35,2.29250954e-31,1.52378878e-18,1.65608569e-19,3.22626167e-44,3.62075884e-32,1.77436128e-52,-8.98025712e-47,4.28146275e-36,-2.65544808e-61,4.09360055e-36,7.66575366e-57,2.6683979e-38,-4.88057079e-48,-1.65327084e-38,4.0182074e-53,1.22897658e-38,-2.79739062e-39,7.85459996e-33,-7.3903655e-33,1.31167536e-24,1.41552716e-26,1.6578934e-32,1.10433879e-19,2.53912761e-21,1.8858806e-24,1.58678079e-24,2.42622492e-44,1.70268838e-27,8.77201675e-32,-5.85001417e-45,2.7622562e-30,1.31500123e-29,1.4592429e-27,5.23810634e-32,0.767090782,-6.8969544e-36,-9.00035284e-44,-1.55737848e-41,1.5062037e-53,3.0983415e-40
0.02165625,-0.316172201,16.2516904,-1031.27247,300,1.17197035,3.73773436e-11,5.53659409e-24,3.46775039e-18,0.232909218,1.23879658e-17,4.02447632e-16,-4.55637588e-18,8.05493207e-21,4.70677861e-26,-8.46237507e-47,-1.238289e-39,-5.10846337e-47,6.12075679e-36,5.56419506e-32,3.49991984e-19,2.94003212e-20,1.15495423e-43,7.00236965e-33,9.98414561e-54,-2.55715634e-47,7.41634488e-37,2.20827642e-63,4.3171805e-36,8.34691454e-58,4.82531365e-39,-1.17496567e-48,-3.72691684e-39,1.39434811e-53,1.88356401e-39,-4.28714897e-40,1.9375026e-33,7.74654857e-34,4.36982247e-25,3.38927164e-27,2.04304846e-32,2.48154676e-20,4.92722869e-22,3.32060058e-25,3.57607655e-25,1.44796414e-44,2.96153245e-28,1.51267271e-32,3.98234966e-47,4.8836822e-31,2.32492848e-30,2.57994846e-28,9.30163951e-33,0.767090782,-1.50984887e-36,-1.18449424e-44,-2.04054168e-42,9.38725974e-55,4.70648662e-41
0.02175,-0.319202274,16.0690871,-1031.27247,300,1.17197035,2.77342776e-11,-2.69968732e-24,1.95067806e-18,0.232909218,6.91150445e-18,1.92811704e-16,-4.84601054e-18,3.67490753e-21,-7.27912086e-26,6.58417418e-46,3.93665668e-38,2.07824914e-45,2.92279001e-36,2.65200935e-32,1.61468251e-19,1.16053118e-20,-1.96982816e-45,3.21833577e-33,2.17447809e-54,-1.2402005e-47,2.88273404e-37,2.9069561e-61,4.34765319e-36,1.6777524e-58,1.92674295e-39,-5.66349415e-49,-1.7755893e-39,8.20268484e-54,6.77149073e-40,-1.54120042e-40,9.11639305e-34,-3.40210398e-34,2.4883318e-25,1.60266409e-27,-9.30280502e-33,1.13049304e-20,2.05501518e-22,1.30406161e-25,1.63193259e-25,-8.93908721e-45,1.15412274e-28,5.86315748e-33,-2.66705685e-46,1.92280516e-31,9.15371697e-31,1.01577826e-28,3.67228696e-33,0.767090782,-6.7725225e-37,-3.8516879e-45,-6.61567682e-43,2.11832064e-55,1.68226746e-41
0.0219375,-0.325159705,15.7038806,-1031.27247,300,1.17197035,1.54654449e-11,-3.92653136e-24,6.81771183e-19,0.232909218,2.36064078e-18,5.20476162e-17,-4.76810862e-18,9.22792452e-22,-1.28758847e-26,-8.02266347e-48,4.18821998e-39,2.28569226e-46,7.85104424e-37,7.10368539e-33,5.76960269e-20,2.37132454e-21,-9.16116756e-45,1.25769813e-33,1.48916118e-55,-3.24232701e-48,5.76617449e-38,-5.35637805e-62,4.36415124e-36,-6.13314163e-59,4.00032536e-40,-1.52238754e-49,-4.72854144e-40,3.27568384e-54,1.21787544e-40,-2.77179316e-41,2.40477654e-34,2.32640678e-36,8.78267104e-26,4.24265824e-28,-1.39981012e-32,2.83267944e-21,4.53546693e-23,2.64594322e-26,4.09948639e-26,-5.09778314e-46,2.31676335e-29,1.16821266e-33,1.23204945e-46,3.91490888e-32,1.86373371e-31,2.06816554e-29,7.50535554e-34,0.767090782,-1.65910535e-37,-6.06550944e-46,-1.03778976e-43,1.16787187e-56,3.00227424e-42
0.022125,-0.330980184,15.3386741,-1031.27247,300,1.17197035,8.56061675e-12,9.97196642e-25,2.42203822e-19,0.232909218,7.97152865e-19,1.3872155e-17,-4.34393487e-18,2.28704734e-22,-9.13828774e-26,-3.82157407e-47,-5.80150234e-40,-2.97432004e-47,2.08219383e-37,1.87867322e-33,3.13059005e-20,4.77826811e-22,2.22011571e-44,8.51964611e-34,1.74122849e-56,-8.59572921e-49,1.13731695e-38,-1.27903101e-63,4.36769224e-36,3.15913824e-58,8.19103621e-41,-4.03420926e-50,-1.23881913e-40,1.45248329e-54,2.15908177e-41,-4.91372645e-42,6.28574836e-35,-5.26560045e-35,3.06543038e-26,1.1088354e-28,5.45718499e-33,7.00561149e-22,9.87430721e-24,5.29526568e-27,1.01643834e-26,-8.56692191e-46,4.58593237e-30,2.29517865e-34,4.58354534e-47,7.86045162e-33,3.742051e-32,4.15251432e-30,1.51269535e-34,0.767090782,-4.01123186e-38,-9.41134075e-47,-1.60401244e-44,1.85356292e-56,5.28133531e-43
0.0223125,-0.336663711,14.9734676,-1031.27247,300,1.17197035,4.7047955e-12,-2.52842269e-24,1.01507986e-19,0.232909218,2.66241788e-19,3.65223146e-18,-4.33880046e-18,5.59704735e-23,-2.52404559e-26,-1.83677225e-47,6.47249182e-40,3.44023107e-47,5.45475191e-38,4.90765542e-34,4.34159686e-20,9.49985857e-23,-2.54259675e-44,7.700304e-34,-4.52423438e-57,-1.86667385e-49,2.2131421e-39,1.42695168e-62,4.36844171e-36,-2.66972117e-58,1.65491145e-41,-1.05579813e-50,-3.1982422e-41,8.92413203e-55,3.77498729e-42,-8.59095122e-43,1.62851861e-35,2.59322427e-37,1.0584422e-26,2.86237984e-29,-9.86628892e-33,1.71086981e-22,2.12170039e-24,1.04645793e-27,2.48862775e-27,-4.831337e-47,8.95598077e-31,4.44876196e-35,3.20425505e-47,1.55716584e-33,7.41305241e-33,8.2261857e-31,3.00814911e-35,0.767090782,-9.5756213e-39,-1.43961002e-47,-2.44405348e-45,-1.45828077e-56,9.16236321e-44
0.0225,-0.342210285,14.608261,-1031.27247,300,1.17197035,2.56781665e-12,5.912934e-24,5.28321685e-20,0.232909218,8.79827667e-20,9.50240396e-19,-4.08246968e-18,1.35315172e-23,-3.40337724e-28,-1.47704563e-47,-1.77285555e-40,-9.31537838e-48,1.4121443e-38,1.26690049e-34,4.75131598e-20,1.86442573e-23,-3.35357401e-44,7.53046594e-34,-1.02745214e-56,-5.10147592e-50,4.25096001e-40,1.58759411e-65,4.36859823e-36,-4.76718751e-58,3.30077456e-42,-2.73056811e-51,-8.14717497e-42,5.56572481e-55,6.51283274e-43,-1.48208988e-43,4.18313562e-36,1.16909957e-36,3.61670921e-27,7.30146632e-30,2.08266192e-32,4.12768841e-23,4.50155166e-25,2.04912053e-28,6.0195309e-28,-1.12089529e-47,1.72644914e-31,8.51149988e-36,-2.5423019e-47,3.04507685e-34,1.44964099e-33,1.60865125e-31,5.90512024e-36,0.767090782,-2.25808386e-39,-2.17209976e-48,-3.67325374e-46,-2.73411091e-56,1.56843228e-44
0.0226875,-0.347619906,14.2430545,-1031.27247,300,1.17197035,1.39209195e-12,5.02530454e-24,3.51719051e-20,0.232909218,2.87783099e-20,2.44429368e-19,-4.60431768e-18,3.23312623e-24,-5.34426122e-26,6.13253554e-47,2.22119407e-41,1.18155631e-48,3.61424637e-39,3.23326395e-35,4.90690972e-20,3.61377823e-24,4.04829388e-44,7.49896218e-34,1.01018455e-56,-1.63276901e-50,8.06349638e-41,6.35789067e-64,4.36863049e-36,4.42085279e-58,6.50230554e-43,-6.98179916e-52,-2.04999136e-42,4.38507625e-55,1.10936143e-43,-2.52419241e-44,1.0656211e-36,-8.95215356e-37,1.22345082e-27,1.84120111e-30,1.95352446e-32,9.84252493e-24,9.43501135e-26,4.03377056e-29,1.43906223e-28,-6.65119661e-48,3.28668433e-32,1.60814892e-36,1.69647069e-46,5.88091733e-35,2.7996728e-34,3.10676725e-32,1.14484502e-36,0.767090782,-5.26246719e-40,-3.23430135e-49,-5.44819778e-47,2.62091087e-56,2.650544e-45
0.022875,-0.352892576,13.877848,-1031.27247,300,1.17197035,7.49797973e-13,1.89574933e-24,3.62525108e-20,0.232909218,9.32040049e-21,6.21865519e-20,-5.22671104e-18,7.63765147e-25,-1.20045222e-25,5.93789366e-48,-9.99090837e-42,-5.2265942e-49,9.14892373e-40,8.16110951e-36,6.41714629e-20,6.92096853e-25,-1.36785335e-44,7.49288084e-34,-6.00543498e-57,-3.88079445e-51,1.51119506e-41,-8.8497439e-64,4.36863706e-36,-3.01713915e-58,1.26568289e-43,-1.76564689e-52,-5.09942822e-43,3.49138221e-55,1.86715879e-44,-4.24587837e-45,2.69284319e-37,-1.77887578e-38,4.09862018e-28,4.59177826e-31,6.78460791e-33,2.32060235e-24,1.9544275e-26,8.50661561e-30,3.40169535e-29,-4.2436857e-48,6.18197867e-33,3.0019393e-37,3.11495177e-48,1.122215e-35,5.34242301e-35,5.92843025e-33,2.19307654e-37,0.767090782,-1.21255505e-40,-4.75514481e-50,-7.97872215e-48,-1.70753395e-56,4.42409604e-46
0.0230625,-0.358028292,13.5126415,-1031.27247,300,1.17197035,4.01313366e-13,3.019953e-24,4.66712719e-20,0.232909218,2.98990141e-21,1.56543917e-20,-5.55678142e-18,1.78446776e-25,-8.0857136e-26,2.24214681e-47,5.40193816e-42,2.85017173e-49,2.29144654e-40,2.0381715e-36,9.01455935e-20,1.31025402e-25,-5.97997141e-44,7.49194502e-34,3.44326427e-57,-9.73025976e-52,2.79946316e-42,-3.83442365e-66,4.36863838e-36,1.71676709e-58,2.43535343e-44,-4.4181075e-53,-1.25496159e-43,2.27260565e-55,3.11306233e-45,-7.05427693e-46,6.75213075e-38,-4.16489444e-38,1.36023849e-28,1.13298508e-31,3.83163103e-33,5.4121402e-25,4.00297309e-27,2.36119464e-30,7.95407141e-30,-7.04679166e-49,1.14936443e-33,5.53896923e-38,-4.02241552e-48,2.1168289e-36,1.00773875e-35,1.11827703e-33,4.15283562e-38,0.767090782,-2.76348609e-41,-6.9062114e-51,-1.15425576e-48,1.12871939e-56,7.29687572e-47
0.02325,-0.363027057,13.1474349,-1031.27247,300,1.17197035,2.13489078e-13,-1.78144123e-23,5.68191524e-20,0.232909218,9.50341627e-22,3.90068794e-21,-5.92407468e-18,4.12444448e-26,1.12259121e-25,1.08769941e-47,1.80665028e-42,9.50853948e-50,5.68075447e-41,5.0383113e-37,1.09970819e-19,2.45310314e-26,-9.03708106e-44,7.49173135e-34,5.16207362e-57,-1.95174211e-52,5.12837243e-43,6.97964134e-65,4.36863864e-36,2.52300648e-58,4.63299462e-45,-1.09429341e-53,-3.05738801e-44,2.24541335e-55,5.20800136e-46,-1.1555632e-46,1.68036655e-38,-7.20115456e-39,4.47366138e-29,2.76694988e-32,-6.39127196e-32,1.24906749e-25,8.10989438e-28,1.10961516e-30,1.8405009e-30,1.79906992e-49,2.1131887e-34,1.01064211e-38,-1.31726322e-47,3.9487787e-37,1.8798578e-36,2.08605831e-34,7.77694111e-39,0.767090782,-6.23207586e-42,-9.91327898e-52,-1.65029657e-49,1.47610122e-56,1.18978511e-47
0.0234375,-0.367888869,12.7822284,-1031.27247,300,1.17197035,1.12904039e-13,5.44828876e-24,5.01487519e-20,0.232909218,2.99396935e-22,9.6244447e-22,-4.31946861e-18,9.44561688e-27,-9.42257249e-26,-3.21468022e-47,1.4558256e-42,7.65945949e-50,1.39451586e-41,1.23323767e-37,9.25330711e-20,4.54392078e-27,-1.13073898e-43,7.4916716e-34,1.89745826e-56,-3.82198479e-54,9.29479388e-44,-2.18555058e-65,4.3686387e-36,8.60177051e-58,8.70657884e-46,-2.68384042e-54,-7.3778091e-45,1.6830923e-55,9.38616967e-47,-1.84085824e-47,4.15154619e-39,3.97909345e-41,1.45855524e-29,6.69079711e-33,1.23124074e-32,2.85378331e-26,1.62590576e-28,7.47592953e-31,4.21603827e-31,-3.89841485e-50,3.84373176e-35,1.82428061e-39,5.52619561e-47,7.28769763e-38,3.46938543e-37,3.8499403e-35,1.440873e-39,0.767090782,-1.39122967e-42,-1.40712545e-52,-2.33297412e-50,4.93936803e-56,1.91871151e-48
0.023625,-0.372613728,12.4170219,-1031.27247,300,1.17197035,5.93709985e-14,-1.30545716e-23,6.0317854e-20,0.232909218,9.351891e-23,2.35233705e-22,-4.45985327e-18,2.15327028e-27,2.54713021e-26,-4.69902732e-47,9.93210433e-44,5.22553698e-51,3.39095771e-42,2.99010591e-38,1.08139958e-19,8.33063516e-28,9.68412136e-45,7.49165346e-34,-2.88736765e-56,-6.07408073e-53,1.66782383e-44,-5.63011133e-66,4.36863871e-36,-1.34577374e-57,1.60564855e-46,-6.5209303e-55,-1.76447095e-45,3.79903122e-55,2.43240126e-47,-2.58599899e-48,1.01851432e-39,2.65629912e-40,4.71554905e-30,1.60256345e-33,-4.19023542e-32,6.45712915e-27,3.22698158e-29,5.848993e-31,9.5644501e-32,1.48626285e-51,6.91959871e-36,3.25904904e-40,-3.59415617e-47,1.33120946e-38,6.33736324e-38,7.03250494e-36,2.64226733e-40,0.767090782,-3.07554466e-43,-1.97726174e-53,-3.26239613e-51,-8.22640137e-56,3.06157757e-49
0.0238125,-0.377201635,12.0518154,-1031.27247,300,1.17197035,3.1049967e-14,-1.02396224e-23,5.82651598e-20,0.232909218,2.89716462e-23,5.69729547e-23,-3.27868509e-18,4.97404731e-28,6.04109081e-26,-2.61691835e-47,-6.35933914e-44,-3.34514565e-51,8.17069637e-43,7.18390916e-39,1.01389883e-19,1.51227525e-28,-1.6794308e-43,7.49164693e-34,6.54922439e-57,1.20775172e-53,2.96852039e-45,-6.28944278e-67,4.36863871e-36,2.929082e-58,2.79258485e-47,-1.56951082e-55,-4.18590927e-46,1.44441831e-57,1.31185198e-47,-3.63615515e-50,2.48188611e-40,6.65638073e-42,1.51225898e-30,3.80338846e-34,-3.70685964e-32,1.44744565e-27,6.34289056e-30,4.22171623e-31,2.14962732e-32,1.54230147e-51,1.2333765e-36,5.76460325e-41,-4.46821265e-47,2.40770945e-39,1.14621551e-38,1.27194323e-36,4.79771066e-41,0.767090782,-6.73541729e-44,-2.76480114e-54,-4.51468733e-52,1.64766641e-56,4.83565095e-50
0.024,-0.38165259,11.6866088,-1031.27247,300,1.17197035,1.61534377e-14,-2.77299617e-24,5.14060075e-20,0.232909218,8.90435675e-24,1.36784046e-23,-2.0642044e-18,1.23191825e-28,4.19786765e-26,4.74875881e-47,1.4184117e-43,7.4628428e-51,1.9515788e-43,1.71089065e-39,9.10510412e-20,2.71930122e-29,-7.82192482e-44,7.49164502e-34,6.05734961e-57,1.03848737e-53,5.28795634e-46,1.06319231e-66,4.36863871e-36,2.58029319e-58,3.39568901e-48,-3.74428172e-56,-9.87264437e-47,5.62728943e-56,1.1331289e-47,3.7028511e-49,6.00839711e-41,1.69224949e-41,4.81212404e-31,8.9474169e-35,-2.00394958e-32,3.21563177e-28,1.23518464e-30,2.87137559e-31,4.78818393e-33,4.36875085e-52,2.17754245e-37,1.00994301e-41,9.32854579e-48,4.31352136e-40,2.0534974e-39,2.27874435e-37,8.6291033e-42,0.767090782,-1.46178784e-44,-3.98024848e-55,-6.18533273e-53,1.54509623e-56,7.56333766e-51
0.0241875,-0.385966592,11.3214023,-1031.27247,300,1.17197035,8.36162058e-15,-1.24233839e-23,4.27075915e-20,0.232909218,2.71588517e-24,3.25647952e-24,-1.54010211e-18,3.10352509e-29,2.48288533e-25,5.34020552e-47,1.0500354e-43,5.52467667e-51,4.6222397e-44,4.04035948e-40,8.23046582e-20,4.84531077e-30,-1.38211911e-44,7.4916425e-34,-9.26748084e-57,-1.99625838e-53,9.88032415e-47,-9.4267002e-67,4.36863871e-36,-4.47262864e-58,-1.09768483e-48,-8.88624913e-57,-2.33423513e-47,3.61059877e-55,1.10490164e-47,4.34504684e-49,1.44544209e-41,1.02232792e-42,1.51982742e-31,2.08711369e-35,-5.22854417e-32,7.08247116e-29,2.38391468e-31,1.65042585e-31,1.05739198e-33,2.441753e-52,3.80941899e-38,1.75322858e-42,-6.4926716e-48,7.65762851e-41,3.64549493e-40,4.04536718e-38,1.53793667e-42,0.767090782,-3.14511022e-45,-7.19778364e-56,-8.39301882e-54,-2.57418414e-56,1.17190148e-51
0.024375,-0.390143641,10.9561958,-1031.27247,300,1.17197035,4.3078666e-15,-4.26911086e-24,2.23048609e-20,0.232909218,8.22376089e-25,7.69047394e-25,-2.9781099e-19,7.47679571e-30,1.11041024e-25,-5.50392445e-47,1.63665843e-43,8.61102776e-51,1.08593579e-44,9.46455479e-41,3.83404531e-20,8.55822907e-31,2.63181541e-45,7.4916401e-34,5.7084509e-58,1.9335488e-54,2.37177963e-47,1.14677026e-66,4.36863871e-36,8.15206426e-59,-1.91324018e-48,-2.07950901e-57,-5.71796901e-48,2.64155221e-55,1.1004818e-47,4.44549863e-49,3.45628281e-42,-4.24346059e-42,4.76571369e-32,4.82906162e-36,-2.03811076e-32,1.54706163e-29,4.5616308e-32,6.14472148e-32,2.31583938e-34,2.71637892e-53,6.60591403e-39,3.01686367e-43,5.90361761e-47,1.34757011e-41,6.41524983e-41,7.11893492e-39,2.71709835e-43,0.767090782,-6.71073294e-46,-2.74923976e-56,-1.12840196e-54,7.22875655e-57,1.79950804e-52
0.0245625,-0.394183738,10.5909892,-1031.27247,300,1.17197035,2.20976247e-15,4.71721079e-24,6.22884655e-21,0.232909218,2.47328138e-25,1.80216076e-25,3.5871198e-19,1.86846345e-30,4.17338235e-26,-3.38209044e-47,-1.23336371e-43,-6.48916746e-51,2.53154254e-45,2.1999205e-41,1.36709796e-20,1.49899667e-31,6.01647868e-45,7.49164047e-34,-1.27384594e-57,-3.63539068e-54,1.07223556e-47,2.82860538e-68,4.36863871e-36,-7.87062184e-59,-2.05996583e-48,-4.74765291e-58,-1.62890048e-48,5.70181435e-56,1.09978751e-47,4.46104444e-49,8.21645785e-43,9.75323861e-46,1.4841264e-32,1.1086446e-36,2.30081894e-32,3.35260248e-30,8.65711836e-33,5.41993407e-33,5.03193838e-35,-7.43529479e-55,1.13591662e-39,5.14761326e-44,8.80260867e-48,2.35158066e-42,1.11949481e-41,1.24229156e-39,4.7601898e-44,0.767090782,-1.42047906e-46,-2.14772494e-56,-1.50371796e-55,-3.53456716e-57,2.73945553e-53
0.02475,-0.398086883,10.2257827,-1031.27247,300,1.17197035,1.12924334e-15,8.73676618e-28,1.52510028e-21,0.232909218,7.38775226e-26,4.19195184e-26,8.27334982e-20,4.73790007e-31,8.16920702e-32,5.79011139e-54,-2.32858794e-48,-1.27198154e-55,5.85790717e-46,5.07559769e-42,1.63749518e-21,2.60451176e-32,2.97657351e-46,7.49164058e-34,-1.2233044e-57,-6.88292578e-54,8.49210096e-48,4.15192287e-72,4.36863871e-36,-5.73542445e-59,-2.08614211e-48,-3.13936423e-59,-6.871131e-49,8.6801193e-58,1.09966016e-47,4.46337328e-49,1.94234822e-43,4.6236812e-46,4.59170375e-33,2.52628245e-37,3.12002325e-36,7.21035055e-31,1.63005502e-33,5.05774253e-33,1.08508762e-35,9.8040117e-58,1.93755628e-40,8.7125331e-45,6.83103982e-53,4.07074909e-43,1.9379231e-42,2.15049278e-40,8.27287087e-45,0.767090782,-2.98386482e-47,-2.06717607e-56,-1.98695036e-56,-3.53915563e-57,4.13605634e-54
0.0249375,-0.401853075,9.8605762,-1031.27247,300,1.17197035,5.75437902e-16,4.16399828e-31,4.58890705e-22,0.232909218,2.19297883e-26,9.68257005e-27,1.78066907e-20,1.28470028e-31,1.06961049e-36,-9.05691017e-56,5.02141557e-51,2.68819812e-58,1.34599932e-46,1.16281185e-42,3.51905869e-22,4.49076289e-33,3.82566508e-46,7.4916406e-34,-7.30171892e-57,-1.95491331e-53,8.11210614e-48,4.16123676e-72,4.36863871e-36,-3.42352504e-58,-2.09077721e-48,3.34930348e-58,-4.71748542e-49,5.34979391e-56,1.09959449e-47,4.46359285e-49,4.56710706e-44,1.13487083e-47,1.41205346e-33,5.71609152e-38,1.47491112e-39,1.5395537e-31,3.04625949e-34,2.11340628e-33,2.32306479e-36,-1.02631485e-58,3.27956141e-41,1.46329033e-45,3.75851504e-54,6.99284646e-44,3.32901842e-43,3.69417656e-41,1.42677301e-45,0.767090782,-6.22251439e-48,-2.05635828e-56,-2.60421758e-57,-2.0372662e-56,6.19604643e-55
0.025125,-0.405482315,9.49536967,-1031.27247,300,1.17197035,2.92895449e-16,8.53226266e-33,1.37359464e-22,0.232909218,6.47549958e-27,2.22226037e-27,3.80865207e-21,4.09479018e-32,-9.73485616e-37,3.04800726e-56,-5.2562457e-51,-2.81413645e-58,3.07304433e-47,2.64697022e-43,7.51198675e-23,7.68752691e-34,9.32155953e-47,7.49164061e-34,-8.33339551e-57,-1.79287985e-53,8.04708644e-48,1.04941341e-72,4.36863871e-36,-3.90728702e-58,-2.09159756e-48,1.56574331e-57,-4.22908752e-49,4.35898419e-56,1.09948246e-47,4.46332577e-49,1.0684654e-44,1.38466946e-48,4.32047829e-34,1.28503502e-38,3.08396261e-41,3.26549703e-32,5.653091e-35,7.32314391e-34,4.94057492e-37,-4.93870667e-59,5.51102772e-42,2.43985948e-46,-2.72933057e-54,1.19262208e-44,5.67760338e-44,6.30037648e-42,2.44301689e-46,0.767090782,-1.28896151e-48,-2.05469433e-56,-3.38684655e-58,-2.30565429e-56,9.21868886e-56
0.0253125,-0.408974603,9.13016315,-1031.27247,300,1.17197035,1.49381778e-16,-9.99758693e-34,4.10076165e-23,0.232909218,1.90688245e-27,5.07688633e-28,8.10271856e-22,1.85685966e-32,-1.57816687e-37,4.897711e-60,4.07654287e-52,2.1824879e-59,6.9835635e-48,5.99742362e-44,1.59564079e-23,1.30801846e-34,-2.96577358e-48,7.49164061e-34,1.24842225e-57,2.01032464e-54,8.0343674e-48,3.85241509e-73,4.36863871e-36,5.85352307e-59,-2.0917537e-48,6.67289799e-57,-4.12078441e-49,1.85640741e-56,1.09924392e-47,4.4626293e-49,2.48869273e-45,-1.22826385e-50,1.31873966e-34,2.87523679e-39,-3.59480547e-42,6.8912829e-33,1.04306629e-35,2.36982526e-34,1.04543356e-37,-1.55619627e-60,9.20405669e-43,4.04311715e-47,5.58470622e-60,2.02165066e-45,9.62428149e-45,1.06799635e-42,4.15775749e-47,0.767090782,-2.65617613e-49,-2.05428172e-56,-4.37473097e-59,3.42977335e-57,1.36842407e-56
0.0255,-0.412329938,8.76495662,-1031.27247,300,1.17197035,7.67935502e-17,-6.40218253e-37,1.23091255e-23,0.232909218,5.64445926e-28,1.16232425e-28,1.72601852e-22,8.10625885e-33,9.8041791e-43,2.32302423e-65,4.97646495e-56,2.52102927e-63,1.59033149e-48,1.36164967e-44,3.39460482e-24,2.22321632e-35,-1.33682943e-52,7.49164061e-34,2.35783154e-61,7.38983919e-56,8.02840057e-48,8.51248497e-74,4.36863871e-36,1.0996166e-62,-2.09180629e-48,2.75076403e-56,-4.10057054e-49,-3.52911142e-57,1.09873551e-47,4.46111394e-49,5.78556819e-46,-2.30743783e-52,4.04773427e-35,6.44544719e-40,-2.27744659e-45,1.45605484e-33,1.92410916e-36,7.6123694e-35,2.21490633e-38,-3.1981653e-66,1.53528725e-43,6.69113191e-48,2.14742193e-64,3.42321692e-46,1.62965857e-45,1.8084149e-43,7.0686011e-48,0.767090782,-5.47880926e-50,-2.05416709e-56,-5.63317316e-60,4.74173973e-60,2.08465635e-57
0.0256875,-0.41554832,8.39975009,-1031.27247,300,1.17197035,4.02271861e-17,-3.76342758e-40,3.80908873e-24,0.232909218,1.72258272e-28,2.74208034e-29,3.78617875e-23,3.15239882e-33,2.54421218e-44,2.97361695e-69,4.49533823e-58,3.51100725e-65,3.73174283e-49,3.18538029e-45,7.43669008e-25,3.88016921e-36,-3.87997599e-56,7.49164061e-34,1.0747358e-64,2.68969347e-57,8.01943716e-48,2.59350381e-74,4.36863871e-36,4.76631139e-66,-2.09186209e-48,1.09401224e-55,-4.10435259e-49,-1.0953977e-57,1.09767248e-47,4.45790976e-49,1.35810103e-46,-9.87900746e-54,1.28068888e-35,1.48861852e-40,-1.33860278e-48,3.16788683e-34,3.64886538e-37,2.61218256e-35,4.83214058e-39,-1.2094212e-71,2.6289191e-44,1.1365992e-48,4.4748507e-68,5.95167376e-47,2.83335716e-46,3.1441465e-44,1.23398673e-48,0.767090782,-1.16338242e-50,-2.05400613e-56,-7.4161205e-61,6.65304248e-59,3.82595291e-58
0.025875,-0.41862975,8.03454357,-1031.27247,300,1.17197035,2.18779318e-17,-1.81092834e-43,1.30527197e-24,0.232909218,5.83117218e-29,7.39252943e-30,9.56588459e-24,1.23137503e-33,-4.30862812e-47,-4.35926805e-70,-7.10058023e-59,-1.46141263e-66,1.00132314e-49,8.52351009e-46,1.87671962e-25,7.98044451e-37,-8.96186874e-57,7.49164061e-34,-7.52987785e-68,7.41772683e-59,8.00182716e-48,8.7667573e-75,4.36863871e-36,-6.93602868e-68,-2.09194938e-48,4.16461735e-55,-4.12144899e-49,-3.75862075e-58,1.09550152e-47,4.4512799e-49,3.40023498e-47,-5.36291001e-55,4.47496526e-36,3.9380641e-41,-6.83232619e-52,7.94538073e-35,8.089663e-38,1.07111721e-35,1.21492049e-39,5.74396714e-73,5.3142747e-45,2.28095092e-49,2.02706122e-71,1.21985184e-47,5.80723352e-47,6.4442257e-45,2.53854491e-49,0.767090782,-2.85511474e-51,-2.05365221e-56,-1.17936528e-61,9.17137172e-57,1.34495967e-58
0.02625,-0.424381753,7.30413052,-1031.27247,300,1.17197035,7.19994019e-18,-1.31530759e-45,2.21108968e-25,0.232909218,9.71987439e-30,9.21011969e-31,1.10002784e-24,2.15558e-34,-4.41660293e-48,6.67482881e-72,-4.1599554e-60,-3.48067383e-67,1.24018181e-50,1.05207856e-46,2.15507747e-26,7.16939839e-38,1.06655624e-56,7.49164061e-34,-1.25589036e-68,7.81866868e-61,7.92636584e-48,1.45874697e-75,4.36863871e-36,-7.87684911e-69,-2.09220802e-48,2.61649024e-54,-4.19610931e-49,-6.37055591e-59,1.08617863e-47,4.42230851e-49,3.88160708e-48,2.56216498e-57,7.77919383e-37,4.7925831e-42,-1.77326583e-54,9.05561813e-36,7.94374495e-39,2.00685702e-36,1.38883984e-40,-4.6554955e-74,4.67809894e-46,1.99083592e-50,9.6588137e-72,1.09140747e-48,5.19576051e-48,5.76568056e-46,2.28116039e-50,0.767090782,-3.16888717e-52,-2.05197759e-56,-7.87978702e-63,2.62948788e-54,8.41499935e-59
0.026625,-0.429585946,6.57371746,-1031.27247,300,1.17197035,2.352207e-18,3.96949231e-46,3.70877451e-26,0.232909218,1.60436245e-30,1.13549285e-31,1.25157649e-25,3.35556572e-35,-4.80500717e-56,-8.22364638e-71,-1.66429533e-60,-6.91455333e-68,1.51967e-51,1.28504344e-47,2.44851706e-27,6.37055817e-39,3.53989902e-54,7.49164061e-34,-1.4239379e-69,8.22727401e-63,7.73680723e-48,2.40441086e-76,4.36863871e-36,7.98417273e-66,-2.09233682e-48,1.52924604e-53,-4.36967955e-49,-1.06820435e-59,1.0626165e-47,4.34703832e-49,4.39898001e-49,-7.55256221e-57,1.33914359e-37,5.77146471e-43,1.04973092e-54,1.02118556e-36,7.71629945e-40,3.51269128e-37,1.57087579e-41,-4.39276667e-75,4.07308233e-47,1.71861631e-51,-4.71646183e-71,9.65836721e-50,4.59796773e-49,5.10231622e-47,2.02752433e-51,0.767090782,-3.47983681e-53,-2.04701671e-56,-5.21084136e-64,7.63548479e-52,8.02682497e-59
0.027,-0.434242329,5.84330441,-1031.27247,300,1.17197035,7.64177571e-19,3.97974581e-47,6.16767603e-27,0.232909218,2.62664826e-31,1.38705838e-32,1.41069786e-26,4.82454484e-36,1.25494982e-48,3.59066207e-69,-2.54611824e-61,-1.00659973e-68,1.84252433e-52,1.55514732e-48,2.75592845e-28,5.60616934e-40,1.01652397e-51,7.49164061e-34,-1.59903981e-70,8.64062046e-65,7.30985486e-48,3.93825689e-77,4.36863871e-36,2.47470593e-61,-2.09077185e-48,8.11229136e-53,-4.71285516e-49,-1.77469795e-60,1.00907745e-47,4.16978777e-49,4.95318778e-50,2.36352784e-58,2.28568943e-38,6.88614872e-44,2.76486261e-55,1.14082901e-37,7.42391619e-41,5.93852168e-38,1.76020372e-42,1.93047862e-76,3.51205247e-48,1.46927237e-52,1.36343791e-68,8.46471696e-51,4.02971792e-50,4.47173541e-48,1.78472131e-52,0.767090782,-3.78552721e-54,-2.03308165e-56,-3.41573229e-65,2.19246343e-49,7.99723223e-59
0.027375,-0.438350903,5.11289136,-1031.27247,300,1.17197035,2.47732059e-19,6.06491185e-48,1.01879453e-27,0.232909218,4.28374061e-32,1.68137562e-33,1.57753519e-27,7.00095506e-37,6.98525054e-50,2.62249581e-66,-3.79557214e-62,-1.87949373e-69,2.19732784e-53,1.86755139e-49,3.07754623e-29,4.89270552e-41,2.89002833e-49,7.49164061e-34,-1.96202948e-71,9.01293865e-67,6.46157049e-48,6.49873439e-78,4.36863871e-36,7.59481712e-57,-2.08127002e-48,3.78315224e-52,-5.25377619e-49,-2.92756636e-61,9.0150807e-48,3.79660417e-49,5.54583928e-51,8.33786715e-59,3.87550548e-39,8.15266806e-45,1.38783021e-56,1.2644668e-38,7.08450579e-42,9.87366006e-39,1.95685111e-43,-1.29851623e-77,3.00317493e-49,1.24566852e-53,-1.31092392e-70,7.3572033e-52,3.50247434e-51,3.88665878e-49,1.55800552e-53,0.767090782,-4.08549144e-55,-1.99576019e-56,-2.22278051e-66,6.23328684e-47,7.99500014e-59
0.02775,-0.441911666,4.38247831,-1031.27247,300,1.17197035,8.08435123e-20,2.1409438e-49,1.6810142e-28,0.232909218,7.10299412e-33,2.0309335e-34,1.75685785e-28,1.43084611e-37,-3.26809822e-51,-4.18634645e-65,-5.64295402e-63,-3.15510332e-70,2.46280848e-54,2.2345391e-50,3.42275164e-30,4.24729581e-42,8.1455305e-47,7.49164061e-34,-8.09784395e-69,8.30933054e-69,5.03834028e-48,1.16283831e-78,4.36863871e-36,2.31097597e-52,-2.04462411e-48,1.462727e-51,-5.79582863e-49,-4.82338645e-62,7.18137941e-48,3.12077592e-49,6.18099412e-52,1.87355948e-60,6.56551671e-40,9.61606705e-46,1.85641947e-57,1.39570224e-39,6.7272815e-43,1.65288333e-39,2.16650005e-44,-3.25186558e-78,2.55413473e-50,1.05034311e-54,-2.90027804e-67,6.36041898e-53,3.02794464e-52,3.36007818e-50,1.35284534e-54,0.767090782,-4.39032085e-56,-1.90161539e-56,-1.43939786e-67,1.75684528e-44,7.99483518e-59
0.028125,-0.44492462,3.65206526,-1031.27247,300,1.17197035,2.72086349e-20,-3.86509166e-50,2.84976837e-29,0.232909218,1.33338624e-33,2.50793458e-35,1.99673717e-29,6.40250812e-38,2.74420771e-52,-9.55708021e-62,-1.02494661e-63,-5.37377175e-71,1.73738816e-55,2.7320474e-51,3.88659237e-31,3.74655585e-43,2.27922441e-44,7.4916406e-34,-1.61018904e-65,-2.06770983e-70,3.16172595e-48,3.02923246e-79,4.36863871e-36,6.98037666e-48,-1.93403763e-48,4.11005017e-51,-5.71249777e-49,-8.1656152e-63,4.69872874e-48,2.13358152e-49,6.88501783e-53,-4.88994388e-61,1.14323857e-40,1.15869673e-46,-2.89900817e-58,1.57196023e-40,6.50110523e-44,3.02030953e-40,2.44762622e-45,-5.94521931e-80,2.20653672e-51,8.99501435e-56,4.45295921e-65,5.58704094e-54,2.65976985e-53,2.95151851e-51,1.19366507e-55,0.767090782,-4.81180172e-57,-1.6839947e-56,-9.44191695e-69,4.91484821e-42,7.99482167e-59
0.0285,-0.447389764,2.92165221,-1031.27247,300,1.17197035,1.00507685e-20,7.19582816e-51,5.71775495e-30,0.232909218,4.07142075e-34,3.76917984e-36,2.77456198e-30,4.5164642e-38,-1.29390683e-53,3.24165135e-59,-4.3300608e-64,-2.25901436e-71,-5.97899337e-56,4.06229396e-52,5.41357459e-32,4.10680721e-44,6.40628627e-42,7.49163651e-34,6.38679551e-66,-6.11153409e-71,1.45461828e-48,1.65148375e-79,4.36863871e-36,2.09545014e-43,-1.66334616e-48,5.27913592e-51,-4.28972477e-49,-1.63668079e-63,2.31928958e-48,1.10071606e-49,7.9700482e-54,-3.94375484e-62,2.35013372e-41,1.69978022e-47,-3.59381229e-60,2.16593774e-41,7.76410627e-45,7.80996354e-41,3.3820968e-46,-1.75212521e-80,2.37161869e-52,9.58860041e-57,-1.8822412e-62,6.09997784e-55,2.90395888e-54,3.2224925e-52,1.30874369e-56,0.767090782,-6.4639345e-58,-1.25430201e-56,-7.83836726e-70,1.36624401e-39,7.9944761e-59
0.02925,-0.450676623,1.4608261,-1031.27247,300,1.17197035,1.89320415e-21,5.65388804e-50,5.02081716e-31,0.232909218,1.98431119e-34,2.40859545e-37,1.60267194e-31,2.25313054e-38,-1.12840727e-54,-1.29185856e-56,-1.11754693e-62,-5.87867417e-70,-3.31104778e-56,2.52941383e-53,3.34207962e-33,1.82522779e-45,1.14165902e-39,7.48921895e-34,-2.72613443e-67,-4.54185148e-72,-6.78417876e-50,1.19121768e-79,4.36857167e-36,1.29024551e-38,-5.80906922e-49,-1.63435065e-51,5.81261122e-51,-1.43611702e-64,-1.22023412e-49,-4.87492457e-51,3.84261024e-55,7.83354527e-64,2.12276468e-42,1.04246918e-48,1.99361841e-58,1.23850742e-42,3.79063146e-46,7.38762338e-42,1.94006873e-47,3.97227358e-82,1.03201301e-53,4.13528588e-58,-1.5289151e-63,2.70008881e-56,1.2854058e-55,1.42640124e-53,5.81958142e-58,0.767090782,-3.59337589e-59,-5.31966064e-58,-2.56375151e-71,7.66284128e-37,7.92172544e-59
0.03,-0.451772242,0,-1031.27247,300,1.17197035,3.56041593e-22,4.31022896e-49,4.39857902e-32,0.232909218,1.70783548e-35,1.51153699e-38,9.23034472e-33,1.28917799e-39,-1.81708129e-56,7.87897306e-57,-7.11990289e-64,-3.74529798e-71,-2.06436279e-57,1.57159639e-54,1.92197884e-34,8.09599178e-47,-7.87689372e-34,3.2956565e-35,-1.19148354e-68,-1.98416024e-73,-2.9330167e-51,5.63943583e-81,2.04763632e-37,8.01249648e-34,-2.62689215e-50,-6.87828179e-53,2.42663601e-52,-9.22516968e-66,-4.61831044e-51,-1.85737319e-52,3.04894855e-56,1.18567469e-64,1.91354354e-43,6.37976116e-50,2.39807543e-59,7.06665318e-44,1.84661982e-47,3.24857662e-43,1.11053118e-48,3.73260838e-83,4.4808525e-55,1.77946826e-59,-4.94386584e-64,1.19251684e-57,5.67710236e-57,6.29982054e-55,2.58205794e-59,0.767090782,-1.99328032e-60,-1.73645724e-59,-8.33148357e-73,-1.06385734e-38,1.931029e-60
